W,Q_rio,T,pH,SS,I0,OD,C_procesos,C_obs,t12_bio,theta,n,B,t12_foto_sol,t12_ox8,M_up,ruido
1134.3242730184309,16.021073874694615,16.88970135874756,7.433846142110368,56.63180019638463,48.48246139512173,6.271656496406563,0.0007465952617712917,0.0007729885477294583,118.75488374418488,1.0378702349593967,0.04360804137114262,18.95101142173987,0.9118975758469063,2.1300975535964195,141.46997662608368,0.9281910961617478
1346.0323371543298,22.807258957883995,13.404668213964927,7.189565787135252,385.1547294298373,369.5108257816205,7.223987063525467,0.0006296999060860192,0.0006183830453319098,47.21084222154916,1.0762874406529332,0.038175211649478555,22.766695404654556,1.047235729253042,3.329825814996777,91.51704252336243,0.9090112635627444
1251.4834670107607,34.49612633482381,15.240595511627665,7.85008266386759,461.5132985382178,198.88264163720123,7.2778242564065945,0.0003989497880597153,0.000411780717236341,81.3325730320102,1.064579326484069,0.03909694036587509,22.922336034292506,0.9392546217467029,2.5123120084233164,62.77694417096078,0.9902535933631927
823.2111938126804,28.950153252087535,15.513549525091635,7.546692998716475,534.62834081696,219.36273677452334,6.861401542972572,0.0003097793889331776,0.0003456994883204507,66.68061781278033,1.0369118806004216,0.03958678785408704,16.487970156285037,0.7320010992498952,2.552226431391502,225.52021871533262,0.8746739416826754
881.5293696609334,24.66328090227733,13.97923114695319,7.354717329340988,273.74522270930976,333.4251817019597,7.075654293938274,0.00038393246305241273,0.000445821472965894,95.39549633036933,1.0449032399331784,0.040045715216283945,20.486332616245708,1.389585628056754,1.094942928421335,165.49871733369707,0.9764950138564156
1327.6245805182916,23.551695951943827,17.576595103096604,7.292411186071565,363.2289423851704,0.0,6.864252358550373,0.0006127448166356923,0.0006429580591630705,92.10255932581393,1.0723410893394796,0.04353555002592662,23.91550909451175,1.394908863000537,1.921078642928713,149.73563306717904,0.9489546198495044
652.0964069520171,28.02885232105413,13.992818655512211,8.233803668177817,264.2441016381094,8.75240324990271,7.151545348619287,0.00025528619312781313,0.000318730188810435,36.701153668928356,1.0730667506456901,0.048007319340075696,21.539849694490037,0.9841067162607149,1.7858102043789774,145.8313448266513,1.0832306636876807
1286.9157095017922,26.28813357612956,13.95714505471021,7.626311256148502,329.81235245217795,447.4888610181283,7.398200073240059,0.0005253098796336525,0.0004977680590412072,54.76951662418172,1.0644328118318689,0.04854515716713119,19.400426048570075,1.5546023017854327,2.279487550121719,90.16369198927038,0.880246513180824
1268.120015569092,18.744095010419215,16.155646868447512,8.288454656641871,233.36064403245527,0.0,6.834480760536337,0.0007242562554253889,0.0006783349176626253,49.73585457601193,1.0774987769698874,0.042809188026489906,16.895063500926057,0.927812649104008,1.53143370761654,196.9315095807092,0.8765247908052799
1012.0533933124148,12.410981875476605,14.92648490198435,7.417602038507488,43.89667932905228,0.0,6.937265244664296,0.0008410682002540844,0.0008247516454502915,36.451682194888605,1.0690884250895376,0.03728213019358762,16.706998233250104,1.1949303771631468,3.7726374458601817,119.0172445685563,0.8816024834263554
883.759228065426,15.22397249973442,16.34878460280743,7.280299525388872,72.99129118176344,0.0,6.705049509484041,0.0006109252149201646,0.0006006434804467887,54.48084124486461,1.0764542305400753,0.0402571250613666,20.459384502079526,0.6696304227523788,3.4543363460247947,71.5149586332182,0.9129739332148882
864.6151262144017,30.35041794025082,12.917265320159,7.930670846413306,467.1690801703067,29.25876697432783,7.545414680343291,0.0003135683014896424,0.00036069512267946496,73.22932291224727,1.0495069042410279,0.049500929200042294,22.873006424181778,0.602200475021234,3.3957017410419255,222.77972244816806,0.9282745863071912
846.2885391949089,26.495785098522926,12.888510036504714,8.185766498751285,237.0697146563539,151.86158201982985,6.859046187853557,0.00034730964991430403,0.000426964696056519,57.9682707284671,1.0519926934536865,0.036850846769268655,23.11506796271165,1.3691106166804112,2.2194838558922925,182.59091504154284,1.0448273035030975
994.269365976699,30.726617467089593,16.416309374768485,7.212969474748639,239.7154292399732,0.0,6.543971357815227,0.00035677131230304153,0.00035581026257881364,43.52835863256267,1.046227747874704,0.04703931229351696,23.22702957737458,1.7171140331606223,2.9367298471145524,70.91987144816173,0.9344752857294479
1040.5385454692878,11.156765277368983,14.331255030541932,8.120544608950702,29.18743415048386,0.0,6.61146958227354,0.0009504169528214128,0.0009853042548565343,102.16782657122195,1.040817555792433,0.043616704759243875,21.297903905398144,1.9715747253923337,2.027152314835223,119.58156445777833,0.9797294564425755
1078.6209399139552,33.4213122688733,17.142798909803005,7.763645684416662,627.2120754329163,203.07028394476222,6.7420845946235515,0.00035431087607955123,0.00036378513199892003,35.860994195492005,1.0451977678422386,0.04657169687356315,24.607323289673616,0.6497180233495345,1.8490535214469106,59.56500274231465,0.9852745095253058
1422.4992205119574,19.93854282663286,13.400976657019637,8.1755275923561,217.77895966359424,0.0,7.065542553789665,0.0007672576381849599,0.0009004628658364594,51.95580438333557,1.0372078941630358,0.04699133230243154,20.537078919801957,0.5472454159802025,3.736075224863569,228.31301608459316,1.0396217981833216
1264.6909731483,34.080353395251905,13.441434953338682,8.230087582119973,292.7599912216807,222.1092901085814,7.557037516279805,0.0004075061655563945,0.00040777882731653215,91.53058371994325,1.0773589243781765,0.0434428957389192,20.359843799018705,1.1183864967583208,3.354511563520828,182.67580088609785,0.8913299721410718
1132.0554405052246,25.457489673944185,17.17950957170966,7.554874294173192,348.91490139022983,97.29649043136064,6.439383736293075,0.0004835077941035488,0.0005327427395161899,66.4680293954244,1.0611023147264678,0.04730276813234606,24.463308027807635,1.5136315343115925,3.5945712062345967,209.0359177758108,0.93281073816292
1417.4109948965065,24.230133349330462,14.170215659983477,8.223425750376055,302.5516284198804,336.03601603249786,7.455813148796972,0.0006275778617300511,0.0006853020877382006,88.08977865751947,1.077733865934227,0.0471179174671912,22.986288776735584,1.8657990493287204,2.902038826452091,179.9511288596831,0.9930791639029276
815.510167227296,31.270007699527664,12.658831570403013,7.234537514658025,327.5010248763365,166.52316727207295,7.090767006278178,0.00028587241252065626,0.00035447117692224793,37.06213311685746,1.0369494368298264,0.047566713092348056,23.1716924356678,1.1225605774414267,3.0181406106815314,96.35888441562525,1.1070301628105221
772.644962341403,26.26121474295168,13.321800501856721,7.57701349658071,135.9637350801676,0.0,7.627354397527837,0.0003218588369125767,0.0003790413064177781,114.3184396629301,1.0613307124062226,0.04818184097662505,18.772508548883465,1.3085315733270066,3.956609881053102,197.29017414768316,0.9433020379653526
1124.555812124418,27.538867329398364,16.617365434893962,7.576233311030248,415.67305050407344,257.3616222587209,7.045584107907078,0.0004429316825218462,0.00047480388985623345,65.36871044805554,1.0523368823029178,0.03722558581682747,20.5608577483208,0.5205523039387594,2.7244152176759195,158.64291600903786,0.9381978611091896
682.1868821939563,14.097637648798369,13.592701903403606,7.318674425766222,82.14720767224094,0.0,6.917271956728958,0.000505678879044473,0.0007196303385064935,104.38725690781217,1.0755810476236507,0.04223197698695852,16.05409474471837,0.8592129909460602,1.8130689816149488,246.09987775847273,1.0532924201365876
675.7592568858578,25.71588256942737,15.334700102822456,7.629123323210646,318.03921083039535,0.0,6.888606916109277,0.00028711816850731254,0.00031248886646916094,67.5560135160565,1.0309215887239191,0.04985488831883073,23.190046428435537,1.8590369178987225,1.6249971312382012,71.96357353302912,1.001262336760482
1048.5835021711262,19.268985494302246,17.007680086053195,7.978458526739904,93.97076029439108,0.0,6.212557739845626,0.0005837256225853148,0.0006330068278888013,104.78247205914268,1.0602780802612222,0.03928159835038879,17.750678912265034,0.9352405720294317,3.7614640691247705,111.23784151871854,0.9946399866389605
1010.7082877030749,11.96528118239633,15.662536735861185,7.140869518382007,16.05764133605368,340.3609562618314,6.925380432414001,0.0008510571452733769,0.0011353554126531885,32.81217049652382,1.0562106777346967,0.03994884246569347,21.507262425848243,1.8295663996444995,1.6183187113405255,174.51072343316125,1.1474803779902099
1361.556527544039,13.462966506054048,16.51614263219441,7.625284512068649,69.71340273356809,0.0,6.85257813460951,0.0010519294874734417,0.0010750023104445546,54.938913618628604,1.032731409586988,0.04772642782624449,15.325698367543074,0.8029529341562565,1.188600649471295,158.50258934452614,0.9390023486487242
1137.5380259940061,22.474779181819255,17.86163493628359,7.6831709870362905,273.5428698995579,0.0,6.456903740882891,0.0005485812308501692,0.0006454040496129287,119.31476596452495,1.053687028441928,0.04658513598968892,18.49540973935976,0.8212070137462812,2.710320297591423,143.92694027377473,1.05563731313323
1047.9835290544218,16.82512339912989,13.79526642643582,7.255471973641658,130.58356390328828,105.90327724121865,7.029116852350593,0.000657710815218478,0.0009039171315842784,36.57619608623903,1.0444524868568659,0.04700122837832245,16.393357250055452,1.0238640542007622,1.284225217999286,206.69024170721397,1.155516115752273
1034.5675327361464,29.89839464163655,17.257270293619516,7.834701189685224,325.61554488792507,0.0,6.571604188798153,0.0003810086654069449,0.0003864358594448633,106.76496237420679,1.0446588876690293,0.04773573173165583,18.81071888958794,1.0753529219385949,2.3860295596131333,75.38654475369502,0.960888483508875
840.5666093372633,13.182360557370616,15.306371962528068,7.328580645965841,52.28080900109162,0.0,7.143287665673754,0.0006618581259414064,0.0009929623242120335,64.02920224952521,1.0320723491143209,0.049957857854887766,21.319196524727335,1.154187959575249,1.9437652716891975,228.1769602294321,1.1909527484705211
657.1757518720696,10.35929198025104,13.208492099386088,7.742116942499548,21.276181050455396,447.9423419661659,6.887096035827202,0.0006237009505319134,0.0007436549584682791,73.40423846762417,1.071381612572947,0.03736362533121828,20.29394291008624,1.2101805935819074,2.006701379423407,110.21840878150324,1.0547185215575918
797.6888680205717,35.92147085975304,12.791954769547518,7.743221312834269,387.245480888979,118.322153948734,7.6091758232622055,0.0002454126514872023,0.0002823219261445172,55.66783549268599,1.039754956416756,0.04298257921413182,15.529182705116265,1.4261672220954928,3.274065401536826,103.0192299376892,1.022737317088504
1186.400990046071,18.137271647906,13.9673712701382,7.9734454561747174,105.49871655444024,0.0,7.28852512106388,0.0006985752006946925,0.0007976149009849125,61.3654725300034,1.0755393064938394,0.041146294827189386,20.108711355251927,0.9452598638724101,2.000491836602505,62.36505353037014,1.1180002957006585
804.0720312618823,23.25453576733227,12.825951703292947,8.215309934713998,247.9649596005347,0.0,7.151218851590414,0.0003756245904284967,0.00043502399795304137,118.55570399093064,1.0369380611526124,0.041007861135281994,15.194852163458904,1.3219434562863028,3.7409305475688703,135.10027108583324,1.0148068765849714
935.4992496485168,15.461225233432419,16.630354633570665,8.20392164872719,77.6275783163726,0.0,7.115205265672346,0.0006376421818155172,0.0005681013790691563,72.0465230539864,1.073882400018911,0.04771727989234671,19.416872590756082,1.338267266591646,3.450409412850865,116.95964883256617,0.8193734355994283
650.9052403165151,15.428767752338,15.344621922889509,7.652725599287109,115.997637409023,299.8547463637001,6.937204079095303,0.0004376390506205819,0.000520921681195718,42.62006130258219,1.0781214602252893,0.04986634966187938,22.88918140185082,1.62313681798328,3.5339689991434597,110.53498070843422,1.0185082625750708
1293.777133785758,20.45989044538556,12.26540275655043,7.341621427604411,221.63520325984132,334.40193951588844,7.363280851194174,0.0006706232524280759,0.0007716871493968914,98.46969097551514,1.0542296789758407,0.04547229657810414,20.738086508280517,1.9765683685830244,1.8140587857591508,208.93958796725036,0.9848524355423615
768.1707210658002,30.534775841674303,17.26978733905161,7.314898324586164,284.1192085270098,86.75703936728522,6.603451691569074,0.0002763000847335126,0.0002930372071128163,49.15578053962602,1.0729166057362491,0.03535450092247123,18.75273834774216,1.312925001990351,2.021906213127123,148.87834750222686,0.8899001956987578
856.192258950625,11.014062425141137,15.576017397184103,8.022464997883198,43.23969680483275,0.0,6.6685327011055975,0.000790905461753251,0.0008982515989565103,78.11524504199646,1.042922706954802,0.04123326470307533,21.4511046590356,1.7754499032140183,1.814341551715553,107.99010526962044,1.0553763390357984
1332.8984157970847,31.769901948909656,14.65723831347826,7.9883031544110885,275.0478256945994,0.0,6.9889610371489095,0.0004633137838452183,0.00047002944115615957,100.60017041980433,1.0369854848646216,0.04923358681279845,20.708761399485116,1.8057759884949123,2.226235348666174,118.71151738235115,0.9559771962711875
1044.6172500776333,35.74695207923057,12.845628272084548,8.032268504752732,486.1078057704637,369.6550748329437,6.835333869156916,0.0003197609977081809,0.0003108051150669267,70.99975497125683,1.0668686368269356,0.04283863048990627,18.909217054109813,1.3512368333295295,1.871677037590842,62.70774156051269,0.9314283148614356
1307.0828916726464,24.538217670556822,14.819101144228291,8.083525118308573,349.54694673347836,0.0,7.041099851264201,0.0005804753283582287,0.0007260425535713607,38.54857554464248,1.05842628906307,0.03834479348546719,18.918950427872538,1.9407119054110287,2.196865795399624,113.72352573076121,1.185967008079478
1145.6999558812854,19.36029316886754,17.50395982385086,7.734500458391748,232.84244706114205,0.0,6.394117424704101,0.0006349829094035955,0.0007357704001992362,95.7509731956422,1.0726104749616532,0.03686815561760611,21.75175800033071,0.6500497565969636,2.8699914212068256,82.18561069989329,1.0931675289650562
1225.0977970475249,16.082330738812537,15.506528383869082,8.16674107562876,51.33167427940455,99.121129834148,6.987381632758409,0.0008014943775404729,0.0009428088702942796,113.34927063069938,1.0575921409159457,0.03793594624430882,21.36753976435477,0.9493573137411206,2.789453162869407,98.63887728609714,1.1269918235420664
719.1835807390495,14.756726123203606,14.75529506265951,7.854307780786608,101.30722480063807,429.8822610981601,7.048860594299247,0.0004999619989393434,0.0006404539467971895,90.90919992640923,1.0792963492346634,0.036318526485045965,21.493891375364385,1.6219458802232798,3.2811163236115317,83.06648997283143,1.1489157599004944
1069.0098930309082,18.40672890736597,15.648571524831583,7.820794512940933,203.70731397777197,0.0,7.2868859882127754,0.0006208950463070584,0.0006152418757162101,113.94687374145408,1.0510918874923263,0.047284198322449594,16.325164752686426,0.6462388009569575,3.510152442663225,118.59660520719717,0.9026069528749319
1043.0467998416723,32.14308651479667,15.303362552327828,8.088143924232092,601.4169763910315,357.89298484054973,7.094589263464382,0.0003534153667021133,0.0004229658799423836,72.0285256129348,1.0503609527048963,0.04509470098800493,24.380124037597096,0.7438775177016561,2.153763825071102,59.03108439133491,1.1568557442438576
1325.9020350670612,10.084647325676922,15.741798169492203,7.847705279859982,12.856048118167045,51.448116931325785,6.321356342499412,0.0013189017391353618,0.0013053830222326526,48.32807084437266,1.068358807494605,0.04447390159739746,23.702630800654735,0.617457803819052,3.70519577601953,135.3372124032733,0.9214807238666403
929.0634379130146,30.435443611476586,13.193834618748019,7.998220078897772,294.2135117410412,0.0,6.807830929171659,0.000336446316025096,0.00037529933866146606,60.00091466364138,1.0796804607364134,0.04662624602686794,16.604561278274655,1.8236985234456515,2.2117763880757497,223.99426018965121,0.9210229208612787
1113.3872042872117,27.353214510984394,12.89202331628466,8.208807019164263,295.29473952478224,260.41521175138365,7.241666996117264,0.00044133921837441616,0.0005077550067046669,101.67255746648574,1.0463303687546195,0.04193732349659114,22.652911730462016,1.121216656540194,1.662699074957183,194.69732386502022,1.0269795964486725
694.0977777448018,10.494416983584689,12.075125953438453,7.514050769053346,21.878200754070733,0.0,7.427557022389477,0.0006690393504104704,0.0008074102602410593,114.20591223977365,1.042388182527362,0.0467775276235628,18.642952508749087,0.8801821414678541,2.172340361057346,177.4696437025673,0.9726687162651368
949.5775412641469,11.80824367546416,16.991037529047738,7.976405373530337,37.33926210057027,340.6577050393129,6.5925147944423115,0.0008088768388893154,0.0010899237952682337,54.109274669910725,1.0706919595079227,0.04704698468555578,23.14260146580652,1.7854021422775734,1.8422191553041039,217.36443248680888,1.1437966052168669
899.3222773888848,29.11161759527997,12.01943575365856,7.388053456666183,274.3290320291232,0.0,7.639371280030583,0.00033976751411140675,0.00040198578173531867,104.04804945560899,1.044396000347612,0.04519398002413404,20.05595017142334,1.5328089153714128,1.7667192912402498,203.9807218503406,0.9719026154445836
764.8553892168115,27.502446566093173,13.536825007931435,7.632409571028485,443.24932320605916,0.0,7.58037249454592,0.00030497883173266854,0.0003996438285336857,98.41077359181307,1.0378272686885677,0.037791255716865264,21.369728134619976,0.8735204344484404,1.341650408478647,204.04977804547832,1.0521343994724643
1283.1110447712408,18.150809613548965,15.51203153454468,8.135616651440372,161.87147148991144,0.0,6.405765323577845,0.0007549543088890857,0.000869629079620309,50.28748746271603,1.0581761500778994,0.049451127551843735,21.10272951382384,0.806625044082475,3.6404195110102244,238.8529472691195,0.9985308909241257
943.2091214661431,32.393541824039154,14.998802199094495,8.265645530880876,256.07600925837727,0.0,7.033414914557101,0.0003218242209755862,0.00033636589402061083,104.12948602051236,1.0447712058240217,0.042426691149326415,21.434198678229436,1.5896278377999145,1.7413366948299212,164.48517646957663,0.9426947088754399
1409.4658540719304,15.46408411435099,17.40884614037353,8.231842262204752,65.37337472902206,0.0,6.359204953408118,0.0009605058842360642,0.0010181938645631079,67.90203145661582,1.0353500942736191,0.04590959155843893,21.237363552708466,1.9523158069343571,3.703127197483531,169.99674231568417,0.9789287346690566
1107.0135371622548,21.099629754328696,13.279229222155916,7.984922963945073,165.48075557027786,115.82016702153052,7.0705780072761,0.0005633751977337896,0.0006491453274239741,43.03368908846063,1.0610243693619414,0.03902462327823776,21.48626424217173,0.8237121231580611,3.73479478467308,229.4091086477508,0.9666758885462642
1118.7337654796243,12.990113265986391,12.683956319202643,8.102886700871359,44.26660596038775,279.08502941556776,7.7519034573186945,0.0008789798696883443,0.0009108200634142158,80.57427239682121,1.049654127120055,0.03667792849345404,19.807054383779985,0.5053765630541367,3.9679079657849656,74.97578990781841,1.0129713282724668
1144.3613398533225,26.78805432404534,12.962495027857726,8.149866489681763,395.74205832051626,289.87054117554584,6.789755800883526,0.000462052931475177,0.0005417884313440584,52.79286965047797,1.0352283049833548,0.03581271756847627,20.17117730767696,1.8846238123192753,2.0655734236908154,245.38407539746657,0.9886700235471654
1174.2782896863491,12.262610961706748,14.987035811740181,7.792893479962949,28.18955111373365,0.0,6.621133279134076,0.00098639928816118,0.001223631338366113,78.48343461833856,1.045409176470273,0.03590020268641292,16.421509237689598,1.4963878059036912,1.083612612275798,237.86112859641688,1.0692018537934636
765.3130789129908,14.666531237100694,13.747404294036043,7.316572568605903,96.4994403063614,0.0,7.109865718497641,0.0005473385516165214,0.0006420186557665356,115.9136996500178,1.0508695709215317,0.04963834426829299,21.258744030916247,0.7212150894633207,3.3389666090942534,156.53573843054915,0.978303751842035
990.5638774724099,29.92510716679493,14.732378668765,7.0230355093123435,218.8992081272015,435.7309030258372,7.194687903441129,0.0003580376265014968,0.00044931106637437055,47.95950386043779,1.0373093789802768,0.03629101303842499,18.830480185260924,0.7769825311201625,3.3705532204753945,210.45435073616144,1.0227668650379032
834.3807623033691,23.00620638482978,16.127206863342483,7.989493238551314,90.21330307769968,327.9441961442297,7.171874547813675,0.0003878860587572431,0.0005423207203860869,79.68772815715401,1.0647465829673086,0.0371291952294663,15.552630199952265,0.9275596311011489,3.736193253300036,196.21102360069563,1.1374985218177602
961.1436759248977,27.208558190180945,13.928275813901386,7.988388206735641,272.52962953813665,0.0,7.552247046861937,0.0003871651920817866,0.0004531182191242752,76.17582949631775,1.0324615654595077,0.04859511406917271,22.77248169380478,0.7889220069821952,2.5811614028246654,147.84441675489362,1.0393715206489744
723.2357850788981,29.082782828464254,15.99083952870161,7.9503421503809735,385.0712035299091,316.98306986190926,7.170503691128029,0.0002698793695752303,0.0003651419402567492,45.25334893813615,1.0510824419784461,0.035130906413156845,21.665537671234652,1.713327464127011,3.554560924690559,63.282485398060544,1.244950574189583
1400.9702237159831,25.770323310165672,12.11787672870221,7.754115729228096,247.09309419186184,0.0,7.669253588052811,0.0005941215407626248,0.000658654944710145,84.82544071200587,1.0457062049600137,0.047430770850152515,18.719936813485226,1.9702886043690053,1.9761543829102806,163.50307583030545,1.0100885549346121
815.2731410628746,15.141756342973688,15.27705048424462,7.855262771087482,60.66385589147679,0.0,6.817999143659682,0.0005663912358144003,0.0006275701368383634,52.35816214264808,1.0758094645631044,0.046666972364066805,21.663761520521852,1.1398070325391594,1.172848136791906,107.17910002122508,1.0260923886044104
1170.6332965115798,28.16086449581983,17.44395150084694,7.933956229469145,361.8993304245038,0.6556727464545714,6.350692495610519,0.0004563483749871161,0.0005214941664783717,111.6220240214816,1.0361510434710959,0.04868615343594761,24.941665563954725,0.8637588699336075,1.692510503781428,146.52425362581766,1.0499010078799282
881.7268233907166,13.014384286717585,17.6049486296628,7.691152149841389,77.58247207198127,224.66438326153283,6.865155073928475,0.0006935500208316654,0.0008160019911494406,107.05240757678162,1.0338330896233614,0.04465380135822625,16.45373659454468,0.9352634264572022,3.614181816165526,69.7986902136541,1.0968122656406087
1328.0319263443143,17.015120131399975,15.430735138253215,7.856130678359959,112.63511564378119,407.41957106602615,7.083945377712374,0.0008124487814712642,0.0009592815952618011,77.67346556212287,1.0462954626103544,0.03881047345200452,22.42170179376196,1.8767927550449994,3.2523323606086043,146.1020841370459,1.0640211646783488
1163.203066427317,21.651564042259245,17.89852368455866,7.2915997095976195,161.24528284589414,0.0,6.682149491191784,0.0005808967434651046,0.0006900876014610491,52.05568448609398,1.0779129488422865,0.04987861099419827,24.97871951712278,1.5039482067329397,1.4577327570917409,234.4874867945822,0.9988001311859094
750.3971046988619,12.975466450103092,13.41237222024651,7.694411522844232,33.16198877758384,231.02237343101987,7.436456461150461,0.0005917294880139471,0.0007395719318633007,42.8996082467468,1.0539163804457248,0.04663403372489965,16.114549191863787,1.8756124522404316,2.029380982124354,213.92848621530447,0.9859945589489586
1305.4678216404022,12.755756906497465,13.785689751219127,7.817223581324739,69.87479582636425,0.0,7.519886650385347,0.0010587337614925293,0.001158423336380374,50.63700717432311,1.073681392387663,0.038977279427783396,17.259843464038934,1.6364739617132145,2.418515868259374,192.99898307563925,0.9706040275537084
1383.169677150794,26.95902011284472,14.6885649300805,7.7392963269007105,293.4120450433829,300.9750135776921,7.0025040069350135,0.0005548439937427554,0.0005811369424977201,77.42033499757031,1.0321203633882832,0.03911630398177404,18.25998926957983,0.8954338675573301,3.763920836659773,58.70382055772121,1.0014763226853252
1351.247261216431,29.29089477819064,15.053435639145768,7.334333301769835,407.7980870782311,0.0,6.660560904811749,0.0005074873447368421,0.0005067292925787965,82.67492781043767,1.0694447345169797,0.0464939036701128,24.639505295604675,0.8444844429234433,3.4641568178013884,173.30523219324465,0.8883426971503375
1091.2414970345176,19.637962106104162,16.916821081340128,7.164775907226902,236.296618721146,421.4155640799161,6.165756430784711,0.0005849474412777727,0.000576664153030361,42.26385674739713,1.065615419904622,0.04327080787393122,15.076961982836192,1.6897396833074436,1.6974340599442317,76.73672953394117,0.9093788092945504
761.1678440260011,20.13621489422976,14.684339981547938,7.850840017799864,238.90050484883156,289.32546744596937,6.70052365052902,0.00040123621658031056,0.00046595959933173924,97.36850656170324,1.0788176201520239,0.04838547837109341,20.36108220633877,1.840755087621575,1.778011364387433,220.28836189179813,0.9144977948521621
797.7365990853626,15.39762602801429,12.288308961932687,7.14634439160672,65.80743074744282,0.0,7.51196567608984,0.0005458824816743105,0.0007782073114429189,73.77402163177378,1.039239527637725,0.04037728572042564,17.47743354029375,0.6406411766564147,3.736213625405037,220.5042385671472,1.1194021924838684
1369.91062273124,23.562322889772044,16.199253083592698,8.032513336466225,313.3583985528641,389.49305497923797,6.603429548558108,0.0006210727935018134,0.0007317053797405628,117.71490714223376,1.0356199312040553,0.037940864305071265,16.50215412620242,0.8927402457135434,3.264059181764732,213.09228828963913,1.0215598241863217
1077.7100074051311,25.089581037072847,13.33601035668196,7.236696884277072,338.7546450597338,0.0,6.863796180425247,0.0004687126917134273,0.0005661228063641921,65.607405013261,1.0787624904546926,0.046160955942897264,15.094607611551325,0.9834737696875986,3.2588940347605937,125.21730674470103,1.0851192666504579
788.4698437932533,34.273769329153474,17.293901907023304,8.003551924188937,492.18814056790757,317.8720714837681,6.2290084676561905,0.00025171152928913704,0.00026996371168962923,71.62095340972617,1.0767232980457555,0.03593745689716969,19.00411364190591,1.5478940968385837,2.171456242841742,80.0992423584779,0.9828373365463565
1335.7962636848536,11.055081241961824,13.27194980184534,7.462383842324464,33.84394824651819,0.0,6.708420368394166,0.0012300355630553911,0.001474378468662732,101.20569286110107,1.055712204236349,0.03958788785174821,18.107457574002538,0.8347710781701171,3.7123701774704547,231.0884694336129,1.02717072656206
1147.14278666309,33.626849820029875,13.774438335796823,8.17171846049775,353.4050292880687,0.0,7.17288284428392,0.00037768193325215973,0.00035920608427501106,66.987809322728,1.0750565079084553,0.04125997226067203,18.605013468478656,1.2206042770735068,1.547371313228486,73.47400641524548,0.9380732873191184
1091.2221455406225,35.75683943636015,12.823386265812351,7.2933176166213505,415.62754932078997,0.0,7.42059733785803,0.00033874568038455663,0.0003405269276086049,100.39145236399594,1.0711112880744817,0.04340758549754586,22.982316131770204,1.2526084170568625,1.095913441003987,197.86678692792202,0.8591331237927832
940.7519365090778,19.0033843463138,13.815413529066085,7.204900691870868,130.14709255416975,153.70481822282522,7.552706705086598,0.0005266072354238742,0.000571049580916022,78.51963074917627,1.0589054705390308,0.04275601215321748,19.260695051783333,1.8142648276479947,3.811942838320048,95.9043940455193,0.9808697048431029
967.723209518247,28.87100663146772,15.605733030531852,7.8776317320662015,416.48971216472876,3.7605424533552134,7.089836150198788,0.00036840586439199264,0.00036614149847625496,40.579624761633525,1.0532985824197605,0.048333780522946526,18.834443850577355,0.5410066449344445,1.3477780962176098,66.25157840663982,0.9617604005292866
834.3226074664753,31.445960832421274,13.603864922601176,8.00574878265602,311.206363152851,0.0,6.780812648811922,0.000292869330540949,0.00032222960977638227,111.39630866789653,1.0312615090602832,0.04743231225539828,20.363293897173193,1.2444089247577321,1.0413245633367638,184.92340837689653,0.9528646374803784
677.6085690457841,26.929289793559633,12.290744189259604,7.454327439648743,333.5691426601986,201.90650574577504,7.041041395906439,0.0002732746854980296,0.000313203745848968,110.93510329087191,1.0637356273813163,0.03747343096485752,19.911105926752697,1.2566098693172743,3.4511195398099583,185.0593921148055,0.8969441915215706
1329.6982327090127,17.511519380771315,15.51796864486649,7.613593868778816,90.17759758406395,0.0,7.282695972866139,0.0008086637866878566,0.000980419994616993,41.38549415044128,1.0673506402466162,0.037152899497883675,22.16200442536046,1.084529137340064,2.4262739548547443,226.4300042797879,1.0474445571796984
1011.8941086813668,26.19557173501006,16.409573709546898,7.860349348339016,272.9272453974763,0.0,6.498827330373055,0.00042247630515367904,0.0005337545056040185,59.734231692620256,1.0593882885368058,0.044895328489084375,21.094676260665985,0.6310318549991307,3.7821373520929984,204.371852609028,1.0634394154419804
1074.060184988286,32.79962854144147,12.653531630254559,7.383753873362297,361.7032202060185,0.0,7.3284181415479726,0.0003621579253412165,0.000453413488195379,81.03169615831399,1.0679039260546634,0.040627334850484795,19.276560674359672,1.1022444644665237,2.4168846529409582,220.7676090379958,1.0436031596827964
898.6430550090151,12.783234559527731,14.54546543392047,7.505705332216355,37.91875056217125,0.0,7.280554743016309,0.0007273752118776255,0.0009469326768324572,39.48621412235447,1.054040172279386,0.04971365760843388,24.946571862344914,1.5796990847598174,2.9020254503035616,187.39482965800306,1.0886396623859507
1232.5307876471338,22.479305480165472,12.4095983300932,7.735908582945782,224.29994435934006,0.0,7.473283153595404,0.00059439674246522,0.000597759533659078,66.32565039911768,1.0417948532496315,0.039496425953091455,24.62852040346005,1.9797638260119523,2.3541574779389727,108.85227960101102,0.9375309191401454
667.6031654837695,10.58878056205756,12.101589084227697,7.393767134878881,23.658329053105646,0.0,6.897727249155756,0.0006384795521773857,0.0008870466512840777,35.951429611269994,1.0774845274907257,0.0379901932081822,21.559930194042646,1.9392390412935547,2.5919104690300876,224.31618970219716,1.0477406336608088
937.5601420557286,31.968964750715177,14.247227958497898,7.18977326097792,363.3449122967267,463.5293602547058,6.998179979037408,0.0003179734719577464,0.00037881994065584366,77.83850398601459,1.0340282014588131,0.040168777549441696,23.18998107896505,1.8723873746584214,1.7724026391793979,170.767052472805,0.9951673736290381
671.6125290308388,30.24074198207882,13.719161226171131,8.181185679033456,191.6510467374974,0.0,7.14336743288593,0.0002447023135213402,0.00024317813909084662,73.44392403059581,1.0435002058094254,0.045562105883404744,16.70687294512195,1.8230696077015458,1.2737097853370665,67.4194860709834,0.9629705614592866
743.6100555154973,11.19687733133394,17.251663776303957,7.1594259146385,34.82935640906462,223.0295603698963,6.612729890490445,0.0006682295009271413,0.0007495773538736264,113.55278413656768,1.0402723024958738,0.04352073567860045,24.393839191408208,0.6038289749670073,2.4609946329318446,113.4239721962851,1.0015436250932872
1400.4413271391522,29.391093805567866,12.081058353852885,8.2829825215294,283.0135999924619,365.41262672258966,6.97702493941779,0.0005164193787745191,0.000483503261952289,102.40667377191195,1.0604712065330382,0.03873083664789306,23.771780503357075,1.8627532256225128,2.4123108524862964,55.2836114534061,0.9282946159564263
1159.7378479699642,27.980483334311,15.878565446074864,8.097873524075561,293.21518768066784,0.0,7.222332159194547,0.0004549046159385846,0.00047679828070056556,54.28255836368585,1.0531644424963627,0.04863754564464172,20.221168925578482,0.8676952282390031,2.9059164912391253,121.27828126032125,0.9745395173190555
981.1553516910164,13.282532974061201,16.401848727476718,7.580983125018869,37.69845811136055,0.0,6.699356124975322,0.000767286991808651,0.0009336191996349309,91.28759624882645,1.0586036838272814,0.04902205342923195,17.427180695841045,1.7574992044872122,1.312696409396981,240.8106063541227,0.998514914700355
1055.4698039543537,23.654378796730988,14.502032674924862,8.118885879279176,319.7025431475191,0.0,7.1569239393623905,0.00048520338344711057,0.00044446279712448276,116.16525739671968,1.0533584835788945,0.0471500095652523,20.4999084801849,1.6159744964739384,1.823269603994871,107.45336998374393,0.8705610961225161
1327.0455642633945,27.92335489165668,15.004504480685803,7.0835734441659985,239.78464586800786,381.55805479259107,7.169364468520848,0.0005132172420579286,0.0006728845129355396,41.54714306928837,1.0605659247312305,0.03947181662677716,22.417761032895775,1.7485340081989862,1.3211578810379345,206.21553247875738,1.1249192185945625
915.7958989229085,18.72262240335755,13.482698294501866,7.731331674445657,171.27828107291202,0.0,6.89750069597549,0.0005236434991238308,0.0006438784290400275,77.87981052073687,1.0353286525111574,0.0358720536530113,20.29176505730957,1.2291735166359687,1.0402041412073253,159.5388611873905,1.0793326656063151
1107.2463842213979,23.10135577028349,13.514317511698017,7.459633042004597,323.0314194496544,36.69787890665702,6.662872247537839,0.0005195978609095409,0.0005862283468916411,42.99366151220653,1.0485233161047978,0.04468219649802604,20.630789548879022,1.1373020802499445,1.7838001050753454,77.04120425078891,1.0644526338705877
1179.906442458165,35.37423859007849,12.317987406208358,7.390988319829434,696.271733692123,60.42632895199282,7.4640568204151725,0.0003692120470281469,0.0004704324394209448,52.818486188867695,1.0573858532273035,0.044928131927879165,18.957706972124498,1.398822432338402,1.3524995039482413,143.61048000192613,1.1443301091337048
924.5119185242925,26.52772799605859,17.43430629402452,8.163252015096155,412.9702807441091,3.813591271680911,6.9342543443838345,0.00038134278992348476,0.00044900687374295104,74.46191037809544,1.0603878942257887,0.04844274508057114,21.325343647071374,1.7934983576858878,1.5969576800920646,169.62298558523807,1.0540605832216845
1051.8586224938804,23.05182630692535,12.172040072055228,7.049708733643424,272.09432267402553,125.5997709489867,7.7763073963446585,0.0004926370386101034,0.0006345413267623267,30.859340406257324,1.0518797390864147,0.03537032151646806,22.99963476516038,1.471466387712018,2.6907254583263542,238.01828432220128,1.0483444258555885
1243.3624641906906,11.715933479137398,12.822659689351658,8.120653806154767,17.457058625500675,320.22985968224003,7.647451516558596,0.0010679189235336594,0.0012964550876343388,73.30644021499376,1.0325888931552059,0.03852884574880164,23.25709890533804,1.218959283457576,2.600164101659237,151.74440189456047,1.1377559520788478
1355.341506284648,13.150457418041505,16.345602216962625,7.1023247847282285,67.63174923598363,0.0,6.425059565970663,0.001069462119938151,0.0011721172945748258,56.65639665092921,1.0649966465624279,0.049021281518439014,17.10053430148716,0.7788090994148864,1.8565813789208647,194.4405725612181,0.9634973235924361
765.5264523437625,32.120021586726324,14.74554192070146,7.8806705218566115,558.2772738844875,0.0,7.32653908743608,0.00026332405237966403,0.0002868712929835214,35.66623535762973,1.0550623822165808,0.04994278538359533,23.446434210398984,1.321245018124284,1.0802564715589775,202.31577358128584,0.9010082474695673
1374.2002872151793,29.30756320295995,15.071947031282292,7.371328842115203,436.91733357014954,267.83773156670486,6.482222914019474,0.0005101235920888301,0.0006493775970605317,77.83872056290437,1.07819512817666,0.04014972200202482,21.448585143690053,1.9789323527883642,3.800919011294482,238.49101284739982,1.0767919256671405
652.0291576044062,31.71246599404004,13.766689113618417,7.684985230870915,488.04789102727983,0.0,6.88571224837797,0.0002270418392865925,0.00026134258465207563,48.048690758195974,1.0471761375126487,0.04803204904133379,18.367685137473487,0.8595159272063175,3.9539642385649745,117.90923429501589,0.9817905549247737
1233.8164977990527,25.030224213410353,12.966875722502909,8.202883472515154,268.2176789315858,0.0,7.5685154793720395,0.0005378128641024499,0.0006549046649625813,48.04638816542203,1.0640091006954615,0.04731895364773335,23.614799463819217,1.6586495114810023,2.0335043735619194,226.0052337644427,1.0844013171234883
1278.5898739868167,24.976244939785296,16.7946977144601,8.036630386746152,223.82909075918323,0.0,6.258810795659718,0.0005583925071368443,0.0006256942558412531,114.71500343072549,1.032112712557043,0.03667767284861012,17.16406023582148,1.7034229789411977,2.8349816133935293,107.87039272009108,1.053215675685935
754.4024321001284,23.795013642646314,12.74268873711235,7.128911591652254,331.43020936602676,440.2164809138374,7.561658941197358,0.00033816886999838786,0.00036395966021829997,69.27388509855604,1.0642991561703905,0.046520149182920544,16.3912950988015,1.9355092913607699,1.4263465466024414,91.59785398327007,0.947365760487302
973.907040410458,29.112123152010824,13.774931721213981,7.396760682902316,492.8951444971773,89.78600876725119,7.399664196249044,0.0003665472909646082,0.00041916642034999104,79.2050879601409,1.0333582656498912,0.04107094299396523,22.569804197742176,1.7099112096622007,2.9458712729070196,146.12172853398675,0.9955573784073434
1282.2693842801455,18.585473925786864,16.51116612176997,7.63443243427916,106.19815186585396,0.0,7.070040834573656,0.0007381098643592883,0.0007764251270259619,39.228207339940326,1.0607034043979926,0.03986814357911761,24.80678607781844,1.4440168023298035,1.591235009773961,215.06872978449823,0.9179229459346955
659.102985574627,22.914356171245615,13.78859881563923,7.931865607880896,294.30099463076624,238.48569851773274,7.458754914197591,0.00030882316165927983,0.0003835049252000793,115.64924165527695,1.0617462688878347,0.04567966061786366,18.142342710091164,1.2436188325168955,2.56907555999385,164.77584907785558,1.0040246068009957
1136.9433954399742,22.21396311047868,17.708092416048572,7.007278779081255,227.24905056380857,119.08604982675547,6.715790934649906,0.0005513082369023808,0.0006241389774172061,82.8026231658745,1.0656555705551654,0.04145475829233076,20.092513092827176,1.1513776120720511,3.8311024473608377,162.6587868543182,0.9874213501834387
1264.9724060002704,27.20256904054093,13.051596216098902,8.123107929020467,393.87374599869923,0.0,6.878620640083574,0.000509671863457869,0.0005567125729062277,56.518413902040045,1.055038229615781,0.04825557183195413,18.437065846405623,1.433879982089476,3.2851606776985207,63.18656497217516,1.0658951541724402
1047.1167874356781,15.621479810127221,15.165639547344444,8.09438964011099,98.85503995616952,0.0,6.5081221722589655,0.0007070873787436858,0.0008334119398606701,89.66976427290072,1.0542269445788175,0.03922098424383893,21.191681974419193,0.8410585806783343,1.8568466794872256,65.72978216780359,1.1596940702019893
1212.7108491887457,10.651931221281828,15.228206672496984,8.243059479582989,34.953645801884576,73.59468144027272,6.463575741439354,0.0011486058335479755,0.0013529380276611337,87.96497845871264,1.0359316024943084,0.03864553892672166,23.630843212963008,0.9932644851875421,3.6079550141444496,243.1789057544664,1.0222271674420138
824.1574695383781,12.302570106237994,15.002944014921109,7.263204169073386,41.56602033844263,3.1520506155028682,6.7228224957018945,0.0006901693180122626,0.0008353828093435634,73.70075389475443,1.042608225499445,0.0361633009302486,23.803383279430577,1.8147311073254504,1.8809114314887663,201.480498980358,0.9793157495124047
802.4494531382995,14.660298406434045,16.64635803051916,7.27720033579931,95.95661934346654,357.30298935072733,6.485949656660445,0.0005632649415635105,0.0006629645562864361,68.3744286133299,1.070317084204211,0.047756666515043594,21.738326952101943,0.630188049737499,3.0685246986681918,139.40947497149267,1.0101302551006468
930.5127675281735,32.288362351236756,12.276551290179732,8.082709080147083,261.61930771796335,350.8269097994003,7.863621796278931,0.0003140561433536516,0.00036280400787822346,38.50615785193697,1.0778163225097914,0.040709020235725556,21.956790188214995,1.8900698248914582,1.735922734096595,178.08755932000318,0.9940717755177281
787.57788944724,28.637762260182924,15.275407697943225,7.669136244944973,420.38273303370266,0.0,7.212007399854486,0.0003021961238801236,0.0003785536918559989,98.40699032543347,1.0467280320921744,0.03592259052981222,18.361622453999725,1.5820409353920648,3.614048176597108,239.98090484005706,0.9658653347567863
917.2357996295082,29.49924618511125,16.738549874275847,7.318806514782414,349.5707217570701,0.0,6.2667570403658,0.00034215208979927324,0.000419297922909915,33.49009046537139,1.0569081254685024,0.04965506540166077,19.179829087193802,0.5433628831300387,1.4104869346355597,195.43409619774974,1.0199288567597382
1385.640519777614,21.549951026608944,12.304189255458903,7.022083305164024,142.4011624031181,0.0,7.315528520884355,0.0006951720270165139,0.0006669848130704795,35.75578158491398,1.0442059957457923,0.03732978342937457,15.45223233476618,1.2432602024183574,1.6374940665007114,69.79976147305989,0.9167998602579157
1094.052854301452,12.67205026697427,15.277835685912855,7.281571588567704,46.15859841195575,63.607435868336644,7.160104079383305,0.0008892946725894139,0.0009844442504500079,86.23308904659345,1.0441081311146543,0.03830195791799867,16.629028258955117,1.1706164032068522,2.9335238998334967,202.31839157776935,0.9374637904084655
912.5729564534133,22.097103171153424,14.643952037078433,7.87754283610325,139.18658839765084,0.0,6.856762064515527,0.0004471878432430075,0.0005285565842385223,108.61467586883035,1.069646292399065,0.04514119775515493,17.0749225510831,1.4541608648916258,1.1294500440339355,187.54938442563792,1.020327789477207
859.246154211235,32.43765852089179,14.427641894736883,7.952667937896191,520.3635647728745,0.0,7.019293718251673,0.0002927991195935546,0.00036872520039327,110.93969043498417,1.0717292169772161,0.04956359383912271,21.24598847466614,1.1293536293223174,3.230474490925738,161.31374226653992,1.0777540705018849
1388.6867237704523,23.238028402300053,15.226312496823088,7.460539983677865,382.02363628687345,0.0,7.241743386553085,0.0006491077210264873,0.0007445713189592271,49.85688842928961,1.0608692629987444,0.049483757159533556,21.26058094038696,1.9682239922580895,1.989598362559947,155.06415464153963,1.0422759725235469
993.8040471054542,26.427759959137546,15.748263113482231,8.192924409121295,248.43468933518116,198.2181106940295,7.197697266638539,0.00040798548807450527,0.0004418492316584036,103.34923674921099,1.073467468843806,0.04984464849508882,15.324336263353782,1.1873035866322277,3.538768857307958,124.7378462995574,0.9795724962213391
1410.7471161850985,19.729028832372478,16.221570002929937,7.662590073173203,218.8801205345116,261.2896863746941,6.4115524526087455,0.0007588054891829023,0.000857796055570933,46.43751012653835,1.0302377829349434,0.04013656755397201,17.526943705523884,0.5439517038566797,1.8525577856710718,59.92647528639279,1.092558360303104
1049.076636564679,13.902254273164974,17.38948427842878,7.672834022576859,68.51953167478067,0.0,6.85749604930946,0.0007873717381781072,0.0009589750592235432,47.270620170459075,1.0753808361472634,0.04028654133481307,22.045489599337714,0.9348370531836232,2.923832944795768,210.55753927918812,1.026439985886191
1053.4672483824022,26.292343533742958,15.939475028397235,7.513032704519348,347.68527648615554,369.7360648555341,6.718644497279006,0.0004313696359787656,0.0006062628558738511,71.59060025171851,1.035159641259082,0.03590603260789088,23.48657451349007,0.9013176664763467,2.5646865163105916,230.38541164693004,1.1460828662094775
1345.5085274510486,22.609417109412323,17.993700514912867,7.524328140579293,146.3851667346196,308.4119750278124,6.036079791770658,0.0006362491709047934,0.0007382138877093912,81.7381226137158,1.0311104481552757,0.04656176294377737,21.872908377723604,0.6605886416752413,3.437283056652495,153.90623504362458,1.0415717637010504
1225.8730513713008,18.98628139690483,15.989163865551683,7.466681538486182,183.34048068657668,61.05056594857842,6.570619602480764,0.0006898153073977648,0.0007717964353374465,77.78737189378012,1.0357852005818582,0.04789768396555413,20.358641260372053,0.5938833073355778,1.857803747168207,158.28798371682035,1.0004308394753123
1099.747928077496,16.7215090154124,13.614807528030262,8.07204729598642,116.02872960761923,177.65129859910897,7.521838023270278,0.0006915980761964123,0.000727770373820193,112.33220868031154,1.042645532242018,0.035334981292397344,15.289950232836327,1.7662781581386215,1.0984333833465996,237.54836852879794,0.91115420901539
979.933313984609,28.095774878520984,12.883213519415127,7.572235639560057,398.35458637894595,400.08641541634995,6.922410452584596,0.00037651249136676007,0.0004704105235948736,74.78622749065649,1.0570289750773874,0.039923260183857244,19.785374036662112,0.5866162692826726,3.739496094081363,117.98064266956689,1.1058778644701155
1331.230154627422,18.26569909403664,12.425374471912528,7.3007701056320915,140.13939151421062,165.99970971689592,6.976878567317939,0.0007724769763128946,0.0008616359765778951,62.57172857234207,1.0329283134977758,0.04836300899297111,24.987827644157395,0.6264991199869452,1.8247826627992927,51.69705161263987,1.0814635659423677
968.2607046275591,24.975129255577592,13.609371551728382,7.565868060839468,363.9428122360589,0.0,7.590832555830802,0.0004229274916072293,0.0005163999812856355,71.65285809626732,1.0756292015157585,0.04118818820036667,16.620712877422953,0.6167559207066216,3.550605206670805,98.0864769225511,1.1146606889285207
1365.9069502590678,16.75327856465204,12.714775986115542,8.20323085802329,121.70289439782869,154.55730183069545,7.206983498614825,0.0008585198123516178,0.0008421122993231452,46.6529877669557,1.0518395653213233,0.04689527277143638,17.357688580112917,1.4680384083272475,2.0220042926867783,100.5043368000764,0.9591975212309797
701.4605439508083,29.58870216147399,16.10052788485239,7.830642345700808,424.9719572397579,278.6211913127604,7.138910563241475,0.00025792452691811437,0.0002902334222391855,94.89742425575905,1.0791443361208632,0.041264840931768215,23.109273177200972,1.1889021608165433,1.9682656607303817,164.18394700471342,0.9200411440912781
982.5375585591048,19.74869877104984,16.137040989860726,7.136537503445642,251.07805105784968,0.0,6.528305183969034,0.0005346328793927602,0.0006569396355184585,45.90855392049114,1.0655624491346614,0.04945099982231673,22.894242444792475,1.1049013228923839,1.826375395185647,107.20917701492195,1.1144227022019917
1052.1825298649742,22.440841465758858,15.672375557413535,7.544885237514504,228.4367597197154,0.0,6.382528907412071,0.0005081807756946475,0.0006084419713644536,73.43264503565867,1.0428445409337144,0.036332325434912105,23.12487709545863,1.6560422340430265,3.353016331979075,213.86450059353768,1.0009495434071185
1387.8299161626792,34.11706190859712,14.296869413593626,7.606628645557949,575.4621973170514,0.0,7.432520339197118,0.0004506299072012584,0.0003813538527335637,38.26667829512653,1.0401325347346129,0.04599847307582987,19.341145070387526,1.2157820713785465,1.4835892775442705,54.480567779811025,0.8268866893093253
843.2774139051819,28.677928399793764,14.783414163618945,7.018080268853028,353.8602420669061,153.7915250590404,6.764016132359494,0.0003210703055521327,0.0004368952155495631,94.92823839036505,1.0708514169633896,0.049102168094085956,15.248052894707262,1.138191301787051,3.046523182300493,241.55475457655007,1.0532642089043307
1275.0984565699205,29.144624575295058,13.556642195497204,8.249861051073717,396.3137403195607,99.8620091700621,7.58319388009734,0.00047920088144307954,0.0004550628685741154,62.66579963296233,1.058759919494158,0.046915119520124865,22.850579735375547,1.5728991467796891,2.4446072123165776,117.15523402541064,0.9062205302828901
1174.2945935989055,18.822888199605377,17.511820529592516,8.191025454928084,128.46633362784024,325.09933800733666,6.702063614365239,0.0006575590865983538,0.0007957203820800224,100.69250887250159,1.0347174661113578,0.04774788196984915,24.177891860498978,1.0028831112716936,2.6368695332978254,144.1129700575358,1.1175303860700412
1205.8928335307137,31.848773334758157,12.095197454685335,7.131992885081912,489.78384246800454,194.30776438445403,7.733248740000297,0.0004149438565329355,0.0005054226288405872,45.08680950305786,1.043463127311668,0.03974963489982608,20.45503225329694,0.8749790748702707,3.549400498851885,134.93741611858928,1.0902061112319463
1137.8460582496784,20.029720708599672,13.92354356133266,7.717921670831663,248.1730625139655,0.0,6.896877034702368,0.0006111136967085464,0.0005361662448432435,73.92013045073926,1.0362136895701002,0.04323576705590071,18.91350436450687,1.796930229608781,1.0356211746507586,63.586721232420686,0.8575993992751114
1403.8742311831093,35.69595179333777,15.436810297882577,7.406271237254613,418.29479075048005,0.0,7.048974964585079,0.00043648160538309674,0.0004910072675249857,108.62617098834092,1.0596477382532865,0.042546677725705404,16.426116295612026,0.535437942324045,3.040512538209182,138.52561406520636,1.02771182488222
906.8261752664107,33.29338864553752,13.083919626834286,7.2753655609644206,526.1360747634875,372.0639937687037,7.538248081766682,0.0002970112132340174,0.00032908838647943613,95.66937488452545,1.0745679990558066,0.035500842944660785,17.814691586162997,1.4535939245849594,2.781562629944765,86.88234914267194,0.9997708689239018
957.8583854305502,27.137241285237273,17.12558518289555,7.356503429092156,343.8985024667672,0.0,6.7635727365415095,0.0003867596947600277,0.0004340399792687874,48.60576815139188,1.0483957049079444,0.046884441583454145,20.242239130866345,0.5691526276962839,1.7662378743541391,74.06899389864377,1.050158648698237
805.8653432221156,31.61806208537422,14.882603418099396,7.06960365672366,277.4336280031169,7.338732628035916,7.34414360875647,0.0002813162241586226,0.00027867559180995785,38.80903434341072,1.0313453950828164,0.03598064294593314,22.709031306350926,0.6849054075686072,1.0400565234208548,76.38352170317347,0.9102213284151327
687.4477550018264,24.145129550946212,14.223398970902377,7.894676840393848,275.3792002084713,429.00639864635417,7.435253893227841,0.00030411851291237016,0.00031454403068492583,83.71325534644092,1.0769106626814604,0.03838813811939962,16.035541701089084,0.8479193608190745,3.6991424104052437,102.90606402272005,0.8949887527191972
813.6425756908138,29.060245245811466,12.37690939698744,7.476656652735248,500.06507582124857,173.45548319148784,7.403542110811713,0.0003056935338875812,0.0004165775884172277,118.14371357836174,1.0715271598757121,0.0393077131684091,19.74531268093258,0.8633987473652933,2.787812297133066,217.62137639215692,1.0738988489311614
1360.2313009624006,13.244131858232468,13.687101570281891,7.909702681136872,41.61684215632313,0.0,7.563102920189109,0.0010666272653969803,0.0010308858179271534,66.44721041911797,1.0317066619230972,0.049026538282844485,15.191469038983614,1.3882040874117059,3.991255966145856,196.1024776565337,0.8573342388879227
1301.6513397492272,35.70322628258354,15.53786582610272,8.059918642865124,253.05835496099138,404.02157187726993,7.034201550156094,0.0003983456719660824,0.000436063063590034,93.25021851823425,1.0440427579651133,0.048677089128040585,20.485372599337165,1.412089195128782,2.7447618770658417,147.58933650168058,0.9927591352987029
735.4516668812264,30.805491995234423,13.68731753327894,7.744468625945922,393.50836866121,143.63301998731382,7.530593459927323,0.0002617408719710651,0.0003069502537064168,91.34774346031311,1.0491493858246725,0.04016559164890984,19.982557314528343,1.9093885055124717,2.198442626480995,103.85187311759454,1.0353617246335995
1117.7400816965212,13.703501900879717,12.2708807636476,7.446696267698987,46.70989294162809,386.0894672084499,6.978799106356262,0.0008324040563258458,0.0010177741415892886,117.99339861510718,1.0792394427044145,0.04054679168989471,19.838362112410277,1.671764799001663,2.8898231344615795,170.96373591958792,1.0602788755216594
1020.814873024128,16.307974106340186,15.477346463583793,7.182011987295838,182.9295903110158,45.43147183036713,6.640565754826849,0.0006612159033125562,0.0007823068507832926,66.62491062543563,1.0316167646330656,0.03769732466621831,17.508293566874517,0.5348840395682476,3.8747697657037414,155.32886054258088,1.0281178823477943
1110.6648292398806,24.949273857628626,13.823496901628324,7.846874429839703,259.8123687828517,0.0,6.74157788174774,0.0004855998670586864,0.0006184621260619677,38.083236408320694,1.0797805253809767,0.03917455995103784,16.381153595730982,1.1122401332127925,1.59808355391158,97.79350177667106,1.1978189156392152
1160.915955141851,29.831536267011128,17.078347239590745,7.877127105947931,352.14631465084364,205.235403113314,6.155927540454683,0.0004248419942901248,0.0005061331898795613,38.89009155751984,1.0610862628730038,0.036237809538871846,23.8128038513628,1.6294176655955381,3.9484730882877552,100.21703932441463,1.0996883201991505
886.5810839115424,13.87019688735462,16.150750607984744,8.01557949446855,49.478380799163475,0.0,6.884415849229428,0.0006668381012366287,0.0007051558914590849,111.87041460253916,1.049990123041102,0.04872392632278547,24.435468031081207,1.9758625161249672,2.016802138136808,103.52575719880542,0.9885123620637921
1395.9309572049635,34.97657920567314,16.328853612195616,7.178999774133053,462.1578703466905,29.210468973474487,7.158754110456431,0.00044205241782508103,0.0005052368066843971,49.325964261579514,1.050277229614308,0.040151149533353185,20.49151533206398,1.15032557840602,2.434334949159729,219.5719225747876,0.9897919545622866
1010.4235472775551,18.99447478972867,17.341075002525663,7.060003057269898,130.10503173463195,230.79170954059583,6.685944259908318,0.0005636652805223274,0.0006422428495608939,82.56426761165937,1.0632192266215041,0.03804414301259165,24.528950643722826,0.5898568113185245,2.64194031760609,209.76383130316194,0.9448384579159781
1136.6624650848976,35.86933773106382,16.86004218158047,8.142856066393046,328.8527335721129,3.8192248038551364,7.080215359835212,0.00035169556982090255,0.0003867454543672435,87.35296773585637,1.0455643206827965,0.03637393293707884,18.97452382511463,0.6945314946636127,1.3875502583469923,150.67330930492273,1.0162176285583089
1142.2059710739768,29.567230149195396,13.97553941946643,7.788331658753384,341.56592128626477,0.0,7.392301788169489,0.0004251782774281751,0.0005900414829441083,111.0600893855134,1.0449704200409735,0.037189762064275975,18.80545730394492,1.6288051622656805,1.7552515953904093,222.20117797481868,1.1817399991600452
791.0659504845397,22.62356779755996,15.414028754931879,7.122437559482951,173.4881709075531,0.0,6.9611333281964,0.0003791782811516397,0.0004929335679645776,68.25002502045714,1.0695931985065572,0.03551766975659828,18.65379672186326,1.6617230569807604,2.0100471923797865,184.14718861395508,1.0579610215580937
696.131295325659,19.4302130086508,13.553250857215126,7.921720362345391,238.70381683837323,193.86811127475258,7.035294402422848,0.0003810200592782642,0.000497606582310821,52.58036005229737,1.046188965995262,0.04111929125907891,15.835012311018778,1.3480575845895995,1.9143213447148788,235.0268590785199,0.9934059290053688
968.1600886814244,12.50870054003033,13.20921430429663,7.073168295801547,24.526471945680118,0.0,6.884962560395517,0.000799038715199047,0.0007951469562796193,111.64826867717095,1.0705162922288065,0.047366500999983,18.38701242499313,1.476615571757195,1.0899566248696313,97.62041573245418,0.9112262830923881
1242.4154088051287,12.28541244503944,13.235149383229361,7.821738389154712,29.850195781173284,0.0,7.656610959013835,0.0010419865671897253,0.00093931537069836,85.22251496165967,1.046973551933833,0.04880431645834031,19.223509632751867,1.7114258812803702,3.2261699924236824,141.30905933247078,0.8228127754729156
1282.2425512909986,26.36578513616253,12.666156703724887,7.721335119817649,236.03201975335213,0.0,7.741145821293222,0.0005321467450823418,0.000618623223696619,119.28406365415609,1.0641241766148064,0.03865176148396926,22.045190670849543,1.2921911970776334,3.6393107718357576,228.19397972582857,0.9945528756993887
1215.9316357236066,30.111543545903395,13.434319040605816,7.929850253375678,238.2993777443243,0.0,7.562417530179113,0.00044483885846320365,0.00043880566721376244,100.05487878377612,1.0300359003744743,0.03666778446468537,18.05356223549278,0.8996425014542306,1.8363852233845726,85.62075634350188,0.942154859675633
736.0734530646234,33.59609444475629,13.34819346407077,7.122247905344512,689.0163118108215,369.46916511116683,7.001536081698586,0.00023903977749004516,0.00029290671663479627,89.75038142068463,1.0570181122197282,0.040648929240203566,18.87766380986726,1.4515412991465833,1.0479031529340632,132.38278616412572,1.0303813282069176
1358.5900822711533,19.48972225663031,16.035431960889078,8.181162746911253,87.6524689124862,0.0,6.992063851783388,0.0007483791731753189,0.0007718267724749324,72.59469788583655,1.0520640175168865,0.03531161391856864,22.566479621320706,0.6707276644193614,2.827381282050558,219.650503573701,0.9164694755576412
1271.9844576818869,34.37838558315297,13.508885939277079,8.222492644003626,659.2385059972273,0.0,7.180571576471255,0.0004100164212312972,0.0004578763774088534,30.107866419802516,1.0691538820883897,0.047186143116387504,19.948507233730517,1.569891515004407,2.4052732717300316,120.5249965820568,1.0609340303154853
1330.843883253337,17.718753316366616,12.279959076012778,8.280078496718115,85.98327015596828,0.0,7.68783683525594,0.0008007325424028345,0.0007522915705712303,103.97715933771246,1.0604557437885846,0.039600631478403044,21.112297540406928,1.1221625690238013,1.3428326625818658,63.33597841336476,0.9825624988789964
1055.1306310146879,34.43695071853288,14.529621319760428,7.995779594774845,441.0603957095247,70.68601478706032,7.047858454829329,0.00033861231532874626,0.00035961020483393373,62.14851300301735,1.0627679239195333,0.03957275734977002,19.203433821824376,1.1302020959320147,3.6688322434939202,133.13245644779943,0.9531320678817353
1360.3643685083698,33.88972042486239,13.205676735291979,7.4051290326851085,832.509470763678,0.0,6.69518106079861,0.0004445611791959037,0.0004989058164110565,35.15593184190447,1.0386520802008632,0.048218310605269446,16.922138748665063,1.4270218389630334,2.8298970400066343,137.24650045217768,1.024905124085403
684.2954411281243,14.029969462242587,16.136093547418085,8.27208978520692,33.43306427826498,10.72751875046883,6.525099158147152,0.0005091031497271734,0.0005229025948675263,96.53142395052457,1.0729829359033003,0.04903283222783962,19.03336226968871,1.5705675045477165,3.4071316646478946,76.17675996059985,0.963777437401823
671.5647127987863,32.380644611375615,13.330267545342116,7.798513941701693,266.87252908371147,335.32861673927823,6.939421085694452,0.0002261786135685455,0.0002597162729327564,118.70210389374498,1.0712625235166562,0.048582136704505244,20.541153545229506,1.0672046899690837,1.3300065163856847,114.38373026381865,0.9970067525535005
663.7277160710822,28.295967850073044,15.341815180966346,7.933983312491109,477.7636362512554,0.0,6.689475753204035,0.0002575940633469153,0.00030094154541424696,96.24180947119685,1.0558991533636812,0.04262024659616348,23.61858031290982,1.8421237736668854,2.265889896752551,176.52937187721466,0.9436448251138574
844.6540314470111,28.26338101153397,13.05616627587391,7.859740211562185,341.0458571747758,188.76601064899612,7.059839637505794,0.0003255995116432382,0.0004280002538806277,45.67128319209379,1.06286688219985,0.040029921970157006,18.74260412091353,1.9209505835706806,2.9063725070588102,231.61223255155073,1.0376602613753605
841.3872835565887,31.85072190800138,14.892779070574548,7.268642152240476,332.0967521846234,90.66882695754482,6.450865988660495,0.0002906901409589275,0.00029401384680197975,60.947526203788364,1.0435160243032446,0.03622341085617812,16.274613071477354,1.9404674127449735,2.255916966749925,130.23971403291927,0.8760015431391193
793.877594128942,23.953266425490213,17.203313145530174,8.109071096880605,242.61155664010906,216.7992471117264,6.595333022192444,0.00035715725279727994,0.00037846503308499116,60.733600415653655,1.043725008284585,0.04933409677407418,15.272597051632467,1.8909797825663452,3.469982291427518,65.3559213774732,0.9921865706034594
1089.1694267038379,23.175968081551233,13.819724780499383,7.84088474157229,173.6298122438023,6.309085687451963,7.5381606298466455,0.0005102668739051347,0.0005748198493671702,57.367043934796996,1.0575454785942564,0.03554001158765443,24.793878547481448,1.2748520852728862,3.8154134811744527,96.64532411117384,1.0454624203557152
678.3309843237093,19.542776496648198,15.163184199547647,7.287153042881697,169.87339864307538,0.0,6.99786332154093,0.0003727287054057171,0.0004502034274139574,91.45608458057112,1.0520741413910046,0.04736049833563756,21.23643094285102,0.8830551386078044,3.336354682872342,89.7134237575163,1.070875074479598
1107.3217611755147,32.49650479090789,14.631720128279161,7.491375596948611,623.7853958771835,0.0,6.681629985594652,0.0003766782599994023,0.00042933199925246395,94.99939344083073,1.0363059375236365,0.04781658883379508,23.27541605563425,1.7811025588485154,2.099775504590726,112.2996774950025,1.0439715689577562
777.1566770707349,33.42855357562715,12.42009113486681,7.186611615583237,374.4215787971749,0.0,7.816822530002757,0.0002573307904557962,0.00036531470472982045,55.08213884642801,1.0738030420231355,0.04717597231625789,23.113304661285653,1.3086571998088705,2.189881525711201,222.84786640040107,1.107916579505363
1175.3857452653667,14.174164621414276,12.124029070736118,7.5626941355007675,67.94259606069673,179.67383739013238,7.771558308490817,0.0008587379091450832,0.0010235360312284736,65.17216057348749,1.0657868563578905,0.04772705231233944,20.599629751999252,0.950073914020114,2.625701136792759,212.65453981604702,1.019904828848858
664.3966257573472,30.076398399096934,17.054833573169862,8.286408681907227,509.2196039359889,236.0477948633178,6.965113279191006,0.00024095397132849688,0.0003352006926958105,58.901957073071245,1.0396281708725044,0.04140103996208914,17.07134984567658,1.267965057656474,1.4057768702957358,137.74106537337335,1.225108053636801
889.6236133073857,17.163294404125438,14.042120099799114,7.4988709651860095,215.58117896338922,0.0,6.674337459992511,0.0005511503810336802,0.0006698876068890212,53.223428785477694,1.0766220128486923,0.047966452841122886,19.84403195424545,1.1314786142328839,2.8428482651100966,245.4873124984592,0.9602569581639779
1378.0295211806697,14.780289670620627,16.116412323347134,7.514070073825702,64.23029013915573,0.0,6.93657478898129,0.0009785641802182827,0.0009519860438440858,89.06939302938505,1.0585999753685789,0.04041243435721424,15.891948096595424,1.2044157911633038,3.2401478791995713,203.06671725271198,0.8529595050448429
1066.8723835444964,15.12741913398111,14.4761673403755,8.043962621956446,90.38418872414803,0.0,6.820017584798658,0.000741846182771872,0.0007020995545428068,102.111291179528,1.053487112638924,0.04914055427766253,20.55096743272484,1.9280572307754338,1.2422788697641751,217.05189615902174,0.8421991328707277
1279.414999336972,24.905946188941492,17.029861731980375,7.107628432763496,222.39627425998512,0.0,6.888201563917901,0.000560234906300735,0.000574954215961014,94.38278825564188,1.0732095952602536,0.03575297342637182,24.275334986639336,1.247922596510331,3.2795783770107656,247.34662599695494,0.8616083524012246
1159.9442914939227,17.274024790041466,13.170124914681214,7.155618935379762,101.08643467311744,0.0,7.072016563102704,0.0007144106450276081,0.0008587027373751939,116.58324807956673,1.0351700367391539,0.04797614832290405,19.20346520130556,1.0388593155126458,2.890348936246175,242.17656353727776,0.9975740363015464
1123.1641112073235,16.299249037386637,14.902968564184048,7.9695025002939675,92.69397541285852,274.67703914849085,6.673527149447859,0.0007194005027961046,0.0006698521281281697,114.73359757754358,1.0345717789869746,0.0406586562676346,19.863396713525525,1.623143484867814,3.1605308561388084,86.68368148707144,0.8735911416616552
796.7945851060501,12.56089516694689,15.290335174440138,7.169435702959097,29.536233461692685,261.59386343956453,7.321320594806194,0.0006455831276829563,0.0007057580258822564,116.67888269261766,1.078833510758786,0.043634650868949354,17.702201072089526,1.7806876586118916,1.453639031329708,185.66772469892553,0.890056283094553
1094.8791141445731,18.442513014177727,16.761431452426468,7.794759781018762,86.35782338242042,0.0,6.982249089757048,0.0006347526822322272,0.0008017779244837107,100.44408721706834,1.0360736236014363,0.03553617982619682,23.267977663153957,1.5538345683194794,3.135806076359167,231.3304093669105,1.0552889334796167
678.876033561102,30.126437474675328,12.176676570457165,8.061792876624132,199.61674357143698,0.0,7.523244347678605,0.0002482536371637975,0.0002598348948228948,63.236226558936295,1.0524324511909033,0.035186190341593315,23.923950455877428,0.6166663018410077,1.6470746812064303,170.30955469614634,0.8676148229320273
1271.6949071614774,10.561564839236079,14.17466362882374,7.731977415215544,20.382295112782035,0.0,7.018409864328228,0.001218853854871136,0.0013834404248485779,97.14375794003861,1.0788188695264067,0.03652054500544662,20.676388000396972,0.9991093501253441,2.3051543983843557,189.75859196637293,1.0041723567203416
1394.9351734463648,22.54916679702294,14.85105181178793,7.104241968467214,227.79429267301637,332.69120023149736,6.996655687166936,0.0006606109297878088,0.0008110032976347493,117.07186646274668,1.0457605334659459,0.038394252004724835,19.33266142699657,1.8815349738952811,3.6446428368633934,187.06087035172797,1.0697784215337958
1312.4190575039556,25.6729616832385,15.53298000578117,7.268374400665929,395.1814761648848,0.0,6.981948071102636,0.0005584996191662075,0.0006517074954142791,54.73886019899284,1.0763504674599975,0.039527974711446125,16.425203343823725,1.3829144830148132,3.1219835750068743,89.17191531953969,1.0959162365376824
687.4521045615957,11.290099275921499,12.848789372141626,7.702492311961065,21.619417459229087,0.0,7.179758001541718,0.000621407957567077,0.000802484844347731,61.65213991567697,1.038149397330043,0.04461434935524857,21.150732556665535,0.6290740786940084,2.180456483990525,201.71489081778824,1.01751243294752
911.4775448698099,17.64327866148978,15.261565816983548,8.24034815972254,122.77747354221599,0.0,6.77936692922148,0.0005505118454688117,0.00055801312599771,32.12516228123617,1.0742298556321896,0.041365353016884716,16.800905952842108,1.553166292966602,3.7415981703641106,151.27040083941444,0.8949236606735813
895.4064879368556,33.56838018280732,16.160723240002614,7.850003611207758,511.9823563140536,0.0,6.510194011662066,0.00029527005996585556,0.00028243895807546633,111.62236219728035,1.0300646783877587,0.04425560581528913,17.814472643259553,1.5490905572785851,1.352332817557134,57.08941491205424,0.9237955503825258
735.6938195603929,35.85275966820773,16.398250010668797,7.905961781651619,533.934981816273,0.0,6.819020113579209,0.00022776902709815568,0.0003108122143104404,101.66040646752738,1.0552853025171198,0.03909320831708262,18.38409335020699,0.8861057728702979,1.3975795587736026,186.48379865089206,1.1185120379741202
1135.5039954372783,32.10799049872941,13.346071889623042,7.774065280279066,381.68640269600394,263.44674475962114,6.953061735225449,0.00038663056539390135,0.0005231579527106881,41.011536299974836,1.0767561683645779,0.0365534559389868,17.567303233510543,1.5785984214837079,3.428440586637734,219.28201027198472,1.1320809756567731
1268.4224604350075,14.41215107980625,14.644784221511053,7.423756128169078,68.51116648264181,326.35628578798327,6.881881576280114,0.0009056962397336764,0.0009673980927850865,70.0230976752642,1.0689756421428127,0.04643662066055808,21.907224618006317,0.8411838425983362,2.099415968224907,151.52071409696003,0.9657789728849777
892.0753052177457,29.868076534928242,13.787788256314721,7.7900267350095955,613.1646735009965,205.00145294138818,6.885598573391924,0.0003261169573045408,0.0003940260297429275,56.15014988025368,1.0640658461791503,0.0438505353104113,21.112477135726024,1.9343304329960103,3.300741715082214,117.84310770307084,1.0700057075665357
1319.2655847667756,21.722508835811784,14.325853925145212,7.0124338157149495,184.83321912513995,0.0,7.426022782954748,0.000656910484889909,0.0007227169861080086,61.294191901953454,1.0538274641570953,0.048097685925997224,23.600321410799786,1.455706442854011,1.1419819297047495,58.66793851843069,1.0601639938760732
1268.164738194289,14.436752844619672,14.17809773143771,7.538415615170547,60.65124229794119,378.0282934062887,7.0559274417247755,0.0009016521833577887,0.0009281020442227431,69.4220573341349,1.068743692972436,0.048758353157690525,22.716501916214327,0.7330571732715572,1.2340770260624225,119.06330220324676,0.9719823097000416
748.4693184670247,22.503008297143708,17.67071885779219,8.055417151548422,135.35043024412929,293.38693831521215,6.195499978185543,0.0003557363924344953,0.0004241229948917158,114.78937094061203,1.065792080040561,0.041925312016445906,23.080903390490285,1.3282371855768647,2.4428609073972782,90.69882059695777,1.0849576137624872
1244.6164239422847,33.994892748124244,12.080353540385463,7.265792197103099,487.721695982105,43.413453993676335,6.987099599327739,0.00040485220385028234,0.0003945465065119866,58.10749211366738,1.038029363853287,0.03794692202696336,17.45516182739936,1.782527899023114,2.2336677037234285,61.041020986129894,0.9310418730505864
1334.6789200836924,32.80856911212416,17.686354228935585,7.842911409884838,377.2487695003866,0.0,6.768988594801665,0.0004498463175476831,0.0005373351234725425,81.899430918203,1.0658584519551515,0.037589157008120634,20.83260543838749,0.7456826092410797,3.024018321783136,206.0388187188727,1.0464447831739716
801.4858393290988,20.179909349047172,12.198592062789382,7.936569194253764,307.7023267970808,179.91637600727276,7.8215079438203885,0.0004238720259259269,0.0005315707673602184,97.01500636681712,1.070533787416943,0.04173380315577499,23.55248795994443,1.8011425972728987,2.642359105020391,171.14319527992603,1.0478353678013255
1094.292837649851,11.64715708658792,12.467512255853872,7.203446163418373,22.89905453661787,190.87597270885817,7.032272089880814,0.0009518259110152049,0.001088071363599246,93.68663909282448,1.0637523743998376,0.03939423287845552,20.98590405556868,1.8212826309280523,3.712462084771323,175.84020974588736,0.9872553616701277
1144.947473565196,33.4143849681694,13.236139368744372,8.115153543358858,531.5912654499916,0.0,7.261489484566639,0.00037925744155005886,0.00037948029885478984,33.35762295268549,1.0417975316854082,0.04567177012273252,17.601848834181162,0.6671454250909614,1.0186356811072268,138.87291521282225,0.9555545216772304
1122.0620523292428,35.643421528140706,13.721012104680316,7.317007300707951,564.9958105319934,0.0,7.096885554577375,0.0003493731726191477,0.00042308800761236767,61.19128553483914,1.0495506350688704,0.041997624299234246,22.239130395945217,1.7771443379938394,2.2794697595265054,87.18722159215085,1.1291410520158343
722.8791371946178,23.29625109055562,17.146411532400318,8.251483458309142,377.80996091503107,0.0,6.535377555717347,0.0003370750655073032,0.0003347801379492184,104.5003664170532,1.040588110663754,0.04368716250643341,18.565183929264457,0.5348714299290501,2.967691984138029,69.94542066601079,0.9382764787890341
1162.4069566696305,15.857278615919697,17.047026055333866,7.447913028207955,65.43003012413551,32.6348482162983,6.792985873293721,0.0007729153682539519,0.0008492165902812596,45.72474554867781,1.0486614050807026,0.04018871050757715,21.295421098769513,1.4306227840774315,1.1798224976565732,230.87924463297517,0.931300110298785
1139.6607758006655,24.13861290956872,17.606951707581462,7.795070123871798,393.255859489896,0.0,6.810343928372937,0.0005139557885025332,0.0005085196050787598,70.54572536475605,1.0503378026143224,0.04666334268408848,23.334229848984084,1.3629201369823989,3.681728639405135,135.1718611698705,0.8944986909631337
1288.982910443567,28.103112349209724,14.338318294207065,8.233199060086093,322.4259680746118,211.3376338424468,7.329598170539719,0.000499067013619709,0.0005025132281241315,100.92803695435643,1.0702080539392995,0.042729584746779424,20.31835690565393,1.9331492210519152,3.132032924076196,63.21015975926507,0.9815952277100383
1273.1328799233954,22.537388324107113,12.095011674350719,8.065928296482168,212.28902968067004,0.0,7.089512427847415,0.0006125004730390302,0.0006704933358041613,48.507176828514574,1.0673832219050794,0.047762792544532334,19.6041602091688,1.3953619448215515,2.2846317134825513,190.23405949325442,0.9845246945600673
902.5368657716061,19.16625494123575,15.754924986409243,7.631459796349722,143.2802223386525,188.30336045523006,6.893585683964535,0.0005003730911091324,0.0005401499673091475,74.00504613064716,1.038806301677586,0.0420851915048638,19.71548900253355,1.1809518226551297,2.8665561351551774,140.6468777840331,0.9370009973472986
1209.7528250168589,16.442392023282856,17.39505994197961,7.252793064853063,95.1923635326811,0.0,6.236929620470872,0.0007794765001763462,0.0009892294932234821,115.650135936144,1.0703949618840742,0.04773035961720896,21.40901050590157,0.7862125984287796,1.798258258176353,206.19827475537173,1.0919212641695766
1322.738695531293,17.718362620715922,12.644638178087028,7.799272473590273,117.81652397710447,254.8007576973864,6.963621988223666,0.0007858527041754378,0.0008966636742276337,38.7272121525546,1.0650313497567854,0.04727147364441035,24.144703396345918,1.5785598718815028,2.4400614592195264,190.72604383885508,1.0093517553636748
1342.7133558724342,11.295337909549492,16.96675730369953,7.764196965580217,12.73569354778186,0.0,6.473345179321141,0.0012129953212071437,0.0014140807800453984,55.729936207654816,1.0466270689106625,0.039260380432018474,19.94126896758297,1.8003817240360234,1.5269398739079483,194.98163412134176,1.046904340752338
773.6565903647654,16.631928621968157,12.010711805999001,7.083142368755391,128.21505691883021,0.0,7.472583117662521,0.0004933832128047123,0.0005140021912352144,32.327945037202596,1.0591665045281908,0.039419034999118245,21.39072977950245,1.007804722338754,1.1467429969476992,132.91433448102748,0.8957621453592232
668.7744283671294,34.78138408713807,16.39389414932064,7.497248924670245,437.4786199352405,462.70030817528584,6.693169300815702,0.0002093469888561958,0.00024155512047493262,35.21975319418654,1.0354294409910028,0.04983625459060359,21.840405665910787,1.9329632953142637,1.601048716694784,119.28134547536308,0.9745858890839078
1154.3281909824939,10.21053653544992,14.959713630479715,8.19691403374175,19.112737826958888,349.89567063178623,6.469926073558509,0.0011157609786433416,0.0012900036002129842,102.41963287221579,1.0382908581225212,0.04108508977501468,22.892311171493763,1.7415665891380583,3.3076469941192115,75.96407459849392,1.1317947757348494
815.0181401946479,28.914178157082546,17.449574109062624,7.683479470224866,329.82695134025977,384.40493698673134,6.542522317978147,0.0003049310585419094,0.0003609885280270574,77.75275045387397,1.0432392596087008,0.044407222990528836,15.968334183780954,1.1086447851213799,1.9805472768097254,70.67954213883078,1.0875287475503603
1086.5661654797798,30.511739022860414,17.24990795066085,7.2353655901473495,717.2947067151998,0.0,6.269447650686407,0.0003924922659486997,0.0004758743010347088,85.41170989357526,1.0687459844467988,0.048637416858341664,20.572847724791057,0.8332628414736889,3.0645785984429725,186.68885891694197,1.0379564736851314
1383.0579241897221,20.52246050700677,12.278991877824868,7.837075057741155,203.3287891021683,0.0,7.007565407033526,0.000726238859704011,0.0009239356467412828,53.53659850023358,1.039222424556418,0.04307828053335977,16.161118606248603,1.0399469132056685,3.694013783950587,240.15097035401308,1.096054484278526
943.1106676684976,25.476260436560942,14.98889595594528,7.590035925256868,243.5342326425781,0.0,7.266939340514729,0.00040427450215850395,0.0005123698998658408,93.4672361330455,1.0437951854952576,0.03600200663349957,15.282592899647339,1.3121785187979162,1.4591201843008401,197.6124661126863,1.060945469849507
844.6586001989906,15.742945165322121,13.452404455609308,8.187946615850588,155.31052454132927,223.45714465415358,7.303887673477766,0.0005598789498817513,0.000647791810329209,43.03897069159483,1.0557402177548165,0.04113905184918876,16.53795667743705,0.6544650923514246,3.1595561592151946,132.25200923455748,1.026164339390236
1003.1648188703343,27.369175853238673,14.636348890631318,7.637064750268714,243.60451030204817,0.0,6.7144221889129785,0.00040183555402728885,0.0004762514766612941,48.041940114168426,1.0507656748041678,0.0429396245899869,24.827624292266602,1.9314271721132332,2.3241892785179274,159.93108345994673,1.034296623989635
1159.3357645246308,28.403469687021207,12.3978064875733,7.033965122136338,312.2498989587875,267.4357791577041,7.613480250002218,0.00044335910905387644,0.0004883495386348166,35.56669089328168,1.0404182728760742,0.049192969457065104,21.009810120432594,1.0662977788583636,2.919221467992605,59.49601960769271,1.0408067779251733
726.6549969909245,29.098777543134275,14.163334600039107,7.209864424909976,288.6005808305552,0.0,7.521141068855516,0.0002746306981570736,0.0003447939102771065,115.15283053341666,1.0561837424395963,0.04910260972408627,22.832769594553596,0.8322359396662051,3.7540784725052307,215.5178850801716,0.970707506221374
944.0949460034223,22.78489629156671,14.451195616025558,7.228029988110229,208.43151543509126,0.0,7.345067015423414,0.00044953891729294,0.0005465099686981338,59.58632336458898,1.0799074045128068,0.039103658712602074,20.814652090666055,1.4164945140964569,3.3521985115505455,54.925951743169875,1.1521147508208283
752.0350849163707,35.230813856236736,12.023350929409796,8.236586739073696,532.1461523145174,220.9929171425164,7.024964692402768,0.00023477451537871083,0.00031574429542741085,56.077748634873636,1.0553573282230777,0.03668719073123416,21.295726628483685,1.6142531145572727,3.4813201907557447,94.05209996272148,1.214335215929633
1163.3831604158895,32.52420342445787,14.847113253466409,7.4671304570279435,476.9499666810867,0.0,7.089677395946198,0.0003954247395237256,0.000482153371316573,68.00328799222027,1.0731381056926812,0.04243449971245378,18.50264584752455,0.7321778201462358,1.4967906206236306,246.50425890675052,1.0162749136680918
1294.1698701007572,24.883907908705833,17.36775635708961,7.453485883751349,211.43596907094928,188.9352973507806,6.477817381079376,0.0005624637933566528,0.0006290339614181622,50.94089563137871,1.0719554395582882,0.04127611782355836,21.639511370592114,1.0580880678928835,3.465617387602317,149.89485051934747,1.0008908674046482
941.1922419360328,27.741429365731815,12.364589356525329,8.268923926102325,302.7490548289443,0.0,7.273847792344469,0.0003722392075408121,0.0004967664511212706,111.98099028403269,1.0376341453154068,0.04635910400285985,17.762498417224332,1.1091074510175762,3.913912579584266,125.5548686563888,1.2096311157798154
937.2012352584975,17.14444469926184,17.668580958198966,7.268038426979818,122.78724731330703,21.62957116791028,6.22739387418599,0.0005804968634931479,0.0007424747760860049,55.24987346210845,1.0548387833446533,0.04224906256051559,20.46690656582806,1.7657154056736288,3.8234577881371297,217.6070965693487,1.0406674390712864
1067.7478506611042,34.53432666663061,14.935900132229328,7.808606274028658,380.92769957696686,0.0,6.550159939317668,0.00034267968541974904,0.0004196894298953719,34.09350662832856,1.0518636939134076,0.0373900227896456,20.197715627525614,0.8876496237841822,3.398366048192787,187.25929683593588,1.0519819206255607
815.3149525584367,26.773697883944894,13.263562108950836,8.23204533910853,293.46253946707674,0.0,7.668713425694108,0.0003334793567455627,0.00038953913293901716,105.72290458867407,1.0708320744586677,0.040985079878995245,20.335293982724195,1.0313646597724166,3.509787675928524,122.95038818031855,1.0428073672791363
840.4846622778477,33.26802539403563,17.814613230376075,8.182954731746856,336.710353793689,65.88602338039331,6.460101416341373,0.0002788076681259505,0.00033408074685237904,95.41092699955685,1.065059825669914,0.0378369765286596,16.242768242017014,0.7941199590738093,2.6930419285883325,177.82915603329232,1.0123754160996998
904.6250763937182,17.50423554160718,14.84109815919038,7.208472422301156,101.87702754997564,0.0,6.603032019319981,0.000550378314625075,0.0006176664966922635,46.4511329711753,1.0615111457756583,0.04683711443031963,20.128824018905227,1.2429474731282577,3.8157473829202995,136.3674915557441,0.9784265001602677
1003.8771931515332,35.541911562413745,14.62148829770248,7.6123847636772695,434.89942364081367,411.8391921362773,6.931880796434333,0.000308461696074908,0.00039718829893425233,63.808537697534526,1.0748227312708887,0.04292477918749576,17.76057782312654,1.0857412060913143,3.234418159862052,193.24293809415133,1.0706191364113171
711.4314761154021,12.741542818807948,14.258820602271282,7.327681363472194,28.73151778047994,0.0,6.980656815180348,0.0005775355490060008,0.0005551140050425694,44.32007269468574,1.035461067738837,0.04627532919507263,15.204659497300783,1.5505055611528529,1.2890236478217483,61.93174707344493,0.8949759916104741
1233.6256020935302,23.78907621920683,17.28801961813909,7.909944977427777,273.19253972252994,252.16889814052018,6.251607637385308,0.0005576986982907748,0.0006941676347624336,110.97361891579871,1.0359286318141712,0.0369124821876007,22.582821069006826,1.0424977737142227,2.098886290395515,188.43225985653947,1.093550968322515
1098.5044589059598,12.872282825911444,12.779553374943575,7.319876735334914,38.99049248669827,70.48291812034371,7.5133693811879905,0.0008802509213494456,0.0010511047214640113,112.16042044168061,1.054262934086705,0.049997001926904816,16.2442392425885,0.7655488033498165,1.3404652832235184,74.68969441161191,1.133263822928224
881.1618331088099,14.934483058523728,13.26278826337126,7.230011399784399,60.42674237085011,97.89442029524226,7.313278661230934,0.000616740497788234,0.0006657251353864381,34.82664462287453,1.0627564695129557,0.04163470031105468,24.49482051550098,0.7095704375747727,3.764584400548306,88.3648030000706,0.9879455335524461
708.3312332890802,29.86791830692042,13.69932280295905,7.353491494694433,295.32374655587535,0.0,7.336895633327339,0.00026114704727982175,0.0002850099016261721,49.58463750991652,1.0633224778000692,0.044375675274583234,20.077015930082244,1.5534298155209452,1.0129390240717115,93.75592721167584,0.9761389692170777
1241.7547801903524,11.718470805188716,12.374566594658331,7.169926403108171,21.948096720572632,41.52415795351643,7.687760117951686,0.0010835349062676715,0.0014614477152806223,66.99704521907074,1.0730069062159746,0.04683250380254182,18.65553109301124,0.726816106588894,2.502892410217055,193.57665791707927,1.1760352950610846
749.9794528906475,19.950468147031916,17.064442977705635,7.9313522611898675,163.36090042335027,222.31265726919605,6.959582463703969,0.00039998086235758023,0.0005154846387076018,85.7609607796884,1.0388012259460842,0.045540185236808105,15.325203785507405,0.7530882630050231,3.1193452110893176,232.8974877957524,0.9926626019219013
751.6347677480497,14.983045313295449,14.931707739643059,7.363357280801843,82.70400314094266,4.665225994473559,7.410396426865727,0.0005270834911946616,0.0006010739164575075,104.71726089070471,1.035247348922448,0.049080697508551686,15.135092506248029,1.5548692984522166,2.2516401041716825,144.45214228543261,0.9629416893695396
749.6723432380612,32.107056490077085,15.609541607460734,7.52005890452454,370.979722511851,0.0,7.014075951029379,0.0002579636168218572,0.0003498680579877072,110.82758325425898,1.0474575635563474,0.037263244673996165,21.81539179765913,1.6273035517844874,3.750122590709629,192.1382966223998,1.084069212717738
711.2220780482406,12.141762931830794,17.312870489321533,7.357937522398704,21.602051626543794,22.90560682900494,7.018747708495207,0.0006018729832918409,0.0006781259443790212,113.94924221586666,1.0646736087599105,0.04626865569254755,21.95068867814256,0.5863388210608913,2.028926745941103,167.96078291754264,0.9222222846819776
1353.1732602814,18.750999184439443,14.968509676539323,7.49426286163283,226.58332129662446,66.73958507576597,7.392483909262046,0.0007700984797169772,0.0007208389402992739,81.74009084769372,1.045017384419067,0.049346529987088536,18.551525750285442,0.6632106568544662,2.1447152145506996,143.22204514015954,0.8531376161834978
857.4720651458978,32.26233816569409,13.657775398684434,7.3968387666588535,517.222278852513,0.0,6.810855203176574,0.0002937182005131647,0.0003732419779356212,96.79267267970957,1.0662737898687242,0.046773208917587086,23.546202801689645,0.8980603551551904,1.7079517817199272,234.22246757584668,1.0066766672683838
886.3874306229372,27.859761686078578,15.187385932074536,7.459528744146177,326.6906284843898,0.0,6.773140682371859,0.00034912062646427045,0.0004124974085919309,110.44353009056883,1.0572665729567923,0.04719427222882858,17.942248515768,1.0195850614321758,3.5802255593950205,202.82200711608735,0.9657097869160775
1295.9139731816085,28.286532047269066,15.001428882597907,7.921599819221691,427.8814361205437,201.66257643494288,6.889860254634901,0.0004988636722087615,0.0005201266363080984,96.73035553578336,1.044451382144628,0.03688392765276111,20.246071654345172,1.2581320149645934,2.869253311633056,142.77243791814425,0.9457104242041364
1130.3004516557814,35.7708964674614,13.79295225495347,7.225990077017902,471.9115255544041,0.0,7.066564405207225,0.00035073464073478793,0.0003980933040284553,71.7710630719673,1.0579370677870692,0.038734341309455106,16.429547696519585,0.749769488624797,3.2084387065699103,224.7525336567219,0.9488542863400897
793.5975547286793,10.608937041546817,13.390605433571888,7.892673747983224,23.398061196932467,260.63897565226443,6.753942998263046,0.0007460483986303066,0.0007578043299582486,104.49240072805675,1.0531825587720145,0.04976866411561039,18.537620195379596,1.8877267982264092,2.7985173022923515,66.95570794651637,0.9578636689253343
986.2848348289862,27.285273843007495,14.146794449907176,7.451529156095678,313.4200431701278,95.2535216285935,6.934515530182487,0.00039462647361172186,0.00046046313570195926,86.52982247590982,1.0722648517311733,0.039995322302969503,22.24807177593148,0.7389122603694196,2.266711216469976,189.58016698479298,0.9823140076064949
1335.6916775538302,29.368896416250152,16.410276185118033,7.121643233907204,748.2468306863573,334.4236602706415,6.973718819687213,0.000493458526176031,0.00044775695892527117,55.774754374547825,1.070140964499132,0.044547521992179685,19.34871602987387,1.8381787280318291,1.032978673786082,99.38580483404101,0.8393416477831658
940.0409852411428,29.452522681209107,12.991977763970917,7.155671468553617,461.4428244433331,0.0,7.239621367008649,0.0003512299793024684,0.00041927459946646846,32.670913819702946,1.0415599221955134,0.04363845066105014,17.708985764844954,0.9175856509632474,3.281822848157276,111.45004147343704,1.070342183644211
1201.0658483869033,28.564558020909335,17.976477065575025,8.170640812572923,446.0113023440979,0.0,6.630779729653595,0.00046193030450528177,0.0004932729821797526,98.7365339131796,1.040858739203866,0.049828944046912946,20.044590133479936,1.3723034892807142,3.8683098504866815,139.61856476495646,0.979304776209399
723.3163974747722,11.877524702346077,13.411582248036101,7.0545445719044775,22.487659881023482,242.22504994474662,7.3572702897976745,0.0006165292256378276,0.0006547452862397826,31.82208758832311,1.0722861940867663,0.040029533377243784,23.39558044386584,1.1685823436958436,1.6261971757301992,75.21473906150112,0.9761066382369196
1213.8586763025871,12.182399865981825,13.635904535416303,7.35915477281544,34.0376293768184,0.0,7.2521364318407775,0.0010256810148061856,0.0011122841038341965,101.04743781942568,1.072433195528388,0.03875528357836033,20.84739949777005,0.7609108931168804,2.9392480832000754,134.93392503533107,0.9810103413642423
1252.0964017227618,30.092851819912593,12.737239202174635,8.122584752210674,689.7903058752592,0.0,6.769256003875239,0.0004583469226678302,0.0005047797173640251,100.21461959189527,1.0731564475617148,0.04244439538880854,17.67082439066349,0.6721902388753715,2.895966770833194,63.57017721132776,1.0732968474548505
1290.4465561642592,25.90603166621966,14.351172553534392,7.103309172446288,317.4742928712135,0.0,6.891897328312259,0.0005445031439868898,0.0006454236111592136,47.304617914598296,1.0486239770426595,0.04715832871105338,23.91650048026297,1.164824780398035,1.1439914841150336,206.03963347009127,1.0299693033279915
1172.5283705585944,16.829526866016916,14.231130146770434,7.274283294688127,155.61227275151572,0.0,7.2754334994159615,0.0007396371046267878,0.00097678650868067,107.04733556097347,1.0363696207958917,0.03880063738148832,16.102781435582454,1.1486152502119324,2.6471082292044965,123.34230385809393,1.1994738434698653
936.4301143748245,10.241550237008855,16.090904354202408,7.349443671242188,36.38710584678525,0.0,6.616782641015639,0.0009218863126061319,0.0008762482070673145,80.1398031489845,1.0572936180538615,0.036381246287356804,22.525918863872107,0.5562430821580335,3.005418582729525,120.63066433090985,0.8465137369152108
697.9569361292287,23.869907681252073,17.376218185648895,8.086524892709516,293.08152607885756,0.0,6.9975769142608994,0.0003180953419215212,0.0003699037534585929,115.75226533938958,1.0776380374225734,0.03814521568015807,19.45573443415713,1.0402752804463642,3.459809149671458,72.62745411007538,1.0734649594162826
1051.6079100989095,12.351018079590078,13.487202884578434,7.150481539489923,50.101534771091345,62.8495701147072,7.614753026434205,0.0008746731770389941,0.0011057026182783988,113.9922077873603,1.0593263684881327,0.04581077440632789,20.281561622054767,0.5412915120837982,2.5991290221805556,182.23414768862784,1.086275895200948
1237.3038071653532,29.457925939851407,16.85635178570732,8.229225437738318,369.4310645224535,0.0,6.645703240565567,0.0004621593071539964,0.0003750231575440495,32.10132427553642,1.0642082667001718,0.03650214299278069,17.57726528723153,0.5912697053893339,1.011112929371058,127.37424223210714,0.7978612338151472
796.4721223149688,18.85876977892998,13.849719416413278,7.155856844007,174.56005409656785,249.09949437775123,7.573663797863045,0.0004469229088966288,0.0005121904197402025,51.175648810862654,1.0314935117094184,0.04387512405054145,17.609297139550222,1.6038054353580407,2.5752623285450973,66.46489792571629,1.0512556402119853
855.1325623048701,30.994443360381638,14.440367980141833,7.735176335032466,311.23519985018777,99.89016144989118,6.705500238135993,0.00030310149314505806,0.00038312489067571535,103.29344173033134,1.050516768620785,0.04956947553706207,16.54652666150398,1.861789020743121,3.836968018248802,235.03861782765736,0.9953679618575443
1065.1013929711517,12.48444938270539,12.769648772656721,8.005237740511314,73.53658336620731,173.83493687028547,7.247034394473575,0.000872035076446669,0.0009117263821525766,77.4527125545878,1.0388252721371505,0.0483576095045323,20.45210792285727,0.7940031024904146,2.6024406863365437,93.18097336408974,0.9938344253742576
1230.2019559345813,22.843377998031322,17.356368705404456,7.726178313589847,244.86646207794547,383.39028909373224,6.960479337190285,0.000574221641107185,0.0006045600364791182,43.12815515171266,1.034067874770233,0.038928759715921135,22.225257945856928,1.1747444326768612,2.94916925678781,56.84623948314551,1.0035234435676013
1345.5444765306415,12.593889491151854,14.239885350857527,7.659711914442454,37.296336071746566,0.0,6.617405844651944,0.0011037435114191094,0.0012061525328445327,76.0438831003095,1.0409602898648316,0.03518264224789033,15.085783182318034,1.8744416536171131,1.035410454584473,110.56073975085741,1.036570063390766
745.8269006415836,30.289363240763837,16.20522180021235,7.568841118698591,540.3369318085049,0.0,6.7390775928121665,0.0002713039598119567,0.0003277094400578646,61.31562925982485,1.0443972615153674,0.03543760512885199,17.82883365778281,0.9742697812081687,3.479466474229269,183.64572781112588,0.9739912231877114
791.3622256101344,24.559560664914194,12.158618121999,7.3284771000910345,221.79388624123953,250.38711350546478,7.283390512962913,0.0003473190798303679,0.00042713864313067087,64.68691067773685,1.0550190681831202,0.04687874327716528,19.881967991779213,0.7569257559223862,2.08893442324269,233.87503283812123,0.9478923338914955
1270.0397637399751,16.10187687256834,16.18271939400655,8.290333806817443,100.29260154835497,120.32428625423927,6.625329887981145,0.0008290483206992114,0.0009460526469054853,39.925208990943034,1.0606311134880864,0.047138273772626485,24.69279944716321,1.5520662133779755,1.2830014614456489,232.1330351412619,1.0845822918916712
1149.4378227122634,35.034178713115594,13.357879829889615,7.524990860473322,341.47479629713325,0.0,7.101557449657256,0.0003638683458272477,0.0004068853997374235,84.6269676757455,1.0570691916256234,0.03686872970033752,20.03742816089668,0.8651777118402589,3.606762508102136,136.08766051929567,1.0040287153075165
1208.9168320281624,27.731869019651995,14.708808892340347,7.831423481739085,315.7388231613353,119.738993667479,7.054343439666712,0.00047582604858561464,0.000552772631169749,104.5836923940044,1.047869529309862,0.044619637898056085,20.48809058605551,1.2378229843084299,1.938789924508539,120.22394304617616,1.0734696138992472
1423.487966394362,18.744894119631805,16.042730611262485,7.757200510880844,133.00406100409998,198.99595499770945,7.158708709790488,0.0008051251366060729,0.0010350136206430803,64.71650776078775,1.0376272213629893,0.03803368367416226,20.362236508215325,0.9549555955091649,3.654581954683243,55.99519898257319,1.242052803758336
1378.6820078615056,32.23864252070803,13.02431789391595,8.250416781941155,464.0593545479202,0.0,6.764008148538268,0.00047259388139177716,0.0004535038628479896,58.451236885561215,1.0547755922573951,0.03977206798480523,16.675106601296495,1.087415734887474,1.983269630034712,155.02025526712777,0.9008217134388303
1303.873502002754,19.87953976294495,15.163091868764367,7.317270792461864,163.5597537647227,261.37257950554266,6.536658147619722,0.0006964353297991748,0.0007570306455073195,111.4001150476093,1.0749284407526718,0.04318787064991856,20.276874147218912,0.8100083680780812,1.6021220067915014,214.12858532389757,0.9343949124268988
1252.5960994433756,34.50408997183111,17.014305072907256,7.201474472487773,360.1758835621684,310.225158213424,6.786984513725196,0.00039745751930017875,0.00043958083233189667,86.78715592475083,1.0749377610677735,0.04943751163744557,16.605223174402383,0.5257880620279947,3.9040801356887016,196.71967823032105,0.9482687141336525
955.3249494306078,17.725009788880435,12.980443494594802,8.168876125899,119.51440520966474,0.0,7.2728099212661705,0.0005745915866597587,0.0006350486945283037,117.80607919097207,1.0757364808893137,0.03584842523698097,22.963138986401045,1.0700479906520954,1.0525801529337937,202.32895209364452,0.9952378533482663
1146.8762480544362,35.59339084189081,14.80566599357365,7.661658741165567,414.01826848364567,121.33094015891221,7.157540805886188,0.0003558941969285175,0.00044133601629001704,105.88897612296209,1.0745521491695764,0.04573672542216941,22.807905776647313,1.806408052227543,2.3660513262875575,100.89238585268285,1.1469793954016683
791.4987098234384,11.624559225673865,13.104328820106597,7.8335264564958536,21.724673900393025,249.63610679887412,7.56502093869107,0.0006872885786574351,0.0007915769245275268,49.05375423286549,1.05868031554316,0.04822749445337797,22.67661481049148,1.520385480588771,2.8990360341746766,107.61830715610756,1.0398670859751975
1238.886693988467,29.09884075910632,12.859862086572289,7.812694761331532,444.7294335474472,0.0,7.58301444512805,0.00046823916236315435,0.0005589178638168684,93.03689976242617,1.0559225913214898,0.04196609686982021,17.21336349285243,1.819348331824219,3.832163886503916,123.19310476896356,1.0950972816186433
1237.4833369953064,17.57642426502923,14.939977356839378,8.017060579278732,154.92956040244104,216.44513570441364,6.740787650481022,0.0007419962252579736,0.0009553648801365043,44.064763689283524,1.041066601656337,0.04867453760309503,19.323949477236493,0.9788817715524456,2.672303518473327,157.11319196615096,1.1673573490322036
1209.1676762078114,21.02145580343298,14.739988232209473,8.089087847392129,198.82653294995106,0.0,6.668621940746418,0.0006208145059512776,0.0005683579296365995,44.80216615790981,1.0672492778506733,0.040735103548853534,15.900247388080794,0.5229869619465282,2.3796602093759467,122.230131860204,0.8559615767998896
994.053641004034,26.540821637112067,15.863010401661667,7.911866398887822,206.56107074251503,0.0,6.894550393298819,0.0004099279100674276,0.0004839481252897214,87.39858730637255,1.0590845778469007,0.035496886695106145,20.804858717563363,0.8142207126300487,1.7656535252524912,238.09225157294134,0.9753089732044887
942.2242957992588,11.191582198448394,17.14680126825202,7.00644312305589,29.291422432509854,0.0,6.175650080902088,0.0008581440369290576,0.0009061917632630313,32.66711977117542,1.0500969357639265,0.041251882491829185,17.010075488202702,0.9315334544517893,1.8822558676092995,110.03112412000749,0.9499356141845092
974.5817853838143,15.812029290653449,16.239542251914074,8.088371436392432,65.61637955388358,0.0,6.8129583885541996,0.0006508373534577453,0.0006892897711943284,50.73693210354699,1.033050517085121,0.0423666752932047,23.22354756728362,1.8320013009367806,1.8220367201882932,70.30705923227254,1.0375515661158954
673.9379249165498,12.704438045415404,14.017984159199198,7.055142285488905,40.226443594647186,26.94381072121406,7.182762881737215,0.0005477085148020406,0.0006105870987909338,117.2284562567831,1.0390174216335115,0.0440821421666956,20.42542304131931,1.8676554387425197,2.448923993207176,141.66226499061622,0.923710596851482
1304.8810505681415,29.23078482627377,14.91654223910854,8.114986781963255,345.8183064842131,16.966403682892064,6.906558018579977,0.0004906883710755764,0.0005539720033510057,56.553754511269474,1.064369130284984,0.03580388323294048,17.214939141696057,0.8671847250900377,1.2183677472252743,50.89190388583509,1.1421947018007024
1069.963764737612,15.752282943630284,16.04262060677276,7.0014228866885935,79.21167552671463,0.0,7.091128150856548,0.0007170137875542763,0.0007275147187759078,94.58081094062236,1.055780349050608,0.035668395476829214,20.750732511965367,0.8777122010864968,3.4621217142401086,58.3669383521171,0.9635165716500305
949.489501143347,22.956642009916415,17.032339164730224,8.006754873031403,177.6885352834462,0.0,6.202502081801518,0.00044889157282523607,0.0004764553337866716,93.74430902839929,1.0688227272198374,0.036937082621365705,19.04098327765549,1.1456971386120025,3.710501045841846,134.73022261240783,0.9430846407396196
1074.3663817109782,18.54134869350456,16.096507406227683,7.830343982850606,118.61065506831763,119.48891356115168,6.2834120758460275,0.0006161968550022492,0.0006567711952334663,78.67105684104885,1.035761993657152,0.03716998216501964,21.650297202124264,0.8949812382540007,2.163338209515034,188.0596205493833,0.9222476336674086
1209.4360900082972,16.13903612651128,15.015499406566054,7.0337486409697885,183.36562759099667,0.0,7.330293859841671,0.0007927465783823293,0.0008139581008305097,105.63844234235208,1.0638362270510096,0.03817299639713217,23.88939002555251,1.7344145850293646,2.976623477624584,168.91264134150344,0.9028081079152205
944.7765563919519,34.3146227718666,12.800828104317171,7.979845546779285,396.70671908601594,0.0,7.614879289660821,0.00030509204769472276,0.0003333267595984256,48.23413546623784,1.0739744717106066,0.044421914151133564,15.217692115579034,1.5484545235544669,3.9016243442887264,100.98749901454833,0.9990467498161671
1294.2384439145299,23.194857945484813,17.209753070780604,7.753402517913039,216.9897940609302,0.0,6.150635785696766,0.0006059742884794897,0.0006330212739135992,42.51975215943095,1.031536877115987,0.04035344755168376,17.658492021665907,1.9032205078540596,3.378992319072415,133.55799157606913,0.9561126430438129
1363.3424834255911,26.91222497320806,13.688190520207023,7.1573536254859125,394.27335753624226,0.0,7.338029464469083,0.0005549069092044235,0.0006113422154917585,101.40783048893032,1.078838745101617,0.048061207164313856,23.697150764272692,1.1264586814527084,2.4665938396002582,103.0627134442381,1.0279055909360457
949.4223273076814,28.313957737940296,14.430509470382953,8.139823711618883,366.13375609877625,0.0,7.083387094908095,0.0003682620193172932,0.00035632726419635737,61.01649830291329,1.0330258273206112,0.04813519425375029,16.23733484388944,1.9933830650637763,1.23535626144879,65.29324236213314,0.9645355631435829
755.2209680842464,31.349932817297802,17.307595278927206,7.76851506586455,516.1680236099158,0.0,6.2363699324860296,0.00026584468699363613,0.0003203385260799352,48.05061267145339,1.0663987813302676,0.048393853477758944,20.675482357852975,1.1088750083305126,2.202544913370436,134.22161658802506,1.039684980847314
1239.5704242803617,16.843701024130333,13.244024420680267,7.601443480890285,79.87512454643303,9.070159873443961,7.0999162841745145,0.0007809955109584386,0.0008862085836456046,76.56508473573123,1.0566910594462255,0.047750144360100964,24.56070384115455,0.8550714423452852,1.7649015633851182,164.85394870487545,1.0192807646252364
1420.5142121064155,12.043463072771518,17.48296642777792,8.22896041618073,18.96412483612372,0.0,6.635863490514572,0.0012123958954682143,0.0012874831670220638,91.9863999863156,1.045523445780282,0.049963763993733874,17.18023883645332,1.7382531111259731,1.2262146666520473,118.07978207726954,1.093549324541891
763.1347797368863,22.148389532492118,13.374580199640558,7.264073848950098,554.3436811536084,0.0,7.275804397638026,0.0003731613494139946,0.0004676404487321306,77.27819039534106,1.0475568525788705,0.04324796317639737,24.016358320936607,1.5285997145865342,1.3364626738414829,145.12102679632895,1.0624498337762858
1202.4616759758196,14.420159435994318,12.523312949746586,7.229222952256474,68.72027255965911,0.0,6.998739629693489,0.000873324360635241,0.0009719635595069818,102.80655782743148,1.0317922225483898,0.04091472943081056,17.649895200120532,1.1633720335022624,2.5218825466545454,197.25942532652553,0.9600825300484883
1290.1016054334314,10.531229622152434,15.08167918155553,8.16011453699031,23.17370107077556,158.4066277879329,6.417664901516123,0.001227937015643627,0.001370087478777667,61.26582747679434,1.0679051324361242,0.04146449220215416,20.730103981672364,1.4462029513450405,3.1577836798259926,61.76705171523944,1.1065066617242747
1364.204973207169,33.91179179695591,16.771902642482605,7.208573535387303,447.20339201671857,216.12217842973175,6.233756681374041,0.000441714073372869,0.0004399563571138146,102.1176919980697,1.0310905605146508,0.03662907689972704,21.68761774214128,0.5662995892021967,1.1154401743774747,54.420187422755475,0.9576487355790355
743.9907403079528,26.291231706430928,14.41433730074952,8.062940496330205,382.6433944859626,131.50442768043618,6.742111431261768,0.00030782333233831413,0.0003316427480018928,112.67899151975888,1.0780491318811984,0.03741543794251874,15.791930080468703,1.3280736311129142,1.7714545692505737,138.70822495509194,0.9323411877422821
719.4281124319522,20.773483143525603,17.056424106576976,7.27284356133659,131.80231168994308,18.436850089934293,6.429913207129071,0.00037312594285195274,0.0004714570683308968,82.46643611992747,1.0785180845214932,0.04944737815891158,23.5406811182853,0.525999346544218,1.233678497303134,135.40284431923595,1.074954507997856
1416.564090676603,13.5475723103685,14.37811631572118,8.058115998552429,58.14485767345976,0.0,6.7132632452107845,0.0010883789334188545,0.001111247401250078,90.62715304226157,1.0717886163901829,0.04562089170692246,23.288072983356287,1.2869335646402065,3.1078851405272663,226.81198160586874,0.906193082953448
738.8365454090357,29.792463682140202,16.890555170361573,7.530510840517624,348.41933979945185,255.60869168473542,6.480000952596976,0.00027015622933319666,0.00032929174097250195,81.37738930100952,1.0363513430820357,0.04821171710857783,15.251174559998965,1.7811916998240185,3.053546263617557,206.58668569250526,0.9486781132538111
785.5562810085052,23.85813640140006,12.676524855529486,7.802578929804719,294.72210379789647,0.0,6.8704995046456885,0.000358244004086138,0.0003500819833351647,56.94167175635168,1.0610529217547882,0.04827505477247085,19.82810549217267,0.6218748100414165,1.5921903726915319,102.53694569296516,0.886877118285177
1095.3133825189768,14.531663823902445,13.700238154630187,7.789371278095745,75.2857455423193,0.0,7.005779029110877,0.0007899382334119267,0.000825652988354206,52.347425516273645,1.0706032458070096,0.047477315469159266,24.250708992029733,0.9546732145772239,3.143533644379602,213.85717741479627,0.8886866239243568
995.2004222333358,35.5390674218597,12.734895675359681,7.513158860953688,367.35928326895856,0.0,7.102371241314164,0.00031075469627867735,0.00036192303802527314,94.94235507014966,1.050236152247437,0.04053508055932295,18.524891870789855,0.9934648504175096,2.4134819285991886,142.73183569622898,1.0250775905699518
1231.8051248530542,34.72118245872913,16.437651696245727,7.673997120296751,333.39831658346714,230.54783580112408,6.503648760903154,0.00038974800789485874,0.00041565318326698897,43.151891991236695,1.051187818187176,0.03573144837294213,19.412601464942508,0.6350975710710276,3.624204043114004,179.45160805193777,0.9297952388229818
796.2535390670122,34.10566886787467,14.817662305842589,7.844234195410297,211.7113637470103,301.9148005411022,6.819594880306333,0.0002555720509128896,0.0003256993804782015,66.47326443341817,1.069650184901557,0.04153457557674931,18.21505826634931,1.31627222267503,3.5916045810990163,89.97994481389209,1.1442229026843735
1359.4247984936173,31.49288008200696,15.933650463978314,7.1773438024639375,507.6931803893164,289.2144172343893,7.116889137534585,0.0004709362888322374,0.0005772274949164993,63.52952951862947,1.0310445308288425,0.04971059781671122,15.700479387764098,1.720585572787852,3.5386880037872745,110.01253432905361,1.12394191128161
816.9775904274081,23.82118454702129,13.430284921767656,8.190663747731076,158.12041983975325,207.89565049491833,7.451328107898129,0.00036965627857903435,0.0004767973950643037,110.18503502467851,1.04876682253761,0.03681889792067726,15.97540166254696,1.4133905592966673,3.1771679169572513,223.87901119622637,1.0293995414753059
1246.3683503652057,17.81171488203796,16.40805695602982,8.070352599442822,117.2052047419417,0.0,6.344673614723144,0.0007461808736156032,0.0007403166829539669,78.2760085847454,1.0721767739929213,0.04306026440454998,21.68683423055179,0.6510570372705999,3.9896359869212934,82.81839080075402,0.9490916756796114
700.5955426632192,26.94441528264399,17.95678658548132,7.270573753134929,483.7140402892594,261.3626606198448,6.111107175850741,0.00028162352101778,0.0003067061400961929,53.96396307843165,1.0700304591855385,0.03748023800544373,17.704249232731584,0.849094286870115,2.8461058932338013,57.972244975732345,0.9990411928407306
1016.3072132750747,13.935060043743626,12.474354308812408,7.292819321458191,53.75243768482211,0.0,7.381852854553189,0.0007613146589284949,0.0007902753049174835,69.35881272931722,1.0763175656692834,0.04722887750418941,24.52918835162891,1.2125532904791119,3.0318541140215354,65.30036885264573,0.9805046845960405
673.3303781299601,26.037129390355595,13.912852447825696,7.512914365276334,337.0803691254181,15.295614765841144,6.66430241739948,0.00028257585576502137,0.00037998382999987446,35.43038722281743,1.0733489040488202,0.04766929589152841,24.014553621059488,1.6055795541508493,1.182774645258906,168.7551645366025,1.0948801020340158
892.1447295769461,11.71775262567769,17.21652086573141,8.003134189748929,23.707847500612296,0.0,6.8746661577012524,0.000780201414272096,0.0007546254165510771,55.04579487355272,1.0400130737112618,0.03671507133415544,22.274740424749417,1.0598968579833419,2.5229151428361876,141.1298133783746,0.8597557734342421
890.9154645081726,10.353217524736111,17.109778553495747,7.671854011642879,30.837795429328214,91.75297238267027,6.478218093513436,0.000864020099285044,0.001009297514464931,91.44070864523667,1.076261240236879,0.04448632642803027,19.98978584028447,1.9901611047779588,3.2109310838941143,174.4931605123965,0.9872031024691383
1207.9642856498117,28.603421320373645,17.232202156029796,7.4093694702095885,332.2739351311439,0.0,7.030607429237175,0.00046399739431257473,0.0005107652959710853,52.08381773540074,1.0424218415226278,0.049876643585955796,22.633007901271817,1.2454283389037886,3.515308533509593,119.44641706746219,1.0067766716956306
1002.0036018925671,18.910479336931296,13.359533620373394,7.999048096360131,131.06998524071648,0.0,7.0343516304969445,0.0005676678449929532,0.0006038035360937854,56.97977015736154,1.0575293332562603,0.03976936395725067,15.12462988237878,1.9923983640596727,1.3960032863584222,71.99237515020478,1.0331141605723515
692.1704539416893,28.128525068820043,15.378929355952542,7.254240735234367,473.8562124225139,295.6957664598951,6.890338348610608,0.00026680509777680386,0.00032086517043062056,112.16357699881026,1.0588038127633617,0.042481758839136186,24.473560153217274,1.713755501848214,3.8889615413835785,87.82203089684614,1.0575366492984675
1422.3913710357597,30.278618056674123,12.51650173795078,7.921064225677346,333.5307104719198,202.6186843295014,6.856582366070146,0.0005133622665689146,0.0005719870567191971,54.40986682700209,1.0635289737454228,0.04154969013651322,24.754107251615686,0.784062157913466,1.8791064066970389,244.26714273261655,0.9693822403207586
1339.4080606190828,31.717895392260804,14.586108090979316,7.979712016921142,262.5903440253881,328.7035093173576,6.647884438567011,0.0004601610918272895,0.000545598010771032,81.7745819762905,1.0610466753252872,0.04074635267140078,20.93526328837321,1.8443227535883042,1.526229800330848,204.20539789251555,1.0506862831274113
1360.9000214093076,26.011562529724756,15.456798941738906,7.132573124442535,256.42692032570193,210.39964648377028,6.529451676187201,0.0005668168223524072,0.0005855915671470874,119.2341807156515,1.041485312496965,0.04251748178918713,20.676765855486806,1.1504207893232263,1.0570760764828968,183.06965723124168,0.9102399135539992
839.835762397291,32.01516905065787,13.551309302813488,7.740984517592585,457.9814577946601,285.1268055456579,7.584141432749982,0.0002864943931058517,0.00040467139537931615,38.03268906679904,1.073439048612537,0.03797650004541606,22.45541047890132,1.916117978153405,1.9197042791117755,249.25669431370613,1.093927135935659
954.617778176025,27.13061436677051,14.532772151405474,7.7721336482679515,219.30819565950992,27.575537881033682,7.471349089054291,0.00038512218961672613,0.0004713052436562534,66.81876402850975,1.0374352468040153,0.04258003899825011,15.018718737670016,1.088864667999362,3.504834854068454,187.52392628836364,1.0307350526525494
824.745651710589,34.10929140296196,14.197151294398376,8.262575786507481,537.5106854097241,78.09235596855355,7.171668193206726,0.0002670339154373978,0.00027666156780165605,102.09088439255187,1.0671858662085278,0.041670093283111255,21.96978118328003,1.6747151991446938,2.531113137983032,69.14739483410888,0.9904082865608967
745.1771653342239,33.318093964746865,12.507826542290125,7.388496474084995,518.6995898602792,425.425580711746,7.44370512780025,0.0002433829042262912,0.00030914998145915314,98.97869754922306,1.030201567251643,0.04914915347976309,18.76915012304943,1.6045664947860254,1.0945713646201067,117.45347339289623,1.0934232142201263
673.6926133899424,11.125326654756309,12.411175276215525,7.59795778496899,46.48361868370261,0.0,7.601129525269067,0.0006169250952723018,0.0007396717534191498,85.9251310204715,1.0747444690498549,0.04081624349396705,15.04404932717497,0.8961266048219017,2.2226169657744315,191.491502216592,0.9446721032734776
1039.5957565334247,16.958836992603235,16.686653887497144,8.216729148534213,96.45009249541049,0.0,6.602461354908494,0.0006511268563388953,0.000655011630237765,93.9908771288411,1.073919437690223,0.0486492916744001,19.35669187025405,0.6048908242063615,2.45936280166107,216.19779960786997,0.8737895752298758
743.7979844196511,20.10947911700032,12.017566942178593,7.169714383040854,210.34258194884006,0.0,7.851523736378553,0.00039803063802189964,0.0005211201145904451,42.98012994111526,1.0430863117746503,0.04561487294529049,24.25009102005245,0.7587662070787466,3.298626290359249,195.24257923138154,1.0408439596644568
785.1648009244029,16.55717681281409,17.91684173449629,8.166154881999756,67.14659525437703,192.82780102012885,6.2403030073129395,0.0004977704028762706,0.0006191900115096996,35.45995035822271,1.057628982827983,0.048803476970115375,20.893585042735157,1.0816683053134952,2.931008314971904,220.55208042007618,1.0071800124156352
1317.4500793960292,14.599174165616905,17.382668419984675,7.475206631503359,64.53913276643154,0.0,6.943526680778165,0.0009460119137047747,0.0010116863465374328,41.18952920202794,1.0541804516125806,0.04923132726741353,17.630061420856492,1.8605625411439481,1.7033370852318046,149.89590363458177,0.9732851817952881
1024.7408739971986,32.71030825640159,17.923720006585008,7.446609168879623,417.109727154926,0.0,6.042384648032597,0.00034637196847851054,0.0003537395620511755,110.94094645885889,1.076607945471547,0.048077679916836806,20.02001320322472,1.282057196550534,3.0760306443911554,85.8035277058054,0.9469872531926015
790.921339353754,10.650039108261002,16.71376883761357,8.293526883307544,28.33699366448324,45.22783905616553,6.737938852508112,0.000750435459988682,0.0008824368258696432,46.05541455688248,1.0445616370486293,0.04209324238259332,23.2615837738281,1.8786876491531617,2.725065197449668,161.1923557581385,1.037415235229822
1169.154627537869,14.728345495565584,12.014807136373603,7.507539914144289,74.00226130109824,0.0,7.5178789301843745,0.0008330300257166847,0.0010237354618383607,92.19904793335948,1.0338231107029128,0.045172882191225464,16.465207608073374,1.7571274977057985,1.2250961547362091,194.44851672417303,1.0725922258526541
854.8428748465695,29.76631943393325,12.695825002205988,7.321445583347297,341.657162066208,0.0,7.546887724702355,0.00031619586583842897,0.00036388752684975194,37.01004010554805,1.0498536611643585,0.037576458866507643,24.59886311556897,1.8570166819893887,3.0796570906736975,207.8873150921122,0.9295423187845335
1057.9571416389444,15.806082397696589,13.912103558748619,7.269554690027638,79.55359615807868,0.0,6.758999617963679,0.000706825542781586,0.0006697260267499825,109.9795388059507,1.0454728980704335,0.04928289110320616,16.562559959902476,1.3564423604893472,2.963218574317061,67.39880695604732,0.8944215505074057
868.1373311969039,16.717180880903634,13.088203174559485,7.904297973388738,98.1729450941895,0.0,7.0520054098578875,0.0005510257406855091,0.0006309055563442164,99.31303394286049,1.0431088262260197,0.047762455315423974,16.318117546271942,1.4615989462095196,3.5753182196984015,87.54756364902443,1.0557135098071195
1049.5734038835144,35.15426353593712,12.362910777571994,7.826607185895774,467.7466826775538,27.178242119630763,7.774595297114025,0.00033082550584759133,0.0003679386985028004,105.96467223760719,1.068813978256917,0.042168420589363535,15.27118073165696,1.4854117395461157,2.8616737557158825,235.57751792404008,0.9172444473632492
1136.9991336028402,29.828954231152764,17.50184418711866,7.310710781012416,413.3805495958351,0.0,6.261584817896016,0.00041965557664036686,0.000544937943835441,118.02489557919758,1.0491862153625808,0.0471202572353158,23.880671771264893,1.9346618685062702,3.3788039023322005,201.96834811358778,1.1064891482527994
1065.1698858831064,21.6652931254469,17.461435454753634,7.643606040574377,243.26175678337123,175.81737481857974,6.358859981934959,0.0005273272341288832,0.0006481840513731515,88.4166681362756,1.037033479245498,0.04449306579523307,21.180506704660125,1.7781300201351753,2.0394602946421183,111.9376630568721,1.1197481917639815
955.7799954754327,13.541246672364807,16.60223132699007,7.372521698685844,71.18413205452246,0.0,6.743299973574334,0.0007345850252475878,0.0007463276618675654,109.576170067313,1.0392580441587709,0.035928077442373356,21.49422724004392,1.3943488754377888,3.0700240349166616,65.5729943797311,0.9552250261548628
1263.2531354434718,16.995211112874102,13.518315056461574,8.088463553752076,164.37998714950032,255.935565316048,7.638314403349527,0.0007796295167066305,0.0010011163957644286,119.72643227124134,1.073486376847948,0.03961506012622121,19.013248983294343,1.4269598379115205,1.0587747337485922,172.93219951679123,1.2028445274385986
1327.5343354353427,35.510239852091175,17.114080252998498,7.4651143500838355,254.83424506935896,0.0,6.438630105298184,0.0004147955252931417,0.000460828250672338,38.26432578019784,1.0532103390314582,0.035846726196751263,16.048090139386048,1.3663009026354547,3.138635560573923,184.40217068928786,0.9795993340069657
787.5508431494245,30.568029143755304,16.91504520712852,7.800325482821268,314.37928976955254,187.1319763664786,6.317069813023943,0.0002818217245194259,0.00029535717393598443,34.208913938938046,1.0400817787592007,0.04463224630026216,18.699907521152625,1.528811890947149,1.0113433865669725,66.96801982902178,0.9932729618506468
754.0481879084277,11.816850520869604,13.941794143560532,8.187656530877302,24.047265591317142,0.0,6.696020965130306,0.000654626412765417,0.00082489638903794,96.88025954532961,1.0538697141482716,0.04780713062590884,16.66451279964984,1.7566621940442761,2.712896514807714,246.25789371803987,0.9918890201437897
736.0630965284292,28.377911248957304,12.76594154281951,7.310415089809075,270.21088846939267,337.46272712847735,7.771059596231295,0.00028089847861439163,0.00033253861945172766,82.6717811751179,1.0354786913876888,0.03723015243858963,20.739303041920188,0.5313164897842193,2.618948934180848,100.08219255135114,1.0363646181209076
1410.126256288791,19.77679691299673,12.813434801261955,8.23788818337643,226.67528375988502,101.03130978093286,7.006817658776695,0.0007626887027887099,0.0008520396737023632,52.025208344088014,1.0539927448967776,0.03674594635135108,21.59306674400076,1.4372612890370253,1.2889463494083726,180.2832007698918,1.06907694596574
1380.558033621904,28.717519149915944,14.453759299018978,7.63095397986333,411.24044830917256,336.73245522247345,7.235119492367131,0.0005209523643155288,0.0005849201487740096,90.91363639771444,1.0419455715358161,0.03595952941978142,20.349203766470833,1.5392988178875848,2.255433704341842,120.96175340937812,1.0285011515577942
827.4590678302577,17.681599049306406,16.992759614718434,7.832362856636783,125.35648384164251,0.0,6.2119609445469335,0.0004987332172980489,0.0004948742079964878,89.3411753469079,1.049170661778772,0.042711032373213685,18.79326704985147,0.6611032562954537,1.6782560323184497,63.11407377159783,0.9462420732483598
1402.5880922469291,13.384290698187918,12.458030670710857,7.353626969988443,52.348657942323044,0.0,7.245319522474261,0.0010895410657043839,0.0011225824950291923,60.726046140722346,1.0765529066464858,0.04960861521628143,17.613506110443996,0.7272082377438609,3.3363324557500382,87.19709330651571,0.9749814325026475
809.6821450220083,10.512197040480975,14.578274280425994,7.902804825671376,36.24860364526207,0.0,7.057299401559495,0.0007792117411300223,0.0008044709176419615,34.61854141842852,1.054198563967386,0.04920862456810785,21.808257624334445,1.5833614284387223,2.220446847610245,167.5721055749425,0.8842445011036916
1042.0383405943658,17.68782906406394,14.127551208404624,7.940911265479934,117.08862353266916,0.0,7.280084949108225,0.0006279342723747008,0.0006852294670421765,118.75184083280556,1.0669146924819948,0.0449233355317423,16.807016147435064,1.025526875448089,2.544475836509833,218.03151954171273,0.9222304283378089
1034.9655644027828,32.36894670647994,17.354274303344297,7.769900802966044,363.9185485097553,0.0,6.688812437693531,0.0003533599988350874,0.00042830142113678394,78.80549887630764,1.0462523296348003,0.03996972646759181,24.302100269091067,1.6135237126425084,1.320508729044143,232.64304420729619,1.014033755081758
1359.8356923308174,33.17200195356497,12.917693755548006,8.121299995513652,536.2449089271694,219.74025413282553,7.162377815547068,0.00044964867978302406,0.0004900411618411197,38.68538958284278,1.0396244780716477,0.048156794396914636,20.00981403640889,1.9818733932931067,2.9502775323241046,148.0858127165284,1.0004539332724933
679.5314529981362,27.762478914083257,15.933491227143605,7.613116944454375,359.44618628224504,235.1820943662789,6.446320992498221,0.00026586875408102066,0.00029817442586161323,101.81715631171953,1.047359970283521,0.03530972947930815,20.35155983033995,1.586669811365013,1.780034418148122,119.30159986903924,0.9560955841877629
893.3429336299487,29.44504511720024,13.937990973994404,7.019528534864008,518.8058647962541,0.0,6.989319255284015,0.0003338528931893674,0.00037603777102501035,108.9069842714968,1.040596528373989,0.042359156591007745,23.52404897674345,1.3332434592032085,3.5789617093945045,96.14983317541851,1.0183939204006034
1114.780315406336,15.060346575725063,15.879108686092028,8.187432782679242,90.38779992464221,0.0,6.741510205623216,0.0007782518351640799,0.0007463019762742026,63.61023212353715,1.055463194674743,0.043738931547022894,16.18954741225533,0.631494229507666,3.491728781956513,52.95383748780493,0.9424993267272318
699.657813995551,19.210815424081574,16.933385864122748,7.738308236807335,195.12865652633576,381.1028181857839,6.449930398869465,0.0003834603463784609,0.0004938623848854951,101.54500592238436,1.063667233600713,0.04986530768760984,24.18419572269972,1.7421584616663472,1.2209282664096954,221.48025373547833,0.9971286248241658
832.0363484438849,33.38006451055849,16.947809234526428,7.799495443414584,356.4278010062835,0.0,6.286460835666637,0.00027584722670676037,0.0002962698886019408,36.09246343580507,1.0432517388532248,0.04016459594835411,23.949553322221227,1.5568412855850422,1.6731355376398653,76.27361094988757,1.0046975870128576
1009.8193672878865,35.64328431695152,17.073115354333915,7.778140579769201,326.86677774666595,352.4313164718838,6.964051173341226,0.00031013474937508086,0.00037228410277042906,93.06614453594248,1.065165957749291,0.04974426757545024,18.753881434828923,0.850076896073681,1.3233486733174715,125.23628495615611,1.0822503315859349
1333.3067669042591,21.519426603668922,13.755706563615245,7.053598468714676,199.08953964205008,0.0,6.795250081807044,0.0006697701447491001,0.0008200820182445339,117.81684560339424,1.0556221691994765,0.040803075127826535,16.698488713058175,1.7704385935104419,3.6720402382392514,173.51540700903828,1.0848657099136234
1240.026507849759,30.1753403486361,13.655349348123556,7.373809865687164,167.0093973813942,0.0,6.997061193466048,0.00045273779502467385,0.0004801122473556429,97.38761101435774,1.069718900897731,0.04930962645692688,22.97320673287469,1.7335620937000895,3.020884199759431,191.33507124003225,0.9230504375341225
1292.9468053190349,34.269615073748874,12.735992363812237,7.116793474001164,481.6495085689809,0.0,7.23319548982447,0.0004180504798813761,0.00047799283607515,54.178778176579875,1.068074372711721,0.04380764691706694,15.440813710650446,1.7681231676597773,1.0688129743151409,241.0966670673506,0.9694582104895575
1240.112283027805,35.92205879885384,13.53201104406061,7.844747123937385,566.231941229493,0.0,6.801523157602039,0.00038325795248984824,0.00035823452241612465,65.51541437384711,1.0770938245549841,0.03985472722078958,22.518797385548957,1.0897046904738292,2.7859299906601933,110.44616792439902,0.8693120289531738
1198.606763766731,17.689660446946988,12.716113362368274,8.111129625407106,132.31699366154288,0.0,7.567424801429676,0.000722250357591854,0.0009016699242420122,90.35286062123193,1.064316485488047,0.043191702118955254,22.260881026247112,1.6050866479165582,3.236383599030503,113.54812093855926,1.1721489617332446
1309.0614205789357,27.00583655455732,16.704006513819575,7.858733323725446,281.7061754735793,0.0,6.33481370586176,0.0005310111950532909,0.00047693386740703836,69.32881413677525,1.0331905162024346,0.04422326349719614,16.348759617815652,1.401235416043896,1.0627978250908157,136.21517895404696,0.8442353753952976
1178.188865393144,20.139469075530027,12.283908869636015,8.057661062035857,238.31091494842966,0.0,7.696222450349542,0.0006296081067380102,0.000710415830430375,119.4546514540654,1.0471706187593388,0.040974687067231695,15.013946853358485,0.9047021005297029,1.6444918850979757,212.11645685597765,0.9938361356110165
1220.3614201459818,22.092173469098604,13.150249057836362,7.4324232375097585,207.5733683498962,339.0435467864961,6.718670532510886,0.0005889247943390795,0.0006106154465070863,100.48918384152009,1.0498440611303712,0.037009126347232794,16.151839845845164,0.8149553372686744,1.6328016829131906,207.67304202528695,0.8830719371023231
882.6794231412226,22.009883895433006,16.74096837122515,7.040918752349247,276.5102204982611,331.70368051569915,6.2004115122137975,0.00042753575267329857,0.0005484982247414594,68.95096498525108,1.0736328197265048,0.035367414799869386,22.082183617900224,0.9160119759469153,1.4250831443775103,237.51412276239745,1.003288515915745
778.4244824152211,17.241398076243605,16.6108677316387,7.5325405445955855,227.68391382793988,217.5433383625997,6.685321126485316,0.0004749903653876122,0.0005347278446129424,93.28385959514544,1.073345155572219,0.04292616533078934,19.33753665909691,0.5075232622183194,1.3085461018927527,93.6363458665565,1.0166120433160628
1236.5764337832034,10.495690180750568,17.840934877295595,7.219414343147303,31.01947913899607,176.59970811106172,6.5287651370802235,0.0011790234295037394,0.001373751462690692,36.28451754803123,1.040853909266408,0.04927553823415217,24.702010907780384,0.6093021047962959,2.8624163923472334,177.9839448177455,1.0489260352645204
777.0214161080185,29.929819357368103,14.301653865112769,7.396791628650677,463.21986243673314,0.0,6.976168821404841,0.00028590169971937145,0.00032659842186543066,60.002985925431354,1.0749037329822744,0.036723060027000765,16.327202313831023,1.557594942389027,1.4193869103490613,163.70654839868104,0.9511804108396997
1363.336652482536,28.095155638094987,12.270629537436959,7.31049410006038,368.9313847291813,189.8479989176352,7.7876606034868825,0.0005285080357509155,0.0005833713435289402,33.51727658614012,1.050698117039906,0.03908818193921394,24.608860110168287,1.8844167139719297,3.078088146743152,56.272179328543956,1.0568849017049275
1112.1881274630623,31.855524559966927,16.849046617701323,7.234854797156929,418.1655120560075,0.0,6.870943871636107,0.00038557482614981736,0.00039155165564382365,60.67818531127799,1.0636656927960215,0.04331701896380653,24.65164611920983,1.8487649391216832,2.3500318986551316,87.61240927023826,0.9454169686228697
904.29973981428,13.985908757156038,13.71771915695654,7.8940513620097,66.66650719442217,0.0,7.438565030515515,0.0006751538660793347,0.0007169389377022984,45.909272612823564,1.0634349276676294,0.03795376139677695,18.086119354554484,1.7713910755291402,1.4190510345062926,169.71257061414593,0.9266746892196495
1376.7083758755289,16.162935998072086,16.638989829915143,7.77695818969853,103.47614495587138,0.0,6.9292306847596965,0.00090110853700686,0.0008711754074352414,73.75910709180329,1.0515454675049816,0.04170566113766596,15.613189246232068,0.9835002195791679,2.45672163756714,64.60561726320168,0.9372686751273102
768.6913515676432,25.499379876400507,12.116208332789864,8.069581726985403,372.11756473668777,279.2379670430498,7.714290063908774,0.00032526716841051753,0.000377372550253605,59.71590597144812,1.0581022047769153,0.048061802598667866,23.334510321725475,0.8482353685175745,3.692146760516442,191.3808567072508,0.9393591024951966
1048.2548107269017,34.352295428407146,12.208849824161403,8.279490585847583,269.5423790771528,227.28810755546482,7.6835584275775215,0.00033515711293314666,0.0004161527634101707,35.32671302095534,1.053559270068434,0.04153634035744369,21.501545154057837,1.1131492751932484,3.69234027270357,114.70771295949105,1.1418355583153204
719.2290689622316,22.266140215940883,15.588631590954467,7.3088020549133335,197.57068330345146,0.0,7.196494444525881,0.00034992545829204197,0.00040140816715436204,44.36566377874394,1.0641400677711639,0.04729814301534742,22.14225337841536,1.5111011785017996,3.949732799603401,53.049029125147506,1.0724446530049934
1399.1027576677984,15.221511955376867,16.104662937003244,8.219495033242389,101.72774931300258,253.98279979095358,6.989027390293802,0.0009545377596568052,0.0011358828943946215,66.91696601626575,1.0713208784043864,0.04897857590730731,16.815767299044456,1.850378077891701,2.729617181600325,240.42725896798547,1.0504733538017375
1095.6425760894472,25.461952758926362,15.37192769479195,7.997971800538893,213.41886388148046,0.0,6.542536157201472,0.00046990212380660474,0.0004689437807572053,84.11552823699357,1.0571281571000353,0.04852272417553544,15.534225717997721,1.1950236823480296,1.419728873167684,242.8419703315502,0.8507712502917426
1273.252613088442,34.89511945982289,15.193227623513,7.731690781381802,415.634754424118,0.0,6.892689879548873,0.0004045807483818397,0.0004326649391181783,53.890080183377876,1.0738944311374174,0.04073172167737271,17.776843270217242,1.8419402012749408,1.4837320992899987,124.30835352190223,0.9916565375614771
867.3356417079128,32.569963584159694,15.582690848057688,8.264409771248905,329.5199444891012,0.0,7.016795649216805,0.00029439842459258903,0.00034990357588542717,66.09851357457859,1.05511619021285,0.045831949399595645,23.711844057918313,1.7967237161962286,3.3572953164697323,145.79791580356573,1.0510293329685114
1271.7977755481231,33.37287356268819,12.785644398555268,7.666140248148525,473.0820322547885,289.9821206847231,7.273596240416673,0.00041696360554415037,0.0004122499372008071,115.13218229242102,1.0326807535449638,0.04052559124150468,15.140755183356102,1.0993899148193222,2.7042726217130437,172.43270466136747,0.8680125799937353
1194.811049228318,20.673573379320324,12.381749144264134,7.036791509627601,235.97863761138322,33.19314350240824,7.340887570526111,0.0006221423467219344,0.0007934223596475922,66.85572272626749,1.0598071324110507,0.04665807335843224,23.125985571456773,0.6907212944482299,3.757234609528958,218.36510396977886,1.0793813940414774
1148.7841834987091,16.81966268542915,14.096408587212839,7.162375458474108,172.28377559897143,0.0,6.870469290245127,0.0007250526107400729,0.0007193295788027018,73.41809665450269,1.0462053364347885,0.044695317133258625,16.92886327227962,1.4580569027890027,3.650753920231889,98.13325670621464,0.9162770122222622
1387.537869997671,32.6351633629704,15.286678003382569,7.406657869036894,465.9085849101988,0.0,6.544342643426558,0.0004700742019482677,0.0005297192674153689,74.75001116039354,1.066879834165611,0.04519185287191584,18.050453507489035,1.1011993666638737,3.032177083950128,186.8049875517741,0.9974847572968146
985.2562610380991,30.490265078108596,13.493167844693192,7.905189125578356,296.2289948598575,284.9412163603923,7.555693138655317,0.000352050894529467,0.0004182766132870037,113.30165352456171,1.0441994921599174,0.038953465878844164,20.671600121995457,1.857270389527442,3.519599067818611,164.70504699208067,1.0188995425529952
970.938801334675,32.135807882078836,13.074084778723098,7.736190767145745,423.74932730878004,0.0,7.0776501205605316,0.00033384186905027795,0.00037792425794427366,45.04508706797813,1.0622129905359095,0.03977675412177343,23.918239227083248,1.2507365425993142,2.53640276590855,152.85265087210632,0.9897831545745647
1186.4702381947432,20.171899159498853,14.67830359824957,7.88817607386007,206.00660099635036,0.0,6.488979134083264,0.0006330331037974124,0.000684560424393366,72.03311808290098,1.0396239860564433,0.04878164720116933,20.518077160799802,1.3306804683956228,3.7653906920099525,118.583216428057,0.9972484761749686
1297.6730281792848,17.44010716222804,14.458173164768375,7.0243652792127165,187.21279957307868,298.53340219536324,6.851989174176516,0.0007804683051591639,0.0009081209955926586,102.91312398059154,1.0624219421725527,0.046999978264012865,20.596733309149627,1.4177506843437873,2.484038945456339,145.90416460635356,1.0368889737947578
908.689143586292,16.247788640729137,13.612208397887002,7.3223336762285065,55.700947599191885,0.0,7.63317467146085,0.0005920024107095995,0.0007046002105020148,77.78722129531533,1.0600825670568317,0.04007933298824714,22.626765928966584,0.9751524720017093,2.790770515197745,82.81223379938237,1.0962311489516605
1168.993188553285,32.636129747771626,17.562220453331904,7.72113229355549,448.70368489536,0.0,6.0880228979927065,0.00039599382881632495,0.0005222319918834456,60.06969357645784,1.0646046050178075,0.0456847075688713,22.023956298512758,0.8261561909601765,3.9639154581674467,207.96186943648567,1.1282406108341592
810.6311033182747,33.904979633861444,17.657726926672968,7.850633811818025,252.61872180184093,0.0,6.973900190981313,0.00026476140624459,0.000346413633713004,63.914750106043726,1.0316326908115507,0.036264367011738144,23.488095940229805,1.3318826940205684,3.4049768140272203,151.46733666349837,1.1139701182657722
1077.222579501943,19.54627092112458,12.280722003337269,7.561526793159915,200.71672127969643,0.0,7.025820110826538,0.0005918730163859598,0.0006869182093815343,47.6286981031812,1.0525342702206892,0.03956097404648954,18.1187331498124,0.6482863757599482,2.736994957088877,170.20158901152686,1.0102407139945577
1246.4155840534074,32.73807667018762,14.880408936795067,7.283665287962313,460.41885700947495,0.0,6.46868324063755,0.00042100090968217246,0.00041002617485790444,90.31687886582999,1.067279293539497,0.04122850029005463,24.53198624424417,1.399658276558289,1.4770562803264768,189.2150737480182,0.8515528967143075
698.8150319948321,19.916211670377926,13.42654033077919,7.402743030680276,196.48751215386736,0.0,7.660264993322688,0.00037731465859728653,0.0004194907631954874,105.97965936267867,1.0523442787539403,0.04342020244072779,24.689543692452972,1.3289535192916522,1.4250364881553272,161.16732316730955,0.9143675976369746
1214.2611269156432,21.645629438578712,14.016617668609324,7.989214379131665,260.32772075937066,339.8549689583156,6.822042254124293,0.0005971738650519986,0.0006358226168759056,95.50958161201251,1.0446100080080296,0.04526222191327896,22.226105254086278,1.893169213455833,3.6687156810644987,135.14569541842064,0.9616019162508898
660.0064670674916,24.72851922423458,12.170867337553355,7.932889365275687,288.6672560445354,132.31644082834666,7.864335723307882,0.0002893138930167545,0.00034686989671676256,34.47332610985096,1.06766290495234,0.03612892642690126,15.54802200070266,0.5568069937741551,1.0208211706143357,121.04956777818332,1.0510557316269369
1393.5963225583364,15.753829160282212,12.480492323329196,7.321451432250484,78.09110278051502,213.86859342832616,7.065080643351357,0.0009236536280453202,0.0010964151136410726,100.69730892809548,1.0638687553290753,0.0415269335421442,18.857224673538795,0.8740975830851714,2.883241714331383,116.42689429940778,1.0981602319019719
1012.6251047877777,16.953685986065434,12.201130099874145,8.235747224736953,128.2763936831043,174.05636957780155,7.210858545575997,0.0006289732154341543,0.0006660434708524916,97.25038019880722,1.0521488346615333,0.03812285630602428,22.93365212396469,0.8655288956829956,2.994145741143184,132.1417590494865,0.9693732030750338
966.2571261869127,16.932929587592948,12.75398057181939,7.057159929063845,163.08231061481166,404.2845641673722,7.7670557828911315,0.0005938934587986577,0.0006588688235923993,64.06240319359804,1.0720864332554991,0.049605389425599604,17.21207059918064,1.8856550644179664,2.043660091042756,150.5584226490256,0.9473465563307419
1208.5059383750852,16.761835194587995,15.895590203471382,7.304731886351326,108.7874465046315,0.0,6.54048362058082,0.0007651069073234466,0.0008965592053270304,55.59144085999355,1.0639621967681836,0.03572594125864715,19.842674989011098,1.2359738013892683,1.6655163766101229,208.11584110083155,1.0069121823736162
1055.1265208336192,23.40354099981325,12.470039705267178,7.569699287842586,236.0785112172233,391.49358116371485,7.650470073754506,0.00048140703724307445,0.0006029029049912529,116.50302024361476,1.0797454210951198,0.039784807963855674,18.25875006407873,1.9385867332815752,2.781349070008013,234.46719907031266,1.0157129609578757
1216.6004094414989,12.613047591936244,17.315802206957372,8.045663651313843,25.738270227947602,0.0,6.884340106911522,0.0009964786598820577,0.001201735359296428,42.49537227487799,1.0628971947275776,0.03887272021774742,16.62435945857742,1.2931250670540417,3.9073434404400516,199.3322013798672,1.0560749614265612
713.9416421028269,30.289864161348845,16.815635831436616,7.734808074820233,502.57455554857677,287.66770349736146,6.543355133411223,0.00025664858632922204,0.00036404829065773953,101.11547302870235,1.0782904310588552,0.036929657975613754,20.684267305414174,0.8194506080053385,2.5305528346167065,239.23601591131128,1.0624743513047326
1085.8520753757148,14.544753314374741,13.61542961654748,7.878175335363228,62.16309687952308,253.77124744235465,6.743508824004982,0.0007719806881972789,0.0009037881180957813,54.29481331480713,1.066862400258282,0.03908490454781342,18.630005082900638,0.5979936381497103,2.8958208488600268,238.1014269987796,0.9827875894985196
1082.2085630369793,21.543143523481206,16.14907827696476,8.236676311215014,161.73928982355596,419.796959080876,7.030459655634367,0.0005325654427078112,0.0005098080490569425,78.90709521909662,1.0525142957050804,0.03794183788499187,23.201980292489523,1.4549484049226613,2.277999958620947,221.0943983225552,0.8201926351910255
1373.184607749462,26.687382637693112,17.711688452484708,7.477158380842059,258.9627131881728,0.0,6.196659947210836,0.0005632922460323434,0.0006311770467774222,93.22078029292899,1.0304440440761184,0.044055053392028656,15.880635236548011,1.8901622453238869,1.7074154023532708,233.52298110896774,0.9665389074449184
678.8131397529556,13.58861680011024,12.697483387162281,7.235874774199688,42.435764892507876,355.45004344100784,7.14350438107667,0.0005101854032261554,0.000474150647271805,112.36658696261074,1.0667984333260871,0.04335591574885808,23.971774173510738,1.2003148484763155,2.880385459945693,127.95731260075156,0.7884484884153866
1000.2936822978852,20.638991589571553,15.36041718637097,7.532281801194756,170.7753121242669,0.0,6.563042188311912,0.0005224311439093423,0.0005894389606057528,99.57330454632638,1.0514371552104047,0.0450512581771232,18.772903386791953,1.9114766342733578,3.196679935212023,151.68434491368527,0.9860553782025728
1138.9747256605056,24.642207777526103,14.793353572631368,7.732426239600571,370.23701661926526,0.0,7.333954044410873,0.0005038074068616099,0.0007177506562744588,37.23364979876183,1.0731756431451627,0.049940657700884496,22.29786041526066,1.112612905605714,2.617840533356828,189.90575201239625,1.238854429301963
1076.4811280866998,24.30802047128543,13.861933971518244,7.174775906834555,314.75130879360387,415.00370632818937,6.86587560715276,0.0004735386812850851,0.0006454821170806349,107.98619689700398,1.074207443554043,0.04071486315742778,17.174999619059918,0.5113355578906269,3.6112253939601224,238.63399655646086,1.1029002758056303
705.6973341019426,33.205624250759705,13.72767564525882,7.050191375462526,622.4425289761248,262.07754680501836,7.158570374281469,0.00023272626858987774,0.0002631703228930013,117.49371748742803,1.0716603096687896,0.04767822195906182,15.826134902442078,1.8561282647714774,3.9679750686163624,62.88776385628088,1.0290351432894922
1109.5316898984322,30.41022744899405,12.518981190145494,7.943804251186718,555.1351474614987,428.0815586930876,7.4885121034217725,0.0003951324638330765,0.0005334899584184534,33.30853282517246,1.0574023997606348,0.04532521001410475,15.490864291470434,1.1641936527859162,1.4034974362896488,165.92438339977582,1.194217519696606
820.8691767068117,13.143650925125264,15.882489871782944,8.285386182711804,35.71373297899047,0.0,6.5475811639780535,0.0006480400859137096,0.0006440883758632737,56.65910835871682,1.0615978640109398,0.046691299238603434,17.641498734003033,1.0302365382944991,1.8167574791444514,139.43680031336066,0.9195230336428982
800.1372615240678,31.663812586078905,13.186335453887645,8.210821030825151,442.4806404343716,0.0,7.268258350709776,0.0002790278329706162,0.000300113242548134,109.46642060200047,1.062071416224643,0.04526669766689615,17.173144303903115,1.9914497468639543,3.1115595844739232,56.469276128918324,1.0327160626984924
1331.6215083336745,24.294632807573947,14.536379164483396,7.48905241333671,384.90487401084016,0.0,7.196723521928433,0.000596960854247865,0.0007043493265857911,77.83125477558686,1.052312593450266,0.03574783098971233,21.322408798657136,1.1610675819936105,2.680167151613081,183.18362271846956,1.0434820745110092
801.9211598214761,27.632246458707314,17.56865351677085,7.5903905206868645,601.7038908291755,0.0,6.983202822185723,0.00031828978890008873,0.0003218471817780167,30.80219577995315,1.0500939810028325,0.049049890945333095,21.174407286283987,0.758226861686965,1.2393597573345636,73.03695294507058,0.9462373853950556
1001.438205061035,14.159383021965603,14.089587201611376,8.077570316716002,43.18941518291487,0.0,6.982021956840758,0.0007393879475608169,0.0007956337441728581,99.13899862244594,1.0789110772051718,0.04413149536256572,24.026126002493996,1.0399008178855969,2.108289870910954,177.56164493788478,0.9551655669038934
1231.7231943821002,22.271499649447563,13.897062958510247,8.280386346902556,141.91628645887388,207.17414097949603,6.924607228461787,0.0005935112680132404,0.0006246208102265949,118.81858406269824,1.0300608768021318,0.04955560170327412,21.170610065939385,1.3427784027190324,2.054706984487325,65.93616455342396,1.057049531236183
1198.2913703271342,28.197811002410443,17.594863627297656,7.463038587829533,368.25099294705143,0.0,6.390236393345491,0.0004665596361397618,0.0005145935853886085,43.40437204464067,1.0733899395706634,0.04898261052694408,20.58827930891717,1.9209367588084392,3.878734262859757,103.45102448543633,1.0203995104500703
1078.5911066067702,30.733769879175714,15.501435597408719,8.237460620821984,334.736315905918,0.0,6.889599070293851,0.0003869537310683564,0.0004222282986115346,108.0182735234522,1.0365541658449975,0.03572784823120278,17.639756790773873,1.7484252498069872,1.3522912584741946,228.68546969790572,0.9554305509375263
1275.8815911087318,30.951096366506942,15.423093784906126,7.908268569910501,280.1731448379916,322.05816676592815,6.665035860931509,0.00044874741327339976,0.0005031117124404872,85.83393042691822,1.0356132306932622,0.03902348853725423,15.33327635256265,1.1166941080208952,3.6615206928487063,166.8600005914542,0.9899668256485502
1010.4049835307084,15.645415790333416,13.334282589933538,7.191434184487116,102.58666222439695,0.0,7.080230414829435,0.0006813936542107294,0.0007940893928329608,84.894111348153,1.068505326477721,0.04205790139067069,21.18093472004207,1.8756774017487254,3.8179818634564486,108.74801028196737,1.0548539661763199
1130.6598674492775,31.650869210203485,15.847302261387666,7.585528890342542,307.3930102871519,247.62040757340722,6.915341337368128,0.0003904864811412042,0.00041358061955046213,34.19676840361859,1.030744405648545,0.04771493722226853,16.672929226311325,1.4354205017447346,2.017678146644921,88.87145127736748,0.983839296851037
1285.1171464793324,24.779108150098658,14.275035264486325,7.003977728377184,135.40253611227013,63.82968414776129,7.257855966398425,0.0005639136427091945,0.0005655897895756966,117.53721354797385,1.0630596790775872,0.037249330415868434,24.968022080010886,0.87791013329871,2.6442675000320675,82.28745524769838,0.9430627653877928
1175.5552928180855,27.38588313729212,15.262817963792578,7.529675347811971,304.9941372421614,0.0,7.086272665474863,0.00047060715212674496,0.0005755158206653439,119.83294855027256,1.0420504641925077,0.04398222510757295,21.806933477054752,0.7964385048328144,2.7300423654065984,227.81963208845318,1.0316805788540573
1147.3424692983403,32.140360085879834,14.386063383938179,7.679971818948461,408.4906799021295,0.0,7.160267667732692,0.00039442685627184604,0.00044843146413560446,41.652224373721225,1.0729209122405121,0.038284397983521665,15.334023420138918,0.5857756038839201,3.8308516012152793,177.9152459572279,0.990020628503708
963.9681470674764,20.54216842388272,12.486351087974791,8.037400087261714,218.01259898795985,157.01723445328636,6.9416962228386545,0.0005019910450920142,0.0005331435546894663,103.57443899477579,1.058241861905976,0.040966622388262784,19.366477429282178,0.7991242176398221,1.8002094812390117,81.41976909581089,1.010470528793936
1082.3756503966358,33.910575485737795,17.266111164395106,7.429861748981335,558.2880611028584,2.9059096505071356,6.738962899088976,0.00035342340938140823,0.00037028561864847726,61.508433530757316,1.0414819995394196,0.039601418978381646,15.938036968653527,0.7682109048377186,2.602993407223302,168.93513121176883,0.9104706536572791
956.1523125735903,32.912630565941555,16.150607746197036,7.844380849108634,430.07477979768953,324.86734772338383,6.463913657447139,0.0003171778858355309,0.0003405005234244229,32.632048041022614,1.0591879935572288,0.0368650904863078,15.002352619313333,0.7509154903953201,2.3571616295405695,76.24629779573881,0.996030678013273
1227.0593746211819,31.001368382193828,17.749398924673,7.862165775295462,348.73256556947746,292.81969952785374,6.830660049032741,0.0004313900686549401,0.00045449323860932456,76.93738990303912,1.0666411609246866,0.04827084974014929,18.952960296262358,0.7624829495137089,3.703404271810249,105.85049969380506,0.9710150355075007
943.9746614568867,19.878478481977844,13.838836921703287,7.681255719808981,140.01998794101246,0.0,7.491608137455553,0.0005105774123938864,0.0005374634674714525,105.84558117191096,1.072423570486482,0.04500143076202501,24.267955439332944,1.0642384242794651,3.8716821706437123,180.93092737369685,0.8908258221082481
1011.031258060528,23.733375147698396,13.688650443303123,7.797266524827348,149.75196204881138,0.0,6.8889988645657585,0.00046333429603877285,0.000621710566446172,82.3957014863025,1.0309709563421856,0.04884998751864114,16.307430131952792,0.5428849970394751,1.5529500754517325,218.1789305231265,1.1309888910418235
1235.7456160183287,14.5010873202521,12.813789804639377,7.59789659867082,62.59900691644098,0.0,7.727918655938892,0.0008929507998863229,0.0010672070780251626,35.107781842002716,1.0762443026221191,0.03766170051560675,24.891734511542907,0.8623058921658444,2.8194053449634175,239.25431562724964,1.0117707546039978
1039.8442112117489,29.743727403124687,13.834249152536158,7.793681857474602,465.7433229847351,229.02191147943134,7.225334370220434,0.00038126645823786926,0.00047471245041061524,107.70299169051893,1.071262325961844,0.04471494592761823,19.47127277011727,1.4133066691288365,2.6967728376267144,234.07174213993068,1.0202329657519535
910.9893399905678,33.1643016919063,13.950537945763315,7.598912937162104,497.2789672661831,0.0,7.306961006536114,0.0003039303239809142,0.0003711318195142355,68.66242888128028,1.041630073837414,0.04338219495900237,18.030962520055944,1.236457382504474,1.4197554015739993,141.68189321929339,1.0721355647034532
1291.2651344404112,14.18195482984753,13.103758161396298,8.185511211994433,117.19250716011469,0.0,7.443810237099062,0.000952038003127218,0.0011074208110084364,80.35517075415359,1.06010030149144,0.04833162430028521,24.306787207421117,1.4237623847669119,2.4564436819458972,123.35743496781866,1.1181526237049118
944.3888982353983,29.363426572629518,13.587555781130622,7.146874602694714,328.39394976934426,213.68148402358725,7.3003316571948025,0.0003507436108089586,0.00046129639904039067,66.60796179480884,1.0562060242246925,0.03783135660816517,18.13750244730899,1.477103830345791,1.4713628163385188,195.83191672004855,1.0854813673002683
1305.199240324752,28.04843438039626,13.764157288240417,8.12308206508747,191.33859159791055,0.0,6.737140622054487,0.00051082067556022,0.0005262789763080844,116.91335979386018,1.0602960904229317,0.03843935095354462,16.5140937689202,1.5723101784706968,1.796247862824886,166.34245786335077,0.9475202099386204
1258.917033299598,10.949555850072198,17.147794984615174,7.9686283781207425,31.89412257643813,0.0,6.675742721670392,0.001168854958692848,0.0012072227895147955,78.64085763529806,1.0422140209021082,0.04103612806964051,24.154122706070567,0.7668233748849239,2.33364004548808,59.76363198351202,1.0186107552200117
995.9907048937716,33.84009202904329,14.677690460256992,7.014612687402618,571.908123814605,261.78522543941136,7.429008432103394,0.0003225821755745476,0.00035042969235131823,103.56415969265142,1.0761549376354564,0.04987891141700206,24.21830789750845,1.588477115019856,1.2977232222389774,132.47037311583844,0.9539889998292616
1202.6291511098061,22.457854379778826,16.91882887628277,7.934650038320297,154.98299833133163,0.0,6.930992131421022,0.0005804042190133245,0.0006181771679492228,115.30733934080405,1.0653111524782435,0.03814382152094259,22.79987253380182,1.7168884696460767,1.822359421835992,137.8346017988933,0.9824163223632746
674.7551867951522,16.99865929511531,12.298573179844256,7.471610145879633,73.48121750162386,330.669935553177,7.295999408613918,0.00041480863576647117,0.0005079705952299763,83.44808729370652,1.0583332952951683,0.04257335068489386,22.674004530438033,1.5603610200291862,2.058174027256058,127.79761516859108,1.0320635740290978
951.2631582200693,10.784850278625088,13.130769325489766,7.659220109672484,26.285714599853904,0.0,7.700321945411607,0.0008952129520623955,0.0010642881195305027,106.47279778154956,1.0773875905683725,0.03919077809076489,19.637875341096827,1.2772281126548737,1.091228327869329,108.15762691104491,1.1006157262673977
1317.3396078605456,30.327954724665553,17.71636638836418,7.672964558713962,442.05311976564093,0.0,6.883995359563772,0.0004785933810269845,0.000460653705190852,48.9371116578173,1.0485283192910992,0.03563008854039202,23.50708310065461,0.6676007100750463,3.7167622668543143,71.87880459746587,0.9188530322534006
1098.8816201492837,18.78261133798044,12.301844062351,7.955754278705587,108.30488157545749,356.1561090643603,7.2878287019995724,0.0006157358502381545,0.0007821104012403837,47.31400674344616,1.0568871452365693,0.04755939302814512,19.065642334630965,0.8498560676325646,3.888451912571369,224.02765992108002,1.064414667030007
1081.9884928018034,23.350842474530772,12.416757643155666,7.63227399289437,211.27223105980732,0.0,7.690512811854483,0.0005035027074688904,0.0006097608601685599,96.63199666376555,1.0616442402208865,0.041557413219241154,19.797929052145676,1.2158576391017957,3.03275024236682,198.04271038981693,1.0319444406106353
1165.16685296066,15.06321969153017,15.10788381477245,7.8264785929146825,65.01392073129641,155.09864119746413,6.662694910081209,0.0008067076354247748,0.0007868204874739804,90.90706326315203,1.0608344561880365,0.040475510896196484,16.59175421980424,1.009733956151441,3.3060875845432065,80.63686468376766,0.9217592134637823
1175.228529675971,25.781947168252714,13.739005067839871,7.285030003054497,197.65205389195924,35.76133398874579,6.749747648405715,0.0004973786485563167,0.0007505245600235038,115.86190237542779,1.0467541667712266,0.048309916249146316,20.312834211374902,1.0957890925754117,1.5296674398632883,238.2570267420909,1.26275062814173
1102.0394393146628,20.32811851612532,13.165147136875524,7.09199023097253,121.74474232536505,209.07064222328654,7.201843521957472,0.0005780647087778239,0.0006365312552054519,62.29034614332791,1.0597493402426916,0.04469357675543226,22.14630173209356,0.8928781257671106,2.4759753007407292,119.65825116928053,0.9921861176766088
975.2496035767251,30.971610113904244,15.652440202613885,7.8687129603289625,387.3787811410353,0.0,7.109978514151196,0.00034731525085488185,0.0004433148186338196,46.23710112169368,1.0514074858384106,0.04925871553383251,17.608837972628585,1.2070944193791515,1.138383502637899,197.50555828124646,1.1018643730139908
790.7503094093277,27.324604394477408,15.65462235438416,8.2850968848248,274.52878885112636,44.97876088855579,7.001403355878834,0.00031662086477231895,0.00033354860631427756,67.6329348586498,1.066344497540104,0.03748561183896932,16.36235016812447,1.7047605227505451,1.707407423516435,90.83793657648154,0.9967987846590978
875.675503335704,28.7649538676827,13.128394679989167,7.100824997483709,273.7549519045811,0.0,7.012306678338198,0.00033461118341799137,0.0004363757858072176,110.22353105519286,1.0481576575384595,0.046600235199010166,15.75409472844596,0.6356277401907006,1.2318265503549837,237.41966269438186,1.0314160599957543
875.8934537328644,16.529936841557504,15.234412612687777,8.183922774749192,51.15564428927785,0.0,6.866017885419728,0.0005616746760853461,0.0007200883115474424,79.23138892496688,1.0525088424485722,0.03706954201008169,19.72595231028532,1.958365766307604,3.4148878835669465,197.6685041517564,1.0751067855937908
983.1195513701,11.660142415060157,14.728815095948814,7.499740553304541,41.47641907705487,223.6684936414216,7.217061238882052,0.0008525970549390947,0.0010108892430639432,58.232842599349546,1.0594618881452598,0.04651240412847408,16.079352182144838,0.7424978276890405,3.6372057034688394,191.57575751282744,1.0056345567154126
1425.2677117632966,32.87894235689214,17.079139760300126,7.849241964159014,310.48983183290017,238.41085179751786,6.8177590833153525,0.00047487406354921864,0.0005421225971230705,75.0305811983192,1.0392746244538658,0.041740435895936095,19.2185375600463,1.7634727809033388,1.4788619477161622,224.0181305610132,1.0022987501847058
922.2854107816063,34.32690568028587,12.41064297728303,7.345867564122486,410.9099276087733,372.17611351957356,7.796251365357311,0.00029341476527848694,0.00039304784493851113,95.82410767410587,1.0573090204597733,0.04841325578012098,21.098345290610936,0.83563100432791,1.2882047281344065,190.36071763284033,1.1070814973923777
996.061081255391,26.731056807265645,13.398683256044512,7.898689561180008,212.54191846231026,0.0,6.805513186790255,0.00040802193496579955,0.0005291047944105576,39.47050196323612,1.073939325334878,0.0404117989961535,15.595795902066763,0.8862356752321575,1.3727318667578676,219.7118775476873,1.0942992162383036
937.1262446569802,33.96577046240111,15.390308702715217,7.566665133175488,475.5149195644486,269.13135651153203,7.080803004239572,0.00030235227801159403,0.00041540917153207207,93.13824932220939,1.064763918153439,0.047144280557914656,22.90660257459311,1.8302505331444978,3.8016902066633653,113.09675087920624,1.2204332881439937
1100.3507813503497,28.363656786145416,12.200306756425848,8.033433226317065,210.42904176871056,0.0,7.537808693411813,0.00042612395196141046,0.0005049997205062478,69.27622551444992,1.0550175410054414,0.040217676098660886,15.948380230755768,1.928694956822059,1.8041136778184752,208.7075050729125,1.0264081073386893
1385.4650948321823,25.751373301739264,17.07416697403235,7.360074836717221,283.9479030308433,0.0,6.399204014841214,0.000587856863476381,0.0005716062821828599,108.94635981468704,1.0364692626420065,0.03620009942794396,16.191253698362978,1.3310086431771144,2.257278134593519,171.89944869282914,0.8689455822093913
1339.6987113130078,20.895311964662003,17.809301049150314,7.432758186825632,177.81163483032822,170.7618727058949,6.9232302338515765,0.0006861114198986642,0.0006855324334086638,102.36132707650553,1.058736899507962,0.044204883576405944,21.543453844168592,1.6092400835645866,3.6478312329814537,156.6475694982791,0.892919514275643
941.4139441581265,19.24588067703867,13.969744380993182,7.812997580365245,204.88646278628235,0.0,7.064676944335595,0.0005247101240072803,0.0006583181073046452,99.10663484581008,1.0506027119103467,0.038454603233602835,24.41252545439818,0.8862764679413797,1.024734657780431,236.0316247486089,1.0449910238651794
855.6490885086238,22.73135720237074,16.648618629238022,7.1369896860549344,161.58227618618142,0.0,6.795146767292102,0.0004082921974045686,0.00043444094733227536,34.311953673391024,1.0487889736756133,0.0464869785545982,16.155679577439916,0.6449972413349353,2.768189549159553,132.8240770249474,0.9243594353892373
1336.0621141853887,15.78339013870876,13.494495157639935,8.267776558394479,78.24830475870279,186.47753693243655,7.647667201962916,0.0008852336316060975,0.0008410063462220823,78.15186309866539,1.0658506569103803,0.046708899961784824,22.00135641347959,1.0068670859251136,2.5571682572520458,162.74238209281248,0.8928585190995242
1032.2023376752156,21.119631361581888,17.688207624839595,7.789542026812157,179.19798312669658,0.0,6.5522460405689325,0.0005275972943970007,0.0006067726481262484,34.87757813918439,1.0787413922006348,0.0406458175040319,19.705142032281966,0.959590776712729,1.5099269901954557,75.9898860618398,1.098393082638066
1181.351012457926,23.198679558541617,13.27026208529637,8.264049824059105,418.3663856048673,373.7484813318709,7.352116479087583,0.0005438565526950756,0.0005091191605966307,61.89736806176422,1.05591627065281,0.03765523282990533,17.030386834132607,0.9798642641677617,2.8588156088202017,100.15925251349194,0.879315248952548
705.02072696147,10.811518766548339,12.035436824786425,7.231525652005308,16.464533360317656,234.2995288069208,7.478020659052215,0.0006529919259001494,0.0007150991349602351,45.44048206848022,1.0392924697140813,0.04718403898233833,20.68424731777498,1.4490562562907001,3.572750447674437,182.93113961706513,0.8787000583131178
1322.1818881775012,20.23354934230514,12.409680628341981,7.921777314659945,190.70448818844045,13.37564881943987,7.681536604487844,0.0007030504720117093,0.0007306727253229599,74.15475748052901,1.0639408509366448,0.048803353555853884,19.29103624207861,0.7873913769041827,1.4510074187036972,84.31119960456991,1.0154290404292632
891.4868965159682,17.395854825105875,14.751982226199518,7.2620204797284105,102.47700297803986,0.0,7.1177075623931465,0.0005454965815681902,0.0006492692708148925,49.311206335049675,1.0525481900612694,0.049066325114478504,18.819126219289608,1.0613405607079427,1.454995733089031,79.76739086159081,1.1026064429645137
1032.741972769651,26.488243139564442,12.23016034052968,7.107963051330553,316.61804074960423,0.0,6.988416366095038,0.00042673121021403576,0.0005496334801063033,58.457331702323664,1.0725490245505669,0.04658408801484995,23.67129275642258,1.3512109317560508,2.716593508228153,215.50772342886634,1.0688877275140398
802.0604016088575,31.10627302420625,17.88230226568486,7.575866683536664,450.83052465944013,0.0,6.081069681050866,0.00028443606988071065,0.0002816369095526478,97.64980147611199,1.0677276003190321,0.038034275690637935,20.591720872674124,1.9525443880746116,3.1808510780716888,72.25408038366581,0.9135126263602474
974.9487604809917,25.975474241169273,15.786961872631265,7.612717663102786,291.7339648345224,320.8092734045764,7.177060189626043,0.00040465252110456925,0.0005395292949533251,99.67601141757308,1.047813002582758,0.047998190629997065,23.085646207306695,1.3359315794059872,3.4268506707203006,240.82764073354392,1.0646359442392377
1292.2220576569016,27.262588108535613,15.413028123943196,7.725529994418412,327.3777304582635,365.2637463022684,7.09338121390859,0.0005115029752641442,0.0005213482668289019,97.92326167919485,1.0711592481898655,0.04094953361076552,15.426930476770986,1.5452943348987365,3.908696305886121,123.10630792592525,0.9232863430076952
1291.8566548457375,25.961448114491144,15.757499858727975,7.606415500159116,303.20325696323494,0.0,6.433447130341427,0.0005439726493420355,0.0006531618727084814,95.84001347271071,1.056696355632912,0.042468156209758565,24.43126223385903,1.2310801242292262,3.556264120950958,230.10583529519232,1.0261284576292022
1016.5168261672027,16.66228899343201,14.509189034026026,7.254341331273097,93.10966547636403,166.79872714019814,7.351112070491839,0.0006416648398524223,0.0005720201579082084,61.97245382120897,1.0653474192932508,0.038837654427524355,17.267272303261297,1.687689674558452,2.541078548099706,139.4226123310122,0.7826767560535313
1245.4345255168846,19.783697466034845,17.314518354376393,7.886776846424152,157.08254237540203,0.0,6.720182195052866,0.0006765394547596804,0.0006472391648457838,33.49528158246478,1.033063376327134,0.04636525108391858,20.128837678961762,0.5713580884844875,2.4923496766717426,101.35440573481931,0.9041229442593406
1004.3760215352738,31.94918187856934,16.276973019441883,7.345905700918109,242.06121444542106,0.0,6.819690860082706,0.0003472312734112532,0.00040983145453955924,35.50149475462706,1.043883355794747,0.049573082033624614,15.667467648238196,1.1039406195667874,2.6621113105789216,151.57931439973748,1.030785425633302
938.4712326594241,34.59662482945272,14.582025615510993,7.377356619840524,385.2108927691756,7.49123295920853,7.223531827672634,0.00030058548434739257,0.00035979726038648833,82.16952881526642,1.0727864466906996,0.04050741188229898,17.104814179421325,0.8127489928618057,2.1957360544084814,203.34263287813928,0.9884555219532554
1072.7016237795929,14.711240016759929,13.704423694944598,8.015703711831765,59.8106752167935,0.0,7.545536630932881,0.000765064573816452,0.000918819743316716,116.84722825565106,1.031071386257798,0.03788839730843851,19.788090268283433,1.0305679289486431,3.4431123719696783,198.11590773626372,1.0335500306713976
804.6431168500849,10.27497199349693,12.866247525233353,7.88632564528133,23.3155752217918,0.0,7.047008451624916,0.0007900158317373099,0.0007242099484960747,76.045868769961,1.064359115084325,0.04215547113804352,22.503041730587036,0.949814225883512,1.3749982168148578,249.95290684097645,0.732538468223863
894.2848663566926,34.99797763872388,13.891041039352949,7.945164332698686,526.4066752446738,182.18098225565475,6.635936758591916,0.0002813682242370836,0.000343028981672926,71.83858932054096,1.0762862493685093,0.03784763954748751,22.726540423095816,1.5528044536819845,3.238901819993186,86.66863053538174,1.119069473533507
1197.6793840895884,32.34982410116567,14.11888747736165,8.198373031763659,442.0083496415332,127.302915379397,7.224245142322666,0.00040710522857075607,0.0004442604740911092,107.48793254068393,1.0721388161513619,0.03718153623385922,19.70557287413206,1.414691741689782,1.4106086305549728,81.9745836916893,1.0733169910359426
1247.4598776339813,25.797441393402128,12.482695397560327,8.108339282002447,316.59449643063726,199.90627094758145,7.120097879412923,0.0005239176112317494,0.0006782188158358709,63.59385671824272,1.0376225129654666,0.042094713947223056,17.476700279837207,1.490175916116206,1.818746678860969,159.01847939782934,1.18421629825452
692.118929259708,31.239859042904094,17.549714275246973,7.28535852666555,515.5771706410842,113.47847689770869,6.74025238241292,0.00024332579745562697,0.0002661305754902492,50.153370797033176,1.0363595759788244,0.04172630731022495,21.065523317906685,1.1546638584416957,2.4715650410321137,98.81402925996989,0.9572695635064915
1218.1387369610384,25.45076037651492,13.547891251961028,8.268933579427458,136.56839043947093,464.56366329912413,7.324268742604655,0.0005121908169597542,0.000571522827158254,115.56751756954127,1.0487932397909994,0.03518112205942057,18.704526530849623,0.7661002141082673,3.762317574316371,57.96063008933592,1.079011878402881
1283.9604899732094,33.525118816113455,15.24019324385115,7.67600070329774,472.22826921382216,158.9620447233601,7.0431536801041155,0.0004212774996875114,0.0004977120220444763,30.186133151503903,1.033006987630168,0.04937169746873656,16.638529993236578,0.83548754724758,3.8629463780154865,161.4455296229188,1.0514029962204596
994.3605999871513,16.32698369136409,12.39679647775085,7.726082168335928,103.22597890643895,0.0,7.655963322651879,0.0006449675938678163,0.0007601800763080497,77.96841077499242,1.0607135764893152,0.049887391579941646,22.615383247178503,1.3125619890224365,3.453003568213496,209.79913949797572,0.9850445591842829
696.5891442057826,21.547417277225065,15.312180864865917,7.362085072133111,193.57650861985235,0.0,6.5272780209200905,0.0003494788614590009,0.00048363259254303456,45.86217723730729,1.0629194056959643,0.047349582355228736,22.87075373326876,0.871158064478641,2.6281167856634626,233.02593640566377,1.0436177782289005
1179.3065127366372,27.435021554155192,15.876092134505338,7.503729977933737,210.75402453696097,0.0,6.469076144410934,0.000471298205520999,0.0005177183266214284,52.339363110986035,1.0640999878363095,0.039559505327049466,16.70138416119477,1.1605402406875818,3.0244006916258837,111.40759804901415,1.0090621239513513
839.5153271930521,15.606399934255759,12.478473780577644,7.724497858631734,106.26019841933405,0.0,7.337242411841358,0.0005674582417567167,0.0006942735782577736,114.61326110392432,1.0712728581770679,0.04455621567200904,15.388155726593236,1.8941146522890322,1.4987315953959364,153.13882221052427,1.0583723895433748
1148.532001901487,28.585277782040762,17.853704604807525,7.043680834406108,454.70040788405373,0.0,6.187356230841558,0.0004414236383134484,0.0005053074978054141,90.55176210984013,1.0459922917975444,0.0488640536982347,22.412348219463105,0.9540293344715087,2.8975607247651816,186.46034585593145,0.9870444600293035
941.0123120545181,16.82172123212685,12.97884737247536,7.93625681806049,151.5603599581202,0.0,7.2359350803916485,0.0005938759651905561,0.0006207425565472157,79.39460150860445,1.0307446417718646,0.04701488082278209,23.052567943098943,0.6589395551495478,3.634360661443125,52.003345428877964,1.0084249642177638
1143.7132188617823,28.46056775821916,13.577421391894791,7.453486690652231,317.0823118658124,310.881861984958,6.89807087592898,0.00043574445040244083,0.0004786353353376307,39.61313721531449,1.0389518818287102,0.04960508266148694,15.7184345362205,1.9471709411553522,2.8864812049377777,180.95639612610694,0.9424992169150567
848.8289367004088,30.9096175938024,16.419025717079016,7.8995515688258795,443.7229322170291,0.0,7.158988572821027,0.0003028631622048,0.00031379415576692654,113.35578421630545,1.0710853808915333,0.0460667789634253,18.94698424659302,1.7258025734053453,2.474981502423391,75.22005193719441,0.9686918497582697
1018.7458035630609,21.02860659564089,14.020483189604828,7.951643098384649,246.8107250496664,0.0,7.400861912033406,0.0005228944423916114,0.0005977728177579501,69.22568071140856,1.0374067063697237,0.039853712152805296,21.938926239548767,0.6653220844474712,2.064784475654032,155.3130393141458,1.0188692987811216
1056.1969469688315,35.742894964889224,17.26024456967606,7.804051174998291,717.7000448127457,0.0,6.846674565147986,0.00032795034024822996,0.00039288591732256767,39.05113470785839,1.0353119971001028,0.03918557915437846,18.330398675132074,1.8370357124973928,2.296573329146136,192.15660452702076,1.0274282426830945
1138.9282559311582,26.41556750071092,13.429270267092672,7.097098118645341,408.71809384912996,323.12528147056673,7.531772939262849,0.0004652902019286944,0.000538785559646128,79.27051312260195,1.0643589414293932,0.038531352877078706,22.888780660936135,1.3981938316504543,2.196592128390785,125.16383742894119,1.0333785172707008
806.0645807455096,29.671148560345785,13.88381658508535,7.732027255923526,361.32949746384355,0.0,6.827030239888215,0.00029905272753646576,0.0004107156680667099,37.56396198094475,1.0604610589458838,0.049591649383818506,15.402993557477364,0.7815968242384372,2.7036537515717853,234.00549522618684,1.0767154710232947
1396.475736507538,10.535472519267577,16.15384168286755,7.460754458576078,25.732435860796592,0.0,6.765064247153739,0.0013412256398222316,0.0013709573490362336,106.70144197667757,1.075834052679304,0.0409315307499927,20.613302165649305,1.6232511171920705,3.8091273620460813,124.12583437946493,0.9438261975521272
872.9494229283314,12.93310228069134,17.160103635720308,7.929031976913874,44.09788762433661,240.2571427671034,6.699037292388956,0.0006899112660473774,0.0006977800368198336,66.55423596953668,1.0705736421250955,0.043905306838735725,17.146577301393656,1.142005443360183,2.1806215544920984,90.06587286425224,0.942014387399778
886.0836625150995,28.49865594313967,17.302902637706133,7.924476605625797,347.4072920019177,0.0,6.150615444931411,0.00034154543230719456,0.0003273053414857379,56.19036461649531,1.0738699592314718,0.04642652550411993,22.139780140789235,1.8867650212941305,2.592229261871515,102.92887365976102,0.8758401577110998
847.4110340985935,34.52100222196282,13.72858576165034,7.65330845018454,369.28942635772574,395.60910277239975,6.855409349552949,0.0002678943356297131,0.0003254147240027973,52.74317127070698,1.075100037375505,0.03560943214716423,15.16125742001412,1.93810441638372,3.2327848950892877,70.0659405518178,1.1118892994131648
700.4965307219769,26.333951353991782,15.185835823921899,7.950766873238267,356.83165786833166,0.0,7.197047029030618,0.0002910231479492247,0.0003663549309794022,48.73100552732684,1.0306256070286166,0.039125735974626465,22.051268627549376,0.6059587587231716,1.6231909737584727,76.34637835485871,1.1712630492760143
977.03402623737,33.73393629458033,14.465330813578028,7.186511966881515,345.18570505554567,364.5389325480137,6.750426038392506,0.00031611004169227965,0.00038530882785469745,47.376679660593155,1.077499351092371,0.048485602036075076,19.560478787082964,1.791448037176227,2.8264744606413257,164.3807995316777,1.0327537615515736
1248.4886502044042,11.538560810156866,16.05632554989121,8.060933798986033,19.90447980458138,326.78735360798765,7.138930122139651,0.0010862336826926505,0.0012043928883992815,84.23797052785307,1.04317440491231,0.041691094168401534,21.966515193796184,0.5697496205095965,2.6606977966984715,170.9821307965173,1.0549090204664655
1200.043076740812,33.18289008371522,13.364506761178015,8.26000577093971,454.67072231982905,0.0,7.1383136142640975,0.00040015889576867946,0.0004290158835314036,45.17338068261316,1.0346691615600525,0.03944220774604032,16.149148041238714,1.8498079091832613,3.3727060673245846,201.11938697216038,0.9420633667620698
800.1553684653659,32.81017644057421,17.034477420177986,8.17086523366839,342.76232477016174,0.0,6.608733248982106,0.0002696816343040274,0.00033586702752044236,79.1584438429899,1.0751336405899348,0.04469814576028765,23.33949076483485,1.2314842643722284,3.137479841460878,210.86509242684483,1.0127949167077763
754.5330201709328,26.350565055100763,16.279751135420664,8.055499412787457,266.97095531917114,0.0,6.357421088596803,0.0003132743177927131,0.0003907919062343344,108.85488240076785,1.0448808459547483,0.03820574623626161,21.553015906927392,0.6299986136451634,1.0722008807228751,133.20734538637691,1.1237520124735516
898.0709376324216,21.16630158756726,13.049376148157474,7.526680152119077,105.91044459438368,161.3756680356323,7.5820584158312,0.00045473700532253086,0.0005122177767188958,96.44535487837513,1.0372100918819276,0.046366778601408046,15.358475584295974,1.1002522264869246,1.8670608753284292,91.18110763494609,1.0283680001273894
1245.7025093374766,28.328646457285338,13.884203926705272,8.212336454947401,404.6250247416709,383.23028773773115,6.991972819673162,0.00047523716485180543,0.00043056284511284955,78.5925140966649,1.058313750431724,0.044883455791781664,23.697822224433278,0.9904471119837261,1.0604867076759095,122.11924852281182,0.8942170740190273
1027.7247896930312,16.341846181757138,14.016895572240538,7.730849508132332,103.88750570516387,0.0,6.783490056384238,0.000666013678210291,0.0007610704742118137,68.65641798145614,1.0713338188247161,0.04837845680967211,16.67253890341977,1.543831429827161,3.117625543586473,129.6810716025853,1.0267291915261354
1366.2372939388538,27.358799271323488,17.580093275687403,7.279793097132976,293.70608448560057,154.7521122169116,6.2251638751500895,0.0005438172947849764,0.0005673517026510677,61.144737638400244,1.046224813054611,0.03799242326858743,18.83201768983981,1.5618339368060588,3.0091843980646846,51.220023105522095,1.0028020490114662
1158.6665698911568,28.050737856514644,14.736588855218997,7.705222400550611,362.15409484435355,51.936471803228734,6.618572082190113,0.0004524289284919978,0.0005490958404633084,52.693880452111024,1.0728220659326577,0.037130152512268026,18.514214207037835,1.0513583716034955,2.8026050862163316,157.30707007811026,1.0761915081288063
1131.0654753162403,24.037461993802562,15.697635083816397,8.106103846881721,259.28333285501327,0.0,7.069806686805249,0.0005121370335322083,0.0006953623947838455,67.63402117131564,1.0784217405461058,0.04541301659087965,22.724137875300734,1.5705897504718074,3.508696255889876,241.11293086729407,1.1457574487239797
1245.2636960648165,16.76194502204154,17.584227572800124,7.881484150386344,91.4297686092138,61.44646023881686,6.40775252385566,0.0007858671159748096,0.0008291699990869936,118.87335552005642,1.0567136797682672,0.043372378689167775,22.576079669310644,0.5147199916083528,3.694976703389809,79.59677805072914,1.007183964765371
1231.700916705125,10.054780036684143,14.379776711861874,8.082931381378025,44.43177995504619,0.0,7.097011377512824,0.0012322614456608115,0.0013319749703345164,79.4895466246856,1.0415410596217003,0.048816587843014944,15.846420459920633,0.8488471082579491,1.9842460373117472,106.84001749663847,1.0446364110112596
915.5060612611983,15.090234234550824,17.67688592149457,7.045615547056006,71.43326991268177,0.0,6.377048428830559,0.0006379325432582956,0.0008194378354985371,56.243295547300875,1.0449280932012694,0.04904821190390324,23.52724548570577,0.663527663766749,3.5482942915251816,169.9569635705513,1.0864527255393523
847.9525365441351,31.678163887036913,13.752686048281186,8.260845118858144,506.4240178296222,232.28806795190977,7.53515321975983,0.0002928098994113178,0.00031636125930253965,54.44881233150296,1.0384300917115237,0.04873926621342936,16.595163048473346,0.7394875863724617,2.5516587968242437,162.2929681357911,0.9355959186294617
988.4694412065808,15.519134329441316,12.076438921621405,8.19943369440548,150.4196184586885,0.0,7.400783909501373,0.0006715751504754137,0.0007516252237368034,70.03267423198378,1.0520768866786692,0.035530615564258364,22.16462405330588,0.9394670515368864,3.7892249999138508,164.02228367311136,0.9859408110516414
1028.6343066400805,11.932604285658332,12.61579122917959,7.653668382592552,20.951592619935262,0.0,7.256097634763124,0.0008853645076259102,0.0009054453855109903,70.68908689996988,1.0498568949432687,0.04601166771163753,16.245769159879625,0.7694048236946427,1.1708462496034489,204.3672044113079,0.8777297076694766
758.2603153898091,16.41250200470281,16.153893580823706,8.200263849980344,108.19297810813799,0.0,7.1602727819350624,0.0004894086637480526,0.0005509779056863031,61.21715758351293,1.0445608072312162,0.04695718613500546,19.09610228880505,1.275048698647089,1.4190359075321108,144.06671762688666,1.0244191132966933
991.3564477438006,23.49849270812262,14.287980553839981,7.236436132788917,185.35431713827788,0.0,7.333160852429201,0.0004585755204526966,0.000534269425624695,79.46627074975648,1.050202711202047,0.0450358811665429,16.094239027434682,1.9403566961845007,2.9978161743550267,97.77228507573406,1.0637936590889348
1145.7824930759334,25.2431178837832,17.001182163521896,7.4747206425508645,359.31760207722203,31.15485310437735,7.06491522243323,0.0004947200396251575,0.0005318569065762394,96.6972833802772,1.043100259309179,0.03864222529927485,21.68525430557347,1.8900687319787828,1.4883191238386895,58.54327445816685,1.03286035094606
753.5858848771472,32.805826553035175,15.19781445968368,7.219784485125874,366.76043168516026,113.88557609352677,7.1391742057625756,0.000252882429731713,0.0002894418190949717,93.07848095024661,1.0729060493527545,0.04113003509470793,19.006611458421663,1.6486045444047195,2.9950811815305354,73.46763959977267,1.0411259839218272
755.393476909867,32.22366488587964,16.1139281202721,7.870847991799022,286.86179227041373,0.0,6.4818069994528775,0.00025902979532007876,0.00026352429819246335,95.40041244977361,1.0757969242768397,0.04193169020663662,20.624247065565015,1.716274570925496,1.397220956991553,81.62076975663922,0.9443990428829
783.1552589353255,35.187240081946236,14.115382742939818,8.192764584880248,620.085839902488,0.0,7.00860834678841,0.0002468769920259039,0.0002635937575580947,77.11496512504321,1.0517428657109646,0.036981781062077355,24.986798965380828,0.7136253066366351,3.585804130970322,127.68237221409989,0.9386135720507487
868.4318333687202,32.99097370677577,15.523642254763411,8.210888043113979,529.288955182028,0.0,7.110700070635767,0.000291173372059587,0.00038895826890156476,104.78505243442152,1.0358097058921991,0.0444027156459127,23.244483852264395,0.6251502561633501,2.6070166094561964,211.03247172703524,1.1135671585167783
1396.2098158562062,21.706697621476124,16.188415532160697,7.103968087686124,156.360670464825,0.0,6.473050187747987,0.0006956503462067998,0.0007834231632938657,37.46766363843923,1.0446562076726071,0.038229362864562036,17.001120951055867,1.490566552363474,1.0890060735832554,98.30375878635813,1.0591850243515848
668.0656256392691,13.688853203004765,14.260670337436952,7.9989917366838075,78.22818082461322,413.7013473914108,6.970869326286382,0.0004972119109400059,0.000528296623827293,82.15110635867701,1.064213907426701,0.03840168642133468,19.33857163081514,1.1326772114112138,1.9106644370965316,80.13954115958641,0.9753735553473816
790.9490340227446,34.85029035097794,14.944662297342608,7.726527989669264,449.7992339909911,242.88706963308582,6.551909837387127,0.0002492651451419833,0.0002853138579830588,104.9257135259076,1.0789783508592312,0.04476183328741332,20.687747683750004,0.788401488990251,2.4748651448337085,70.54543931652448,1.0541012953444244
776.407219035462,15.947817206761915,17.061678855216307,7.287187223760389,210.70288161138484,213.54089131669454,6.551296095528405,0.0005088092166338284,0.0005856071235779524,96.04299679909717,1.0678116958644732,0.040406131239459846,18.368220590791605,0.6274473902423032,3.147409802690327,167.3844046374591,0.9443545100961088
1017.0427635695104,26.1751119072408,17.57538055968302,8.163297750383963,462.3196397105531,0.0,6.584628008392007,0.0004249201232428403,0.0004296639500627846,116.13784379036451,1.0332878101328127,0.04741957913122497,15.605084157734632,0.9588600222985885,1.8621911901995125,142.24270778715947,0.9271564912699126
659.7266216966642,16.87613439222806,14.101993624240974,7.687323347676529,97.03056064443312,0.0,6.723649605318372,0.0004151065643215873,0.0005289217085312533,42.731284879894545,1.0474108213843127,0.03512818321329363,18.483453984486882,1.1727126917541895,3.1095029707841544,161.92897593121592,1.0326086531719543
1004.4587655819654,31.237448501946414,12.402255200777965,7.054646933426632,347.18751315950357,0.0,7.431221059891994,0.0003548488496678831,0.0003786169375152878,89.33212367376768,1.0333549392091488,0.04930017600843152,17.780082971224548,0.5339222139055642,2.9963622534555268,72.83200780269215,0.9968954462624376
774.7536660327029,15.220126067295878,17.05295029084078,7.488643371720048,65.03814337743827,207.4997033244426,6.27554044051404,0.0005298864465224867,0.0005821187199481216,100.92145489473309,1.0580835042613952,0.045454653334808595,16.98464155816642,1.1091446510754241,3.6435932068446175,54.42003521541392,1.0285561090985686
857.7800932318794,20.940398204841927,14.683563685677989,7.887079897123029,194.9634618801795,212.854310458397,6.952423521680342,0.00043761249579687137,0.00057417863011906,66.13576484474208,1.0497616399054261,0.03971586196345365,16.607040233479992,0.7369741763985158,2.1861164744233914,80.10118115242058,1.215485614305211
1264.5187912815895,15.712197867672696,17.815758879825434,8.106147708786906,93.80827871639212,0.0,6.677615865516731,0.000849296451714173,0.0009095340112822114,52.59719038081934,1.052338033116906,0.041147304263262255,16.07412575657993,1.8088328843458787,1.365634514675618,118.08388782863489,1.0386541719362998
791.2042983090364,32.37470851261995,16.576886425214887,7.258699092094334,488.4684551088137,0.0,6.892128497373082,0.0002700953700577856,0.00035274752764192,69.92174695341842,1.0442608529955837,0.048233833710783124,23.43258317971668,1.590410094440465,1.665068448966486,230.28216709659233,1.0183593179595332
1128.126232127654,26.104994746857955,14.208405697543917,7.7695125034675705,288.65385260317026,0.0,6.965128036034374,0.000472584885187128,0.0006756838056959166,104.16723116804762,1.0344810381144207,0.04922996520706881,19.54680339853386,0.8162932031610863,3.4535127225259097,247.03392581393825,1.185277846071017
964.1109459755194,26.401347255427346,17.101793471083077,7.1126181763853165,188.34252221863085,165.46997591217766,6.291764133841237,0.00039670959495068797,0.00046656332158499314,50.21155570498409,1.0691422500070273,0.03940493923562688,22.28733276663906,0.69059147713096,2.4699574364749415,237.7884104260058,0.9423073410274599
972.8893528655846,18.176929848963702,15.286798113360046,8.185251849666518,108.89416163561314,39.88080684283735,7.329746807663883,0.0005705516473337267,0.0006056243916438423,100.69999607946306,1.0472034608622816,0.04492933110021623,22.775031183489,1.6727381083871722,2.706170154520701,108.35192632663185,0.9928004445624496
1283.5057348911935,14.588785513539198,16.280410489779637,7.012633222730919,108.08217671938681,0.0,6.758582047311383,0.000922277418404559,0.001005418434609176,97.21328913184004,1.033507774522165,0.04212001046202956,23.536775971847312,1.6389343040291355,1.9650966371330796,169.79469497083187,0.9662888853124434
773.1918343576316,32.29077422270022,17.309665805707752,8.262164787085549,548.4986134756467,130.78307236422575,6.557763163806623,0.00026321088978766,0.0002730786855549572,79.44923597296894,1.040108377367363,0.04584056057257746,20.873755352152347,1.9581781543959786,3.4826859544943702,51.176543981542096,0.9974303646411394
1366.7243551449772,29.879603819245965,15.481059527626275,7.734903946636351,334.36627496666915,240.95810397316902,6.38713998422186,0.0004986873053321894,0.0006649608600443508,76.49728246280526,1.0324795689554618,0.04635558345769789,23.44770135827286,0.7074610330275095,1.157541417622138,174.60408902658241,1.2074487115413401
1343.1358869492215,29.09558003720887,17.684231883486625,7.977559849211713,323.1093953641784,0.0,6.757091735992226,0.000507614467150613,0.00044707569459060244,115.04934151989721,1.0737184752068907,0.041403613738803975,16.36361019082838,1.327865671550085,3.9825988930369394,50.494635222600294,0.8588631354384619
1167.9544870877335,35.9256093762461,14.39014818424576,7.869926820824703,405.0965263793559,24.110797661086533,7.2888622380742225,0.00036057934659207257,0.000428366041082565,41.90172613157849,1.0386078971745547,0.03720507809933329,16.884453829519696,1.734547156841976,3.2511779911589493,90.83469208452757,1.1128267807633005
686.4700155136294,24.547846463053027,14.272565322786821,7.65742022841265,254.84766168624276,0.0,7.241011176665266,0.00030475470321217,0.0003498679541130999,35.79933162804788,1.0769357848076893,0.036930092469074735,21.465806457432155,1.1692310065378482,1.6714859253327479,200.25853424652732,0.9024860025908787
1164.054035165991,14.64247667573517,15.841277499664098,7.569618787778847,45.18523477852854,335.3644620511407,6.740288113145924,0.000818965359304198,0.0007703385733305593,76.88109240117632,1.078572309183014,0.04744608918495072,18.759917372991044,0.8737847174344728,3.0892681059424856,92.60498385995072,0.8833088884343943
1115.0704968791993,25.848060223507787,14.42974957085631,7.270327386654166,357.6964252142936,305.81501210205005,6.961137647935865,0.0004652780253971379,0.0005154442352210266,37.58764401964702,1.0361128930584367,0.0418253973709166,16.911181028662938,0.6904670373674515,1.7130343122325207,124.52102081393386,0.991834928979167
1248.776196916685,17.469716635588718,16.244712181033286,7.3725135460329225,103.09997161418278,274.3791315653515,7.030499149176161,0.0007507476882947184,0.0008520120780156126,53.05097775256772,1.0694803498960248,0.047501242063055046,18.7151525672532,0.9316621946103806,1.8444041199881749,177.69270598613917,0.9965469981464884
814.360971050235,23.336415461745666,15.18744242399522,7.122393559947543,241.08748927947448,0.0,7.302777903753695,0.00037914724965709045,0.00041822010311290457,41.907305686552334,1.0407588987176073,0.04750719104127682,18.95762813623328,1.0416427986939423,2.7609026473276623,105.8331801023757,0.9796152915125819
1389.7109760895316,21.94240641601749,16.45435534024944,7.348666632982992,99.80338060105929,303.92047607537705,6.780715785775026,0.0006759215002237923,0.0006861595651815922,115.1671271471232,1.0656237002501352,0.04592053398136097,23.893898463395107,1.4799001384185562,2.6632222934412493,142.93728787205737,0.9178323867546142
1337.4613825164563,24.651715623026003,16.954727514066825,7.850394837170031,272.7521806434993,0.0,6.7512681020219745,0.0005913448534078739,0.0006739372435087262,75.57049685780156,1.0783214388543254,0.03760202725461824,19.312134454811627,0.6174541394964574,3.4012336893323107,116.51162074154433,1.0598914749535737
736.9698552424182,33.955782153021744,15.404702540858787,7.717082035407706,622.3468248264838,0.0,7.176458712131806,0.00024037481503917023,0.0002567709998986319,53.3031219699669,1.0531686581669644,0.04986746305935927,23.93367704952568,1.6288710396916775,2.989873338506213,142.6558688877796,0.9048625191661507
893.2270459819536,31.06522059039091,17.486449581515238,7.7377467961751565,195.96979085055082,253.05301406286918,6.395292628242685,0.00031392460290611044,0.0003471390282104557,59.3267919529838,1.0407481246159742,0.041263167072822814,17.04634345377428,0.6922688019219336,1.006886841578006,60.669365363539306,1.0562672781061748
673.241578975061,20.793888422685725,16.686723371041133,7.6875566039385115,285.6858205903978,0.0,6.351654863917225,0.0003491584028219308,0.0005122425109953588,46.62582481680303,1.0629879480947333,0.049533418417674606,23.706637362468946,0.8986908245887344,1.5121253860796346,128.24489685771812,1.2621605041095465
1294.4769314090795,31.250649834325475,17.142346610076164,8.229381553253335,429.3808430616396,351.533268611595,6.829329773479746,0.0004505790195410585,0.00044284999200236566,63.18745803717805,1.0604287027527843,0.0352035205440143,23.243322602751974,1.1758022287725565,1.0450937207370603,214.4178188801801,0.9036689698321692
1359.943712907661,32.373572500016934,12.116910219373745,8.10526432730474,320.5753995113959,291.3453216282285,7.499819603787422,0.00045893858867212417,0.0005374557723563842,46.36368480520761,1.0421834158490588,0.04642782964367653,16.781901956474467,0.5721430855684101,3.1619978759604725,210.90383422132425,1.026456958481079
1418.0715975704516,30.12340792829529,12.09262974018423,7.34318553742639,225.14582034537287,118.52027718599301,7.215415952938971,0.0005160948160528692,0.0005592850029375042,105.64929714846475,1.0569412071216389,0.04822005657748295,22.67012762532402,1.0131601763889286,2.920068500958564,97.4818296696053,1.0146417780738772
1124.0776637252802,24.3361033251265,15.807703949109444,7.723855419563598,347.83341341763753,0.0,7.1158708324306215,0.0005030891223241759,0.00047384819885112336,80.36974585194238,1.0554020202087337,0.04754629701463737,22.949317458458903,1.9247254080521408,3.8618579357957974,79.8908422741009,0.8873381095363186
1166.13678034435,33.38297818412883,13.997673347837312,8.25954044146512,445.9178128308043,69.6043897345907,7.3209340675028045,0.0003855509325833758,0.0004098866276463709,39.63414617233077,1.0505336774610292,0.04476792473260387,22.897354192674804,1.9247855552256434,2.635165422386492,113.02508213715902,1.0059457639506821
1175.7995050599757,22.790983566051604,17.237720118140945,7.347872011081917,262.1688738462161,0.0,6.143344209682034,0.0005596686683744415,0.0006542667185099057,106.57168176454167,1.048643610702163,0.04996327672304088,23.98932694348238,1.7112670258708143,2.864032149476463,94.33359790413185,1.0879398024734368
1091.5754822844617,12.75483925029693,14.350580961977034,7.91166542830709,35.82867107974295,200.06745759945005,7.015682478668885,0.0008754922207932169,0.0011056033586684313,70.61058617599828,1.076111125596717,0.03864840969983386,19.54772438736677,0.9480595270824268,3.0771571288099127,208.65340667158546,1.0846242249458673
1388.985025028443,17.07524700755657,16.46330701854135,7.842023690950618,93.34337551888683,0.0,6.883986418842265,0.0008645173264408075,0.0009649007208591097,32.96988244465879,1.0630179007178129,0.04174051393767784,19.916667366729,1.3044609047125069,1.6481797626949015,112.25670637131509,1.0626109435734619
1120.9160359507625,27.09533728144085,13.476283648137192,7.870353522474559,384.2802422138852,229.42878491595332,7.56291097215089,0.00044889737942093144,0.000489098249135538,98.19986493260083,1.050532929510038,0.038485430886539114,17.52592304382818,1.722255447754576,2.27521384409488,161.33403344072724,0.9593516294222666
909.194858495375,19.8572865097952,15.776935084719327,7.7232807142170055,127.69784767699439,0.0,6.992961523784507,0.0004922183529483987,0.0005767542139820723,89.53077973008197,1.0581660694901607,0.047097569171120464,19.984350979601075,0.5009110691271539,3.0567712702367675,172.8567460833513,0.9959280863994487
1047.0184926690674,20.993304853400893,17.403703504121843,7.9628822759904105,244.0556355565472,0.0,6.311199693737048,0.0005381803796942003,0.000535269802180982,75.17620550556882,1.061335625897362,0.04337395405667427,24.243666724437706,1.1262407202269942,2.2565910081048246,96.33998161323439,0.936057687356682
662.5197166575779,20.45743099405061,17.172582036502625,7.487999554942797,110.76499653166826,0.0,6.262260909032783,0.00034885507835855534,0.0004211765283179438,67.35214922507704,1.0734648064016117,0.04669877887158605,21.290314409634483,1.2940234883661468,2.6249669737321284,66.66131752532236,1.105657960648552
1211.3702651536355,14.992951574978635,14.19866299946527,8.217974814096582,60.923683826111294,378.7492991215482,7.497183720623977,0.0008324259731399983,0.0008087475721095258,95.66837988472622,1.0525111883525895,0.03612293661330578,23.064021627128405,1.4364860715680932,1.04823323985575,161.21064203360055,0.947144326686186
1187.8705972793473,12.431832871356018,14.890825351149928,7.737345900640849,21.67074237736379,0.0,7.27911421276372,0.000985706722689466,0.0009436583017815428,117.72685736519372,1.0707171621742426,0.03567981431568372,23.68118006918317,0.8557046717334693,2.145544390194888,68.25236568781612,0.9214824417735785
975.5777878901021,11.27610157375713,15.212458649822798,7.43954785524779,36.38825985941054,109.04901768994002,6.801719889288113,0.0008771516318501912,0.0010096078515739642,75.04068347524043,1.0379205397995632,0.036236516047431964,21.107696844780413,1.0076435029791757,2.2151030803234475,208.58358355390487,0.959155727762458
1310.4522883846616,27.485194469539078,14.067185280539675,7.830594162942736,185.60530376854635,0.0,6.966057553434711,0.0005228346526978356,0.0006342690868319123,110.68666420009761,1.0664784067495707,0.04788235782380218,20.52313295148312,1.9953461505259136,3.2488392787750255,84.54361066181053,1.1539756357086226
1235.799302571533,18.42686023298711,14.903691395586264,7.891004632361697,102.33684605901395,230.78984651317558,7.18518211629268,0.0007090047429891094,0.0006866283230822386,79.34182076566368,1.065105880416171,0.04298788196874889,17.11580123992528,0.6192873891042822,3.296760745806902,135.29857627281046,0.8831513203096706
909.9406175364628,21.87829441921188,17.78732267440867,8.195110661233269,247.2439780068219,95.53673943971599,6.636706522106775,0.00044803760666181083,0.0005260160245155136,51.56858657296927,1.0306135161118333,0.03592650019864465,20.82234915941197,1.7346526480299165,3.540242492129512,99.48125359925402,1.0809221123977804
708.2934204556277,34.31502673118964,17.278891006704008,7.826796546854825,453.8447605598265,0.0,6.353117876056919,0.00022869147040634262,0.000301425568903137,94.27388134574348,1.0621998445041396,0.03584005308585533,21.195713945029667,1.3754928840530563,3.1163752649989602,172.8466689761484,1.070140001957808
750.8695133168658,26.293295232043842,13.887237779104833,7.679247021235252,534.0686320689967,0.0,7.069029945763608,0.0003124194275910903,0.0003333818614373616,100.78329612315261,1.0336820654012857,0.046013050331434116,15.490910100285129,1.983771553537752,2.4159760278790294,90.66405291533565,0.9624282824795056
791.3637944224797,31.077005497527132,16.10354953331757,7.4589744696366465,630.4048727658795,0.0,7.2009559435797295,0.0002809114745870529,0.00031054112319198966,41.32707490750512,1.075459700548623,0.037696473409259725,15.044994637300531,1.3717709675103582,3.0231306789734953,67.37382185075853,1.0232807527622276
884.4482265712882,29.820554000378642,17.690660909900444,7.553220382296652,416.5890335568362,241.86281524780713,6.470127854249396,0.00032328421351574243,0.00036252316532443856,49.33955909964157,1.057751009599399,0.045056973581502,24.75807385733225,1.1014285268723745,2.487450706296357,228.41330243682123,0.8915192978564526
996.1672334436261,34.79646561682898,14.172734003634165,7.372476287546268,517.9722121082905,5.794726072515628,6.558522422276358,0.0003173334648190599,0.0003448268360988562,40.47303431338487,1.03751050483023,0.03791872687306311,15.523095185671105,1.9448933554631445,2.329942957804384,51.37451785775833,1.0380187324548942
1369.9813379096881,11.737335125799088,17.090939462724236,7.806264474106131,14.812989114750247,0.0,6.23043468281533,0.0011963169845001208,0.001278899376561986,33.35150956278447,1.0666080512777731,0.04852406521751467,23.089646696793267,1.4001161622941385,2.0666093145880584,71.51181187931384,1.0449302123554447
864.6091245503147,19.987687123693902,16.784140568140714,8.119630972006245,132.2007598467581,211.16089225777105,6.3161367701494315,0.0004605701976726854,0.00048015785684730084,60.32114559001707,1.043642990810178,0.040049786694284585,21.246066309577643,1.3931141666199462,3.596554366400521,103.62688321405625,0.9459488454636034
1347.0996458475329,34.689910433036346,17.320480609962292,7.770615847568324,386.8006950749848,0.0,6.7110024727941315,0.0004304428549145596,0.0004498406633972071,74.29256942908142,1.033452167824129,0.0464499281663691,23.347608781210234,1.7439161852972451,1.757460328283754,58.687424075931325,1.0211018429339755
1177.3995761229107,22.075266007662677,12.50618099069558,7.26389648213993,197.84206777577145,265.7917605850234,7.174076605185852,0.0005705258928727179,0.0006638874108782674,82.16912755131932,1.058086888249192,0.03961471748359492,20.445980203713688,1.0181246519099962,1.2352776151586042,180.2433407720565,1.0087498131828259
1312.01748788551,34.64280245523365,17.5377302813819,7.047307747258824,286.45557284553627,0.0,6.686275127805291,0.00041977658015559936,0.00047899516103061025,74.59466192965684,1.069992007463617,0.0351145507494996,20.547448030271653,1.3987760463633903,1.083544635265504,114.369547061672,1.0543802292867714
961.7311410672828,14.80639582601608,17.886213467635148,8.141498153415311,58.203096199327454,67.65364132790118,6.292722939359298,0.0006793598487867583,0.0007962042507275374,104.40972647648226,1.0657174567766472,0.03741028956032955,17.2117560180819,1.681839865681849,1.8367996952713754,144.0602453300107,1.0654364651536772
650.5493052088159,11.566388060095477,13.448101725668677,7.383796537455116,19.6065267260899,387.617537708125,7.451310393164295,0.0005628969397939686,0.0006958938871113493,45.896152759204355,1.0701517800146743,0.047005708874124516,20.937391892297043,0.8282049243501854,1.143455184489993,117.80875126825909,1.0984386382520448
1260.2606076870923,33.28212413837021,15.798405499813283,7.895470071929955,558.7156374740471,31.702855680225642,6.7851898554188885,0.00041848186074143685,0.00046632014007524426,116.05070515317622,1.065522964636722,0.04020241419824406,23.925832040489393,0.8670571115694394,3.2393094837617276,163.4047511950803,0.9980398760064765
838.9802122485057,20.692580792655694,12.540625237657961,8.229100808895641,206.81207762070147,53.44124518840947,7.757983560522419,0.0004360688067886834,0.0004929598258800673,98.1547647694519,1.0492636385312386,0.04553022911952966,17.283814338507593,1.6297698572017982,1.4708097784525551,123.63338946782581,1.0559548254197935
758.8496000832305,23.215153859690858,15.614006827913814,8.221905068424514,208.10703929821804,0.0,7.072229693240233,0.0003550300427910551,0.0004017162042202745,34.59395313411721,1.0408781135513345,0.03779988085200393,24.255160859917815,1.780502789859424,1.8086870467969884,79.99471280770203,1.0823700917870875
1270.0044634653088,34.343168677238936,16.251269606947353,7.721264123195281,392.66042165610435,0.0,6.700831839250638,0.00040974735492305543,0.0005428825398185854,35.14815475116591,1.0469482688780913,0.04162305708847619,17.51278724914204,1.5549090303204116,3.0950280985181204,202.69567902642436,1.152721665695141
1181.9636896983075,15.705163388701777,16.47361293221955,8.187109691210221,100.41189920512544,81.45870755715775,7.138113600799757,0.0007908757723626966,0.0008761825124611208,39.81586551644439,1.0716171732708262,0.04325880216621213,21.425271522107696,1.46095309721338,3.6034100478937585,144.38257183861947,1.0159693263003788
813.2590262557868,35.1731233112848,17.141165517797297,7.52351477654319,347.8792076756674,0.0,6.427648418801863,0.0002564419200050169,0.0002836328682619514,85.26608078930805,1.0311578081609332,0.046395227358547605,24.153481610029328,0.702396590779623,3.2800206258833455,119.75030844841157,0.9697199058808421
856.1786518525728,20.310300636615068,13.760585209778109,8.22275206855898,163.2645220085332,0.0,7.072842486333954,0.0004539258342183605,0.0004906696251324842,80.79617293746621,1.0338617952062734,0.04900104686059594,23.226981578519922,1.7693054834147528,2.9122362478547448,153.95503827559133,0.9551378611482484
1378.7130288548406,16.4328756704851,12.695668808764186,7.8824418961723905,64.43070524692095,236.479919927267,7.13052124366737,0.0008783232781354378,0.0010022799113783073,53.02208269076699,1.0759387854255833,0.040504083832257835,18.10379021183183,1.974534315333157,3.150793384245598,208.67559777481645,0.9991277593821095
856.9225446217838,16.07630934528871,16.901816024182455,7.104501202608669,120.10589656920531,337.17772648551113,6.186967653267265,0.0005539616760394694,0.0005803010056505052,90.72367023044688,1.0305163882820638,0.0394235313650401,20.6219838844345,1.8256871709129863,1.9650756164394783,159.58303818751185,0.8757232254061562
1194.4717731181204,23.479669321553914,12.154236758554212,8.055797812053704,307.91774321657135,0.0,7.1733146680888344,0.000552984570846948,0.000576800476864383,60.55535218664329,1.0577558036683075,0.038244157297893454,22.935185538143482,1.2910496771933493,3.892218883364239,178.05859044016572,0.9234559977379976
748.7924258884021,22.14111701285367,13.398695297715102,7.208852919084069,232.29843944351362,0.0,6.726164831446153,0.00036626263602165544,0.00043490751601087184,100.9389445127796,1.0747856142456382,0.045387354486022,24.804290813670434,0.6892896815056717,2.2707381937075417,90.57539503177847,1.0641818562754084
1282.0979062436936,33.03861150609556,13.42134815004816,8.296193351151516,467.3239596979749,9.437061666114117,6.767321145363449,0.00042914386346735105,0.0005574616335470123,95.86387652353385,1.056059271846172,0.04509588289171802,22.38822231346768,1.167273331812547,3.0138930877147514,173.94569779950046,1.1868872887021942
739.4850287273265,11.32085481485326,16.650856928875537,7.064232842356563,27.759503136517395,56.124118832284516,6.302529448071865,0.0006645572490012857,0.0008414899736453406,51.07924270918941,1.067200434262867,0.03908985113762539,24.229403112592312,1.8736863235611085,2.516761616719883,94.95713564894719,1.1262638789988944
1049.479996635432,11.143371350381265,14.652541181491895,7.984122254257209,44.90443650783556,0.0,6.835341460151652,0.0009595847593291937,0.001097072413632291,36.28586663517231,1.0315048574097538,0.03802755241365383,20.170226407616525,1.5128880125367168,2.271724181095407,242.36409672803134,0.9585903899458216
675.3993134693047,13.972403917594193,17.026695052167153,7.198261248577724,64.51611277479293,151.30040836198603,6.662536464668773,0.0005005198073891248,0.0006836326989260104,85.21580080131599,1.0669152795134629,0.03647601272114206,21.181999023017344,0.7302194601409517,1.6360072004165302,160.93669664748967,1.1126047325154327
1075.9611084747335,25.747273724854168,16.007417773178005,7.702117968610954,188.07442604984584,0.0,6.820779708348107,0.00045662055223931355,0.000504048378658676,37.621224784382775,1.060875867932814,0.03680924778868828,17.533404838139873,1.9262404562669724,3.9178702889377277,77.29803201520917,1.0368716454277094
1306.6716156801049,30.314959773966017,17.057370976686226,7.483808369165904,264.9319028529689,248.61266328784103,6.733068306631138,0.0004701051480972105,0.0005318685888403846,81.18248399893798,1.0616582239853702,0.046477480806134036,18.93887563484356,1.4833487128329927,2.9477503215571597,217.51803897682822,0.966603753295732
713.6620422695163,22.475933733488034,16.71659686756677,8.137854752632546,264.2548039988723,0.0,6.358449284313501,0.0003441648317869754,0.00041948894218970335,90.171823018042,1.043774231755387,0.04696367801253149,18.527398594238036,1.6431641777295196,3.384442040473872,80.87775520620488,1.122914464562635
861.3716187658408,25.957644755288875,17.280403486397184,7.3560743787060066,378.5528402246274,288.2977598533339,6.37748297275577,0.0003582279069527459,0.0004680575859368463,43.453761390418855,1.060482750210588,0.042081202520514754,24.645978215008896,0.6625285370849303,2.678246739637796,171.2063311099194,1.0857122002967967
1242.931203319545,26.706386816822246,13.656740110376422,7.93610460224336,364.70779063940563,0.0,6.7427563027993225,0.0005095885404926254,0.0006121470704861674,99.2538478712779,1.0681409029057267,0.04654938222136973,24.63228802310534,1.4066197035786727,2.01475086090658,172.21997943442727,1.0846430739762816
1121.10049253773,10.501670342815922,14.132754312327283,8.22236892893856,31.80921357394929,0.0,7.449879190331324,0.0010798783915477756,0.0011448655798470683,66.13090456741156,1.0722171950195412,0.04296328341886896,24.375804395161996,1.6875056008635791,2.638416937393036,66.02564269696728,1.0569880720715776
891.3559932936189,16.40318776464509,15.770538939216937,7.083410427237325,110.8093688477866,93.10862225692541,6.461203369948584,0.0005728928944302241,0.0007651849930220448,86.669734817693,1.0338550287437842,0.04404554156819285,19.15493528212258,0.7418147849656063,2.8672989598817993,200.1898995099003,1.0920572284585244
1137.2872182153017,35.94171039152813,15.497439841224773,7.928294594393115,277.0946944762353,0.0,6.961026402823244,0.00035127616248833575,0.00039654862248632777,76.56264333459094,1.0742948491734439,0.04808536839888189,24.577725937617025,0.9134526690667273,2.0714184210919977,198.27335180866808,0.9849234168514828
1001.7646292885776,18.600479582854327,16.66656359791125,7.109047161268934,118.25195639796186,0.0,6.656487936235478,0.0005762094061855891,0.0007033990885345127,94.22451482469002,1.0656132170074504,0.04192869653557893,21.436707826153718,1.804267173385361,1.1190544747998836,249.38340688506787,0.9845364245464029
1318.9131747188385,34.61230234104336,16.851583417985406,8.012458981395696,252.61293697669672,0.0,6.233471875032276,0.00042234908706919114,0.0004573626365162336,74.36380922921582,1.0572660248108814,0.04292665528722034,17.023737810590287,1.2975057967754862,3.6027657874640173,187.59882824796853,0.9614694488493408
875.9072441433473,22.79917917624989,13.829815729521941,8.114061119655101,197.95698957005604,0.0,7.425567246224228,0.00041683460501555267,0.0005100628796721803,76.97125729282705,1.0668117377676065,0.04989568993122305,19.787597479550808,1.6675445137884122,1.9665485630711435,156.12104144883438,1.0851954134729251
1237.514409252506,15.786466924356466,12.72584706957988,7.181009779824248,63.40215924922875,0.0,7.281439840755389,0.0008277633789895078,0.0009408558484370158,72.34132619120996,1.0673723183777677,0.049836912899813374,16.070004636641663,1.6560787601187434,3.808544240062016,107.11274802451538,1.0488352522195064
1142.554492644321,10.062795941678983,16.447892746008506,8.149494580885742,25.68670577054533,0.0,6.75006902007006,0.0011421695705377917,0.0012974588671974218,44.22935116524232,1.0575519359882655,0.044207155877372645,20.316397186393882,1.2882646576608752,3.6186243089900043,85.1901622334307,1.0923181068120384
1224.0534981103972,15.656312376433068,16.123104668672564,7.56965043458747,87.05365469744439,0.0,6.9798761041436155,0.0008248573590045888,0.0009298079492493907,86.7251207517797,1.072982152151725,0.04246770076421459,24.5126235593158,1.135976863859303,3.762650646927347,190.03730027366848,0.9826699622938259
942.2875354580451,18.359080088156915,13.661390998349587,7.4009544466170905,80.26443279869252,0.0,6.923318638237155,0.0005486482712838801,0.000668188717737632,32.156354561247184,1.073692765061088,0.03523718144988193,19.161363210696713,1.6104093133194277,1.1764435006349427,235.35745687722337,0.9868222516565441
1211.9885527278625,21.421863224429643,12.341698005308055,8.255196603443371,242.1122224291208,186.29304882956902,7.222606943379612,0.0006061789659000985,0.0006958681398429313,67.57659069434192,1.0704184136338335,0.04184962092509718,18.78167996984413,1.0644016434112515,2.750622717429608,213.27431178297718,1.0080477787045268
1191.3755032631138,21.626462556361645,12.138771545345547,7.49948937099996,248.69303192560085,0.0,7.00090081039995,0.000595734932549609,0.0006628746639174566,100.02461727409207,1.0410773976119505,0.03932054185818498,15.750513539610846,1.512534235208045,3.2992966817433977,126.69348654108038,1.0106612767489513
949.4663580558838,24.25695834547155,13.489485438054599,7.272675234561096,166.00873092584735,98.08994428220242,7.531555591460717,0.000424427195839767,0.0004659378965079174,107.04753233285027,1.0493376020440173,0.04170059421879714,19.879359697369495,0.6377190816172648,1.3787690039402976,108.38008658224032,0.9905626876114998
668.5798351873187,22.327865157632182,13.641121786972976,7.428637432258825,221.56247211816404,304.26062654984565,7.003749711779353,0.0003199767557040579,0.000426760286428088,105.98454790286489,1.0760339292442496,0.038524055413650705,21.796080115872876,1.6171006160268147,2.8897608253900495,113.3510244652891,1.1328888666043466
1397.1465616997925,10.854459123125796,13.244165373253397,8.176217298419562,30.690552213916845,0.0,7.5441628651018435,0.00130741269439525,0.0013487935729333594,96.74999780171085,1.0583153738074211,0.049805252697866356,24.254912077889642,1.647912150946039,3.591987854639699,64.44750048906593,1.0248901131598076
1203.1811081474925,16.941147575741493,12.303356044819235,8.279334314083568,105.49317957764457,0.0,7.713695890453082,0.0007544347347587794,0.0006257965461678609,117.21707325958029,1.0384951296927085,0.038506980196739975,18.429973490526944,1.7460903385164972,3.4147896495384824,61.01304749064782,0.816658395677184
807.2866684776066,35.012494450659275,13.022254559244248,7.591623172329726,542.9365848712591,0.0,7.128108871196671,0.00025570980443751087,0.00031304021461459107,119.01157266364892,1.0703192992901385,0.04493388705428089,17.503076947340976,1.2553737042910706,3.990141076208879,226.5861596533901,0.9604132857454802
1216.568012146889,10.71278770392119,14.099563269630679,7.641897526339022,26.355669309906364,313.3497563985052,7.146165646251386,0.0011304493376973208,0.001249617383796204,66.24666816313079,1.0387789006347439,0.035416781086874745,24.36689940981738,1.7264122697172017,3.54702407274841,102.26795901608511,1.0301675220147721
864.8156568604211,29.08551802038273,12.553576268348422,7.777526530313393,456.3787349580619,198.03707459826197,7.030800532180499,0.0003243185630441658,0.00036154470331324607,90.7307168705521,1.078180336389183,0.04112372168141678,16.024759818199964,0.8315468819068905,1.4694493695965742,90.36752301884015,1.0223715994740288
1013.1040356519371,22.385687401267077,13.239449729554654,8.09149316290226,225.1834932920422,0.0,7.169476240792262,0.0004904777764958932,0.0005789709502023649,44.10818215780834,1.0630028810460743,0.04991403823165308,18.645946827848608,0.5275612294968179,2.681266977385788,202.34190318087394,1.014440127103407
1316.9929889573382,28.37999129251945,14.628436063527635,7.011804308913471,307.2614932110454,0.0,6.783202272051835,0.0005097040007377603,0.0005949053857043015,86.71090963107761,1.0774004332477292,0.04076433824465102,19.885272671877573,1.831024986598647,2.2669965411034276,235.57686808233376,0.992219092087794
996.6000960946388,18.645036873112893,17.088472463332483,8.03435551880211,168.6093340765419,0.0,7.004107901971339,0.0005719607624324229,0.0007482547858101871,59.64175454269497,1.045645287772048,0.03639961639625926,24.46923444874988,0.6938784782659888,3.0838835310285253,170.71039272062902,1.1421033819061988
872.069113669711,19.62358716282558,17.229239227130876,8.26429188314242,204.6006436101455,0.0,6.739788626792975,0.00047731193838067905,0.0005106001053273174,108.6880885275628,1.0741290657424964,0.04517153305743057,21.02342691296508,0.8441505963964343,3.2814602516841593,151.29722884362843,0.9463239344718978
885.6720848357025,23.436277217526424,14.43031069983444,7.526978529153941,249.73817712160084,0.0,7.392668421026269,0.0004107080577336824,0.000512982110667652,42.12024612338831,1.0453145625766491,0.04785169881318482,23.747836185399294,0.9185434217899325,3.202838336623047,152.30026408320256,1.0740306670085202
707.9194334573358,33.65111838860697,12.755506959415698,7.569130680122891,366.98286813258716,14.732193436774082,7.0100167876189285,0.00023278363191829373,0.00033717402424009353,44.59383984992249,1.033815171156706,0.03563208058573369,24.016310263187318,0.5345102728773561,3.9949918975332546,237.39508632739495,1.0895844575180451
818.7753409581351,18.538096962139228,13.615184646248979,8.245068822429706,114.30304697695034,0.0,6.830445007147814,0.00047247605686336525,0.0005974574745960408,88.06078367766584,1.067713761879626,0.04427111667315607,22.52898195793543,0.8532548131827469,2.6415359493162947,173.0430098959332,1.0931842727851548
858.9206463989793,12.232459499436441,16.048843214844094,7.528954118286142,26.175771215045803,0.0,6.273240402829104,0.0007230461518789658,0.0010267583164424653,80.3293145842735,1.0765979939484196,0.036246209274012176,22.917383372087393,1.1043639625146098,3.5642073662429246,158.22405286171454,1.206893580159174
782.5699696661889,10.994672913305486,14.44398386836519,7.489784918210866,21.13388778821898,0.0,7.081167091745868,0.000724056435140065,0.0008064270404447055,85.9227248727838,1.0761828215636606,0.04691837205737218,17.04150687109978,0.7540142188971395,2.9199988523322027,150.9713983590919,0.941076157431389
697.0651259589056,32.92077013841896,15.421940834445095,8.117075501463056,428.8027822824892,0.0,6.644013032067362,0.00023419403203519065,0.00029513279353994933,83.47277468951313,1.0366871814425074,0.04413596677192622,23.151546006515133,1.8808885767164523,2.9914892285247148,241.61708218053192,0.9594166382584502
1010.383968792316,18.157127817659386,16.420925766541984,7.615165065564025,143.37455929837068,0.0,6.482158873985285,0.0005942752156883832,0.0007349866954435266,34.17710424797283,1.0577899765946002,0.047340851850898286,23.002709773031565,0.584693055050293,1.3462544489220778,216.3865865038149,1.042753611119793
814.8001899941119,13.107669758352154,15.952798716249246,7.841069261218148,43.90339625933779,0.0,6.71816945457314,0.000644830404752325,0.0008541450185214151,83.85502811985818,1.0633690026815692,0.049205115643028735,18.210314571822906,0.9355312187387697,3.182186469167045,224.91394096732142,1.0555584305641195
1222.7634576237285,25.50698676534965,17.15673366773741,7.37229396524913,269.5019201469316,412.548807251624,6.655027563430764,0.0005141738146617946,0.0005752667721140037,69.49356379237149,1.0457041883160447,0.04618985968315237,17.056599033874203,0.8215663888727163,3.4095585051271895,55.304124647303055,1.0590210573569117
1365.7265994606742,31.96727944513512,12.51392766880834,7.884103825160327,406.37425471989354,93.31119614451701,7.57113587112637,0.00047018581059987864,0.0004979015069077192,47.67706471548865,1.0665316149661892,0.046992579851370654,17.666743267311695,1.3048002002988868,1.8706022120564865,173.4597902803622,0.9577237251686164
860.3820963849533,25.58823063861311,13.781382373288363,7.478260646241814,425.95332666506835,0.0,7.489454469851463,0.00036730163879328286,0.00041006096944612647,104.33753067055157,1.048844126938415,0.04147770498818569,23.468439237785244,0.6212282672518549,2.892348218381927,125.08015267514459,0.980611442417812
1093.2091702241446,13.944503490631913,12.204548313221913,8.018589337513564,85.11431849331416,256.35774670789834,7.043320611429454,0.0008071743790713403,0.0009973953895917277,96.09554239874346,1.0732915734062751,0.039741948996914266,21.995764499484668,1.3128551658075955,2.7574181828372186,108.62272627306442,1.1482988406157684
1042.2325672492268,20.54904622396598,15.126770455411084,7.640297352155125,152.20034178235744,0.0,6.882679839066674,0.0005465595298606747,0.0007028717906207716,88.9195671930498,1.0581113155923556,0.04902587478057245,19.791304361752807,0.747412708956837,1.2524252059034513,242.30759436206714,1.0683724687347322
706.4344431374128,16.928721964247984,15.688232424407017,8.19516235094218,128.96049304060506,0.0,7.209832389628399,0.00044319975537313093,0.0005761946261271367,67.26509092818765,1.0514676955506201,0.039706945013292194,15.873526457573643,1.633226086828413,2.0912902304394243,192.44799312053743,1.0681570253729034
745.1522694849646,10.430872680650369,13.52375776622543,7.711678473507969,22.64778476773174,132.36707707421496,6.957588848433038,0.0007163500871457409,0.0009992796047462857,44.3098027980042,1.0550542490098296,0.04818646321771464,23.938516306761016,1.077956352068717,3.224062731592032,236.4108161742765,1.0832986336219121
1336.3584182465775,35.107818235147796,12.332952608994821,8.114744602264501,411.5761617029509,345.4356651745256,7.397820283599619,0.00041656370775713274,0.0005089850996598386,30.017824491376103,1.0507130913467346,0.041944044731700394,15.119611565835152,1.0556362934014998,1.4471137648272088,101.77271748147412,1.1704709761667564
1016.8902854339145,21.939637833368614,14.783087837420474,7.572574490428382,190.9484368446263,319.3341745174426,6.888394669904988,0.0004943275135238691,0.0005247087664724122,108.32638938224949,1.0542407354226473,0.03534537064519817,17.089468896396465,1.7870466719295586,2.406429963943067,56.66566168860152,1.0002711961482391
1273.986510218098,13.502768957521287,13.006204738762227,7.870082424377557,43.502056040689865,339.6243566433283,7.482941362304616,0.0009637653158044087,0.0010432086939693463,72.28047091116616,1.0649358767553117,0.04394095550285314,24.025032177168523,0.7447282565758178,2.9669848057145085,104.2352857128925,1.0381710096147285
699.7998194342914,33.007546329416044,13.167228986402773,7.347167674705672,273.50664259597824,0.0,7.434327438009301,0.0002345381386078497,0.00023491838342948822,73.57993179851748,1.0464488828344363,0.04627068927334524,20.20363363430752,1.2720856444599353,2.9575777148271856,90.72222865878624,0.8903750907635322
1110.7646202594403,35.613377309593034,14.287955268981955,7.762216711257896,207.7840675301707,372.1048768482182,6.918694382419953,0.000341180585609314,0.000369564376738364,56.54848614233248,1.031180253664233,0.035371983058402466,18.444929068183818,1.5931536415048393,1.7078008421010689,114.45050545349176,0.9843326459760078
1321.212700425877,31.216149503446058,17.670409104559553,7.861923526642386,394.9537054088812,0.0,6.302467368435025,0.00046697482666980086,0.0005379692614386967,67.58119246652952,1.064015551175672,0.04983603043887544,20.096355485386614,1.2284532807502124,2.2406119339175667,173.843931263528,1.0380439148245808
1322.5774232604945,16.594793661743886,14.160210557057368,7.248231178427777,152.0674866622001,0.0,7.16986943837456,0.0008451096867021508,0.0009564295890071287,86.33140587344037,1.0524964961791679,0.040062777383500184,21.2927219114547,1.9931275590451958,3.13006938293977,87.23701382851432,1.0654327460545852
652.4520500525141,14.954114575356407,16.2554541224012,7.706941504800047,60.30236413206481,0.0,7.135348100874547,0.0004584230403813086,0.0005352471504806391,69.7693478654111,1.0731826835634442,0.04186164181664882,21.861922625261727,1.9934152776592686,2.8244837711018804,155.96306539795387,0.9544625679231462
1053.898241300203,23.65291980747339,14.23480944608017,8.198198988383174,272.8850389049762,277.4940635734404,6.929688547054689,0.00047852390841966963,0.0005219736887045298,103.80177515963321,1.031124622148301,0.04616260418039524,20.459065054591587,0.6197089318581603,3.3208801528094405,241.46455946159827,0.9065900808119474
935.0856949412064,25.170922631032354,14.431550445821411,7.2622920240254265,235.40075703578484,0.0,6.99654516279316,0.00040542950434954873,0.000434493198846638,47.31001451104491,1.0683162317632984,0.043729188962042066,15.471395968705705,1.9201164366751389,2.8947855597278167,128.97799825500022,0.9450945872700323
1239.3126986390603,32.83843749167243,12.840643422947272,7.634729010749806,435.7193206872081,167.75318413659522,6.994258531440548,0.0004146222473476744,0.00039294682184353667,41.04273831374295,1.0450592521559539,0.042086821443536884,16.59450878083592,1.8347128132510429,3.2586908493760176,137.26250205372492,0.8535967639271047
704.964379520373,35.14831650419447,13.10755793049968,8.088538523599388,334.93768723945317,320.52098632888027,7.607249457167801,0.00021971518415810903,0.00021580999020508727,106.77149236726403,1.0707560264928992,0.0494952139464223,17.62928573190248,0.6614450844764137,1.981498661170711,59.11349997324173,0.9275212702152767
854.1128653720993,33.67006169281361,16.623821277225257,7.5538923910763565,389.89471952032073,202.2288840001105,6.245002684364059,0.0002786005395604419,0.0003133810782962491,47.788746226922996,1.0461379938001836,0.03697231031683422,19.658352927016963,1.6341818341311514,3.045740054465681,105.58164449278647,0.9993543813033612
1280.2360869806466,18.89406184333418,14.575521745950597,7.038881838055059,144.86880946560717,110.76353901298688,6.856560835112382,0.0007219538357524342,0.0008621487189540589,57.72306474178481,1.0361312805098444,0.04577473133872339,20.768374090194953,1.0046539752464536,3.2850896384788504,175.15997916250396,1.0496752260602145
1013.3147411336615,25.225581979901825,13.711695103531486,7.683106084223047,132.7529609504711,0.0,6.697395252808809,0.0004384604732925867,0.0005645562752497261,96.48030667310532,1.0623343735535227,0.0352196173627098,22.92753903629481,0.8933145157516977,2.2829227363268645,146.85705261868915,1.1372514105926284
1000.5509501205486,13.220266560915222,17.922362175019256,7.600913117569024,49.956102576738935,0.0,6.430996993936142,0.0007857060470588936,0.0009252772766863281,32.58932030125891,1.0405878582891364,0.046528493143927985,17.091990989290125,1.293926376329439,1.3821164762556257,176.06500733782002,1.0238102716523831
1401.5386282044396,23.49078978956741,17.268946881787667,8.205998116955179,223.58606076384893,0.0,6.668883338950228,0.0006484439929841756,0.0006449416349871923,76.7303939366582,1.069910154438284,0.04571728051018968,16.11608071930635,0.6210808382833856,3.4243830491431004,106.97017810611683,0.9495124726988683
896.8749352878613,11.840020075035335,13.585958532571482,7.863111013716158,12.12829796668725,0.0,6.736575296992429,0.0007772815679067642,0.0009743458419192459,59.012726589615156,1.0576799709164684,0.041156796361924465,23.322496488749067,1.68538505842318,2.9355550781188944,219.36931142990807,1.0271608064426725
680.4597616260976,12.893716971206523,14.605584943572758,8.009390032964555,49.49878374050574,0.0,7.134574437202342,0.0005465470070281255,0.0006897154795278862,114.39446614362444,1.0725698786915896,0.04120445403301831,20.953915999227004,1.9439846759103268,2.70176400927607,220.07199576582144,0.9800664993835905
953.132248898063,13.170508736676393,15.401588984732761,7.4784308011165175,45.57159132003171,29.862339738030027,6.619709717478294,0.0007498600728870202,0.0009767372145340525,77.40707704372804,1.0637154987671646,0.04357129051015977,18.78441479249838,0.9357753844923058,1.7335133421686448,190.89038257710945,1.0991664293040058
767.3246309011727,17.837241425491523,12.996915625945594,8.165173530647774,138.30982271531514,263.20763223197605,6.931968674146817,0.0004528929292744387,0.0006148890834898267,76.28998213672466,1.052638838839529,0.04852392154904131,15.72842726721871,1.9803131300452281,2.962290050302024,199.92390508854785,1.1006140564134737
711.7118641217976,18.051670176303602,14.563611762186403,8.076963133790548,149.01904787618537,409.55864369937757,6.815582321544045,0.0004124734456417602,0.0004618897940617393,88.00262367365349,1.060117132118325,0.03733597311182214,16.921254570722205,1.9104099781604522,1.6376356291886367,213.30659766812752,0.8830976456229895
1089.795357575786,28.331049158881655,13.70417213331042,7.118332393708893,283.6427997440735,0.0,7.546522086156599,0.000422477976330604,0.00047893122087908617,102.03677905098044,1.032779952673541,0.0407940595329864,22.9967601254461,1.1606790826524898,3.610708545113228,163.53574830554015,0.9875580725479954
1389.8818292934354,11.976876723470658,16.86187479392004,7.8589881264613535,18.1971507531877,0.0,6.9932331178645315,0.0011921459440426747,0.0014577274111615365,56.277993967369405,1.0350196773756715,0.0418910231493828,20.210062088295317,1.1950565930745685,1.3067959969877525,95.22056022679797,1.1933006534532395
1098.7790927870226,12.889747002606843,12.567302554111006,8.175874408145258,35.970857932644485,0.0,7.095464597391453,0.0008828590373410069,0.0011699920244714731,32.20636729268162,1.0425213061161203,0.040305904225837186,15.19652976881478,1.4679630874982699,3.6634636322175202,245.1887284627392,1.1133345282210212
1151.455117999491,27.064335916567103,17.948549490703286,7.8452495059802665,262.4349045191594,141.2847831716255,6.049772839983073,0.0004632967784393221,0.0004955238084011692,83.03434747308957,1.0557119121897465,0.03861598858564358,19.962819463029746,0.6000337330293897,1.017311703486827,129.66497956751454,0.992955988398414
899.7832543553147,27.49251280642166,13.41334226264544,8.262508555746516,579.7247353033916,0.0,6.751345303125517,0.00035890356240167893,0.00029282275295025605,70.23205238586172,1.0748509136833708,0.042295868312439686,19.3738406557455,0.81308877583729,3.6042240110855954,59.8869943498145,0.7868308172334699
1092.3335827098688,28.47135985595535,13.98691303207154,7.339251501990258,550.0132584251402,154.5936585098921,7.019974090840408,0.0004187500528199678,0.0004869935265514778,49.046987649956215,1.0304396609487187,0.040037440593440145,22.60910862512928,1.336982643493974,1.6020118912729076,100.52730888549588,1.0669928828472093
1233.2462316130996,28.72361942591164,12.453672130249995,7.76411949201797,283.7935643677364,348.4481338388991,6.82699847885789,0.0004650722656641831,0.0005355828004848848,94.72531785250916,1.0431088368590056,0.04385539915806892,15.944133759395703,1.038356128100156,1.2978770934842858,145.45619228889257,1.0411356475438647
1106.463617463697,27.23602867170034,17.477111890954756,7.69343841314818,266.0889583860471,183.97605095123717,6.7212344037290235,0.00044174445856788694,0.0004987524646372851,96.09391122066282,1.034522868198313,0.04150219088751554,18.965933334449012,1.2634780559946117,1.5758853117231264,159.7496317772688,0.9966489284058169
1272.5615751178664,24.367433681209558,16.968650508309626,7.383892039691082,272.46960378131394,0.0,6.7109134470519365,0.0005688309319057948,0.0007003495945740105,118.17418116933777,1.0709940836066363,0.04747736310186633,24.168180003411937,0.7601435191296716,3.3027461758846126,188.81576748264106,1.0770896433775736
1076.2661893953157,29.27541587213481,12.405734489862027,8.015706150954014,396.69255049605624,0.0,7.237970121147622,0.00040444891988471583,0.0004631272917029302,115.19250299249596,1.0742362155370162,0.04754072449211936,22.263132868667903,1.9316930707242206,3.26634807453335,141.224288913941,1.0319313311719465
802.1560759344621,12.11972377048831,15.169053660693512,7.56062124615279,22.07718949325144,0.0,6.540478625890397,0.0006808754362351694,0.0009079241423917463,51.15660308561378,1.0576653096583863,0.0431709955470126,21.511857066576155,1.1471575730280696,1.3218445089983328,232.13618532185123,1.0568855889483608
1101.36102579467,15.507091855722992,14.34344024320095,7.8444194199165675,65.92146987516071,0.0,7.464579054167105,0.0007487423946783652,0.0008710139323764644,64.6344311548792,1.0409651006208862,0.048124503653583894,19.027709716920175,0.8591077991039002,2.189893742381257,225.74421842386857,0.9884261517050088
1029.9480890522284,29.277786537018464,15.636406495481022,8.016837506129658,590.0472782271995,429.65258628413306,6.684521562196931,0.0003801291074958458,0.0004149231452651016,97.20060219686054,1.0713057148408738,0.04263557070867528,17.50532981354519,0.5675393996246851,1.7012860885384757,119.12699206784568,0.9945535311029675
777.0978442577642,15.006355374590475,14.015450677268028,7.945431104133207,107.44076548285433,216.23146858765926,6.808537134789606,0.0005381617664206802,0.0006990854476052093,31.652252489175947,1.0465726844654881,0.04031702669020852,15.927508401341454,1.3707304462248109,3.217444891300688,203.47782611245492,1.040129653776836
1129.7110322028527,23.79956207354349,17.73757799566313,7.1304983209282495,151.4543629894499,0.0,6.959059948278786,0.0005162931509647347,0.0005952951198466131,104.05451902944654,1.060897534254122,0.04362545857876178,18.03714855189996,1.1157114128528467,2.8571588346649506,200.30638304914297,0.9817094030654835
1283.595302014766,16.76783619182351,13.307992448862437,7.071838600099413,66.39457732727737,0.0,7.4331002905188805,0.0008124617800920132,0.0008082536610745867,89.02291668739167,1.0697314626656442,0.04776464408970074,18.637807783521687,1.5256334122015713,3.7704994332311945,114.14259847638198,0.9153505332836861
753.0982255257204,21.213150503140827,16.92120516028825,8.066387470567873,150.29617678977272,431.0453956272886,6.664290403996395,0.0003757408881242054,0.00045163428335317124,57.70998797424387,1.0469336057009113,0.04317895314406374,19.38494866965522,1.5425307632304257,3.077812947997438,248.72257749918705,0.9107491004761223
1071.9678803543684,31.68862544559373,13.605947930298663,7.845380533257589,405.1037880141243,0.0,6.97754261274418,0.0003735381474813202,0.0004279831019977631,109.0596494226103,1.040704534589241,0.047034126753667777,23.40488637838081,0.6001139863815863,2.746594571431675,138.81921698476188,1.0299537471845859
1218.8085893131652,27.17664050182702,15.896778529658816,7.192570226378424,350.0736260946401,185.94036263951972,7.070190028535764,0.0004875876916480769,0.0005237514852925521,71.95164877191856,1.0334752502905722,0.04030002240982042,19.305042275312257,0.6546317329252448,3.8483493018814148,166.34486851589537,0.9411561296849568
961.5476898300107,21.574903338063926,14.566768326123976,7.169017978055555,178.90637660050035,0.0,7.1759708782968765,0.00048184727550749473,0.0004815567856449429,51.38310984382029,1.0759305315947332,0.044990987906407626,21.459215801106694,1.1856749130340862,1.6711203836647408,68.98758010294775,0.9379894074850285
858.0959756627346,17.111774813134538,15.155247564093369,7.646798252661843,73.16273960017458,174.61354367357305,7.260885450393128,0.0005284079796237934,0.0005384656993147468,103.0592488855722,1.0318107645998018,0.04346743106483563,16.662625262654608,1.1449583238199699,1.2804746731394883,76.54168592679139,0.9524690519188452
937.6341595013458,30.930478856434025,15.132141552261462,7.231309252131048,390.3254971980547,229.43121188126705,7.355490158974017,0.000331238771450683,0.00041025608057181654,112.43338160036139,1.0709929045206008,0.04481692827441194,18.678763876512225,1.1333941090183373,2.0778214332652167,150.03541231322146,1.063100026435495
1069.441447655271,27.082585925277193,15.755866008875197,8.209779350503972,353.57580138951613,0.0,6.871549938185353,0.00043266066872598986,0.0004063658231679984,43.12488047478477,1.0768160152277961,0.041683386610886844,24.318167975700355,1.2894095518341455,3.0188093911427343,154.25777498966752,0.8480197149933753
1182.221770359657,21.43866980298441,12.40799342670341,7.2911212023156455,194.92794755443836,123.98041111604827,7.668849105426866,0.0005925704462962869,0.000576346277948568,115.1229103341794,1.0508583153451814,0.036959218019842976,16.749089673408726,1.1631660918389675,1.728241295741255,216.28436537692872,0.8230407049376604
1083.0383225259866,32.60108140631581,12.356674664352083,8.226829835287651,343.0630707407331,0.0,7.767915289544321,0.0003673139613470115,0.00044259247798989116,45.13598810032861,1.0367474032842248,0.03524082959944974,16.102645366307822,1.7659312414262383,3.5373288308515702,222.89093165477416,1.0206611013825206
731.2654772242958,28.00397281909554,17.825289923468212,7.930526143191395,370.3916873659141,314.16652741600285,6.226186655627594,0.00028281398485332707,0.0002995204910016041,91.78804980839413,1.0643898866849135,0.03630948230577627,15.744974216447531,1.3904377971619266,1.861960402654779,59.86232956795141,0.987636453944876
1284.3156139444282,35.495007270466644,13.518348967756738,7.722612606050353,414.5131838495418,238.74178773383179,7.272829968151797,0.0003978020052569812,0.0004688336831029703,74.23652856051348,1.0398310850869446,0.03607177747794315,15.039355234716552,0.9453888190525246,1.3916024004636003,61.99691707729234,1.1326748144238905
1366.7628576645698,27.274045660778498,14.140649673248674,7.872483699391106,216.57898669304333,214.75950090890004,7.391733984714897,0.0005442967483209908,0.0005795880126479016,108.41696015176252,1.0518801435669456,0.041368208830367674,16.474274861606393,1.102757924475109,3.6432484564468006,122.65352422447722,0.9797882757266273
726.8058314197378,33.397435590927735,13.438355961303229,7.899645236999261,421.90155519908586,0.0,7.4605874952569815,0.00024086619327942492,0.0002714644227269313,119.20239392645877,1.0465411940728322,0.04065664569943453,15.873483149437362,0.8488191486140624,1.6535727061285856,212.72064685997015,0.8917568476748662
842.1261415045642,24.310640148084957,15.873941378223464,7.370871253672776,169.1984176269081,0.0,7.0079159966657665,0.00037727160171067764,0.000441895238600773,39.13293183685096,1.0663862207069477,0.0444581339830015,16.689035451708563,1.351297816467544,1.4893650290058142,128.03963328877288,1.0262626398390047
783.1239645051122,28.460032175796925,17.903458238684397,7.634541416902738,425.59914242825573,0.0,6.450318251233018,0.0003022410553242893,0.0003411867970583712,70.9765190041258,1.0673990369465303,0.049326221018852395,19.09226038088851,1.8054493599671313,3.1645825578812756,82.75961222562849,1.0293226004996319
1308.642718315522,31.90322123683453,14.416284015711343,7.086223473007798,439.612248070338,0.0,7.362290126138656,0.00045306995294813876,0.0004914463047790321,107.8321954505059,1.0609249865494053,0.04122861157803096,22.02076637684758,1.4720957152555565,3.2956529739673717,69.29876336318384,1.0319187762210142
1356.196846974678,12.351885373514975,13.927992132463745,7.062346029867494,23.282794331339176,228.50421063506408,7.067727499599826,0.001117449396643702,0.001319813386758945,66.45915480847819,1.0554228769769225,0.039872882389693,23.169361639478467,1.882144705881326,2.579844465068634,199.67327243945763,1.0326382861620926
682.4449808298702,22.32980543830925,14.096964754948925,8.226616949548959,224.37967763598408,37.677623592713225,6.8436658202842935,0.000330589096505103,0.0004563190351747409,45.470629648275555,1.067010148565812,0.04427079253578373,20.72921176151251,1.6334713824365639,2.0939125804750134,146.0786679393359,1.1948747097839771
906.62230406448,25.74566879630148,12.162620183525542,8.105668770858658,392.3775998552923,279.90647356977564,7.312026625744244,0.00038016922777624673,0.00043892653256540987,73.51640744658822,1.0390359125125523,0.04285723612875354,16.01936852046945,1.3884565753118525,3.940232096793955,173.52299168139086,0.9750358649402584
797.7608089516804,11.502371449183972,12.539117004015132,7.979722759260023,13.260511488719096,0.0,7.642827484998796,0.0007093605301248233,0.0008928785183472715,33.952778873069434,1.040137981753314,0.035786944368898385,23.22012728191803,1.743701659394052,1.1310704563698084,234.44096401642767,1.0354514162692632
1013.296445959902,30.519825691292823,12.288287879386523,7.135179274065152,344.19090614535594,275.328823914033,6.909190913946065,0.0003618922175988763,0.00042679737444858713,45.96906987080341,1.0386350934107527,0.04684695541233699,21.631371119848207,1.504475473207641,2.901281243839133,174.3275267439439,0.9991424373893002
1364.9973524281972,28.60419681888368,13.943469200186902,7.810923860313601,523.7467601142672,359.162680022939,6.584078681671053,0.0005165305810405154,0.00047071704042696034,106.76763456941892,1.039577827754019,0.04028162282681401,23.29423707233039,0.5200777333163233,1.6180230532372812,75.35061269030678,0.872698580634102
702.594782003928,34.342131438644095,17.90623643861614,7.929747385501385,267.8079211548631,420.55789285458445,6.084698371038708,0.0002229671575934917,0.0002367122297354675,105.1517312662522,1.0526694107395873,0.04318566545876275,22.56010794155683,1.4735948176902354,2.249295295723992,122.49781414370426,0.9094136429043711
781.2551499074309,19.67296092029016,12.847495332890073,7.559662310279105,155.26353451499423,0.0,6.875771850147184,0.0004266803269881872,0.000494762027689505,102.50996023489942,1.0371554361178792,0.04474811467593645,17.024157913643272,1.6579629248346892,2.1216626536359016,201.8934011805022,0.9310603208031519
1026.908780992507,22.19806460290156,15.293410990847267,7.491299376715112,137.568623772883,292.07425606466865,6.602533247082414,0.0004943950905720859,0.000505619003121537,35.38885220944322,1.0763354170085393,0.048967184934619844,24.66233347224864,1.6607943525897322,2.0669876506262757,50.606202019454294,0.976364349917749
1055.698992525465,33.709256935947366,13.243005632619036,7.944169539095061,407.81482133569136,0.0,6.817579528020651,0.00034676706141530724,0.0003751609583935555,88.70504390935133,1.0335302707671652,0.039790385214179075,22.82762012582997,0.9260787638809078,1.7740549519890598,235.12719892694395,0.9081644056392032
1227.9999981694853,20.69875963876793,12.22069026995866,7.013399477365614,90.00139189193338,0.0,6.856651815198611,0.0006397017891643942,0.0008535550867578121,70.82045349240991,1.0766285206939317,0.04200067893774428,18.25706925754742,0.767804798334703,3.1934974797590634,234.84790368567886,1.1220077115806735
988.5197379899773,31.693146919157677,17.022036134398668,7.611741576057075,236.25610640494855,0.0,6.394048401414782,0.00034437596955292314,0.00037072526607881255,90.0464086359642,1.069675783663761,0.04807305388441869,22.7130809000126,0.5004542105359742,2.7299192086227984,92.38594580875935,0.9932968899933268
757.8043926199546,20.956630767267335,12.763505393740079,7.333441806238909,159.08708305848234,0.0,7.375377402621308,0.00039022386825350385,0.0004777064290872528,60.63129374537772,1.057673177431235,0.04922159697075827,19.222215553548338,0.8439623325213396,3.632959285456197,248.67378223097282,0.9254468241849737
923.1100362643285,18.781710869905872,12.810792358813826,7.576892777759024,153.02416470775992,296.48300173275754,7.511170856577603,0.00051876311878937,0.0005770093980438174,56.61443551605712,1.056315135881526,0.04595466206724648,16.04037855469707,0.7849585226230772,3.2462793489957846,163.57345558812096,0.9433608491116829
1412.0684460126581,17.208608723139342,16.90327119432458,7.718368607343547,132.5037596278223,96.85681483041698,6.601971369962954,0.0008683740272967507,0.0009156094673566373,113.47582047126122,1.069860553589387,0.04739966599517837,21.310802531820514,0.9316656074790655,2.369724330479997,89.89607671537826,1.0046367349963625
1232.0618300063486,15.550842620857004,13.462450812953886,7.546615604393065,100.50842934030227,90.49484889908138,7.585746740405522,0.0008315541951763959,0.0009052142864869557,92.10898538667108,1.0463907022208423,0.035510658743071646,24.934923972500577,0.6484208902584014,2.7127386247734093,191.35824361310426,0.9509237092620314
738.5159210540534,21.217203582774253,13.193465977887511,8.139841632814315,267.0938621792862,283.821055206382,6.729477579465861,0.0003709856622677006,0.000421421954509038,86.87142938762946,1.0706855787133018,0.04366535291585896,21.646332703050838,0.7754620918918987,3.468058585262105,190.89610134997207,0.9172947072242456
1276.7867411367342,14.201113685039576,17.6591347655534,8.146540399024293,79.04043930600892,0.0,6.873204992386948,0.0009400329361781885,0.0009051619822108065,75.99389590142508,1.0516086449840114,0.039551217022625616,24.17746868196309,0.6885323794403138,1.3755152939024164,186.0394995594439,0.9054341073438642
889.9007889775942,31.527620149937214,13.165995472126028,7.987399901616446,467.47896263403265,15.719383222806131,6.73859333463121,0.00031141192443677706,0.00037217828351344533,56.6414026945384,1.0701602606268503,0.04396260118775533,16.98038317686916,0.8584399773001512,1.0128164752153204,230.13250272069007,0.9977157188705623
1255.926463082635,35.3351897767964,16.98990467131712,8.032840127012921,316.1480014925981,121.27766297998429,6.708855215718239,0.00039243464399927013,0.0005192605755090075,69.59002225800165,1.0558315970500562,0.04449621842573752,20.035874873434658,1.0992673208347488,2.5346888578538387,216.07107925625985,1.1499670052836382
657.8972874737104,12.533429227178502,13.840580817530352,7.650828869656972,32.84573430632809,2.409125073354918,6.793528940254565,0.0005419299259599334,0.0004700722875280138,110.18590584566783,1.0788183496542334,0.04105135041590857,18.016365619782945,1.7219111677063905,2.39254154107727,64.66710996133614,0.7998100849669653
1325.8481798250336,11.425300460257395,15.393970012225669,7.352383008548336,62.984179551508,160.75214786828218,7.06018026638545,0.001174832532881632,0.0012241540530452072,106.50336747668119,1.0607628634331479,0.04788525730279394,24.428135656541127,1.8752779590719049,2.75244418456553,106.06626571964398,0.9685385866328355
774.2774319204982,10.097178855611293,13.866033775605098,8.060371951572854,48.15606722262987,108.9316952219513,7.335658002614198,0.0007667614792997403,0.0009085401470394691,38.9716110851208,1.062166652340817,0.047230209005485344,16.500713440796297,1.3840712897111866,2.624636634624611,173.64738394659167,1.0015889294582931
1002.5739634216927,34.233644704662574,14.035282881899619,7.151497986839967,537.0564592537385,0.0,7.3748909861763305,0.00032447777116195845,0.00034217355191468315,100.79866778623484,1.0416839671126226,0.035889976530928555,15.262593550416229,1.2676884989021235,1.6530292536518427,132.33788766141708,0.9347200446240257
1162.845855470277,11.918913029918485,17.59370484644861,7.772463368974876,30.778756389158474,0.0,6.3398872099238766,0.0010016796390050985,0.001320869261308928,90.27213010311047,1.0799152672368404,0.04834248590506562,20.345198845875842,1.2323954549373959,3.7494516867561996,138.42174629284807,1.1934871462519385
1043.1225240943195,27.684679127840077,17.4464832159113,7.8233383026222665,410.8232996062563,342.1243426587786,6.2324246331421795,0.00040733586794346676,0.00045445307238656057,88.86810750908272,1.0331974216700137,0.04613856713515078,19.161900877271695,1.9127097660622365,3.852498671249085,102.49115477341834,1.0120598103999672
776.6794631596538,17.899751911286753,13.049005814979195,7.1418982067640435,116.43799209423406,0.0,7.487314515715997,0.00046293579860395725,0.00047705882082552917,58.837297023006826,1.0313062516593205,0.047751036523237006,17.137031045084395,1.832110356484058,1.7408363419870287,147.98315745350206,0.8703673772231726
756.2342032762597,15.153739359858783,16.346582570072336,7.265525520250391,145.05118220089884,0.0,6.885589022993862,0.0005249724429222742,0.0005697644916449531,114.58298200867978,1.0477766279438654,0.03958082602993551,24.24344750235972,1.454800101333731,2.1460466235115376,53.8181300288671,1.0190515834149094
869.3677576948432,16.404732093628198,12.837356815625835,7.8738754647381874,93.26856500720861,330.84410795087786,7.2087933688685215,0.0005520379619581176,0.0005768862326707567,80.87770307153392,1.07906888486913,0.04109098110826364,17.908403457756663,1.0206536711510121,3.77802437946393,137.1585210612074,0.9070180788535233
688.7607869597771,27.93119941384004,13.796046544669176,8.114924984124572,304.42103527705785,0.0,7.029597645325331,0.00027063557042507135,0.000373699570654155,105.95492120951499,1.043055349881752,0.046203071795368277,17.368330753435387,1.7616577289275601,2.7421758834848404,229.6361927383033,1.0635288038396877
816.4718288116101,10.467515965450227,12.424933937008594,7.508029312566485,46.969054809916685,0.0,7.326804287782624,0.0007887516750807502,0.0008856630190078806,37.4644389570046,1.0334446961889736,0.047993446140531776,21.770152636662996,1.9231497779134235,2.7498614512245507,111.93820632894486,0.998684082424799
749.221702662148,32.48525164607043,15.88731280072096,7.690634383020443,213.68108825104758,0.0,7.212827599356438,0.0002549387432499919,0.00035600824640479777,75.42411351586603,1.0460386548948601,0.0394033644203485,24.721006468119324,1.2452233860633928,3.6220447060440977,211.07707942302258,1.09749456102669
1009.6120772908207,24.76284450421223,16.35889247070723,7.920698851929766,283.36957685362586,206.48208839363508,6.349764508262823,0.0004404818215287861,0.0004232870235241033,51.63667927434013,1.0682307127635053,0.04521782734388839,19.18998946560321,0.7881320386315203,1.5742499432252797,67.27196810054159,0.9235763523186764
925.3647250286006,16.125420312602262,16.47791969202773,7.75631175926308,59.714905344238296,448.04372352822264,6.779054260150321,0.0005931776620079717,0.0007376336335903027,67.04447592433733,1.0695243967556758,0.040880839865914655,22.59521392699487,1.2285016370448811,1.4451235388538928,220.02391246307076,1.0286017423349636
1104.5554894889665,15.416803422460568,16.646271876128004,7.6016823671968785,71.24981931301546,0.0,7.003218705792393,0.0007548476705569277,0.0009348688349065263,59.84863304593489,1.0338918559570391,0.04204210953730809,15.564305256791423,0.9953479868665007,2.987305839334583,108.35271393733717,1.1373969710126135
866.523756683959,27.023045632471188,14.368681955241774,7.829567186778954,287.61481288840713,0.0,6.610389870060335,0.00035131508823524343,0.0004076573393839366,80.16232580134712,1.0508078969516326,0.04232258544143609,23.439362567762814,0.6100812032955419,2.2244177532395204,181.00113843942168,0.9773967521620601
674.3827957513078,26.362598995756816,13.063171550079913,7.922990329961597,255.65252716098448,0.0,7.467130288481116,0.00027990583517637863,0.0003088515786579401,41.935437857252886,1.0514386364104438,0.04079333363721902,20.386888211926273,1.464958844007336,1.747248881078176,157.95421402106413,0.918768814535653
905.6037056910986,18.271009159764816,12.025838727782872,8.041327026227055,145.0052596427754,324.3724588448,7.7290205118679545,0.0005212918184866019,0.0005906712928420853,70.17181214758946,1.0386575568676404,0.04832991051565763,21.484498924363592,1.40389879884472,1.521366553868335,198.11469644280461,0.9691365052855324
1235.5305878128734,18.684509151668166,14.641412349974193,7.7293952543535696,115.8369834883916,43.05282425780879,6.715311748985314,0.0007062853133078032,0.0007780433781792955,59.04200705493178,1.037420665161422,0.04754699997817524,19.672971896658833,1.3671517771287012,1.6473093870769069,133.97833144552973,1.015243793129597
847.0420885711912,22.049461899860297,17.599740869380124,7.859195367207604,199.68242678649466,341.2271214041673,6.384300695705284,0.000409396543389682,0.0004594881249533867,91.49949159597847,1.0460484233257965,0.03564996023537899,15.172762657805313,0.6464686177645133,3.7540953980213536,133.4767042252408,0.9679996696516173
962.7386812057832,33.67227345235663,14.692516000840913,7.253887028448788,292.70979562206674,0.0,6.884689255728289,0.00031655161263969514,0.0003603019847704419,52.332509955033274,1.049199365829528,0.03594877138414292,18.870459141781232,1.503904952530886,2.1977061311403263,101.24898911920556,1.0338153080581556
1235.3700680040247,23.996003557039877,15.694951846903589,7.210050743310605,214.92339816270191,0.0,7.276394241317523,0.0005602750062843422,0.0006733956962758016,60.942081953595675,1.0602843271363298,0.03620789571169657,16.622652009697205,1.1324312848733016,1.3869045463062382,130.8950191063098,1.0930152801367619
964.3980389864914,31.84182227475462,17.500441951047698,8.052688757430083,253.93234040775963,0.0,6.922398397952143,0.00033446925996845827,0.00037475282422937974,53.34742180513473,1.0626997714841522,0.03719326153515286,16.802813845032457,0.9897224909516669,1.9041686224986611,227.0584661233908,0.9323271359343182
1338.1825746566747,26.662143735384543,17.17515461070247,7.2907141568256035,350.68175274249415,301.28480904217196,6.989839667557508,0.000542372060753434,0.000534531516386624,114.54206866222295,1.0606625308948439,0.03822405598650894,23.321063668988373,0.9955380036636572,1.5002810759302267,154.5131137432097,0.8800916956389208
1362.2572976279534,24.614937051060785,16.43873084998801,7.568056521398756,172.04413602049732,240.59698088482997,6.5671063421265945,0.000596788937074605,0.0006185728249398393,38.6229452771207,1.0511288769969678,0.037964333311274745,18.47761198971056,1.1704538710996362,3.796782783493992,156.5125078538381,0.9271617320476779
889.5920584982483,22.731157819192397,15.554029321617106,8.150408224084751,267.69515573493874,185.57558845153946,7.197424459822262,0.0004209419137432597,0.00045142907909128435,46.900165825516204,1.0387156417817962,0.0392495871532866,23.252119858529,1.301173876291742,1.7756899061209523,245.95240062790134,0.8759737857717081
1220.5797221029384,27.69634440648028,13.39090884560237,7.190748887399957,272.2257718540335,28.63534732838482,7.159862391896115,0.000482880552057866,0.000510883313083868,108.86388172635382,1.0356100462888684,0.040850838284468186,22.64878485281598,1.7006988422433715,2.0902187028211094,162.5435389242536,0.936412445162229
844.9250126740751,22.779727700705084,16.492161135167137,7.88232073101153,200.24873402617726,436.4792963295375,6.7789140491759525,0.00039447351917193255,0.0004590717980212388,63.710356692985584,1.036870194822377,0.045863401650216656,21.960232745249435,1.3906327584182074,2.1881792728943315,170.2830995279836,0.9755045321636193
756.5491822710128,28.87537741226947,14.50576409020604,7.322997033617619,466.0528891280688,0.0,7.143309993581651,0.00028802723599406516,0.00031617775701782403,97.5014895831302,1.0667192310903373,0.04396166197831912,19.781663649867266,0.55357772984242,1.019749164097207,211.05651648262818,0.8681333435626819
988.6714501403471,14.733643761621208,16.237665566780585,7.813738230415567,76.44263907046593,0.0,6.949870219440489,0.0007040863320428313,0.0007709722562126762,37.134732900283716,1.0395598999201598,0.03687663008180421,15.678686496643572,1.1616112761298925,2.795362264714925,111.29066964098773,0.9982976317846926
1116.723549762635,18.3801852408078,13.340366780578702,8.061489997839274,79.81755975040234,163.3950281863345,7.003981455404601,0.0006443483862791966,0.0007445835867972164,42.715001778485394,1.0536797695463156,0.045096496082589914,23.173776762628783,1.5655699594267851,1.9604785921260968,238.07333238543148,0.9897755926585295
1375.8897140157028,32.70264032818302,17.644162998522592,8.066582855003261,461.15548322821155,0.0,6.404871004137636,0.00046517212330848937,0.00045231105480406005,84.28023760337204,1.0422790027022175,0.04371312872848124,15.282410462188519,1.0572398513210137,3.547791794923404,179.37345495115324,0.8741697324513349
761.5113818073704,20.27588371929017,12.984291968913704,8.010895322335253,73.73817585279807,0.0,6.845588935366787,0.00040438485028146165,0.00044362389305347994,44.869658821144476,1.0432355693170454,0.03503406838727151,18.829353954417616,0.5612706447501052,2.1562297798727403,132.59340580013082,0.9591618870777684
1202.2181614039923,31.919884999274416,16.744567679223927,7.673271370934274,415.25489395725,201.1939364003011,6.999409679431138,0.00041262909699472705,0.0004287842981487516,51.77166295842667,1.0672380385769047,0.04803518623338736,23.86486605792407,1.9272955900550786,1.9434525236497877,245.3188812606851,0.869599094073674
1017.9113847885214,34.386850377364006,17.342121913788397,7.70667055972145,374.10113068558104,0.0,6.521376497620126,0.0003280019642120201,0.00041285250299927283,62.83430658580806,1.0694437103649668,0.038116314618845744,22.54365580146544,1.2822332730797004,1.614936875303587,234.12555747882823,1.039767106802617
750.4698335474018,25.040180581378582,12.912195900227488,7.223506371434204,171.66511753668917,394.38244413795826,7.716520523913755,0.0003213875398996922,0.00035225538977486006,86.1096678683884,1.0568519466140838,0.042511952961319086,20.81988154161795,0.7744713007656364,2.389090640767841,93.61508239555269,0.9679035067870548
1404.727960799194,12.648462983466162,17.190255146212387,7.151676039564252,37.32272299361488,251.6729420549531,6.3662645506718345,0.0011316720785766378,0.0013095552854393176,44.88581942290848,1.0612431605032697,0.04277521631323809,21.300668377274256,1.909601692645151,3.7812432049908233,176.5410373382931,1.027774409806335
1189.308241899791,29.680232889811446,15.866191918117654,7.972279881328377,313.4138825546849,0.0,6.90133940197466,0.0004410811435077265,0.0005435743970401868,35.86447349472232,1.0617447571965188,0.03586867355276505,24.341391751886558,0.5759855081750835,3.9606970286063925,152.6524892439029,1.106448127345345
748.2520497442063,27.312437491464802,15.621324612976494,7.06790418355323,544.7300818103358,313.8110044606402,7.295560586565156,0.0002963183159301606,0.0003326476888232977,65.20053658049224,1.0698987150143426,0.037175543577274935,22.723912923692755,0.605230690916832,2.452536659321276,50.04974869749055,1.0431140392404152
1352.677715688495,17.560489692575047,13.524156341320696,8.212555015741847,109.74981815536852,0.0,7.343866368618526,0.000820588160349757,0.0008676695030064044,90.6990255645784,1.0300702564068696,0.037565635128482336,20.42521386863917,0.6963831145898562,3.4322059755078125,137.62636415638644,0.9881929095372827
728.2072569096385,32.43744507635313,13.970260876463923,7.241533124536263,698.9655457878162,0.0,7.467294560894917,0.0002481503507979126,0.0003144723517090163,102.6740165198,1.0434389281237482,0.04881763335844886,18.716681323819177,0.7910728339365408,1.679371174102077,188.40020915086802,1.0125547589296358
720.0888845964936,22.550757725993602,13.410591909067595,7.93609752246446,323.81684738660687,0.0,7.601000689142083,0.0003462247874594036,0.0004180582844788005,81.04302223877914,1.0697067906077047,0.04847383141003916,16.126294511237532,1.3948645601055611,3.639654940467958,206.62619304765911,0.9518036998219965
905.94667453355,11.482014244122402,14.648338860452744,7.581946177219756,20.671127702168903,295.20409580904413,6.997006046374662,0.0007931116440300839,0.0009721633355648155,59.022493944316594,1.0799706761649168,0.048229397955526776,23.315345376594298,1.9005465637655845,2.7498320885946863,237.0604822498308,0.9851321688671183
1377.7322266364026,11.767380859841385,15.887281999031437,7.796570548196891,19.448695282140662,0.0,6.468842336785331,0.0012004311766802684,0.0014801195113188933,113.30760376941052,1.065004793745114,0.03870785850198761,22.93822270531428,1.0470099412917615,1.9846211630297117,153.5261466651086,1.135620464059115
673.6930465907433,15.936662240660432,16.372316266687303,7.983583507150682,141.62326679460458,0.0,6.826567908556556,0.00044668246978354546,0.00046921577611058366,58.172673958031424,1.071207933109823,0.041261585924996,21.468757374578328,1.8749490573278753,3.188900043432096,92.57393713692723,0.9430182574518529
1362.3652335603974,25.855652099795968,16.234404400219795,7.3849436529465775,263.57961266450627,0.0,6.8692861554890206,0.0005758707001726012,0.0006337101533952549,99.08688009714425,1.0392386710675983,0.04317764208070173,23.936257967274774,0.9051415306558219,2.6699242498251463,177.39746164489162,0.9789496709021758
1123.8338082248083,31.19466759621296,14.08090280967289,8.072845839147792,388.66004726667785,400.1925794055646,6.873565080006448,0.0003911138669754077,0.0004267426086779013,98.52907257814577,1.0318737771382056,0.035826505077502326,15.302039034514994,0.9837532546755098,2.2902044633736818,104.99400090134776,1.0057748710983712
700.1661744575607,12.575069402818437,14.016847549496084,7.981920054607116,32.580361239324844,0.0,6.744968553847803,0.0005751159754937328,0.0006634897550088508,89.47042617240842,1.0769102138485733,0.037025100021584566,16.029201541409805,1.313809621323258,2.668744448288514,112.84111148164166,1.015922056558431
1090.3643623833814,10.580006660922185,16.58085200347698,7.754408858871973,17.2965892844386,353.9762709948294,6.529531738434729,0.001021643907630575,0.001122815243262881,77.67610371823842,1.042132806155807,0.04211138189683018,21.005129007106696,1.7553653477420128,3.991169224074191,70.34774107513971,1.0469819353177805
1004.9391821192171,26.185073548168535,17.843190094230025,7.746471466336598,251.00125943512515,304.5025025366515,6.754415973886026,0.00041422076551459044,0.0004342048408618146,48.814988266414716,1.0438289229695317,0.03665007573046068,24.98663367569939,1.5263557418930631,1.9518564142521857,171.2674263108476,0.9004136987133747
1086.7799790193149,20.646070736349014,13.329717154404138,7.499288290524442,135.7695365582085,0.0,6.988653647695382,0.0005674611490840894,0.0005684357825702631,81.07475449128793,1.0617678577115863,0.04191874305392505,24.3333813137691,1.0697138952807141,1.7018223413490912,75.71934873973436,0.9479506286510498
1221.544354959985,21.482355218901674,14.47682228077814,8.259877389694054,124.11778248915485,242.3761523380266,7.282952934135527,0.0006077303260061251,0.0006914909687963367,30.823446753966948,1.0557982424866328,0.04295569071427228,21.41394512918851,0.9339842272582763,2.8580229933057746,248.47478529857602,0.9796654615093499
1175.9656576092007,31.33828704305297,13.656907076582153,7.503841392992443,342.06251802260846,0.0,6.9815173482191275,0.0004141473757757236,0.0004893026202782222,115.52655742175776,1.0721952830168417,0.03545539512977465,16.08021171305767,1.0140353064360952,2.859915810351827,206.8209890560348,1.0093800367443007
1423.84303239628,33.894429763760236,17.847766327517053,7.313339554540422,712.8632068682181,430.4490746007344,6.774661095448591,0.0004573519613310024,0.0005480468375608374,77.23541184436561,1.0420547763961414,0.04662954350686954,20.502285260815114,1.8131433627177902,1.674136549039322,205.6094709377499,1.0370975133431364
769.8885315071545,35.14823739091925,12.098656182080786,7.725765516275422,681.3358166624153,436.3978655846114,7.496000727809937,0.0002388770505160715,0.00030783640245911505,73.09365493053122,1.0387995185443173,0.040794898650361046,21.16917188748456,0.9676033196750043,2.0387538368809333,200.9530703143402,1.019418882624735
1280.4015157896265,30.258094717753302,17.35427336699152,8.197310780791764,347.3236291690492,0.0,6.9740483560575175,0.00046620325231294777,0.0004742207461712186,115.4567179688302,1.0339390151156223,0.04212719608208951,22.80316404076481,0.7595179811034234,2.206922713699568,86.48179976705109,0.992021232516048
967.8303438117579,10.084882628188062,16.604797380546508,8.203729336605104,25.797611964699225,338.7740743285725,6.410549683762575,0.000946111303430779,0.0008331839340610139,106.96773437764118,1.0695808016438568,0.04484543306553987,24.830147953369714,0.8977879019105259,1.8663465391662384,61.380564451218554,0.9174299581249887
1257.4132513849984,13.913160202306152,13.991140125904927,7.7515526579293255,69.02114616295513,0.0,7.338280181251989,0.0009432086344489957,0.0009325440810456052,56.55647374455102,1.0626822753402243,0.048064351018079786,22.76179784828185,1.090119483502686,1.0042440740171448,187.51164994791398,0.9007835788487404
1341.804197212516,25.26915386120794,16.082727244870853,7.5097769233436145,395.5808479543907,0.0,6.69672445742988,0.0005796035804045844,0.0005542655192168143,114.10739423612698,1.0638928125583855,0.03738768147280316,20.144137940423434,1.931266043975188,1.0954038200329306,109.28314428651814,0.898101877353216
1419.7745902493757,34.83741637325859,14.21789958942292,7.9712684992107965,463.1023796115916,183.0053095195302,6.736832488597289,0.0004486522855254897,0.0005233725914889022,112.14056578238193,1.043342726921159,0.0376863498622546,22.52414659945727,1.2151001422782757,1.899741653558821,181.26403868007552,1.0531654286750065
854.9805553819406,12.117612271702944,15.821029291316764,7.726746046481217,23.33144062413991,49.48336261765421,6.463260833868946,0.0007237706900824095,0.0009637488172289635,45.17105448735076,1.0399113357498304,0.044512416333653534,18.540613792025663,1.8178316034648074,3.7670967869603844,175.8283512616544,1.1164543925968464
1000.3859748677742,23.388316132267303,14.552112264023132,8.069617190614569,204.68384224072676,328.8953242923689,6.727046326286452,0.00045796602613505915,0.0004910226422372526,68.72060933645761,1.0664330038695589,0.04834300639466978,19.655345224712363,1.8422143479625483,2.708991556414669,180.1434543305808,0.9223735853101492
1381.4822748323918,20.308365336382614,17.49013539508573,8.083210819788842,244.58844705500948,0.0,6.711334430849974,0.0007323892073115938,0.0006855392453379088,64.75385655046799,1.070058355316506,0.03826048202290864,20.33256065641309,1.3834524727696111,3.735238419549219,110.58391867524739,0.8833925571871383
1383.7844596084033,20.577636199189506,14.745670265183728,7.912996362735803,389.64233886756887,247.52995182075853,7.2931144211557815,0.000716339008466469,0.0007989785859909371,80.19787421019144,1.0444084102243614,0.04201831344393224,18.69248895965236,1.5941462490718383,2.5298712503611873,242.17945669790032,0.9576560583986102
938.0958497551123,16.98249373339712,16.873864291059526,8.264672474582518,95.0640025358117,432.3703359666065,6.44648889178997,0.0005741458831905188,0.0006961060915439877,88.69965253283048,1.0457366399719246,0.03560493157403299,24.809883274622237,0.70284204863314,2.737057513830535,247.77311336156765,1.0030561496181003
1379.4829555887904,17.039659936048686,15.457578646464967,7.843276495461422,62.71710014379718,0.0,6.683163247782672,0.0008602867450033868,0.0008760878288354261,66.42423961696429,1.0696663969385656,0.035133072522956776,17.872590172747618,1.1243367091323586,2.208875288062927,135.27187423741725,0.9441004674553817
963.7833188068957,16.197468816534546,14.234669388683669,8.267185716472168,127.86821773730908,0.0,6.650780173950293,0.0006296643164366677,0.000657198739173669,89.71078788841132,1.0701735320739845,0.04891620767399556,21.452813478476287,0.6599250932405155,3.206064751543811,122.54838835371613,0.9674653056533307
939.5680250027895,12.682188269470124,17.80041697492792,7.847532897173973,36.234608380082285,0.0,6.528910208310645,0.0007658018314604582,0.0008651959513097153,85.97052994963151,1.0385893677193108,0.04644873139509613,17.322361815300663,0.661649645514811,2.9410608433663223,100.5566919576253,1.038661555648141
1236.649889522508,24.405823835517364,13.172311860150536,7.283864617749604,258.84840465943455,0.0,6.801270471255657,0.0005520326851140633,0.0006219209430340005,75.00610593082655,1.0430848237392532,0.04544824501301966,24.975472789550157,1.2339584546216869,1.2061919578267561,152.06154916889574,1.0139269238197708
1014.6028036941133,21.594637777671274,17.44902284944656,7.815930790564634,285.9097583270186,210.4418577941735,6.377238779951573,0.0005030173229860593,0.0005338673737741848,32.45506279120699,1.067933557551222,0.03580713588191463,18.481754082611793,1.7501847456909396,2.068889706810016,128.29311537599693,0.9504915507920776
996.6983989081975,28.536314016486724,17.887779713125916,7.998090497159532,329.379744536469,169.18519859622273,6.864237951133413,0.00038098118591102514,0.0004081608790673235,53.705352886781995,1.065334581360565,0.045495418988057576,21.05373374502898,0.6305658327793139,2.5962986804640065,224.81113888203814,0.889562608073361
948.4005770817366,26.638341102801736,17.09449395805798,7.550104219528576,194.2621484009297,335.2331435584109,6.617078950370169,0.00038415632143887955,0.0004198924750768199,64.0279002600007,1.0490555772392964,0.04577596312005437,24.320380477493607,0.5508009490415462,2.5006033112099173,118.91750596724138,0.9736613224669501
984.7214590241049,34.77275026928171,15.66241867176175,7.218114234399908,234.48924190613548,169.70283802560135,6.624448639001515,0.0003118766395061316,0.00041305877736918107,94.32181269774325,1.0699955609683602,0.040087630185327135,21.840787745112905,1.7562926079013386,1.1443756636447737,232.89409708173798,1.0724642774763071
756.778128907339,18.83010550636549,15.734625516865897,7.457234896731232,145.7950699728331,219.55240535602275,7.042660548968342,0.0004258265144944224,0.0004549750911530904,62.56465191170706,1.064538209708704,0.04712972608417931,20.818650541705388,1.1724679441670003,1.9332335123206352,184.1454939875383,0.8622851078894361
695.4869007182451,32.9447679192197,17.570588693666735,8.015997155732508,284.69128324764785,0.0,6.070158177444619,0.0002334847574194393,0.0002985307614572864,52.85432650361931,1.0518094330388779,0.049957200481949,15.776513289157341,0.6843777214130787,3.148727976939525,118.93418127357292,1.111818055368807
1234.6066665652784,20.003986575176175,14.598685382466499,7.269978127824713,184.32146067296753,97.32166542173822,7.207227092835226,0.0006607925699543909,0.0007575092558499396,33.72533985423472,1.0548299884735044,0.03872565469158297,19.22218009962432,1.846054532539195,2.283104232737875,184.14202483857557,0.9989754075359167
1087.1809607739578,27.1778725414188,16.94620324888936,7.014815561355345,203.91443029532485,0.0,6.909630598992938,0.0004383590639070536,0.0005188098172437424,93.79700152300721,1.0404700124928217,0.03555388759085888,19.442820407785007,1.323746741954378,3.378112063839895,73.38275717927543,1.1100271214811943
1170.7309241114785,30.929440597657518,16.647750618511314,8.142736391026329,329.3935436021545,229.6251100670155,6.651300093688153,0.00041357454049137794,0.0004479869990893239,63.27809414466578,1.0502999655274923,0.03933511113977762,21.949472839552772,1.627632282175375,1.79248837393446,230.05201193835873,0.9355205600709814
1272.2169817669892,20.31627094327858,17.15211013231405,8.26329054640971,112.57078023704418,410.92550605786886,6.3227980744502235,0.0006612454999992182,0.0006783790157197879,77.28932423192376,1.0356528947675872,0.0451556429858701,19.84762295002796,1.8733732887842007,3.0605880521862354,172.90890644851783,0.9255025570215076
827.0225944180484,21.60010142065752,14.6442272484647,8.129578443018229,177.49597717053544,14.870735291184571,6.690286197115202,0.0004136965411828324,0.00042740761999554344,109.06559588186705,1.0558000687674514,0.04849923061519855,17.716816784402205,0.6992650188193535,1.137228836263464,212.4871271177862,0.8863676639625612
829.8753381746408,26.412561201586367,15.915229971368923,8.041571699731016,249.03464473103043,0.0,7.155599048583705,0.0003437951888000147,0.000381709703985845,89.18617544215121,1.0336503304349212,0.04912785569765887,20.302918950905394,0.7321705382420818,3.316319158917828,107.50154503960661,1.0036496603640488
864.212916381841,12.88030931958843,12.553599771497055,7.948538239004691,48.561698953049905,0.0,7.5277621203277985,0.0006948428827863043,0.0008048435674875027,52.0609332228518,1.0304631291053843,0.04718102871320374,18.783791930387245,1.905988452099384,2.669036571028563,167.81593889877814,0.9955355134722719
884.453643115957,23.82578178605625,12.432522547231708,7.716863677113114,355.4827505109146,1.5214852166185255,7.817072034196642,0.0004038353192509282,0.0004273970618597384,55.14636622659328,1.0781377455095063,0.0441920081008402,23.175367258295438,0.9839446522776092,3.956507568832157,89.30517188189897,0.9694013002465987
1239.8175340860557,12.46847462749821,12.644817516793504,7.847385330090133,31.455201689626662,329.61455224852585,6.968475300476128,0.0010073948991269812,0.0010394493371500564,86.0658660950572,1.0368375304466555,0.03816061448559931,19.674157985512434,1.3844838820652225,2.746308736829934,73.15100354017332,0.992382172393294
939.1132740987092,15.846620245341834,16.412204996044203,7.970275719204418,72.74151674104537,338.97761999147053,6.621801236849423,0.000615032086460857,0.00067114157517347,104.64440125022752,1.0459796080406005,0.03978988185183873,19.553610976015534,1.3243997075282534,2.648919058197509,80.27278886094456,1.0209469273164458
899.440935320277,26.199510802109586,14.130706324085061,7.427179482059101,503.854694822655,0.0,7.3267254039792435,0.0003755004505848787,0.00039593379917409475,46.286648572301225,1.0741551317121778,0.03813535798341039,22.115907145273063,0.8259553227398857,1.4587271444654522,135.54031976092344,0.9258202736133935
1143.0426214179672,35.27626847855533,17.45019004401309,7.266836612755126,469.7165672096833,178.56681058556086,6.630379822731523,0.00035693184336525285,0.00044268290554256754,67.54770042418912,1.0341492008525572,0.04365347261089556,20.366392114900727,0.9462533687537261,3.6792588769675088,188.8419881870559,1.0605097343629268
793.1518500659371,35.98341076061783,12.475310164133623,7.902134062179609,505.96159668418073,0.0,7.299743107831591,0.00024473056265099553,0.0002595132133631854,48.58908080655159,1.0588080127087744,0.03643848727937814,19.346415157225778,0.6671239836623026,1.5140982506681828,197.45774647038138,0.8699816565992882
730.7948767670459,16.777847034735366,13.034423266707908,7.784510737129868,133.0781640879809,9.67830180613211,6.845914885071409,0.000462086489665834,0.000485624861465018,40.70150085806515,1.0549778981826439,0.046931439683363885,15.822928471980621,1.2704808948563762,2.243881591301193,92.63316202464462,0.9495915059664564
1190.369659313869,13.804269288762978,17.017742665381533,8.287473931832606,88.56475651773746,339.2064748801487,7.026661250057646,0.0008827696807519316,0.0010124539709550364,92.38488539855432,1.059336843481685,0.04467684384072209,19.60506433958937,1.4460740754036814,3.8569942293897745,195.36137449593033,1.0127008909211799
1236.5144682971656,23.483322744772813,14.51071594311896,7.5389526182099615,313.5739132414815,0.0,6.698842048192532,0.0005723207492670368,0.0006026974476034581,66.31156402466131,1.0627341190504809,0.04692693880597681,23.6468385022312,0.5247223522938528,1.3257281801502494,136.20902557520003,0.9654371186392121
878.5716610848955,21.475746353079096,13.322146901157176,7.538295514464048,239.64200993577606,0.0,7.399398910282136,0.00044218450873232664,0.0004882911486046256,67.00784712109063,1.054837062523795,0.04564287164593137,24.708591000748996,1.7344893686929903,3.5625432736512566,99.78200236827546,0.9983812887166036
1142.8400355908286,19.865295902843844,16.685873750348108,7.158701338058647,209.60331409540427,208.1432471264493,6.7565743073067015,0.000612343702757359,0.0005603007162649896,105.84938019744817,1.075091628048307,0.04498000886944454,23.53314072410972,0.881895142956308,3.0631261642476475,54.24469966315088,0.8705374019986191
674.5115698204393,29.980232628767872,13.406608625736904,7.019394523849763,269.9950909460005,261.74943567993506,7.448554912891526,0.0002451369410060721,0.00027366977302484215,31.26376516091188,1.0620919628754564,0.0397388217629281,16.07101739763384,1.2915284121527577,1.3921894485257642,104.32115922789998,0.9614484141875745
962.5601668908965,28.451918769095755,17.840725218992556,7.181060643380132,268.0040212594667,315.76204910755905,6.746073474761531,0.00036670423694986406,0.00042843989187732565,50.57487908167795,1.037804373227526,0.04859581076836658,23.83743690456691,0.5978533487601605,3.0091704657968426,177.81076754420926,0.9811500376311179
1097.651606301872,24.607482231209598,13.649572096055968,7.769620358380646,244.28351750056217,414.86431706440715,7.081970197497349,0.00047736002486955533,0.00046561972926737616,34.86081594682653,1.0589464488930185,0.046461277887401314,19.963713714173718,0.996594226599804,2.8206499228582467,116.41152136104435,0.8809221616105791
845.159614055021,26.15793854988641,17.151247589138787,8.252967562935606,288.10119707092986,0.0,6.627711178361894,0.0003533331847035243,0.0003997778069377254,31.789168889208998,1.032605203518227,0.036838073058644505,21.945329783987336,0.6379166974409296,3.861293310809258,107.5525156721674,1.03011951310807
918.9111936823919,25.12821173475587,14.877585053067465,7.14724083469743,263.070793917142,0.0,6.512261923782454,0.0003990492978387493,0.00044318397411258545,77.75144930158456,1.043100104356877,0.03847511935607076,21.249273384795785,1.3832361933666182,3.745980038618907,226.28340265749017,0.892867625529142
1122.2295606448524,27.59873705169573,17.611853150689726,7.208063977307446,335.83358499032965,408.39727025202933,6.760706789876995,0.0004382775758854554,0.00047518153362905547,59.10051581536752,1.075153126827123,0.03645884016301057,19.962808127660487,0.9825063104764366,1.4311956574069717,185.2672589477283,0.9220735616983684
1106.94052295649,34.12297650609392,13.777567049069125,7.886455125385701,425.03314597072034,0.0,6.880955578944507,0.0003593712982522734,0.0003460803690288128,91.14935141689193,1.032811759194724,0.04515371904656018,17.115791439555814,1.8769098076788402,3.9623466359503574,104.71580151273793,0.8885362088343358
767.960393748737,34.61337611744038,17.55069022589602,7.3927458966359865,371.038689184935,0.0,6.182193949968222,0.0002459067107599599,0.0002973244569331776,47.289271313538435,1.0471442440063945,0.04181149719407491,18.598620170333483,0.6977909246120977,1.4273029394828676,169.63118898926172,0.9991844537092412
1197.7207074732687,35.46688187502308,13.816400661135598,7.059344754665375,259.4193203792113,261.83534123935027,6.634974806661132,0.0003709266855416897,0.0003825338160165504,41.657234405459974,1.0334173403105629,0.03852858301207216,18.523909294636937,1.3147897118712235,3.408439185858005,127.40668006250296,0.9254667454303072
710.262776554412,32.35270772863099,14.68902730459785,8.153963347548085,503.4087345187801,252.05100510412734,6.7515296743351625,0.0002401979707900181,0.00027271326652139334,96.1026035836072,1.0746797578745277,0.04559516358117821,22.688042261604256,1.933795607610577,2.282208812304407,92.8215001140269,1.0311471167438684
1402.4457964815163,12.72329014467198,15.795502995654344,7.193722163028637,45.134116960725045,65.34752621577181,6.432335036641564,0.0011357343834981467,0.0013601056843956848,34.598779005318406,1.0328246609228269,0.036670040600295654,16.50486711944471,0.9326974030081521,3.6801149292250583,201.49331798700806,1.050878983878737
805.4376034590714,21.743497168487302,15.327000757692673,7.56727246775048,154.20895773538408,0.0,6.536181493690868,0.00040068063207107787,0.0004337893870820581,79.58918223901507,1.0581823362883884,0.0498120420627816,15.673306293762227,1.8052295276692027,2.353832800205065,114.53276580371809,0.9570273350665779
845.2604549965552,30.321121544723272,16.025017130796336,7.980922827335321,412.41615968799636,0.0,6.662114491371466,0.00030716981432964965,0.0003853194508504013,34.70586446692518,1.0530962901379006,0.04931977131484383,23.502886607933256,1.9862893811356652,1.138272010951722,244.62010796873886,1.026867574439848
803.8338250297403,17.65266649173816,16.1759253846726,8.014015217362594,142.69095121858075,143.91202745432466,6.5853265020408625,0.00048178081772908693,0.0005752724490793778,114.06401119148805,1.0740929272595432,0.03647558720406898,21.615142243730364,0.625043569977741,3.7227484658512773,57.69342211078132,1.1305367337682026
1419.386190512458,25.77480687181963,13.606850508291345,8.242537322039132,279.3458415750241,0.0,6.894403023898131,0.0006018045389447517,0.0005204970005104272,110.258479872447,1.032391447421995,0.04517254340466484,20.630960473026175,1.3081721538775641,1.9915744257712098,80.68218167446597,0.8630474380443444
870.9708481220842,11.436266148129322,12.052524967039659,7.770289114375857,14.306817784665208,0.0,7.053203024337136,0.000778429090807977,0.0007614996030532993,35.06486762423382,1.0307724718885567,0.04416014532559162,16.48308596566324,1.1256180249126895,3.1276701844320165,135.26047634837659,0.8592371822202105
1118.9173895522995,15.294471252093631,16.340926903282973,7.192421371365799,58.721613928683425,0.0,6.813312756077898,0.0007702404606426573,0.0010279197073267633,114.85405642280476,1.071242565479081,0.03954550855877525,16.264370796647768,1.2200079968999984,3.6512311259771137,204.14890910262065,1.1309902634342919
1418.7133706011714,20.40573159440374,15.601606717082767,7.104580155036068,147.42002910913746,0.0,6.8554676961127985,0.0007488430111591073,0.0007220306784714051,79.96655400560053,1.0391716241777957,0.04001690245501108,21.67421342750046,1.7217952379730719,2.0505597098700767,76.94701701556292,0.9179752955079177
1387.1527917828562,11.825026777634807,15.380334988296479,7.835994878987337,40.22259262547572,0.0,6.744601556387197,0.0012034403469219192,0.0016023634182080232,96.55572583760838,1.0519127726535569,0.049347798640016136,16.5300461661621,1.6935405848824507,3.1046955758812063,134.4732627902397,1.234498256552923
680.9481670062655,21.032514253002343,14.974267130095747,7.69594577325016,145.21848813317524,0.0,6.612011409366885,0.0003494403298493884,0.0004334379501590711,105.897063489615,1.0755261019936166,0.036205405957292894,23.5477480509823,0.8889867480012401,2.03915633524764,131.74594107679854,1.054109585912867
1053.4812055460227,15.982893745289873,17.57052713224172,7.3239531505665045,87.13766197986465,0.0,6.7976641490368985,0.0006966134212893627,0.0005985218851986765,70.76264251883266,1.0459000403118295,0.048513258059813734,16.692845835654428,1.3669546828831232,3.5086144162383768,53.242766282089505,0.821210017147101
1115.8150382051685,32.40614111534788,13.78206111948144,7.214487408916557,281.81583828132625,0.0,6.6984834113606,0.0003805901269661172,0.0004392957190845736,71.23472193368623,1.0406344986805323,0.04236210996674246,21.235123393639945,1.9364708318493284,3.959965700776806,107.04846872436428,1.0555187871909515
1194.4633578949292,18.289110990277646,17.472101374470313,7.45534220323104,119.32812831790879,0.0,6.437767325968505,0.0006978306643417745,0.0007034134797308647,60.068782862195974,1.0713067883495488,0.04325229340347219,17.370008438617393,0.8478519163799065,1.6597330209066583,53.88947088360085,0.9749121512591569
909.3374470589692,19.898874492263566,13.007586492259106,7.374303392671336,185.38777501797662,220.1229466003272,6.925986701454495,0.00048625833889181613,0.0005305805642064807,85.24206252159976,1.070117817219418,0.042592730507305616,18.12896603423307,0.7901544870042796,3.44792194925111,86.58262318856569,0.9933525398407383
903.1128986817672,30.85276226633644,16.167033266240423,7.460935317022649,196.1432144742499,443.4600387432444,6.949496289415142,0.0003170192373221129,0.00040751343938523216,32.823386262197545,1.07969534599173,0.046786553988797275,18.253787897790367,1.3420973577292663,3.854037109004862,187.3950547646508,1.0532876495826629
651.3329641435025,24.551366642752495,17.649075131350376,7.456803827090247,107.45321773111652,0.0,6.555265331476234,0.00028908216379144744,0.0003591178239330578,91.5476708370135,1.0696428715078476,0.03786769071867347,15.24670472655288,1.1018298061074854,2.1412952843680695,214.92289034428148,0.9399488733039428
675.414153553829,11.302262750439017,12.925274221524067,7.978282097678629,30.247402920270776,0.0,7.662901234673358,0.0006099445875784763,0.0006869697555762246,95.92299621921663,1.0599892643530808,0.03848653923973801,19.191126377226063,0.932322488700235,1.3528629125426093,156.40888666424559,0.9613985649225393
1075.9444771077842,15.657011291343679,16.620832974634848,7.6000769703501145,91.74028594581254,0.0,6.825593670330768,0.0007250054128606127,0.0008061422668458997,92.23021669106004,1.040397019042157,0.03666369168857068,23.655140876748057,1.6636427070416764,2.760269741108903,134.97389474647,0.9972540149402783
707.0401647891053,25.88266630344676,13.638314622328444,8.10221456396163,229.66114863555626,143.8865934412505,7.269882406147302,0.000296737680964273,0.0002952330824705561,85.75691927318195,1.0676410310786233,0.041741946006589516,19.989878837496807,1.927257295278443,3.0941702422585537,124.49125419618461,0.8609760506571388
805.5303826010694,15.183479035220394,12.354193708654302,7.652654595224046,109.92933932175016,272.2333210373665,6.898688587749657,0.0005503736913765122,0.0006277263712143724,58.96961836812771,1.057718748288571,0.03560457203973095,16.915480387982605,0.8743191730283981,1.8967522680739288,154.6889218916939,0.9639384683061089
907.2855508195073,16.45612388042715,14.587265116807266,7.377595102064988,140.69830518338068,0.0,6.488647561802218,0.0005842095422264925,0.0006396043857179942,91.40355326052241,1.0510954222079953,0.04952815587450269,20.186007729688235,0.6859101841108999,1.016003287249812,96.7323528475965,1.0066764655943439
702.8266391100208,26.196298239968424,16.19384328525991,8.20154830746673,149.93972440996404,112.97770297629869,6.864171636138536,0.00029200312339804015,0.00030103680334734597,64.7196980700684,1.059275530230564,0.0415914544120404,24.349170645807277,1.1807834347684458,2.7719442780274393,53.44578877358328,0.9888476790763987
672.0089555105826,22.859214203504486,13.700679659233584,7.846867718832869,209.90143716693157,439.48329161020797,7.4009894784106525,0.00031271623592812084,0.0004042300701823564,87.88145207248976,1.0377243930163507,0.04025401706766739,19.65202746469506,1.2974641458644958,1.5205763472437597,207.99766831830772,0.9974708612637546
1369.1441096434605,16.996627718379884,17.701567723617117,8.095904773653679,160.20195740900965,234.68902518592103,6.850382783816599,0.0008456786866023555,0.0008725466513843584,52.64467882517954,1.0766755169977655,0.04893247541655932,19.828587748688694,1.8221138762590923,2.13942349696813,111.11527759913689,0.986723448919935
986.5923138122218,24.539192956061264,12.01361205752116,7.302848802430691,205.44758440846576,330.43621575799153,7.909980794307679,0.00043181037702619046,0.00042875781327731565,53.8449322694063,1.0486301051060034,0.047872332065362566,22.710825174598515,1.93139789758922,3.2251723527334724,162.47873517530599,0.8455673590349305
807.4001103780785,26.47744506140885,13.606684884745434,8.265253685938642,260.3440230399212,374.0296773994004,7.510008685267971,0.00032840282903293436,0.000341218622041984,88.58323993798085,1.0765030853326158,0.03828941509094702,15.67504045575274,1.304613125201431,1.4079469072962167,151.03299650535712,0.9203763368518514
1199.1755014496525,11.023684024938909,14.04965325972624,7.825568579671275,33.008691436096996,0.0,7.110085792361493,0.0011069617768174704,0.000999283610785565,45.47867126293713,1.0689856416949046,0.03615688802434499,18.13953342914598,1.4744604500530767,2.5605842011693682,103.06282220219225,0.8462467880877911
655.3484755145861,17.120019189437485,14.2253043727491,7.487189410896015,108.13263281364613,105.55697551293687,7.2164669435305075,0.000404796930381846,0.0004922688844118095,105.06544759033278,1.062423437164211,0.045783383214745066,18.95049938227117,1.3421483907775404,1.615388127877985,139.46809291511823,1.012227242149678
838.6234186684553,18.00047214025782,13.79808940644577,7.326412607690151,92.95977500022263,0.0,6.950205744005707,0.0004972632335521807,0.0005823649049325053,103.8212884573018,1.0441107713466669,0.04037868427862958,18.08339041227485,0.5070954774104113,2.9565348000517275,86.92886016325612,1.065462309971302
1395.4632191851322,32.84674366608783,12.128210939253883,7.128486454407412,326.361715184098,52.73963870103554,7.877229532534337,0.00046890553446699083,0.000498699965804124,79.70366211663037,1.0649965913325827,0.047414559625003634,20.475036322694535,1.3492430013933174,2.315336496531413,91.01343475319501,0.9997164440513755
1346.4029545356266,11.334415030128225,13.259728054173191,7.04274364336683,16.673617207461238,225.86231416835352,7.669897542007318,0.0011970452580944203,0.0011103357844584874,53.35611554886608,1.0483513727619767,0.04067945384271613,22.800466056383417,1.5343230644433004,2.9240317047590385,148.8549290668895,0.8415831622394687
1142.7498448151737,19.025489277361427,13.56984318784647,7.254801955419835,178.91060516891764,0.0,7.344989359445103,0.0006437734843790887,0.0007307175561438427,60.91620203508086,1.0759102617666798,0.039512948934974264,19.089854831294083,1.0225161482940195,1.7832240212021577,218.25680438137383,0.958729762713202
720.5117561250735,15.058308248471295,16.034937728616857,7.402805931743908,47.707015005265355,0.0,6.495595318713597,0.0005030636679507029,0.000605848033087034,43.369938355052504,1.048046463749282,0.0418902788945178,22.849970973091,1.422879120744846,2.9993324664947196,109.6290441245537,1.0521598625380222
895.4435576152455,28.073652804064675,14.26387842363625,7.689851812311701,424.9854042100022,199.7585998225203,7.085712368476745,0.00034721072819853894,0.00042404660162856665,97.12172666534428,1.0729433488986428,0.03564567213245356,19.424012884377028,1.134576272036426,1.366918631706215,180.9319395080176,1.026080234418708
669.7315240226859,31.092089376832142,16.33428875707152,7.5173713445535695,225.49633005742206,424.7948890178569,6.884842447015108,0.0002335571244052611,0.00029065280815157894,116.0566899623007,1.0323566554689916,0.037623664484025654,23.941039546050295,1.875648911569562,2.790331588047419,117.11560823144276,1.0495563819223495
818.5306014889369,11.49336786259001,14.654924366548126,7.059039915466648,25.14179176917525,0.0,7.271850866777582,0.0007282674666284905,0.0008999970436012795,40.58069722268146,1.0703696026362521,0.03724526524108057,18.261837594221365,1.2171124700395817,1.1124274405118737,147.31615348343254,1.0549307651645363
667.7877481475742,32.44585043303319,14.044291631638444,7.187724401519233,253.62543457059118,424.5155460257371,7.203022400720487,0.00022367222651701615,0.0002268133622224285,36.48095245011449,1.055042149775819,0.045620955498817325,19.4369054025682,1.345770996976798,3.065065055922685,68.93723363877089,0.9084428825262263
746.1553422368929,28.094971606661197,12.95385894616859,7.023932979458062,286.66650922277887,107.63901799810407,7.543435290095086,0.0002902533167796024,0.00034121693873879013,69.0438165468118,1.060022259427874,0.0395074842490772,21.855460620230936,0.7611304761167133,3.554141760605028,122.32084649689922,1.0080287027582213
1140.6409130305783,15.641449944405862,13.370051940348489,7.052552912441073,122.93708393530751,458.80401479185,7.44822411288746,0.000751297046229676,0.0009416832384650216,117.4515452167694,1.061032082013618,0.04722896865756537,15.091196538501636,1.5902020554656067,2.7642793027917207,247.881441421797,1.013549437758683
726.1445328326827,33.81165148718341,17.408976461534543,7.386692883942804,585.5377137694187,292.4194887329002,6.698668971622283,0.00023506780805655883,0.00027197238739106795,48.66194817079061,1.0791137161618785,0.049228617245792174,23.859982554102682,1.1931428282114829,2.4359255525153274,189.96541146868094,0.9131404213478808
769.1836729319501,17.619100320988444,14.730887915972598,7.830080695037783,186.55189052918112,0.0,6.570843194460031,0.0004651657474344439,0.0005173752937378336,48.43917168160935,1.061018825126392,0.04241285995092758,19.430919627076953,0.7301659736936668,3.774654293890676,147.0025060585404,0.9449344538367265
1350.3846108035896,30.500092772509415,13.881134823399485,7.1993213924378585,349.0911933180094,0.0,7.32327969695277,0.0004880233678522012,0.0005085487329552778,66.0602444527342,1.0773733945306363,0.03780450370930409,18.715161626562185,1.2690120088396983,3.2375146494956724,88.75836118534292,0.979967498314233
908.9819855069004,11.94894997903102,13.310055938514742,8.148654910939626,25.614283941466493,98.19859986585644,7.145600787619164,0.0007770455256617364,0.0009569902259932728,60.164905105089034,1.0653597918997473,0.03522014587353285,16.165951665525366,0.8203618981517978,3.722912182194966,87.86290216152577,1.1538702449893166
907.0716072840481,21.857273153802623,17.25967215801331,8.283516749970119,217.23573277662717,70.56363637103267,6.855983507458648,0.00044755092654863774,0.0005557922939490794,53.92138788105579,1.052478869145051,0.04943021590791118,15.978142692635869,1.0208751630975277,2.935960036982826,181.4666871644803,1.075461878719458
715.3277079712486,23.1496371973656,16.225161088776574,7.799560598389762,271.7407494199082,0.0,6.351183738287348,0.00033554946409366517,0.00037881184523809637,81.7294525210537,1.0760232073057825,0.0368070554867196,19.724393608641275,0.9208383014097737,3.652428711879729,106.23824041056933,0.9919588179367869
1267.2339460748826,33.31122700517385,16.166867067548132,7.062823080358283,363.0676144834897,270.4683924091201,6.72372563110787,0.00041647981573921027,0.00045042906367665566,39.74086837953457,1.067816298108448,0.04617721366104178,23.182638804553115,1.267628529340549,3.911256016073898,100.19719941010574,0.9948412360851177
1174.2214930752457,31.74966669674466,16.827650653697017,7.236047550361886,529.9672284343935,0.0,6.465818894614907,0.0004083759271622678,0.0003849316246921256,38.08963723377698,1.0649420557569618,0.035293450825592036,21.046936574206267,1.3540216202171933,2.1094093984480047,98.85409444020613,0.8730904057882706
1073.6693186802854,24.20599051113824,13.447830680717095,7.664288354876759,270.1045465039456,0.0,7.137096938015503,0.0004829994196903718,0.0005657185770685611,74.28769939697389,1.075911341422724,0.04872596258791899,24.113578895139412,1.6935025935197756,3.8544880475290624,202.36481185452547,0.9935654928343052
1128.7361909861036,11.33993827436857,16.386165966241634,8.215367461548642,34.952094476123236,0.0,7.160549385727119,0.0010161781512001355,0.0011058919430574753,115.29631744875107,1.0395032407807117,0.04338318320393368,24.837589779188313,1.2707254662844973,3.679661682009019,60.28350029596914,1.0724947432834806
726.096178690254,21.179415923463303,12.428568393166694,8.276476867398824,219.70756128239307,30.265242087551137,7.605606079266399,0.00036970589243540385,0.00039557041347456474,47.66871487092531,1.039033358203346,0.04487185572114432,20.147397514178625,1.819747750194597,1.821068493761202,138.75144504401862,0.9595559026128002
850.5181199937671,19.757608471968776,15.989410686572391,7.957852681469394,201.87686578389253,0.0,7.12532465053998,0.0004626057584591199,0.0005217379439463599,50.571970931211666,1.0601900929611217,0.04424975102114965,16.937854114494215,1.7528243991761796,1.561280577155936,111.33448126545915,1.033808537789807
1102.0730993436036,35.88285485703774,13.933329005172954,8.157420113739041,338.7443075874321,319.16947067250396,7.41592405342629,0.00033677503129140424,0.00040777015601455404,50.33494304694767,1.0474779647380477,0.03853045030640463,24.42615913634546,0.5674455956771334,2.500532312056806,130.59632683227971,1.1052403841529708
1388.8364480930422,27.698691683435186,15.971035709443584,7.126267371215769,271.85451686035753,0.0,6.341511935997792,0.0005500221066106975,0.000573081092438509,37.5903364360283,1.0377984771772994,0.03677391569633621,17.211972910980087,1.0209306481747737,3.560354217439939,110.04153652687086,0.9675129768636626
1283.7286509369724,20.531457226970353,13.359718456522016,7.659396207365763,121.30940328889886,0.0,7.394334283454102,0.0006737830651192104,0.0006671129733965173,38.79311595693059,1.0435400945983866,0.047524771397534624,20.613703521647352,0.6481502740040261,1.1902884864374537,203.28925558039933,0.8778569927193359
1146.485106998949,19.485218514252587,14.12102168123928,7.621741235836679,146.26110353583474,52.87725805235214,7.290174130705544,0.0006301190774636505,0.0006933501461720313,58.69130939856397,1.032013710881286,0.0433126844265356,17.023999450263204,1.8014018635023985,3.134280120047932,144.39755170481894,0.983315625250275
1051.6408543249179,29.95706298541018,16.021416079842723,7.281612730354938,330.78391068981125,0.0,7.002147274770749,0.00038659088359355707,0.00044979850897110393,55.72509748181315,1.0716320758351183,0.04353386421446382,23.82309950152842,0.5620973348103259,2.3245948872121716,203.72501476467,0.9795139878313591
659.77283350187,12.490274172110826,17.636999898921363,7.733301243729645,43.23294598753069,181.77822780624572,6.294995028943706,0.0005395981866235464,0.000728803920902122,82.88762696942058,1.036100138930557,0.03668432637014062,22.672557056323388,0.861741448441731,3.467209993548606,78.48745461491364,1.2274354361404072
1340.9772561503128,31.242463247284746,14.044229833122653,7.731834414155693,254.94517623997467,243.09385917340518,6.931727369094285,0.0004689880744226556,0.0005051682341399169,44.72325630161758,1.0313744266433187,0.04920026205397891,20.24449255783273,1.3793498726680387,1.0846767387114014,158.4178990075293,0.9841830232378138
700.012486213866,27.443413985282813,13.014795199028153,8.26295860535691,800.3960766893068,0.0,7.37769223614307,0.000279695427472405,0.0003012630074364899,111.89305861139606,1.0577136061433106,0.045451641570160926,23.694209846233825,0.6842476779275173,2.9733191681306916,97.22901763763092,0.9827080994065359
748.4250575985548,21.317750906040942,12.747609544760033,7.087115104192209,185.95279428614796,313.53132846262025,7.035090654220367,0.00037380473834244533,0.0004819403700492146,81.24011404893645,1.0431984554015086,0.04134794409290559,21.842446028802947,1.9100899248719367,1.8863812168254124,142.77053712630567,1.073837062807539
1187.2098125051134,28.468593951541283,16.028109722449113,7.388922562835047,469.43332272644193,40.07777471597255,6.759538103681304,0.0004573251093565515,0.0005130543832297461,102.33080811590112,1.0375453559867778,0.035718331628143266,21.295005676031703,0.903191359003187,2.9678124897476565,241.05885746342196,0.9347688131600053
1279.8480171759004,20.34317595386579,17.36597074664668,7.2224134892146346,239.4464159737515,0.0,6.479926020719331,0.0006774307504300894,0.0006755285760270417,41.43634219357184,1.0559651186429544,0.042049924698787336,21.750727674741157,0.6625040757566786,1.2253824969558484,54.60452200820094,0.9652276580284658
1259.9364164890087,13.722493193589852,12.101796339094276,7.290030472154542,26.23560815676063,70.79819666882418,6.93591254793152,0.000953332250933852,0.0009876629763796358,103.49380410876307,1.0508046932919117,0.04967470416452208,23.914807813747686,0.6850514234504961,3.9645230390095936,87.27805404874327,0.9792372708720389
999.970405593394,20.840437791898232,14.069458853798135,7.413863100561132,170.32436514195638,338.5488923656627,6.625312613742707,0.0005094265774679102,0.0005957940529209167,66.69221138967782,1.0493343016316772,0.04641476644204312,18.99115502896558,1.1186290926351787,3.7961316894535058,188.72891989706844,0.9767835922091627
785.7493950249108,11.335535839412223,13.013650612124186,7.479575833632986,38.586807223916225,118.4592943134122,6.923978597985844,0.0007028967283255612,0.0008849591043562203,59.78163355349487,1.0630207410008903,0.03533985085113438,21.997592240780406,1.2225150099596265,2.140978927251667,194.00466384693308,1.0210223032105616
675.4651244991664,12.264986512230024,17.727769816610532,8.244685471516362,14.29396265221461,0.0,6.469432525631649,0.000567223225869016,0.0006040917678415561,109.10274805127031,1.0382766327166297,0.046222807182309686,18.54901329703896,1.4136225180489843,2.35550956105781,83.05433541254936,1.0040786604126661
1310.3733367237699,21.414472564134936,12.793734516399237,7.426920066307052,245.09911563584149,355.9854653156385,7.691509436382669,0.000650441000858271,0.0006012810152335991,69.60890336226004,1.0544739940001502,0.04806063337970381,21.66697989589346,0.6480953294843931,3.80294611463179,151.9969012381908,0.8236820903176715
1408.648626277693,31.45193675457353,12.411633460958473,7.629046796500529,285.42778137522873,0.0,7.601204262355984,0.0004944005064074453,0.00057948198464803,56.40805109194982,1.0759780897127558,0.038849366550743114,20.31476399084047,0.7615768416718947,3.2261181127685665,126.63298845854769,1.0826148443638075
837.9374227218909,15.295460861315872,16.608176048818176,7.215645033999808,73.24052066008329,254.93386897063448,6.487045008917899,0.0005691392326322612,0.0006122111440027844,66.03835198636926,1.0480502907977018,0.0476287529703485,22.50096729228555,0.9666777997248752,2.484515399926659,109.01895737546887,0.9560065584390465
1321.8073828798542,23.021235456630606,17.993804738399383,7.286770492377753,239.13014268382514,374.92008871483876,6.738083036507976,0.0006127557278645686,0.0007494709808276458,83.13713687570518,1.0667427172015516,0.049572816391121884,20.497782898154824,0.5987619262638224,1.3380922148896837,220.3103152434075,1.047150001509697
961.1690533968547,35.45265938467898,16.64282125912439,7.281792673561935,240.87556625462125,389.51958079074615,6.956632237915143,0.0002962859258250632,0.0003432464407509037,51.80321328891268,1.0487625968833376,0.04127319316579005,19.9521979514437,0.6280881212384951,1.8249838754070447,148.26634137551278,0.9979828169777879
890.2254452607502,31.513739519148196,12.687636418638434,7.7395705619432675,399.5136808810284,0.0,7.723601132333572,0.0003118592663804632,0.0004042570818566036,75.2221983119465,1.0420530769452887,0.03654947480120975,15.911218918060548,1.0164343724698635,2.9136660778843613,228.89243509573015,1.0398441771428395
1041.0100742780785,33.45004871862086,14.447211747458201,7.39101809320164,339.11112803474333,244.30507092681788,7.195049349800922,0.0003411493955299509,0.0004425614098290882,59.524575255278165,1.0495546005573173,0.040563302270293186,15.501726815779678,1.0593734387313003,3.6216452926983305,179.02925568516963,1.1006610844960503
654.3548453792988,27.549168690445665,15.120156957882202,7.361191637922065,243.7724270152944,0.0,7.004958011268924,0.00026048578295511326,0.000293125334850089,41.479323086864746,1.0335743218050595,0.048583885050671745,23.58894623013326,1.613236160156502,1.5561972341340338,107.40187095268807,0.9765717696123399
992.4318570445128,25.315872177494878,17.392417765533114,7.680691703973043,326.9967684365068,121.1894401162421,6.71715080281726,0.00042565925278654186,0.0004932532447169584,32.58581670390736,1.0443251783871967,0.04196570023069913,19.5127641256399,1.962980259582853,2.956626209675453,214.95052577915303,0.9573678836118278
803.2537655574154,25.12794741306316,16.520026957182647,7.021352992355056,749.0919693116174,0.0,6.278699356428639,0.00034880393889559497,0.000379781751583736,104.11748192520474,1.045468391216749,0.0394891963388965,24.756342799452447,0.7335337379004127,2.1911484146855233,54.397133557147995,1.0223836209467645
1202.2916966053776,25.63213353032664,12.36013843049553,8.122462268330052,299.96595269367435,309.75866698603346,7.435788281898274,0.0005055898853229991,0.0005913153224771665,110.80370168705832,1.0714538674291216,0.04163699327012321,19.477744312187884,1.619198108878445,3.5607836129130606,238.95760867308948,0.9841019513635375
1039.0005334032223,22.089341030276994,14.718237205859486,7.0668863493946255,244.0671717720267,0.0,6.499939716358922,0.0005093062568778949,0.0006170345579065537,55.601740175756916,1.0725851118812817,0.047490117560068115,15.945307800061588,0.5559286313007059,1.2836108896234784,69.06145617086545,1.1422702494309112
1323.9673460871581,19.37626884881498,16.671861519417035,7.53478502625577,155.420455830863,0.0,6.787050185603954,0.000733249434832936,0.0008232561321985623,98.73663910262748,1.068256382460969,0.0441217301966458,22.442587843474065,0.778814092023765,1.1094701713978556,233.10327243678083,0.9747204765144842
1345.5922925104348,16.20591057739557,15.258963119697501,8.28512471009075,81.00495763676946,373.143285586215,7.03158919050529,0.0008620125900689995,0.00082215533710743,66.67385939092499,1.054817268566007,0.0367274747342063,18.194806066945187,0.5952407073925492,3.210398599577715,61.416818309201275,0.9473759039107252
894.438447345566,11.69794595786739,16.00059673873924,7.218382583327031,26.792059696142758,0.0,6.640562123127859,0.0007834265321288327,0.0009872825623199744,61.55733799488695,1.0335884896002976,0.0397698187972118,21.234072234490725,0.5928681531548248,1.3228501426137993,85.30542267386781,1.1613453062337389
866.1386008323279,19.597462159199086,17.804444084382645,7.058529877665687,255.1079415778935,0.0,6.199883483019169,0.00047464079655148506,0.0005020487444205765,55.806646448876165,1.0644415881046856,0.03928835548878942,15.394052188756959,0.7624704402918903,3.5122368929965058,109.7743846816224,0.9403640757071774
1378.6434385542366,30.017401528457178,17.8718738424295,7.6316291789353885,370.06161587853995,268.23982186727926,6.506188476764697,0.0005002419707003284,0.0006196722550981087,59.68924051137615,1.0551428970374694,0.04650057080945957,23.948335959533534,1.3182405003919626,3.7900012886011796,233.66990571383647,1.056321329541385
1040.1101011321543,24.36984277167919,17.021347223537802,7.8197693254530005,323.7007339025577,204.6544782649817,6.287962203341252,0.00046068047595110366,0.0004906645677333042,61.911203361962606,1.0703900621822113,0.042690118198831804,16.846290157455,1.661104131060533,3.069789296282199,133.87906792423536,0.946994266464967
723.0890794800553,14.263683101834243,15.431552157197284,7.497042794781434,61.27993001220201,0.0,6.727683975485079,0.0005303148592373111,0.000720942056077539,40.64040821696119,1.054075936780122,0.03610046527981821,18.694827498057382,1.8516702431833363,3.7810295515579986,221.32806236926163,1.0465811565955445
683.698631950636,31.169277593122363,13.8454826588737,7.286134918943974,788.793307507761,0.0,7.297493054715039,0.00024202499900151934,0.0003134857370007544,104.07029746635075,1.03228341768695,0.035278283304145584,19.1656867743269,1.879157343757699,2.9812976981823116,104.7024524091808,1.1263764384042982
1418.551057798091,11.078050275990295,12.958133754517489,7.898288920875201,15.114272782288054,0.0,6.754448879400043,0.0013038719822557909,0.001627659829700224,68.1699372476589,1.0559811353355504,0.04046489640710881,20.312050357744752,0.9762749530540922,3.796766174141681,203.8224481637985,1.1087438926721818
1098.5893033836282,34.20930957979467,13.004903534552236,7.766670170652913,502.1659538561611,180.4397924648109,7.674960264531283,0.00035329263344082427,0.00038663289529739864,47.35429406137996,1.0362101758682463,0.043513630603614586,24.3546490377013,1.7646542246962384,3.81384762493641,152.70467452224102,0.9630907271885438
690.3955331448079,26.946934510411406,15.842985721299334,7.451163919276526,346.0795317092918,0.0,7.153970142569551,0.00028064185635667273,0.0003732631472037901,67.09000131193996,1.0745458829883368,0.04363826481109263,23.690560140338,1.3842757175846776,1.1806788675526616,205.9673454496711,1.0395321137961113
1045.7567388327425,24.45888278810218,16.637466782734073,7.800360990287762,270.03120838974877,0.0,6.538415035863856,0.0004658095834988925,0.0005805147425148187,72.89523670074544,1.032509219099545,0.040772054099263995,18.780202367291547,1.5054647772820413,1.2475689460525958,180.3810133751035,1.0934917478027433
1040.1933033273065,20.72781828668322,17.152167337281806,8.092040374049802,130.23060488390416,0.0,6.894310799388621,0.0005410623547097774,0.0006055795951634007,97.48239791967814,1.051750472721796,0.04117620695689511,18.744773103217803,1.5211056045781386,1.111606095660127,197.96023094258385,1.0048492593249108
986.7317409308052,31.45080675433467,17.484259496776165,7.66914176321014,266.6952287228672,196.15365052420302,6.840006639117678,0.00034353581130655336,0.0004286894770083585,44.58993055715548,1.0368572558330351,0.039541214321715555,22.39145459852419,0.8788196177715555,3.1080379159592364,83.18120106961928,1.1532253438252027
1388.096150040033,10.176339567082419,13.727167866847726,7.504149720484696,23.082794513814328,60.33275576129722,7.321239402761309,0.0013693383194916793,0.0016193295275448566,74.95978088811637,1.0580259513855044,0.037373206137312695,18.321140438265452,1.9074458955228686,3.964309098551497,75.98535756391955,1.1267225623117592
1386.1446399109263,10.413748238899862,14.006842104041045,7.800440157978984,25.517060119178677,265.63599889799275,6.983047090935934,0.0013238720321443098,0.0015581595040302172,98.81620465515462,1.0325271685636082,0.03993096071823558,17.30950208116621,1.0536749126703429,3.5866990913994083,72.79357374987694,1.1404240964552839
745.2248536970136,23.528183770277355,13.177371706630032,7.656489972640439,161.5139084301915,0.0,7.058141128008155,0.0003443254916189513,0.0004391027558674077,103.26750122791647,1.0789391963312305,0.04485815969118407,24.400240407858366,0.642157731841512,1.4803422985440342,226.13373432548974,0.9981654407700008
766.038706234363,17.72381251780049,15.26353851733646,7.128384518878155,92.85186149405075,419.1615172577281,6.578862969678862,0.00045124126241056345,0.0005675955896635896,43.594138088780355,1.0625895464371504,0.03941597907199268,22.493885297465503,1.2315434101894605,3.9521329088531956,164.45432826174,1.0285255194905671
965.0261352972163,20.440346845288076,17.67980806064976,8.174148731899908,209.10274746131287,217.02987203373954,6.798508193588068,0.0005033412562593787,0.0004886501652127293,62.82896969649423,1.0718083647864725,0.04860464226119225,19.0926889945577,1.3476300611000835,3.620047156629796,90.26959474281847,0.905195168779441
1296.8725945727763,23.951558145051326,16.545560310134885,7.161526841001597,327.05268947486564,63.88471010304632,6.841449236739022,0.0005874978518208001,0.0006013845556117094,93.20833830471817,1.048994255290953,0.04340594593369371,17.032217664854926,1.3485949502374641,1.3733422432992657,136.96062383886058,0.9287832226108463
1133.2795190137495,11.138110676240899,14.620840447582834,7.965373744853924,20.919451925961905,0.0,7.4302791574340405,0.001036639732332336,0.001220853242905171,60.467524154879946,1.0471999810411317,0.0374300214625893,19.993966995219203,1.389608762692373,1.7191986402053736,195.9248564999962,1.0435790722292468
1215.8078395057892,35.55958484954556,12.954246242190935,7.563264625305161,341.24598704743596,0.0,7.358073536881929,0.0003794278207024255,0.00040308923018527083,89.43347652999697,1.0504840863480644,0.04194643698925441,19.226427749288256,1.966577023426932,1.3131054823724497,175.38765108448234,0.941412316281447
1096.1734214853172,27.61866559818584,17.05677999315742,8.018478162051112,245.94328387065713,0.0,6.14010059865236,0.00043529455945358954,0.0005022496018261467,53.61854585192863,1.031223901209014,0.03764418307040438,17.98851769162944,1.3123314050382588,3.2950785560927036,189.0300603828286,1.0000225523405404
811.4242965159333,12.571222939531767,17.377336306173934,7.679920643704332,73.67981292949008,111.024113663577,6.281124661336584,0.0006624527687909638,0.0007483052328252788,59.136544581189256,1.064727468237599,0.03697246353724743,20.78691750371533,1.645718836453741,3.6488181132763975,195.8059909486328,0.915652062642139
1284.2215035915747,29.203865175012652,16.608411137342422,8.066825262053626,387.2848407059227,0.0,6.238087575040114,0.0004836559351993211,0.0005172498868272351,36.72469805600646,1.0569794705294895,0.03664250252978687,16.70033407313924,1.5983777754875375,1.6491374922334678,222.74879990372256,0.942814528752787
658.9083240443134,23.855419485489072,13.752861231266886,7.610858903223567,233.43583575598518,5.422153903638834,6.893166741579589,0.00030043692617559125,0.0003252124044365115,87.85923756907127,1.0608224435557725,0.0375517114737267,17.63893709614582,1.3307740265997878,3.792955411280598,133.22147992361116,0.9050692280838332
1191.4207526428154,27.86061441611244,14.341481478711422,7.321304929656786,419.45007973555266,0.0,7.084874082984056,0.00046926252694534166,0.0005147161318325636,56.418701140162966,1.0454238076517244,0.03782437773752775,20.546088379664816,1.3786478733412761,2.1994038573471624,94.56743390635404,1.0213523212373767
799.1962210583888,29.180434056728444,15.501395798639496,8.001431227716377,664.8484685399521,0.0,6.882606903650184,0.0003012285427743738,0.0003599063032857982,37.80948324154026,1.0327385663709014,0.049544864350956286,19.07757964301651,1.8433058130379099,3.233888629630301,235.79993142732474,0.9405447636485763
1014.5091713106331,35.77551070702704,17.507272153194105,8.075819480581648,597.6179332953858,0.0,6.640537540355147,0.00031472852602605937,0.0003817042944996196,53.608443612619254,1.063266002320506,0.035738947687036955,19.127541562288258,0.8645671957375137,3.031185479759357,228.24614134890652,1.0078988668547644
1406.6536338105961,13.078404766715597,13.456805411010887,7.653359759592553,28.756822655767657,229.7054841225235,7.0185456849255345,0.0011015115846407552,0.0012193914229280116,46.20218180795047,1.0717212108676875,0.04178816392226133,21.673172315822644,1.6548066610495027,1.9210296638512292,110.00190501420317,1.0448292393130743
1067.3698971468,35.90163831576373,14.51828472107006,8.207797685494958,409.8290357982869,329.84020444057376,7.394016300401473,0.0003258672393024495,0.00037140454413844755,63.654416578925726,1.0500704409537582,0.044743058595208204,15.73868411824488,1.07974246870748,3.690524913209618,200.13682988998508,0.9691347179532837
692.3061828305086,22.398311681187344,12.361026421315602,7.919804752149785,187.56824704459405,176.0883343144507,7.270774276022456,0.00033231588908223906,0.00040217958840381863,115.89890568311708,1.050345216178635,0.036065398554310873,22.54296597805031,1.495130361344262,1.8868236639842524,162.43629011247276,0.9986211694797754
981.5907076237179,15.224502444716837,12.018658365458329,8.212418641950928,74.63163556473592,0.0,7.118194338983132,0.0006786486642247412,0.0009340929593515701,112.70132507096766,1.0429904832182844,0.039907038235804645,24.568525633825015,1.9881379469679228,3.5998515431971647,184.4169725757961,1.1969481293943895
1161.687808337235,19.713838470228815,13.460193897584736,7.254073916590541,113.42527044060799,0.0,7.064102141899356,0.0006332176743807864,0.0007835964733668046,105.46678988789799,1.0413389689501256,0.04106043826378278,24.09088294009731,1.143654848745801,1.990008081041624,225.97448318842942,1.0419369409109855
692.1178066886945,19.47228067169149,16.85406435384265,8.226552992165558,141.4401348894948,0.0,6.526065411638652,0.00038155699495309877,0.0004941577786324525,102.04951383500277,1.0672302627819028,0.042111886826133337,23.841361614992792,1.7285694094226556,1.9143390502367181,148.18070583580263,1.1318781022982973
844.5645992179412,33.279154970477165,16.05214174593796,7.997949310065889,294.1366263671813,36.10588126806684,6.443520500252542,0.0002804195033233577,0.0003795120824065072,111.48419355176843,1.0569581448068264,0.04518358612240622,15.461099607864627,1.130104368215666,1.4152851997073794,207.64451438620895,1.1238789419795545
662.2655153065273,23.631520163271006,14.860522050144295,8.225614779334819,258.9224415552712,57.1219002058061,7.002330612518755,0.0003039396884782698,0.0003665250565355023,45.215067471648084,1.0792748432567312,0.04267970243230537,18.089054112517964,0.870963274749993,2.3003303041941043,115.31825337343962,1.0694036331768322
1068.173099480114,11.734635425260365,14.457572891264672,7.454963297600182,25.054896257683456,312.6815302605452,7.020565965823987,0.0009164959629581551,0.0010969723086375397,74.85364549210621,1.0605695938250546,0.04283697147674214,15.989470462283425,0.7431910576005533,2.679448242939963,190.44514552214764,1.040608107426296
944.7895566011534,28.58676024693118,13.58948046837048,7.722790168254113,211.13017829110078,0.0,6.639993898133959,0.00036315368806929746,0.0003570445051043162,100.69381460175677,1.0388487893374796,0.03922690334115947,16.055827826915767,1.8236342122009679,2.212963580574412,126.56872310186075,0.8770477577691649
1039.8708329625138,22.942135753326713,16.59643422257199,8.162617083758743,132.56329636719713,0.0,6.4810766932591335,0.0004919216000044176,0.0006167159683455534,114.59329545693963,1.043102069402401,0.035804781740442826,16.760543676605234,1.96137762521948,3.493254022612151,243.12377785059022,1.03748583079552
878.1610427256919,31.17970174798224,14.92635188350496,7.874171964889264,319.8562668961969,194.8723513329535,6.543414817655396,0.0003083064605369501,0.00030618412707281395,84.9715937746625,1.0637489896400902,0.0449192017235722,15.554768128553526,1.6408512413324574,3.9048651299133468,69.98161571252828,0.9218972500337104
1158.9958567005358,11.20790616348076,12.42015613755893,7.375716786092963,30.05257146463022,206.11874045191516,7.158736239318389,0.0010418612650717857,0.0010093511717179427,42.150073264124906,1.0478028179578862,0.042896332775791975,24.302168106537337,1.0178365746079383,1.4924827919481878,122.48735596372006,0.8968572341813734
782.6610289178873,32.490111302231654,15.763083247410766,7.37587759988227,455.9323807922835,270.070349910302,6.472691066452625,0.00026341739574973827,0.0003102098098500832,61.288877138392486,1.065224556026676,0.04271776083600872,20.940399343933322,1.9093004221852712,2.9098003236411643,140.77983203692955,0.9922800668326311
1353.3752745961383,33.21440561747981,17.958892053749125,8.23019127315012,397.93574377464165,179.76131611358673,6.082128395851893,0.0004476068909937728,0.0004878994392371753,46.941991470011615,1.0628023875002754,0.04369356751764543,18.21126807398519,1.2251400501253167,1.2129765004581778,89.7945649474998,1.0927558739851615
1394.9433720848222,10.214093805641578,12.436866097833663,7.872772061561533,9.15241999657179,113.65824593534995,7.190041936608639,0.001367354232362877,0.0015357387831609634,98.93860388441455,1.0691333908501908,0.04903268525876485,17.464114174821173,1.244929840689617,3.6355009459071397,135.79591955763985,1.0461294743847418
1031.5490653301983,22.399935515331126,17.982525395242895,7.068771550266522,182.35570039697933,0.0,6.054464620123057,0.0004990233078270091,0.0005829630985541901,102.38478248921534,1.0600877180606025,0.046358839251512005,15.044034715119587,1.8114777696426319,1.6232237715587856,112.56521128435233,1.057304444503838
1010.0735179695105,13.160995802118585,12.597011026607948,7.336340587451118,36.47681980428589,17.176774402613866,6.847455048275362,0.0007958208113449955,0.0009745072786382151,65.64057073587686,1.0548641367311253,0.04235654543732473,15.306857949323105,0.526410295877545,2.247660079064752,163.20934202607162,1.0619246060499803
1316.7817971397567,23.76491727725311,13.846256749593273,7.7240150255389075,213.46304292775642,110.36322798841995,7.315848591211215,0.0005997268093686671,0.000675364330782537,30.063363315023867,1.0552506586923154,0.03808310174267986,21.460031171266706,1.6081875382754525,1.7599548552836333,99.01938241918585,1.0617608056997285
873.4938065154294,12.319026999555419,17.85884485575932,7.2464036950675474,21.09135021557104,387.05739668622914,6.238991897948904,0.0007148761565712337,0.0007157638438047414,113.08968134181767,1.0432044336997048,0.0374715868255091,19.78722155229043,1.1359709967172817,1.9058819944345935,95.12719728449856,0.9177416841042825
1272.8162193565893,33.063163622511894,17.832672542643067,7.605594399492345,353.9515812545405,193.56081723270435,6.742299642432582,0.000422569965636246,0.0004069642199181804,109.18237657896853,1.0398979944259807,0.043685810241780795,18.171821079690098,1.6790703709929515,3.573331719129305,65.2887248516794,0.914579939752158
871.5253199894246,14.7747042569278,13.10781886501405,7.867985180814619,61.043840652960434,119.70218216784345,7.12391100703787,0.0006152630454199111,0.0006747533555592598,113.65869981165721,1.0717344284954717,0.04672075687634825,19.67515148515881,1.0149433680018687,1.9124237329557967,106.50230096166611,1.0048133486535538
1208.1326101396526,27.373096078394923,16.321908526493324,7.109441928845465,680.728713003443,0.0,6.776827220160049,0.00048384245750686134,0.0005515084970967047,97.21905689363798,1.0639563250246606,0.0451073035495917,18.73179095692142,0.752604201289041,1.7265390999393408,66.8992395743391,1.0843627790013965
907.8608239404973,26.992903534263405,15.675895002553029,7.3299094793605954,363.3803217150609,0.0,7.130146207115967,0.00036844710784809275,0.00044021794247467953,119.05101454985014,1.0587462153867124,0.046427886434552784,22.04820081408416,1.4005821231516393,3.5229591525064117,186.23946572283177,0.994839746413223
1116.8241002377579,18.3412778287813,14.38819853870211,8.144938850262106,130.80402023148324,0.0,6.611297427732787,0.0006508376062070241,0.0006866884341293919,54.5681860406322,1.0695043021559625,0.036170552267958296,20.525185057055452,1.4200800388276091,2.4804343132181397,179.26067785309772,0.940161650927565
1368.3254956124192,15.57621841972983,16.70203912919357,7.053153159390088,87.67330230602147,238.65681207145695,6.205418110758865,0.0009149594720634065,0.0009849525326515922,41.36428463180592,1.034576117616004,0.03624946342466545,19.203295519843966,1.0870096550248607,3.208185032635859,168.88153565714268,0.9559170818914653
690.2646830301164,33.796250307221925,15.807705881437268,7.144974297626931,401.6562365674454,0.0,6.645501326894724,0.00022615615544908495,0.00027097016933356176,104.98653797598357,1.0599532533371996,0.043471708166972906,15.039812743811193,1.0300431428185235,3.061099029622211,172.2496158878086,0.9606777590758753
1276.044100306065,11.034710547570537,13.350669527923996,8.065994239031667,26.141227409120845,163.09744304524136,7.6323710377453065,0.0011657358443247718,0.0011881998676011233,103.28203131471513,1.0720367238099806,0.04657802564327343,20.47315779348233,1.9145597539858588,1.2385404540896452,206.84617183657133,0.9473126959791193
1069.5558527464411,16.60714298511884,14.9410492282874,7.879345791594727,95.13944089903529,237.07031504706927,6.77900375066824,0.0006747686260021651,0.0007421196550584813,53.97662478763702,1.0586009404246106,0.03800208014716053,23.686553347901196,0.7478727950133197,3.164975105166515,236.40150766518636,0.9150408617009848
942.9146164428955,18.49456970122439,16.257058433559315,7.61284905381165,140.62410248735443,402.449491364928,6.633749235352998,0.000534609839258838,0.0007430817606277122,83.99247542989758,1.0737885267832643,0.049827690603766815,17.506594728960458,1.5301576981161396,1.1111517728061513,224.56766715580315,1.13390490857305
920.5143056430611,25.188423831485107,15.72919762676843,8.116792651908666,356.277098587399,0.0,6.9020280694866365,0.0003988315067584471,0.00049450238468901,38.34443805824203,1.036280497007566,0.04205991429942075,18.395585147995874,1.0750044952180695,2.984830366506763,235.32882809059515,1.0126456533943085
702.0025540927088,19.5989671711831,15.257823618820158,7.271086956348265,207.02215370293035,0.0,6.3825710249836565,0.00038470716834969153,0.0003744322529273301,43.27899618329173,1.0775438546752212,0.03589485860229214,22.56083116851764,1.9866067539115404,3.19196502989775,81.67675769874415,0.8750173206653125
849.0186266166208,12.895447365829035,16.425259792109884,7.007186919925245,44.7598206008816,0.0,6.783977784967767,0.0006817969874467932,0.0008265377129712987,117.40473958797482,1.044574632778869,0.04402997662374604,16.615814210703075,1.9657483635048933,2.8880012841252976,169.43680904708594,1.0126169639602938
1132.8006052906949,24.82872289132637,12.808557972669428,8.056003581416903,380.92957633355365,261.4722418029878,7.422298985836946,0.0004918608814912892,0.000594119329186055,108.50483064970857,1.0650575979529016,0.04997959947242012,20.843111610599255,1.6409770957897534,2.7103898545076723,204.35326295395157,1.0406661573400604
723.9249884179883,28.826210015132883,12.257543229140811,7.828923910283081,349.80084497747737,218.04664652508336,7.781287582257043,0.0002735699241401216,0.0003679735321366934,45.605665321246036,1.0781329605726797,0.049777401714826794,21.18499874311375,1.3135883669341426,3.3043973406863523,192.67984623087568,1.0674486486662338
1168.7989108057232,28.324353965160448,12.197043870990333,7.437873403264416,236.65328639585655,0.0,7.516291227636331,0.00045322747944082515,0.0004710145689355735,88.76184379337722,1.0578986741793621,0.04961610169523183,22.910146149683623,1.2217389285302986,3.6665990178822874,158.09441621532363,0.9197331967868105
1396.6330978488522,22.729314642736274,15.723281723173155,7.753139635632843,128.52960920728543,0.0,6.960077120904017,0.0006665145703344845,0.0006066854825768092,93.99362462043098,1.0442574198493786,0.041649948973814375,23.93131807463719,0.7082604018323784,1.9964079340732486,107.88068630252074,0.860192313435225
1411.0438085604926,17.978256744920174,14.60673016997907,7.105851099873143,107.14919737210705,0.0,6.567341132103229,0.0008376093363859055,0.0011751406335734646,77.7153586984883,1.0790369185806676,0.04818402405741816,23.41031828536979,1.3615615467685163,3.210564440349212,245.8394034847023,1.1981786302690682
1339.8296671640337,10.26689168229078,17.014864897326916,7.406642666954717,24.238270912567945,336.44300339667325,6.559406942673945,0.0012898255737304922,0.0012030043990979484,75.10895586073494,1.0429309564669507,0.0400539607868878,16.85616757782131,1.7741881606960068,3.1445544458971586,53.09370705991401,0.8997804102518435
1275.543244614152,23.852768649888723,17.82904104428807,7.739031456362063,267.87082843164325,273.9518883870549,6.230580338261289,0.0005746350657390765,0.0005345148652964412,91.27468542347717,1.0658476038889506,0.04808038168423992,22.751305980181744,1.6704502290897552,2.365278996607099,61.95800822683708,0.8912769595365672
786.4476761116337,26.342104300637114,12.671978561440838,8.097908965461908,390.42910975654564,0.0,7.081509231686094,0.00032666232101915025,0.0003957846235597247,32.39772279967532,1.059499773878179,0.0428056088066228,20.984713911585693,1.0628474921492692,3.6283178974816472,174.71169736734765,1.0121933117783142
1402.7813319798402,21.472707383343703,14.273246242945376,7.411572252253713,163.9539889890549,56.93780930461122,6.597542204896198,0.00070422714155501,0.0008425065800149913,116.79493870982634,1.0557854726884661,0.04073169498844151,19.10168449739231,0.766338030730269,3.96545258055857,139.7446763827692,1.0900164616665962
805.7186516454914,34.93958631117012,14.517023804157414,7.079126477628347,329.53617208962135,403.2936915534433,6.87148618175098,0.00025172467965295955,0.00034174695746244047,84.86484443501645,1.068936396257359,0.035643162635480286,15.468323252508938,1.2016977002774234,2.3638396058145212,194.16342015606585,1.0802719978663986
1324.1207110762687,15.258110087862123,15.278787288625374,7.114583108655935,104.9665735066632,127.73540123355173,6.524603553041088,0.0009074273610570531,0.0008879340990238581,72.93829292521843,1.0762410694091165,0.04085531122600751,20.907518217576616,0.5563133867180405,3.8485139426666723,66.95835957385367,0.9340749013298777
1330.9857139203145,31.166740223326233,17.45696275125999,7.398263963002171,525.8789122933844,117.96548900135535,6.3655511018264646,0.00046889114789706616,0.000550948372735418,55.268759030057,1.0776584710107515,0.04502935750617699,19.276605628142583,1.350750765893764,2.2322599038875497,236.42774617385376,0.9995093065073498
1131.844669799817,28.68825967872344,15.599867914914425,7.81410326005631,281.0516956158132,227.43263840022576,6.365676745511091,0.00042945628817603505,0.0004769885779648713,54.59469557376228,1.0690352817122573,0.03777192251157372,21.99748492769041,1.5584864014452189,3.2281006146929885,208.2055556700188,0.9403314448292751
1053.5766377225996,33.38246753079756,13.828958044187118,7.916827258704128,452.5148363721437,0.0,7.571313777817731,0.0003493049506968536,0.00039583993006786294,85.52336959088868,1.0711554073293892,0.04173378490011133,20.89634873271934,0.5090170245364383,1.1439655306051661,190.09632683652853,0.9972188475330158
803.9307949690816,34.03839500449651,15.977939479013026,7.90320943612441,635.1849150290661,0.0,6.674766164982928,0.0002616010693095025,0.0003136138138684195,47.344316307143444,1.0314730165882755,0.03870585076974533,16.404133623445958,1.6800885023688652,3.4232707894982464,227.56156136299796,0.9446617802703271
1052.146392329721,16.15468871414152,13.97445074954303,8.137396994254088,109.40032784009136,0.0,6.901791348135995,0.0006890663909674184,0.0008913480146703194,93.07163729951932,1.048615509949165,0.03748024504095845,22.054948124055457,1.053544651246768,1.5606996272342295,130.94419290356734,1.2182325758359678
874.1022785566173,33.96703542429371,15.331291256972495,7.886328903555218,412.4702468793372,0.0,7.040824445048185,0.0002850137652768501,0.0003487507773796353,37.710071941528014,1.0581030436335628,0.0401334030513903,16.37402153740725,1.3865087673672059,3.647991235191258,111.08910836405408,1.096873993459963
745.935191458403,20.483934907475547,12.591893525424794,7.871841595728941,94.76018776822266,242.06430594234234,7.556541605627866,0.0003879149131918881,0.0004702076525618546,64.7670671370652,1.053759248567204,0.03747002786299434,16.32797081282692,1.4766825696855177,1.1809078825783754,198.90121691714086,0.9822852299163348
747.7327381502307,27.656078495608465,15.383920873882605,7.772263759374106,455.9042496785074,0.0,7.024213717368894,0.00029656303097374973,0.00033833319449897955,55.45226032677656,1.0767632714371664,0.043874977006850766,21.690677889694168,1.7972384627646758,2.812331999546079,128.00964372818595,0.9863373765014116
1271.3110093086748,34.7753049138745,14.871402030844916,7.866524446516313,509.69581084035684,0.0,6.747161415997403,0.00040530117300351803,0.00045490010163810483,30.183805476454346,1.0758160245512884,0.04496906150183734,24.114183411232503,1.9689089900007783,1.014193911729522,64.40045583312745,1.1144053867503043
1365.6298296551813,25.479311755700955,15.872706823318959,7.949599793868216,277.14119862324924,0.0,6.819856270266967,0.0005853073752739154,0.0006028228390904832,92.64885251781085,1.0540638551072865,0.04001065290501582,22.16432268018291,1.4811676910184501,2.495537635401524,155.70455824683552,0.9436172162547394
758.3739183222834,25.156147810099988,15.40005906007782,8.268883233071195,226.9623611189065,238.54575511800408,6.779701910091559,0.00032555951461239757,0.00038993370302180865,109.96800536861977,1.0760060052756648,0.03632897855674941,24.425460566048525,1.1717707165214846,2.3404703451030566,206.5006425293026,0.9765479947015286
658.3170896298443,11.842251714644863,15.436532780890747,7.233474921523273,16.977065081752674,338.34037943873705,7.090050595391249,0.0005594705467599422,0.0006517595168350884,64.92988679723749,1.0477169154907118,0.039604411073197315,16.46226150625023,1.6256733775602221,3.882731045594894,142.22635185888527,0.9608855090558154
853.1062443339972,25.512913131538646,16.423576011197873,7.8359996778757885,259.5523038691903,0.0,6.593540780321205,0.0003651785728423148,0.0003932932293818995,51.66265807500859,1.0696725588590337,0.03697864007156293,15.913904946953167,1.5683982045451654,3.754613670242639,74.47793659879184,0.9994101730668199
752.5935351957775,16.269006006822377,12.800695069555324,7.161600522698772,98.1856797733573,330.14904426764696,7.698620851875829,0.000481530627631657,0.0007128645336976491,89.09498141395801,1.0366611401856598,0.04449307179876887,19.770818799041994,1.0574472797052343,2.9401720764139294,218.30222373303724,1.1429692688022814
794.7514380685047,20.094666029639516,16.50956449957961,7.267888838887995,236.66662156602285,0.0,6.601071447636399,0.00042552020870408584,0.0005265931087614702,40.19778453157425,1.0794824810418424,0.048140348883577315,17.620455836037276,1.8496318854267266,2.7569112194248877,248.64482695705942,0.9471181542345911
1101.8283277444325,19.824282878937893,15.742677360673877,8.204707482906043,114.77492023605137,0.0,6.525641331210122,0.0005974297339129994,0.0005982679986364322,106.62843611778035,1.0526232929878405,0.03587732116420611,17.76648556245278,0.6964616790374129,3.6705774411404652,149.6298664454216,0.9026725322672641
976.544827634588,35.307168941578155,16.131652181821682,7.526198021462628,647.8679915131856,0.0,7.091701448357382,0.00030681819561702387,0.00031263503571202645,75.50861227778734,1.0786965902849204,0.04167901428113606,16.873503521080124,0.527100985410158,2.6458600506486416,122.22886815714142,0.9109854050243505
981.9402360183367,26.582678540547835,14.397435727477692,7.737286798536113,289.7079139912564,261.95796740319366,6.5720915756228555,0.0003998199673191228,0.00041682582431990726,91.29039823148209,1.042810894870365,0.04233033101831908,17.95110068595634,0.7865091390167245,2.3624699027329275,100.85351519496191,0.9486106075518258
807.9666461014785,28.849096541786068,12.510994656076301,7.275161529667202,467.87016707884095,0.0,7.823604924586279,0.00030788746022339305,0.00030681792376734097,57.56851992159275,1.0439432195001965,0.0356228172156474,22.38674613626108,1.4855575525417528,1.1939366049914346,102.01446469487634,0.8920950278186698
1165.050070219364,14.491888388925076,17.53234156429048,7.66303617677653,51.88679103008489,392.6788016405937,6.993786913901224,0.0008247421739712917,0.0008900129787643569,77.41358726947036,1.0440362513903396,0.0498073109423758,19.052195221143506,1.9812805912918299,3.5776375548025388,227.79622325333818,0.902538708973563
873.2389503647732,17.911400141523195,16.96160357744926,7.031701190693497,145.28265949300467,270.12469257850336,6.611474927454377,0.0005131930565685275,0.0005243192997334717,80.96233522705131,1.0446583303649524,0.03676394016232838,19.98920305022144,1.1048820692419494,2.4062762581930035,78.33815554287776,0.9318644317032576
958.5362715306251,32.8140611770179,17.856503239289644,7.755085064200907,575.4208993679874,0.0,6.32615150367211,0.0003230150217185113,0.0003655972557233499,85.90012163174478,1.0344100575633914,0.03676561060353273,16.549020803697378,0.6978459426415896,1.6987435146803667,102.80549111693587,1.0376148277884873
1008.5361234161724,13.126244862748923,14.76206916154478,8.240491044590785,46.51087066987889,271.234016227692,6.56340888568652,0.0007853435330377677,0.0008710010732649423,101.18405411922818,1.069413068178801,0.03599334784767633,21.334467035481193,1.6970032303656797,1.4529135655212657,178.45524190734614,1.0173848577079199
1351.642240983643,34.781060711846635,17.308585884923296,7.893437435008031,269.8557986789439,0.0,6.523107013044469,0.00043081044088942843,0.0004466438590204689,68.80000580324922,1.0555278090269744,0.04064262175624009,21.932443659977054,1.9828303463651604,2.096208213305752,123.19064600982661,0.9687616511790657
839.6647350106714,21.112583964489843,17.229118202212014,7.865112285447619,170.59550042099423,157.52251321907858,6.78612104372812,0.00042618051890084456,0.000544421525011884,68.84047327315193,1.0557263465122244,0.04494356070806417,18.475336862224093,0.6101286282581868,2.7410256911456172,218.26002199841307,1.0269623525247245
1207.1221685933301,20.138624469785057,15.299451004257254,7.721342391382226,200.76699428049074,315.99015742195377,6.576285735488362,0.0006354239621792815,0.0007472708236730896,68.53510237242526,1.0432449754304263,0.0429145475736265,20.47640780510841,1.5096404215822254,3.445762555728833,208.76334644248493,1.0001720221953336
888.6888669867561,23.380683344539772,17.403086862938085,7.416445940823205,150.44221460467875,411.1169863749123,6.730664791304007,0.0004054109222334167,0.0004351099193022506,33.5594136403609,1.0540704247502224,0.04135298461459909,17.53199020254448,1.280164356345996,2.268934174656755,69.85876234861546,0.9878811803236934
1343.863671623205,21.524649116422133,16.887951333299092,8.00594589893264,126.81279873006662,246.7531337229686,6.450342210135265,0.0006671673871816792,0.0006894807585919552,63.366196233811216,1.053018701642082,0.03865863116547748,15.825469187169771,1.4425687394289695,3.8359745790741826,159.76498997132407,0.9284474910567132
954.59384555507,22.2338401692719,12.616064698439876,7.505083068815913,223.83588065225965,0.0,7.336138887810686,0.00046511627413007266,0.0005121190633835858,113.45155586553942,1.030796456270177,0.047519365391481265,16.641947115246168,1.048307869648582,1.0173033038483776,53.575236847021166,1.0626593494304715
1041.0158314143155,21.023632371700373,12.802752190210654,7.437554493331827,140.3650005243452,0.0,7.564249418826539,0.0005344662032444608,0.000643986519564089,91.20646660726692,1.0449773587929294,0.038720677222290806,15.055122882313345,0.9207665208447325,2.286365216077585,228.25229940968723,0.9942724266906777
1330.473479717329,28.245789203894404,14.44432491843198,7.711696304683558,388.4768463927133,55.35717762476458,6.979598121117932,0.0005160427289849419,0.0005801235752502553,63.6383581404272,1.0385436111272968,0.04171756450114076,24.01485080788043,1.7632733879597806,1.3907649491378415,225.89080417391153,0.9802142441515795
1171.40797912797,17.18363208539903,15.19732163356361,8.26726129146899,82.73645704227967,0.0,7.033164250187967,0.0007249051438138526,0.000718283962886803,103.7455937450202,1.0449052706554445,0.0451209002882384,24.56955408205026,0.6303320387505446,1.7651403744073426,124.96551847753636,0.9680462389711614
721.4111784120747,14.328833669519717,15.915854274423753,7.954342621703051,38.3091775660465,0.0,6.623749687111537,0.0005268968748256328,0.0005547781207999478,54.656756788361164,1.051441307188866,0.03534594178636143,16.61062450854449,1.525982395234418,1.2754436384031393,63.96343451608071,1.008594553990393
754.4582974915727,21.297967363677962,15.38607733300232,7.877013164912175,151.82025762997674,127.41452581541374,6.92981570330139,0.00038038891663916583,0.00046511763050713513,67.45305128560572,1.0793055431956238,0.03731685956686985,23.19206420332567,1.1468103608211364,3.708175758594355,185.57453406395948,0.9894694388115235
1418.7898338141208,12.29578353170876,17.256335531812944,7.166479022845092,47.016259104712965,322.64993749272406,6.869888631323983,0.0011673578636519195,0.0012140461538675358,56.07230627806922,1.0487269522845706,0.041906990701267466,20.778240720437545,1.3384267469371267,1.8073283605409722,223.0811052664523,0.903264691201243
670.6439015973741,21.631795042792504,16.8042913070664,8.050606203263024,152.53378715632658,444.9502812088265,7.001279843561169,0.0003283847190744091,0.0003969586663889271,66.70214959598357,1.074590508241355,0.039058900856566554,22.661506673002705,1.914867808587896,2.550429345069923,191.78570137331053,0.9498592572125707
882.0783562991612,22.85277792510956,12.614952475842959,7.549675923111485,219.31533993633082,0.0,7.759076658349913,0.0004188642652022457,0.0004152676085649388,42.555006841801216,1.0670106222476412,0.03782911338970824,21.018828169492274,1.5818396852262957,1.579705848695415,95.9091510617128,0.9058782617908299
1394.0198185827448,30.392783975091348,14.035361789154159,7.817005922565392,382.4814278563419,0.0,6.845626791802938,0.0005054849151617308,0.00043625274223234593,81.58452856054707,1.079310290980951,0.04951751526260979,20.117466412726003,1.5921137532806593,1.89626587056892,163.94781577078356,0.788334973394479
659.75249727199,12.835172965729743,17.327343216575432,7.729130061196269,29.846216687124397,0.0,6.195893619643706,0.0005320126241547806,0.0006165464964511266,42.682845518404264,1.07084275816707,0.0352053147849708,18.67503422515926,1.2176642255686265,3.6465103505184264,200.05774856252322,0.8978158976021139
773.5675510809579,20.31881282144765,16.53079223888806,8.021095826815227,241.81063099751026,0.0,6.232858919160854,0.00040992448733936606,0.0005940803542464686,70.75372253185324,1.0770907939106622,0.0396214903934623,18.804360173120212,1.4972014920300158,1.925092563432814,172.15295113848964,1.223959979197839
813.9974166486716,30.294455546031603,12.094343656075322,7.041700890313762,372.7476109757718,348.305612190055,7.0194885422708175,0.00029189141968783913,0.00031270557044496837,98.52132664469035,1.0373442024427422,0.037540264871984426,23.794624584413118,1.1305675470592618,1.62903745866448,185.67888015197423,0.8644516925284609
715.2120194382128,18.79463833169702,15.76053153496379,7.126889565546421,167.82687051143287,284.3286052593324,7.003442863311331,0.0004018692701574629,0.00046167591048981125,110.67407382911408,1.069195800877803,0.038202165653998116,17.929016566522403,1.1730674982145974,1.6513862870087506,111.77455053596074,0.9876436496394284
1015.1859397764113,31.741735822121544,12.757940582166414,7.365577351879308,228.85119625201364,0.0,6.947436561679673,0.0003531963830919903,0.0004047959128782194,89.45490045524139,1.0475108017932362,0.049033653685709194,16.584224078449576,1.7747061619794517,3.7918894841150292,87.58557872941546,1.0584667570024295
1108.916707238034,28.67818819438294,15.020258528409792,7.263217354175307,191.70782038921794,0.0,7.166629243149899,0.0004249300256307197,0.0004992534958453171,64.33066508439987,1.0496216665792284,0.04041904400818907,24.919382028181246,1.391271153231366,2.8422972531125232,222.18912583366696,0.9824846981656327
895.6541644944364,11.08475810887863,17.964918508085795,7.885951477331092,10.794035789480752,0.0,6.068722554090137,0.0008226163159608973,0.0009087563602016707,48.292678705240576,1.0355269788807442,0.04380313314422344,17.85640634797925,1.6671854973819336,3.246275032616308,124.77387827201419,0.987554387506867
732.5294360497679,20.017242949444157,12.451291921802088,7.151778634556758,159.4312483443764,0.0,7.617094943959949,0.00039367507570052594,0.0004109451430618037,55.20412704704471,1.0371613443797538,0.04436296882284041,16.031005387354547,1.3839426856203396,1.5351487630000282,105.24999012966889,0.9179341158524058
1278.923828377435,29.925558998787977,16.941391608553566,7.120092425243465,323.75963773816187,0.0,6.534316905014948,0.0004705980529769917,0.0004654693628124134,54.43991714096932,1.0639291126004347,0.048666212587462454,17.71236111854466,1.2637196764778702,2.2161489317154452,71.66254537104466,0.9399143163071502
1273.8787348827045,23.690028301604976,14.902182376274492,7.688740009023769,291.81967639498714,315.1400465909169,6.5878087076024405,0.0005765719143921328,0.0006355321997850635,89.83689701096475,1.0409676316312473,0.04888018437574555,23.057747987515317,1.6199341415596138,1.619980260174566,231.11112923336253,0.9406240578626974
1085.3137234397686,27.49486181491727,17.872752235333287,7.086275046720765,473.8267813719767,29.40546980322701,6.578779129021256,0.0004322667524601873,0.0004202368453707113,99.114215464813,1.062302946429614,0.04017153956140851,22.862683829724737,0.9984404136760139,3.317976410209519,79.06341361175437,0.9067699986365434
755.1633599014987,35.74069799447751,17.157343297026582,8.03240763930469,389.31941024613667,0.0,6.829365001115106,0.0002344946099619893,0.00025132331097648346,42.84980659763407,1.0477808762921126,0.044897447281682566,23.892827196914403,1.7514980838250325,1.0494745860599841,116.74020830366652,0.9842583205418065
1069.6069994323534,27.55663191664921,12.389340019092353,7.428554978238649,280.73251071893725,0.0,6.870167837347004,0.0004257163537136374,0.0004801543724213761,70.89128823362438,1.0617212913382277,0.03653020814296509,23.995679736016633,1.4326873033623082,2.579641037543977,87.88551461711987,1.0480377900605866
1137.7696250897218,24.197273518751604,15.859871790572392,7.393093276863094,279.33050237991506,306.0927988337062,6.694804116364703,0.0005050456965814467,0.0006444446038595419,98.21924639168274,1.0613278653275242,0.044922670946482925,24.977783857734142,0.8762224464035933,1.0988223923636045,223.2304161141845,1.0716068661023075
981.2114328928977,31.99901688001809,17.161779534886875,7.776390853880292,608.2883412379005,0.0,6.211419684442189,0.0003387065582135004,0.0004244718778212308,92.81813860462559,1.0407903554363065,0.03860073711279221,18.28339542938228,1.5060392890485428,1.770637349728137,111.70771666869783,1.14353940740039
1320.085715542592,21.185472742716968,13.675447687106224,8.269007650875144,148.2267588986467,256.233188843506,7.575936613518982,0.0006648989224374247,0.0007460768441545483,39.75786675947644,1.0754125405986332,0.03516116057889731,17.26900699414296,1.7479207548203128,2.101573776564326,149.67838954561887,1.0454506114975557
951.4553207496864,10.27079322630841,16.228543423131352,7.368004334678438,29.832977858657483,0.0,6.6570688673958145,0.0009343461404993873,0.001454876720072481,81.64736848972078,1.0656341411531836,0.046553482358208144,24.462946428507152,0.8446448609815099,3.066901469872536,198.5856014430527,1.296934744114975
1045.4701423101353,17.08435396704851,13.52579235691754,7.293712464606617,107.81990997927176,250.85909919470544,7.110173041667711,0.000642308707405726,0.0006961941142195006,114.12489432566815,1.0582668599183016,0.04993485497441571,24.166216929790878,1.0403466537516273,3.37507875031855,73.98280534128168,1.011945878037397
736.8035350729053,25.46289531369598,13.231655757322626,7.4788111918596325,241.2483494997338,251.00539854532587,7.2896961540707075,0.00031256886699110585,0.0003472625868015496,107.17644653061896,1.0609521843594767,0.045482250840867135,20.205601893020464,1.3062454100588794,2.871804561920486,156.80231420227923,0.9131651558566586
1086.4425220516407,34.65444229438962,13.993292463103465,8.012947324159029,536.8488163201084,0.0,7.386772548908018,0.0003475305407298499,0.0003672895456882113,51.32033797114461,1.062412667840266,0.04676170022533056,18.131371707810825,0.8470365223036784,2.8381962022416243,231.10614980620656,0.888694143084668
1244.296578077725,25.785522188612017,13.758375131525337,8.213454835483187,214.95630280331886,307.11320460245656,7.546460966286316,0.0005203661403369739,0.0006119130559147543,105.67415323340785,1.0477208217263654,0.0489903919140091,16.98726031229442,1.5273344613143394,3.013065206893972,221.09822454150125,1.0193054349191204
1216.918974446956,17.37637825675288,17.774473215155368,7.200437851278166,88.0593301857076,282.76839015578577,6.415344967064823,0.0007348362884930609,0.0009369961001301125,118.56807592512915,1.0605100711915059,0.040226498952038954,24.79319830828587,1.7256279410283788,2.5072147595144023,229.37313659265868,1.068919327016728
847.9310895946026,35.82340175493267,13.410024971675455,7.03885521497643,513.2895885625426,0.0,7.080916478884247,0.00026274751190001985,0.00031818472979021123,114.08022682935483,1.0377927604804371,0.04819423633746587,21.391718073220467,1.2052297368811953,2.614350240644358,107.5957205390591,1.076971049100305
1419.6719207726926,20.404067946486833,14.547293554881149,7.397509609977803,174.51406067903838,93.89445865245214,7.311804573836244,0.0007461170935223816,0.000804513554032881,108.16551634094975,1.079384722687161,0.04238741531012138,21.104414786530473,0.5599262918389345,3.2330464209394085,112.4257174674777,1.0018906706151776
1208.1087663439848,15.922895220334341,14.914948099009065,7.416989860721188,88.01551107832009,0.0,7.155354905583426,0.0008017013461380114,0.0009364602217274929,40.865928774050836,1.0650158887202856,0.04273641161063622,16.8569667449075,0.9917972110113011,2.212724979536857,70.67222713216776,1.1123202228241478
977.6793838958613,24.375909326234805,16.147054538121044,7.971696794025344,237.56327235051774,0.0,6.909930003587539,0.00043689006494808966,0.0005225502369854107,69.13336545738092,1.0683553875857281,0.03609531985084913,16.836701066436703,1.5839997282171974,1.2078497558299017,232.7849430096516,1.0042895476212643
970.7988330112762,18.945438022712008,17.819837624782753,7.884789541700278,173.70225188398558,0.0,6.779709187523436,0.0005489532567923088,0.0005531652349797799,89.26116776370819,1.0672980710709556,0.0391763932413274,19.19843417055266,1.4090890309800606,3.2562574637513695,52.97197805947691,0.968912854399911
1254.3151267726346,12.90066771347361,15.683585819686051,7.971436153401864,36.61927905265712,229.89704254345529,7.221744647186246,0.0009941726156050504,0.0009942107741271486,108.16274080989733,1.0725326317675827,0.040977141332904074,23.971519508685425,1.2629024071312513,2.9218558902273424,51.734568000708414,0.9870775006381692
784.680865003955,28.53233574376503,17.163667781210425,7.510597024705729,405.28751134442143,0.0,6.17107862035961,0.0003021214115466926,0.0003310323203853774,104.76075633654578,1.0531203605294928,0.04323634412408224,23.135039089663085,1.6569458306378961,2.604407311363017,74.99628655983184,1.007218934629633
1145.6301270182798,27.977978741649856,12.788559045484874,7.557099604037605,353.418049645522,0.0,7.335493144851259,0.00044945311468936146,0.0005132911599484003,67.18799071382368,1.0427294326376972,0.03839925175285921,17.64343854360913,1.9527384235189134,1.0783003684940344,120.3058075983328,1.0510521748694888
1207.2571146968937,35.27685150609296,15.96835336104122,8.224473336029037,656.0592611788979,101.96583671825374,6.536057507290036,0.00037811883303381195,0.0003947989394995155,62.016910123446365,1.0315859501450577,0.04964407949750694,15.654664331494653,1.2415590841346555,3.331916716342297,216.08064299033862,0.906124159127321
1049.712535646629,13.557896275039619,13.034546684827578,7.062854483662407,77.14622408049974,0.0,7.65284994311418,0.0008060087137475223,0.0008543617051359743,92.99694012507047,1.0557639109571249,0.048058664692150185,21.110292702658924,0.9076460530408663,2.79672466708083,165.39754911635586,0.9185212085104485
1327.3483612621721,33.67405179169608,17.22774295532925,7.027731252509284,536.2828231066768,0.0,6.133976655150391,0.0004363773857387974,0.0005395099203366004,54.8467565866311,1.0377267281152054,0.03715864758373206,22.38668850265345,1.6368055803951231,3.769039111943611,168.32537970254253,1.0988120573249758
1012.5987924074593,30.726771434081876,15.573326216413324,7.021932266152025,340.2108693604676,348.6670202689149,6.724567291268135,0.00035822140384754464,0.00037170456537676964,67.8435555786181,1.0532158809980743,0.03664412702493603,24.273082525111143,0.76778391214926,1.705331625170392,60.47537057109975,0.971214035293157
1009.6865583740785,16.58035560323531,12.817183164861778,8.062011085972935,110.99581479083449,392.7645613700269,7.227889909296481,0.0006329578869124631,0.0008115967285977517,106.75333793533117,1.03308809580757,0.035754997461258334,21.390152148815645,0.731863350716638,3.3313062630701777,187.84874798524896,1.0995913250659684
869.4807520039661,22.461214090605484,17.1006567677318,7.673128624713033,178.18778085664053,0.0,6.205465070141302,0.0004195605617475303,0.0005484278747371538,55.25076562270079,1.068804842562314,0.03792600222353724,17.537502680084202,1.517286247154704,1.929605303530208,223.09867589975488,1.0540004057279424
1363.2711305381422,26.383747404796733,15.149978358195192,7.903354046427161,667.3216359886974,0.0,6.721053162671198,0.0005653614492763205,0.0005939429166609893,106.36454930517579,1.0478620997935395,0.04661243660743242,20.329125940704234,0.8800977954247207,2.7307883473613486,58.09547731217106,1.0255765850752594
894.0579049676204,18.18861275382107,14.913603746360355,7.849571224291543,127.30464912076705,82.04335488463427,6.80601827589641,0.0005229312612946762,0.0006941171707552215,35.17056817267923,1.0452917704777218,0.03853467789686913,22.069946047394623,1.6783566302489117,1.711741024188027,208.57791030086696,1.102591549339435
1188.9210501062057,12.796374059969889,12.487037345680655,8.056867079628804,46.15944893495282,0.0,6.9012315378339935,0.0009615266624089416,0.0010267215435169486,37.797826812490676,1.0700604989153435,0.0439305692975607,16.964930420934625,0.913114530163935,2.3500271628244565,141.06143980803716,0.9884512804663637
966.4765847978273,31.764109350681895,17.441608781950595,7.688846400432584,571.9588694931136,142.83386452900885,6.801218549280139,0.0003340419954942735,0.0003895798493723871,62.74669661930296,1.04990561533641,0.043444900393170574,24.090829838710405,1.207987679415265,1.84027156194906,112.55373729887572,1.0552612546851856
1375.759974476742,14.282081434911849,15.083302566118231,7.427162324530747,43.70509448686124,0.0,6.7513964885881785,0.001007824504462256,0.001226403959149786,91.17317743437349,1.0534884055835274,0.04941010143758459,16.457150902416547,1.0473523452685272,2.8167227147861267,200.96344865584226,1.068873272496452
1385.5123874737696,22.758708851108178,17.18744495962445,7.145660907872079,170.3832118733911,0.0,6.551886123790819,0.0006603693427393416,0.000757664331094201,50.06622382272286,1.0631514654975167,0.04148944306516513,15.101769237083865,0.7973229948557765,2.4564978729218394,78.0881994277872,1.0895069920393796
671.3674112085719,21.380227705126025,12.451503212148504,7.53439679769728,171.90079457728254,0.0,7.636266064673768,0.0003393190716420516,0.00037717504169413013,116.52326943839257,1.0316782004185931,0.038124377426431794,17.910519301863054,0.8961150816708978,2.95723103551489,138.51078901322367,0.9271088788230328
1421.7471455679238,33.47873264859537,16.078088127950895,7.25364758173281,305.10508521991574,186.36929088987915,7.142436969406916,0.00046658538126799763,0.0005257071789062906,83.82706559342847,1.0455277260458231,0.042749199697087646,22.724813561860024,1.4526850973305794,1.9831342376343033,179.42922895763442,0.9987157072018452
1118.6402823123965,24.53215291992089,14.252834826631094,8.204211280562912,171.03226584295842,0.0,6.784103351707586,0.0004969146990985915,0.0006168968125987663,37.07991088956334,1.0797588694157194,0.04063624631022126,20.6834164965162,0.8116812498190251,3.256004245502535,145.2248785744622,1.130886701371615
705.4580025710634,21.03451765295309,15.219532175852402,7.992081759282867,160.42618398565043,0.0,7.12228991080825,0.00036198244014089737,0.00044237345936157886,51.152409169875874,1.0642669241496774,0.03674561594419957,17.81407214727346,1.5504280469913496,1.1983786681638346,144.33601916672245,1.060975072738314
1034.6899770374919,35.39697564144645,15.745851877657147,7.369950657161256,620.1395845694643,35.07304209703042,6.600043559799416,0.0003238586942660978,0.00040763957717320566,107.36860184328745,1.0365058665122624,0.04821454928677676,18.31627541662325,1.2311164851125214,2.6646381754967745,134.07025426657574,1.1179333896479444
686.4891691271054,19.166170011436215,16.95469937164775,7.664837568358364,191.07316875986896,344.8253011359113,7.044413911234357,0.00037771078751955804,0.0004934012185415384,40.10509666512288,1.0774866535876237,0.040234973506985294,20.077460845268025,0.907239532728747,1.6180357685648272,109.52716293859274,1.1344264419523664
1075.0393887428754,28.888716224344336,17.53958864446911,7.61030307510118,332.230785362906,0.0,6.93095198235937,0.00040905898496299134,0.0004686053335768627,32.202549906514434,1.0765076624695444,0.03511911384846745,23.105528462263397,1.7571750033601155,1.6300856396946788,231.51519933188135,0.9554001098013902
792.2835925537405,16.082882789427792,13.000383448260322,7.78582677039778,99.09441205997321,455.7983545046709,7.224103525919684,0.0005089541979973996,0.0005543356409694065,52.26230742151232,1.0627523012878315,0.04776076637098337,24.733557175688546,0.8800015678480072,3.0265679748512695,81.56296628373943,1.00017847994141
934.2575834967761,29.68768820064848,17.157501004710625,8.230999446691566,208.45485365035194,0.0,6.209227706123761,0.00034639222010167034,0.0004520958709603904,32.51169681573536,1.0308297363539238,0.047697325495800635,21.909453233313474,1.913243169383664,1.811987879876129,213.26331367544975,1.1263265816457775
885.0566906729673,29.53255010836167,12.700864023075916,7.358341817574588,419.5690087177533,291.0666536159225,7.643474483317031,0.0003258852346126947,0.00038281574524219836,48.147197752765734,1.0508142432147887,0.04086892157089891,16.41391297432549,1.354573883369379,1.967549524902144,103.16654811231686,1.0464788314041393
1116.5209478875624,31.532034027593088,12.064857233124098,7.79850434061329,427.79644508313606,194.70296244415007,7.580537060945127,0.00038785770334081226,0.00037958685190804867,74.07900188605021,1.0492859644907349,0.046879465850365426,23.714239777431395,1.6502216908520735,2.4486759129979525,63.62074807003275,0.9336128327628291
1287.797621454769,22.60292220881496,13.8073849575389,7.6556943563402085,155.86111273458403,73.22203021023398,7.390730012054044,0.00061578021166067,0.0007325189496571096,104.6934636597638,1.0389244545368743,0.042474589219293826,23.153085054999615,1.9822249228485886,1.7080682175633597,206.96415748524814,1.039315902800041
1376.6254952939748,15.775998037428863,13.70807573045072,8.240914365798698,98.69675090703193,111.92273886610013,7.125970675605759,0.0009160170106914597,0.0009975894827351619,71.18291115463066,1.0602079760872873,0.04412586291622201,22.090943329644297,1.2170166626445718,2.276027723309292,150.6708519203818,1.0353139352639273
903.8515886487056,26.431593042124288,16.626693107454823,7.283556395724152,268.6514970214447,0.0,7.104636215612688,0.00037417691497027824,0.00043102581254101936,79.97489540248007,1.0443784907210096,0.042031934411413806,23.176382144849534,1.5469043117139134,3.1548849902548852,183.9912639666996,0.9604707113844456
1091.2187768581177,33.665833885567636,15.362111703963699,7.84220767374239,355.1632356184161,0.0,6.713433790512285,0.0003588542658754566,0.0003883726984497232,40.34445897876597,1.0635414189057175,0.03691547339052589,15.166075448166374,0.6203588945993455,1.6250501893999205,147.76705047719935,0.9714525476546887
652.5895539358652,18.055325902961016,14.329073791992705,7.1180574887661106,99.4515523322227,146.083243162307,7.281880527627087,0.0003830902055882983,0.0005488476045967812,61.08148650804577,1.0423293902358213,0.04926501438057977,21.806740021802987,1.6435609828024356,1.940712987773975,214.37766995865633,1.0791731839548253
937.5432270101937,10.524175900246801,16.74393770259808,7.706810938642451,20.21820944947135,0.0,6.270999301467309,0.0009012696265865815,0.0011726356512548343,88.54465393408307,1.0755706188984082,0.035231045470121326,19.880726553300534,0.6418296088112001,3.5404371490360798,223.06694282695156,1.0611938356906314
1395.427574500754,14.809924696843769,17.61481224123502,8.247612415150941,56.79709033445762,65.02158255903751,6.917214280740607,0.0009856567499685624,0.0009590231698867547,73.35120420518972,1.0437367759538974,0.03543219775693988,24.941084991566868,0.917589167915854,3.381965755040758,140.14428188541666,0.9170259992180064
740.456392560518,34.25585094119046,15.847776359986725,7.935224834160234,483.5227087688296,0.0,6.622547376611669,0.00023948289163015082,0.00028155470439271586,114.54374731093615,1.0307235810415745,0.04173434243224558,24.491587125838553,1.7039244501248683,1.925045340322769,218.20289813013144,0.9306490078844143
1324.7260094316957,10.15747869048681,15.918320990759625,7.040820767006837,27.634890982288162,0.0,6.423228812232186,0.0013135637215974264,0.001490816344146948,67.6411658726048,1.0723927489177336,0.03796925325152788,19.71694679703346,1.5371043431237505,3.201887662669889,217.37276676843763,0.9771822091797104
1155.6490431146174,11.40037613079917,17.169981059717585,8.279067857173137,27.282529764265295,208.56378888773312,6.516060541292644,0.0010230679503198655,0.001091438309946455,113.12939211421104,1.0411369211002253,0.04753630624993026,23.377988575102414,1.0067225908217392,3.080405076685846,155.08660708022038,1.0029331501072538
876.6493211154102,12.55664282721591,13.756569557094297,7.701704097693111,32.940944973029936,0.0,6.731872799416703,0.0007210304277161003,0.0009009863613564186,48.90889699083574,1.0321820107062396,0.04806261600653369,22.289907005073296,0.6704554847054411,3.0072137684445024,239.68944039502566,0.9956194119095039
1253.4092161995811,33.187851114078285,17.97527020603046,7.753660871464283,359.6237676887259,219.53618516629442,6.546960114018596,0.00041420638599260146,0.00040612577407401687,91.02833638932881,1.0773991493701507,0.039598793631673436,22.43859498144353,0.6870785933239041,3.429420202408994,60.94956473014052,0.9363101624915
873.0609046487016,19.966226265126885,13.057235234193463,8.229060751884484,310.5907079252243,0.0,7.356861492713009,0.0004703030365274501,0.0005245603818100033,99.23640335554616,1.0461687326928184,0.03635623928680544,18.53412018552279,1.6822510178781709,1.3103219114211835,145.43116654843772,1.027684546497756
1344.1661153455043,27.98188495626589,12.27176071751979,7.760178156848518,178.8264150479921,193.55288876274557,7.079280372717415,0.0005229914163198445,0.0004884185136419957,116.92945072170642,1.0651069839070195,0.04319804646127282,22.312218363937916,0.9074868484359191,1.607698889640354,154.7990396013975,0.8502854567886896
712.3866241849729,28.352753016138973,16.938854282865066,7.286935227877095,457.32589500175266,0.0,6.23692099890956,0.00027593778704347154,0.0002871603826507381,45.46176996749141,1.0354567026865975,0.04067047092968725,15.331471222827446,0.8776470519902027,3.9388029742027904,82.79920030930406,0.934747675093491
740.5765968950709,21.2841099657533,13.046254626161815,7.558087591039312,213.53347966903772,284.7189008960889,7.576859160281431,0.00037092093392032167,0.0004068207681115489,85.67602510227036,1.070455529265573,0.0498399865110993,15.324983244007168,0.5163503655223232,2.362919134505423,70.3860111923332,1.0026498846741307
1231.5094767023702,29.041950723527147,14.012939834624841,7.973984487939951,338.76342331775277,0.0,7.243613320526954,0.00046630207707555393,0.0005107179908626465,113.70285695423428,1.0720936428216528,0.04072625168948755,17.295352213480474,1.3511078926591231,1.2238358194956094,170.96050076841945,1.0002670636760271
997.4607193950776,21.99187248768268,15.078524105771658,7.515386094842412,175.7901524952597,0.0,7.01406086652106,0.0004909661207008684,0.0005105490084667093,74.88744414125532,1.043877143797743,0.044307799062859574,17.347708414617117,1.5768588762929723,3.0300289623074437,55.297067852268064,0.9915295677860886
762.7264782571121,24.087954459867603,12.666954296105004,7.219065421377696,227.15088922291164,0.0,7.761201940619308,0.0003447101817522142,0.000460129995653915,118.48190464002616,1.0420923332845322,0.0494025948873106,15.137007100851342,1.9027200887873312,1.119644562666876,234.54593044227872,1.029624503956956
1047.4516875230715,17.977169375144882,14.54266777806524,7.505907253453607,92.80367488829778,0.0,6.59120888454363,0.0006218139223289924,0.0007670676377914079,111.51297743265036,1.036780065725892,0.04856034060951359,23.828039304690186,1.9510230602129028,1.2811561658197843,249.85145350504635,1.0149126580650192
879.0419782036975,10.050456016392074,14.12321502732276,7.134040932976262,16.338573996242094,0.0,7.073087290886535,0.0008797823184915117,0.0009261095126119997,56.62342617063905,1.0593235782332684,0.03707441113543075,22.888634943135017,0.8038363026060005,2.809495601259294,73.48347824767933,0.9750952641152807
1075.3672905364651,25.426010473345144,12.514330734707483,7.1299277017548475,257.9057736202515,0.0,6.8447249895458855,0.0004618644357521677,0.0005644412494288438,73.8072977000444,1.0506245593548666,0.04145638810844376,22.756886935854958,0.5810408426694047,2.4965466487630112,83.39039655098674,1.1377066494682055
1226.6094324316846,16.90640449363662,15.617907994008686,7.157899082972648,68.864728553089,119.37443565262527,7.170717328812816,0.0007658502156033915,0.0008883610307319255,59.20403816473758,1.0745591018521654,0.04286625010428134,23.13099303977898,1.1236534394869129,1.2206113580691258,217.80654936969307,0.9922823675970618
1314.6210217151347,17.15425429143835,14.706260304711785,7.662196636249603,151.35152611621794,0.0,7.293210564276109,0.0008148250468322803,0.0011665002217852206,102.54395171437604,1.048470552279628,0.04632044002389482,24.3008246245924,1.0049357280589921,3.9348861305611016,222.22233716230178,1.2351606855631432
693.9021302654423,32.84875464999152,12.958258561613883,7.417850883118874,559.5682094219216,0.0,7.127747132537307,0.0002336368690990161,0.0002526749679302458,34.94044539766269,1.0553579437037206,0.047861783952204966,16.511231322840214,0.6559191616349562,1.5986353159398887,172.48969298685165,0.8742215097094062
1108.8520170697507,19.40811277231954,16.728164229697583,7.233762262220225,56.3834972937594,0.0,6.737056040500484,0.0006131775910490604,0.0007538233689273978,91.93872745484342,1.049370309384604,0.04847024398498648,19.93278043616697,1.72726231489729,2.8741988732901818,164.56060502850735,1.0746890766988013
1413.2920172245701,12.661198799064131,14.460336520284368,7.9603850496238024,23.029377703023698,213.24438590801807,7.23168832003335,0.00114013890929402,0.0011000439983278728,30.39924551229301,1.0433800268301738,0.043812469330085806,18.72668527608469,1.0330566157817036,1.0692077883320303,207.31182235492884,0.9034870682969782
1005.7224002499554,26.389617438287747,12.15447731647604,7.795141953961032,308.2791108012931,0.0,7.5276179340492035,0.0004170367654762347,0.0003991393612951158,35.03903552899879,1.032947225935862,0.04716259876550628,18.80111726094663,1.6601223124956799,2.329264488319172,117.00542961264048,0.8718480672791037
1246.7227033877507,23.99945455998658,17.276334224066787,8.065777971591242,256.8723135347072,10.10967929925375,6.758301858337943,0.0005650586575259032,0.0005932829410889449,100.03975599157224,1.0597392101658083,0.04804742538437751,21.635879144456315,0.9776011821160414,3.8282859900386006,197.4368470991928,0.9241722067008152
723.6687950898507,11.496796755991147,14.455094217100381,7.209007090544478,25.6251439949284,0.0,6.75973712962996,0.0006437023888127507,0.0005704958468806153,49.17629594520011,1.0445772767534556,0.036619999830456836,18.609734279221325,0.8346194838079029,1.8733318211929872,92.26368717040671,0.7907824321611555
1327.5891288092762,19.071688943662583,12.551308979047814,7.806404683518691,172.7921415056537,0.0,7.537732144189997,0.000746250922121874,0.0007580531704949925,81.32062437070907,1.0754657997016455,0.0497062046992036,24.32785913332858,1.0094376412475552,1.1640911915779408,138.75871776136432,0.9588829372526777
1100.8371046143377,25.89140009447189,13.733334234175137,7.342147259577624,344.2698139379638,468.574088295432,7.355764995297376,0.00045539837749252436,0.000552923580523239,112.1274119347509,1.0626895183510245,0.04001331436611476,16.35385727873797,1.4864455366389162,1.8871223851364296,228.92977960676387,0.9920744228081527
1339.068758786504,17.2727003368619,13.530223822516916,7.6437323268188075,155.38841784349236,267.84941086251655,7.12738462892462,0.0008137822360707946,0.0008223374755335934,45.93040793691518,1.0616204450814826,0.03525461676039835,16.76789458822402,1.0637128125360782,2.919261718143516,128.93187649497256,0.9209197890475429
1260.377735102917,35.639968094552636,12.26356142409573,7.580058226727946,720.9632754735012,0.0,7.397361226366024,0.000392491657176457,0.0004206392084284141,65.45838691079877,1.0733090916502366,0.039107575761368314,23.81068587243099,1.7173885378278677,1.8562404845123754,157.76527416297594,0.9625735494827314
1324.2685444214956,30.77315655450217,13.98546138784761,7.758301255119953,366.1877291645846,13.84051564694986,6.974381512593155,0.0004742675369797512,0.0005254862355431855,99.98435254241744,1.0394405522747387,0.044728301866170384,17.557861267962494,1.1904353996610486,1.145815687386621,128.59226088591492,1.0367110536213917
692.5761954837504,23.109512472912307,13.012046205292627,7.741484519419968,291.68175619264485,0.0,7.340080807055111,0.00032544276907667036,0.0003570985812883284,85.3896575708801,1.074533918759306,0.04069227391667493,18.561717837114525,1.5501284404415738,2.139123910514938,119.27931853934095,0.9496660429391917
1204.6777557950527,33.80376489353506,13.281599546908874,8.193936747609635,256.84691176998274,0.0,7.601292084176944,0.0003946436607570782,0.00043140231280277354,86.28839092642514,1.0708000366375996,0.043905411018752755,19.54109275626627,1.0791617746258113,2.647339431433793,55.87290112275494,1.0778261302468464
801.2511464407503,10.90325935428213,16.045474629804286,7.811888910007765,23.83635376896615,432.2843696767744,6.30560832464357,0.0007280126811813961,0.0008223810273254879,47.27469408564035,1.0392523179796627,0.046836928538757316,22.261363971277294,1.5766262351420925,1.6238114267271384,199.69640791008484,0.9418835016946833
854.8004461602814,15.838021399720112,12.950094703723002,7.457061099847002,65.20510410663769,284.8369862975145,7.512105244967145,0.0005617369570289738,0.000821314433976251,77.24727225205507,1.0409613216943672,0.03976052177465577,24.0780722862454,1.2659737114205094,1.338823137224816,234.20267281507785,1.1616904902724414
900.6810802760319,33.78564725240999,12.128851125856226,8.032732696015835,634.458473235257,0.0,7.616228656858436,0.00029521607964746473,0.0003535337879072843,105.54832232869825,1.032267237012728,0.038093483472848834,21.645920135912924,1.9652841545273527,1.421786903934795,222.47303565426577,0.997580652138934
1108.042798832983,23.226659117294748,13.071266101792208,7.2097406052242174,457.9381425977724,0.0,7.148447569836872,0.0005182027952845811,0.0005173955051420229,77.34884220518336,1.052299339889925,0.04620632033124044,17.29544692030022,1.418879527626018,3.1325816242807627,128.69086865783822,0.897203049854523
1136.4757931467295,14.42538521314084,13.772753284222901,8.007915949118381,80.64316208824496,346.6397433156689,6.808671321193086,0.0008099631464496596,0.0009072095506299595,87.57558630733753,1.0358335350421168,0.036282229023440575,23.509489811190612,1.1353740097291993,2.1548046701890193,99.5830883759464,1.059021102457997
1372.6623006128702,24.822349539689938,12.990188942809755,7.749969264673249,173.3664891895336,276.8854933848109,7.359913014230662,0.0005957461714649509,0.0006845177893371982,92.86262049935868,1.070689404717406,0.04890275097277004,18.18817350144522,1.4850611190930236,1.5836950782061885,193.1894746567026,1.0191039128397559
657.8949086532203,28.98600303357283,15.583572479584374,7.338142089374433,320.21689678950133,18.184823479876265,7.07522661068068,0.00024936243552922416,0.00026927333227198065,62.92736272733733,1.0438392206280815,0.047507309137304984,15.833511046393852,0.989954506800269,1.6595535302257036,149.2774756891705,0.8859499463096199
798.4951374571547,25.68881643818945,17.27754715925675,7.978134306868938,274.165575232156,13.1818461187501,6.250447793841669,0.00033938571435547824,0.00046447301895587227,76.4508854150227,1.0413213855620498,0.04014099281290362,15.346641615232766,1.4450210238208656,1.459829842414882,166.1080975204083,1.1705025798416115
929.6379578390777,11.19286451055905,16.983566909796977,7.14839439457161,26.329796555517238,0.0,6.675842984491975,0.0008466023595779948,0.0009329090741813619,62.07275337741527,1.0757320035945195,0.04250077132968018,23.342556544640466,0.825344064105441,1.7273470056386815,139.0376427470697,0.9649824921912745
1284.4093215508567,10.954969918546622,14.823008040923423,7.046343914052276,34.39662889466003,256.06090418755366,7.176890660651931,0.0011743585621040078,0.0014300097147480128,54.84776003425374,1.0455506795028997,0.04604861140397681,20.257281914874373,1.975823637369035,2.8251308150483183,209.56821711505592,1.047078048293933
1075.8289993944722,20.584268147511715,16.7133727374504,7.353296052770031,239.25915769128133,0.0,6.433685885532082,0.0005632431662073392,0.0007986430504580589,36.767093537518186,1.04675318680142,0.04852152952154865,17.415738777029695,1.7704368116638727,3.7855017778975175,155.81959739088538,1.244121824651044
1046.3286883456028,10.422782181662958,16.74292738766668,7.65620562268434,11.206213933843827,125.98635649971978,6.957556689415812,0.0010067970224709561,0.0009906551416296134,109.8326286173866,1.0578662677258657,0.04972251556259743,15.661122164222599,0.7936959475265877,2.514568839741801,69.5530239433398,0.9461876414527983
1239.424627758899,12.186082317520054,15.808184642775487,7.820012239250255,42.447532799849306,211.6750582839952,6.830538533327928,0.001034437227092039,0.0010281404332588711,60.88251729719049,1.0569333977493514,0.04255987670863482,24.716757983409387,0.8441638968946511,1.2204020913103015,138.6072347125536,0.9434819962934087
1157.636087145853,26.706676290804108,16.816062775176732,7.408572581796806,250.06334344660237,110.47797196721784,6.240037797279233,0.0004723182866699122,0.000565716099194295,94.07095122094476,1.0449979425862082,0.041259018973755106,22.93360241014101,1.2996303082737588,3.2166538251750563,178.56958366735364,1.0381791936757083
873.5078218583589,21.399728593511014,14.271819045361473,7.752418057456908,164.4320304924394,91.94603537094551,7.354494876008984,0.0004392009011558181,0.0004557628169620385,48.549205429827275,1.0609014462450959,0.035915857715202136,22.540082765552214,1.4461423772910051,2.7580059025111705,235.07412509881036,0.824904708102589
715.7765752845182,12.223508245791685,16.487463140248884,8.274727835601041,44.13029403587449,0.0,6.243740267798779,0.0006029264558506776,0.0006892892032954718,83.65500567863461,1.040761129219706,0.04992379135739812,19.10978792713732,0.9922077853712665,1.4936483452488818,114.2612229535726,1.092728572067466
1007.6746558697957,32.78781415675376,15.136216033173959,8.298064098524174,369.2375557961372,193.21229325300706,7.205376693860507,0.0003372568091288131,0.00034671814125086765,96.79850918936371,1.0635307156801697,0.03901933159470964,17.016661708224053,1.7951372470702673,1.2553906780567252,181.98275466917426,0.93209608542338
1332.7694572753671,19.580658804787923,16.43191341695611,7.937209915372254,107.15382863973898,186.2070543043311,6.744247092325984,0.000724481358425296,0.0008465612494031515,92.77118586808788,1.0456113552041875,0.03829549360178182,18.637499302291932,0.6620178775459189,1.0266810518118064,119.42778976552037,1.1232934183800443
1113.3537426386424,32.962462815005566,16.43485593701436,7.392799635854189,270.90133499366453,0.0,6.224522747336622,0.0003735912311524739,0.00046509160822072714,72.82611314703544,1.0412991527958941,0.04833237102116887,21.589619932947414,1.3451191544072567,3.9402250220987702,145.10520945184447,1.1054263018163162
689.4588920508606,25.840227429903404,12.395874512352538,7.619737097232078,279.4449080077148,163.1535177021397,6.9661732206416955,0.0002895754384373636,0.00035416500112532404,118.88158797207004,1.047155777062089,0.04627129104112174,21.266003820214888,1.1270225350544343,3.998780630814224,233.76837182179756,0.9136334033462252
990.37994321886,26.1451614490542,17.0019629821417,8.050310026376769,367.8234447704197,0.0,6.262926084343502,0.0004142380549328301,0.0004213646370603241,43.70985925475317,1.043133570045602,0.042304463352012836,16.088458245396737,1.91378172444945,2.799829656669378,154.55340691193368,0.8991834085376614
947.2282011705956,21.024795545598806,12.216560461252497,8.153322599811192,294.5203299552507,0.0,7.5149815171349985,0.00048629757879861956,0.000564182514356641,96.88311636840733,1.0698634993340403,0.04459315436314441,23.59852635434359,1.5953229020773396,1.3939608568424369,115.58390774968785,1.1080782984377417
1101.1266058243557,27.471860582300057,14.56441872635816,8.23677220517335,288.9423402032033,0.0,7.240545302414774,0.0004395138362342331,0.00043394366858139934,40.92198322943155,1.0679493861502578,0.04900390985534171,20.905176422689973,1.8559166215222684,3.8367252988126763,134.16894514031497,0.9056457059887146
1104.784596018425,16.331849008820473,15.546137768481117,7.503956279825555,89.52040056227438,253.04379524168252,6.693435199801457,0.000707105133424995,0.0007974943705939297,75.16086892792667,1.0355697038906453,0.04206743998575642,20.664110680302002,1.7117881659805283,2.0982642703793966,140.69224299607552,1.0029188221094503
1388.1363172786382,16.693104182444365,16.940612960136164,7.439447578934299,178.27144407529278,0.0,6.757991660135715,0.0008821094286677662,0.0010199111752109504,30.55063756836308,1.0748902246418401,0.035877203614484876,21.430876798147196,0.774494919897235,2.851039222097032,165.69617147919877,1.0398307675003133
911.0370177978732,32.747625733725,12.345283807738252,7.436755843891219,348.1742054582723,293.2562808783872,7.402504427122868,0.0003040789879454442,0.0004139726936450587,35.59068937164886,1.071034333053079,0.0499922383436523,20.503779694048617,0.993364840963912,2.1867496642760273,240.75268047408653,1.0742428210082098
965.4982959747255,15.2971696950973,16.02931552121507,8.020600946267507,130.63841122050624,69.40524094921501,7.097059189988031,0.0006621229125219949,0.0008013413474533515,111.10064289370438,1.0347605232544532,0.04957784745775053,24.570779006877977,1.0162993419179047,3.361903368574005,225.5650313211265,1.0048727022881612
1125.3138227398654,20.037244478532553,14.069914233648504,8.24442773660297,182.32419004370269,0.0,6.794272353625075,0.0006041695038265618,0.0005579786376517371,96.73990479756975,1.0547335680140388,0.04854750118888503,17.2292892081692,0.6487148102259362,1.4337812411153497,74.9208720050547,0.9378780334192482
1337.6119031762432,29.362717129393523,12.245880097710026,7.7321786509885655,363.27777944598114,0.0,6.965916665744453,0.0005012408299647682,0.0005971927877382162,33.421140357384424,1.0562380566609562,0.03797634929341677,21.939588282741713,1.7528117234997493,3.027485784147216,164.36019959338464,1.0715967216823288
1197.3799921306318,18.580039416822235,13.994079469924008,7.576109920126106,133.84580950354675,0.0,6.975262797846811,0.0006894982457797211,0.000854993842317062,37.548110848811255,1.0553161644441449,0.039499294742693654,21.171831621170647,1.753119583895025,3.0804018028242037,241.6217783934588,1.0402779795341972
1014.3488713765407,19.51548452510572,15.843533431377974,7.8661536702130554,175.47660259306025,333.5897614075293,7.104118529048668,0.0005492074104430228,0.0007199516203433316,39.55898600640556,1.0310079282551354,0.03573299778819588,24.811396881956178,1.6941857333884756,3.8338657975284027,200.31313217295917,1.0948828485868127
1281.732385542573,33.63861239763913,12.497138897595576,7.54809275531572,361.50217409469525,443.32549749381195,7.0604322734432285,0.00041454182425026335,0.00040056376979471505,105.81332410372069,1.0759203708070553,0.04359137115264626,21.76204085580678,0.534301868537681,2.6158749791151243,55.781856965606266,0.9202163345485012
1025.5681389266183,15.368196296892298,17.089655856989516,7.741074556616502,69.8616422772433,257.29682726026704,6.898017447802567,0.0006934934057869753,0.0008348306841316011,73.03991139991135,1.0515120496891774,0.04891362748581611,17.261609335361904,1.9837078976909672,2.1942294560310747,71.23240144045965,1.1363742653023137
1397.6208144944585,16.270655423483692,12.257826778874035,7.244404324462803,97.89048400038334,162.52759647266205,6.924636224412981,0.0009018758737185523,0.0010621249226763702,105.05593142175066,1.0664967044615734,0.043134761482535075,18.756939799577566,1.761481367472849,2.1951087525613344,176.33232641476798,1.0451067634878193
867.7845704045487,33.05501590246644,13.434582406449742,7.128935343370469,333.2455558647499,0.0,7.5213981694599825,0.00029043641236232374,0.0003584580258199439,84.1672812070203,1.0574973443215507,0.036668286778627775,24.002147957094163,0.6985030168251996,3.6245227387400467,231.49014710709753,0.9759627015151913
747.1108963502643,17.156113258087963,13.977705589570832,7.5272189707211545,129.20209385301962,344.23771744062225,7.01539431359899,0.0004551008551555205,0.0006181268877468644,99.11435743720295,1.0762953485138345,0.036988684736276686,15.878466349272475,0.9200404561538336,2.249154944499581,214.47913302153398,1.0527365472765287
1294.0511191531973,18.595722340513568,12.385301098187062,7.348848355477094,147.66239597409628,272.2456493651726,7.676244486740205,0.0007347926769605752,0.0008463302891491171,41.778743400810754,1.0448861942678276,0.046445127518529625,22.690891257422393,1.4456736854392367,2.7016322575629097,201.3077391986796,0.9939595528453784
879.2986330222318,32.93171215803041,17.55297310064541,7.197606135854794,372.3382603467477,0.0,6.504010078679153,0.00029530469348604623,0.0003111042540536942,94.86881358712988,1.0651699536647774,0.03847937900913034,20.13486017564327,1.2016940773296902,1.2439349185033488,202.30456945973387,0.8616156512846962
1307.2742895350066,18.34944363081376,17.797925693023952,8.254388253468024,131.37709808481122,54.97855550340584,6.5268479416366745,0.0007593548460007258,0.0007749758565134329,56.64177014961428,1.0459146789761267,0.04649961436372623,15.369387686709269,0.7907656193158307,3.882425878246344,137.84892596063622,0.9492036338032063
1122.1169559695793,35.92143423048308,17.42962823209536,7.905277184578172,394.1336641056307,66.02746355505228,6.735316350419766,0.0003458735605033475,0.00039011283880724623,87.30398360315395,1.0763962035463681,0.04388837874661476,23.26706805672965,1.5742892769222645,1.9037699411924494,133.1146356114651,1.0294526671498394
1043.9703450195182,31.353302269188863,13.193078843829111,7.504689267055136,630.6432783317686,0.0,6.855835979967168,0.00036749736499771754,0.0004175478126776725,43.68558055263115,1.0452659801958715,0.04082116874997467,16.884885120011056,1.5893838002770118,3.458016645978508,119.62247641891281,1.024282861241777
715.7107291915091,32.01342644652017,16.99900234574175,8.289169121481118,385.16260840731775,0.0,6.167576999914096,0.0002469536975526738,0.00032648184753185903,59.59144653878029,1.0321034418278476,0.04165511152428669,18.264907181412894,0.760806235744964,3.163714729434714,242.0817367952665,1.0196295487915237
1259.7534608923634,15.867609204476869,14.026541038103824,7.139099341572037,79.21987139631358,257.811372905334,6.949564049786754,0.000827572403444939,0.0008421358682720329,102.09889310723766,1.05429668642977,0.047393693544570785,20.158603120448596,1.202905840486578,1.1000610376717894,108.66920121391048,0.9404841886271633
699.2891693052497,15.643674042154087,13.732634165263622,7.453302197465126,82.93041234916869,46.75673060734634,6.738309849638595,0.0004704824359254813,0.0004744672571702787,36.787463841465616,1.0652362515976588,0.04944521564857526,18.211804141727118,1.8379907258854047,3.5673113205009623,71.29207925082397,0.9195631249473152
1398.8875882713535,29.566983047813878,16.13997351257881,8.149129751184825,417.2275734030807,229.6318081483837,6.477117262245235,0.0005157678971988711,0.000527379870120004,43.88866160052565,1.050395107484888,0.037314080591244844,23.454874303892495,0.7877441473584855,1.1001529357306081,175.61766083522247,0.96576355136312
1330.286234156885,31.49496938358642,12.512140251762306,8.258518964849635,354.8502680360427,0.0,6.966127484186378,0.0004662867549692291,0.000531956072691985,55.714512951192546,1.0674007285281815,0.046678687175503684,24.67977877053869,0.6448126326712088,2.295046474772234,238.71970981223868,1.0154551072311844
883.7095649255804,15.838112788313452,12.032521926894002,8.03064007043539,89.97111049292896,244.72342501167304,6.991137581553357,0.0005819552970456551,0.0006505480916286469,48.931621663606634,1.0671793272358034,0.044235375751469595,24.23385342794367,1.6659366828626356,1.8327553221459287,151.13724699844235,0.9914532914581241
747.4798778580197,15.355544856846091,17.585430477415187,7.24204952056484,79.09725877251086,0.0,6.854712512114173,0.000512657921431123,0.0006406259422403044,104.72157370254207,1.0412543888245558,0.03853435171517237,19.899585283466994,1.9567589452526188,2.495045144677836,164.71081521329268,1.0282108525079625
1337.0547225756234,16.332482667003667,14.123587864508773,7.736376008660521,108.27291964531831,0.0,7.167235922699846,0.000866925086519868,0.0009095846500557296,109.03045748217788,1.0502147659088308,0.037997849756627414,22.837008390112352,1.2545655323783311,2.1314322745032603,170.39641032497144,0.9462536214355747
1021.3237404817719,13.577892678513436,16.769713595047236,7.092656813599894,59.944469851617455,276.0919939655389,6.507966279475421,0.0007713500247430258,0.0008570230265922052,104.64319775870867,1.0794704688368362,0.03824937307478552,18.189487604076923,0.5275832671552235,3.876370231601364,183.58120859531556,0.9534243600618035
745.1517994349172,20.951208937037734,14.554686547339482,7.082486750340084,212.9807602886816,412.7497716595427,7.36361345982729,0.0003764340175697372,0.000404512336275169,69.34794061371832,1.0558655454298695,0.0493358980321048,19.72477267011676,0.5155877187082947,2.943264352563331,90.35757416255761,0.9515816583441146
1035.8502587679316,23.075732636499744,12.556354333821027,8.122143986410974,137.63805942398648,254.33465147096592,6.79433611479248,0.00048185059030744954,0.000490826747964179,86.89388506770663,1.0738870833946763,0.04588515080155376,20.120702659972565,1.0166616158877662,3.978299875126253,59.347068643767486,0.9765326404497415
840.0253967865672,26.332330276638253,14.847088860161405,7.003125352054012,205.91353705739687,0.0,7.338440292446194,0.00034901592061402375,0.00038824028678024754,81.38953510220854,1.0499195681815674,0.03502945378847864,19.323206424985525,1.971048794059968,3.6657787580741696,142.79184015003207,0.9518323313810234
965.2959371627937,11.439190096699953,13.025661755093626,7.126112597187051,11.286566693912828,280.3662620859766,7.5309242412277,0.0008486330566954245,0.0008994339269114773,87.75261030528884,1.0411749025167074,0.04129725589762994,16.94512941122232,1.1200014389532635,2.865799567347776,77.842579099441,0.9947433007679253
1146.1075366740308,14.997074170728698,12.485084328249044,7.137533771248809,100.37477462738006,0.0,7.283084116119868,0.0008032973830873399,0.0008830324423606265,85.29989405630207,1.0740376064910369,0.04611942930427557,24.02538241099962,1.7870063264290474,3.184187020666889,166.78368611046335,0.9626563620078692
1360.1538002157663,13.043864093712102,12.113744329776427,7.925065945462044,60.8832783592516,354.6598540203807,7.8363688632500175,0.001060321459722222,0.0013420300942050553,113.05632642264501,1.0527402985723755,0.03805815942917618,21.52136210228629,1.8669764214138969,2.507448915207536,207.89447359508048,1.1141959025512995
1271.1234085209853,17.020244523248557,14.404874836727378,7.816966195904139,170.50663323992094,315.68463454830766,6.849312278165068,0.0007810514977966536,0.0008294673425462202,88.48381176318821,1.0307193557449243,0.04158242710795683,18.52302025822744,1.0591682580123303,3.210739639156257,162.86449937777576,0.9432492032563081
773.2649229998709,14.830417994347762,13.551424742916378,7.2806504877176375,79.25888572958318,0.0,6.7722670903835,0.000547482220136042,0.0005529924484448268,32.86818139432715,1.0650670433404918,0.03980090826916144,18.068071240136664,1.6655964912637224,1.1362650896617486,80.06745744918315,0.9257854498384441
1019.3671972300908,34.343090893093276,14.016037840885822,7.533231022872716,595.5297206818734,267.43800292492244,6.662504406464812,0.0003254735117300805,0.0003691629366788707,97.59786822462998,1.0568102938796857,0.042540156459263276,16.15143687747488,1.4775086752123392,2.7564726970244773,93.47924207144783,1.0344732667751064
1030.7199843270628,19.706923316836793,17.770159972634026,8.23701823836522,162.1307690971453,0.0,6.719246948752213,0.0005619185021431365,0.0006731472525504179,80.11083861787648,1.0712400313368737,0.036465933294053565,19.711633261439925,1.3692535589166206,2.0890402188045734,101.47872782686127,1.143434318285063
1417.8175988079593,13.611340915580996,16.97507597895038,7.273686872808054,51.98986500626302,290.1896863956231,6.428068831036822,0.001067614830192932,0.0012113684009179373,100.7838199068271,1.0780918226902905,0.04492685439120052,18.343033861345308,0.9048795591332319,2.4337546048791445,223.98634849437542,0.9869893413236789
715.606521163924,27.327482498115156,16.23543985957594,7.0881268968494,189.9524324131201,0.0,6.500426726254323,0.0002870480517845817,0.00032671999910296497,60.3173494660287,1.0644974358291281,0.03658226439961301,23.97804113594275,1.658362216173655,1.9103065513510726,186.37732592073834,0.906153761181161
1045.3772285055734,35.29556065532488,13.464301095674605,7.840776241876815,333.7173373096402,0.0,7.46190390819737,0.00032857564702134915,0.00036996551220154435,48.69498358397138,1.0365223411818496,0.042624879335897724,16.164418895553016,1.5231694052594411,2.3446638083579634,77.73654872003372,1.063340968663997
1359.3744867651353,30.65472564323306,16.499318875516124,7.140343411854997,302.77077474164145,0.0,7.037668746610024,0.0004888695290153724,0.0004688951270312566,75.58308887186664,1.034845817519629,0.03749613361124356,17.07064956025892,1.0606638850587742,3.757558565331977,63.480374096683434,0.9177705708712647
958.3047131280198,26.853449402399235,16.187239747591995,7.723333652689584,385.80147430899103,0.0,6.620100893821334,0.00039082439216038724,0.00047092703141930184,50.43761046205185,1.07276442043034,0.04405665683425511,21.512652566150294,0.9551692802567551,3.8576176642475586,212.49314296723597,0.9945185779852336
851.6164793847437,19.832198978955805,15.167797108828967,7.331465929160068,273.28222105055147,0.0,6.7308022296707755,0.0004615980051781321,0.0005337735258822376,83.04313176902622,1.0669180187876106,0.03606072822200129,17.796199964580804,0.7439649406396776,1.4307529136431238,163.7600235962783,0.9775645707304121
1080.5162453720018,20.485728487218957,13.433319221607135,7.042360732358666,154.6576839035702,0.0,7.171993214199309,0.0005683015277356057,0.0005518232616490644,78.96388994008264,1.0708952542468757,0.038734242456044336,18.411204270731876,0.5407277016007218,1.8443441148152764,78.77205115188633,0.9078831849731311
897.0287655420805,17.85545343733457,13.246972149404488,7.856027869993785,145.93904549099238,260.6704561388956,7.088333911887047,0.0005290135263566341,0.0006466037486332067,92.14979885822412,1.0572631036936897,0.04660099167631908,24.412917071880493,1.1742730645389432,3.9198805688185305,136.39319400646073,1.06736658154575
1369.267565308598,30.961749595114583,14.516871601798568,7.977284887672374,398.7520586416234,0.0,7.360491068327728,0.0004878023963043042,0.00051391772365,32.239251320280204,1.0595396169311007,0.03656025610559245,17.290565648611732,1.472940139709653,1.3559532145568518,82.72779344169513,1.0271612238173693
713.9734421747323,30.88681424671269,13.659112993117382,7.408420570062093,290.0328829437694,0.0,7.151921082662823,0.00025494884654785575,0.00031767148584349933,100.87477412490767,1.033620162097284,0.03815764172596207,16.588511039139675,1.301621785491826,1.4534065799839686,195.05414845909024,0.9866455738071808
808.81872804052,22.724261602510204,17.308698743899228,7.205745650251182,130.35674825625512,0.0,6.3515847013187825,0.0003860493475383746,0.00048814136273588065,40.898734157664585,1.051268031709592,0.04429598427388255,18.31237822837098,1.3876555444142609,2.2757874191022265,196.54206771595616,1.0219963640621679
713.2516160187007,32.41025888611463,14.794716015487083,8.26951553311352,313.7591260358678,50.88407244616821,6.452865350410107,0.00024274864102206894,0.0002837724144252854,72.75525723998325,1.0582011751207197,0.04385433470938949,18.863965458428233,0.9236636110838619,2.6772815859983465,237.9762335667336,0.9079566625870884
1201.8497981022251,26.95717146150234,16.0661809365334,7.318174226187378,191.60756414706566,337.3867508750815,7.175714457608212,0.00048136836523209075,0.0005411719357272482,67.60707697495454,1.0442562076942503,0.03600587165606097,19.959405235262576,1.4858947299004877,2.117992048251808,174.5166306732665,0.9746845658338339
876.0643680301062,27.824591659221735,17.382615367974786,7.320194780778653,282.3827819712324,0.0,6.408136111007141,0.00034544202361111247,0.00039933507153067636,118.23000306911972,1.0339629867204565,0.043152928026804864,22.208111206050113,0.6194893912845756,1.8033956397919322,117.74693385502204,1.0256835348774567
1348.3314928604282,16.98820555092972,15.726460809520297,7.475628391986696,110.06521686870123,0.0,7.2257075047110755,0.0008431888884139625,0.000984029441041315,101.73515416862891,1.074178705778887,0.048904273568780576,16.438305870351797,0.844581136263351,1.6736007395113426,157.44078342616393,1.0574770305472956
1343.2452498170705,16.280694864111503,12.964685954960101,7.311956074124924,96.6772200936864,0.0,7.631998539844167,0.0008735127137044116,0.0008575768264255904,112.1681865642812,1.037579973648078,0.036741522122483064,16.88039781151472,0.74455100715202,1.356253650295555,203.56850956062823,0.8598054936459374
1376.5088170922882,15.920947355173471,13.916223404560697,7.319673987643977,90.86980277865445,392.781123330937,7.00465486217178,0.0008952700641807788,0.0010815490319031216,54.09144887424935,1.055661567568305,0.04063741613596156,24.131304053992494,0.9127851104923543,1.4344585331241406,239.75483282507497,1.0368517950780816
847.2679779223118,33.7252788848222,17.535684140940457,8.201791943524528,481.8111778690554,80.02747362451443,6.28690648708557,0.00027726162772325613,0.00028793669222425614,75.11317287037554,1.0635787485163284,0.03556863776456067,21.80552830972227,1.6657730800840316,3.0203299488590036,134.42018575076176,0.9165652101142019
648.5109580008445,30.806436392340736,12.2760224033762,7.106601076410097,275.4422510749389,22.55856069267116,7.583592773335897,0.00023194504440983708,0.0002650873141255987,108.71258625415523,1.0545783889024787,0.04492376287896333,16.021657197866162,1.215548831294047,2.430392364983166,234.42172133209883,0.8408253014399115
949.5570148784378,33.38077467928193,13.330058738041188,8.084875446703983,535.7712211519273,251.6058436079276,6.760914922912964,0.00031171418250901034,0.00038964180615148593,107.10556002648603,1.0745347879989133,0.03632907590765266,20.870201204232075,1.5715526103743311,3.848745799680398,169.72970146577555,1.0663483470377895
1396.8740463429085,31.391214529130306,15.70822642513881,7.6951559229791435,227.03782682539628,359.55552198859925,6.37848365908825,0.00048402255979329524,0.0005732257417219079,83.34585391786673,1.0417406333632264,0.04084442831049478,23.36069845647672,1.7130867454020107,3.3983217476129397,111.23521198495949,1.0917543079211456
1242.1912179910682,30.927878847697848,17.12534063507341,7.045859684469509,373.19590606910697,267.05442731511454,6.154233783315023,0.0004381638600352695,0.0004652996343785057,75.25861024759689,1.0747706383730493,0.037831926489020326,17.41384521018751,1.1384739664739774,1.4098098194166888,185.36043904520412,0.9181764283189523
694.415386651143,21.337464258176347,16.922558193536222,7.196334905543226,217.12287361148947,0.0,6.687948242022631,0.00035156813778814804,0.0005036585405202544,52.69601852289948,1.073138912335463,0.046427132049091005,19.881727115111058,0.9800746093717996,1.031451343831862,247.81307034275406,1.0665136287757824
1194.6012035388599,29.90604870159469,16.385152647223965,7.8525255316023514,274.3745524464819,247.08242214040237,6.968921572725635,0.0004353950717101219,0.0005165567448704897,77.60358508423118,1.0572453370786061,0.037822615582542136,22.926458571525625,0.6021866180264157,2.8861420669573237,225.8483449916658,1.003765864023577
1361.4754285139834,14.332824270691766,16.213326862215848,7.7281086399226036,41.48013781274061,107.31779668690744,6.8676328727227745,0.0009884252541508443,0.0012158641709272657,107.89118022340254,1.0508609903764883,0.03934847909196331,17.761062510105397,1.2150824240998561,3.940243016276533,223.03120278084222,1.0652890067767131
1400.886133724007,27.050150397308272,14.241565548337839,7.314611307437499,358.7092050024885,0.0,7.453264493998232,0.0005674245332678043,0.0007452463304765782,94.73898410447916,1.0730094314636092,0.04510007308488075,22.11100397351165,1.8193250649682717,1.4909402915306282,192.03152346318703,1.1645720065474232
1205.0391744813007,11.111826382986367,12.368335236917167,7.378715897495092,20.268927353598677,0.0,6.896976363924274,0.0011046823334257083,0.0014019182007523395,103.91272152711834,1.054458491184143,0.03618730995727105,19.10139135995417,1.8751062059704946,2.434100279688595,188.21582083174025,1.104624237388342
1319.410443665411,35.11014108370824,15.814519936386027,8.205453574258721,532.8249150929047,0.0,7.010229137352744,0.000416777326975553,0.00043222593174528716,84.38665692526418,1.0780986849529468,0.04318895101189714,20.872896526924585,1.5062709727671235,1.3658042430872501,118.31102304871266,1.012832415349503
1302.8442360561457,32.86568203212162,12.435522794331536,7.958301953543745,504.92445444486776,253.7916539990057,7.534269733460445,0.0004340465850664348,0.00044639418924219686,38.68798786454276,1.0374514802563832,0.037422126399423904,21.231393948937228,1.2936602857488038,2.9466734743961824,179.0007513590486,0.9100154711029307
926.7867988058103,14.288866903034052,16.79026648391353,7.860519539678728,65.96150404278202,396.84925882976285,6.851837465079599,0.0006643128470741294,0.0007402510733272242,46.798617387932524,1.0349275750965037,0.037688004992665974,15.705210098281944,1.8584108233786543,3.276726331665583,169.49094438270382,0.9425600031898748
725.0561276852555,29.986463371491755,12.786816905331644,8.201306676447974,349.01165812372466,0.0,7.278033658094545,0.0002663140700718011,0.0002989761006243122,67.88507651407522,1.038596838878831,0.049950001270834835,21.613000116692795,0.9587650439137821,3.321256309393328,136.48497574387073,0.9734858493617307
1213.9671221235571,31.414869793343687,12.14729268186312,7.301159038588895,503.9142276044195,162.18263629240778,6.9911683254758525,0.00042376118602612846,0.0004857072095971696,110.01538749533604,1.072005771105312,0.036199169222190804,22.93269608690366,0.9618757272924042,3.410469521011078,245.6962758209419,0.9501836849371588
754.5185612994236,11.092156735101266,17.995312005004852,7.428583267101215,27.755083540446407,116.25990411942568,6.332722917090052,0.0006878919805363372,0.0007742930185438868,72.94412945001504,1.0516934393697221,0.038770681344974064,16.867682805026128,1.9431379037708336,1.072498653417925,83.28898494488075,1.0291820031629682
946.906649285329,24.71887377586107,13.004159853019395,8.089690725362578,192.2062425320606,104.65288041643365,6.963753646834215,0.00041572611660388177,0.0004656453164539657,114.38577859826519,1.0534182970924313,0.04013483961457083,15.783206594666114,1.6690244064814503,1.8277527596813006,95.26349472453812,1.0495805055201504
1422.6825749135887,20.92262270761939,15.491535217221731,7.572407897597505,195.2686952162747,0.0,7.2787405148996145,0.0007336361391564343,0.0009475444983529878,72.9850186901119,1.0634310940484024,0.04568792273375721,20.23899783435386,1.9542712060293501,1.2851804668394724,189.56268806685338,1.1614915114213804
1083.5131385501832,26.08743691536104,12.369291868825293,7.5806203314489355,329.120190732965,0.0,7.621779203872426,0.00045421056461581783,0.0005196107570299163,95.9226773922977,1.0402057229106094,0.03792008839347878,20.081110362013877,1.5476048299960568,2.3169419004161256,54.71005679312477,1.0984073470871372
1053.9137484416542,33.04554349772944,17.88479585467894,8.05193647852715,429.5933640831915,309.73437702595936,6.871469020090921,0.000348458517687746,0.00035465258190021926,92.32064689542963,1.0520314728493052,0.03695437580126134,19.525264144538603,0.5394591515561192,1.478887677446855,168.99960156849778,0.9004926419474744
1385.450598936786,28.796813319790612,12.09963885663888,8.299215679956866,346.8107551142142,0.0,7.4613654593410415,0.0005288641317048356,0.0006505862186864522,31.084108457926536,1.0603014852012318,0.039049118759276455,23.81200759196382,1.3926846643938549,2.299957287926647,77.3363835822729,1.2237804369974365
868.9831893840384,15.48999822372674,16.127401152705144,8.153851176509935,83.94716188211618,0.0,6.316288934019578,0.0005913145657467818,0.0006383356180154661,69.02174280362956,1.031335014413241,0.04402572337542799,15.626669192064986,1.0639421760492058,1.4595937591043726,131.560611479268,0.9990085894734255
1425.5572599922689,24.42245070521944,17.06214797112791,8.002461589799584,240.14910897470466,439.7833554523189,6.835785222292334,0.0006235924694022965,0.0006692781223667913,81.54245357386324,1.0517905782132608,0.049540674110952636,21.316232881305496,0.9272164617349059,1.1532369409683003,227.31396236018603,0.9662985478585506
1357.5202913157013,24.605351223723837,13.777674443660159,7.580428409220526,190.59305099741502,0.0,6.962102902500311,0.0006013472720690444,0.0005643384010856523,118.49326513358768,1.0593712586048731,0.04368116857263135,23.450109629158817,1.533076733120454,1.191079159061921,144.15733487429532,0.8654310190700872
931.1173191302471,10.296112361200379,12.047460274233387,7.917946727806407,16.163586461366585,418.36802199763474,7.550025906763851,0.0008899895013753473,0.0009870372959616294,103.4712381408977,1.0509250305922797,0.0352269206194185,23.03438670902333,1.7724636276812387,2.9863228938597493,114.5334529505549,1.0110886021275522
902.5925757893581,13.428241399286412,12.222300822993564,7.293211912567739,70.78015320414029,222.41988826759973,7.295127078680795,0.0006906256106694855,0.0009757177359307671,51.43395274983966,1.039885696993246,0.04068761979964776,22.217062078475713,1.6826345093724462,3.6177364860239227,153.4039491526978,1.2064312928758099
746.4662987321947,19.346495208249937,12.365629429449069,7.3299697654654,130.01761095738811,386.9599734144672,7.406718066052592,0.000406426338766329,0.00048537825173273374,56.5659194633197,1.0331835569589218,0.04316580496521939,17.0290336154372,1.7574135967376485,2.4860333308564115,136.76742202301946,0.9998979433195456
1360.3680093308767,14.628379298242377,16.52662002704505,7.2655736085440354,77.15219024638898,316.52746983374897,6.359586362814993,0.0009588409959129814,0.0011019578598750405,73.9246789981005,1.0774070886278775,0.04703768216686154,17.100796603852377,0.8272836230014691,3.594873544055725,133.9927218835849,1.046744682864499
792.5601204102347,16.1688433938089,15.170854292157191,7.886273294963751,63.83151660944289,0.0,7.272648619116116,0.0005186200054368848,0.0005695873249107299,62.425975771201024,1.0698160901476337,0.049757525710196586,19.215328479708756,1.1692572366094347,3.8973165189820165,59.92630527262508,1.0361561924281122
654.9853969715198,27.578907234394872,17.379036572665598,8.232292897911705,320.5449412758467,324.28696181039373,6.3875567676787695,0.00025688984958586455,0.0003650314739896092,62.8895064705502,1.0576765564968973,0.03704291383862943,22.816208559906602,1.4274679469304354,3.1635314980088807,213.54880066437093,1.0900769249257118
1340.4795833564162,34.99378366184517,15.794969754487713,7.982296633066692,329.1721441764844,0.0,7.137001275393603,0.00042478362914560023,0.00041888529626213215,81.00071362207274,1.0663810505763212,0.047221848705695,15.834810057279626,0.5390550588307947,3.19170652380459,82.5760473790841,0.9432378585860445
1113.3335721225271,21.909572784823457,15.564414226614703,7.34665586186531,493.90486204255984,0.0,7.217772222232582,0.0005499134410373146,0.0006032293442534953,34.265814513630346,1.0311284273804266,0.045611311135096075,15.575607881927425,1.3099826306308153,2.3456857254075807,197.8893186886402,0.9372581185831584
1170.698252191236,26.797775777101265,13.210940180584556,7.858487227569438,215.128840152139,0.0,7.266072435792712,0.00047843195379824473,0.0005390275407482476,68.5735034419864,1.0799795279055437,0.04469549210522342,23.975825520415427,0.5833545191295908,1.2319434533901725,125.22586504841051,1.055809139702698
1218.38381634821,29.79660390174626,13.34181382019366,7.455741243917649,259.0981576519461,166.88269062249495,6.82672132693413,0.0004471306687460881,0.0005233283256029855,36.504038518899286,1.04689151865541,0.04324665245045625,18.70364943975624,1.171047894560754,3.279672678222648,96.65936208429702,1.0835396839917137
681.1907286494247,27.49692580550105,17.871375434828003,8.071341706678519,403.1876527029633,79.04240904507594,6.401426426186346,0.0002707192266002806,0.00028771918076374965,31.422356132699125,1.0522517907857207,0.04473057903631303,21.077261891190957,1.0007249975271488,3.8405460831232148,94.4922103855828,0.9485194343552441
719.4631885456322,27.082333991799707,17.713931989352275,7.630939873555821,416.77858778171566,280.4660576669691,6.520420547114387,0.0002875869910301046,0.0003434885388077184,106.62582795838614,1.033256774585768,0.0398518922126381,24.30775759300304,1.4553714688643198,2.7687059380309758,108.93205271450663,1.035136814883728
1036.8731121258859,10.030491685524671,14.62666344502303,7.324546501581035,13.217281699324687,322.9883977796997,6.759033252622772,0.0010194163718624063,0.0011581920166969359,35.46436803071991,1.046058357366739,0.03604749579645899,15.934348336481168,1.1364231009602601,1.7714776308315283,66.6695020236979,1.0871652192616512
687.1030201620449,32.61784414933898,16.770035348375117,7.377839227825021,427.90258652145377,0.0,6.245253516800094,0.00023288573731328584,0.00030890817627058975,89.13174978540869,1.0358558831189308,0.03889857174204722,18.999629459824334,0.8311070162287921,3.337250619266681,198.51730668446584,1.0324862754744077
1040.362201992462,14.192856824317902,16.320787526707626,7.110972693161726,83.6238710685357,0.0,7.141693207197136,0.0007664154750296012,0.0008971866703566082,99.455327687045,1.0468820184174166,0.0353687541708229,23.36868181345212,0.70723288961385,2.652138168651038,221.78094155560314,0.967713915677241
1220.871494259096,14.692831577570079,13.666155939241106,7.46963430207815,50.90019504805819,420.16236137259654,7.224745353495122,0.0008525210900630279,0.001113926119428196,37.37420882702477,1.0509021365120947,0.046708392630096233,16.843349391823036,1.7634556954181193,1.4554740165570044,124.79072311259279,1.19061903406738
1159.464317707158,23.255058190106016,13.199636057534654,7.441133380555727,279.2690851435392,0.0,7.207633150885132,0.0005416288967158656,0.0006744629937818678,37.07431538169236,1.0601936866983095,0.03901574352089595,23.93364862586953,0.5933670162957616,3.26193345549636,125.8946829884207,1.1295100699184109
1127.7518751280222,25.258508996781067,16.492729423444707,7.5955542139314725,225.4185201444043,0.0,6.306910491295271,0.0004873297072640965,0.0005659114880799521,32.64402012021379,1.0365032491160846,0.04871388062084592,22.172130466661976,1.3429540176302055,2.6342046846784313,125.83295602354076,1.0560117926135273
684.1036463461049,29.64491835819701,17.775960801900684,7.854778462059548,254.57282113075598,435.96305815592865,6.524721962687787,0.0002494482313621529,0.0003149320917511935,108.7708348800084,1.073455217228723,0.0435596506237243,18.897719232653127,1.291091785986164,3.2605626615145744,184.7937900596571,0.9900135191898303
832.1174979997651,17.61602644301441,17.901791177965304,8.207016272752217,113.5147305833038,148.15134502185208,6.771433553747601,0.0004995437546976525,0.000558473433050003,72.98493957781133,1.0772484653253478,0.04541913267313642,23.117623024887653,0.6347415724606449,3.2721295724680224,234.4562291306622,0.9034449191002436
1346.250871772927,34.57460355579333,14.143181799269499,8.062686636147832,367.18808487807155,0.0,6.723434022200904,0.0004315896478091104,0.0004819056249982046,43.44188780847774,1.036600323116463,0.042655458044502825,19.291833408791206,1.0419280367375154,2.470236254426299,248.3853831835503,0.9660122469747533
743.8655499292925,26.33413301503022,12.393261503781359,7.745690466960194,187.0738201476427,0.0,7.763466957452803,0.00030906726081291434,0.000392374461533778,118.09100454137985,1.0374672566342091,0.048007104204976975,23.641265080861757,1.8017721173193506,3.267878945041552,206.01630173398112,1.0051884127583595
1062.8480447650663,31.94767628024766,13.915029110693785,7.469895539058125,749.2924347510299,132.90046538678197,6.779994608390581,0.0003655268254426675,0.00040362919929350067,85.32048683138845,1.0692788934415716,0.04645720870321624,24.96462864284749,1.8118816122142087,1.9891386400639992,210.0328307341468,0.9255289874005739
686.9376643302913,22.402413124587344,12.41957035666733,7.221779561208381,185.3558739813244,0.0,6.943318466496053,0.0003323460644463518,0.00041847328538679714,109.56232333810878,1.0466894974466492,0.03694394041578418,20.880456630019392,0.6288433446098332,3.2480792056455714,108.34453836698705,1.0904107687618498
1378.6996314161374,11.849817236700211,17.926170899166994,7.768461306348008,19.83901526793097,0.0,6.731274095987125,0.001193740947297813,0.0011334737431237512,38.83323888650746,1.0435653734612842,0.04527313611941299,21.733921461201597,1.8687638059502603,1.4001688414594322,119.81225960956834,0.9046755508218199
781.4763702277687,10.314864143065927,13.842899355036486,7.083079378191657,31.977614661952607,0.0,6.774500614226315,0.0007646480802422196,0.0010149833999456284,82.49051952639226,1.043278831887601,0.04742280703268945,17.053034427639517,1.1246230826430135,1.4723320180912463,129.59180945239117,1.1458982561595505
966.9970406241196,26.64662505942208,17.08520682354122,7.069591515498416,282.63511835630163,0.0,6.962484155744321,0.00039725394034106557,0.00046627765321575093,98.12872171550936,1.0393473902371502,0.04547796009193179,16.647402250407687,1.3990285855595532,3.2362577309726834,205.8099621904597,0.9694614011082919
1073.395727829783,21.079558306861806,13.478623696670345,7.834917034077339,280.4970097728016,146.97510795588713,6.909934457012242,0.0005459511099930091,0.0006199790842173813,69.9912422918726,1.0752709538727292,0.04748240544835408,19.01458576133528,0.6831072427064493,3.8941028068119277,232.2952938937541,0.9395116156860289
1207.1110233245831,21.4524024903829,17.75947987979914,7.213557732782355,180.2297533738556,424.5296634826188,6.124994892992073,0.0005961920331926484,0.0006620713767493762,74.57418842706241,1.0633752925808313,0.045317391835166525,17.84631847610539,1.3140595141853826,1.1960180133092573,152.4154571908162,0.978658799392996
1377.3379414207607,18.47569775853608,14.934799324678359,8.103074609350978,157.14608801845702,339.28713439426826,7.036041012953628,0.0007841094496909866,0.000867542451511915,34.66549913727856,1.0407878902892236,0.04181930728348627,19.637409531145373,1.5027274958580594,3.8903780268080324,95.61483294662011,1.043879952112379
1220.8906278298718,14.635707522630254,17.00295621002789,7.870680352828956,74.33139259251404,101.15233567671338,6.1610529315541065,0.0008700203306841033,0.001018037397727198,49.23986067754154,1.079942508784272,0.03610181543240109,16.781244739008443,1.043840235559582,1.2979454134975286,131.33837119327907,1.0913477480553986
918.2525925940311,22.315634210252362,15.595789922801846,7.681797601190203,221.45902150146955,174.67058687520276,6.439908258137462,0.00044227763198550015,0.00050491698474366,53.088039112953595,1.046524701857748,0.03856007687958993,21.681282934963562,1.1480915211685163,3.704593615460564,228.6549439585753,0.9154365610512257
706.6142170897692,16.62467624788872,16.596299164856617,8.21708815896521,101.63686129919198,294.0116581130439,6.752295050424781,0.00044404797924779726,0.0005748476485865273,69.79089224431422,1.068097597774413,0.04577292510090299,20.40126061158773,1.5924474705384553,2.6286178164824445,190.34788584809215,1.0564638427528859
1198.36117301235,33.21158052100449,12.437205274012644,7.17136634488126,394.6599184849351,0.0,7.575641001392261,0.00039927860102960926,0.00041158979606622885,31.36618510280664,1.0666570301780929,0.039410968851734965,16.820063980602704,0.8907557405161171,2.2140276123129246,86.33175763416037,0.964947554846236
1404.6130284767432,14.647225457557246,12.525789520071449,7.402984453793746,119.4749478239446,366.27399809002566,7.3125518542717245,0.000986430024677478,0.001012789441322807,37.85938856831873,1.0518337676658176,0.04645176759248226,15.807293515314052,1.0621869573515168,2.389998072419353,197.13910355994778,0.8968610891909188
661.2384845749798,35.15961543589795,14.143581084034288,7.660121148802335,344.0061355277485,426.49266294863526,7.374530084464982,0.00020517056885795577,0.00020569143712265752,83.02599668605833,1.0636440851997873,0.047187860736143124,20.832870816808256,1.3790333027800306,3.0034523137778164,61.95229853128896,0.9105214282546124
1250.700727272201,32.367367741998244,17.265538584697673,8.254936046815693,333.0265506081865,239.9169562845809,6.266938408857067,0.0004229527574644034,0.0004505545732206106,118.68209949296553,1.044097612543897,0.04991260531154464,24.840954314468078,1.9194244612911486,1.2527426542240772,58.51943970543121,1.104772623834269
785.038404387881,19.974487445298802,17.455898708616914,7.102359910082525,152.1200166926981,0.0,6.82977329309772,0.0004226554680557886,0.000431231686152839,53.14600618076737,1.0664885757527243,0.048440566482652936,24.6142680758807,1.5113992856868095,3.7783301543069827,112.30547443009276,0.8950675152634205
1005.8439529211056,30.094279274667315,16.26355367711182,7.7825089109428145,415.9307000167945,219.7658104463812,6.671326564138323,0.00036483432116369766,0.00042183024619721153,77.50800848754065,1.0401522780577073,0.04967044568850901,24.948751555882936,0.9135066972865574,2.1892133620947,231.01085452473933,0.950037267376591
1054.6113332627256,25.098502012638278,15.592392372620479,8.195365759353335,293.99073271973964,70.19248824043937,7.165001988573324,0.0004570683273798295,0.0005245949289740943,74.7055102242729,1.0364128436458633,0.038656246545815565,19.207126778119367,1.8941013382406664,2.0641975133334793,199.05448560243332,1.0032430245120698
1126.023606932475,22.11422356666053,12.29470272728046,7.188270474474871,273.60442014598857,330.1650651652375,6.970649057951813,0.0005431305023940251,0.0007201564038690526,99.50046646871486,1.0489402713701341,0.0364076436673784,24.07198323957766,0.9082929201421563,2.4097082085753394,183.15790283687016,1.131647186429261
1417.859649097978,31.111804071840275,17.568359478602556,7.9153070188557475,247.7470179920272,0.0,6.569660620252424,0.0005027398210004326,0.00043245225419728263,77.92474864980483,1.065256744310516,0.04755567757938335,16.00976723820283,1.237883883321191,2.6766065928176492,59.16027549126932,0.8394437307731051
1182.7988410072153,31.600580962852796,15.959507589675779,7.897876379086709,408.4286055142305,0.0,6.3734145107615365,0.0004132238676616029,0.0004697152504437067,76.00435579697154,1.0656901957820266,0.03988343989603256,15.001510802099144,0.882119687096256,1.080925245387709,191.80946144061014,1.0122058208027782
953.2774121086338,15.239172834187201,15.695374424137576,7.468427831061323,78.91597694789448,382.67635087826585,6.483855091907196,0.0006453392975635501,0.0007748503728182884,33.72785527394496,1.0439598255924019,0.04831997425272087,16.143720386736618,1.0059479703575798,1.8404767576014005,180.898091346481,1.0135462311187913
1204.2861770891027,33.55627417672875,17.052131320888215,7.696278767383484,379.5414140253067,0.0,6.468011434827824,0.00039725247907768097,0.00039829974522659735,31.346661239353928,1.0316394936306421,0.04573905800425475,15.176333266340427,1.7056771466568528,3.129653913079703,192.7219344622785,0.8718984547457045
1011.1169416114096,10.834155098634735,13.418496352215033,8.215883310860027,26.02257161829748,0.0,7.212993514413802,0.000947726405142771,0.0009318097872489855,69.94001317211062,1.057574864161157,0.049764364481269106,16.17409299613713,0.8430959024259774,1.8185544684587565,98.11177809631606,0.9635379708083305
969.4073517170984,10.14360217458938,15.719560393452918,7.608368163893732,13.791714719869372,0.0,6.860096181270003,0.0009623938707908367,0.0011242843404330686,41.097316146000594,1.067493729717046,0.0380943094098172,19.85807428305495,1.873660992439494,3.7660374682946327,204.48596779282371,0.9728022901712047
932.4782024755577,22.575601638359323,16.097310695931952,7.5932706106790215,233.64400253925191,41.41627092091317,6.497597903518101,0.0004469945437400468,0.000521242754558795,58.77256141435973,1.0319159114675178,0.03922104174107535,23.36955520044106,1.697724604333672,3.375032814652167,112.57328121454336,1.0463104716689904
1031.8699416241734,17.83468013874755,16.537150532859968,7.733501747908887,135.6618399901797,115.24687658844256,6.494192526283854,0.0006135131494892533,0.0006378016567569777,43.43413785641838,1.0370342251337459,0.045232146155819136,22.35670585815959,1.9278322014938312,1.4945785626777075,94.85568696008161,0.9733359879617054
866.7597196618921,20.989408479613523,12.568473426045475,7.041579354328222,122.12001764976172,0.0,7.785480945484605,0.00044568221603356943,0.0005176284460035364,101.35630900712218,1.052859147579878,0.035133038607397235,20.298918215209202,1.6860194578187981,1.708542946684292,190.0254280773209,0.955677648301568
836.3540662698911,22.45426669903272,16.36983129013842,8.052394403090561,207.26675880569047,0.0,6.253678928785312,0.00040370374748159376,0.00042715641190769555,56.34565612535346,1.0397446506597188,0.045214859130713075,15.632479119002804,1.1643731139089866,2.550002434568073,57.41880834496702,1.0160306135058277
763.5070581619457,22.17657975503173,17.416457720178315,7.0666570157266255,330.1656071690812,0.0,6.460427970405713,0.0003728454943685731,0.0005167319012471082,88.39312798176411,1.0492264599937475,0.04324045989878603,21.46114118871555,1.4155745829641557,2.1522761535752677,208.81161850616184,1.0917491165697593
990.4947552020899,33.60389294980989,15.770275362343224,8.272403024146122,369.0289728754712,295.59602571728146,7.126972458760288,0.0003225101039205943,0.00035244551013742596,83.29853444468463,1.0389467485953519,0.04230269357206504,21.29017257728745,1.1003234820488943,3.0422511615679304,244.30065633610485,0.8965350946671249
876.1573009790956,33.87316621805256,13.01937543857233,8.261802152490317,499.88676421848567,197.99367292234328,7.413383202035299,0.0002842340095284831,0.00030848021308654036,92.94666154235173,1.0651456552762133,0.03608743928882308,23.089639181745166,1.2914362040681033,2.504362670515484,99.7457243386541,1.0029287595771978
1299.1405021430999,19.001301260618334,17.512202879946507,8.064054268458406,141.1852542920343,0.0,6.613508986326981,0.0007326284151618528,0.0007813537698660286,54.4977991764623,1.0689342869455514,0.04617659307528493,20.45870504315426,1.4289239051732177,2.041223640133839,170.554095081867,0.9802652038166059
1307.6616520902899,17.477879467082108,12.612677219218794,8.164032801562632,97.02930967749836,132.41092424626038,6.937512682489536,0.0007915094300718371,0.0008193888499172269,44.50320398648971,1.0777378622282203,0.03580231800744161,18.359477746226688,0.5707571958404744,2.9056065116818055,93.95963009164603,0.9940127085675513
915.536050458036,27.003957400786597,13.382229643513863,7.800214778726258,224.51376689347373,0.0,6.914368143457535,0.00037144663519495154,0.0004832261729462586,108.32111343033023,1.03152468189141,0.04545471583656043,17.87033123508672,1.281464099011273,2.5975328877475756,204.94868562349058,1.0776064149341693
1129.692541991118,15.158886980288411,17.129265509503533,7.397414079408142,72.61398649513896,410.43725749743544,7.058001633840525,0.0007672563850663338,0.0008422457734257712,74.37324385506332,1.0368376457594184,0.04707663480594506,19.908449475548547,1.2776089748599493,1.6792573208237,179.69850374820837,0.950126941346675
1349.9822671602456,20.41245552711416,15.532610392154739,7.784922378827686,259.7008006373674,0.0,6.8929909871682185,0.0007123461982535516,0.0007005952508012032,94.48023305518825,1.0738442879799002,0.03881633535175615,17.723780521873373,1.491453158061523,3.141455943563378,169.50762808318729,0.883164407702956
927.4279792864586,28.666877541384,14.013851336026528,7.882475502290942,414.55060777574636,50.92488947672786,6.851517114432136,0.00035477123065395447,0.0004052657872125722,69.94195180375009,1.0646352473924483,0.04798129858116487,24.73421521670509,1.2259276522614981,2.260319058357005,174.66791642319242,0.9806325856126069
1079.5688374437657,10.1479343024414,16.82083181290603,7.184134938244569,20.091644553151415,0.0,7.04418473926786,0.001071300846409085,0.0011494288276507959,32.378782883803716,1.0644202269360004,0.038489940170041814,15.949265029396475,0.5453452060757349,3.1935689046124804,214.99177115153444,0.898260259387228
993.088605422975,30.06747775722889,15.884176247821438,8.007182451821441,471.59498484249474,0.0,7.080618133753759,0.00036379113585795106,0.000460410625556353,41.04445968416985,1.0308855797681782,0.04065140807326894,21.691591641502818,1.6065919422044117,2.817469190753994,129.83706264767787,1.1421249896093033
1153.9063473344434,29.07985290306853,12.708813203498863,7.394936302770409,320.25713876611013,0.0,7.542272064126403,0.0004363941364778596,0.000531566704373538,43.25975116659173,1.079834111695281,0.04709279191144908,18.95964924666988,1.7592376141710566,3.0046834666130677,108.53783641621084,1.118879489352843
1394.7017394833117,20.068841458660458,13.392592246622772,7.666311697686668,138.6205737399976,0.0,6.89115503787675,0.0007477229797401238,0.0007511572848287713,32.86150786774834,1.045844893247129,0.048284119341975906,19.060912970246562,1.2983817321512998,3.4036183744377886,153.78250988997718,0.9138701576098168
755.8492287824977,16.44380907659361,16.863418952668873,7.346537829211632,119.20549691300083,298.13204760343916,6.542743166331148,0.0004796396245137042,0.0005310138151869034,94.44055649523334,1.0327274994522295,0.04885486300568608,20.313080217820577,1.7985647556755957,1.5354022207805236,82.19723260882967,0.998226198387336
1399.0697863087817,24.041089932932316,16.866695795719735,7.366863549343975,184.43122864861138,90.14794066467378,6.9565152662720795,0.0006308308936925709,0.0006288350277612434,116.416418215789,1.035465564363332,0.046588318911246165,18.17391901131382,1.9574351777485384,1.8400759646525562,204.8160515024677,0.8728819394711289
1165.9406754001463,17.686679323444388,12.445794562436525,8.139490181057164,79.8354967420411,283.62022784449675,7.095937223013818,0.0006928476399946185,0.0006835043479871812,66.28858148826663,1.0372088448001657,0.03530830942815666,22.22939472088477,0.5698870954634938,1.1480627691449594,98.8293336393038,0.9835280160803953
1267.187258039321,31.34822862771152,15.12922522496494,8.00125171786507,548.7637661541222,0.0,7.342960099861945,0.00044611699430359,0.00047550090239763135,117.35501576056254,1.0624100960584497,0.047705114984373964,21.111272560821384,1.9548001679266305,2.7353567996234682,170.41429998740753,0.9598213487872554
1142.1247687565358,25.3558668165617,16.278238726143293,7.081397483195737,154.31221006280626,261.75583014569975,6.638349829445186,0.00048615966909491435,0.0006838259105913241,40.077115631580284,1.050694429800521,0.04795173377769774,19.80877526577235,1.077566224313385,2.255428600317862,228.27205379999288,1.167216549115242
1325.1066227799615,17.975006206190837,13.952631587885913,8.002439198205092,155.63789571620237,384.22700458532813,7.0778749341092375,0.0007719487271052401,0.0009086252056812587,61.39337489137747,1.0451590875525012,0.04865099282983335,19.357666267194425,1.3768815370801621,1.5379198765755382,225.20975163431424,1.039214749311622
901.8137369473651,30.99972038202524,12.376735086860169,8.202475310414018,233.53252589018322,283.15097193715036,7.6106119356863315,0.0003172410831070157,0.0003943327544032393,84.13319944313578,1.038357322789848,0.040071513056616354,20.694294405043316,1.9813590309898788,2.607283711052625,223.80259638182898,1.0178061595215335
1198.8610722489993,25.797297777659246,14.502843690452712,7.915094819575202,271.16279816117134,0.0,6.58649387524272,0.0005078708560235899,0.0005730208446784244,88.11201657411831,1.0438209615289027,0.03705648256179066,22.312249638976272,0.6921840107870978,3.5295103975461695,51.963115416467296,1.0951620863086815
853.4799385997111,13.431019536045577,17.609026086632085,7.899984840216318,47.70136059863214,0.0,6.6410416430634855,0.0006607696032983378,0.0007879698668485363,32.58084369348323,1.0704414691864306,0.047179142092201566,16.700246198529925,0.5158531497123539,2.8782509868764903,222.09733177292765,0.9663021677718681
1043.735329045175,20.764131070538703,16.38163219011323,7.343299500286057,160.43518452022457,313.081134962475,6.799230281984096,0.0005341256324650545,0.0006651928097596948,110.5170879509114,1.048398712880997,0.03913680701785325,16.364865485434528,1.1826213045876646,3.098048255828766,177.19432767357125,1.0563966390240116
1178.1995796988058,22.733082998298848,13.28026244624519,7.90869150808823,114.0754604197575,294.48600791859747,6.842986393311731,0.0005547542507790324,0.0005551999685958663,119.52817065250524,1.030391724555775,0.041142648005845356,16.57464364776108,1.3948429371709092,1.5178372355041967,95.62909182588098,0.9439288389603046
804.4746991675256,34.5633009418407,17.068393766933934,7.492773553473385,408.04717628753565,0.0,6.294245094596032,0.0002579605449948811,0.0002840988002623217,56.56838785136624,1.0798623023248073,0.048433826837410036,18.920309903900964,1.988057993563202,2.22435011957385,134.45463696854804,0.9510209633654726
695.5820256733782,18.337301883193035,16.00551134456275,8.199704010866315,137.54049910371208,0.0,6.305060221753213,0.00040541141848996935,0.0006170866158491127,56.62016130866258,1.0778878383502093,0.037708786294371396,20.186997628010936,1.8815736396932217,2.2621571305201194,247.2995405478802,1.171712494669218
1263.3576311461984,21.66145470071521,13.740969904976748,7.915818187823782,152.45803012894865,309.3239195988627,6.974658775053988,0.0006217822553076825,0.0005833602715301912,86.8371803984693,1.048624957903185,0.039184516654047145,19.28624993749253,1.5049083114838109,2.4185768906482545,246.1045632092286,0.7917939475207865
1277.3602162139673,35.39665277691918,13.611624834624159,7.419527318414825,413.0973875706384,191.53701111398325,7.271794061451658,0.00039742453833462466,0.0004703135009525076,67.65280415054741,1.0624123468728912,0.03998318579591469,22.719442771841848,1.3531727963340423,3.52514955102482,157.43893874090554,1.0503512232609797
1165.8872611770953,21.0800081513661,13.062222123375541,8.148730336164425,253.12561651205485,274.8644256886474,6.7807873482340595,0.0005894596979558652,0.0006404280173715488,76.88689803880465,1.0346116795282536,0.04715003563858132,21.54157421164383,1.6862357088716153,2.7970468290417103,214.91267752202324,0.938905803719039
898.0737971783615,31.504812196566274,14.428273236538221,8.006324958107472,304.2733885853312,0.0,7.013255132247857,0.0003146779242461666,0.00035694462107657666,107.74210750169858,1.0585745024461566,0.049251415640124946,21.587058671873294,1.0013859807000673,2.3154217811106106,71.25226053132468,1.0789915046884293
1160.0585983301253,12.52110091774582,14.160497610677893,7.261384579733347,36.90491362774853,0.0,6.71347620906363,0.0009565314849636552,0.0010078205955848121,87.8724392013571,1.0326225466227332,0.037511732792532414,20.24799902094471,1.361153541994046,3.763506687952782,147.45458733826243,0.9376852000575598
713.2589392109437,20.23919898175382,13.712042162282005,7.279202672132002,123.28155229274849,0.0,7.4357016460764465,0.00037939047431812895,0.00041556435515443705,40.623314907141044,1.0417773157743024,0.03924267371404298,24.724834112679282,1.4307864739337066,3.632463418197813,61.33969148324838,1.0125168379736513
1163.4324910786706,14.77892566103565,17.24256870985088,7.016861831226705,83.90949238392872,256.1571471392071,6.177465999953146,0.000815075332196913,0.00078134581663204,59.69382413434957,1.0770522761036,0.04656702109776308,15.278210582488217,0.6503832719536276,1.859488978278643,87.13501682795183,0.8935762501522115
1096.2824719988225,32.98363754533352,16.56540636977303,8.00098371567626,487.48007577053625,376.54770821471226,6.206597837363513,0.0003621665295305004,0.0004242670729447793,107.82210834519181,1.03659072523113,0.03820900112904859,19.710817426240265,0.9797364566184742,2.0271569051579026,90.4790582196396,1.0934859898983826
1128.1849638246672,24.368047594688182,14.956661988078796,7.111754011970048,517.1537163328402,0.0,7.078638798470711,0.000504317762661574,0.0004998745421335703,113.97926415903012,1.0563429226858938,0.04397553334184182,18.577316237034267,0.5733078008928327,1.4330436817970846,68.07093256931091,0.9394299281891787
995.7537592970336,15.682186511771661,17.776321356402025,7.358020819993743,119.3085891764602,45.274537698480145,6.36962446499484,0.0006683817204732979,0.0007173934006753126,57.6731214261855,1.0598393423561672,0.041834215494979614,24.908111479237185,1.0612306778877354,2.825944395669543,216.48524500015745,0.8862158886549534
823.1731721732747,12.396601314302622,16.042011477325822,7.957282971486675,36.334745329698954,356.8725304476792,7.1456773342983855,0.0006711626658465579,0.0005378555112104297,36.9638508582785,1.0411578658473357,0.04759054489418717,18.12454795359635,1.312258939032455,2.0537410786840913,69.9268164721171,0.7651713246054835
1212.7324543365303,20.943591688258536,17.711489373183078,7.397413051821969,282.613969243772,0.0,6.410558320310407,0.000624731213363655,0.0006081049561904559,100.3922036654494,1.078066841328877,0.03894467109270259,19.129922819587627,0.6481288555938751,1.5524626029435076,175.16713089808866,0.8581602356728815
1009.0933791108595,12.50651414803312,16.948623233531354,7.371599738904043,25.283897243641565,259.0159199175548,6.893821152495633,0.0008208039121166933,0.0009165929695802303,49.608050452025935,1.055242319255751,0.04283586138472906,22.51238807277098,0.7846622106768284,3.5290281786028905,81.01360602959852,1.0589406298432986
1227.9055852990193,22.616368186061877,15.806179533654458,7.086175345056749,297.2204585610882,241.0418348839722,6.766716475479846,0.0005823038403041836,0.0006110911747234764,50.30620957632083,1.0338944512895987,0.043805528634260266,19.232398674786374,0.7531040209179343,3.3443402849625725,198.04166691724973,0.8982423489907998
931.3321118279295,28.948481995792513,16.16228237071231,7.0654746417419085,281.3407849199382,0.0,6.724068680486486,0.00035369969783470237,0.0003477639756555539,67.06691225361183,1.0683925908428005,0.0356084060965213,16.511728302515113,1.9349574617589838,1.814829209227828,95.6122761013494,0.8941331108384081
716.3000443898196,18.070045166850957,16.64947984686998,7.743344848524886,111.8314800196862,0.0,6.558476652255302,0.0004231747928359636,0.0004587403709118683,37.46630154929825,1.053764698481807,0.035983109005606397,17.20192048636848,0.5715482550358961,1.0265871078037314,85.13676627912376,0.9990416344129397
1070.032009298095,14.35452446692272,16.543389273017084,7.180109574335489,93.09465544851815,0.0,6.86759708514508,0.0007802303259042038,0.0008882039328342651,91.0004826797263,1.0387128715688951,0.03806711740428812,20.154106785482764,0.5617211776941595,2.7207399211827807,172.4771952568236,0.9836644082035464
1132.5083375932827,19.399662971740803,17.241562176189987,8.252924868832991,169.72320495853356,226.7814004065794,6.142513196048933,0.0006197002412386964,0.0007048244636111285,107.18466068775182,1.047811141903063,0.03562204233013273,18.773084441239916,1.0970608817030132,3.9281119631514025,168.01798485092598,1.0077379639419342
1365.1425913217977,14.320121799328934,14.039735850352407,7.033674152698051,98.74935613626661,0.0,7.37164470106493,0.000997684148602839,0.001086795453230516,60.30509499120013,1.057909764860176,0.04077354738012014,20.77268292001294,1.0916406700920924,3.813037438107204,166.4883326948593,0.9728101359285234
1338.6731912490445,31.939817169612443,14.180404594772575,7.410615797360726,250.55920332935517,324.10410260360936,7.197317607988368,0.00045696288286854953,0.000617235759218963,90.57034866097212,1.0548244054545202,0.0434461842572038,17.40570548541329,1.6264843782295402,3.4199561825197686,205.88351737224627,1.1611425604226588
692.4620413737546,12.499237924467945,13.48162936991868,7.239063237751105,36.67509745263924,153.02122035523166,7.384955828156598,0.0005669920743968465,0.0006488212440530158,41.96284643468393,1.0519797076300728,0.04229611395867727,24.77531252590438,0.815204343587953,2.5980041090377695,194.97089344376553,0.9059414312564716
1248.4918212966388,29.264501939542654,17.531351559391105,8.168912964438048,288.0325368457455,205.47380482539018,6.1705368602127395,0.00046526992281008804,0.0005066629761701827,62.32075801535996,1.0302359407257777,0.04457509828715555,18.34211632374047,0.6520953265913928,3.505531991241565,218.39289015526714,0.9424355139031148
851.340258576737,18.67981937064269,17.422696619727645,7.975971217323478,134.25465910706237,0.0,6.7560843903421235,0.00048774607137971995,0.000559117347357996,43.97416666729827,1.0349759074917215,0.04368680486956014,18.767137977301726,0.895016692993686,3.578996769240946,166.19477280348065,0.9760094783041342
1190.4203384936006,28.937783220556828,14.65222728661675,7.144866839728584,188.10368557331316,293.6799589244256,6.9777081391324955,0.00044677170012121653,0.0004900776636539893,39.39734898481431,1.050805556335371,0.045734360803449815,21.1731920391247,1.7352586335705769,1.491096214220978,55.43655566745716,1.0434515553182229
943.23697136957,30.04496139179496,14.407138465985266,7.072299357749529,462.72720283386417,280.2752959375179,7.216800187672542,0.0003418270901463857,0.00044132487938128,54.77033126445776,1.0788025666244425,0.047776848344256675,23.432926951862132,1.026613032818556,3.9137894647777243,127.39321581355037,1.1280538133847262
898.5769603554646,13.511442186599028,12.795162587744423,7.108012326017905,55.473884685127096,0.0,7.28862336117203,0.0006921022770070319,0.0007841868202610713,63.12205014788684,1.0386082611421437,0.03533463549662448,23.63140603160543,1.4124916093389617,3.9162316800583916,121.62341691365009,1.0002116565640524
1027.8847410091084,29.669177201152948,17.851675674602124,7.961446994607287,257.0080820539327,326.7426836394462,6.854897012504233,0.00037620676452641496,0.00045995072924870985,32.085836157079136,1.0419499293761503,0.03599256522371292,20.472556429410552,1.218460932180501,3.70336399985298,151.94750021432486,1.0666658391280486
1060.7532411426644,34.5861382748271,16.031374778453703,7.971457455771997,283.5940563265512,0.0,7.051347776004474,0.0003399349800586017,0.0004143031195135971,87.74885883069871,1.0527962639534054,0.03543747413359918,23.560423581896522,1.8102288500241015,3.9458506443469767,206.09290733332566,1.0322432869596612
1188.3079636594562,24.743368654494255,17.781426064860206,7.8225523024004495,197.25325515326148,0.0,6.569593493340122,0.0005235479970514966,0.0007550394792781023,87.93524442723576,1.0454490170390502,0.043347745046128476,21.59314357469098,0.5396330306601756,2.508150108814065,174.65796781075247,1.27758961758349
1144.2733231217492,26.7682878991662,15.793147954650054,7.635849346382053,440.850388078193,386.5932588804507,7.2586778412893835,0.00046038221961697083,0.0005160998134706639,55.8899584023445,1.0740074627440086,0.0373319817442444,18.426444137287923,1.30382311917894,3.89103913740299,200.07093821074395,0.9449785915804965
1175.6827816238238,18.387232325705543,15.083612058503979,7.60192158427228,136.17379957059686,146.9136470399128,6.915401330386135,0.0006786318320900491,0.0008019438088628312,69.05468187961824,1.0678160808638324,0.042340121975598936,19.858807381212316,1.6384852624826356,2.13412410034476,73.13257122794165,1.1199334990010303
946.8117702909888,14.536533497183571,16.492894505071853,7.774210149531795,64.0551718755554,0.0,6.5398638532771365,0.0006825523700647582,0.0008363899763511932,54.49782184202408,1.064572936344789,0.03916061596536537,18.28391283011431,1.677228356404921,3.4936230656618825,231.27051904207494,0.995795110955011
1174.9708137836224,29.354051918042863,17.321856224145325,7.141054796744798,391.6314685276835,0.0,6.907046323889453,0.0004403461704886695,0.0004907130935443717,39.13371742402358,1.0369752449605292,0.04130321611482398,22.893623843227214,1.6208186510518177,1.288899725867012,118.57363629601888,1.0189589637068834
916.7113393939751,31.332112102958675,17.06954188144929,8.032871680869633,375.6563406997672,0.0,6.309494025506817,0.00032286915891284256,0.00039471209703847906,115.81208590639395,1.0484568618148988,0.041563355518059175,20.837831620597296,1.0434409270061944,2.848223226630422,165.18326958125618,1.0568966996020412
1120.6608664410705,15.359703211141243,14.075965005367163,8.010823734887076,91.67699915712721,234.14305734028574,7.321701033394057,0.0007591878745874453,0.0010042368645779545,113.8672368690415,1.0695894874272274,0.04391477271994807,20.256614270786912,1.7021918237983937,3.0973633899622457,238.41746966086603,1.108112643889299
1005.5166483852877,12.949446332909245,15.040803872441554,7.885045447813718,52.35380365469862,0.0,6.949821812711568,0.0008045048474194376,0.0009062738364641046,71.39634270561287,1.0580514787308586,0.03535857212514664,18.369277047598963,1.4124560273171551,3.7984802283651558,209.3004489149274,0.9442567854391211
1085.8572829301424,19.15925841924433,17.668738330649795,7.306246764324154,170.21153593564395,262.85985245971733,6.967445512112718,0.000599997818072126,0.0006974452507406456,103.7791314189128,1.0372059626630745,0.04251217429247729,22.363005564567395,1.775785823215407,3.6805435540976306,184.43807807698226,0.9870187885557732
661.6447085859214,26.278173173677224,15.037749644103966,7.279108812905839,366.96738407878036,0.0,6.460173250686647,0.0002754351636424438,0.0003447516399178808,75.66189108246476,1.072524367526789,0.039525871626930435,17.633198361680673,1.8260078824709312,1.7832527383407162,240.181287262958,0.9232401696474489
1036.0558366570613,19.491716833607743,16.812342499059568,8.274285668875947,112.82052389753477,0.0,6.4476061162970835,0.0005706389638608627,0.000502665665869162,116.16469803020918,1.0759300943628545,0.04333067241874531,18.10222572236674,1.339895208890718,3.005957137301369,153.12188022279713,0.7977266059418325
819.1350611912898,35.06432119036387,15.149106549756553,8.23317179825115,430.90122631640816,51.278507136220306,7.300491102653346,0.00025856268927947095,0.000344120924801378,85.14043016921569,1.0681820522795362,0.04098782545915052,15.048005360933846,0.5893671117378636,1.6226863878158566,140.6324925245013,1.1904238042031505
948.1621518504289,30.57834993716112,16.995092289622136,7.972471701905811,325.247469899552,418.6039829120741,6.690596742910229,0.0003359907860820481,0.00039982194251545654,107.34594187346369,1.059756171446039,0.03529192299693547,16.093967276706852,1.9741915731658761,2.6202884184482738,166.97438129486676,1.011373711798807
705.393655023418,33.820960479221156,12.409626787845967,8.020828699474793,433.3024019595771,0.0,7.027480682035415,0.00023097447476108272,0.00027764527173026413,80.3951912215046,1.038222605160146,0.0416560653892447,18.26155273049951,0.8123505205000132,2.6821922934214704,165.2065534901219,0.9932184619512731
1159.0690591912319,25.590696420888307,12.00742284447967,7.595536082609146,267.7722506309599,378.21293132832847,7.610376295234389,0.00048670652485564907,0.0005068689278554354,80.37032396478055,1.0476325903463406,0.043257738773617035,18.252395069578956,1.4211281516010819,1.8474679086368808,132.18264599830883,0.9324259438680844
1343.1598340587539,29.649625895852814,12.54416614664296,8.140170606444416,285.64048426771785,0.0,7.29851875769833,0.000498681523104525,0.0005443216232571168,86.39676974075383,1.0521854154258463,0.047975541803449984,19.26494054661886,0.532985355647954,2.2411674438189775,210.61202620705558,0.978188702774836
923.8766209444768,34.7256613870524,14.615696750942968,7.897612260000328,381.9542565657642,321.04088365428913,7.0388278809578955,0.00029126717704580694,0.0003431840528104348,105.58381587013146,1.0585876575276878,0.042131206048127576,21.51702492501135,0.548832649690171,3.4978086745013877,135.8645876350061,1.0290501330432913
729.7427382810184,10.926218565580479,14.204822623204564,7.5691026792583465,32.92855035234077,0.0,6.706404093107163,0.0006789038570024204,0.0009536791963562948,41.09211518981371,1.0569699564264683,0.03920239713569517,17.676870510550103,1.7839836565587275,2.080968729273133,210.25946488943518,1.1047249639957262
1130.5683439715117,24.947676431956992,17.75389692068871,7.88585584180245,220.50087969862764,0.0,6.074041816946366,0.0004942628508352616,0.0005525296259643664,94.35711240297975,1.037205194729663,0.03537039456217915,16.69323784712799,1.9722896603325981,1.2654246671774891,142.44163305041565,1.0225103824346002
746.8343569243057,14.864424650125002,17.981969448744216,7.103537573168582,53.23772937349267,218.14274406258554,6.850477209977185,0.000521526289900164,0.0006173814468959153,94.31022556789472,1.05988656903074,0.03742594587407676,21.250130255702476,0.9272007231929511,3.6385101583703245,132.12666643095275,1.0096008177471432
1341.6813893952576,30.672919230648095,12.807387220170376,7.512948374896956,432.8576659372072,231.65547285423375,7.431237399239481,0.00047774677090355023,0.0005156526484180464,119.89807777357797,1.0704604889861156,0.04920186998225082,22.15528048262775,1.2113593366265119,2.0283606000540213,247.29822032688946,0.9123235053394502
743.2714031016887,16.04856560248872,17.006044710774702,8.096929520249628,130.90634374891823,211.2626961361102,7.053652896175875,0.00048436947521874804,0.000519167415724368,61.73133511219339,1.0406081281908142,0.04317612802785246,24.11362918858442,0.5495103910864405,3.3864583734812834,120.90813570442158,0.9478613155455475
929.5352363849433,29.281942328080547,15.055010818234935,7.623774821508959,312.3966987842169,0.0,6.897473952665772,0.00034920709671958534,0.00038207735602624964,91.93097109931676,1.0336455770658355,0.04866619550694085,20.006438985801307,0.513771634486182,2.8161030937246814,97.76589732216705,0.9988076979914832
1032.8453164027,18.648111280590477,17.04762011385079,7.723164666211314,151.05170818157237,0.0,6.39157866837012,0.0005926731578013133,0.0005618407446412336,63.303604757566035,1.04957656418137,0.03664214516681735,15.591910628029007,0.6347589407165766,1.4217049770903754,137.0876910659363,0.8538299049141984
739.7050431130306,26.939619193793437,14.214902723042385,7.728883684495698,231.1933236069166,281.51291798434477,6.582230699214676,0.00029717852273873424,0.00033036366809203484,83.39679212761118,1.0495471270032162,0.03739971429391085,18.386703459313075,1.833305824641298,1.4768026669990246,126.9013293283328,0.9560185293025906
895.9856240195668,27.652960943112166,16.636106306559114,8.225925382426881,290.9669871051059,268.45972425682504,6.719463975045388,0.0003513642772945319,0.0003861102706883449,30.70778695963665,1.0763129968589822,0.04819044775451828,21.820124113608273,0.7513351024188677,3.0863810798959648,114.37383893277739,1.0005506339359251
862.1671148375067,33.629288610123105,12.027420502116694,7.2611037688651585,578.0396172229622,0.0,7.687322973485584,0.0002838507899561471,0.0003665068283684173,103.89843702801525,1.0433244255596086,0.03566734349348639,18.998260688375048,0.5987821224091917,2.064246297915996,118.30424164461593,1.1397462644167222
1202.9477177447038,32.681877412153156,14.806704656118542,7.8858906780664935,506.7162721715336,0.0,7.358918031086319,0.00040698731734441424,0.0003984276059643593,47.09674056048724,1.068720824116721,0.04215507087031508,16.422721286993657,1.261025408108611,3.883163207730426,173.27344010210103,0.8642295543389995
1415.3206960385673,21.38287641165823,13.996534686355155,7.583910330317215,203.92210064977994,256.4805438619759,6.943528681541211,0.0007067303144325548,0.0007191097561842691,73.94021004194104,1.071164018347906,0.044825858793432795,24.543393192613795,0.7872937240343875,3.09810859685043,202.98862318064553,0.8911039766824171
930.2874699783016,27.914486031596173,13.51196513563876,7.3060771766316535,289.4084378559629,302.22270685372604,6.911002050841562,0.000361109272536484,0.00047214986756042714,44.62327783851473,1.0365995418164635,0.042948776027376775,23.472921539438275,1.896875126026296,1.0671640997490344,211.5347066966516,1.0655298487873184
1263.17975541489,14.742256422016709,13.80293661640065,7.062977860207061,46.27889745296431,171.86573392902272,6.832860171009118,0.0008910429650459303,0.0008120060198831277,115.0165160809434,1.075437023138375,0.044937742665604775,17.581062430284852,1.6934914558920595,1.4901859007880924,152.78627239318973,0.8140987204191013
757.1853131025505,12.549883486617812,14.514770170531818,7.793458449877517,38.34057269005457,449.51351337639926,7.417041821980703,0.0006075605717474257,0.0008861941890496509,95.1797366836818,1.0587543894101297,0.03571863296885141,16.259827763717198,1.608200788046867,3.337995212173457,165.6627643084972,1.2008270631352018
1099.1729003155835,28.56564970726619,14.97567371650131,7.238697581313144,372.7271152718042,249.06420799567164,7.087533871079508,0.00041838245233818776,0.0004911931072447834,107.55995543534485,1.0731382292756608,0.043243837428800516,19.78802544038772,0.9308213806300879,2.852987093034989,164.33857915205311,1.015228187051893
984.6509083322494,33.577714960013274,15.149851854712683,7.757225177846762,568.3118391438627,0.0,6.917816919831586,0.00032462322068895676,0.0004126826346788343,98.19732981177208,1.0694777500114865,0.04300328982631879,17.466490741271635,1.4248097928347578,1.7715912558125262,197.90255377782898,1.075695162724725
872.2069601799888,29.412882113543578,16.407337542682615,7.558906840679018,617.0898807688526,0.0,7.098150276022083,0.00032626638431120994,0.00041541242305216804,110.80816795236076,1.0543617779816075,0.04666632551292234,20.084920928377468,1.4133493200164158,2.071956598014134,197.92671113131084,1.0481195952547941
1287.2906190509923,23.43583937557952,16.960826228511973,7.527230009856841,259.93701726624175,47.56154124664079,6.850458616656225,0.000595628480611227,0.000550345575384616,88.96268712843415,1.0723397097158607,0.042237908354887346,22.381232832223077,0.5700909148325735,1.4334766817813858,101.56397138324294,0.8676168113700911
1228.7161280378768,26.36915762518151,17.768881200169826,8.15438270799258,378.9142683167838,258.3087099681966,6.53734240728642,0.000504134337748019,0.0006097432303517803,37.5049878704698,1.0463632396218485,0.03986596057468352,17.84632832485752,1.5903858578107661,2.016834058908964,228.55156567399032,1.0484050191052032
752.2496145953718,28.982049218682743,16.01482608364107,7.116946667980561,240.21452515529955,0.0,7.017762305127818,0.0002853751696432043,0.0003087340202112094,36.376894495153664,1.046073435431668,0.04182064512764523,18.73624778238075,1.9660753853363642,1.4790581365232058,135.5904143872553,0.921442630408142
875.4927935953499,24.802551306224167,13.540286564964441,7.729581830587261,367.07723037754437,0.0,7.307122805503958,0.00038491638870482924,0.00045547889844048053,97.48898017714659,1.0598810200236803,0.03750982581490764,21.18662513766302,0.9535943740460924,2.7017360331636047,192.88459280770985,0.9801124932253531
1285.5747978327304,19.43975750053972,15.473108212025023,7.538828501714846,206.7090741571807,0.0,7.080576846731466,0.000709861551210808,0.0007989956940507106,55.94869155753615,1.0487975472878124,0.04667772159817946,20.305331998697493,1.7967705426270957,1.1621896199894024,193.81279346014503,0.9983213298462021
1420.111793764869,32.119778252387164,14.631027231942543,7.196807573212842,583.0521709566365,419.93152558759454,6.802399310979413,0.00048031958278996184,0.0005651316455635225,94.35606013641939,1.040521169298474,0.04306519171974721,15.148113860035554,0.7993836465502722,1.412769307572273,207.4675455179556,1.0159365431907499
1123.7974985989176,19.60098986934493,13.410712771438638,7.513838128432711,198.93444759645033,0.0,7.3681832799835405,0.0006158390746282457,0.000759436330631008,69.15832932685089,1.0703482707913559,0.038999007214747576,18.28941638789887,0.5580503338863794,1.7391169958441877,191.13656633780835,1.0653576741863722
1326.1816505114602,33.495723970594824,13.994505256524999,8.126832764064542,474.8673260268561,0.0,6.726769469217202,0.0004382601905812159,0.0005063471344028376,106.75897434002908,1.0706175320288276,0.04541106439865533,16.32887253663289,1.1360463058457477,3.040106360430247,238.96333652367412,1.001133633037253
1413.7243460536874,30.784500753401048,13.374966985297437,7.257486194733067,565.765051273156,253.5264954494369,6.702978082314734,0.0005012101383423217,0.0006122132852389931,60.51211012419731,1.0341332085874004,0.03969223793073674,23.59184787545245,1.333136148830682,1.8784928026458099,155.3552009883528,1.095880297113172
1224.1443707580606,30.61851251784951,15.23286824594599,7.8835553564585386,299.16668776749157,240.44134756863957,6.873799688119001,0.000436441341674513,0.0005146069810068079,38.209397424333474,1.0653428724754017,0.04261226184105164,19.64167765048454,1.1478504085026344,1.0358596536008755,231.19100066067264,1.0238278678918433
1149.6016521915724,31.67705526657104,12.396853821448738,7.348947707224631,462.54035075008454,0.0,7.604270578114221,0.0004007437288685645,0.00042688293882777963,105.37663408246391,1.07595398749001,0.04983011549053565,22.926820434883687,0.879228753201417,1.1320386617438098,150.5845073776568,0.9532616613754926
820.1240111261457,35.65711959987898,15.259363777254443,7.675072446620163,584.2780891555282,0.0,6.598679267795618,0.00025525384188818134,0.0002960353483940394,57.103401967336254,1.0706031404619447,0.048991482300018166,17.66468219266679,0.5976384277627489,2.6882015101669556,107.02882077294916,1.0357452725694778
936.1903558313035,35.73645047234231,14.470947220779081,7.71629975016223,337.74885815992207,0.0,7.376561683554698,0.00029076525347753644,0.00033821585576118305,65.70150325693052,1.0373218348541664,0.041704933299136784,15.58913880131456,1.1125639585359417,1.234206063472079,217.4792430353578,0.9627908700375956
1133.1255274344578,23.03649722349725,12.039381166233362,7.092966053368096,161.0726568235972,392.705893375368,7.356999836990139,0.0005246524560073721,0.0006807732743335021,99.84277926271238,1.0343701987745493,0.038930944658999315,23.896206864973024,0.6222604177858184,3.6987753333154223,237.38572255447846,1.067294698308854
1368.7402209220213,19.809273212780163,13.65473252114999,8.050476785808872,189.80936019112505,129.7956494560831,7.287603864934256,0.0007381432990726899,0.0007168084509670962,52.586174493418994,1.052257217495257,0.04613706169095397,23.82508354355579,0.7994718500579832,1.5957823609910842,71.43706532279785,0.9672286634013156
882.8370695367769,29.062579280012255,17.825632932749045,7.492100393607284,348.0467934634149,245.795398837494,6.839487668598453,0.0003306093830450651,0.0004076803709996865,114.52848371602653,1.0747566174575867,0.04955115334986659,20.74202709965902,1.749303330480686,2.392139954629463,237.27750725526138,0.970208890732032
955.4726523935458,35.16601954142435,15.477324116076964,7.272703655257263,508.6680768945944,0.0,7.125910234228119,0.00030135956629149185,0.0003640993380676862,32.58071408371157,1.0755971412796022,0.047934478762262436,16.304085022136345,1.6762440755895118,1.6226383892332443,118.19189355655276,1.0822302918658
665.3002961625967,26.382175423486945,12.388802849103836,7.270076426340355,346.56260303061237,342.1545167137637,7.489987693814826,0.00027190683872291814,0.0002720388407092331,98.49139441617388,1.0312954826727363,0.043929898134514124,15.669186799697469,1.7899731768760523,2.7812117309873785,102.07715034030116,0.8583860919433616
1190.0535891427492,10.668262257735261,15.466066663761982,8.280734343474311,20.006021299474746,0.0,6.6222190669451315,0.001130541057119473,0.0011829876603324607,106.78970332770565,1.0749910277811974,0.046329072623056404,21.6788799944156,1.1583486742057396,3.2797405163748623,71.64761197384671,1.0369570962545318
993.0976407673463,11.002412507218038,16.22390441652797,8.226000968273924,27.65391542297583,184.05681668171135,6.417045815503046,0.0009083480287673803,0.0010096636641097616,86.05404440145392,1.0622541649616761,0.04996307533183673,20.2835119465685,1.3213111497544785,2.924784333064573,222.66912066976317,0.9574265655499452
1268.6353945539524,22.068281725923185,12.808482153862364,7.609938966795356,290.08872500271036,216.46634368924404,7.334022042359329,0.000616304977319347,0.0007246813074878417,47.516437957975015,1.0629030196495375,0.039428439555115796,18.427526634669736,1.9303540107035195,1.8232870968095152,147.21379292786176,1.0574659020796209
829.7835754297595,30.480266969322457,14.416228468965967,7.351953916066508,326.1065241782129,0.0,7.089799712548518,0.00030006133047638157,0.0003588568541218762,39.43489338546773,1.0418676895770809,0.036390845684017195,20.748756013204492,1.6878122185216462,2.084946143815256,119.94256306954465,1.0509015070235355
1161.2046896794677,33.07499339260467,13.28320250444452,7.920554061099218,376.4526156250149,344.6202559434087,7.282371427676614,0.0003831319844594374,0.00038723528075548466,99.39774284735326,1.0613635347425652,0.04626419615886162,15.526047343660302,0.6973065608543223,3.217436714060142,112.06667095712689,0.9227707853328482
1171.666062046344,19.75019668731459,15.255387050972676,7.068698156297013,119.58896908279755,0.0,6.768892895263652,0.0006375227514497831,0.0007930163688256958,95.70334514665477,1.0770089130596256,0.04883076940613303,17.076957909170517,1.6697225675356173,3.081595190232094,236.83264171268326,1.0369865681369186
1009.2441760620103,23.446401649523338,16.934216064216464,8.116673679492806,296.89624683367856,0.0,6.318771806692243,0.0004677787520558768,0.000554249322468038,100.25024809343756,1.0591112382619663,0.043679254884796126,24.76220311721297,0.8860505550870492,1.5430337146749085,98.85734442642189,1.1406509081372431
794.7352728257612,23.338890012462866,13.438049996106361,7.0073886103876415,410.4201524492892,136.77435564636,7.58974610661756,0.00036772159954167607,0.0004428966610532588,117.96049959983516,1.075662503861095,0.03955103872821382,19.464558611770766,1.4126384032526498,1.3037841289116756,194.29438188099024,0.9662734751616239
961.4555007267647,12.45908909321123,12.836676600372936,7.064232153010762,22.40703384541258,21.59117910376103,7.438548596395146,0.0007953711885504227,0.0009844812993355342,84.43670071714743,1.0644248580559477,0.04081250968139135,19.37411246080709,0.5421034771780205,1.8567347218156924,165.52745009612147,1.0630588621129307
1227.64338273202,10.02315544018493,12.834712081523655,7.434446821691366,31.34419770632078,0.0,7.452984573677877,0.0012316561552457733,0.0016638948360436238,115.26368399501168,1.041934669550866,0.035080109525542844,24.81513057025355,1.0956791000635717,2.910584480390555,142.75950336288963,1.2184903272408796
795.1864045709567,23.61562628721135,15.68624798248641,7.592982006126379,308.6214072338506,0.0,6.344722048239909,0.0003660987854775873,0.00034086866187373635,118.66309362822145,1.0475644111769427,0.046187605674058746,19.479571344285468,1.102097467998333,2.4115669784599123,82.13040201074804,0.8522115653462996
718.051907470008,23.111365738493287,12.41613099150332,7.006817253603596,193.3835440160702,279.5273790446156,7.35885364978609,0.0003331592955983601,0.0003817357105458014,82.9662408539354,1.0429518030043368,0.049707633680539265,15.465479838250268,1.3236585843047155,3.867789098959421,113.84298378971957,0.9799255576938494
1008.0447354523973,32.453970321600934,15.158388403511829,7.371306918136298,357.198805895917,29.26907911739177,6.9159966288393875,0.0003429300862187056,0.00046498593013881195,99.58412635033575,1.0449339964584374,0.03713907230816764,21.717524222432314,1.116830785766561,2.581431111641944,170.70517893710064,1.1633594070688555
830.4576228413744,14.723752047822341,16.86001929599469,8.278899559245502,55.092953263709575,0.0,6.233388630774055,0.0005917581184040584,0.0006416563123149589,44.760854053309885,1.0634233462624898,0.04378070414469783,20.090928602765665,0.7350148935083424,2.340089871341372,139.09043525511572,0.9850268906711837
1270.8287445499113,32.16603700055161,16.59874947433906,8.005962723601481,312.64282893893306,0.0,6.4025298998817,0.0004365146991941759,0.0004923156200283647,119.88243071356986,1.0545022476497226,0.04151835968000789,17.556475561909288,1.8048846749750587,1.8199198868476008,222.8955247102169,0.9865571185715781
1283.8174136882553,17.052654932884135,16.021106607086367,7.076128012519707,123.15386886400476,12.242212247528085,6.425919263824394,0.0007995538511715322,0.0007841703295597053,74.66654241483869,1.0751344030766417,0.044518098498369754,20.214031514961043,1.114874261624876,1.8556299348582068,96.53818333092923,0.9157234350612157
1383.4281436894462,24.02057319573113,12.065699809758804,8.139737308176025,295.94775387054233,0.0,7.511341362369993,0.0006268941502639458,0.0005226197506948137,75.14934180585313,1.0398736194321014,0.04954739040016035,17.908569774402554,0.6304578038737588,3.059526344720096,108.25248481183849,0.7954253464441102
1301.3351222742765,28.382411828695847,14.590560575320964,7.605480300160344,335.4815216770223,0.0,7.339800328954533,0.0005036037008699342,0.0005808129500895896,91.6978492380261,1.0365326944107824,0.04734618063352546,22.08454585509434,1.6071381104659581,1.9244141676745299,129.73743401031783,1.0623178858507918
1151.7113030468086,13.777149539617131,13.46030138106506,8.286127098850093,73.91603146397792,336.05110982473417,7.285472216633377,0.0008558829951258395,0.0009011341058457328,107.0338543217213,1.0344286771456357,0.04440098154341209,24.76748337185554,1.6283511003896163,1.3612061430774562,130.390279715421,1.0524854988393968
793.5264027241889,34.60695556232556,15.091116219416016,7.4173432175661045,453.2198498847572,155.08670640129733,6.724271359286323,0.00025262116740485806,0.00036218889334683097,54.93142729539066,1.0424353386397258,0.0355554325937898,15.668727897961663,0.5896544408891906,3.166271689515874,229.76290119981763,1.1097619382750923
1288.2990434179874,34.904375026856904,12.91120393599411,7.4023868679041795,303.3129621764248,186.51592025429616,7.600166427017227,0.00040631941281665747,0.0004552898683059777,97.7100422869431,1.0657423924919058,0.04003490161581509,22.45108424613781,0.6725322506888929,1.9083102492023811,92.44410521963242,1.046537353574917
1214.4574217216377,35.219789350000134,12.811404499486606,7.882870440619706,652.7746559274524,0.0,7.3116133039155615,0.0003825127133748386,0.00035862340298804064,104.89740458611797,1.0382832464206755,0.03990902780230261,23.64092866489222,0.5124042229841717,1.0493511274340492,74.53095599987174,0.9177043471268975
1229.0622038776091,10.058308458872194,17.70809728996815,7.634499031225617,35.51886624703739,0.0,6.811948261776227,0.0012290440424429809,0.001173561712858847,65.65157595381365,1.061970954230062,0.04583598064477727,22.033077996046075,1.3088964854399951,3.8292754031651657,163.22783340586614,0.8512337488074934
1190.6034394011367,26.729231624483575,17.28365557480311,7.3593404782384235,239.05935846159227,0.0,6.650161713701018,0.00048768010245906667,0.0005311447428005773,69.54321332202527,1.0756037155135219,0.037063022776795684,20.60600497288401,1.3441893981501016,3.4357065796328383,86.70807546912596,1.0185735702077618
1293.7580482728995,27.447952438254486,12.586187354817525,7.681987130563379,516.2069410561481,0.0,6.945093394271907,0.000516858923622204,0.0006719945054092185,109.39744447810232,1.061312950272882,0.038562970969164646,17.85560816436228,1.9746485243935044,3.9966228334110765,209.3908657623667,1.1255650753677144
879.7221953039193,32.87772011979381,16.966428763408267,7.828266216939763,466.531159745162,0.0,6.550583331831932,0.00029591643775901184,0.0003667856725821754,60.095912421018255,1.0403330972213927,0.03672885050296942,18.872164613203395,0.9565800577903381,3.0792768786592344,187.78827146088003,1.032054160941881
1171.1666353598803,15.23840933940625,12.39597071206293,7.4062134822800205,87.65591394385117,0.0,7.087401114104726,0.0008090332359431858,0.0009110659245396582,102.53424253013365,1.06813897194725,0.04534651397839499,16.389725945101045,0.7297968476419214,2.020277604546639,103.63966710941514,1.0430388267585375
1050.4587024339435,13.224752009146624,14.0336062677924,8.071559253055796,83.26878417218838,256.6229388874911,6.873145915437991,0.0008132271830442154,0.0011052760744277108,110.1116867140225,1.0719404370473251,0.03503726968483717,15.592567233521663,1.8741516609530584,3.471984841458461,200.69293924164717,1.1527525878748996
910.8424908024076,31.045286336943047,17.963660538334246,7.973403382015156,179.83660835862332,108.89348143321753,6.070442130240256,0.00032218882855060855,0.0003857123943043611,62.76420288323246,1.0563629546356699,0.040647841385930965,22.008039460347543,0.7759742264705525,3.478707623047181,242.22459022708122,0.956856829422053
902.281057389141,16.804233179092066,17.643381147556248,7.979059767167963,70.65852883218867,0.0,6.774862475473048,0.0005698706791460007,0.000585071145333742,58.43411744414098,1.0491459541966563,0.04024982839205622,16.114343302451488,1.415507410776923,2.1776963973236296,65.09402256541792,0.9832050778428233
768.9540661884174,11.716803937943029,14.80490174019139,7.858288289083626,30.956831111995964,0.0,7.001409886944089,0.000672592543127633,0.0008711275348935982,46.85325736612328,1.060309942285292,0.04839523717165933,15.49971578510075,0.6248347124025696,2.6709863669456215,173.19685189996034,1.0791607832002694
1030.414485692076,12.389928940192167,16.211855242980597,7.299176024910984,30.045687766329266,0.0,6.55479598962258,0.0008575751965500569,0.0008782934212598294,48.149175451648404,1.034910770119004,0.03581447502230598,17.463965599722535,1.6941957839707107,2.0252469666959882,72.15011926927454,0.9633050885913408
934.8622135203655,26.77460920975528,14.296069523409324,7.917719882409457,224.01206367494427,0.0,7.2317701126469265,0.0003823520487826634,0.0004326628206503459,107.52045443261225,1.0629839802214451,0.0460570101156104,15.110015187408903,0.6487294741263152,2.938539403311172,209.76872194592016,0.9382862613011067
975.9396972976585,23.932320974375152,17.09222858389412,7.227071752094079,378.42622105177566,0.0,6.5742529559022564,0.0004436996622161977,0.00048631494782514786,55.13571583489283,1.041369615128233,0.04171946349415785,20.991157154287592,0.6060587524405956,2.7253325979907603,138.87070718450536,0.9631717634337668
1310.597634334999,29.445346513930733,13.896863541615705,7.184501119741802,397.1620314926971,291.5739349524227,6.652364185332618,0.0004838988821840762,0.000574009836578671,54.27435554786092,1.0618474063015977,0.03983849379316645,20.23550293258788,0.7656795793034467,1.3938484386220829,158.30234706586592,1.0537088770548437
1178.2163929908206,30.985124256907486,13.237772494611086,7.654902563620956,256.5663844611552,182.36418314097438,7.499185259894338,0.0004163536061241268,0.00042244458604865346,88.59420270868318,1.0455336159033737,0.03549120177354981,19.388090263341827,1.8144563592005152,1.0854007738655262,115.6122683185755,0.9360282764765612
1177.2331717289585,10.070401366028188,12.866743385789883,7.2241030086293,20.74978231753902,0.0,7.568637856175816,0.001176259405220006,0.0013052680400181382,55.5078741080985,1.0485643672291065,0.04088549647393659,15.77862314010481,1.263383938005505,2.4536268348352994,177.11998259002314,0.9692951692942172
1413.5878247424102,34.25639032639035,15.784355786087701,7.1656776986365385,547.973432095718,0.0,6.841956507180638,0.0004571848057503666,0.0004854262511085249,55.432320328078795,1.076425915115388,0.049519126592205615,20.153705960012825,1.402823646148788,2.45357643498819,60.238774882737104,1.0219663931314908
817.4681199286332,32.871566431780806,15.346798847724951,7.769836144883003,686.6584371594938,174.51633393051847,6.998140925452709,0.0002731328751679946,0.0002724947184811596,113.80684264084218,1.0470604478961152,0.046188197000474954,21.892422903839595,0.8025332607897453,2.767908230329684,66.10207138201466,0.9282429452119498
1043.142643544002,34.25961149691449,17.416529530747457,8.268139644833788,238.2795991223155,0.0,6.611485056484557,0.00033732755848556113,0.00034810945788043304,119.08276483813835,1.0693999810959824,0.03736376874807141,18.38122055786354,1.8771165157646466,2.13633533306177,133.57849010476053,0.9524609692636812
719.9795347846987,29.98539036663547,12.88095143944743,7.072206963206642,381.4994248808416,220.4350303306776,7.031264906092333,0.0002620677646804273,0.0003213774728804211,98.68633447619743,1.0351587151499093,0.03691602720337462,17.70155727411827,1.886652732384158,3.042058317351239,144.87070639003605,1.0137969670872797
953.5915825564975,19.977660803015375,16.827222865010253,7.577521659249255,153.23272009560307,0.0,6.219616602873331,0.0005133399275838501,0.0005492734222204701,100.64086809937027,1.0645748764710015,0.04309779981865113,19.21547858962839,1.0460231415669738,2.9234488368769855,57.18712187675645,1.0173459777046647
1387.3735176891453,16.452252163227488,17.662970800200767,7.1174289080725925,64.04651062083967,0.0,6.6581920522625335,0.0008934215292815113,0.0009089180973292893,63.62367292831027,1.0338585185542717,0.0446452651870501,17.799052823755197,1.616345168190635,2.413077261980633,127.55068412749499,0.9350732807794359
714.8459943469812,33.723896818886416,16.48135994906611,7.700374246042612,403.15406341833307,352.35907228862123,6.480607613484416,0.00023144353693859622,0.0002376819938329729,61.460609638633315,1.0553340908964737,0.04892713342690374,18.79280891696095,1.9182178183597831,2.4549789052640163,54.96822139925375,0.9520459841786718
1237.5083216162666,20.925578329057338,12.690059261175266,7.747026119387032,118.11030308730103,0.0,7.531267259397467,0.0006381267929987694,0.0008095254941030208,103.65475135086413,1.074376057883189,0.04919752773057505,20.75698759629646,1.3269519330379298,2.4626394384235337,245.12638146093767,1.0752929161902525
1321.3077738868128,22.68556451420564,12.92080165847581,7.637718992325679,188.91161642423938,311.6240248434186,7.0441377407451675,0.0006228729046037819,0.0006609935633511691,77.36446883642002,1.0434498392582123,0.048025167157702046,15.42254705808361,1.2263135253512893,3.1422356272083443,135.21743029767413,0.9592566112452884
1043.960131514793,28.159516800189405,12.527210780811565,7.050814656638523,515.9477652477669,183.63951811893224,7.190126181302028,0.0004039256722871165,0.0004812191000800622,48.87165105085093,1.0440452517462844,0.036924631614230576,17.878262286209853,1.453689697479008,1.6836617991225582,201.49365174584645,0.9947008678694437
1268.541114507762,27.89843851849921,14.003007307017288,7.911051731532492,368.02511473405997,18.942232103378235,7.470136651288815,0.0004986015873932443,0.0005174192817554245,59.303770062703926,1.0758019126964034,0.04166778103673587,16.17079857940033,0.5433535496077095,3.803264723574074,80.50905432757658,0.9859505020890534
991.1335111334879,28.029194470963784,16.553979235892424,7.660248533362809,401.03508516881027,134.52586101127466,6.308585671410813,0.00038592250364317905,0.00040163984580330345,95.4748597123994,1.0514832839719999,0.038281814336923896,17.299321610506055,0.6641370243078804,3.5216086505741675,102.99478300545863,0.9440313144811212
922.909694701839,26.21353030246429,12.869377387860329,7.745273548509509,340.63596170963575,0.0,7.008263897223064,0.0003851196876046194,0.00048560802422462464,64.86615244524597,1.0616829722165941,0.0442088055505666,23.096094559980706,1.29428729802127,3.405083959201348,189.50209519366555,1.0567443370728402
1041.4585806636421,23.224420061780144,14.69389890183318,7.868599919859756,256.3154166922374,0.0,7.146003149166846,0.0004870824454508406,0.0005189938050837225,102.88931865693256,1.0657053642885395,0.038784221413599135,18.889959868300537,1.112579921641365,1.637772020489153,126.83692002155821,0.9736457586498775
799.5102765557192,29.94264343377025,12.266390271581534,8.177838815948913,470.93906965456193,349.61573333114126,7.276239182356728,0.0002898685477044497,0.0002908945464286107,50.05877589937055,1.0662345422333943,0.04148561998186198,19.522976892397942,0.91454249585741,1.9098897979297735,157.17471553629417,0.8637033120555593
887.2243645797303,20.290559771796335,16.069491391673658,7.564931013360534,126.0760936217945,0.0,7.1005514589202,0.00047077181792515364,0.0006601085721564783,30.17095650921494,1.0781852422252238,0.048402510334094255,18.029413043584142,1.2770362535825166,1.4713016915493444,222.79322290348932,1.1402493820421602
885.5826841756725,16.82140965062416,12.59185291114774,8.186864015581772,102.33000269419206,0.0,6.90680732321651,0.0005589120228198265,0.0006165827224512885,42.8854213960144,1.0776806692621768,0.038959915862001135,24.513036932193142,1.2294390039866285,2.4174166536073143,159.8554276771732,0.9764149540039526
1416.9819709040873,33.63587629856515,16.75842094640416,7.2285200419639875,541.9695408343233,0.0,6.191961153447872,0.000466358564851142,0.0005436681747868807,39.63738618012467,1.033840174176227,0.048163831724159244,23.67990393074313,1.1309315245006326,1.8724738812564026,231.37171241510305,1.0082261846718668
908.7568878260206,31.995610711897232,15.676014029562316,7.58988759017561,316.949847957229,0.0,7.095707982392951,0.00031374453212711513,0.0003561639489547277,46.95594634374724,1.0325913098058737,0.04415511631830847,15.583046553186655,1.8199675571108154,2.2645623988272456,109.71184331627457,1.022007893649877
826.0597822688363,28.666712118579863,13.143348483839935,7.229960706235679,291.34201711676286,0.0,6.853097625261778,0.0003166795577990731,0.00036941355983521315,117.98533490380622,1.0672099356980203,0.03896125948192283,17.557036884801786,0.697993839149087,2.632002941642442,179.03066510955733,0.9614919702673724
1379.1388176675725,14.374735266350022,16.190347320670867,7.4840637006245,98.0039249547544,392.6228322183939,6.523628226843721,0.0009835011872556896,0.0009530113955515201,88.70209996450419,1.0401128452844757,0.04522809091431159,19.280761628776233,1.8556962005102147,2.648486909323759,80.1192771258136,0.9105753054168569
755.8170515153009,11.187079003637903,14.09509066952926,8.174517256897994,39.554197967933035,0.0,6.7460827854585474,0.000688713485575245,0.0006756142962789112,69.0301170823762,1.0650611557061476,0.04484089260190696,22.602043264994926,1.6914209632164199,3.6344047224474867,76.48309809785034,0.9220000490249166
1399.3933750057545,33.983621949787135,15.14224456005014,8.267643698015982,359.2965451389517,0.0,6.823063058231888,0.0004560823253218285,0.00045388960571959906,42.82861055868648,1.035728068701983,0.040858090362334884,18.178880496187052,0.8811391531100854,2.1837659784681565,133.08228539544785,0.9481060926325263
1311.8762535361225,34.51581519412829,15.339379138452731,7.614169456287244,338.1672210902998,0.0,7.252956749782047,0.00042124082078621425,0.0005021639898667229,102.89059826601401,1.0529821165868625,0.04762325359587492,16.8193404194333,1.3755947824221593,1.7666490980471576,191.3400313826806,1.0530255604915477
1151.411568880044,17.082584085500212,13.629741779996566,7.359546478818455,140.74452574933224,0.0,7.110272788264985,0.0007164457468722083,0.0007811168667850206,87.49596738980308,1.0517235824796456,0.046400669170895234,16.413429695503687,1.636823192822058,2.525480869032761,150.68989659468488,0.969637348610681
980.8345560354976,26.365998735297563,14.502429551383504,7.419525528195157,313.0957556547012,0.0,7.208233079060468,0.0004070314345788589,0.0004514960267705272,53.6224596367086,1.0518178868912813,0.043932154760007565,23.45576710354137,1.3324788522260278,2.38026666199503,77.26790893335914,1.0354711113438402
801.4529546449537,10.4776602165409,16.717901605262718,8.172152588336012,20.749810135511176,0.0,6.32859464668536,0.0007734362285547964,0.0007407598345763153,73.13897438407503,1.0577754077113755,0.045147319181487136,18.936838115607472,0.741249392162505,2.780214335440715,173.88461487160197,0.8215667486397799
730.6260458929913,20.23542403758752,17.186920302488986,7.570084620288819,210.33480300926198,0.0,6.620426178874424,0.000388643932290079,0.000467901193281939,106.29151161536728,1.0364422357624572,0.04732735676372625,18.32048244041291,1.043524951826634,1.3783865642623312,245.36039914484732,0.9170226057544874
728.6594244960418,28.303692585806626,17.091875791239385,7.258015553495229,382.1710677191912,0.0,6.338788949679061,0.00028270412679325205,0.0003720504126986694,116.51689375118951,1.0523536014720571,0.043621022884848516,19.329421216230397,1.316535339779579,1.0357077244877129,235.43562782537492,1.0041240230145214
919.6324100357112,19.386991943168525,15.409208103433542,8.085491805777048,164.94990896896883,0.0,6.573318712173826,0.0005090815282163406,0.0004884503842040812,115.59736359483273,1.0795377744485992,0.0459489507139621,24.8969581250485,1.5286748086573838,3.65725205003179,76.17718969748431,0.9074575592681492
964.7614409577775,30.985056687409582,17.234665474915882,7.662999220013065,884.949419316092,123.71259950268154,6.400625422641009,0.0003416923586954891,0.0004020944828532792,82.69039921207425,1.0330164619875102,0.042348353265750815,22.017037799210396,1.2077662993992844,2.716586831154534,113.96106001134167,1.0572137970404112
1366.6465095444687,33.732720477458756,12.842402449067164,7.555361784036499,632.5839339947818,302.0986069481898,7.137818446618926,0.0004432911147432593,0.00046876794126044256,77.68995724211649,1.0695650873672335,0.04169229844946545,17.332743917172184,1.4221782285316344,1.2664274729599985,114.9028905852542,0.9778227266153159
1065.1849243248212,13.567405584730277,17.90282531187434,8.174329959834031,68.69153403548263,421.7289959323169,6.68834123626807,0.0007986222519044602,0.0007991326394135184,67.75079035707174,1.0584317825377878,0.04048292191099124,16.931396334678823,1.5965985079373983,1.0441131177461065,127.19156330083123,0.971206887664251
1418.7107517530849,27.892393075210197,12.2703487254799,7.96998724388746,428.5741760119232,0.0,6.935876645940272,0.0005582160820977902,0.000570149334221542,30.7102768793544,1.039300762051054,0.04059533249274298,16.169289830579906,1.656433232744356,2.919995441938827,190.17900109787092,0.9159800689934032
1208.8509869859704,19.77612812874153,17.395248441567283,7.0184970422395105,400.6282876603485,120.83351376505858,6.336311842612687,0.0006531132864646912,0.0007594725864780436,56.550892410171386,1.063487523749337,0.04740317079843308,24.06886999019842,1.6397258483650927,3.5732877400753886,221.6668885859481,0.9798480757132745
761.817173417136,14.533986537605625,16.750067988909173,8.256479246164737,99.17006706900395,90.01019144160307,7.093649905680558,0.0005466448839399007,0.0004862220626634081,104.30681894069949,1.0470429894103948,0.040431280635185085,19.517980892564097,1.1942754473633208,1.3202544058491845,80.5515762003763,0.8806082169389504
1078.6753744839875,19.080296658002155,14.3407216802711,7.5910090124365714,126.02431720328526,237.16536186449443,6.872495094976836,0.0005991279610846653,0.0007592833762641524,62.41033842930267,1.0540689220614043,0.04345940442521447,21.987259429781993,1.8010107656481007,3.7855698397081787,194.1739672615895,1.072477718340901
771.9902677422043,22.52714695937257,16.74236952748857,7.233891351881175,240.57571071860858,0.0,6.197496335532168,0.00037150028743378465,0.0004963669046378006,89.13824403548603,1.0407636478339575,0.04067594356999619,23.77583229865204,0.7454516967787379,3.406476571697655,241.97445679371515,1.0202452514358222
678.4996064532133,33.29318514200287,17.74560485868205,8.183272512737704,426.1665742812855,14.192281777439753,6.851331250248427,0.0002253729722816247,0.0002865624781665597,118.30815767914383,1.079837046093016,0.0438891663652763,15.644300732082016,1.3572930400534,2.4134458298661707,238.75013789812778,0.9697759261773878
1382.2664170736512,29.900452154060513,12.984543639980624,7.545425527873251,300.36252747841445,0.0,6.723826306455777,0.0005090959621597328,0.0005092006069599466,101.36453122032503,1.076634737181077,0.036874117341659726,17.118367172647808,0.7636490789951865,1.1746896438061794,158.58369493214332,0.909820999505855
910.850420524773,10.134650080333396,15.896311215195086,7.890007012938469,27.30608446801357,22.074725501954646,6.656506815755289,0.0009037448742761384,0.0009897918998071247,58.52943541510384,1.055214242225027,0.0354525910417121,19.114604764562788,0.6917096590856099,1.9561554683278861,86.14991698519302,1.030573817777168
795.4979119702357,11.46751952421675,12.02671030140251,7.976039782287164,27.238055925329085,0.0,7.617173705977174,0.0007092628259873462,0.0008012886382256506,51.33682171390297,1.0539798647295404,0.04039893981539856,22.63528846208128,1.3048173427911216,3.534088481912705,193.7695045341054,0.927793426396896
727.1939022661742,35.84023944404539,15.986108835035951,7.252996537880506,423.2267167934215,267.3418115991097,7.184233985817815,0.0002229024058194141,0.00031489165847850537,113.29322776903687,1.0496599053167346,0.03895621890913335,19.382855623252535,1.3801793251858603,3.551149081127267,215.47809280212317,1.0815797271829595
1155.3654899317053,24.472234400030782,12.368925797652416,8.278576728288577,221.00817723623663,249.78712714503502,7.7433189791827015,0.0005087830967146708,0.0005338919799585127,49.01953288855362,1.058877308185488,0.047855418490769415,18.039252380010836,1.8331179048920256,1.423776562909219,83.97563705496887,1.0515112619921758
1006.773950568208,25.864828303221802,16.006626760868038,7.731713472216186,357.6101354093109,0.0,7.175919281523208,0.00042542271747874184,0.0004351588112744789,94.26647977708298,1.0615142254446295,0.04666771857293949,15.717926863056906,1.65261680453442,2.4675888122780503,104.50333902147024,0.937972006408284
657.0838780639458,19.17180672119418,12.161463984868265,7.0740750885359915,98.5557579213967,0.0,7.467926705368424,0.00036757045411999736,0.0004821061262253892,87.43504312111833,1.0679131166686817,0.04788685050301937,19.18547771585245,1.6383864934480625,3.679446566337486,226.11413097274325,0.9777243317306646
1204.4110776369596,31.617489714855516,14.420207204352405,7.697748473602513,492.00272984868116,0.0,7.463157815543408,0.0004205797315138345,0.0005469644400803948,80.6897450038187,1.0372884928543755,0.04227262286226919,16.90079451663822,1.2222260943397774,2.110222379074312,174.07091599343033,1.1498210935378226
847.6964862752192,24.482693966853905,17.200681248865976,7.0239156723913325,255.82840601427287,0.0,6.335412790274158,0.00037723411498245373,0.00042532686908607363,58.004655923247114,1.0756019558909278,0.04478235816661915,24.62691676823123,1.1369882050179687,2.60618946003477,67.65452402573493,1.0470147148189306
1255.2741165397356,25.40751370957573,13.838540383186231,8.273025219458189,294.96525651438196,433.0379569113478,6.911140541161128,0.0005293690086344581,0.00063064320047183,117.67843958769795,1.0337305946787838,0.046385244702647044,23.725474964051084,1.6288242847919567,1.368886195797499,236.78999106544745,1.077604054261947
1028.135291214192,16.487373457434423,17.815204056602685,7.865858791828742,53.78918297413399,0.0,6.641229076407655,0.0006607877328650416,0.0007047895612660422,99.32024827819804,1.0767007574070881,0.0398141950611284,19.0628275832358,1.7780233850530407,2.427219248257992,144.94505112444054,0.9526763877435188
1064.682027148625,30.19442121032537,14.827994344861617,7.4931733627935,589.6573993293558,0.0,7.060657583677094,0.0003884686139899856,0.00047692840547212603,67.08461074458823,1.040850664579002,0.03657624307042346,15.850828301405128,0.8647263801226384,1.1571602193639707,184.76070245840629,1.059080475415845
1003.6999710375035,15.56837526610283,13.091848127501816,8.03891960052392,54.79659774718787,190.69975093458103,7.541726166900267,0.000673226420102672,0.0006935341671870487,44.84783003901981,1.054362529915877,0.04952237310546091,18.798154288617102,0.6903382408594618,3.6626640652733657,183.17255859879043,0.8945000754770426
1173.9139269047942,13.56867766423089,17.617391460762654,8.032282548238483,42.062506968415455,0.0,6.1776361858605116,0.0009005526735862056,0.000975887125401725,66.7428930900328,1.0719282067560174,0.04899362217008923,24.744565601287505,0.975270726466827,2.336925028299415,87.5914203073451,1.0490570217388606
1418.255144685891,25.531851433973596,12.932571780861949,7.910614905944397,331.49282585052407,254.5802117947999,7.108608865792301,0.000600039414139176,0.0006883858665503549,34.03586020648231,1.04768767928176,0.03601758147637174,21.340969135135065,1.0987737794957801,1.2147507914174325,135.582305787937,1.0756688435413764
1268.7449049415673,31.640468822998677,15.564134093035868,7.305750635191798,323.9380744039998,272.2663294844022,6.9453517877651345,0.000437880513163121,0.0004716858316212614,46.71904849158197,1.0352146532281197,0.037614955902549665,19.878142798304246,1.9844156066796108,1.699610958150649,124.93930849968058,0.9765686856249631
701.7612455706485,17.619979780313564,17.656451741110704,7.121120555487998,114.29205629124768,16.508134687190395,6.13892535764608,0.00042397355164580674,0.0005412975779205247,51.40206121053751,1.0640004519140012,0.047514125247939874,18.94233378490426,1.7106565038480532,3.3604557552309973,168.89990867023627,1.031455377973908
1032.9561227306704,17.85466467588715,17.643911096586233,8.112980015051665,69.13991281427084,0.0,6.527557531195557,0.000617010902524049,0.0007033563416243725,44.065797708790356,1.0663974790792752,0.0448923960129027,16.97872501457868,1.7163852558447976,3.752725798249141,215.46389537939476,0.9647445183640886
830.2757713780397,13.883687671757846,15.33381200729737,8.154882597122416,52.79559418965863,20.86236856276368,7.225550019069409,0.0006232593108843426,0.0007134766774617578,78.26106255820476,1.05034747320846,0.04688682071136298,16.43002118358982,1.9557783794338188,3.7991655239892994,172.91637770151345,0.9724706321575975
727.666379080933,25.68251559740468,13.272908891049713,7.449172821615389,295.09769656090356,356.4256532726765,6.698203499095237,0.00030480717816431575,0.0003774618317003957,43.051907191071905,1.0629441499069425,0.04227132403674456,19.2184287861318,1.838961103762334,3.1494166897022735,152.394311002899,1.0148470059334653
799.84656961615,30.040131283716182,15.003400866818556,7.502493131650393,436.3572668411599,23.220729767180174,7.237015935456838,0.00029298459063407164,0.0003350550348973824,38.11417413742942,1.0720487574806372,0.03835504370638855,24.722483564140497,0.7725839747769936,1.1509203112570652,100.63303276120766,1.0309698989891483
841.0329466762421,13.266218648933794,13.7520230016369,7.524135565184682,44.71445059097326,0.0,7.326117900387467,0.0006585093201244991,0.0007863057540859458,36.256356978013216,1.0301354118447066,0.03769561715395433,24.44443387361318,0.8652835357761351,3.0433267764409817,164.66945630803963,1.0074059540703812
1394.668362512854,23.914413223954202,13.885995517635353,7.359748452783457,261.0158802415057,0.0,7.012566292937598,0.0006345903313185799,0.0007680533813315528,109.59926724789997,1.0624768322918863,0.048636914757619436,23.589614918477494,1.6858335284723471,2.4120450440921952,248.73649622867515,1.0335553126084773
1227.5047346217727,24.032820386433222,13.905021257086995,8.219832769791642,280.8420155313162,0.0,6.795937894160703,0.0005559391201063611,0.0005114919500131048,37.14589204462792,1.061158216818305,0.04313615456606123,18.432248732566368,1.8856053132081867,2.662492085593555,51.79690065844538,0.9157931710269305
1311.6100655296855,12.775633288495191,13.210749721861436,7.6910499846966225,32.502510151007556,338.86702541601875,7.482461785623445,0.0010424081939449598,0.0010082779029292126,116.35663428696623,1.0526848291464956,0.042907231024524484,20.895043790011407,1.0642685427753116,1.7361592201257072,167.90003320225156,0.8828095514882704
1191.6837884978163,23.787567246890198,12.232642396621433,7.922252008121492,194.51274604235888,390.44762001892957,7.20757172177435,0.0005355416371168859,0.0005880123142557542,113.64501348741409,1.0399833071718168,0.04414987751569461,16.828356804501176,1.993516955047115,1.024530382077116,116.85961511342305,1.0315934715062405
893.5789097056728,17.068829297482555,16.5043436063462,7.786814067741118,211.08158534214596,295.60038827562545,6.806237199137788,0.0005481461095059326,0.0004867914816043185,75.96892325873267,1.04696812009711,0.04526025010671122,17.51595722529245,0.7646551884867414,3.2010694022767154,79.355442231876,0.817769841565346
952.2800741308959,15.17727487802556,12.077295193212754,7.116472854492469,65.32434986521005,212.22035675011878,6.995155512628606,0.0006529390079053575,0.0006359667374507649,109.71818359754941,1.0504161329653081,0.03912376045610793,16.76455346357551,0.5589525303271048,2.4314143975192923,121.918029963514,0.8692665120578739
990.8502023017558,35.624434984860834,15.439126260007978,7.0938486605737,618.436594334449,183.89937381901132,7.095955904494832,0.0003064703543380951,0.00029001604477048044,32.048089620578594,1.0708041772829293,0.03621492135273033,18.73844724880085,1.8989838231494172,2.8736815564165377,56.428141183721216,0.8912375189397297
876.2709676524256,12.348912705669106,14.20306185604331,7.191884889394729,32.42896412492658,441.5262520000429,7.450026230663479,0.0007135434923095618,0.0007913734866760689,97.85074576179586,1.0670492836286725,0.04882472306413286,15.545642763422732,1.0013501728244538,3.118115972386659,52.26257089762416,1.0569878162524176
975.8822942556435,18.929103871364106,15.900159996269135,7.6459640275835286,235.78739381882505,0.0,7.1774612030373195,0.000552311857423637,0.000667971451723578,77.75296063326572,1.0554834523282561,0.03769313783915381,23.5847248614279,0.6295958596529136,1.5873748110752657,168.88322631705694,1.049244899155948
1247.9833359964946,26.084732992572334,15.483485508682316,7.8161848591396215,236.11607863863216,286.79369406333973,7.30198982934095,0.0005167015246944105,0.0007211594711938147,85.0612516851141,1.0451368054324082,0.046092725704959814,24.2694869268864,1.8605323877748041,2.739677941806928,122.26609704519724,1.2770712842638943
706.8972659116891,20.52552568807254,14.87423070301799,8.294521515825958,212.36819239343455,454.3060093923245,6.4973956360729685,0.00036323990971834613,0.0004255695661633506,119.99132175724625,1.0735967062918539,0.04164360753754956,16.9826025412344,0.924828223628074,3.8159697019694243,157.98643495561797,0.9706032604509566
863.1752105386109,10.465153890749601,16.664324391412244,8.170894559914391,27.923710287771584,102.51714083719732,6.956333340959255,0.000828793377525724,0.0009702534149823092,44.43490435429223,1.0319646504824398,0.03992326406240413,18.29683648039318,1.7425694723236307,2.288756573652387,232.05532662314883,0.9675769723756001
1020.682246370467,32.52243538649909,15.432063547817346,7.96073485593289,377.4637587530103,0.0,6.592941546773195,0.00034693391073804965,0.0003780980375861181,57.77562321019882,1.0480562516932936,0.04884440729493902,17.199910341369574,1.9269945793970644,2.6494886440132244,131.14602241204773,0.984455842127184
1174.1028313246106,16.219696120667983,17.390754309048155,7.498461883050855,112.94063738816372,0.0,6.192634955511177,0.0007660093610601464,0.0007477074308592252,91.82225077657723,1.0467328439806272,0.04589663420125567,21.921782741421808,1.0767561429151251,1.9563945510542897,130.77373912474087,0.8885745507364867
1150.5323078753104,20.714131212055413,15.511297612680716,7.448027741029143,148.3497206256467,288.50870358027584,7.116847261058219,0.0005907973178971038,0.0007753310493436576,46.22349307322965,1.0542182746724909,0.04664487439129768,24.8656486054339,1.034379716751709,2.7292016248693685,249.31628184555356,1.0787647381883185
1212.038772026816,33.622011355649,17.25831322282019,7.906338232017752,413.8979756853845,125.91737970778698,6.9463160755596185,0.00039707762458897545,0.00041014381338275126,112.83832398050546,1.0322435411938349,0.039387463079370036,24.29263675906961,1.5346545936663794,3.6465674857000847,153.44523931064333,0.9232620215652924
729.8939164889496,35.208227888797765,17.184528466713942,7.4494370835494355,383.0683598846456,363.79131082661354,6.182951887391409,0.00022670537936227408,0.00022744674780459168,44.64031749023844,1.0512730364244551,0.045740187090701157,15.475142744802103,0.844422690373605,1.9756284768635601,51.47022860170449,0.9321190927552199
788.6257494907817,33.78414189609379,16.240456911534523,7.995246102970393,533.7634476204511,316.5171948866015,6.443525157755954,0.0002552597395067783,0.00027226668128646134,65.38184966882305,1.0371840339064333,0.040442459685446304,24.30313792430634,1.8977185719534337,2.34082775602935,53.74114106666534,1.0098039937607821
888.3866318682894,20.686345491167593,13.975675595979812,7.947087215500629,180.52892896491383,77.74216437754176,7.043518074438168,0.00046132823696341883,0.0004933477401697884,97.37069917290731,1.0330111719037234,0.046334092294562715,19.621605091318806,1.9665063581243967,2.145095773247535,131.79351362277538,0.9536836220974205
867.1530346927874,29.34722767973404,14.919667858154037,7.15592839707975,229.14153185975374,374.2850231666839,7.281168439887714,0.00032007364522257885,0.0003724420727971879,108.08920359649431,1.0796436208398748,0.048040978545461445,16.537424468796765,0.5472069083429707,3.578224201791958,98.39576982922884,1.0356253718143864
1235.8497919743436,32.059431915208286,12.474027850979937,8.045066939877621,354.1240571664387,323.7467620049435,7.278188377799848,0.00042039410769317554,0.00047317964655612163,100.93342223048272,1.0716852631797353,0.03629945626255749,18.05506161234019,1.7391112384415746,1.4211896964906539,113.74190074739967,1.0558453207962855
1420.8012455751368,15.128179033173414,16.351283052365204,7.121397952565749,80.62916040247079,202.791198990332,6.275257901441703,0.0009773653977756824,0.001152404330570032,103.69271245584694,1.0467918488152657,0.047108424303537,20.19171652027577,0.9348885277700127,1.8310889219063409,165.1736723651648,1.0595344445445631
1179.4631909800646,35.20611549179134,15.87700245398252,7.413025372580672,330.346014378252,312.90583205800135,6.999045578597207,0.00036710403572270527,0.0004239046660299067,66.65955684335128,1.0625662288162294,0.04026887416649541,18.74091311255045,1.1545980751309735,2.6012013113577157,184.246534797067,0.9925433208807017
673.7101409743642,12.636682484356172,16.910192917009617,8.26759432320178,54.82240158954831,0.0,7.05329997143576,0.0005509026575202371,0.000551858489082653,63.85421913070852,1.041920950033514,0.035566821277141746,21.000458333200854,0.7993579142579628,1.9405495238629311,102.88662647943625,0.9271000160028952
879.5284291962212,27.100667202816787,12.506439208193704,7.846635984614995,341.987794885526,254.29047898003915,6.957591092544219,0.0003517995767733341,0.00040848643577917463,79.16323086913361,1.074345090340382,0.04548174820695341,15.85829384235007,1.7328616458857875,1.4442551854209673,165.75058422387121,0.9931457590157922
1272.7552002572133,16.214887726311655,12.77108560760691,8.113391339528045,131.98380302608533,0.0,7.601428257852237,0.0008307516079072407,0.0008406102472850091,45.72287397928671,1.0618955892325757,0.04718805137781068,21.180569621342293,1.388536077376626,2.042460142034618,212.79608856708447,0.909127939971455
1367.136579731391,15.590051866327965,15.876789692198146,8.204786563089058,73.09139648647009,0.0,7.2159980888761215,0.0009248576658485753,0.0008393455596277555,78.26063629001655,1.051918164018613,0.038566134540609046,18.394756677657426,1.4621553964702165,1.8772112023866163,123.26986688552839,0.8784497634523661
1110.8416998177333,13.568516720980515,16.393001137993558,7.34406496594696,48.24782109747297,292.0144400505075,6.622415460257006,0.0008387630912191263,0.0008920958177852404,79.82434990471576,1.0444132559451207,0.04517760697459733,23.480860984997946,1.557468026041153,2.982935751106728,245.06395808881217,0.874372089296104
919.383938837271,34.494867173870034,12.442359303372655,8.034390882928811,579.4691965107205,214.53146876083426,7.6694457047056375,0.000292936632282165,0.0003621269521786959,58.80672219297204,1.0520246754256561,0.04473549930930018,21.05193037197346,1.0625871824649877,3.7550640087026377,142.93647335179702,1.0785192890566553
924.2820595271928,13.335143455245563,12.184373828618233,7.4840035631139195,32.77753968527006,0.0,7.50745111364705,0.0007203748760365666,0.0006699723880796479,43.0701282347744,1.0674695660912719,0.04336253767233194,15.554794936103058,1.7950277527488248,1.5874603495052813,57.68654331315683,0.8869651008598977
1140.8157742184428,33.724606883743036,13.948520206974276,7.084271845845694,474.3150035838581,0.0,7.555047784730411,0.00037455430277891135,0.000469220261623178,38.10281712162286,1.0689415826353816,0.04837900452212318,24.814639215236014,0.5590907953989178,1.0770455109426984,178.08356634078433,1.091618214779189
1320.3403090531365,14.3083634836188,14.036760632696552,7.138849758953767,69.69501588899885,166.83120742034518,7.231995403060935,0.0009570738416256476,0.0009904550089538337,62.22327994966117,1.0327407904194712,0.04605953288584464,17.110717457589185,1.2546445421620402,2.7488406670988135,62.122632879210386,0.9884215523001587
913.1668023597598,18.56026751592232,12.312430768315334,7.1641156142303135,126.2400069143023,370.766052290828,7.126056724027082,0.0005169363380965766,0.0005587135639497312,78.65004219699135,1.0785732921879385,0.04320572338459354,20.665106702920497,1.2092320402574641,1.2446756411876718,104.98021276810607,0.9658817531544108
796.3631132826062,15.498323419974604,12.585398261195976,7.820834951154759,92.23614634086145,0.0,7.512780338766837,0.0005417094160334245,0.0006372624703285675,118.59685693228096,1.056112680701021,0.04960123979943036,18.91111959647463,1.2199890176551673,2.4880067742403758,160.2728443605291,0.9986479129823522
650.1710131017787,35.68631242115299,13.223661805811167,7.834145865137245,313.9119859189751,0.0,7.021292409015992,0.0002022118424334934,0.00026943653453315115,47.667360981728834,1.0751757047157855,0.035421834431471115,20.7392760678891,1.3377563117884061,1.6993663137272912,129.07754408613937,1.132708032639505
754.9523193265755,12.415869705599196,12.084774044155667,8.10174447826288,35.26011993559514,170.74671113941022,7.229992248154282,0.0006212639724792633,0.0006204527584080723,31.8125708497518,1.0328228314446835,0.04466441242223167,16.387115105269263,1.505753703452221,1.9429153514338335,137.06633280551,0.885020936934704
1310.2241614494792,32.390452096600484,12.886874509989418,7.383606598517891,280.4155178865918,0.0,6.736500807773727,0.0004471190070280571,0.0005318817490072038,56.977212731055964,1.0729978385874432,0.04510477579791913,17.568881556941598,0.9248922101450003,3.1366073267647083,207.3167568850716,1.0312163658072846
1133.9268735521696,17.811779700839764,12.15370870650596,7.9913340042479915,90.97333319304957,0.0,6.9324022644747565,0.0006789704751365097,0.0007237239564705203,72.21097201014629,1.0595145387248643,0.04513955827969594,17.304963249617618,1.3174335346391697,2.831729486361566,158.69627387589316,0.9562471364477911
1418.7158159480014,34.7595659635044,14.219517172000554,7.346795186082987,650.1984940559083,453.10919330048307,6.716101377073091,0.00044456230022168726,0.00047744061819855694,82.11678009780132,1.034731773162177,0.0467365772730729,19.17781773959956,0.9991617791439038,3.8073089544074397,229.62248487010726,0.9119264694492264
702.0412732679849,29.508744525704216,16.49190308174252,7.407742170816964,283.1018229035644,0.0,6.8463838113630295,0.00026180140978635587,0.00026270377000285557,60.401488882700555,1.0300548387108506,0.042459624139400624,18.69675140388189,1.9826259834145725,3.2511973557940568,142.0782195966409,0.8381282336988715
932.7607138711624,16.85983676717607,15.968524505248478,7.852566010596444,61.67063417612047,382.24646264792324,6.780403017226977,0.0005761408739026247,0.0005927327798062771,112.24469077891943,1.0419305118163669,0.03709047915280372,18.964577985395664,1.7994114600620426,2.605297119669617,118.18655935522821,0.9183356912777676
1267.0617731796956,23.258248700102776,15.626701667779054,7.510274948611177,310.18287559366405,349.2603883389078,6.714187252902421,0.0005825179370669018,0.0005737725639832642,49.34712711632707,1.0757475304326145,0.04457811751905435,18.94355095871575,0.5147168858719702,1.8154453615984296,91.9642193162885,0.9183550131144097
1162.4185517816627,14.189049849667969,14.806868812424169,8.29743235064882,52.32532743304312,277.25519104294295,7.047315777155361,0.0008439402608043691,0.0008841785332936932,53.677270135004534,1.062856239315959,0.03621581714586131,18.769696755631678,0.5942508411736424,2.5807411094796047,134.82119151038586,0.9954478435385858
699.8698255065019,20.58688589294711,13.124936206228165,7.411515856035437,65.07204468203676,17.152827511807523,7.021615967104003,0.0003661223980592517,0.0004534245386582746,53.166595083319876,1.046359474615344,0.04773569737632367,23.101427986936194,0.9540276459202817,3.193790131504975,117.80741936996253,1.0663106032527765
960.3203195580904,10.683852633714046,12.289525726294931,7.3086604922333285,24.916411752692156,180.48001129151865,7.169602636203929,0.0009015744313862518,0.0010369604545645821,117.08092047392448,1.0451717394193447,0.04572718635043784,19.641432324523596,1.568033249699797,1.2020581029968231,130.71680891324775,1.0273652882150626
1144.0781719216163,27.721678087479813,13.113148210021885,8.142946309731364,414.0889001566495,0.0,7.322310262474001,0.0004527749742681266,0.0004661121493798716,73.03587376964501,1.065964822967522,0.03668452213627233,21.07519286803798,1.9936554257481816,3.885009457077573,88.89026962346922,0.9731336677326449
1183.0729140747612,25.42635348555596,17.68296047918426,8.135033481318086,302.5946956706232,0.0,6.747916804869933,0.0005080263448184263,0.0006654548417456293,61.672809282656594,1.049925504381506,0.04562837801803936,20.66053729830026,1.8727552448208482,3.794894354607728,202.95254932792685,1.143149193284339
999.4157736379168,17.06716323294293,16.883691191497554,7.211796834066979,197.07768770550558,0.0,6.85513141286538,0.0006223038509253855,0.0006686220262910795,34.55866228666174,1.0343961765467578,0.03820984031275526,20.533751888063776,0.516849837326536,2.368196851810663,142.04055614055966,0.9454767940892341
794.3943808324998,10.345757267737202,15.419649982936686,7.438837161145161,24.425394445862064,245.94150854875616,6.896308506017821,0.0007638819573867346,0.0008356444113820969,64.72572673791674,1.061963534585735,0.04687242976137919,23.887172281823545,0.8016501830465683,2.551968799945638,105.04238442756989,0.9980304873005764
1399.4914294464124,34.41468777306163,15.679768293158416,7.663162138969701,513.9805269272209,7.196949009988533,7.268729837454683,0.00045050594330206425,0.0004588827126027863,102.37306418023758,1.0554300821804417,0.035624530757478144,24.482762202515467,1.9752882308262045,1.0377159526525221,105.85647250397187,0.9677400067463309
1010.9376801834162,13.24743051775504,16.471172558999136,7.086154535997593,35.920935693271495,253.41076342589415,7.155414001768915,0.0007814912649002614,0.0009855538317005178,105.49462868927982,1.0736992924626545,0.0353285040884604,15.346846273524203,1.196481933277419,1.0386962488217564,209.13252326980927,1.0502192292202732
1206.0932219297829,18.52096806322265,16.931535612809263,7.482047507461644,152.72701675299624,0.0,7.027662822902074,0.0006964838714300092,0.0007526481057954997,115.61443113220906,1.0348863320039887,0.04074311323909917,19.045974684694073,1.3972162126227086,1.7264237940150742,67.16927599904085,1.0344745078614759
1064.0956713063968,10.660221308662814,13.449033954521301,8.001290884411583,39.802428529336694,0.0,6.946779752907778,0.0010116415993803613,0.0010929031983519012,47.89402135082278,1.0630744631541555,0.04137681141380365,24.890274002965032,1.2159604825636583,2.9551432548142857,126.50947659918171,0.9937427978893545
710.7792781281312,19.96480818303685,16.813733043206224,7.9989045345851455,199.7522258224094,0.0,6.868594360126393,0.0003828574325236554,0.00046006932895973073,33.491728111205035,1.0686610658463123,0.041052084744326534,17.074181476494594,1.3158497871766788,1.3777963436020093,141.39714679492414,1.0464242682085112
832.147156495633,20.443840362027903,15.889811073440065,7.193401678911957,189.89503157036907,165.19813485430714,6.397248502672637,0.00043505971587997017,0.0005464660125016243,46.02103600587769,1.0552184675671155,0.035087674584683044,20.051816634741098,0.6447606203561905,3.9213215953874943,191.68859279288276,1.0188873268203282
697.0337285646688,23.87118333499498,13.668015875587477,7.394536265976501,136.3418744568794,0.0,7.615975064268567,0.00031770164593577523,0.0003969262453161373,36.254527105633336,1.0699835194579495,0.03500651393684077,18.69512019919973,1.7428479441078344,3.7689313856814444,229.32115072028128,0.9434605304003151
796.4249970501705,18.4151421952311,13.725958777843989,7.348918129987082,128.5071686803932,0.0,7.1807413327133895,0.00046241311895654243,0.00053960282467675,107.7988043707313,1.0743375484435214,0.04200486894881569,21.075328013851742,1.1212675668495644,2.953126110556736,71.46235246932382,1.075781061721341
803.745305331432,16.49362422462852,13.02821491377159,7.890017878680556,73.98638935543778,180.17578003296364,6.782401072465897,0.0005117734632290212,0.0005709419667707248,55.84530886000893,1.0667797716869674,0.04524928516593244,22.78286389858577,1.3244606051972956,1.7662794285858907,161.9445896312206,0.9562367658925267
970.7614314298783,30.43042644415923,15.284229159967742,7.171451580138554,459.17225766650375,0.0,6.501644237886917,0.000351578324611728,0.0004134632761795675,105.25081621207032,1.0398515299045052,0.0494134729736753,21.479124704799034,0.9832457292830634,3.9619027552265513,238.78990042855062,0.9458248101063045
898.280685397014,17.252051649687562,17.811786211374546,8.28174686049564,98.25289600695659,187.8763664308798,6.635699391258359,0.000548604503286922,0.0005705229440976715,56.03535441527515,1.0361937640910213,0.046860116893834736,17.36262523469565,0.8088121171057058,1.7427442045593724,50.969599627323994,1.0564039470297413
930.0663670075277,18.633509348687408,16.738510128843778,7.150811537063082,164.2629729781504,338.2600437636999,6.822166458054451,0.0005253469557469553,0.0005385880233596014,39.33689079236516,1.057340331394985,0.039909562812978076,21.35555930841002,0.8783549285551383,2.459106728329802,60.42248604443034,0.957513508598969
1283.538217347985,22.768189581700078,12.998797725231348,7.6873554358226865,166.604343512727,206.90914685727628,7.09583582676437,0.0006058946676940652,0.0006533032322595505,54.435908628144944,1.0790865445422604,0.04200926061732257,22.194318294884194,1.167144002775752,3.831308362621371,103.4023945974356,0.9990967454083699
664.6180332514422,17.119092203905986,12.71885722815437,7.914337982700714,208.87496199448984,0.0,7.219949027301861,0.0004127493149005811,0.0006352925863685487,85.0980227780225,1.077813730309728,0.04603226418191459,16.151212222435976,0.7237367443710255,1.9946280132266963,190.75367085540825,1.2281764310186196
728.4416682313795,28.89102279100605,13.69033442379432,8.232735548356697,238.2686077959603,274.4438769298816,7.4285046426423165,0.0002740349291623343,0.0003778036020724548,117.51047091469876,1.0528779280757612,0.04005900110504999,21.198439375173642,1.5610481021800957,2.0489779237173824,244.0062913258969,1.0698529191024515
1276.4707436037847,12.183762212986984,12.986259610657726,7.79838799462072,29.930637077102762,0.0,7.521301203522505,0.001078508152511429,0.0011508870217874453,87.31867653703594,1.0610975015811706,0.04401995682710195,15.271988715962095,0.8979156523825433,3.9337082281876405,164.363457648525,0.955689361577198
1063.4248440878143,18.40167948220879,12.854479550634522,8.112115356112747,311.4940563678421,59.42291377252535,7.516775146669901,0.0006160733526314144,0.0006671485861068684,102.29647893482314,1.0455855510915983,0.040987658336903515,19.122946715628785,1.892824222582588,3.1497986440825807,170.7367549289669,0.9547053086849491
989.455983435633,20.94269091083463,16.390904822262513,7.690236800503068,202.6990479993499,0.0,6.584812142579397,0.0005097600919821139,0.0006387932959919732,76.13408882003978,1.0618531482437197,0.04597350663122547,18.47173946100436,1.8025382389417073,1.8868603673558118,177.26411356821157,1.0802790144501835
855.9728394254894,16.709368970973866,13.88779498148688,7.287195444220683,86.70812806222814,50.648287763146385,6.931544472282249,0.0005421276451585619,0.0006607162096387471,113.11541622019736,1.0309172921492085,0.0405044707596495,16.535615202229536,1.9168289823025668,1.4039140068437042,166.5164039785999,1.0266767660669933
1069.9251066630811,31.836825832553902,15.393148537603878,7.54726104688401,468.9226381450726,286.32774571520963,7.003046693914486,0.000366890063753527,0.00035535561188669844,107.21742044221952,1.0748548136937928,0.03666190534349386,21.693668265491823,1.4114587955752376,1.2463084794372892,52.88691212996077,0.925866629845386
820.3763635812961,19.206613812616624,13.891444690670948,7.789067866166863,212.0655565870907,289.61265574115845,6.675612812625258,0.0004517559881246138,0.0006055370111308863,118.95193228566943,1.0753857155920359,0.04178072362912722,21.82270673205462,1.3704945381745117,1.6608567089433928,238.18588384434554,1.0523100937008432
1315.8046340668488,20.936910056047726,17.907522835390942,7.690270822827207,245.88564420106482,0.0,6.649487662652463,0.0006780249001590042,0.0006187435353189976,105.97411053065485,1.0642084845120976,0.04168995281855828,21.49806154399758,1.0320180187163857,2.340953913707004,73.11179338342447,0.875710072796995
1289.10288303923,22.18894212085947,15.552809909033375,8.01732782891512,119.19835896114579,209.39170286484662,7.0070123249109315,0.0006232164919663157,0.0007114761771715403,92.81859124704374,1.0370836174516609,0.043413345311447464,21.531822386287377,0.549276227215266,3.1618000031172944,64.24063376529823,1.10846465768598
898.3999869692152,31.584496075759,12.83762591150356,7.701389936625329,412.00007635236994,0.0,7.5309362503591615,0.0003140486466705861,0.00041476575953627376,104.85982847799478,1.0440386406486122,0.03946372183433524,22.105608183699463,1.6809447836234772,1.3646399658396982,195.53127877954682,1.1058527982156938
667.0607971390405,15.68617717749773,16.663976219153767,7.498389601751762,49.79182688537935,0.0,6.42111700127462,0.0004487238219681535,0.0006436051127343488,110.45022183533412,1.0732784355921028,0.03991176053132789,20.523101251871285,1.4333899027624217,2.1399580719369373,179.76612240841877,1.1404817472195417
1338.605513335801,31.548679518238544,13.738326087686698,7.669743685337833,675.9977715629084,0.0,6.948219451437486,0.00046842184108474016,0.00047315517406991745,90.98716215120295,1.0451766264701183,0.04685594276595152,24.668398985359367,0.9720066861799846,3.9687930020026374,177.29751505603946,0.8983472565010443
880.3666568778203,34.657729952826415,14.730420254201164,7.675472719511167,440.26858121241276,245.14110434877685,6.69583523071069,0.00027889393434733876,0.00032145603754825977,37.08504088000756,1.069597686138923,0.04653244789515782,20.974000769424904,1.3764582174557447,1.017923929755009,103.61350203355516,1.0495183070011693
1159.0492253943582,16.916921259519356,13.723728686485174,7.012971682098724,101.25660641890083,169.9366098569383,7.049400080909723,0.0007214646599388932,0.0009810171206819855,69.42113072690427,1.0729485002672665,0.035577348197675544,20.36688295122606,1.830683601520239,3.716529433298005,179.2054540394152,1.172484425977304
1315.6449985380377,14.401582681514066,14.937916820142497,7.426697448975993,84.97306052214464,324.8598562828189,7.052891895590775,0.0009400979296183118,0.0010161108301747369,117.09278427158311,1.0655636680442093,0.042429110248159,22.62705812171901,0.7662465134023917,2.446911014830449,71.56589462712108,1.0343963231899744
1269.1255640181623,30.50714593006279,13.844309061947492,7.7448214670006506,423.55204240981095,0.0,7.0452773260438875,0.00045855569442178275,0.000493013679269561,92.27664358402087,1.0450125234177225,0.04658612445989266,17.523338538530606,0.6445648057596309,3.1265217500683358,129.9971186463058,0.9846933542383209
1319.0258004358425,18.134206338196627,13.923903824810713,7.926206365226512,97.55485652202542,0.0,7.4593858215158955,0.0007767897655521585,0.0009586235226822105,65.9226682023006,1.061082784272217,0.03588147382726301,24.553748611302233,1.144351457705628,1.630037599888097,193.13723854787844,1.1124008248845267
1028.546604945538,15.912933232117716,12.945634243501077,7.55579571716903,157.68441016392995,189.6590090079177,7.325312469672147,0.0006763354913946744,0.0006303138680350134,109.83967021070141,1.0728708700799268,0.041865044740375425,21.122155009257263,0.8518898539780577,2.7927074537402365,52.231751647696115,0.8900945883855211
1303.3038525800257,12.029598429175337,17.760581596680627,7.970079548756739,24.111525861943537,280.153204653816,6.780000276101607,0.0010958917165779128,0.0011521403271946848,62.3476704257318,1.0659196511314604,0.03783822070436066,18.466527339045765,1.9047063853044388,2.1797619742885335,115.03602184972274,0.9916820115595956
1006.7794144953905,25.958480605480467,13.244309658289577,7.654354294938699,168.1128860935954,0.0,7.659533003172524,0.0004240148518328817,0.00048113303658592376,65.31817588260077,1.0709585696327508,0.04314715409939132,17.77260015756677,1.7867535896997981,1.469390061669178,116.08989713366455,1.0349247240004533
853.2501887740133,34.36044060485392,13.69634910663908,7.4803886850177745,652.4524240521021,0.0,7.413441702218836,0.0002751761205383853,0.000300742054231637,78.31883320413345,1.073729005937127,0.04104232535416258,18.47955764092439,0.6892345374520676,2.919606117315118,120.27311599910529,0.9626225791652377
1022.1919564986873,32.912934233773605,14.461698083469553,7.315133725111664,647.2344213749874,220.6778633126461,6.710365958480993,0.0003405088938558143,0.000423805927924461,90.90147179499277,1.0565666365217827,0.04449851575083223,24.914819531281676,1.0180611280626264,2.0019903490959523,242.31817602258988,1.0039342568138638
908.9365889351495,25.308573443893014,12.707156823741066,8.036903496177286,392.7385716417963,296.41807501676135,7.113508906107316,0.00038703684057999217,0.00042630858345452723,81.36427127031902,1.063686046889609,0.044481261273125974,18.306526070964487,1.5924280812518918,1.414357721922664,52.073307951364754,1.0762991270980553
1244.8402262329453,21.403810987529766,13.374465615982636,8.198624937150317,233.9103639225873,0.0,6.705923923001507,0.00062849327832398,0.000705885044472626,60.00214299428326,1.058312806047196,0.03592353343746572,16.274557678503434,1.2435664551768006,2.61882810738647,105.41743098176859,1.0682566631891734
1295.0694849729268,35.3859864353018,14.444083539140113,7.948142615357048,331.11872689558976,0.0,6.898947418534011,0.00040604807152355775,0.00047271611305963075,80.6278932833425,1.0790950569595863,0.040632297098515645,23.70056847842147,1.914787001168103,2.555876246862133,248.74556286679692,0.9946389830934715
757.8281669152647,27.168444119250537,15.503149724101542,7.2866524019562,402.8804189233777,0.0,6.777932360031603,0.00030567676801368255,0.000315812072044191,61.70755362346598,1.0346770194957529,0.03586683666655809,16.715587285762822,1.8931799867789254,1.3286242771373222,111.78863530522423,0.9065863782473311
775.924051297744,34.86091643984376,15.21804253106852,7.917708987417366,748.119959490212,210.5539868643915,6.703242805024322,0.0002447645108309918,0.0002508939332999403,90.28607928357053,1.0313312656654814,0.04932377263387223,18.424027393234347,0.5157288357910249,1.14975245556024,154.54758879720504,0.8830235039036847
946.4884994403602,27.893834097577386,14.211884849797878,7.6565919348462135,405.6119496335546,0.0,6.908524920079347,0.00037237198806916086,0.0004135556602963348,80.19248144629475,1.0698303912791174,0.03571806640769234,18.359575151633912,1.9212685938313674,3.877972875151781,192.8006057406894,0.9276869767097853
1008.4367974696293,28.116446256056477,16.059435118442213,8.202189112174715,518.6974061741737,388.3898423385766,6.46504956786065,0.0003873461698950334,0.0004326726449612419,39.6736276389684,1.0686913983660742,0.03790397883366526,16.639760940252224,0.6833610215357505,1.3005109916965423,223.7096888511272,0.9571104462276013
1392.0181283767558,28.22760820362566,16.473679119453898,7.007828377415117,258.1059441705906,270.27289320335717,6.994452875958212,0.0005353440693003168,0.0005815970927985489,86.76255255484173,1.0607086976584765,0.03681069607446502,16.835392145957808,0.7760257821569074,1.8969716300183914,207.16722436238646,0.93914629681712
1380.636453478787,13.267500487401822,13.591366022527868,8.004882086614053,65.96949894623216,0.0,7.023701266983458,0.0010809189089867482,0.001439125805842671,114.59024272573214,1.0305707407132065,0.03695644854083804,23.501963322023546,1.6114715210672044,2.6103527274244662,124.84146807983305,1.2547088182715753
1400.357568022538,16.568297646232153,13.43772319206319,7.60627358127173,144.8097006950278,0.0,6.667787382810922,0.0008961463511980769,0.000989843966990468,86.05048879484195,1.0452689358400538,0.0432768669483344,24.452926557259893,1.5132292942502037,2.6818423257594053,190.9185366818338,0.9827224051231591
1215.7497264033086,11.710625922506186,15.752327386512146,8.112395213857988,16.31089075063373,0.0,6.741608888391312,0.001063849822486873,0.0011242408666314878,36.62136632098065,1.0721474904082,0.03865600774413739,15.117377473759019,0.7215989449407478,3.8339782828675517,114.28451165680669,0.9877693731828723
1174.8827277416817,34.24525557068926,14.468366928146242,7.787577083644504,266.29495716670243,0.0,6.858834999136469,0.00038011749636885755,0.0004600217992050947,79.71767333613047,1.0375325518018952,0.0458312838087099,18.94709052931018,1.9428642996466863,2.934271102517596,192.71218151909912,1.0513507156665869
858.3643164213804,35.857439196286734,16.981496728778502,7.009883240103561,348.4792352963681,160.12728007547426,6.315775520641308,0.0002640715832769735,0.0003010234917475404,44.692045231137996,1.03126126345103,0.049639038537086934,23.60818677516663,1.2157040245949102,1.6394095594528828,228.89810399893963,0.8988077063893568
937.925289207205,25.731621256112668,12.058448150817814,7.899256758021146,285.6724794141041,0.0,7.599179569016915,0.00039831965515792103,0.000448673707825338,67.59531289351708,1.0789451508660841,0.0474274970711993,17.908186318714154,1.4199399280583647,1.533291916734431,205.68397221547315,0.9527249432909631
650.0876125302017,14.055797994053599,15.249517793661845,7.693201589331337,72.44782541877726,327.1084261704835,6.787524908888827,0.0004747097604615794,0.0006391990934917272,44.85481375155603,1.0572255153072936,0.039578738773753466,15.241171130061046,0.7353893818865636,2.191140990582457,195.55435162550114,1.0478682942768265
1296.0391706690507,13.233353419322036,14.091806654525229,7.311034313796084,45.03472097593405,272.8815428285102,7.331916274750581,0.0010018668694120123,0.0010757088459525212,112.60326459250946,1.035861530701072,0.03876123220436449,23.66705994815063,1.7917297550728888,1.2217653926979741,192.4937072673283,0.9427396293619561
862.7941869668948,21.599644605055502,13.274264895649324,7.158475383184535,198.73320246614327,275.59145272001246,7.299233338567211,0.00042643985168701277,0.0005759086142203259,99.61062968587925,1.048476924527883,0.037255343402882495,22.643941315981422,1.7672203097726862,3.960193431968698,203.5240562195173,1.0832678684924668
709.6806859338598,20.16106813852599,17.207640170051455,7.517756740670103,170.26057356110516,184.3292426852767,7.010632982359255,0.00037549890724648924,0.00047316572004047413,81.37970538646604,1.0724911919313995,0.04576206798272277,15.329322125376773,1.0055810483626377,3.5982422720847405,231.7826900611405,0.9486027099039402
893.5299096710047,15.08708371398492,13.301855261405786,7.72917295256894,84.5668649620633,0.0,7.012423851776716,0.000622851950091883,0.0007023718659940557,56.78085391477809,1.0723150171385498,0.03643855618640668,22.459767892832097,1.260374433209402,3.531222589038123,106.65149448741617,1.0175227619587142
899.4262495663454,12.319751820465502,16.73151822158474,7.6218211262560125,37.222732079322576,237.14769708605712,6.215592816551166,0.0007423481271536403,0.0008761245245116096,39.29507930901125,1.0428890333874186,0.04984375208222035,19.262210255781408,0.5745876919217203,1.0588564622701977,96.15314669242277,1.123248078580204
1211.2608246625396,26.83210570527631,17.124447547504104,7.0221534900911236,346.7863201477032,0.0,6.2992336800135895,0.0004943427834162141,0.0006481192150404613,93.89895426231499,1.0685216286405663,0.04721456429535767,21.070188720287746,1.7765301165720426,3.526080008225277,245.87776309135597,1.0915799493456486
652.4397923381308,30.599765142158525,17.804634774802953,7.19227053494033,362.90705177905426,0.0,6.738246219569268,0.00023502640282510603,0.00027403408215766217,51.74573148707161,1.0469612370680526,0.04585033080217421,16.579837434095648,0.7496474540093423,1.50264183436872,104.78036004102667,1.0103755282708715
826.9505059233221,11.640228437825341,12.698125234701164,7.885039624069727,27.424803040965323,10.520894067213982,6.963366848057549,0.0007271596206110097,0.0008097503528292362,111.78479663005086,1.0392695704697856,0.049217573835336516,18.37303218513722,1.721980363687514,1.61750433794384,119.80239659273902,1.0105675985945233
1345.4530943368534,18.04736368972025,12.936335416389632,7.709461148972085,119.87268281789493,0.0,7.33492127850601,0.0007958997554804376,0.0009070867086709772,108.99975452795793,1.0587261031454092,0.03512979322346223,24.562638093049387,0.7344178976354379,3.875600298594021,112.62284855124385,1.0600562167579808
1313.093620917442,17.81110567137743,12.504109213469327,7.965674642400038,168.17732467032303,0.0,6.9104230162469555,0.0007862682047081531,0.0008585584426308276,44.6112409922881,1.0487460289426167,0.03710921517716933,19.473695772899454,1.2289921577752416,2.0553467502525047,210.97474084207303,0.9667469720894623
1137.386356726574,24.09675217848634,13.922818293347179,7.538905968497298,214.16126941627513,0.0,7.435008747211768,0.0005138384578531098,0.0005451424175846596,119.72485647696688,1.068793937145463,0.04248166734183705,18.907596815643917,1.8872576319283714,3.0385370427360163,189.2288412230972,0.9152767656343072
1082.8630174503724,25.717630650318696,17.44042450496233,7.333974304463028,454.11686123297187,346.07778826396486,6.444785387692254,0.0004531489612490139,0.0005170211357147924,117.1937153873421,1.0745168757650165,0.044959478898397756,23.57643816578377,0.734351324015438,1.7761181076981367,52.53020330916722,1.0826509373147999
821.1964390021681,20.67257430136667,15.862109379177406,8.037610168572495,184.26854888555616,0.0,6.578060032604545,0.00042823504609087516,0.0005146451013069396,37.1022029045075,1.0787130333815087,0.03659347398895011,21.04279277997653,0.821011408027477,1.7983129871321057,112.46971856089169,1.0952648598373664
1328.8258388403606,32.514529477119524,12.929093613004843,7.28360224769451,438.67605408489123,210.47029363085147,7.640920515610035,0.0004480238074328173,0.0004908209737013966,75.97239752055873,1.067695117709776,0.043026777552946996,19.984491541662727,1.167284214665993,3.467536961708421,88.10419637659942,1.0223752528818473
1239.8413139333343,20.160541739064257,12.633462816903165,7.078744846611716,140.48679559398877,210.67386598874893,7.500877768730329,0.0006553196271816678,0.0007474447670918148,56.21492276785898,1.0478724568473377,0.035923293495966686,15.460921563025709,1.4757828378851348,3.800331678823741,192.17379321694054,0.9812032308258565
1047.0616080068894,17.887436659073362,16.49746289024048,7.479158243336514,121.06787060672042,344.1989202542811,6.782802324151301,0.0006138605422960311,0.0006202023582841864,86.62203964030034,1.0473227334460373,0.040812881633525123,22.071239802121024,0.549689163684353,2.3529543597128995,120.91407171821491,0.9126024147525418
773.2722365474381,29.93483535310385,15.73962668947044,7.586657726714385,374.6141511923302,0.0,7.188205922660356,0.0002844639871177234,0.00034199542369791437,105.63613662026114,1.0394074307025492,0.03710133205090789,17.654071360988222,1.1159211109284306,2.8639630804464282,210.60189625640203,0.9507493809085397
815.9229023843034,31.890222746603367,12.014505282628324,7.271852765955871,395.0518167286201,0.0,7.718934764954948,0.0002826134196985429,0.00033879939727869966,53.82429435876603,1.0533722901232223,0.04680736987699247,18.188512680603257,0.8787973557426725,1.0000857543237252,200.93772472213618,0.97200536890853
943.0903617601707,32.812362716710425,15.524218207016947,8.242274994362884,340.66567493373907,0.0,6.351857283971537,0.00031785157783091594,0.000363899213321914,36.33727812476366,1.0671874573449842,0.046445057945018686,17.465608397426212,0.8593810060650031,1.0042512649131519,218.51980584421761,1.0210689393413466
905.6149579152259,14.401344502268172,13.139959444488978,7.30087111630863,49.37915134405714,0.0,7.624860348657775,0.000658493362432664,0.0007737839718792321,62.98726843219407,1.032394014172895,0.047321599967380654,19.08636429219403,0.8700630525573385,3.3770030118132306,93.76771696720061,1.0696960699196494
695.5016082809235,15.120898820506337,13.761694231517058,7.1585552562082,84.05414895823968,0.0,6.799032197011747,0.000483818083169916,0.0005499244115912502,47.867198748582965,1.0356718437519825,0.04104436699787259,23.698073803790184,1.4679818312671875,1.255995972900296,98.63937009488075,1.004168089756715
964.1608123738368,22.02768790785671,12.605388880529167,7.8600042891898605,220.52762693104003,91.26396889739145,7.530596831340834,0.0004719081852721848,0.0005263458910482659,93.84535025309208,1.0646280300696416,0.03740130331142579,20.46024099410659,1.5540600383781866,3.804383468095062,85.17576329902977,1.0320304395146904
997.1020402589484,35.15675987945811,17.948308792745813,7.186074324422406,508.525693732745,0.0,6.298071194353929,0.0003145434821153533,0.00030263448085800665,56.55797705496555,1.0427932070024906,0.04631573240082908,23.022509994412598,0.7913888086416139,3.6480606629072865,70.03810218739852,0.9013059072546833
871.3481175092573,26.12932891789472,14.74110887079849,7.363883794675194,415.18052015623465,337.254020956522,6.747526172322224,0.00035940685590240813,0.0004695417281571566,83.88069193878468,1.0575001378542122,0.04141212730612607,24.50875662709284,0.824260560274765,3.4135750147209776,247.28038219289076,1.0094265595143863
946.9876524325712,26.2073656174815,15.701416603520432,7.537892624104087,262.31779424773174,0.0,6.728137115756856,0.00039521893392466576,0.0005395546413661533,39.93771942441684,1.056346903361065,0.03689326339840908,22.13050599240255,1.6747997871887663,3.786142980115341,237.00318502106435,1.0976980996251275
906.5898532890549,18.49352125406444,13.225021096019155,7.356122697240768,80.26382302870861,0.0,6.6875065992953155,0.0005243232075900783,0.0006117436754005595,54.26371507294402,1.038386591249746,0.03527963123621383,16.389162281751176,1.9471564918448723,3.1446173799869195,215.00739730594492,0.9467338952805913
941.1781315366097,35.752755699580234,14.250187836012474,7.849917937692431,413.8645958349637,7.812359388535284,7.369258975780132,0.0002920998566058135,0.0002861580250343924,99.09746878997946,1.074011313701523,0.03941083402926622,17.198946276343875,1.2751616908572838,1.9869338834940256,149.8864930009198,0.8587653367500307
1129.606096977579,14.747759501756548,15.881864148314019,7.182055906372828,43.96065449689215,183.85246311472616,6.550870839502409,0.0007959781591275487,0.0009539958006229091,104.81737842999078,1.0532212324679846,0.04422530086505231,15.311443827256836,1.927453149892962,1.1093092292488276,157.59397346834115,1.0556109713805748
1034.9232807856201,24.54147687960434,16.480360839448867,7.83742281045782,175.3104177673288,81.32414116484574,6.817228369947267,0.0004578754612073095,0.0005584212972802238,79.70115742204278,1.03179001239389,0.0423463406127555,23.354037228659827,1.431291670943141,3.2566561116172608,96.89169610472388,1.1266568673050108
801.7245823074096,27.54735417479372,17.441539957180414,7.150575028118617,424.9810933855503,298.8827101869437,6.220490340215431,0.0003151200577237279,0.0003589441926942202,81.87230429344312,1.0738813166502628,0.04102138557534944,16.776472363862034,0.920219044185919,1.019332909786883,56.25086294207702,1.059655723736137
1266.7120125123051,31.05966465335701,13.485797627092708,7.754119909709803,447.02850642050333,0.0,6.7394196846657985,0.00044992405679369896,0.00046878767244667595,35.06382577548086,1.0665198728820398,0.035181649860765135,23.175733433216244,1.9426128738974389,3.8758747724430993,117.33169488450883,0.9609736399276072
1047.2590980036027,31.150183156519645,13.438973449245129,8.272401298529624,313.01557971420476,0.0,6.666399461994915,0.00037094670147661576,0.00042308293439260536,83.23522108007566,1.0382536809264917,0.04310099261348239,17.283711145837415,0.7878924443864781,1.8699109542349222,152.5092040510054,1.0487069277848893
1004.6077837594146,20.049500959007453,14.418752600632239,8.023006875333243,144.11975144534773,358.18369103592056,6.985414676262644,0.0005299487525566663,0.0004779920045146352,82.61394726648655,1.0699357427915246,0.0499842063080652,23.830412667671006,1.801678276394009,2.2075896584125494,91.86415837832487,0.8453613331320473
1202.9806417719055,17.045989614332132,13.850061664169093,8.230231923247704,115.54854648852991,0.0,7.005621085692821,0.000750004439717904,0.0008394460677331864,49.85850522502423,1.0359208198184817,0.03772010685011135,15.694634514720729,1.8475790608766953,1.6469198139890409,218.21345982759465,1.0051851798498899
1233.1633281886916,35.473844051970474,16.917058612017897,7.709846399389774,256.00519132160343,0.0,6.832378895403391,0.00038569045695656666,0.00037757676719232856,95.20997982991852,1.054202711347865,0.04670500091585944,22.66493605136059,1.0502114951953163,3.3705992231596813,60.24523405713609,0.9413269468775469
1308.5682911057565,24.376288323449508,14.227898875896841,7.206087431554602,293.24637135891624,0.0,6.961222851421463,0.000584782639508817,0.0006817847877658267,41.32484981543716,1.063419537025536,0.03624732831586949,24.25165245640796,0.540739261894237,3.857922161764222,89.77368789486852,1.0938841895775446
1279.1498875606496,17.334086839202286,14.241083360405723,7.481287082376099,111.7405504868266,249.33631195156437,7.0342773054014796,0.0007755470237598848,0.0007739781150557628,77.90724187884373,1.0796357894264743,0.046357140070589706,19.773689490157143,1.8354652916913423,3.8527314580064456,98.91310600658679,0.922936209488376
1168.4938489205904,13.59546498264929,15.015322006976143,8.009244989228968,95.02494563481375,0.0,6.973848949695421,0.0008949087940636235,0.0012305674096734155,38.332690028716925,1.0775661447310634,0.041375356405863754,18.250665381163678,1.2617336547237072,2.909530278400694,230.18236842413157,1.177339377410112
1209.03862946671,30.88287488529708,15.383535418031832,7.171547051246106,272.98041602682076,77.22111465759369,6.505018304341277,0.0004304018843752886,0.0006161025811183484,106.16610087388132,1.0742628450176712,0.04587851685718327,20.949477188691763,1.0172866185698464,2.448236114571804,219.32091602252098,1.2123525004602043
770.2447046619236,32.06150513563388,14.119653443181472,7.86335538857007,534.4040289394646,0.0,6.921390145928987,0.00026541399685674975,0.00034021522520218225,66.22447072658906,1.0765018103898938,0.04463579279867782,24.379228557912192,1.3891767233395327,3.5349350362552494,85.13903367403755,1.1683456387061333
1192.0189888814712,24.814705601309292,12.052467704876182,7.419193011777305,214.0409612822804,0.0,7.7396268705563385,0.0005238628931472277,0.0006300406704026153,116.67341796465702,1.0358281876095747,0.04010843627264245,16.240003340227304,1.9099410922078974,2.592490678745604,139.54716055649322,1.0820710441611319
845.9681809251294,19.983785571188037,16.41226541256904,8.192850081339802,234.5260363224844,125.24653260584272,7.162372089444327,0.00045257457980032485,0.0004673079314338236,70.47988094196276,1.0324528673838638,0.04759502775625273,21.7243202333786,1.6300845791922303,3.6465434244000567,104.44611525109708,0.94231691777965
848.5962150534375,27.15265470582771,12.688303021015033,7.455619717935299,228.13813454781027,79.25815464809698,7.267469838462305,0.000341352710766153,0.00042488712733510273,99.73457798071165,1.0355707100681633,0.041880715002547766,19.143331145171565,1.4187688488003567,2.8533624081911833,235.83684627857173,0.9763805946867482
741.4625102178146,35.482772260138134,17.125678698741257,7.419268522577356,537.8866147356558,0.0,6.419147963199255,0.00023184525356452466,0.0003176122121745215,75.24408142648586,1.0640874171316876,0.04977838590987542,23.879797048838245,1.7312307661906623,3.555999463758244,202.28617881372034,1.0810675476115632
956.7952224522753,25.036349809127522,13.481411954838537,7.35389343751935,233.62475268449705,0.0,7.508170566737249,0.0004169582389935377,0.00045404736852863573,34.444000173935855,1.0321866657776793,0.046612403457343445,16.499647473667917,1.4046102822196471,3.468811363535317,58.366979014859055,1.0309314007597263
663.4648354408654,30.464664361105314,13.533775643763493,7.701840179169048,286.739158204113,0.0,7.188629029352698,0.0002400418167836773,0.0002666975658499868,58.623364052933724,1.0400602017600749,0.03527270433444464,22.672190169074668,1.1223519419079528,2.200957192842633,121.46711688683082,0.9500848153146076
1159.1300786642132,32.933481482699094,15.211907815956957,8.238426749065077,394.3271224105964,319.794366096147,6.428186757498449,0.0003843680629760485,0.00037338146136711026,82.84678361901035,1.032498226592625,0.04638110747053806,20.413176300929404,1.8309923544835935,1.4208671994543702,55.350853220207206,0.9812421376044798
1230.0238801214384,29.678193164959566,17.444396353113138,7.702499862496615,406.0414633097021,7.354489184297594,6.2358945012520755,0.00045604692853313644,0.0004763653528011602,101.37705749031429,1.0613843918773036,0.04374975174950082,21.138065519252862,1.233481820446678,2.399550106289774,158.458567087785,0.9359776032506703
1251.3775477609952,22.650386477384163,14.283433295357984,7.963822026841777,250.84931883071098,0.0,7.1604663895029415,0.0005991747248360988,0.0006371491885563824,35.75716911406727,1.0637833439314341,0.04858661829007225,19.985490119362524,1.47228308200476,1.173565420713937,107.90376958220867,1.0314534906440997
748.2546268771608,14.6362197695735,14.882860154967627,7.676672769572809,118.8009236667675,171.99083331201206,6.555737168686383,0.000531243633545069,0.0006960530981943596,75.78943061764775,1.0415403054450314,0.04395482934221744,18.962517774211296,0.944344046369324,2.3671695668379225,247.91848493450166,0.9939692926978002
1146.7653909548835,28.110204130185735,14.488475065547089,7.107621741749705,413.1322618969356,78.77296984301158,7.0165229070787385,0.0004463816638450863,0.0005820644589453172,99.66461198616821,1.0424785819655342,0.04424078402553368,17.12352727109318,1.5632792516030976,2.4132810489919936,202.25366814705623,1.107932023373133
1300.192138341272,31.618895216756933,12.672660142199277,7.762629607537564,176.68960531120536,0.0,7.7661537935015375,0.00045403248600574947,0.000522555464478482,49.553933063599224,1.0787761765262769,0.044143195370442076,21.622868449901738,1.8730020673494623,3.712077732391906,125.4564111773962,1.0590038335834144
675.9843797624189,35.034342511152374,13.729591095319009,7.77263159802963,383.4636469161447,0.0,7.127283122415573,0.0002139876431891063,0.00026815212490317566,61.09536219830656,1.0516323569960497,0.03833518144234406,19.601821019545323,1.0687459448327756,2.8487355246024375,205.00468558661265,0.9711791337959651
798.4408687469088,13.959235313512426,17.500518885346565,7.77510312176288,34.00482633287528,0.0,6.500745563383648,0.0005970497873244411,0.0008391004833120224,55.85474039894493,1.0434644886664526,0.04224989068335956,24.280834574639826,1.731504486617635,2.5062707433221254,225.08190314649573,1.1167902196245818
856.3295757207421,12.955522840193192,17.636473682136803,7.388046798493654,38.42239695060451,199.19012787288136,6.803613531364147,0.0006772561817965311,0.0007178831165680107,96.67310750873926,1.0636937050423128,0.048124810299957174,16.704574010473106,1.9484390134549594,2.3485005261959646,238.95458625001794,0.8312880390405964
1007.4240020071119,26.54217818597559,13.52999642653502,7.346895170243782,354.569689103639,252.12896878028928,7.165770206273947,0.00041097072488227923,0.0004125484554482916,55.832060995849496,1.065978290972145,0.03738950001609469,15.744792800877894,1.4153053993638605,3.735083522945226,119.76598834509072,0.8906985663690137
781.9445145218256,31.504743518099215,17.52063323108252,7.428009327449862,258.9568748104552,0.0,6.854101794459022,0.0002739598559523493,0.00029900647492694867,111.7318450144084,1.0561057644551621,0.04081499860045092,21.752597872524756,1.1013305878432025,1.0216829823843465,126.38221216279662,0.9526585116114785
1067.242332915697,11.98589880882901,12.094841363294876,7.040145919246234,17.869466755152104,0.0,6.870334914350704,0.0009149853334360862,0.0010957436238855792,104.8329155737359,1.0343969615326019,0.046707510543060424,23.060473184339486,1.0435155954160376,3.535505810352761,161.01956679730517,1.0430732552995325
915.5944559445988,25.964829367817444,16.311847642041222,7.209484986767174,296.1377151695733,87.07813436198181,7.039778734014288,0.0003840290692947381,0.0005028019658777906,79.36982925915714,1.042993662329847,0.04819611410992472,21.520882992719855,0.593672545774871,2.451446896371786,116.31951766042306,1.1634380104324191
1157.675938121396,16.925871287886565,12.1539033363369,7.373095592117046,106.89689617918357,0.0,7.021911589326386,0.0007265068223364381,0.0008208723436064636,117.99839049881814,1.070028148967091,0.03763625298332243,19.711242310317495,1.0557706299984702,2.4459629045499374,76.7729444638202,1.0655014026507301
1061.370504281298,35.97945429355264,14.556294507208076,7.665947209353678,693.6767086456213,0.0,6.698372870435253,0.00032750528720754173,0.00040170495750862557,58.69031643169422,1.0438956712501815,0.03899756675512972,15.884485282956431,1.0039420566973607,1.773995329704549,225.8348142991113,1.0233390966744365
1181.9398071662185,19.395843798781385,14.47647582383437,8.185017285547568,178.59442359632806,91.69484681445532,7.056944315045777,0.0006511540540576485,0.0007116816402029701,31.126430733383444,1.03800294277388,0.04617741409205538,15.777761884456869,0.9955656775365327,2.417222113236111,160.2674227555516,0.998706309499232
839.6533364263095,12.130906500850047,14.609682906880817,7.911151905730353,32.64959879626447,0.0,7.150678437594539,0.0007121362324923439,0.0006636646532932252,91.26214943240149,1.0439571050814422,0.04633761539518269,19.389734683831655,1.098787075754566,1.259670186520321,109.93202985784941,0.8669012948785576
1198.0995507690313,30.34982213614129,17.64703996848408,7.670810775081782,615.295376537829,114.58363655500067,6.210123640359318,0.00043293554083711854,0.000429782499177085,103.18446374995752,1.0674455552607787,0.03916985585590954,23.987463439012117,0.8793909863340998,3.5946876568012813,53.49456993763768,0.9528028684651366
1219.5471548688888,17.818581674409522,14.113527639434114,7.931698413682412,114.53138303994976,423.1587394729962,7.342060056243978,0.0007147787128209784,0.0009318213897684351,114.7293308213537,1.0754946632732854,0.03691892526957331,16.744170287185256,1.677850228123005,2.9372800589993,239.88610765203958,1.0897517731370716
1209.6907251642524,20.89685486940623,12.108441172547554,7.57778568903664,189.88923910916,0.0,7.359760685927656,0.0006245931625520701,0.0006810570000348575,45.20953543874672,1.07372509492239,0.03624859423953351,21.945054271965667,1.25350010358604,3.9003401212530178,83.4318122228272,1.0258784312347293
701.2541615961757,13.394129374804372,12.662030633051577,7.061483392975218,38.07062816540376,0.0,7.54485015265123,0.0005443758321232418,0.0006173802165250584,33.12057612900137,1.0744641291625934,0.048802031514810426,22.68533072224503,1.6394219873418219,3.272469274507435,136.09710418853115,0.953197667096719
1384.1049604801208,18.602808966347098,16.495599863195963,7.892400996566725,159.3864227859304,0.0,6.5507070698372525,0.0007960420810748896,0.000904967804564358,83.1614650963305,1.0747531965291706,0.04936474703323479,23.10479017672815,0.6641592841428711,1.8557817083419352,244.60269862912088,0.9969329486062248
1096.8000757786106,13.465863082664846,12.7710258730396,7.916966148976822,71.59473120264668,0.0,7.119773239592271,0.0008473499224492017,0.0008283707347567575,65.82090873903755,1.078432616703985,0.035224599223017045,21.984952352469072,1.8328222566415653,1.4467434689757896,78.04119821754256,0.9480961286660822
859.864242083305,16.691214861925452,12.352250566248728,7.851891384212733,168.92317566359438,253.7614150407212,7.373276057258795,0.0005395765420853267,0.0005300585333824438,50.760455812846274,1.0724375385454472,0.04077645686555561,21.144167643712148,0.850667685802741,3.8894202416083226,131.2458680214586,0.8567445798471525
985.7582214298726,25.04675126110454,13.172164418447105,8.108199648042152,263.89308657989335,0.0,7.36322838958673,0.0004294156606997573,0.0004605493692351328,90.16864315227674,1.0613280896390929,0.039284351785950015,21.925179135580642,0.9440154516744035,3.1437768459021567,116.76363879782757,0.9814541806443565
1050.6940086259906,17.773069391922796,17.86657519049147,8.016204975219075,106.9087936565336,0.0,6.741167333060421,0.0006302553862769505,0.0006285637533311204,77.12458262468417,1.0449792851393234,0.04141047255019896,19.83645797243679,1.5269240071857408,2.152967728373327,88.17710856509265,0.9491327728260825
1050.8248021299376,27.35430356962249,14.667762896095077,8.077648941399291,246.1315979102558,0.0,6.79811333433794,0.000421143046608114,0.0004306829808387136,85.1654058606588,1.0798983976123295,0.04307292738321714,20.37893189973728,1.7096627674477451,3.6813213399097484,159.56273483768433,0.9043578793265464
840.9116907392124,33.42938331767516,12.888597712799028,7.059808989612646,278.03974953278777,0.0,7.369360002860338,0.0002784313409986768,0.0003474520500859522,113.01893471320932,1.0409649241153638,0.04220282971934787,23.89023762099079,1.5013112550678167,1.8289038247083347,229.83665219526912,0.9832456430974457
854.1422167204397,24.986702412196443,15.950886477301399,8.29981266591023,275.54572324856923,0.0,6.531443178826001,0.0003728894568427254,0.00036938200756672727,107.37479218129536,1.0459433872233124,0.043513177487572774,23.08470447231136,1.324295444228887,1.6935146107917585,80.82357447679544,0.973779711393794
930.8714093531408,10.745668594994479,14.265945307036912,7.764788285957768,38.20285987329271,14.324973440716834,7.225110232647009,0.0008780373783072711,0.0009695898561607031,45.92567551896636,1.0682533316696108,0.04293044119540607,15.91036610118698,0.876052464766254,1.5846512413720193,113.29903929466798,1.0116128482124462
1255.5595101208792,34.95484971068004,15.316824402347423,7.770709090378701,212.84833367151313,0.0,6.766217251948434,0.0003983046683139717,0.00046569443576169024,35.758138574159986,1.05197878019995,0.0430653653146247,18.3479466333733,0.6947911957220335,2.7353417006059524,228.84114687182077,1.0002943985352095
988.3314709208345,15.143424734326533,17.975946218424102,7.7971684579034735,43.613889621501656,340.50028907552826,6.870417288341648,0.0006743104820244009,0.0007676704604049545,88.19765834960185,1.0320989156619171,0.048539240828456995,17.657712172772072,0.9169957333765785,3.7398837392589956,139.20676421982702,1.0130001923964977
678.055159093662,18.999974140636994,16.194708437637253,7.351095682698137,235.73449142411926,322.44295388600494,6.949348995681647,0.00037649363759212795,0.0004025402123094419,30.91143738705338,1.0574633965694038,0.039190979851530985,15.189165738273035,0.8136178764359485,2.044612174271366,57.67289168791798,0.9800938850024136
999.8192674173381,23.68932063496584,15.209353115424635,7.393872446762445,149.3726206194846,0.0,6.462227692206152,0.00045897334378750904,0.0004788840751564282,48.829198638409764,1.0739244581773302,0.037883314528968766,15.364284571764172,1.3171069683809484,1.4846275756700882,118.44721061569273,0.9407550372129863
804.6601045497599,26.08911017497226,17.98990669703086,8.139942218732308,316.02989475402,0.0,6.603641436965661,0.00033722970527630625,0.00042154161932211366,112.56216205501201,1.0561857104173311,0.04784972543526807,19.218000721765783,1.5770646285915941,3.7247142306051764,234.33494229902465,0.9899777836190046
657.6568464166799,18.894100695723907,15.03386509384677,7.7804193817730845,105.0180265676402,13.600465636219434,6.786093907787802,0.0003726144740980815,0.00046024131885802577,65.14655698606808,1.0683546722238566,0.042367049258768434,17.238667047402355,1.5011022483301635,3.615509304003773,164.60889062277738,0.9974388548126262
1408.1293682158002,21.452154532077145,14.71713779836661,8.248596988359942,253.3120515974777,0.0,6.77871678321289,0.000709404253499383,0.0008525525173878725,95.87290198710609,1.0399401361546126,0.036369784578060754,24.895820412334288,0.8744454131337147,2.098598916867716,243.8446893754081,1.0780356250116139
876.5145326899969,26.297365180999286,17.103663027639303,7.270906341200599,366.75584697915156,0.0,6.326831987884602,0.0003646045007229775,0.00038971221978554074,89.26643513033318,1.0691071064576432,0.04592083202718756,17.893235811408037,1.3071538381332908,2.3762254935963094,62.640686066137306,1.0018545961061238
1066.1722933171852,21.885280505356477,17.748421970166717,7.761095587380588,219.32033077058117,381.1308880592612,6.695224522545149,0.0005179456889974636,0.0005208157195577056,40.0690537416711,1.0464759487000037,0.043461499805490175,18.014042267569337,1.8581746039614682,1.6595266233711108,75.56946911821332,0.9444690038335767
926.6794199884303,17.36750931920087,16.316871833237812,7.780001396113887,159.859152243694,243.05687502814786,7.048533455446747,0.0005609839313876159,0.0007360488097325576,96.99416273865411,1.0478462283581151,0.04572742053452453,15.236845850556177,1.3453231889845263,2.2464404746209476,222.90317389721002,1.0652186935951293
689.5504369732457,20.679280131846177,14.191334926138037,7.048111951411563,189.04428662772662,452.9592854789005,6.979628409192632,0.00035192184834555596,0.00040170853625654326,97.7275305489486,1.0669844931811274,0.038971796332523456,21.953304864867356,0.796396012516219,2.6230510913487506,92.7723076784027,0.99554276215058
1348.8877129450475,20.003787200115532,14.415898006852235,7.81386749206933,205.6730029812133,0.0,6.99719452679858,0.0007253210530374772,0.000812117495986247,31.292599070493083,1.0580138765290503,0.04828826470619809,24.88430464949449,1.7197482266957633,2.5229030710508025,96.70868592833946,1.0659600250119614
1375.9414738654234,17.590823611205252,12.05329101242123,7.499641018983543,222.8078805462623,315.5621372631008,7.214260494676326,0.0008204225514140032,0.0010771031648706636,116.14431676265875,1.0516168164469937,0.0376870940920812,22.822448977424663,0.9510038753159809,3.7467121644853316,138.92111546050805,1.1858839424024337
793.0446537225074,25.61801820927581,13.43859491108474,7.558974343368643,385.94404355428753,102.87173194290595,7.472789750101746,0.000336674659678458,0.00043853954042054013,39.27443718722219,1.0477722784744241,0.0471056142543928,23.572148781572484,1.877815010423557,1.7926779396459291,186.7238527333787,1.064566551054018
973.201632366754,23.318754983017023,16.661518184002787,7.241247156650743,193.12501783683578,0.0,7.121928266518263,0.00045339784685851715,0.0004306154848256181,72.75579047986575,1.045555267505534,0.03951309364211617,15.521831419708915,1.6189226870554787,3.8096800232217447,54.47354949505541,0.9013756975718464
938.6925011431383,20.699738647876657,14.933489003815293,7.772908559321045,146.7801212135291,0.0,6.871425349433193,0.000488925133452764,0.0005076112198532051,73.32940248149336,1.0739093688018617,0.04794602503370633,16.04393417481781,0.7665562263637302,3.0105170601168982,125.8199209921365,0.9266964005068585
778.0948200942681,28.445126187823696,17.139012784691452,7.875390370685224,307.48092859093197,404.4665524947793,6.546720867699941,0.0002954016535414681,0.00035224236222694127,72.34170630505345,1.0589330292146657,0.047439741957529404,17.924842162328424,0.6409748521961252,3.9488184170297114,111.83873551997374,1.0399096901229752
1162.7719739485892,31.12644361981017,16.020622390469654,8.159619477858763,354.80300622411414,316.72090198486006,6.457561266197231,0.0004068584088217356,0.000398615120705292,119.3862074839547,1.0685162687309622,0.04693224784562837,19.160066440802694,0.9525923899104166,3.8363064822683546,153.2992208297457,0.8741125665212865
1256.3929355765572,26.8700021904968,15.396675438254317,8.09434792935356,307.65645278433954,0.0,6.639475640047746,0.0005121092033967197,0.000567513929586403,45.631823689697356,1.0777474887075715,0.045561452393768055,16.580280041537172,1.9178621505740359,3.6972367440213665,220.50470420957953,0.9607759996221951
1239.0450576895446,18.87082687322117,16.835006827710245,8.274251222037767,127.56069886945967,0.0,6.535961851917622,0.000703232274641235,0.0007060212425803906,102.70125230612143,1.052684117223904,0.046739158502057024,15.325649824967718,1.9751498133004954,1.3383102239529543,98.96742523816044,1.01507642499256
1173.3460216091084,34.352930939590124,14.987017196933767,8.268560385779521,526.9490259782604,0.0,6.826098560527611,0.0003784734203598738,0.0003699978656963285,109.1019213788575,1.065779542934117,0.046948701800123796,20.161644765794527,1.338988053143876,3.9381786554484792,54.799876988462046,0.9585987599921408
661.6075382875578,12.709564963688567,16.003389818184672,7.910742225760477,39.09484893772159,347.0010410752248,6.43786107618574,0.0005279388655781037,0.0005324101550023464,43.001577966846604,1.0336110564900634,0.045876636267769666,24.88024254448009,0.7267043642555062,3.6042225644333503,86.67563727066177,0.9310848688988306
826.6267874260566,30.944042246265873,14.93855930795951,7.364957493154755,419.9360040550803,0.0,6.7797275003439825,0.0002946429793089863,0.00036859093281953203,30.232427180051083,1.0548435360086834,0.036422749600964685,19.06874000085709,1.242092331322718,1.7887270484702213,221.6303100615853,0.9931918224087246
1048.359681174652,20.953192630185335,14.11522285159623,7.7022006908971665,191.96259573312346,0.0,6.606744258746135,0.0005398998843822926,0.0005776585434564308,53.26445263316727,1.0639737153092754,0.04063623801648434,16.79404715769035,1.7960349952900385,1.2131167902771955,139.20745102311713,0.967160347549121
1194.809982748453,20.315027256621505,16.59007263113433,7.108554738640521,216.10815159056654,0.0,6.4651937856195145,0.0006332555262051536,0.000650629723680552,33.97624360938052,1.067913456982756,0.04812562382796177,17.367783887861982,1.3566594276151955,2.2436104853795396,94.41390479028924,0.9563323091998777
948.6375817940333,31.922927153200714,12.426861514111383,7.736114794592858,276.0707255138997,0.0,7.487263535385343,0.0003282574971199605,0.0003586373838196319,36.09064360748223,1.0609305778382374,0.035333185155463284,16.719738172474305,0.6235662814649134,3.3407117592290962,56.166449184274825,1.0392588676063859
997.5295779209366,27.037729784779554,17.86307216699184,7.3972771044904535,489.00630116888584,252.28326027634154,6.8690938481550265,0.0003998356358324322,0.0004554980240379056,104.53850652771493,1.0537394373180746,0.03762687745662999,15.1926380276972,1.3018049251342683,1.832334090033747,199.07848859606437,0.9458561719610322
1302.079493299746,35.32071375098248,17.76485204473942,7.697404011259339,481.21912949561715,0.0,6.245147343120312,0.00040892533002888853,0.00043345605500110077,32.33226516814557,1.0765482903735275,0.047413514539491525,21.49898930296274,1.9823272096071411,1.5725730063531023,135.20936051729822,0.9783868060825618
666.3195471861759,32.82857015481274,16.982376391087243,7.97510178300846,471.5110720499996,0.0,6.8038281243646574,0.00022445380834405472,0.00031083110360630644,53.89308279022892,1.0388774244144443,0.048114105868138066,22.01727674984189,0.6331751777952106,1.6705906192289297,200.096975000887,1.1015762989659792
856.962189799318,13.023004301757112,14.804984323798992,7.078822250684937,53.459972793856835,0.0,6.672768425752423,0.0006821834298018495,0.0008110821337220201,36.94355291828776,1.0644322101874597,0.04665585324564137,24.69914242460636,0.8954419750617866,2.177093908838046,101.21582184717326,1.0690565892195083
873.5695531507065,23.082019530740858,14.699899892275152,8.138872997723757,319.8227589570305,0.0,7.399053247754575,0.000410927354770534,0.00047034440090876217,42.736861037233446,1.049565589461881,0.045140299846648496,18.901555218714865,1.73030931554174,1.9874506003946542,170.71447227327798,0.9994241993632264
1420.3848796116727,29.957831172271188,14.414630868326032,7.049270421715153,447.5863524007438,400.2503397777493,6.749516888779478,0.000513619000512622,0.000584602554869293,78.75702626949868,1.0306866235149017,0.04343284756744796,16.179773422732502,1.5872892076894585,3.9818854968108037,202.64514581534453,0.9819254952141838
825.0230935459695,12.146500871257361,14.755610439075152,7.636894146493337,30.335199642029373,38.53810821622741,6.501894549427988,0.0006973999089649734,0.0008721868694417062,111.7558450059345,1.0798310675914011,0.03888574850434963,16.199098982613624,1.8968904973653098,1.8364389070470808,202.674127335859,1.0185149142262666
684.6540406729508,24.104443349357467,13.330365053023424,7.283967223312595,237.0855887773647,309.1973979079776,7.6323524952199415,0.00030499192240363097,0.0004235158972947472,108.41022961816046,1.068595402646179,0.04048603566819059,19.829903849295533,0.7060618754136991,1.5190366213306075,248.58782273024934,1.0159257730764153
972.0091525473822,35.81273184254753,16.794637881943835,7.050732951826264,265.2201175281933,0.0,6.497560540686698,0.0003012514774608971,0.0002845665877085868,40.20410854926804,1.0724530481602377,0.038890644186796684,22.68384053538422,1.2746649202523623,2.235345449713864,51.43509789646126,0.8996776977898336
1153.333456073917,16.214102248564323,17.28638308868986,7.6236283471060515,110.71463393319569,360.41394613597595,6.300001924964957,0.00073892650397391,0.0008041512506686895,104.90708628809149,1.0355566989356515,0.0415469421767824,15.724404865926026,1.330325064228969,3.7617095235063465,177.26200299904667,0.937633890654337
767.3587001664475,13.036607217858926,15.00430888454263,7.34057777780573,40.79974721183301,199.58424103413793,6.863670190869401,0.0006035811662675223,0.0007436024811740112,108.15451065770475,1.0711130788922185,0.04400382361106288,23.05263779865583,1.3765384028050716,1.5676567970551658,109.86350120409456,1.0899539995111216
1301.2825696213367,17.5249620259839,17.11787810721975,7.104008019201066,116.70563026061797,326.95422053310904,6.919613618563666,0.0007779840705110155,0.0008490965326473222,52.40493622694025,1.0522570590192242,0.042302253580352195,17.086170930529523,0.7257284402006845,1.709786681709681,232.9165014657083,0.9238929760322441
800.8430003863193,18.952777124397933,13.749853143448012,8.071753930398044,318.20074056889365,0.0,6.998203170891898,0.0004527577490593686,0.0005339334974925476,48.674935756457536,1.044099231723933,0.04999014340728565,15.553292488989964,1.4998172840381083,1.6919876417786863,67.81203023638398,1.138500589413868
1195.9292702260861,17.430140694035497,17.157269146239297,7.319200638321598,72.42760237987243,0.0,6.552444055102856,0.0007303873826387967,0.0008372836746917262,62.87271029954904,1.0578020902649454,0.047598705363799954,16.418316090005565,1.9201029705280028,2.7841145756837875,110.5504872193159,1.0545580409637443
773.886629177416,21.234297914636993,17.839570462228373,8.219679576851613,200.5281020758738,128.83315017027888,6.6362673354278705,0.0003912104631985039,0.0004010201142309956,100.11600771683038,1.0724862551384238,0.04362031289125357,21.558251395662182,0.9880532502336246,1.6761194595920472,71.60090528411763,0.9957727175760557
1333.9821786858552,31.668634278197512,16.02256937628583,7.7912577843494475,562.6595187984861,0.0,6.296893574736037,0.0004650836474256415,0.0005206126392567474,119.2314259317582,1.0771358006071756,0.03700674064975672,15.521656046302128,1.9148866593148717,3.0733374365393504,233.31240782491477,0.9610712301503439
804.6273040875333,23.451951781319423,17.777038686154356,7.461737319446721,318.10499311345205,260.2123636755712,6.881353219896502,0.00036850756919846404,0.0004743667030560314,78.57746508001696,1.055321500361938,0.0390355868774648,20.38235614143637,1.2907316772924167,3.015885124508017,217.8337345713428,1.008016716079078
1216.9972143933373,25.32067428205191,16.35641535447888,7.078750251531139,396.27849504745444,0.0,6.908540406404054,0.0005246775112084599,0.0006258568131543973,66.46536641190285,1.0676676654351132,0.0367721054985346,24.51321707397735,1.6709734581556874,1.5424540542208869,152.7186277543294,1.0644401222676017
1300.5039602068607,12.83493550741171,16.160660860782997,8.112100401580317,28.09884896077853,318.1816846557535,6.821753289867489,0.0010303925729424834,0.0011426641091826944,62.560818072707036,1.0716703671269,0.03789261312119895,19.34407610855701,1.592315702815734,2.1053883706075807,148.57673602326628,1.0363785283035956
846.3483101455405,11.684924944189667,14.838399262214992,7.1414329712401265,19.16932565014082,251.0061777920905,6.792705702238741,0.0007314601190205647,0.0010372870932513396,70.40678253410064,1.0622310066280392,0.04052729803968385,24.442058934553017,1.7361005123654338,3.9725337269729786,239.0653608028488,1.1116054165291944
720.2186709295388,34.725914887325764,12.359055016178296,8.009137566131118,523.4543439419359,0.0,7.826590159845025,0.00022993927051628862,0.0002881746570665171,51.95867918324042,1.079364647896539,0.03723434012598079,17.417522524714318,1.8145761291465228,1.741568523006023,173.04568141877292,1.0378918970340165
1104.0179004253139,19.024484341434558,12.751655469456379,7.687134669546122,142.9744912018561,96.96284755253298,6.830443528175834,0.0006190877364288297,0.000627236319043261,93.46289476232917,1.0529416294882563,0.0379461169659254,22.00468413195832,1.268262384489287,1.4448186034159143,95.68019130038371,0.9489002474515884
1036.2383556232269,34.63062106258562,16.966741632895715,7.592251276371253,726.591852652375,346.8234866864428,6.153064616018963,0.00032719028972876256,0.0003761312551179694,82.4020782679973,1.0350926813468306,0.04983043769068285,24.59491465695471,0.8545270513844372,3.5128202402916493,96.86295431715939,1.0454146526656038
1020.9106970375773,18.72632017826797,13.089643564398395,7.104761085019353,161.43165939367782,155.10136696544095,7.309964287569465,0.0005792558761942692,0.0006843614606003439,61.35115500669929,1.0523032638974805,0.04213342260851817,17.632542973819923,0.924479654972036,3.6944332036830065,111.6846491753067,1.0618333567995297
1255.8781642886638,26.628980745093354,16.11820419872941,7.546351876381991,315.8723841121972,0.0,6.90987580971791,0.0005162710359079474,0.0005337617158682188,93.4516481805628,1.0562716968682468,0.03697806672260974,24.08260022758811,0.7598439284398286,2.2091228552336344,64.36454199750517,0.9920095816414709
1008.2993056179431,27.199723039487267,12.960623517331388,7.021417045731859,352.1157475965774,0.0,6.876228230807232,0.00040629698826493354,0.0004393326350539135,100.28004397524857,1.0679320194334694,0.047926590828708225,23.946607706516268,0.5459500255150904,1.9637596877674144,167.81539009042393,0.9300440069687974
1034.6904335646782,12.339765800118464,16.531113148988503,7.992105985883504,29.424066451970937,0.0,7.007811473831402,0.0008642407613388634,0.0008697628530127238,46.80196475338135,1.0715510902293357,0.042077244876746515,23.92141097270417,1.9544649309342215,3.6375476042757944,97.65114028038823,0.9398754432890828
1027.0915903221762,11.844382528004056,17.73423815786797,7.919323580437903,26.532638755292563,0.0,6.452292858786919,0.0008896731718183018,0.0009848326038866065,65.08166917529968,1.032229026174487,0.04914285087390813,19.033300003089096,1.483464318700852,1.2197647639709965,122.05762752383065,1.0460939222894956
1001.6695639853156,21.48481267400434,15.709413590988333,7.176768642392779,165.18268984149805,144.0637874540768,6.642465532261979,0.0005005423024907211,0.0005292307106532309,86.14567566375624,1.0418715350724064,0.04490118605242238,15.341642399433617,0.9220387220305297,2.757157624622106,132.90322758149344,0.9316243980948435
963.6563591797951,13.30935956364112,12.233334622124335,7.662442276218589,49.441736805751034,148.4871389797842,7.583342486898312,0.0007462603998370618,0.0010010865938399804,97.14479896516163,1.0377902199007116,0.04481660809586588,17.806246936602818,1.0435243562332541,1.865515835307321,177.9634152746942,1.1524720610041306
773.183499102418,17.691566009269714,16.42214434890137,7.231458530735718,113.86926008020127,0.0,6.608581991664226,0.00046578914298449326,0.0005981291340028002,35.93967858717985,1.075419931935113,0.047202246583217505,18.98369030168045,0.8036643036104212,3.828642090150061,165.08884965466166,1.0620419998421695
877.7515902774005,15.09223852984487,14.855089773081534,7.925659836491,89.87075600398262,212.79327646542438,6.599045246935697,0.0006048250801359215,0.0006029048322246307,39.54994686889465,1.0350712342910557,0.036119946833778414,18.138746609883775,1.9259275571544636,2.668473550013065,145.328893826836,0.8656218770679667
854.0856385200564,18.13646769047385,17.194693583791647,7.24571767429758,91.50760332810185,0.0,6.520466534140395,0.0005028582117658282,0.0005637479882148112,100.01439051927846,1.0734030728004347,0.043006964383134415,21.85304157307521,1.9009771418386787,2.1351114533182054,195.42872418034406,0.9171391971214262
841.0843007398423,21.854353517064304,12.89369481036752,7.224608753891148,133.7651268286957,0.0,6.771420341937557,0.0004164636331010323,0.0005028098645811115,98.32328990040308,1.0395998823126122,0.047252509572905915,21.50513601541352,1.0688178953635221,2.518913195527644,173.10719511429,1.0055715089424198
1257.0376459552162,18.094627799542288,13.683993287508962,7.369662197450574,159.78108016007275,0.0,6.923287363731057,0.0007417843877685829,0.0007398066385560804,48.95968800597774,1.0733650611733354,0.03538261936943495,17.170704284533507,1.8872179286762811,2.450915789396442,136.6182536179798,0.904270174125593
736.7214541585631,18.721460361420363,17.515273642744262,8.26304988031636,161.5187501500113,0.0,6.619458045866743,0.000421208467776065,0.0005349631965508962,65.01637589065638,1.055391697880002,0.04536374391084781,19.765391995806592,0.6750678388173963,3.8020443949297134,241.59604949164014,0.9879271035827336
807.8170265670651,22.635202775510734,17.023378500328093,8.06400635570699,167.67344669163165,0.0,6.2161465598595385,0.00038699751244405516,0.0004797958091182631,91.34458240603384,1.0700998144271443,0.042766211255977,23.579913980475688,1.561076034225891,1.1677674269276173,185.9790675813477,1.0741399183756857
1057.5498667401769,27.750948900663627,17.454709176433724,7.524212524599478,298.2812265368801,0.0,6.490533419682045,0.0004180520564082505,0.00046594941665891327,75.7770885166606,1.077624879735566,0.038191941340706144,21.366716842093272,0.8865388463333748,2.8194763836644494,69.65119686435912,1.0521738247069263
891.1572573961312,11.092009304089121,15.123818543831327,8.032790408892852,18.716973008697614,0.0,6.871365353176224,0.0008181287826840446,0.0008636406987375939,100.32140731687319,1.0793631836332602,0.03809117281335011,22.475755922808418,1.8684802162852163,3.2026451138297207,161.55675812330946,0.9163395539914043
834.8466516187126,35.935238098713,16.04621375507959,7.469883557866225,803.7416929639189,0.0,6.305852982341315,0.00025789930864656254,0.000301079992459255,48.565326679164755,1.0340904822685177,0.04978599850705799,23.28899391762756,0.6482232859454098,1.8639755484064102,92.03201244599572,1.0619088054673076
938.491991365503,21.20094538195093,17.597173444381692,7.243884251951079,123.41665959783847,0.0,6.261415206795895,0.0004779831626701068,0.0005948826229021425,67.83696854318042,1.0741322554798594,0.048532249770463325,20.273105999639917,1.0718889172831683,2.388558354211072,145.52106256554663,1.0827982582778162
1038.572544492566,33.99875799941195,15.959632268325485,8.166207090732385,728.7160089646015,0.0,6.3278239224255275,0.0003383311145464548,0.0003424488328978692,59.59487347997208,1.0672515953654786,0.04861238257716975,22.209465669010477,1.616199805389147,1.9396428202200933,125.59619024950182,0.9442919122121745
1172.6327137322196,10.18831323122886,12.524454486154351,7.047638889982173,20.03495713670671,379.59856660864534,7.329523938455048,0.0011336863552841275,0.0012068565989719765,105.34755094646317,1.047731116223923,0.03615736080979214,20.57958629210132,0.7717658303484598,1.927609992230063,55.84261040345593,1.051490622674804
1404.3887937536997,11.49464979967886,12.929004084668716,8.031076091987687,29.100952105200506,0.0,7.384660956595422,0.001249489026555172,0.001216313505205165,59.72352839662308,1.0404041183293469,0.04533172317818447,17.022727938257205,1.5005690287057443,1.4758397534505636,113.82562815765829,0.9514417863690524
1311.3529958469908,12.577684669694019,12.01580233934825,8.247726105394532,33.6680263728633,0.0,6.873238523791071,0.0010770303766875007,0.0010855542966389676,95.4215011440698,1.062500791412235,0.04275881966045257,15.667171257267917,1.5578240982606937,3.3321247867461823,212.99937622587217,0.8989304794841056
982.5340876159202,33.73123621903716,12.6681768235497,7.109438446950045,384.55125347812333,4.073885969182757,7.3542100449061945,0.0003224866175595076,0.0003890941991965395,69.24403663824158,1.0648551259487788,0.03604188882964027,20.260940044944967,1.800717526810397,1.430017204051027,100.02214737273864,1.0994087577196963
999.3736168000568,20.712578237245793,12.16329517064267,8.117041899952353,249.21253093794226,0.0,7.750066291500733,0.0005202790655818119,0.0006033550456709105,46.269160268203734,1.036817347789242,0.04683636073106186,23.052007146852695,1.9615639865540737,3.4261988170342064,87.88287751548758,1.0953092976977725
971.424968893302,32.00602491791658,14.308794623476437,8.014120200576508,509.53875949226295,143.39803354162515,6.561965237445177,0.00033336110782078275,0.00031954285979696504,86.4846771931084,1.0664450526710696,0.036727297171883465,23.68515846378233,0.7276516344650401,1.7576645246348872,58.11424747735461,0.9276010394595225
833.8904178900584,28.060339317888232,15.699884076625748,7.055082270331504,298.3045741762826,0.0,6.892793379123727,0.00032621032422707337,0.0003029664554077037,44.37489991146328,1.0576274871346807,0.04681326700721702,22.812008411298187,0.7833889660453679,2.5342821408100615,125.58515843146485,0.8097371503876171
1388.473506409807,12.28311343985074,17.166875798183035,7.577415045921364,23.55865126878598,56.41159064509068,6.421977976315247,0.0011607713147160123,0.001289100015132402,40.60458179041448,1.0641046893362793,0.03733984880277921,19.49344654280695,1.003609506995272,1.3178103146833893,65.53901198734182,1.084013536093982
701.4172747315453,19.404202667999947,14.452065209213464,7.338173741931218,305.0976819181247,40.42859477936101,6.639322086163259,0.00038722348740680786,0.0004942499850991518,107.29724373740426,1.0715470260437776,0.04905395954550771,21.821278977873007,1.300897814663962,1.8996502497000411,245.29706355855586,0.9516748315682769
807.4489951983146,18.61804329046759,12.965113572636223,7.499519260662045,227.30708140817916,270.31596713838746,7.6139670330577065,0.00045801584827134383,0.0005936438395752694,110.67044587973275,1.0530945974519863,0.04574011746197509,19.697062505604237,1.7322682092474009,3.433325548983785,203.96170981247508,1.0292164574941043
1163.0213198241445,21.779765096760503,17.453566085694593,7.496345753715225,217.2185774931403,179.05432952094085,6.374246848895832,0.0005728634680025314,0.0005795356316167274,61.32534977770058,1.0762433851961744,0.04226080601213511,22.974731832125034,1.811002050612736,2.0342206724382796,149.70721441182275,0.898894766537767
1106.6795638646486,29.59917698401771,17.501589081210923,7.512885136525885,323.990368153586,257.9266745651582,6.865613715256924,0.00040711465650280945,0.0005067778960756998,62.841581036411114,1.0586400094488047,0.04113209250754521,18.13308185323793,1.9227473521891267,3.284024298637379,211.6607525553563,1.0398728017217134
864.7875801086542,12.174020916731703,17.864624475058754,7.0126894523646515,31.57395923036762,286.2655963862813,6.86372915029228,0.0007192800443039722,0.0008307449292077961,84.33292747630625,1.043498819596146,0.04345569571410754,19.25362860078019,0.9078083437829478,3.3692548715131636,63.13280549061613,1.0895787333815705
1376.9506942758062,34.08532564347147,12.141220753000432,7.352637325990885,447.2697154600662,0.0,7.112171907203655,0.00044752405352270887,0.00047993638923543634,85.62978098602359,1.0485037772429608,0.035922710302217935,22.16642825069392,1.2585202640199769,3.9037594573918017,88.16088507308737,1.0105359075040847
966.5559424821076,22.39154009011273,15.54494697289026,7.3770443014763805,314.49864572658737,133.5387525587282,7.1874004191933905,0.0004649424272740146,0.0005990896690558705,82.67412750989789,1.0447942826073535,0.04816742287684225,23.86544458076488,1.9895277106094376,2.0422080450272397,205.20754632064387,1.065641082541312
1111.8852882567978,19.51042944471233,15.783192148307169,7.844185106449039,124.18659976813458,0.0,7.185419284783206,0.000611884033785498,0.0006993533657773628,53.98963111085464,1.0771086168410338,0.04676232507168481,23.059809344527174,1.3173367411537291,3.8720715756620727,144.6693957878702,1.0246018576789224
718.8184959508288,28.140169412277938,15.205652270202005,7.90472071849959,329.0841080488483,0.0,6.390765410500514,0.0002804426800080476,0.00032284567210028503,101.06268194971614,1.0627912281338603,0.04757894865582783,16.356463365848654,1.627958537262773,3.78566244359694,56.50915831229091,1.0798220518543822
1341.1115212772952,17.189007473282672,13.127184408954438,7.975575650134649,96.87806252970208,0.0,7.600188211399512,0.0008297491411349147,0.0008280008912376903,57.16229067865267,1.0570149697936608,0.048661334014306244,16.360693795369528,1.7284998881327187,1.763892832070198,109.64409134302613,0.9567203437866961
728.1367899996405,28.524255204188847,17.524306303724572,7.828096467390166,494.63269201548087,0.0,6.665954025387754,0.00028042192532058924,0.0003476670487891438,108.46845140520388,1.0757831441646455,0.04476676251696662,17.254910615990468,0.8193556093368771,1.43708302467697,242.00475766740038,0.9544484089797703
954.5683691836396,20.814355392237438,15.219867682721702,8.162354180706307,326.7906494119747,0.0,6.39058869956382,0.0004946343711001485,0.00046795366942930144,114.88198807940239,1.0602554277728415,0.0440166176582696,17.906816567470422,1.4846882486549,1.3133749394202892,177.25422383409858,0.8537651214888834
1336.9767465296202,22.43207032622533,12.222834079172117,7.723037752160825,214.5221189246696,303.00164453669396,7.389010557679074,0.0006371615631906579,0.0006772721765701545,54.462107600623284,1.0554550693270828,0.04646473693690362,16.302088971405944,0.9998649492306553,2.807881867996859,137.97887270850373,0.9637726820807181
1383.2053397201485,14.916804107459953,14.07736334834789,7.407389197934756,94.23226620455759,0.0,7.409380722265747,0.000974156814558393,0.0010124477367749012,84.46613821526316,1.052328481838719,0.04060266529339054,24.445169835931296,1.2607630534998722,3.7815691075252844,98.75464815958219,0.9746784399987153
1351.2930546246066,15.282800685822046,16.36396631679137,7.052233023552957,132.63440908079474,274.17139440632957,7.03862924827738,0.0009175908188374932,0.000996062435582887,93.46561145289255,1.073380571580916,0.048339250476598254,20.09081168764458,1.959315869037455,2.9093409680272715,245.858054620889,0.9109209650952864
1291.8674649450418,32.39624753723214,13.21695968799703,7.94489987228272,371.6791965018025,390.47992757689184,7.590462682896512,0.0004339346081575376,0.0005175016272197054,50.55365434588567,1.055869129770206,0.03854974943493287,15.446505813796678,0.9870203258512814,2.0906996890894356,137.9564119907249,1.0831731226086083
829.5080071517115,24.984391043299347,16.6588072120542,7.731037139011283,202.68656816767597,0.0,6.6770764058396805,0.000362157678321413,0.00037408045039081963,116.84187296378886,1.048441043449313,0.04424932392213664,18.715191618237228,1.8215361395824428,3.1088848769363664,56.0744148293516,0.9770379015923734
672.7824418787116,20.979244605819257,13.25998388944657,7.212377851381807,264.21574921608226,202.4104171396662,6.780530007806718,0.0003428258319306304,0.0005706410753128441,70.17279024250644,1.0400801754448077,0.043049309179344054,19.693057956083543,1.488818597004625,3.776152116250359,205.18651301779389,1.2684737363380372
999.5078267275908,30.14913213817806,14.596163560012835,7.664888055272913,424.52226937489627,0.0,6.816169032923526,0.0003652138259502916,0.00045535200971508086,76.06208992094743,1.0446937080482845,0.04722506445105547,22.44094344731126,0.5072949954388227,3.414213575507334,199.9388583610102,1.0475199703324647
697.1537176629616,33.71473295838307,13.754443682228242,8.22762102763277,405.2927086184663,293.161659980363,6.900764872023904,0.00022632121579873094,0.00023003452165811132,61.558384969955085,1.068883693300966,0.048675494992027765,22.852966500532183,0.7233955757059456,2.845534023485083,80.32407708159857,0.9353083178063958
1395.2956261806369,14.130313650000094,12.766085114542205,7.7871558530292635,101.48931513036536,0.0,7.395455260694262,0.0010321500078293263,0.0011186698588514553,65.73721280759119,1.04038014509313,0.03996993095753597,16.689274384911783,1.2520563301555003,1.3296040328285388,165.73822332000407,0.9979717598313191
654.3698308619357,35.947993808132914,17.303116001699124,7.401808871094961,468.73806519098605,0.0,6.353508478606054,0.00020207042303038196,0.00025097855105488646,37.93568022468946,1.072586233322807,0.0424404270886782,18.0856982710422,1.525319899764205,3.744006341076762,115.87921438117506,1.0590552232862471
901.2239038598494,10.367702958087731,14.043224854685782,8.04871795645785,15.058605348658027,0.0,7.115949691094217,0.00087788535137345,0.0010369669602515318,114.41184934805045,1.0704349657931889,0.04071929043763465,23.826027109456497,1.8106133777494273,3.1083711221799244,105.59808386928593,1.0887659004286725
806.1614106987435,25.963076924074958,16.508776370201733,7.513203506277003,317.93023438623254,0.0,6.5022735118169415,0.00033942767497517195,0.00047523229855819116,108.98372495438936,1.0420509195300882,0.03976363611727532,19.36138239172523,1.086323824960761,1.1308741502569437,211.48411533449968,1.1263926793877215
658.6515420803161,16.854765663350104,17.347453280514383,7.019482371745313,114.33896432321922,425.5696490349759,6.53210955727232,0.00040602815246186335,0.00043062383073486126,99.22393845648912,1.0357284619008846,0.04901749962980631,20.758315666703915,1.1541922505784161,3.6744036466913723,59.71153432622069,0.9631444364775562
1036.2827307035886,16.555466153945215,13.696865365571549,7.103659549661673,194.78916070158786,82.7510756517867,7.256501065841062,0.0006608360008251949,0.000855203533844379,119.84490704844558,1.0722725972006595,0.04469393951904961,24.76811605865624,1.898566018729019,3.0309651340482833,202.43790143030122,1.0820276809107598
707.1667482945418,22.861003994953684,12.033386629938816,8.249987103167458,227.4888834323872,240.31867700820575,7.725157747494105,0.0003320574543035155,0.0003719222633772616,108.07646144151335,1.0591612546774845,0.046371050513057024,19.124308131668656,0.6631783202649375,2.6854962647981315,116.25921671016204,0.9952056481587083
1348.1526633291164,25.70982512542023,15.15122482804847,7.1217679082851095,264.94405688557106,0.0,6.436454014694188,0.0005729378218425972,0.0006636841033464193,85.48217288375714,1.072289236526285,0.03756035096227798,15.779392694578464,1.3536901981970733,1.8502849240564454,105.27595342502488,1.0779124240555815
1182.9745237741065,21.358243691124727,13.41277275925247,8.018399145481807,228.63873761985235,0.0,7.111444292251034,0.0005984480980530038,0.0006736053264156306,32.19400787067285,1.0770780894918899,0.0477927752227131,20.301603875519397,1.666024954308496,1.6553992928549524,221.80452472882985,0.9892688000021941
935.8605690843654,28.56340855823321,17.243407247190465,7.039902905026126,360.7628742079533,182.98734855513942,6.415526892430137,0.0003572065835209788,0.000417287555241524,116.34423784203958,1.0390688817463622,0.04709050329523679,17.057545645030544,0.9502088916979973,2.1587463552517443,157.52358950716723,0.9956267368056277
1302.7368497545262,34.70753059271151,12.98869263769464,7.550916702236526,286.31199439852867,270.51159222645987,7.363498658643503,0.00041174558978892515,0.00046180179216606204,100.15318065044806,1.0625944077850014,0.038424377437900614,17.108415905778966,1.8157789910859,2.8690752895598264,114.41042599538491,1.0264815386111592
1267.9552410274098,14.39069024135687,16.32816071797358,7.366642674113202,72.94133881702662,0.0,6.918963252869411,0.0009224552169053569,0.0010217142272640214,77.74968058247367,1.0426988415192553,0.03864306714275587,18.118422563873498,1.4965069652494154,1.4525781456083307,227.21256151871677,0.9488251442821489
901.9711700671415,16.1772217167871,12.154058295467378,7.447262796261473,94.04310766527801,0.0,7.5946785299693245,0.0005900013118728697,0.000672914556566204,75.16660180634267,1.0548013212255118,0.0432195331607278,18.986843910676527,0.859446988189221,2.2522359996356975,136.28856593899,0.9990368900773205
1307.1435145954965,25.848667030863787,13.62637279833911,7.118153287335365,433.59159180301964,0.0,6.777773282998443,0.000552716867568064,0.000601807039325696,86.68026339449571,1.0360439999433102,0.04420674363338775,16.71928730737404,1.5565558083815383,1.5512819895009518,80.08854576669103,1.0306241865117014
1371.0714880291835,20.666747652741,13.18078040835471,7.5225989020065125,385.554248433228,80.32836753794983,6.838552157426539,0.0007125388408812025,0.0006787285949537199,95.41213872948146,1.0699480539392174,0.040069476847568744,22.997717570324166,1.4286401143875425,1.4533057257278488,158.06746801147378,0.8634479297394705
1130.2757709614907,18.200049544323363,17.112677016709092,7.987066457262294,101.24557925398979,112.94287042604364,6.939368846479277,0.000659649408352513,0.0006591507753719747,79.38316939092535,1.0494797906104625,0.04860786443318061,15.031774694614978,0.6006852139563124,2.1715291324544177,80.66713755016096,0.9582694162566652
921.6871698025437,23.11693944055489,15.594766228517567,7.682217404266434,174.75224052078119,0.0,6.636247879229183,0.00043293443349229783,0.00044448991062782245,61.792149136055755,1.037292862764992,0.047312831486910685,24.22995830197783,0.8811214899144224,1.0882299804746407,92.75019974069447,0.9618040975962813
1348.6559455275187,28.117728522934094,15.957923329501307,7.171806116412057,253.9435766232891,0.0,6.953418111585086,0.0005265556712848558,0.0006576741081920548,37.040483158600196,1.0359954378893066,0.04134844239656953,21.2353444074962,0.6620458549105273,2.10901554024616,213.39671117173359,1.0832617974022887
1381.550100724311,33.62539231104064,12.49387626842279,8.047159411164694,353.0133901999587,0.0,6.811836270723492,0.00045489289118862516,0.0004911231609510707,65.82632408291113,1.0508470974392605,0.03631549695885325,17.345899092130914,0.756319048547269,3.3526298549032636,116.50228411343076,1.010736118644468
918.1868834215109,34.46260180423401,13.851741401021144,8.132704770398338,355.17603064041054,0.0,7.186771432448899,0.00029527721170101353,0.00034208998364543264,38.534236153331136,1.0453046532772066,0.03855474890619485,15.071566083428591,1.6547424442974137,1.2482709689562093,201.48442940767012,0.9978522330402324
715.135115672138,31.30788288799944,17.354771926589677,7.593077086392733,392.9119661813994,323.9401336530972,6.314317672343429,0.00024876749958806905,0.000253381198488709,64.26450012215015,1.06519811598422,0.038922402457456276,17.382250977966827,1.1293782749951777,1.3549871095703405,59.52712778334277,0.942123254772385
1323.1562687704911,19.011844657947464,15.679279083450925,7.466939179918522,217.344245268511,0.0,6.968279935150035,0.0007458427973570162,0.0008582850454951822,108.62694295042384,1.0386840573599423,0.04445113353643295,24.21359124627573,0.7543688214512596,2.15667802016748,162.0886228311341,1.0348288344576981
1165.209244632781,32.98063875044584,16.545807111387724,7.023123435958435,282.848853715767,310.7720215913851,6.282215854514675,0.0003859806118305917,0.00040053285077033227,102.02531464490323,1.0453300001351982,0.04367700513890376,18.461383472501023,1.4531759687897452,3.946180633161411,62.21494371505345,0.9752111878789081
828.4943072654955,28.458484961510422,15.010586157011435,7.091721228336088,210.11822198529674,0.0,7.283096321440582,0.00031980136907935365,0.0003752265447153623,75.76369764140205,1.076326147095904,0.04967384349664806,18.502778371193237,0.6539268167470862,3.0978456515338135,73.55861781441577,1.080050959818991
1089.0693720128863,14.536826977558668,13.231763703086132,7.487916042242096,42.07543507220549,0.0,7.381390629397363,0.0007851972573459866,0.0008371789732507832,92.25259221790084,1.0473703869802526,0.043496256968432005,16.154381536241775,0.8364858076469295,2.6318855885430468,107.8384878443932,0.9774357987606993
887.7746745748266,34.78419665932152,17.48376820194708,7.147320603557312,608.7566565743293,63.05409606248644,6.660061457824873,0.00028223839388685985,0.0002965940494143858,68.54263799567649,1.0363702156389172,0.04096338416181985,21.695819332304932,1.619547293181792,1.3008383029333153,52.26529013026959,0.9956484938731023
1363.1285573128025,16.430906195187948,13.583290972949692,8.26028231568066,161.61192947159367,190.85312643723532,7.105433433461261,0.0008704830296922027,0.0009094196022965889,80.46964299785488,1.039492353774027,0.042752840150262636,17.861647454415756,1.095498800470875,1.0713346636773617,144.66987830658763,1.0485643272211165
914.1652491210892,27.73569521204008,13.020034643972869,7.837377227340426,201.86559871690164,0.0,7.527699110736351,0.0003616144825495737,0.00039339793659850294,109.87472359769441,1.0751148757116542,0.046685994052928684,17.92881915517272,0.6204768979060691,3.875678625480454,54.56421601711108,1.0368449387518843
800.6887334959922,28.057755600399158,15.893415589837968,7.4066947637489,199.79476529600717,0.0,6.714608181451119,0.00031324788284857257,0.0003413392683103984,116.03781442195968,1.0380463909447044,0.045764635188386055,15.76225040058706,0.7829976312464684,2.765109855700188,192.65546830446132,0.8824567751924236
681.6167372695828,33.60964725521956,12.517675129104319,7.760463100070979,446.86158911209924,143.256024549836,7.454195255422936,0.00022326325849261974,0.0002401110422657907,55.1902278279771,1.0404521761119097,0.04784133922449193,16.47054264894498,1.1937313375813317,1.5603454889975104,50.93045445651923,1.015348452586008
914.4782942715465,27.327973906189744,16.587621829876678,7.218670516643042,433.46574413930557,174.77005776540858,6.572547678043992,0.00036408923112655063,0.000409858190027064,99.06020319191018,1.0590097833722045,0.04082516852335795,16.613024554870226,1.2069085699130435,2.5241287133005423,116.21218110558429,0.9949588523322163
1417.7900294182077,35.561515960406574,16.272413020234836,8.192514164804944,592.6023487446641,0.0,6.253553309163144,0.0004423941362128401,0.0004100737790348921,64.34340245634202,1.0482919979190062,0.043774043378320304,24.86652719179736,1.5892438520950116,1.650875365584656,192.01180062325497,0.8612222951735121
817.868323420425,11.552980960878045,14.299260564682868,7.65101869315024,27.247705442341314,73.89513070411638,6.978674750165798,0.0007212892865220082,0.0007624284739891934,70.7406697721949,1.0322729213738282,0.04680895901610764,20.58633527832612,1.5331314914093488,1.801663346426496,156.57327210676294,0.9060129824112862
1004.363917444377,10.973944641261753,15.090618046998474,7.909493304467995,31.54929698712084,225.90716727417376,7.190849424595391,0.0009185315841113863,0.0011098925935073552,66.07762204713075,1.0507804979022997,0.03637450767889517,24.530444377440418,1.0767297999781265,3.3055535026574465,151.85538328227486,1.0779019974534962
1404.2989506086592,15.086098956005094,14.921670801136656,7.236650079530616,92.02681915310058,208.81177171197848,7.0596740021651545,0.000968205121237979,0.0011483353569255914,44.59966221782834,1.0407168243175107,0.04207594136910131,18.046429577164655,1.9555201293695987,3.323088503370446,211.34418925369675,1.0270165120453496
653.2236290848698,24.956859313239907,12.448074238581937,7.615886049201058,226.94675533513552,2.1489233509736305,6.89307646079282,0.00028550318828540267,0.0003627160675144501,50.42362297352024,1.050459917808629,0.04499960895794884,19.67575563713517,1.0638082388163208,3.0569834641097837,216.31658226356564,0.9622887969871365
877.5591376514335,21.02174809273946,12.477724079555388,7.927985493475244,344.6957874386202,0.0,6.830844337153924,0.0004505868699047202,0.0005812220374108501,108.91747895905105,1.0586456312586228,0.04730708608203942,24.010329218861713,0.8991364365416629,3.874144989886833,189.6238863367859,1.0770383193835773
1286.881219080915,12.145304168785795,14.11438295851731,7.503685039582432,28.421434697928465,0.0,6.720939501708211,0.0010903164177291727,0.0009843636600797457,81.71742555381753,1.0546597619255942,0.04961756187311063,22.35843560434711,0.60705862968395,1.2285769238472684,79.46665543264416,0.8694935717982808
722.4792538932348,15.252238211366976,12.0391904821624,7.084577933180789,61.98631280188365,0.0,7.524318388718109,0.0004986782184438867,0.0007187236289449122,44.160882474315756,1.0362046669793696,0.03630420896945351,20.683113853255954,1.2809935484195967,2.4211237428899284,214.14244473933363,1.1156515045885775
1370.214386520613,25.06043997830696,13.113270495237781,7.60991507239422,234.610528338612,0.0,7.010784861924689,0.0005965861916262643,0.0006147359733575749,118.68420784402917,1.06362428187904,0.049453674796324086,21.48867377777105,1.438169838200771,3.0158422118173176,121.73150456050502,0.954522494987606
1297.2856858881757,20.464332034658096,14.193455518965719,8.071207890620425,115.86293546141617,261.13212267753624,6.780551437032652,0.0006745928970707584,0.0008833813263768363,100.0189425483896,1.040462155640769,0.03560829746810089,15.60290131630412,1.603309874082421,1.8896847780336339,245.14575095003107,1.1262517262444112
759.2941901826065,29.849378465446357,15.763208403384112,7.60072777258913,361.3614053360289,355.36687605891257,7.152707231800354,0.00027600737733650974,0.0003081436278039963,98.70249974737526,1.0704193160943007,0.046326560288211784,24.6365130520376,1.5192045464689232,3.2561047939525656,111.74443542278675,0.9675964184884724
1108.8451377961192,22.141079160486896,15.093877906126533,8.27365134812726,299.29049973813466,0.0,6.415459919923836,0.0005423463533010553,0.0005996663052353874,78.87725361368524,1.0550080333006262,0.036023915283333915,24.50117913412629,1.6321246458497756,2.4825704961727864,227.77755956744468,0.9591794760449598
1080.1776393516557,32.821162146756606,13.041893136418384,7.727481515716721,284.0151726882576,360.7441737768602,7.550959673217953,0.00035879128130709824,0.00041421842728784145,84.0228273382445,1.0319666865785833,0.03645133744957662,22.065269005530837,1.8955324172665198,2.709900748340772,134.52234019326602,1.0230984464616548
1187.6935582617357,29.72764032613751,16.556364624185896,8.147524500033416,501.08619506418626,52.09828632968757,6.533163283654412,0.00043885678412390356,0.0004817114926795697,43.076141400886286,1.0796788392098209,0.04040652762336175,18.80839068768762,1.3668021197096385,1.1273211960435674,231.0209338036702,0.9789087399863116
886.7217901286092,22.85547883288431,16.766462540860896,7.04232193677879,428.72474904765284,0.0,6.938342497610547,0.0004209598131269921,0.0005626684808124383,46.247177802092494,1.0422551097656747,0.047397072352796735,17.968856070718545,1.9788519015931332,3.719862527683686,208.15032660519446,1.0848803788611094
946.8722871236989,19.307650111357056,15.976718965256513,7.8207635232666135,181.93614362592072,376.75688321867756,6.559715951535064,0.0005166817852927856,0.0006771322036892716,89.79438581051372,1.0303022598631426,0.03981499047586445,17.677272415563728,1.6693772206400437,3.8131813136363313,211.37816537185668,1.0658113090051442
835.3432028563849,15.559878054647497,16.127605360821413,7.6634581029626085,65.21362865356217,250.44991014447405,6.755984153836637,0.0005587735056524287,0.0005726398529379316,90.1143395846633,1.0723902088270716,0.03510242223400312,16.686898381340384,0.7298936104684138,2.0588872164305063,56.08950608158085,0.9723718733349176
875.0978069715022,17.593995264607464,13.520713735362929,7.465203973527578,100.91177174997216,0.0,6.779183332948257,0.0005299381393403405,0.0006478674018175286,65.66950504383665,1.0513725204694289,0.042544643381610805,15.368044802138357,1.124209503867454,2.1375537978770818,220.27386096092096,0.9846714024114367
784.7169615546762,19.23202123001303,17.02987524029507,8.172735140527646,145.61426568333056,0.0,6.400486927720026,0.00043761401858977166,0.0004933250963794175,103.38747936351542,1.048567033203234,0.04082334404818128,15.143382723785217,1.559843027182544,3.724374843412063,120.20427962333147,0.9996739223148511
1351.625539008209,19.39214387310023,15.510562327561221,7.119591147946486,111.62490003968318,7.552704934584782,6.972771623282965,0.0007477619693852598,0.0009251307497141512,50.30290182625626,1.0679958536954866,0.03670546288197701,19.443889123001146,0.8139107392538959,2.707892994030009,108.9859087649559,1.1479343617146511
1338.4159864653304,14.654399114625473,13.064805563515822,7.6318667803252165,51.795548640482664,245.05545284126202,7.40073280310001,0.0009455747864766045,0.0010184172039618391,44.219971797385824,1.0799723000020833,0.03507180528603804,19.63443377323433,1.8258442118028309,2.7597100967929835,112.95475322048516,0.9971154941319228
928.0929107811844,22.30349699543326,16.10609953685751,7.398429261778389,202.0755417033954,0.0,6.42612212828775,0.0004508265812381218,0.0006100971272810013,35.424874894984754,1.037022847684379,0.04611952519778359,17.455573124749154,1.706840379796982,3.558423728474862,234.37163223375507,1.0858012577303635
1187.32357492346,12.90765184812965,15.764391894246685,8.248032740591775,40.44883284341854,424.36702516305417,6.927748909433567,0.0009305253632504769,0.001074284023782062,114.0066000005088,1.0697644550807477,0.039942337303152456,19.698414784928516,1.430787872846218,3.01454215300077,241.386087113819,0.9970383417603733
1029.4343471961,32.583037694600534,15.41204825684968,8.016164372940867,492.6139477554282,185.2176589481684,7.311021013108622,0.00034671010899893696,0.00033739910662805345,77.6102318683169,1.0791176816988783,0.03968333401466993,24.88918223563195,0.8642755462434133,2.7685065702563496,56.90426326228399,0.9351512738304851
866.4489612963833,24.30900988065876,14.825891455610613,7.260934277958351,178.57675814995318,276.3338702168085,7.0388280373820145,0.0003834737945791824,0.0004101458127592953,81.93215668808924,1.0767544415834476,0.041834853378503664,17.90939102516242,1.452029325187619,3.662802657297008,182.47430556807015,0.8767595678891981
919.9920777017758,12.47243885237064,16.601138417700923,7.166055452951531,60.61610516249745,81.8493031768599,6.461884880587484,0.0007576514357288612,0.0009435630953255542,88.78959376335408,1.045287801874506,0.036554488060084905,24.251837513768905,1.7788651454446687,3.6696248078642224,206.23298443226815,1.0183846131502448
1398.8911265466013,18.523345846409967,16.38003081873682,7.030895231504495,203.1783877321822,0.0,6.875528163420961,0.0008077406539112592,0.0009598236410488922,40.72830323801014,1.032517406721518,0.04589041480401505,17.66828241714748,1.5190563664638226,3.7384514994414833,204.7669896965475,1.039042634214836
913.6570163515596,16.636159709930112,15.53433858414582,7.233443620051365,146.9063403612388,14.37283227702243,6.910318856471909,0.0005820273481037786,0.0006245667432009233,109.21433783818227,1.0553436886615835,0.043843795046479964,20.20240689351177,0.8765759573543679,3.8309527069611855,50.36639448114468,1.0193919439906078
1098.2024885401652,14.060030889974342,12.402408831878688,8.207689770265743,52.852809645900216,0.0,7.494605176845951,0.000816059864467297,0.0009660613379763637,117.9427066458705,1.0609874975669071,0.03831127783856632,21.18950678398548,1.9698675989890246,3.073982676939573,118.15663271425856,1.107588503737014
1383.2897362954966,22.496620074430258,13.39175050549854,8.13469434823231,374.3217154658995,0.0,7.506573254023927,0.0006665971159630638,0.0007548981925848578,51.4538364319567,1.041804687157563,0.044334467148566564,16.318881794287066,1.2744676346812838,1.6243796864686808,169.62480261614922,1.059551308648068
879.5280314699771,14.765069317154374,17.87330852955408,8.039911623563269,69.87196407123771,321.5351838709912,6.893037714424854,0.0006145512795813761,0.0007765866680822111,51.14540509936586,1.0598056628615933,0.04143519647972718,23.521782805661367,1.7624550958370788,3.5177964236855765,95.72195428144683,1.1576363007697812
1277.3553453221725,13.943503702756699,14.414889759194175,7.5204096329937915,107.05944202099674,0.0,6.654530298702391,0.000956268211249218,0.001031896244274182,106.64698662957184,1.0315891017490046,0.04057914785829925,16.586550518819557,1.6323288873362094,1.0802424526216552,60.05908253447232,1.0511257657654616
736.7548542384793,28.2594761257539,15.797605186017503,7.626381805305756,455.0059719239172,48.73753363543487,6.542542125768163,0.00028569588923104316,0.0003193551247368675,75.76113693361349,1.0729193454934236,0.04224192786207422,18.376706230956174,1.8186699492425662,3.7675230696786617,152.61845402237296,0.9296405367371265
1218.5311430207662,21.169059451976665,12.789586589807113,7.747784880137094,150.70082236738622,0.0,6.884154869266695,0.0006215921551203207,0.0006868934462025945,47.4323590005394,1.0477392933689,0.04779268473325153,20.275869002082683,0.9345088247321638,1.0166555372615007,58.66910769145808,1.0943129594807233
1275.6030369884293,27.473458773093398,15.428187590838164,8.05327828454671,275.02052373581745,348.4522964787455,7.32582804536449,0.0005016308228793445,0.000485827986998005,117.4479490358419,1.0324969580135916,0.035386245307463864,23.773862651583606,0.5581553452088461,1.9149114740227657,99.49802217771546,0.9183348612080678
1299.531282565455,22.219304365060196,15.652536311242455,7.005533917880153,380.3350904131111,0.0,7.277297867790224,0.0006335034035210429,0.0006574822601082599,105.39158282749301,1.0434834563963797,0.035413084746258205,23.53484829189096,1.785929029356998,1.3569834254033561,70.18848914336183,0.9885768805519947
1406.5912445312765,23.103483746347308,16.572553791967927,7.2356732436794795,315.3165352430828,0.0,6.915073459270927,0.0006610388974024033,0.0006669747968537498,63.5214269877135,1.0745664360106388,0.039943708356442655,18.449233359071293,1.4814786596967608,1.5535837241101291,177.58956898243508,0.9013465912112224
1201.1103387849107,18.078005172178024,17.8135259080057,7.755817219937141,133.08003062029135,188.40873678244105,6.61444275184882,0.0007027063325159316,0.0007936632495970324,86.64071581640894,1.0395998094514571,0.03879683588128696,21.168017128529115,0.9761637683073243,3.2848062604836916,66.67529500022962,1.0762418449975095
1408.2702143000906,21.084303848984245,14.73610231117932,7.183742998065102,208.03897056206537,0.0,6.61163274282172,0.0007210269526871809,0.0009397215712763658,95.56571826809393,1.0428282933624038,0.04186463199417356,17.543762659858338,0.9631413613780619,2.418463152992876,235.74500326311204,1.1202389565461621
864.5588944188237,22.50335989820402,13.876088040338065,8.219575794262427,235.8766645719211,0.0,6.8882316119203315,0.00041650190408034645,0.00038939294764783267,62.22223003197171,1.0469280979452478,0.046054606625205975,18.774172414202567,1.245780754280586,1.3065893938203432,112.41860034899562,0.8957088261868734
1053.7743623535384,18.9024519289782,12.958534482999507,7.058012276400535,122.79523776695648,0.0,6.8567999908532675,0.0005972409334508011,0.0006630350107720889,82.6988958257723,1.0517427665109653,0.04225502790044675,18.3274742632807,1.8927196271565425,3.2148760170719903,206.6317910371896,0.9300107794521042
814.549717676131,31.481523887305404,14.005679188145475,8.26573048698583,367.4430422814929,190.43499487818883,6.924606422996273,0.0002834239772382094,0.00028122152993081517,64.08277641849267,1.0393463377813588,0.04036484857434842,20.27193276177553,0.7716032907094688,1.480002141909872,93.86090340950395,0.9436348381003321
712.9853515301077,16.40319699259863,14.660590134503952,7.27891743772006,88.67385000211576,124.6801920118905,6.562109761567256,0.0004575330855579151,0.00041876248665216874,105.97417804113618,1.0413469119471088,0.04453881376071443,19.045747298805132,1.904197781856361,1.048597479514395,54.253332744577484,0.8572757365796317
989.4924837835745,15.734048040942383,17.78536743374304,7.2520024431082355,84.04244137913781,0.0,6.059946856916713,0.0006637377515044152,0.0007745149138613673,50.50938151093297,1.0697107945089357,0.04581777681481637,24.863164454674454,1.07193346899866,1.4404257163098864,191.17356591125994,0.9877815022882359
1207.9113287522314,18.95050102679749,15.067448988924358,7.551781410623454,179.18869625636896,334.33442185093855,6.465112221395531,0.0006719539195470032,0.000744353749595327,70.53968785543276,1.0600148217480034,0.049182900544858243,18.4019169370701,1.7777002481970279,2.739061840762705,157.23605279573223,0.9755684505321925
1253.6316604784333,30.414739352383545,16.05023680940896,7.829206825504903,277.74067490460794,0.0,6.695534048257512,0.0004542374913801479,0.00047797748593237163,35.08631413306912,1.0406927051341004,0.04476553777132984,23.59212009046068,0.9073935534755059,3.051565101326033,247.1431975699188,0.8912839854659377
661.2170216467811,32.036749684853206,16.40135054909065,8.273445416956179,498.237819381618,260.4482842913098,6.377675664345882,0.00022562094689860103,0.0002047141005091965,83.85349435133716,1.0789899949381427,0.048756955997457004,24.361938237032874,1.5239248060904709,2.1572932473021282,95.11585038748665,0.8292705166627673
1381.0464405253924,24.69053551701009,12.081979134149194,7.619182845114235,271.9796988605783,0.0,6.920595454481976,0.0006098112591411839,0.0006136717379629522,35.356696412892,1.0470642665443544,0.03559963616477038,23.72794113737907,1.4134501998332367,1.2603310810773625,222.39643694726703,0.8832982268817289
840.3476308322078,19.37784179178007,13.39766677192493,8.16753246212423,205.90829339537774,320.4380834814253,7.42072279433368,0.00045830759769249833,0.0004916443816296246,60.719343434133606,1.0573556003511413,0.04666135402089373,24.636300705684143,1.811943574170441,1.594286026747513,97.95394263478616,1.015123973288013
875.3317682195287,26.869050260173182,15.24181492551598,8.157633484717174,396.96332665346506,88.89856848452449,7.128971792943907,0.0003554449115656401,0.00034894743341142356,98.3551727700988,1.0619075699202845,0.036999935724863514,23.437562146398438,1.9773520033003376,1.3913858704267676,155.36528665204156,0.8794267282892868
1295.61652502496,31.488258645211985,12.343914578917754,8.279810384210712,567.5886319616775,0.0,7.801975384271963,0.0004542276879823146,0.0004631514531903985,78.95045007740691,1.078987677544293,0.038703406180001725,19.194874077733374,1.5042933482187206,2.3234397364749193,88.88531078858543,0.9940038884290683
1343.6991587801726,16.31506990805966,12.903966287518113,7.467856871429588,128.56973455249198,250.09075678710474,7.55642134440713,0.000861042286690536,0.0010285326348720323,60.884105635249846,1.064719450306509,0.04973361077712773,20.84458978122538,1.6715775494916465,2.84313335555033,240.1895902237299,1.0122743599328425
1220.9478820519298,27.356211811170656,16.515410634350104,7.616890197523689,387.1229350352086,0.0,7.108675556163136,0.000489259637104039,0.0005745350211847386,73.96901427132948,1.0727782357071305,0.04924827733036024,22.862997073453528,0.9988368564377008,1.738239319276794,164.43884112570512,1.0510032718199471
906.9313215421794,28.456707822686997,16.044508758354347,7.028103367007149,316.05545439505255,237.6502470161756,6.898250351030811,0.0003466126462100764,0.00039510933966176837,40.514456131296456,1.0501318071502217,0.04033976272820706,19.618991501590862,0.8211472119255097,1.1269476672664973,136.8303200880723,0.9876877222583855
1008.0914531228113,20.146453149092043,12.831353927524015,7.498951242536589,211.35957463562693,271.1264166391718,7.287805163049085,0.0005316414799338731,0.0006232808310255444,52.7238966846391,1.0451660702368164,0.04723104067851633,22.50048091213488,1.509890494319742,3.0563678955470968,157.07222652252466,1.0114647917495534
1297.322753199498,13.765146763117745,12.707785926412633,7.459703615413268,44.82132700344526,107.82586395515526,7.188856331404657,0.000976895518700823,0.0012630526737956078,112.68861262605749,1.0680031687674147,0.042005308698216816,22.522416096598597,0.7540063679004465,2.0744588070617667,224.07285981899287,1.1184657980032024
925.9860464461592,25.793498398865196,17.059661328607948,7.161725269337074,263.54905546973293,0.0,6.448845888551926,0.00039229272988681085,0.00044651574371841045,42.723547811317765,1.0604305860354035,0.037540983324908746,21.17944720462743,0.8585163475271449,3.1105060996483123,189.3939825025566,0.9475755770537316
1274.5280728795542,15.464399221883614,14.834458154774948,8.082186315915235,113.39127523416208,244.36378932739134,6.457379170037507,0.0008576399632764247,0.0009229881345418564,100.69516734420522,1.0521013827291223,0.03640312823984467,17.12554142188448,1.4154351890319774,1.8473322681818751,145.67273071638186,0.9953405354057573
1256.403357267452,19.568349947405196,13.896667704527303,7.3629378715473734,164.72318152935458,0.0,7.2932355900743815,0.000689561822699992,0.0008692562689192053,96.56519547453426,1.0351498195921192,0.040585473735265366,18.592424304704064,0.6514276866227151,3.471132876674136,188.251937427713,1.1004408996969721
1012.6263889861798,24.157953457263222,16.31529687363044,7.169987492180555,289.48743883100263,306.83964381484765,6.539326062434665,0.0004501582434019783,0.000438971943585483,87.22387670715908,1.052507694245931,0.039459093763389054,23.631938156760878,0.6831458026512072,3.7950366835913023,70.50011165870276,0.9049316961539274
1345.51982708572,35.03020284955343,16.01396020856404,7.150105883814022,318.35444609384643,0.0,6.979408277615768,0.00042595297303181853,0.0004890114548748132,100.0477009085339,1.0338045468180395,0.04353659426009398,18.560132626505396,1.5118002237439274,3.2082624772709845,134.9254523094702,1.0455166930370252
947.1563686025702,13.809600914806778,17.96567179802678,7.031789371517672,89.87045844825771,306.85160624775,6.886103079292699,0.0007033621763793905,0.0006368885880570417,42.037466423524535,1.066370481285654,0.04452708672206458,20.546192402082575,1.2434454305563851,1.5773630080672723,114.76788603332488,0.8066863253041878
1231.4341189776324,11.916029716568259,12.620962944183038,7.9817713213323715,21.62919459655749,427.7424577511401,7.593292918008134,0.0010356564042288954,0.0009056836120628722,62.329110167066126,1.0413674395683628,0.049648270088319235,16.743777852288176,0.7072206889707797,1.3981974312101628,112.57515619857168,0.8733016378252106
1145.7245847178908,24.010399102734194,16.611106583849647,7.6915718498017025,282.03161174506505,151.3945336412069,6.676010131412059,0.0005158131368995125,0.0005395136992183339,60.87980053492939,1.056381389679283,0.041754405845218404,20.09300282522849,1.3780053398219556,2.5556815073351666,232.5139343086761,0.8742249056803199
905.713018238006,34.52023335178532,14.760854392035258,7.680702798928757,434.31556987825303,0.0,7.002491654352555,0.00029079178211948017,0.0003298164846419238,50.04457469533183,1.053706896511411,0.04629443104981089,24.104479856334454,1.6445057914278594,2.7767032807732708,155.2642990343627,0.9783076663650461
1061.7279140546964,11.201205489761584,13.488593081396418,7.537873487333453,34.04780881449646,0.0,7.540483927316304,0.0009664145834023618,0.0011746307195425272,51.09329444957581,1.0303081541398886,0.04630233002351255,21.721633487608198,1.227367227851144,3.5776902142834635,249.37263827026783,0.9927506799082269
1119.4990243485317,26.695062236181503,14.990282555317734,8.252952157694684,267.9818392303034,368.61046988247665,6.654418199744515,0.00045193898459470485,0.0003885585748583324,57.5081764972511,1.0782302130643882,0.04034606567958902,23.840075847408286,0.6985705409005609,1.7264113756631194,105.59764080212584,0.8259438313849552
1065.6505689410387,10.709378613816897,12.12278518846615,7.491419290067091,19.04429636523716,0.0,7.469517631244011,0.0010090992471715964,0.0013105503065383526,116.66959706973462,1.0400476307764757,0.036027560840757936,23.268500598883243,0.7954728957723656,3.345208403066847,141.95626876267735,1.1536143646417203
734.1394410161829,24.32725771162822,12.747411957426253,7.61732775353565,144.88921741754461,0.0,7.370551569952116,0.00032871682224654613,0.0004964522113764143,64.41592467184503,1.066818155456209,0.04433991143917044,19.250854157450785,1.6668351351967299,1.8205504591367112,219.8708211571343,1.1780540048463253
1419.348559881545,13.098263877127494,12.652828767255496,7.897010267226404,42.19605871882707,0.0,7.393819244681397,0.0011241466710130122,0.0014182930102008935,101.24647907397518,1.0761974323860686,0.04799649711312282,16.431532192051037,0.7434088273458265,3.655390704093233,231.94057528580865,1.1014598816578771
1400.0183722955057,27.137159417057283,16.153609206323765,8.207803269590631,215.73016785081805,235.5852947147493,6.534635484657601,0.0005596597948351797,0.0006107852779374343,97.41591412351812,1.0537396837850355,0.04113008116868176,23.284537108180295,1.967437951140751,3.9812180368713834,182.86574870349773,0.9796408088528256
677.155145071957,19.385629936667865,16.25016033667004,8.116094639674003,192.46956976948061,98.63690699232664,6.680544182145363,0.0003730901921536937,0.0004248707851032825,96.7527966532792,1.0462992298090306,0.03756948869113905,24.325564766029522,1.8744739203991307,1.1668884708095688,119.84290677578278,1.034793921590052
1382.6496878306734,27.018817776800862,13.462556126096128,8.146029957967736,473.07606704350854,0.0,7.157958796579524,0.0005606658647819522,0.0005892047880977601,74.14954076629378,1.0341599649052535,0.036917337180103454,21.668149874781516,0.8784936066324246,3.7186546471746027,192.07373804042018,0.941451426159377
1061.4983221670968,16.714467755705243,13.843234226680678,7.23824215920734,58.34451423886106,449.6559612142424,7.3849147137555455,0.000658651172594126,0.0007502025942021908,75.73629226473967,1.0449627196701727,0.03927643184551388,17.811053549916,0.9159831622007528,2.875834525535097,209.84605733223617,0.9521234337421671
745.7981043805909,11.947778279953148,16.63572733207188,8.227940362305088,17.454074588323927,283.60399185398705,7.1057787211477486,0.0006308104442823172,0.0006326090280115256,46.346681056076264,1.0527310327268404,0.04992080487103359,22.582553099365647,1.9770812082813622,1.0798031639538188,171.45358476844382,0.9369719972531982
1286.402727058381,14.728969673347297,14.32585696990671,8.071013718545876,84.2489039323543,0.0,6.56787299319862,0.000916453890418794,0.001035514129429592,109.6087903811213,1.0498993867697928,0.04809546765882659,19.786192316284133,1.8033858911284708,2.0036114161598677,201.8614295900304,1.020880077956366
984.8468387882415,17.121804051509294,14.091316680556265,7.428717335900426,176.16958586361045,0.0,7.3484225988129115,0.0006115025672444203,0.0006968386175070646,63.73497748064271,1.0409092996492717,0.049084068302944636,16.46205113952148,1.9813413576600336,3.7349964249800833,195.4563919739112,0.9555655707606053
1202.86233783353,14.283960433568653,17.673265804718614,8.047023375735183,75.03726018024615,48.16352476055852,6.506361576496297,0.0008786896017748988,0.0008920574691477592,94.15571842741916,1.0608253115963358,0.03831258170862959,18.746467658246704,1.570767668350807,3.5426735253759114,92.94209181175702,0.9602854956340555
1291.5797415326674,15.159286493412907,15.265911986275997,8.238702610712215,93.50615256100052,369.71277367949517,7.009551349624108,0.0008791312867251632,0.0010069998704193934,108.22608594966525,1.068889852562843,0.04058038836252946,22.040295049902905,1.2860805764024066,1.3947706815309737,99.99596904158011,1.1499017131481792
1066.5948386110954,24.14869419405411,15.229160421262598,7.966317825219503,294.56205735639793,111.97937424231758,6.914120464225629,0.0004784691130869717,0.00048551925169138096,81.43600114365802,1.0496808073544777,0.0450911401534901,20.56913625415053,0.9781714235754044,3.8826081679110582,60.5603371199654,0.9704154687460604
686.6395979863684,21.37868901107573,15.663363245827473,7.96028480365888,239.16423168173358,300.33425292026607,7.102660248490648,0.0003422121255809985,0.0004831088254585259,62.77825128112268,1.0415981200574984,0.037534855166329234,20.46933521846018,0.7340921768624766,3.857555605389094,242.96194344384426,1.0469900740289637
1287.8822923657424,31.457812665138338,12.247330670363427,8.090085688746537,638.9954773739105,52.92757816123146,7.259164334560446,0.000450966682395602,0.0004800920656105879,108.69530499385411,1.044909380248332,0.0363932247180852,17.100584449321357,1.5307716037235084,3.554429252608993,62.48304058730538,1.0293520390856812
1187.961816629558,22.938379718375387,14.394138316441062,8.142397310121053,276.9494787313287,0.0,6.900028228029981,0.000562107306320894,0.0006154921458271235,38.80152710834081,1.0398811828818908,0.03641980943789931,19.763072081394192,1.6461274161906987,2.8362572835123627,201.47679149546695,0.9619132562845653
1356.0900442964796,24.027223034336956,16.731895219001203,8.015534258863863,172.59029079191302,0.0,6.69933324679258,0.0006142499987686838,0.0006447637925620912,98.00709281713178,1.0780318095407626,0.04208939769731437,17.053178414091143,1.602183803305139,2.845081542493245,149.76998276207632,0.9643803910484995
858.1666567666423,28.463307427131195,15.907388233614103,7.1010415383200325,289.45697756388574,257.6837852518269,7.223145649940207,0.0003276299130703459,0.0004592517307766774,56.066228926406225,1.073157228997217,0.04382765027059673,21.027906490738246,0.9994468390617317,2.457362871091552,235.6375573601716,1.0931867049110617
1258.8632949829657,32.188763977421374,17.34038818890835,7.271240374210485,429.66255768782435,0.0,6.493024907245151,0.00043210144073928383,0.0004427307787815071,93.0911536727648,1.0339114774933846,0.0393923569756904,20.220241110563663,1.5922611376056732,1.0226054182719349,101.75293276063783,0.956624102582206
1327.285514495835,25.202240135892808,13.862880327885387,7.157042032812845,213.58782788333835,0.0,7.0111607762331865,0.0005748136753348706,0.0007134350891440601,49.684990444519826,1.0362302395417111,0.04657024609669228,15.475493907784001,1.5724087002611715,2.683065727188914,242.08216861411327,1.0531112511323655
924.2297571416858,10.957375984469943,14.853442413972619,7.605762062611481,23.777368072461417,0.0,6.937826074578641,0.0008576673010092642,0.0008892815886817472,109.93485918055619,1.0710632455594462,0.042936745752539696,19.969549953902494,1.1097229379991893,3.988437992373263,76.9920445731493,0.964298112545534
967.1262714466354,21.93954063930739,13.408375027771804,7.085333111055317,180.6651438625297,0.0,7.666078526481382,0.0004771250904637759,0.0004964903637443517,72.6157725102855,1.0542855653865546,0.040487314517242974,16.901172772499887,0.6488137124605484,3.3775221339317114,73.8794097472959,0.9685123171882208
907.8422505534106,10.839015436814758,13.1126667079183,7.7157947448238495,20.826490046653127,110.9327867614017,6.862300599830366,0.0008450630078612544,0.0010951211312383192,40.310885942705,1.0458415428185708,0.038318064972714935,22.48567184825919,1.9816219872920495,2.555313686151119,155.3029534851603,1.1242321776416013
652.456032188506,25.72686404192251,12.546326472854233,8.201580952578174,348.1268637596127,0.0,7.408058506701045,0.0002771301633404337,0.00024972199502775805,102.31541672691772,1.0763375047608625,0.045850349952211114,24.245111743357995,1.474757223386303,1.1332100463942343,89.16382700180716,0.868224702573703
828.1516527451543,11.691238943912804,13.19319667408962,8.275993390181636,22.87426516456361,0.0,7.308642727555371,0.0007258252961902052,0.0007474883314669532,61.02125764356564,1.0503010142158413,0.04089669152706376,21.211032699233847,1.4366405011547463,3.7575866508145435,111.81228800039995,0.9427947740252042
905.9352757364159,24.029835748096204,12.983275863810048,7.04873012705778,180.4390294151555,0.0,7.63173219515059,0.00041036064876992897,0.0004490593810688781,38.67510559283592,1.0513924617892385,0.04790172786424351,21.312951129280137,0.6035199452136969,1.4772803257841405,142.5838960576108,0.9506779556283679
732.3381601347294,13.897949712272919,14.634127761653927,7.887324434627744,49.35169311094609,263.8769863017547,6.814875133464081,0.000542077946213892,0.0006795670801939218,105.9403247853598,1.0733946475313478,0.049509690498151036,16.595438871248884,1.428830324702577,2.9216918819536755,170.59756112541356,1.0317621044790655
1243.6027595042092,32.24362703115224,14.466111321430391,7.18591640912617,408.97060778954653,0.0,7.106631985737437,0.00042620967613543994,0.00045185885940277304,37.604003696534924,1.0669215055473724,0.045021527076489765,17.133543212270165,1.3176218753916609,2.9174838435411656,157.15361541140274,0.9441340403337798
980.1691359631345,12.451751766011345,16.584548660369826,8.120761759880944,64.56590180019532,0.0,6.438648845044085,0.0008121297501706879,0.000964740875851716,48.597310410439206,1.0569390128230094,0.04644541973733541,15.986097793251531,1.1016342548506608,2.6293302321248437,220.37711093977106,1.0062989287237147
1090.0707143913746,27.144938662837898,16.669216264701795,7.040517546436503,334.0344148177898,8.476348355980056,6.555379995286695,0.0004398737704093042,0.00048282312122545145,47.3174268950848,1.031168487886248,0.04151562618918414,23.601469963956106,1.5164733356323097,1.7927589650440257,50.69503750426823,1.0526862744760217
869.4239475502387,28.29898710802358,15.244658973455376,7.1341739338047665,517.0393231434537,361.2295568880149,6.456779763114704,0.0003323065361752472,0.0004902113648329161,66.54593673891857,1.0555117840414416,0.04708057287033837,24.64888687116483,1.8688307808408477,2.647650599968401,217.14008362875748,1.1675169378821901
928.3509822938177,17.15487743457644,15.939920960000615,7.420700265520298,141.77092085710845,0.0,6.5553330558515075,0.0005753607764952282,0.0006606296445270872,117.66774865762059,1.071382565432553,0.039597329245221184,24.202685532069857,1.8819344745226492,2.632075525273677,67.14836913703839,1.077647400625187
1234.1327901965965,25.41211678863933,14.810351149498839,7.00686485739008,144.70837399260128,0.0,6.828470457020884,0.0005302887925081298,0.0005045164090659062,36.52291820998466,1.0564253757842006,0.03727666546442951,21.471468267219883,0.6746434171013487,3.063383120524642,85.49145228630053,0.8917135642495666
1013.5183801807227,18.577879759076442,13.861926791508619,7.8607922646808,166.74453399014882,0.0,6.884454649001993,0.0005836886735933503,0.0007003738215358114,118.80352659486469,1.0383577992504702,0.045193378448345055,21.77420873327995,0.6740895406503644,2.9304045493563007,66.25543319976693,1.1455277393418468
1112.0941327319388,16.73272899559625,15.021270769465351,7.267365989221177,88.35886187801388,0.0,6.820827489961389,0.000705217213268887,0.0007800710334452231,54.887946017194324,1.060951094904486,0.04514881144746925,21.205063665175764,1.044863961593863,2.70398741404421,127.63291623462636,0.9972374568193683
976.8454407022281,16.751006813319524,15.785952554679643,7.935889039342322,76.16883961174084,356.15068660122944,6.586039000629741,0.0006077476311688208,0.0006351382893830664,67.62571722561154,1.0687472827220763,0.039961357525636704,24.109136911128154,1.5808928610018673,1.0281149302764214,187.13248329144582,0.9222427427622413
1081.3731313268067,10.411994753433248,17.729360222814122,8.234368088658764,18.582564363306616,224.46977613072337,6.284799436166818,0.0010352980694893368,0.0010276511082033368,101.11063561580242,1.0558750655694826,0.045257961191584616,22.999397559893303,0.7047081053341075,3.2697618777786994,54.87174645066717,1.015518862822138
1346.1447445707554,27.496335702632518,16.899494314828353,7.611505059953241,541.1276734289859,0.0,6.47982766986867,0.0005368141748172722,0.0005290839632776351,106.73607931758553,1.0547508895316124,0.048813028223406066,20.08656840031283,0.8150481552557749,3.2309719799772205,104.92622914245626,0.9212421123543625
856.0385301362847,11.867698071581739,12.399497233012806,7.611182719644789,15.974109040309301,0.0,7.507914420714411,0.0007403906815698488,0.0007755992047696514,41.661585049820175,1.0695543856546792,0.03952211523483401,19.902786330445064,0.9016111744040901,1.6295400362833847,89.43911951731388,0.9660545187807861
1051.8302080381761,15.122274041561017,15.840306523588064,8.295380908722482,69.76416266613164,0.0,6.900186596391114,0.0007315721046402091,0.0006963047265541461,92.20837861285447,1.0467685972497511,0.04596778003003411,22.80519069468585,1.2871673801411319,3.925753937088149,70.54767435596183,0.9269595204292184
1182.6619117077755,12.260658135075111,12.545438367352979,7.407833522711902,43.38558641982052,0.0,7.802704788954966,0.0009936831826824787,0.0010887437628761042,70.61854734165013,1.0444519002636754,0.042167547311364864,17.024149597719617,1.900029799057777,1.731926180800175,183.48833882815967,0.9583284311218879
715.5222224033322,30.911273554213025,15.732752578826453,8.151616811615849,463.6449599356975,245.56481993657403,6.4471796011923885,0.00025275098250922024,0.0002524846666504694,37.53584208375581,1.050243959012814,0.04020939474607257,21.190662691031417,1.4691218964356303,3.6785843055539766,170.33400228570574,0.8163694095314624
1396.4419022512616,23.766557750763294,17.095797671209798,7.927088367085729,146.66507637950235,349.89494484521055,6.8874430370204776,0.0006291137139849657,0.0007051480688518642,119.82584680758767,1.0473764638862602,0.04955897071668145,18.773599269610433,1.3139802862339078,1.3683409660351975,61.54890846999335,1.1034493795002758
1036.0335217659251,22.151262901105778,16.195098202986397,7.011780536649698,208.43364425308252,312.51436413625896,6.328057088059074,0.0004992838605419204,0.0005589525843989522,67.01846957209952,1.0632918766591801,0.044865868257536815,21.626427742291618,1.309002699641903,1.4317569911444905,115.09885335420817,1.0007896808292338
838.8723573933966,25.166357129505524,12.716727159791757,7.386918161892765,232.69432893380738,0.0,6.993801208468075,0.0003637961186365938,0.00043035903757440366,92.5927552405343,1.0679510197871334,0.03554883479776513,18.80270631576787,1.4388976399857714,3.680406934212461,95.68686011701283,1.06508159964257
1239.61514889898,31.015071877955975,14.542404664082811,7.9372900626657135,359.4357000781858,0.0,6.501109235893589,0.00044088954136793293,0.0004947273623274546,97.23292294701768,1.0556682597688547,0.04610876693043054,17.40353241270701,1.6467372892215846,2.4331707939234475,140.0131868748863,1.0277231092873806
1282.5219434030685,26.226224169884414,13.170761883867684,7.058655381736833,366.03107845812707,355.6653060847303,7.199711908600287,0.0005267745853606649,0.0005509804673771621,51.75958556190904,1.076301198972737,0.047388415404098064,23.23262649795726,1.1853840894921135,3.597826004733569,59.37326347427818,0.9885291624858203
1138.622148762047,23.34519653481511,15.964073072440177,8.1147223252007,199.85532598482467,0.0,6.2950943719130175,0.0005299138250200784,0.0006930306619438628,55.587439335853674,1.073178467672666,0.04232470643216,20.30622117835056,1.4392937976943103,2.9040888391152824,240.01276266048467,1.1096754033707628
1360.7746374833328,18.142322433039,16.263414509670387,8.18595966827966,127.60597512434359,247.78318576919838,6.304766826010467,0.0007912557603371634,0.0009875838658114854,65.22690961642898,1.0727074730267447,0.036217163650627465,22.00465847400733,1.6852305413268058,3.2296218219342343,206.4904386846604,1.1060416431391207
717.1725194691246,23.4354323623852,16.42132409765197,7.987307302796414,372.13833141284044,0.0,6.835644309049662,0.00033255745969375434,0.00037210218331601517,109.50268633601098,1.066619432790192,0.04655394255268078,20.790377745599017,1.031194412600943,3.290460690472437,127.87571928125885,0.9674539439111124
1058.4716242903046,35.66817927968445,14.138202874525499,8.054418011530624,250.4878165135583,0.0,7.192545069231923,0.0003293510049107318,0.0003931277874771835,105.32896694820224,1.0774157170671161,0.04116710245816297,23.60015872853498,1.068135595646981,3.696662628866244,149.4473420482578,1.0629421285222556
1225.968486032599,24.81675943058394,15.587697871847801,7.776653768207786,237.08461718771866,0.0,6.427374392598257,0.0005386784494585608,0.0006079580375143651,88.85489927204434,1.044439035012852,0.04717996095970503,22.579564625724437,0.6589050880734855,3.7397060336045205,218.07678635149793,0.9680806866556685
1361.284507830669,22.40704128210723,13.248755805750527,8.05100928092605,253.82154448564248,0.0,7.310738994719615,0.0006584546586602797,0.0006578809734089809,61.09358565456462,1.0646426010064391,0.04105778612521877,24.70856982858821,0.8299671979454553,1.987649595619892,111.93258892309761,0.9573797372337709
1147.0455963757056,33.095576300304295,17.579181992981464,7.607804472533411,288.30326861344673,100.74547950021983,6.464994605447618,0.0003818688930196217,0.0004730624901248744,58.18564716701326,1.0500487077748342,0.04161294438638265,21.95313638535612,1.4067556903447036,2.304785261925015,238.6381253215539,1.031620855266384
1116.5986110540807,11.417917562963558,17.629770717171716,7.530835978501413,21.244968640985768,0.0,6.866888535807764,0.0009991245189221723,0.0011849604188474826,62.07819549580799,1.0516181126768331,0.04596109806738874,23.043543145914505,1.7923978561380265,3.5081521914218694,216.0923987442772,1.0020251014428594
950.0413941038531,11.6451220481021,12.182144041296104,7.913849299331288,17.28052721435649,0.0,7.447106466471781,0.0008356085628376606,0.0009308843784396425,64.80599757873148,1.0785988688297552,0.03901900369404858,23.77985385459332,1.1471126271343746,2.0914232113737192,155.8409516388037,0.986344715837194
1092.7126045204927,30.52384908637545,15.382442845026187,7.604901542197069,389.82713536538716,0.0,6.87523462449762,0.0003945900772723778,0.00034756436488514106,71.77030020393167,1.0564858637741703,0.04822741638592787,21.658464514353675,1.3238922417676378,3.2743292994087483,53.552388334641336,0.8459180093734349
1079.6319859877665,34.495828670429034,16.308081542547036,7.403822251203638,361.9191553075062,0.0,7.18170083667988,0.00034684930488429965,0.0003950642184647152,66.43745764324282,1.0592402920554227,0.03887128746235077,24.752055453668454,1.498388288900672,3.8750828142180618,247.4140781104595,0.9298190390319129
1352.1094409904026,11.323140232265187,13.38567122519092,7.344147523570077,32.59507392879893,0.0,6.937035704180177,0.0012190355063146949,0.0013159937202919666,60.61576791761815,1.0357176542011801,0.048027307185233424,16.348235967480804,1.1926405990804487,2.7032175407645354,111.99507772737891,1.0033890003859436
1291.484738582935,10.625398226071862,12.198503598305367,7.568342726324289,34.98389426013563,282.4293067032599,7.315861621990376,0.0012109610294177287,0.0013483338584222655,97.74771102794728,1.0693101698697296,0.04669604459440945,16.46441021625013,1.6331317804179273,3.1018590034691993,82.56123291137736,1.0525971086564516
1221.5380915689527,10.253647693642936,12.012628759702146,7.4966293607184324,26.05920857890362,201.30546703414612,7.683525196824417,0.0011871210045715013,0.001328107429194057,109.05087902443256,1.0440002348990733,0.039340858641000884,19.92445244750449,0.728377239479244,2.1452029143533697,115.99713474226118,1.0490566268010073
1366.704609621327,25.001162313729704,16.24113221081651,7.980372334887287,239.54439874115727,104.41208309731388,6.936752102783585,0.0005935951014471208,0.0005780912612693775,108.69772460567637,1.05194279141452,0.045902157512223124,22.418687720514704,0.732903306013958,3.4505133867834346,51.390645862999264,0.95207736042418
699.474442960483,13.582122475619517,12.0735010265838,8.019323589036446,59.78557993315724,335.85648591316107,6.904549739496852,0.0005265127972870019,0.0005948991765215934,43.81294247980779,1.0423474594435562,0.043898772314917844,21.476086933810286,1.9511195885113728,3.181935349521995,78.20558551554484,1.0337700099567537
1246.7624983654705,24.59486261544314,14.318274298032234,8.037780850024914,265.6406593749993,0.0,6.52876131017856,0.0005524957059518523,0.000526780508674486,82.22468394116594,1.062780125175548,0.04042689968240769,24.156806964666778,1.4882714880088506,1.218368241454185,147.1279063285973,0.9005328998122496
1008.6937552715233,27.258647998201702,16.79067562381806,8.098253602741776,215.1716324078395,243.99734856291954,6.434874855827905,0.00040137773642217917,0.00042908373741358514,45.63455568734474,1.0413677362051912,0.043209645716641557,21.420858941539834,0.5270187736996929,2.237039339857488,66.0084046035908,1.0312727181622154
1232.9041324993436,10.404219596570366,12.315460643774339,7.470929369771554,35.51813928636957,0.0,7.835877996851133,0.001197381752585983,0.0015101858217641837,109.0614725836547,1.0585629644350907,0.037456573238113196,18.546119584663295,1.2839572105724626,2.2353566688553705,125.01184461125729,1.1554707707298006
878.4260987008279,32.62301784465729,16.240395960999088,7.480259990017094,440.06578557507015,359.0520672629764,6.308059548853543,0.00029345261193393466,0.0003548044176531809,75.87666315706099,1.051328292717179,0.03523986769030366,17.50559862193868,1.7910577932674046,3.537267721574732,197.67231372722947,0.9771000309206216
1011.5891807571959,16.566887456836817,14.58693626054696,8.0894979452897,140.90676263029997,147.7452411218778,6.498116171520438,0.0006425334999775466,0.0006697531509080719,31.238236844725257,1.0589971539310215,0.049575554747627176,24.84177990826004,1.807611498276539,2.0375726030937695,190.55047231207027,0.9168748907292146
1289.5315820798673,24.40347047320366,14.337427301975042,7.234155561814836,170.5791469160622,0.0,7.431079932011244,0.000575669936256842,0.0007088669534173851,103.13805159234609,1.073915281342554,0.04552979592096424,21.43588094143876,1.9273413261193362,1.2904744628368356,188.74012897463203,1.082878167491614
675.3702022692917,19.19613341660827,14.903888034064364,7.912526233065463,208.72630149560672,0.0,6.57016185715683,0.0003773184503280315,0.000485526995860272,90.48586902394923,1.05412164034314,0.046563354683801,15.04445514393439,1.1789156481830663,3.74956916977842,218.23492708828925,0.9854440099496199
874.4964528944927,18.92494186363188,14.111734313452718,7.682174755205546,293.1375943392253,362.23093410356853,6.863831387939765,0.0004864392074063097,0.0005529643851471959,40.5339075944357,1.0602688603412007,0.04024099786328923,18.316947176769666,0.654942888287307,1.8347274889310707,127.26214664697626,0.9957736971004864
1028.0232763994086,20.48725278143396,17.17063297920135,7.8664227404668345,221.95757302456576,0.0,6.928615471722345,0.0005405788625414582,0.0006435529184594927,107.33776306201916,1.0594203615851474,0.03519640120862356,19.711253280020813,1.8371943054596183,3.229599695045596,163.53448444539276,1.0397147034460164
1310.4686830528965,10.096485896649787,16.019890390062805,7.905992302359242,16.570105847055235,32.208061651766585,6.6574919929102485,0.0013037158118049145,0.001356615190338204,35.497741917018615,1.0397939053456515,0.03545753921536195,19.23759619773275,1.9612546658647556,2.7339254005556026,126.53008097289997,0.969377517006062
858.085825414898,21.148368810372496,14.326080502959325,7.869562351495619,198.78726759629672,100.32221002958565,6.560114671278493,0.00043605393045081914,0.0005374931594330412,110.54185407476086,1.0718581186734444,0.039593335767570015,24.719506127603893,0.6610813270261188,2.317284579278573,163.35153768054914,1.0541306206288976
1288.3518866000554,16.89043787670955,12.721751560456656,7.305545660280542,114.96728400178388,335.74954424085826,7.188529841812253,0.0007964320259478601,0.0008377235240366237,119.86411288780087,1.0558609144225486,0.03876405408935277,17.939627033409412,0.9045708816904867,1.8955001641853642,150.00915297829675,0.9400949712395407
838.2555768231351,19.292600652797393,15.025661677320969,7.0305412693339155,172.93858478832297,0.0,7.12970661185115,0.00046614615846951807,0.00047316881466539704,69.92132285690542,1.0720900713290493,0.04247643895043507,17.896830125452343,0.9664203638064459,3.0846300861224116,71.990531915157,0.9366019488859719
883.8514364046163,14.235379283373808,17.994104165964206,8.238379167579263,62.834520684697175,0.0,6.161728851114289,0.0006493082528675399,0.0007772295191430604,84.00501885285601,1.0327126307468433,0.03912153688493301,15.053845182995826,0.9980504339398548,3.3797848946139353,187.59899345047162,1.0186182972913913
1078.8704749608294,18.706621509105663,17.349612278284734,8.166848940943625,175.3589826606646,430.3206196535156,6.3461050952140265,0.0006044756767745644,0.0006888333059319103,65.21944750965034,1.0554921711643523,0.048682542926265,22.16736913725582,1.7907766485878136,3.463245192815464,130.9111134102459,1.0309701537739508
1156.7382480383978,28.185273862699017,12.407562670494137,7.656162646388838,284.95589575359475,0.0,7.156176377507542,0.0004506485192133644,0.0004738146052307773,73.12275633133581,1.0456587154135246,0.04067387704592216,19.27932495738471,1.004786802553515,2.602660878521972,54.754678256847896,1.0132377937050945
1332.6944551823574,35.57827441395014,14.136763203722428,7.859621749697482,467.9629118729414,83.47615716786409,6.554610487228388,0.0004143397706715941,0.0004979840812126743,104.58409682262874,1.0340495687335007,0.04000559367810057,15.64714763692276,0.55934338669855,1.3103146130080927,227.26795680679805,1.049909058735364
1332.2253804151048,15.125352400580816,14.8176890531886,7.118412259250609,68.23994100692842,0.0,7.121789820759866,0.000926461392313701,0.0009854743768508527,101.15448413485382,1.0777721546481267,0.04042804595967076,21.22379626667253,1.6324946083006586,1.470940649156884,105.87422241724099,0.9910843427274666
842.625841626195,32.53384805967434,14.43302036432068,7.595906760761007,421.54803798159963,0.0,6.5916244720090305,0.0002863245731224591,0.00028797953534163387,67.1877991267798,1.063542925571457,0.038606116604290176,17.105039753666503,1.2609197310733435,1.5460193842742354,65.0196448044909,0.9449892502866184
1228.078485967951,25.98367087337759,12.671645715943132,7.764339926105872,387.5638421924317,271.89513701046155,6.989814526685435,0.0005106956534216608,0.000580158371571791,105.07800999933798,1.0741601294281085,0.036832700357218404,16.761472052012735,1.7207004626744693,2.1218763073156572,124.6419624506871,1.0335909484357129
1142.024570575081,12.626113291346012,13.11770450769869,7.909807805737386,32.21011510263577,402.896977317764,7.154034690680925,0.000913888851843153,0.0008630724147635747,58.91604559972038,1.0597200728242202,0.044731081354751276,23.098531193052004,1.4916506912373166,3.826026007461608,111.51067482500102,0.8776696554476849
948.4196686026862,10.382048468171062,15.209412808785014,7.284780280091702,31.413521117136572,181.27548176304296,7.129389099420502,0.0009127520009186091,0.0010536391932928018,100.76059203690664,1.0470999375444179,0.03996656718086565,15.126151167080952,1.9606959612014165,1.477132722478024,156.80697686861407,0.995320591442175
1251.760571342626,32.984618206047685,16.3260217102165,7.120390078718619,319.1939342308585,362.8421030537035,6.312968249085641,0.00041374815095415296,0.0005196780185727453,58.38382089496628,1.054293662165054,0.04101565894864007,24.515516965272994,1.2439036274227595,2.901656150090628,196.30584558835054,1.0749706960783925
1346.2700715947558,16.0855869912945,16.298013715715435,8.249532914448093,91.09357219482723,0.0,7.160178396171006,0.0008850728826417289,0.0009291180086959394,104.95619703876606,1.035493483801923,0.04862123697385525,23.832376984500858,1.2538956248122048,1.7826768633283225,122.15888131302009,1.0412176284777583
1020.8133781098456,12.762317355638155,16.03205669887062,8.103106042500613,37.14623660548221,0.0,6.759538413381894,0.000827418760944647,0.0010169539581053324,53.867714113663496,1.0609260380223104,0.04643830320554589,17.293870640730272,1.9311999067047994,2.2810097941229324,178.06789776822222,1.0908278818264687
1360.7299583816714,27.044632081552997,16.042508968901636,7.232156841128185,446.9760894666766,342.8339406553787,6.432776541556543,0.0005432151696873754,0.0006300771163360647,76.39003335723123,1.0634981357734312,0.048909464408184264,17.352778460704958,0.778301552450292,3.2550246247617958,239.56834157664076,0.9764955009284841
747.2889481435071,28.37169833640503,12.051454142139514,8.069391099105612,262.7186567923321,0.0,7.051660687542825,0.00028931968368663586,0.00036669187097144285,46.28520934056789,1.0574415394787713,0.04461503539233773,19.807572871174745,1.075058521999304,3.3168391168326394,242.54302898401454,0.9767023770247979
777.2963550509432,33.271734866154276,13.30864201303483,8.056027769776394,611.2017729988503,266.80267051017194,7.216094293252968,0.000255808195439085,0.0002827619797198411,36.27848042676445,1.0677805617394378,0.046644777425082815,15.565815815593636,1.965665824301331,3.3416474412228614,126.05064639274035,0.9584290595378826
1242.5484429246903,23.008271086631865,14.019697360676695,7.235994727325702,148.34163682803327,0.0,6.651233962111138,0.000586268805914983,0.0006599597937366764,67.1085192645554,1.045099102395744,0.046300752236955074,23.16142879047753,1.979977814763416,3.9002295987649402,223.31761978238518,0.9570569347901494
885.7192117576775,18.111048183270285,13.537448063243975,8.045974223882435,133.1921255298754,0.0,6.79829272199776,0.0005222330734935153,0.0006284062159588601,37.19970238827247,1.0749512777384427,0.04177242657875762,20.21643706817805,1.7133168434078239,3.1301673732123225,191.6419633387324,1.0127439550593547
1103.41463144516,18.27458648230346,14.329268805632774,7.4967784658476395,188.1975300036631,326.8773037786936,7.466494930216977,0.0006349129914168859,0.0007623230957043364,42.663478052553984,1.0636546824432551,0.04812576870025827,23.379703901626495,1.5444532596144085,1.5783415272412338,129.9270169711138,1.0774456243380885
1034.7213210779232,15.323740502019334,14.396303993982821,7.434455886374991,108.23362068668835,412.0659323992342,7.375224987342041,0.0006959485210860309,0.0007690756725194785,64.00254042056622,1.041773734683004,0.04018998465749552,23.259100776447518,1.7421466713206646,3.851730763780134,107.05391613490518,0.9932240778614152
761.4210719547763,26.516132595047317,14.038528248651874,7.208667456182985,218.43799606588215,0.0,7.175299917994248,0.0003142906646100827,0.00040676672437542767,98.72228790135394,1.06375679384127,0.039599084415108426,21.279881812583326,1.8287992789793486,1.811399916117301,115.21318842786586,1.129430632334931
1234.79378763976,34.499080788221505,12.062393363427024,7.768866330233318,301.16369591533885,71.83231477666827,7.64804323459143,0.0003955973173907135,0.00042992094076546697,63.04666592578783,1.0648020910443838,0.04334742817907954,22.26618424456447,1.453074112099249,2.2401931803801265,77.55105815840626,1.0346844344287647
1224.834516804527,12.201761200598806,17.190551526338655,7.796932907723945,38.37636251051505,0.0,6.222216153885277,0.0010333277674838162,0.0009209345291335651,33.547502951913565,1.0755196294425131,0.04392249297592351,24.93276868578979,1.2278164835599799,3.7732678409293783,83.5927601011323,0.846687835217344
760.9682623076075,20.052552840424376,17.74106148526607,7.66483538941921,120.04322826621745,211.25153574627177,6.302336766050142,0.0004041291436430889,0.000453959027199632,68.25564785599289,1.0540728933556203,0.04444774991969279,17.960355011476594,1.2949118733137903,2.3653312899248338,56.934269930963396,1.0506035383071688
850.1023372055288,19.147336259556866,15.694125930875481,7.129804125464353,189.52734525558714,260.2452881244649,6.335607787637435,0.00047009667695259856,0.0004900980035174745,68.01741133846,1.041741060713322,0.043984719429440634,17.57818792302454,0.9726201990212144,2.745578706552577,67.47932294241,0.9599408759297082
1270.854886806806,12.0852355700527,13.636691249714229,8.034482737524966,23.265694739752256,168.6907586827794,7.2060672768225595,0.0010712146546953604,0.001175911964146113,52.42980713869312,1.0369274971200337,0.0360561761746567,19.91436060813831,1.0664123916063768,2.8654058050573417,161.5107909084382,1.0044768011068381
1357.7156339454527,25.465342724738633,14.701957078913168,7.411823928620572,275.92382758125234,0.0,6.465349181276858,0.0005822402783627891,0.0005689501751713965,60.43251769532526,1.046660354573225,0.04734667689361455,16.74409081156104,1.6572207277239674,2.0562930946314912,63.22412686096737,0.9406150534529164
1324.9301155104522,35.55819633611102,17.473053187659424,7.343854925116423,879.3348475570862,104.71857741581286,6.180058861871611,0.0004117644693472287,0.0004564496621907749,72.78926151793462,1.0512447224947175,0.0464365937699885,21.613300548101186,0.5704375160336862,2.061231656780801,215.758361433711,0.9554113112772374
1038.448584489482,17.19365472699979,15.598030390367985,7.833460847661544,195.9908091286184,258.0402684274221,7.298439275998652,0.0006340034634431033,0.0008864538024564764,76.35957485631849,1.067340721664647,0.049109082753218083,24.276061184642224,1.8106897085818408,2.4066487484089167,211.02764013348926,1.1758947969381996
933.8336539368363,28.90491168073409,16.180922343216427,7.240206203775533,439.8028838105074,115.22674032542895,6.339190389486358,0.0003534531905382443,0.000478162958395183,84.68677409599647,1.033063160588954,0.03932792457531901,21.223384844082744,0.9262046053919601,1.9958385092448852,231.77016561273052,1.0841312377982462
994.4059864683426,33.41505542925367,16.200138598289506,8.183459297297253,280.0586055007328,366.2090513205883,7.192125505614162,0.0003246131992818149,0.00037849776992436574,114.99923106264528,1.0355322107340104,0.03879604759119678,18.353027692605053,1.37041513534466,2.124971450177817,227.17861096767194,0.9696878777888666
785.2302488279272,17.036899063159417,17.88504092768941,7.842583684815932,131.76441514259045,0.0,6.526582886092942,0.000489714602839067,0.0005514601071626951,115.22859396178218,1.0671656901467435,0.046522788568201516,21.004003308998378,0.7816745144078221,2.5061348023437504,174.67909075020896,0.9394217648015594
1033.8793212124904,33.893610197506064,15.93026698184201,8.02600580872962,441.0204139508108,0.0,6.756794833756196,0.0003378039935040303,0.00033983712757771283,91.5722685783438,1.039992421367687,0.03690737050328572,21.21408886013817,1.7186937449499586,1.5704571184429188,76.39026302857125,0.9681572093360944
827.6305026651635,29.457676738662116,12.649046166487569,7.44284325281053,340.68478571043204,0.0,6.9022313753417865,0.0003091819208805233,0.0003420092623089088,63.162481404855725,1.0312221256636072,0.04041694578695607,15.295459451058363,1.6298909777398447,3.941749904125705,140.03989816423768,0.9493266719714916
773.9968212174258,26.786760204704045,15.032963539623527,7.556920875892434,451.9706753986835,0.0,6.799779363552152,0.0003164144955666256,0.00040549703149000233,31.379609991811282,1.0344240706356584,0.0496078178648585,22.37414449726664,0.7835782716381998,1.577940078884946,186.95467081499905,1.0488123168121297
944.1245863428834,15.047571791930594,17.533216389956277,7.326822299511413,48.97884956345835,240.60342285684195,6.399242933566081,0.0006512794454060884,0.0008780882368847021,69.49796882229785,1.0625227538852045,0.04042780665089876,17.723887170058113,1.2239112655520192,3.9044810211091807,220.65128334950958,1.0936740840024124
697.7417282833667,17.212427438778246,12.77701311766499,7.3263860945805455,135.26477633591662,0.0,7.467960524886579,0.00043115950169174964,0.0004954653582988521,54.790064813752466,1.0594663025404283,0.042724514915132045,17.96686551055009,1.2547504721208524,3.3007994411455313,215.14017281590753,0.8819787393791356
1013.9355200052435,12.64039447213992,12.306561202412512,7.539539664669447,39.04505644961906,0.0,7.8487932675806125,0.0008290567143593982,0.0010522773863448317,85.85931509667506,1.0766019653068717,0.04152043293702882,15.92403063348471,1.3898860041830376,2.0440088750602863,243.2557740944677,1.0350582742117391
1189.5943018450246,33.28878955580731,12.302291051403095,8.023250020923143,336.51375534464626,0.0,7.162669850826711,0.0003954799314093855,0.000397754976119882,49.01075678138814,1.0372063045818334,0.04632922207537461,22.91154547520593,0.5524385956676876,1.484793026253445,66.66673800516972,0.9930516411256302
1154.7942662205126,31.032784087693326,12.419622078350208,7.654000632225849,642.2642710970739,0.0,6.832545372662992,0.00041052232990703856,0.00048298671463512487,84.35687729199411,1.0631971982175974,0.045309130908650914,22.558701879323912,1.6759037404930892,2.977879997887896,247.42490050674078,0.977415879256022
1406.751297124428,12.251332802154588,12.981950242718884,8.083269477814849,20.64379851583647,4.685106899251365,7.70917751432815,0.0011824336401779563,0.0013398336095861846,53.72570182489709,1.0334377976335587,0.0405875418866794,17.151121998941637,1.5458775381855794,3.504998269025619,128.33121331223396,1.0636952060652767
1337.1481729725083,23.806385198357816,16.625751624466588,7.145256193106862,247.7964665557014,373.02734027782094,6.651752521321804,0.0006008469043316776,0.000606853522129828,45.11362255670062,1.0707580044506984,0.045944862792697466,19.105781093987385,1.423450342879865,3.862111854797427,82.17612714898857,0.9402487911834092
1141.0588608617047,15.540581470209313,15.59693222741786,7.37595439131261,93.87632857886706,0.0,6.73154823428595,0.0007741664676795434,0.0007739059084611676,34.98295301556402,1.0554074654029382,0.04335796188237795,22.395421010676024,1.0264864059968561,2.253956466789375,91.2480167348114,0.9334633204264424
1346.3504235626642,29.906212876713074,16.39028829836823,7.047658771691172,184.84417554166353,0.0,6.947896026887185,0.000495724137215906,0.000569503281985444,73.21285592201276,1.032642590895472,0.0407063885148323,19.78271648734954,1.4362302588372904,2.066677099886792,218.16824609411088,0.9913673334586734
993.7795247159665,24.901634784409303,15.339308848277769,8.187286226306059,172.41619746847095,202.1005122981576,6.994770977119671,0.00043140338031980957,0.00045585793545915046,41.22474658144149,1.0301730532449553,0.040607646417599196,21.454086116296324,1.3688397185829446,1.2748149894673164,194.01138702472534,0.9425841011825307
1269.524068330438,34.5799900643799,14.123468282609135,7.081926564440214,324.61601185818324,0.0,7.084788776630466,0.000406931784246302,0.00041311338147774474,47.33989610342287,1.0775004098255656,0.041931982870107916,19.412145719695992,0.9196140259596957,1.6765751672931457,80.55757144086127,0.9581905890013459
869.3251021333373,28.905599388423497,16.719212735788542,7.704621366092452,432.656524265636,0.0,6.31371640219697,0.0003306091218324307,0.00042427753503349914,54.52816382228691,1.0538247151022921,0.041808610531833934,22.988480568263615,1.1117620243828497,3.1508077572819264,186.85401828888658,1.0662444495371923
1057.7748078227787,12.617863068254035,13.018645619302832,7.875348546043098,49.47741708700888,420.43796919567035,7.531963439874735,0.0008461320918939185,0.0009287146086687123,44.16700698504536,1.075895743221671,0.03513683691167302,22.864040601025557,1.9177044408871098,2.7273526777535952,245.10256822397048,0.901074788368055
1410.3372800848,19.692302305954602,14.159149294272117,7.265368343102112,202.35628168669092,268.3259120763863,6.7845623072840295,0.000759696457571109,0.0009418513241241332,31.161834156185346,1.03665653929065,0.03522996654904587,22.322116530031778,0.9591624627353965,3.485529489534826,165.18374421240588,1.1044135931786663
1113.8661618067922,24.983122112741967,14.492015003787968,8.27401032715607,287.7634667918495,312.5849328994327,7.094166945640451,0.00047972857651248577,0.0005830292422528274,41.078162371642605,1.0537414441189952,0.03795292288913239,16.230207336918994,1.2358612845799422,3.9544933783559646,115.37878607403897,1.114758154490639
1042.2836301986645,33.707797824899004,16.081788693718035,8.274899974248887,220.6804473672836,413.2214897772516,6.447633011370993,0.00033680532020948216,0.00035252446748776557,95.62949242868717,1.064703312574931,0.04526035780740671,19.941881549033965,1.0244171496286232,2.486397914249752,109.19423118008602,0.9741457934419072
1260.52530655661,19.644635551148447,16.565965925529845,7.30973885519752,179.42763347382888,0.0,6.42132451473701,0.0006892592294857294,0.0007707499736173716,67.91186080034404,1.0330076016562697,0.04954516039722295,20.876864301756513,1.5053070861530728,1.0053305946158289,96.22205277313654,1.054115839876712
891.0139758123236,14.885211016822032,15.400517219344046,7.18141959760673,67.90955356186142,31.30283913318913,6.9694090518204685,0.0006276564829800185,0.0006725960390320473,90.64634149848737,1.058049527430771,0.03510567712922995,15.718226053786225,1.0946255700100957,2.225784990437383,150.33212162441657,0.9195039506050761
1294.552248412289,17.36610702729622,15.648213578002926,7.844672149277538,179.18625748257818,28.667610399235254,7.047631191157024,0.0007922125084967063,0.0008803892756891524,92.48064590279421,1.0781660239806694,0.035071168882087674,21.221404243401416,1.8821910630214997,2.3641933317678996,198.37894034279122,0.9794767956587563
662.4285897073794,16.452282621961086,13.686092389484719,7.669028044551568,163.335277141671,0.0,7.592810846329311,0.00042664959833074885,0.0005373807849750745,84.35524618481082,1.04262221028105,0.04296247598680905,23.03086916036471,0.7272249868646905,2.6635477793842313,212.19329228406585,0.9659178296019569
833.3634326066409,14.016774092382544,15.559161390883872,7.785555810549718,124.61057177033548,337.8390928908334,7.001178056733733,0.0006096998207272974,0.000632887694419578,81.14707426537667,1.0427961431804416,0.047572923603279804,20.972956972146754,0.9498908921197468,2.468392127527758,100.36573175599501,0.9373867555776593
785.8983284073674,18.941446699878007,17.06021267621513,7.803485597304537,192.11714682098454,0.0,6.733501126171261,0.000444499271769802,0.0005946706712253569,106.24366513686235,1.0426221248245175,0.04796088586446818,24.44676171706635,1.9528477050385629,1.5887272784293185,215.588780597938,1.0814799189488726
848.2186415496748,16.474062435106603,14.635745319231614,8.242966464793916,139.54316441814058,0.0,7.063902277766594,0.0005456299156420735,0.0006786379256341318,37.22247837930938,1.0562360729405509,0.03708431647471527,17.633703636759886,1.487961158249414,3.1201315652972856,209.2427866754735,1.0319548971910493
1383.6235001340133,23.272099824766318,16.509903274434958,7.998987777021568,172.22055637050843,0.0,6.483555178124947,0.0006458238362955438,0.000727169126252765,58.30268943001609,1.0466812606086888,0.03968228189736068,22.48464972479278,1.5961899848450782,1.4786863431676331,115.22024208759605,1.0823813696081885
666.5903391861353,33.25065891969179,15.048358248606249,7.406383901316302,431.63892287225707,0.0,7.308049990873164,0.00022183261720269259,0.00024401927727205563,30.436783108971987,1.059555319870483,0.0448643720446903,22.389233182751067,1.180339699467912,2.3351799272907425,167.25750682795018,0.8854820411486718
880.4236739022315,34.8124415733063,15.077049294796272,7.971627726921076,299.1209280651926,123.15425040983465,6.976697437494436,0.0002790513616833945,0.0003117145493262367,70.4533797490156,1.078418740277584,0.047483809287661306,22.590085176020924,0.597109471058226,2.039275712794459,132.61109950901468,0.9934423298732042
1094.8760128025979,14.144894954589946,15.64821011330418,7.583969827702877,86.06800712383617,0.0,6.378731611125083,0.0008090702038366224,0.0009408759972329189,108.01709127067951,1.0343172748302378,0.04793325388812053,19.66305352893717,0.5706828148180896,3.251283362757645,230.69492346934368,0.968934350914225
1195.0036031428808,24.80521987174658,12.83983009729375,8.268093099164975,183.71179224487807,0.0,7.231104128181713,0.0005253514766292532,0.00046249974346318604,76.94206569974426,1.0770470281887234,0.04013090380669843,21.04105245187484,1.6566290033847686,2.002353759231137,55.09920003411779,0.8875203251960754
1250.003886996472,27.52012738997532,13.291723050082284,7.620609882149101,294.73592422986934,366.687497561788,7.01741781394312,0.0004904318739016948,0.000589026362715563,106.82372358259057,1.068971855054191,0.045138714879622094,23.247116300150918,1.9625114929238905,1.3920966999950686,128.6466611511719,1.0935168067891152
946.1967536697294,13.965395470543928,13.052790254827537,7.014227070837596,48.467498427065244,77.08339073744156,6.8679020603796,0.0007044520371840702,0.0008301941758297757,85.18489934791566,1.0615017470677333,0.04401496419745478,24.94374485996716,1.217164441697346,2.078277935463812,161.98103028010507,1.0105505396346839
819.2952495127405,23.826785187233916,15.210590445175672,8.192052532972154,213.12504360202945,0.0,7.06292123424124,0.0003740615995408466,0.0004916664475286267,34.104754271451526,1.0484333154282044,0.038307332495538686,18.703517287942045,1.5688882590993063,3.732480765659946,246.78773955960293,1.0338827229695577
1311.1303046390553,15.201391953964233,16.014957571293937,7.359848175457435,97.88078361954604,43.74593336942344,7.051200561460941,0.0009055169989648537,0.0012090175132029176,37.77700674708582,1.068236284713113,0.04625376530524385,18.158810158297012,1.011147010503834,3.48486944574178,240.48861060467613,1.1329605759498313
742.9877086580044,19.46587085882834,16.245123430654278,8.06801961743653,138.63806587206255,292.92849605983236,7.10158577796677,0.0004040101827882186,0.0004731429263799863,90.26373482372176,1.037044012807672,0.037130804835796595,16.818017872918873,1.630252407316814,3.9714030987607916,165.71641393663663,0.9621720573724885
698.5870305425772,18.422462153517277,13.250546283818421,7.795007686506093,155.16596008106626,0.0,7.568202744470383,0.0004054649897076343,0.0005968413110634639,115.91848507650458,1.0310289649430726,0.045393754893886945,17.680111208587565,0.9043638135020116,2.707984142129687,216.63421040000108,1.1402171796021714
