Control,Perturbado,Estrés (100×W),t_d
0.35,0.35,0.35000000000000003,0.0
0.3499963257583531,0.3499963232143149,0.34999632320228125,0.041666666666666664
0.3499967162674418,0.34999671371503227,0.34999671340427757,0.08333333333333333
0.34999923190798604,0.3499992289037848,0.34999922632846975,0.125
0.3500017208627285,0.350001717424875,0.3500017090080487,0.16666666666666666
0.35000203319502926,0.3500020300982808,0.3500020084107767,0.20833333333333334
0.3499982254257962,0.34999822697194344,0.3499981811814821,0.25
0.34998874505749356,0.3499887465946538,0.3499886681112166,0.2916666666666667
0.3499725360863673,0.34997253761849406,0.34997241124710343,0.3333333333333333
0.34994909558246723,0.34994909710834676,0.34994890347646584,0.375
0.3499184592337586,0.34991846074679483,0.34991817557768323,0.4166666666666667
0.3498811419412363,0.3498811434769853,0.349880736908326,0.4583333333333333
0.3498380518133184,0.34983805333893575,0.34983748943536375,0.5
0.34979039580800325,0.34979039746762874,0.3497896336811146,0.5416666666666666
0.3497395897031529,0.3497395909655619,0.34973857851483986,0.5833333333333334
0.3496871786562026,0.34968717989037573,0.34968586524385187,0.625
0.34963476843133884,0.3496347699987333,0.3496330904974128,0.6666666666666666
0.34958396308420464,0.3495839646007039,0.34958185570408923,0.7083333333333334
0.34953630269916314,0.3495363041636394,0.3495336976929266,0.75
0.34949319499687004,0.34949319629863784,0.3494900226726806,0.7916666666666666
0.3494558369807773,0.34945583820193155,0.3494520277543855,0.8333333333333334
0.34942512572172246,0.34942512696165456,0.34942061198352986,0.875
0.34940156590435906,0.34940156686279755,0.3493962828679261,0.9166666666666666
0.3493851841065973,0.3493851848786083,0.349379071526242,0.9583333333333334
0.34937547131751173,0.3493754718768431,0.34936847341097177,1.0
0.3493713706670159,0.34937137101269583,0.3493634359690059,1.0416666666666667
0.3493713268954692,0.3493713245213288,0.34936240815600644,1.0833333333333333
0.34937340353456625,0.34937340121235627,0.3493634572145681,1.125
0.34937545747931087,0.3493754459663694,0.3493644409206148,1.1666666666666667
0.34937534662712294,0.349375333668297,0.34936321300172174,1.2083333333333333
0.3493711374043909,0.34937112452031704,0.34935784559800986,1.25
0.3493612807001544,0.3493612676037374,0.3493467733962961,1.2916666666666667
0.34934472588305393,0.34934471266246253,0.34932894567530626,1.3333333333333333
0.34932097191004474,0.34932095855987566,0.3493038541254532,1.375
0.34929005415196035,0.3492900406620644,0.34927152591284305,1.4166666666666667
0.3492524851706375,0.349252471519533,0.349232464977107,1.4583333333333333
0.3492091690712412,0.3492091552598821,0.3491875666434127,1.5
0.3491613075457843,0.34916129357789133,0.3491380243645879,1.5416666666666667
0.349110310223375,0.3491102960455808,0.34908524077829645,1.5833333333333333
0.3490577155723577,0.34905770657306306,0.349030756520831,1.625
0.34900512242039405,0.3490051161900567,0.3489761529961749,1.6666666666666667
0.34895412791243563,0.3489541221838974,0.3489230285674479,1.7083333333333333
0.34890626550715653,0.348906259545123,0.3488729198757546,1.75
0.34886293694309556,0.3488629305851557,0.3488272319854364,1.7916666666666667
0.34882533395930176,0.3488253273652509,0.3487871629716236,1.8333333333333333
0.34879435005329446,0.3487943431423234,0.3487536142705086,1.875
0.34877048735099503,0.34877048011914186,0.34872709816260544,1.9166666666666667
0.34875377266339197,0.34875376507708855,0.3487076516836316,1.9583333333333333
0.34874369922779497,0.3487436911562563,0.3486947786316205,2.0
0.3487392144898455,0.3487392049475465,0.3486874355827406,2.0416666666666665
0.34873877002117737,0.3487387606314816,0.34868408427491526,2.0833333333333335
0.34874043765621504,0.3487404288429929,0.34868280147332426,2.125
0.34874208361803194,0.3487420743338124,0.3486814551879381,2.1666666666666665
0.3487415746449057,0.3487415629353731,0.34867791328109415,2.2083333333333335
0.34873698574503054,0.3487369676165259,0.3486702477846453,2.25
0.3487267741943216,0.34872675575109163,0.3486569091644947,2.2916666666666665
0.34870989382405587,0.3487098750658726,0.34863684358601904,2.3333333333333335
0.3486858457564095,0.34868582667401155,0.34860954220386176,2.375
0.34865466518237037,0.3486546457522254,0.3485750291313741,2.4166666666666665
0.34861686244711837,0.34861684267921245,0.3485338031953956,2.4583333333333335
0.3485733377767509,0.34857331768354666,0.34848675342321456,2.5
0.3485252877211017,0.34852526739897366,0.3484350661311417,2.5416666666666665
0.34847411592878536,0.348474095121369,0.34838013653083477,2.5833333333333335
0.3484213542022672,0.34842133372752954,0.34832349083093667,2.625
0.34836859464031694,0.34836857379129615,0.34826671653544455,2.6666666666666665
0.3483174276007727,0.3483174063523283,0.348211404180867,2.7083333333333335
0.348269380030842,0.3482693583654122,0.34815908358474595,2.75
0.34822584766753056,0.34822582565343246,0.348111156645856,2.7916666666666665
0.348188017388714,0.34818799489284824,0.34806881936575623,2.8333333333333335
0.3481567786606919,0.348156755728238,0.34803297322757354,2.875
0.3481326319441352,0.34813260841130306,0.34800413222848453,2.9166666666666665
0.34811560353411963,0.3481155794974799,0.3479823374104741,2.9583333333333335
0.34810518895938863,0.3481051643789258,0.3479670984012568,3.0
0.348100340212688,0.3481003150076676,0.3479573801364307,3.0416666666666665
0.348099515545437,0.34809948698468857,0.34795164927782263,3.0833333333333335
0.34810079497741697,0.34810076597267603,0.3479479988468968,3.125
0.3481020533176764,0.3481020236904801,0.3479443054640306,3.1666666666666665
0.34810116669919494,0.34810114066764297,0.3479384486537759,3.2083333333333335
0.34809621803326674,0.3480961962023449,0.3479285075541982,3.25
0.3480856712267272,0.34808564889465926,0.3479129301171878,3.2916666666666665
0.3480684844343587,0.3480684615972084,0.3478906707467445,3.3333333333333335
0.3480441608483248,0.34804413750014024,0.3478612205708255,3.375
0.34801273548024597,0.3480127115914863,0.3478246012520863,3.4166666666666665
0.34797471649803097,0.34797469210525306,0.3477813071619825,3.4583333333333335
0.3479310003151946,0.3479309753954283,0.347732221394498,3.5
0.3478827784218952,0.3478827530544919,0.34767852357316026,3.5416666666666665
0.34783144858104403,0.3478314225671852,0.3476216013849725,3.5833333333333335
0.3477785361572903,0.3477785099763555,0.3475629739386347,3.625
0.34772562651231664,0.347725599713722,0.3475042217192765,3.6666666666666665
0.34767430336676164,0.3476742759831585,0.34744692897626545,3.7083333333333335
0.34762608714043475,0.3476260593252892,0.34739261996268883,3.75
0.3475823688177898,0.34758233977954683,0.347342691919277,3.7916666666666665
0.34754432867125806,0.347544298945254,0.34729833794008097,3.8333333333333335
0.3475128532423109,0.3475128229195824,0.3472604578478735,3.875
0.34748844057065326,0.34748840975590933,0.34722956539078975,3.9166666666666665
0.3474711178168239,0.34747108603128507,0.3472057039116042,3.9583333333333335
0.3474603817548933,0.34746034906518364,0.3471883879691971,4.0
0.3474551890905341,0.34745515546491823,0.34717658886752983,4.041666666666667
0.3474540043071567,0.3474539698061679,0.34716878291577274,4.083333333333333
0.34745491573036996,0.34745488012368014,0.34716306833502686,4.125
0.34745580696572675,0.3474557730175158,0.34715733799495735,4.166666666666667
0.34745456293084315,0.3474545325843096,0.34714947168248234,4.208333333333333
0.34744927447097573,0.34744924404031835,0.34713756498565757,4.25
0.34743841190752095,0.3474383808075908,0.3471200681470254,4.291666666666667
0.34742093766902343,0.3474209059040616,0.34709593906592284,4.333333333333333
0.3473963569782833,0.3473963245458333,0.34706466949661896,4.375
0.3473647046686484,0.3473646715509844,0.34702627928390284,4.416666666666667
0.3473264867694096,0.34732645295813086,0.34698125892016546,4.458333333333333
0.3472825959502286,0.34728256144493946,0.34693048604591936,4.5
0.347234218727995,0.34723418356552715,0.34687513379723334,4.541666666666667
0.3471827470770744,0.34718271384604377,0.34681658281345884,4.583333333333333
0.3471297000696341,0.3471296764477038,0.34675634446575626,4.625
0.34707665646068714,0.3470766322081244,0.3466959925997979,4.666666666666667
0.3470251934478735,0.3470251684609384,0.34663710461563824,4.708333333333333
0.34697682533594826,0.34697679959535566,0.34658119851210367,4.75
0.3469329363168081,0.3469329099506283,0.34652966634657223,4.791666666666667
0.3468947035041776,0.3468946763217528,0.3464836967996334,4.833333333333333
0.34686300904943684,0.34686298111052044,0.34644418706476693,4.875
0.3468383493168678,0.34683832046318186,0.3464116504703278,4.916666666666667
0.3468207504960518,0.346820720790259,0.34638613147189257,4.958333333333333
0.3468097123342051,0.34680967912899413,0.3463671474198847,5.0
0.3468041955173529,0.3468041615446386,0.3463536756484572,5.041666666666667
0.3468026709456055,0.34680263495745356,0.3463441977390226,5.083333333333333
0.34680323476253583,0.346803199527638,0.34633682631562124,5.125
0.34680377919747096,0.34680374284696286,0.3463294576928257,5.166666666666667
0.3468021978653881,0.3468021607684184,0.3463199868675957,5.208333333333333
0.3467965897656064,0.34679655506256657,0.3463065095434256,5.25
0.3467854307855379,0.3467853951877225,0.3462874932729741,5.291666666666667
0.34676768791835694,0.34676765153162675,0.34626189385642114,5.333333333333333
0.34674286837086615,0.3467428311945077,0.346229204224275,5.375
0.3467110067987787,0.34671096882825464,0.34618944294775644,5.416666666666667
0.3466726071343581,0.34667256836515314,0.3461430971826646,5.458333333333333
0.34662855837001727,0.3466285188037589,0.34609103953863307,5.5
0.3465800418463301,0.3465800019624142,0.34603443684183405,5.541666666666667
0.3465284433029651,0.34652840330131346,0.34597466597229903,5.583333333333333
0.34647527674601836,0.34647523710277756,0.34591322785568734,5.625
0.3464221150914131,0.34642207462721136,0.3458516867702394,5.666666666666667
0.34637052825213255,0.34637048694900296,0.34579161562507676,5.708333333333333
0.3463220243863547,0.3463219822228467,0.3457345258621956,5.75
0.3462779821372276,0.3462779390602572,0.3456818037658433,5.791666666666667
0.3462395737340153,0.3462395298177834,0.34563463334165806,5.833333333333333
0.34620767791675716,0.34620763307770874,0.34559390849911015,5.875
0.34618278897590893,0.3461827431591651,0.3455601408790619,5.916666666666667
0.34616493311646146,0.3461648863328484,0.34553337562111697,5.958333333333333
0.3461536120642008,0.34615356430160643,0.3455131329956836,6.0
0.3461477909847353,0.3461477419647514,0.3454983953630999,6.041666666666667
0.34614594670584614,0.34614589701050896,0.3454876547570634,6.083333333333333
0.3461461828420944,0.346146131518575,0.3454790278557269,6.125
0.3461464005625006,0.3461463473765533,0.34547041957548574,6.166666666666667
0.34614450246916356,0.3461444478032474,0.3454597373135135,6.208333333333333
0.3461385955705902,0.3461385386320863,0.34544508416616065,6.25
0.34612715937704214,0.3461271015629263,0.3454249347117233,6.291666666666667
0.34610916653661017,0.3461091078492522,0.3453982484955136,6.333333333333333
0.34608412621155527,0.34608406665035074,0.3453645200147532,6.375
0.346052072883349,0.34605201242345796,0.3453237669971251,6.416666666666667
0.34601350842108725,0.34601344706881826,0.34527647365047176,6.458333333333333
0.3459693182171887,0.34596925598717765,0.3452235080065573,6.5
0.3459206791430375,0.3459206160157993,0.3451660310810197,6.541666666666667
0.3458689718919718,0.3458689080089622,0.34510541309491943,6.583333333333333
0.34581570329797706,0.3458156416922206,0.34504314792646645,6.625
0.3457624393505301,0.34576237668012627,0.34498079235086904,6.666666666666667
0.3457107445420798,0.34571068095258306,0.3449199124328345,6.708333333333333
0.34566212101023,0.34566205649336174,0.34486201281691653,6.75
0.3456179417899797,0.3456178764651268,0.34480847372210705,6.791666666666667
0.3455793747552492,0.34557930846091645,0.34476047408763477,6.833333333333333
0.34554729497384035,0.3455472277670221,0.3447189040976873,6.875
0.3455221945836791,0.3455221265376233,0.3446842733875691,6.916666666666667
0.345504100410292,0.3455040311390436,0.3446566271817123,6.958333333333333
0.3454925155618811,0.34549244521947126,0.3446354881819945,7.0
0.34548640932987484,0.3454863330787022,0.34461984349049596,7.041666666666667
0.3454842648672001,0.34548418761312644,0.3446081928537907,7.083333333333333
0.3454841935773011,0.34548411579450694,0.3445986585773747,7.125
0.3454841046358486,0.34548402580918297,0.3445891596103901,7.166666666666667
0.34548190844768345,0.34548182900945307,0.3445776098554141,7.208333333333333
0.3454757191165268,0.3454756408584334,0.3445621211822125,7.25
0.34546402449254443,0.3454639455380732,0.3445411745615075,7.291666666666667
0.3454458001690259,0.3454457202876207,0.3445137341437809,7.333333333333333
0.34542055697389984,0.34542047616876065,0.34447929634557145,7.375
0.34538832921488216,0.34538824748631486,0.34443787838799556,7.416666666666667
0.3453496167408415,0.34534953408748786,0.3443899619649876,7.458333333333333
0.34530530141183774,0.34530521783020995,0.34433641075459764,7.5
0.34525655542483974,0.34525647504538765,0.3442783802110396,7.541666666666667
0.3452047539927917,0.34520467272636507,0.3442172307557744,7.583333333333333
0.34515139801279565,0.3451513153608007,0.34415445329568517,7.625
0.34509804729061705,0.3450979636935836,0.3440916004158007,7.666666666666667
0.3450462601628018,0.34504617560211664,0.34403022696450836,7.708333333333333
0.34499753287587565,0.34499744734129184,0.34397183140710574,7.75
0.34495323303930514,0.34495314673906224,0.3439177877941388,7.791666666666667
0.34491452404318795,0.3449144366988259,0.3438692696607074,7.833333333333333
0.34488227752126793,0.3448821891731559,0.3438271633345837,7.875
0.34485698369507467,0.34485689449999024,0.34379197574022224,7.916666666666667
0.3448386694189664,0.3448385788857465,0.3437637521609925,7.958333333333333
0.34482683965070277,0.3448267478566721,0.34374201773650265,8.0
0.3448204678341225,0.34482037489278156,0.3437257632894022,8.041666666666666
0.3448180430290742,0.34481794985528025,0.3437134961050174,8.083333333333334
0.3448176840620318,0.34481758981779304,0.34370334006775266,8.125
0.34481730827899965,0.3448172123046654,0.3436932367242214,8.166666666666666
0.34481483424877474,0.3448147336891076,0.3436811025545637,8.208333333333334
0.34480838314360734,0.3448082821751007,0.34366505793293267,8.25
0.34479644942414756,0.3447963475059409,0.34364359079461726,8.291666666666666
0.34477801193975666,0.34477790906720196,0.34361566947787064,8.333333333333334
0.3447525836081107,0.3447524797839913,0.34358079251611645,8.375
0.3447201985637551,0.34472009377611157,0.3435389769337747,8.416666666666666
0.34468135467809013,0.3446812489214473,0.34349070206597465,8.458333333333334
0.3446369303492759,0.3446368236344953,0.3434368276952495,8.5
0.34458809320010375,0.344587990067063,0.3433785039839116,8.541666666666666
0.3445362130267148,0.34453610864944156,0.3433170885636172,8.583333333333334
0.34448278478584277,0.3444826793195431,0.34325405868032494,8.625
0.3444293625639927,0.3444292561231187,0.3431909629256236,8.666666666666666
0.3443774985594807,0.3443773911552865,0.343129349973216,8.708333333333334
0.34432868319969223,0.34432857480898443,0.34307071107135134,8.75
0.3442842790158046,0.34428416953918245,0.34301641390287674,8.791666666666666
0.34424544458565787,0.3442453339426091,0.3429676267452279,8.833333333333334
0.34421304844124484,0.3442129365001515,0.34292523175999345,8.875
0.34418757901080377,0.3441874651324812,0.3428897340052125,8.916666666666666
0.34416906260549573,0.34416894658001945,0.34286117780131464,8.958333333333334
0.34415700674643945,0.34415688931388777,0.34283908694344806,9.0
0.3441503885910621,0.344150268972774,0.3428224635977997,9.041666666666666
0.3441477030820535,0.34414758315109195,0.3428098172932502,9.083333333333334
0.3441470761554395,0.34414694514678934,0.3427992872284969,9.125
0.34414643324373506,0.34414630067177415,0.3427888136073227,9.166666666666666
0.3441437008614794,0.344143567055168,0.34277632285342297,9.208333333333334
0.34413700756847354,0.34413687307128143,0.34275995101261175,9.25
0.3441248529083387,0.3441247177832791,0.34273818398211087,9.291666666666666
0.3441062204147476,0.3441060843298264,0.34270999931763285,9.333333333333334
0.34408062450308563,0.34408048746392833,0.34267489784725225,9.375
0.3440480991378436,0.34404796111089797,0.3426328966148088,9.416666666666666
0.34400914024960666,0.3440090012586079,0.3425844728766034,9.458333333333334
0.34396462285328805,0.3439644833839298,0.3425304829579699,9.5
0.3439157100863349,0.3439155693718442,0.34247207156164966,9.541666666666666
0.34386376647801414,0.3438636400555541,0.3424105952623543,9.583333333333334
0.3438102811901649,0.3438101537199931,0.3423475150115248,9.625
0.343756802724308,0.34375667427335743,0.342284377172431,9.666666666666666
0.34370487712949044,0.34370474763382697,0.34222272391691777,9.708333333333334
0.34365598922539026,0.343655858729471,0.34216403960402936,9.75
0.3436114963942475,0.3436113649025992,0.3421096857730556,9.791666666666666
0.343572552823753,0.3435724201797908,0.3420608252499703,9.833333333333334
0.34354002388896204,0.343539889919864,0.3420183359370915,9.875
0.3435143961430152,0.34351426021990794,0.3419827201414803,9.916666666666666
0.34349569576239797,0.3434955582097858,0.34195402188757096,9.958333333333334
0.3434834323496274,0.34348329341285555,0.3419317696401386,10.0
0.3434765869015397,0.3434764462612688,0.3419149633270327,10.041666666666666
0.3434736600288889,0.3434735180806179,0.3419021214609868,10.083333333333334
0.3434727846180932,0.34347264160761753,0.3418913927691618,10.125
0.3434718943060047,0.3434717500918363,0.3418807256760022,10.166666666666666
0.3434689249512857,0.34346877850276725,0.3418680556337618,10.208333333333334
0.34346200740480265,0.3434618660643621,0.3418515268965676,10.25
0.34344965100244934,0.34344950869520774,0.3418296322322782,10.291666666666666
0.3434308414785452,0.3434306982154881,0.34180135382240834,10.333333333333334
0.34340509536483876,0.3434049511519341,0.3417661948950082,10.375
0.3433724464584062,0.3433723012969832,0.3417241725933591,10.416666666666666
0.3433333887895817,0.3433332426838925,0.3416757623998998,10.458333333333334
0.34328879406258106,0.34328864709735774,0.3416218167067306,10.5
0.3432398210316976,0.34323967270048855,0.34156347813545096,10.541666666666666
0.3431878291846346,0.34318769250541176,0.341502084901768,10.583333333333334
0.34313430229537123,0.34313416473544267,0.3414391119691384,10.625
0.343080782458377,0.3430806439347241,0.34137608659097857,10.666666666666666
0.34302881030681787,0.3430286708195204,0.34131454618466,10.708333333333334
0.3429798651482883,0.342979724689601,0.34125596857474844,10.75
0.3429352991727398,0.3429351578993238,0.34120170914190995,10.791666666666666
0.34289626264103107,0.3428961204059705,0.3411529253249832,10.833333333333334
0.34286361752427763,0.34286347432751874,0.34111049080607886,10.875
0.3428378486112251,0.34283770426109067,0.34107490526415324,10.916666666666666
0.34281898237545305,0.34281883626292015,0.34104621206310803,10.958333333333334
0.342806529765277,0.34280638223956333,0.3410239410656755,11.0
0.34279947572884817,0.34279932593599877,0.34100709688364633,11.041666666666666
0.3427963266727645,0.342796176041244,0.3409942043730301,11.083333333333334
0.3427952221862764,0.3427950709795645,0.3409834185628607,11.125
0.3427941034091941,0.3427939498261969,0.3409726945017694,11.166666666666666
0.3427909122425646,0.34279074775256413,0.34095998244257714,11.208333333333334
0.3427837908504923,0.34278363000208606,0.34094342942826894,11.25
0.3427712507269614,0.34277108895713776,0.34092153968422234,11.291666666666666
0.3427522819781579,0.34275211927014404,0.34089329780293154,11.333333333333334
0.34272640286287187,0.3427262392208107,0.3408582094598082,11.375
0.34269364700812177,0.34269348240346575,0.34081629203915526,11.416666666666666
0.34265450659442703,0.34265434103671827,0.3407680192620796,11.458333333333334
0.3426098499461619,0.34260968359493515,0.3407142399788386,11.5
0.34256083148186756,0.34256066462398244,0.34065609246042206,11.541666666666666
0.34250880585179067,0.342508638557867,0.340594922046789,11.583333333333334
0.3424552511709752,0.3424550832113479,0.3405321697267133,11.625
0.34240170464688535,0.3424015358025152,0.3404693736380844,11.666666666666666
0.3423497008087289,0.34234953102806925,0.3404080620656908,11.708333333333334
0.34230071351927355,0.34230054279575006,0.34034970637432826,11.75
0.34225609007723506,0.3422559185515466,0.34029565582320115,11.791666666666666
0.34221697659623684,0.34221680405167565,0.3402470626366329,11.833333333333334
0.3421842318489454,0.34218405839767063,0.3402047961076383,11.875
0.342158338950144,0.34215816437403374,0.3401693535063725,11.916666666666666
0.3421393244223606,0.34213914796835193,0.34014077737483667,11.958333333333334
0.34212670083502167,0.34212652234640545,0.3401185990948883,12.0
0.3421194570010962,0.3421192775572501,0.34010182627426866,12.041666666666666
0.34211610453067975,0.3421159250409321,0.3400889915183142,12.083333333333334
0.34211479070148393,0.34211460858334536,0.34007824521906405,12.125
0.3421134646124079,0.3421132764691044,0.34006757294650886,12.166666666666666
0.34211007473983585,0.3421098839618264,0.34005492319428904,12.208333333333334
0.34210276920494626,0.3421025764712033,0.3400384490862847,12.25
0.3420900635791023,0.34208986992940144,0.34001666518552315,12.291666666666666
0.3420709532331418,0.34207075867531744,0.3399885587761954,12.333333333333334
0.3420449581308532,0.3420447626721336,0.3399536380067226,12.375
0.34201211173782603,0.34201191534221864,0.3399119205930216,12.416666666666666
0.3419729044156335,0.3419727071109997,0.3398638786498719,12.458333333333334
0.3419282014680908,0.34192800335135953,0.3398103578212097,12.5
0.3418791531861308,0.34187895676693,0.33975249232900917,12.541666666666666
0.3418271090782573,0.3418269119774178,0.3396916223499414,12.583333333333334
0.34177354193452325,0.3417733463612388,0.33962918114510166,12.625
0.3417199832730913,0.341719786842532,0.3395667015361219,12.666666666666666
0.34166796239058145,0.3416677650795269,0.33950570532592744,12.708333333333334
0.34161894788965896,0.3416187496667835,0.33944765751580347,12.75
0.3415742821969362,0.34157408316457494,0.33939390142018816,12.791666666666666
0.3415351074770697,0.3415349074066582,0.3393455839550842,12.833333333333334
0.34150227943756084,0.34150207833345403,0.33930357050839316,12.875
0.34147627947043685,0.34147607762671484,0.3392683551979947,12.916666666666666
0.34145713421481255,0.3414569310062002,0.3392399800903715,12.958333333333334
0.3414443579716835,0.34144415319483273,0.33921797851400176,13.0
0.341436943050781,0.3414367357605707,0.33920136159459235,13.041666666666666
0.3414334064273375,0.34143319695670704,0.3391886669543394,13.083333333333334
0.34143190134188145,0.34143167802446617,0.33917805206275026,13.125
0.3414303835387451,0.34143015617433436,0.33916750951196933,13.166666666666666
0.3414268108695253,0.3414265818289891,0.3391550024838214,13.208333333333334
0.3414193399415267,0.3414191070742413,0.33913869152600046,13.25
0.3414064867021649,0.3414062530808647,0.33911708946419217,13.291666666666666
0.3413872522111811,0.3413870177190721,0.33908919288734896,13.333333333333334
0.3413611579589562,0.34136092260179857,0.3390545123434854,13.375
0.34132823724683725,0.34132800100137806,0.33901306594710545,13.416666666666666
0.3412889786683524,0.3412887418952812,0.338965324364947,13.458333333333334
0.34124424425594524,0.3412440065836661,0.33891213032953643,13.5
0.34119518032249396,0.3411949425385243,0.3388546106218314,13.541666666666666
0.34114313170624233,0.34114289358135713,0.3387940925316344,13.583333333333334
0.3410895651536587,0.34108932733869246,0.3387320273131149,13.625
0.34103600881250257,0.3410357700829016,0.33866992834253845,13.666666666666666
0.3409839853765842,0.3409837457935706,0.3386093110883371,13.708333333333334
0.3409349583700702,0.3409347179295931,0.3385516343681311,13.75
0.3408902656790344,0.34089002446992966,0.33849823571163407,13.791666666666666
0.3408510452983313,0.3408508032125856,0.33845025687745495,13.833333333333334
0.340818150097127,0.34081790710574444,0.3384085590496265,13.875
0.3407920599041939,0.3407918160976088,0.33837363418489325,13.916666666666666
0.3407728011264163,0.34077255604324536,0.3383455233247682,13.958333333333334
0.34075988985955513,0.3407596402370463,0.3383237600104363,14.0
0.3407523220408248,0.3407520709996406,0.3383073609986617,14.041666666666666
0.3407486198586902,0.34074836824886295,0.33829486725044594,14.083333333333334
0.3407469431105943,0.3407466761407509,0.338284459434458,14.125
0.340745254068439,0.3407449853554155,0.33827411312397987,14.166666666666666
0.3407415188907033,0.3407412474136134,0.3382618059373902,14.208333333333334
0.34073389699159257,0.3407336256953767,0.3382457071991401,14.25
0.3407209138881961,0.34072064211203545,0.33822434378953586,14.291666666666666
0.3407015725269241,0.34070129992076015,0.3381967122382236,14.333333333333334
0.3406753957783205,0.3406751223472732,0.33816232561918175,14.375
0.3406424167813807,0.3406421425055904,0.3381212028470429,14.416666666666666
0.3406031224038043,0.3406028472889165,0.3380738126580096,14.458333333333334
0.3405583717309079,0.34055809618010624,0.33802099453989787,14.5
0.3405093067750513,0.3405090303230838,0.33796387114687293,14.541666666666666
0.340457268137731,0.3404570074990018,0.33790377437325403,14.583333333333334
0.3404037184031592,0.34040346110155545,0.3378421319948287,14.625
0.34035017832922804,0.34034992002489023,0.33778045960349373,14.666666666666666
0.3402981665560736,0.34029790745601146,0.3377202669897587,14.708333333333334
0.3402491415733301,0.340248881654886,0.3376630069074716,14.75
0.34020443678592305,0.3402041758384126,0.33761001091274095,14.791666666666666
0.34016518608571034,0.34016492409329646,0.33756241591442226,14.833333333333334
0.340132239671341,0.3401319767967624,0.3375210794031232,14.875
0.340106075897144,0.34010581205295964,0.3374864905274357,14.916666666666666
0.3400867204762264,0.34008645568448953,0.3374586895946017,14.958333333333334
0.3400736918335551,0.3400734224436578,0.3374372087840246,15.0
0.3400659893879392,0.34006571852453116,0.33742107340748373,15.041666666666666
0.34006214010337754,0.3400618670353876,0.33740882850337495,15.083333333333334
0.3400603098627789,0.34006003746130425,0.33739864357948485,15.125
0.340058468565971,0.340058194858791,0.33738853213881426,15.166666666666666
0.34005458762264856,0.3400543156551521,0.3373764700919414,15.208333333333334
0.3400468339829964,0.34004656571757524,0.33736063086090845,15.25
0.34003373913554286,0.34003347020442937,0.33733954782138537,15.291666666666666
0.34001430799961685,0.3400140382726314,0.3373122217651446,15.333333333333334
0.33998806522405595,0.3399877947090081,0.3372781681847517,15.375
0.3399550437891376,0.33995477249151523,0.33723740605126323,15.416666666666666
0.3399157288777005,0.3399154568364984,0.33719040363001146,15.458333333333334
0.33987097665589094,0.3398707061649091,0.3371379968794109,15.5
0.3398219252163405,0.3398216549424422,0.33708130477752474,15.541666666666666
0.33976991057002104,0.33976964460473863,0.3370216451724382,15.583333333333334
0.3397163906666521,0.3397161271446504,0.33696045815905556,15.625
0.3396628808563182,0.3396626166068608,0.3368992451983961,15.666666666666666
0.33961089481805434,0.33961062983281887,0.33683950956992154,15.708333333333334
0.33956188617984917,0.33956162041298943,0.33678269815397394,15.75
0.3395171839022498,0.3395169171328764,0.33673013704552035,15.791666666666666
0.3394779181236823,0.3394776503414544,0.33668295831956346,15.833333333333334
0.33944493622735666,0.3394446675640817,0.33664201552018513,15.875
0.3394187150854997,0.33941844458695647,0.3366077946120163,15.916666666666666
0.3393992803099973,0.33939900789109406,0.3365803358851113,15.958333333333334
0.3393861519898364,0.33938587697517164,0.336559176739014,16.0
0.3393783328324035,0.33937805685496275,0.3365433388115192,16.041666666666668
0.3393743548663415,0.33937407664649044,0.3365313752345717,16.083333333333332
0.33937239001222924,0.33937209721204054,0.3365214771943604,16.125
0.3393704148851273,0.3393701210551359,0.336511639648086,16.166666666666668
0.33936640711202193,0.3393661122587066,0.3364998550663572,16.208333333333332
0.33935854088142237,0.3393582450799409,0.3364843068827969,16.25
0.33934535171719177,0.33934505517247787,0.33646353441112736,16.291666666666668
0.3393258477230046,0.33932555042522816,0.33643654291639274,16.333333333333332
0.33929955520573246,0.3392992571639634,0.3364028502203852,16.375
0.33926650699196004,0.3392662081678939,0.3363624757501244,16.416666666666668
0.33922718662100293,0.3392268870336226,0.3363158861945367,16.458333333333332
0.33918244734872693,0.3391821473917476,0.33626391540238143,16.5
0.33913342372294464,0.3391331235571423,0.33620767899177917,16.541666666666668
0.33908144717493194,0.3390811469122352,0.3361484940652154,16.583333333333332
0.3390279704283849,0.33902767309181475,0.33608778494663205,16.625
0.3389745046921526,0.3389742067835169,0.3360270537745756,16.666666666666668
0.33892255826956247,0.33892225990031083,0.3359677964368814,16.708333333333332
0.33887358009491986,0.3388732809747738,0.3359114551570626,16.75
0.3388288946303811,0.3388285949627908,0.3358593507522614,16.791666666666668
0.33878962882718533,0.3387893283765191,0.3358126103661524,16.833333333333332
0.33875662705462384,0.3387563259126126,0.3357720837439306,16.875
0.33873036445661114,0.33873006236409736,0.3357382548947211,16.916666666666668
0.3387108673926496,0.3387105637956363,0.33571116287777997,16.958333333333332
0.33869765691978493,0.33869735204985635,0.3356903461114092,17.0
0.338689739010329,0.33868943294529225,0.3356748293411862,17.041666666666668
0.33868565074685303,0.3386853437493416,0.33566317114742295,17.083333333333332
0.33868357144137784,0.3386832493363197,0.33565356888405756,17.125
0.338681483369046,0.33868115488585354,0.3356440259068264,17.166666666666668
0.33867736557946027,0.33867703800903276,0.33563254140619014,17.208333333333332
0.33866940916239563,0.3386690757864154,0.3356173063306198,17.25
0.33865614275586664,0.3386558087986222,0.33559686585384785,17.291666666666668
0.3386365826391022,0.3386362479744395,0.3355702292439237,17.333333333333332
0.3386102564825169,0.33860992111928634,0.3355369166315333,17.375
0.33857719695616034,0.33857686086815314,0.3354969482827929,17.416666666666668
0.338537886002137,0.3385375497415204,0.3354507890252818,17.458333333333332
0.33849317414112046,0.338492837077446,0.33539927013334686,17.5
0.33844419204201637,0.33844385421392204,0.3353435036738519,17.541666666666668
0.3383922668784932,0.33839194230613157,0.3352848007027317,17.583333333333332
0.33833884730559854,0.3383385276787693,0.33522458612676126,17.625
0.3382854390605498,0.3382851185695749,0.3351643488763626,17.666666666666668
0.338233545900919,0.33823322474905676,0.33510558378231015,17.708333333333332
0.33818461211247175,0.338184290277753,0.3350497260883628,17.75
0.33813995817800574,0.3381396355940326,0.33499809188356805,17.791666666666668
0.33810070704499007,0.33810038375635587,0.3349518037409257,17.833333333333332
0.3380677007448291,0.33806737682178906,0.33491170753700666,17.875
0.3380414131942141,0.3380410881999123,0.3348782854103712,17.916666666666668
0.33802186993369604,0.33802154366429527,0.3348515754057297,17.958333333333332
0.3380085942022578,0.3380082670754544,0.33483111664930604,18.0
0.33800059512530073,0.33800026690939033,0.33481593337947924,18.041666666666668
0.33799641418935605,0.337996073917044,0.33480458647439015,18.083333333333332
0.33799423506406717,0.3379938889332114,0.33479529777820516,18.125
0.3379920472288799,0.3379917002217209,0.33478606308757614,18.166666666666668
0.33798784108526747,0.3379874984797538,0.33477489509724107,18.208333333333332
0.33797980251351284,0.3379794586777366,0.3347599887699833,18.25
0.3379664762446227,0.33796613172936824,0.3347398949500032,18.291666666666668
0.3379468765652548,0.3379465313814908,0.3347136268912953,18.333333333333332
0.337920532689964,0.3379201868389456,0.33468070697847674,18.375
0.3378874771372393,0.3378871305924822,0.3346411561285994,18.416666666666668
0.33784819029806884,0.33784784308425664,0.334595437570775,18.458333333333332
0.33780351999789876,0.33780317309378716,0.3345443802258135,18.5
0.33775459333802516,0.337754246305597,0.33448909256001536,18.541666666666668
0.33770273336331136,0.3377024040502221,0.33443088253512987,18.583333333333332
0.3376493842658441,0.3376490548812231,0.33437116702982855,18.625
0.3375960468954951,0.3375957166515839,0.33431143166075344,18.666666666666668
0.33754422044634913,0.3375438894790137,0.3342531655221878,18.708333333333332
0.3374953447702499,0.3374950131363552,0.3341977989065665,18.75
0.33745073607352993,0.3374504039668908,0.3341466423067464,18.791666666666668
0.33741151434490124,0.33741118135301834,0.33410081434484185,18.833333333333332
0.3373785187510739,0.33737818478467335,0.33406115731691194,18.875
0.33735222156963757,0.33735188628419516,0.33402815070557834,18.916666666666668
0.3373326490442851,0.3373323122051083,0.3340018322357161,18.958333333333332
0.33731932535559933,0.33731898742244987,0.33398174212155934,19.0
0.3373112627196126,0.33731092372617205,0.33396691143765295,19.041666666666668
0.33730700751782666,0.3373066675202852,0.333955907657075,19.083333333333332
0.33730475042922065,0.3373043945594578,0.3339469454703402,19.125
0.3373024862393191,0.3373021264618426,0.33393803499689373,19.166666666666668
0.3372982040042957,0.3372978519497766,0.33392719426264705,19.208333333333332
0.33729009891718975,0.3372897523524792,0.33391262569663077,19.25
0.33727672965365096,0.3372763824437231,0.3338928878982389,19.291666666666668
0.33725710679254656,0.33725675895148394,0.33386699691075783,19.333333333333332
0.3372307609368087,0.3372304124643601,0.33383447723308063,19.375
0.3371977244557103,0.33719737534234406,0.3337953498701291,19.416666666666668
0.3371584762318912,0.33715812656291455,0.33375007751534674,19.458333333333332
0.3371138614707253,0.3371135140989255,0.33369948666330207,19.5
0.3370650038209952,0.33706465581886336,0.33364468145213133,19.541666666666668
0.3370132222855727,0.33701288824392894,0.33358697838660784,19.583333333333332
0.3369599566616304,0.3369596226109764,0.33352776227572023,19.625
0.3369067031297792,0.33690636842415317,0.3334685317102332,19.666666666666668
0.3368549566712764,0.3368546212489436,0.33341076738442194,19.708333333333332
0.3368061526503712,0.3368058165965333,0.33335589453224856,19.75
0.3367616032855682,0.3367612666490829,0.3333052190538944,19.791666666666668
0.3367224253005047,0.3367220877769383,0.33325985477177195,19.833333333333332
0.3366894554268845,0.33668911707482674,0.33322064084244063,19.875
0.33666316450439604,0.33666282481157017,0.33318805379865646,19.916666666666668
0.3366435787138433,0.3366432377486347,0.33316213227990754,19.958333333333332
0.3366302237733106,0.3366298818093656,0.3331424168499081,20.0
0.33662211497657724,0.3366217717163182,0.3331279416378578,20.041666666666668
0.3366178026669364,0.3366174586235006,0.3331172663008428,20.083333333333332
0.3366154833969476,0.33661513362296425,0.33310863284877423,20.125
0.33661315820770665,0.33661280184469666,0.33310005261950554,20.166666666666668
0.3366088281193804,0.33660846896639535,0.3330895462772663,20.208333333333332
0.33660068623493355,0.33660032737180323,0.33307532437225507,20.25
0.33658729074695115,0.3365869313055456,0.33305594823345586,20.291666666666668
0.3365676608966294,0.33656730086885284,0.3330304390471188,20.333333333333332
0.33654132861173947,0.33654096799140065,0.3329983233985751,20.375
0.3365083261125656,0.3365079648825302,0.33295962270492174,20.416666666666668
0.33646913081114005,0.3364687696421133,0.3329147986810992,20.458333333333332
0.33642458549803383,0.3364242243941685,0.33286467477400206,20.5
0.33637581064942784,0.33637544834509825,0.33281035191642144,20.541666666666668
0.3363241205149098,0.33632376183488577,0.3327531439095376,20.583333333333332
0.33627095100323373,0.3362705958232439,0.3326944333208003,20.625
0.33621779453896866,0.3362174385816346,0.3326357062958558,20.666666666666668
0.3361661411119764,0.33616578465496333,0.33257844294488303,20.708333333333332
0.33611742207992945,0.33611706507169453,0.33252406326591377,20.75
0.33607294604710514,0.3360725884967799,0.3324738684448341,20.791666666666668
0.33603382610442223,0.33603346796060196,0.332428967707459,20.833333333333332
0.3360008967110139,0.3360005377459073,0.33239019723942853,20.875
0.3359746275178917,0.3359742670423194,0.3323580317432936,20.916666666666668
0.3359550446175449,0.33595468257100797,0.332332508744008,20.958333333333332
0.33594167508309053,0.3359413122298825,0.3323131684275944,21.0
0.3359335370893465,0.33593317323399474,0.33229905184436304,21.041666666666668
0.3359291861143514,0.3359288051219561,0.33228873320457075,21.083333333333332
0.33592682279930497,0.33592643926194415,0.33228043254830614,21.125
0.3359244533482849,0.3359240689744027,0.3322721855173734,21.166666666666668
0.33592008356928366,0.33591970172407165,0.332262020447135,21.208333333333332
0.3359119119216774,0.33591153815363417,0.3322481505810232,21.25
0.3358985062788822,0.3358981325883968,0.33222913873881305,21.291666666666668
0.33587888547809525,0.33587851123274837,0.3322040131609743,21.333333333333332
0.33585258214071734,0.3358522073507388,0.3321723024527463,21.375
0.3358196283478599,0.33581925356667747,0.3321340280987311,21.416666666666668
0.3357805000967616,0.3357801248934395,0.3320896516222315,21.458333333333332
0.3357360377163206,0.33573566266731103,0.3320399943233506,21.5
0.33568735823920115,0.33568698348124815,0.3319861520839202,21.541666666666668
0.3356357721484893,0.335635412623195,0.3319294210157343,21.583333333333332
0.3355827115050571,0.3355823586506939,0.3318712054541927,21.625
0.3355296648036428,0.33552931118501683,0.33181297934548726,21.666666666666668
0.3354781173163282,0.33547776304596394,0.33175621345803974,21.708333333333332
0.3354294964983658,0.33542914158137,0.331702323444748,21.75
0.33538510722902193,0.335384751556756,0.3316526060223277,21.791666666666668
0.3353460593039496,0.33534570308518497,0.33160816687660377,21.833333333333332
0.3353131850666191,0.3353128283792206,0.3315698386871896,21.875
0.3352869530704858,0.33528659526920623,0.33153809491540537,21.916666666666668
0.3352673887315055,0.3352670302641247,0.3315129707173572,21.958333333333332
0.33525402107679286,0.3352536616867061,0.3314940098194203,22.0
0.33524587134533895,0.33524551089865123,0.33148025259929625,22.041666666666668
0.3352414984825459,0.3352411365465602,0.33147027830121534,22.083333333333332
0.3352391077100651,0.33523873987688246,0.3314623128160434,22.125
0.3352367115580408,0.3352363437500084,0.33145440079156485,22.166666666666668
0.33523232797373104,0.3352319538976612,0.33144457175770803,22.208333333333332
0.33522415096749697,0.3352237806024046,0.33143104826874675,22.25
0.33521075279177515,0.335210381926551,0.3314124011708267,22.291666666666668
0.33519115687076884,0.335190785485639,0.3313876589230322,22.333333333333332
0.3351648976726977,0.3351645257737628,0.3313563520208424,22.375
0.33513200713141067,0.33513163470768453,0.33131850272308633,22.416666666666668
0.33509295986254073,0.33509258708926015,0.3312745702450641,22.458333333333332
0.3350485938260289,0.3350482202999492,0.33122537402887325,22.5
0.3350000231966058,0.33499964853731795,0.3311720096811782,22.541666666666668
0.33494855507877735,0.3349481997612919,0.33111576591622055,22.583333333333332
0.33489561632162207,0.3348952614710783,0.3310580474257445,22.625
0.33484269175007403,0.33484233793858226,0.33100031643944905,22.666666666666668
0.3347912628602742,0.3347909086242406,0.330944042822215,22.708333333333332
0.3347427530550361,0.33474239833699343,0.33089063749019976,22.75
0.33469846373403533,0.3346981085109785,0.3308413928641607,22.791666666666668
0.3346595017180184,0.3346591460692534,0.3307974108336388,22.833333333333332
0.3346266970913066,0.33462634096351124,0.3307595211622143,22.875
0.33460051714617006,0.33460016033059603,0.33072819504203843,22.916666666666668
0.33458098732030944,0.33458062980989955,0.3307034672580411,22.958333333333332
0.334567637928059,0.33456727965054756,0.3306848827602254,23.0
0.33455949296566784,0.3345591331613988,0.33067148459725376,23.041666666666668
0.3345551155401714,0.33455475362363146,0.33066185706695844,23.083333333333332
0.33455271519900665,0.3345523510375874,0.3306542305006694,23.125
0.33455031050573153,0.33454994125376875,0.3306466564050137,23.166666666666668
0.33454592464276844,0.33454554808443204,0.33063716677206123,23.208333333333332
0.33453774811949705,0.33453738092939944,0.3306239923592611,23.25
0.3345243729033337,0.3345240054612553,0.3306057088537294,23.291666666666668
0.3345048175550064,0.33450444962115555,0.3305813481811789,23.333333333333332
0.3344786175145616,0.33447824909388046,0.33055044260733124,23.375
0.3344458045839031,0.3344454358504341,0.33051301502548575,23.416666666666668
0.3344068520669008,0.33440648311838295,0.3304695228071821,23.458333333333332
0.3343625956000457,0.33436222600415055,0.33042078355281107,23.5
0.33431414634085377,0.33431377705843834,0.3303678885735311,23.541666666666668
0.33426280813807974,0.3342624418795263,0.3303121259298408,23.583333333333332
0.334210004363733,0.3342096411060667,0.33025489440189115,23.625
0.3341572145037243,0.33415685036815906,0.3301976519383377,23.666666666666668
0.33410591679013274,0.33410555206905607,0.3301418639337354,23.708333333333332
0.33405753086497064,0.33405716565858296,0.3300889369057637,23.75
0.33401335460399273,0.3340129888157477,0.33004015880956816,23.791666666666668
0.3339744923002577,0.33397412554538025,0.3299966284925634,23.833333333333332
0.33394177158853017,0.3339414041770887,0.32995917247435885,23.875
0.33391565843104337,0.33391528894785394,0.3299282598770051,23.916666666666668
0.3338961788395073,0.33389580800403895,0.3299039255721333,23.958333333333332
0.3338828639460337,0.33388249231299466,0.32988571538934913,24.0
0.3338747400386969,0.3338743673938657,0.32987267377858287,24.041666666666668
0.3338703745677089,0.33387000038837084,0.32986337270986466,24.083333333333332
0.33386798285295066,0.33386760150744244,0.3298560864739377,24.125
0.33386558728267407,0.3338652011797007,0.32984884662351827,24.166666666666668
0.33386120922427304,0.33386082076981455,0.3298396985687697,24.208333333333332
0.3338530653637215,0.33385267832631427,0.3298268756930468,24.25
0.33383972905419895,0.33383934215998606,0.32980895414748945,24.291666666666668
0.33382022976548253,0.33381984240339607,0.3297849723119272,24.333333333333332
0.33379410372040735,0.3337937159101271,0.3297544643116804,24.375
0.33376138258164617,0.3337609949965109,0.3297174531283526,24.416666666666668
0.3337225383596308,0.3337221507860527,0.32967439589901354,24.458333333333332
0.333678404500836,0.33367801652254636,0.3296261081870177,24.5
0.3336300892071066,0.3336297001304068,0.3295736783783771,24.541666666666668
0.33357889247277533,0.3335785080640178,0.3295183886984807,24.583333333333332
0.33352623394501735,0.33352585354980696,0.3294616373220804,24.625
0.3334735905159944,0.3334732100546802,0.3294048759197982,24.666666666666668
0.33342243608404126,0.3334220553060099,0.3293495666373575,24.708333333333332
0.3333741865793244,0.3333738053761544,0.32929711071626155,24.75
0.3333301364699491,0.3333297547971651,0.3292487928483455,24.791666666666668
0.33329138709437034,0.33329100506194953,0.3292057079804379,24.833333333333332
0.33325876446210206,0.3332583817428083,0.329168680068084,24.875
0.33323273304394463,0.33323234996119494,0.3291381763342007,24.916666666666668
0.3332133187933515,0.33321293508199074,0.3291142318344231,24.958333333333332
0.3332000543381136,0.33319966973351134,0.32909638980165146,25.0
0.333191968364037,0.33319158310719116,0.32908370323817976,25.041666666666668
0.3331876311011687,0.33318724559181245,0.32907476237123723,25.083333333333332
0.3331852631453101,0.3331848760473215,0.32906780649391904,25.125
0.3331828932642852,0.33318250320557063,0.32906089624376444,25.166666666666668
0.3331785492827394,0.3331781561680591,0.3290520797908087,25.208333333333332
0.3331704497946873,0.3331700554141351,0.3290395984903131,25.25
0.333157169214389,0.3331567744813413,0.3290220360103676,25.291666666666668
0.3331377413160988,0.3331373461483919,0.32899842968266757,25.333333333333332
0.3331117039302228,0.3331113083441307,0.32896831523645376,25.375
0.33307908858703483,0.33307869257612266,0.3289317154946141,25.416666666666668
0.33304036607161064,0.33303996963215265,0.32888908728680244,25.458333333333332
0.3329963676750809,0.33299597084194954,0.32884124418728916,25.5
0.3329481988319686,0.33294780166058807,0.3287892757169432,25.541666666666668
0.33289715672219056,0.3328967800387332,0.3287344535832748,25.583333333333332
0.3328446574525908,0.3328442805351377,0.3286781698398592,25.625
0.3327921730333611,0.33279179522752816,0.32862188169007905,25.666666666666668
0.33274117423221944,0.33274079588740596,0.3285670423021257,25.708333333333332
0.33269307357573746,0.33269269478924995,0.32851504991017405,25.75
0.3326491623792188,0.33264878323603125,0.32846718498139754,25.791666666666668
0.33261053962184645,0.3326101597044766,0.32842453899564045,25.833333333333332
0.3325780288371818,0.3325776482202859,0.32838793317725207,25.875
0.3325520937046605,0.3325517114331762,0.3283578337735438,25.916666666666668
0.33253276019919864,0.3325323764449268,0.32833427432351797,25.958333333333332
0.3325195619920884,0.3325191775813028,0.3283168020551357,26.0
0.3325115302331449,0.33251114507994145,0.3283044671729091,26.041666666666668
0.33250723935087045,0.33250683262207265,0.3282958662684891,26.083333333333332
0.33250491394124815,0.332504504988473,0.32828924733927134,26.125
0.33250258627336987,0.3325021763196512,0.3282826678386268,26.166666666666668
0.3324982864493173,0.33249788000092334,0.3282741863417239,26.208333333333332
0.3324902487702126,0.33248984151351985,0.3282620485170732,26.25
0.33247703926511274,0.33247663170866293,0.32824484221597827,26.291666666666668
0.3324576979117318,0.3324572899507604,0.32822160774663567,26.333333333333332
0.33243176367301897,0.3324313553233406,0.32819188245846037,26.375
0.33239926794518004,0.33239885920391365,0.3281556895894296,26.416666666666668
0.3323606803202038,0.3323602712201741,0.3281134849629599,26.458333333333332
0.3323168300493964,0.332316421817379,0.3280660797576556,26.5
0.3322688197645382,0.33226841102572935,0.3280145575163271,26.541666666666668
0.3322179429228029,0.33221755142063397,0.3279601930412154,26.583333333333332
0.33216561284206775,0.33216522205955945,0.3279043732589789,26.625
0.33211329880475776,0.33211290734609006,0.3278485501860992,26.666666666666668
0.3320624673412915,0.3320620754575666,0.327794173236313,26.708333333333332
0.33201452778994156,0.33201413543020397,0.3277426366282818,26.75
0.33197076849400237,0.33197037537031454,0.327695217392151,26.791666666666668
0.33193228526414537,0.3319318917442371,0.3276530033878747,26.833333333333332
0.33189990010331993,0.3318995062139234,0.32761681364746065,26.875
0.3318740758916049,0.33187368142188317,0.3275871128139897,26.916666666666668
0.3318548380037374,0.33185444293628386,0.3275639339313431,26.958333333333332
0.33184172165488457,0.3318413259157024,0.32754682533623836,27.0
0.3318337607135339,0.33183336365446114,0.3275348384948296,27.041666666666668
0.33182953315167973,0.3318291339716546,0.32752657343277375,27.083333333333332
0.33182726623712644,0.3318268595961723,0.32752027461843186,27.125
0.33182499615534444,0.3318245879333718,0.3275140215836534,27.166666666666668
0.3318207664831155,0.33182035305820645,0.3275058745876324,27.208333333333332
0.33181280913680894,0.33181238415795966,0.3274940802674696,27.25
0.33179968598480486,0.3317992609355521,0.32747722718706945,27.291666666666668
0.3317804461618075,0.3317800207440642,0.32745436099031444,27.333333333333332
0.33175462938658273,0.3317542036125387,0.3274250204933994,27.375
0.331722266927091,0.3317218407903388,0.32738922902669526,27.416666666666668
0.331683827231721,0.33168340091607557,0.3273474416204269,27.458333333333332
0.331640137595173,0.33163971080449534,0.32730046819393604,27.5
0.33159229810429497,0.3315918712573521,0.327249388768094,27.541666666666668
0.33154159928107385,0.3315411946657694,0.32719549454533725,27.583333333333332
0.33148945081047515,0.3314890468427432,0.32714013120853075,27.625
0.3314373188257875,0.3314369147605566,0.3270847653128977,27.666666666666668
0.3313866665156707,0.33138626235302393,0.32703084290211043,27.708333333333332
0.33133889992070137,0.33133849556735334,0.32697975442270166,27.75
0.3312953044878005,0.33129489955297503,0.3269327730171679,27.791666666666668
0.33125697384230646,0.33125656848734775,0.32689098393824595,27.833333333333332
0.3312247279215293,0.3312243222437062,0.326855204198453,27.875
0.33119902826115083,0.33119862234744774,0.3268258968374011,27.916666666666668
0.3311799007156842,0.3311794945102945,0.3268030941669443,27.958333333333332
0.3311668817116666,0.33116647482238953,0.3267863454532673,28.0
0.3311590070679539,0.3311585993193209,0.32677470425886346,28.041666666666668
0.33115485818590906,0.3311544470702316,0.32676677429761525,28.083333333333332
0.3311526663417019,0.3311522474293137,0.3267608044212124,28.125
0.331150473577055,0.3311500505702675,0.32675487910956275,28.166666666666668
0.331146322134691,0.3311458963490597,0.32674706281716165,28.208333333333332
0.3311384566542898,0.33113801901277884,0.3267356053756652,28.25
0.3311254358385073,0.33112499794357464,0.3267191027308831,28.291666666666668
0.3311063123496048,0.3311058741212714,0.3266966012636148,28.333333333333332
0.3310806271858665,0.3310801886267434,0.3266676412933916,28.375
0.3310484114755994,0.3310479725788492,0.32663224636576227,28.416666666666668
0.3310101325209554,0.3310096933559878,0.32659087064132786,28.458333333333332
0.3309666155685313,0.3309661763600565,0.3265443222064461,28.5
0.3309189585284493,0.33091851924448523,0.32649368356805447,28.541666666666668
0.33086844895865747,0.3308680106943312,0.32644022566660214,28.583333333333332
0.33081649365410765,0.33081605601436387,0.3263853107529877,28.625
0.3307645551815772,0.3307641174003098,0.3263303943292982,28.666666666666668
0.33071409362161647,0.33071365568033384,0.32627691880968457,28.708333333333332
0.3306665119397853,0.3306660737139981,0.326226271105592,28.75
0.3306230928038749,0.33062265434845606,0.32617972145419555,28.791666666666668
0.3305849274891349,0.3305844887201178,0.3261383518599369,28.833333333333332
0.3305528341950328,0.3305523951255414,0.3261029767856166,28.875
0.330527273511068,0.3305268342387142,0.32607405647398846,28.916666666666668
0.3305082712703965,0.3305078317572148,0.3260516259872652,28.958333333333332
0.33049536499614673,0.3304949249106492,0.32603523408661444,29.0
0.3304875925795616,0.33048715136481677,0.32602393616439734,29.041666666666668
0.330483538526066,0.3304830951385354,0.32601631854565355,29.083333333333332
0.33048143798723,0.3304809914355644,0.3260106864131035,29.125
0.33047933727961754,0.33047888699850697,0.3260050921993717,29.166666666666668
0.3304752828125775,0.3304748305582089,0.3259976100393937,29.208333333333332
0.33046752324382633,0.33046706132747683,0.3259864889321403,29.25
0.33045461962181494,0.33045415763368474,0.3259703340483353,29.291666666666668
0.33043562715938823,0.330435164846452,0.3259481941302212,29.333333333333332
0.3304100875910901,0.3304096249743444,0.3259196107560156,29.375
0.33037803193669735,0.3303775690109163,0.3258846078505099,29.416666666666668
0.33033992649526006,0.33033946328519587,0.3258436386786095,29.458333333333332
0.3302965948824829,0.33029613153634996,0.3257975093779211,29.5
0.3302491323900135,0.33024866897801386,0.32574729429130195,29.541666666666668
0.33019882406567774,0.3301983837824005,0.3256942767745548,29.583333333333332
0.330147073091793,0.33014663354944823,0.3256398023816398,29.625
0.33009533926661594,0.3300949018254138,0.3255853278890831,29.666666666666668
0.33004507984037323,0.3300446420409981,0.32553229173788445,29.708333333333332
0.3299976947617133,0.32999725671804414,0.3254820776142223,29.75
0.32995446409401963,0.3299540255955654,0.32543595223100674,29.791666666666668
0.32991647670722873,0.32991603734916775,0.3253949956640769,29.833333333333332
0.3298845492664704,0.32988410940933505,0.3253600195105069,29.875
0.3298591417517638,0.3298587015354845,0.32533148444058885,29.916666666666668
0.32984027965067036,0.3298398389946364,0.3253094223685539,29.958333333333332
0.329827501331503,0.32982705984691363,0.3252933838508549,30.0
0.3298198467384498,0.32981940342763444,0.3252824273594341,30.041666666666668
0.32981590341910794,0.32981545713146926,0.3252751406362817,30.083333333333332
0.3298139104841505,0.3298134615446564,0.32526983033444196,30.125
0.32981191785045894,0.32981146613977624,0.3252645576594406,30.166666666666668
0.3298079766004157,0.32980752215333053,0.3252573957412293,30.208333333333332
0.3298003228858429,0.3297998702870763,0.32524660905764313,30.25
0.3297875518637054,0.3297870990177686,0.3252307998572383,30.291666666666668
0.3297687048888856,0.3297682517653078,0.3252090186904356,30.333333333333332
0.329743324732468,0.3297428713260843,0.32518080840359975,30.375
0.3297114422808582,0.3297109885835564,0.32514619309890974,30.416666666666668
0.32967352282528023,0.32967306886306097,0.32510562518379355,30.458333333333332
0.3296303879593724,0.3296299340134295,0.3250599091449362,30.5
0.3295831309219491,0.32958267716820866,0.3250101173517843,30.541666666666668
0.3295330345920919,0.3295325810662489,0.32495751706173404,30.583333333333332
0.3294814991388868,0.32948104533599565,0.32490347726773094,30.625
0.3294299812807343,0.3294295275186962,0.3248494381392307,30.666666666666668
0.32937993520375175,0.3293794814567077,0.3247968348033813,30.708333333333332
0.32933275821583025,0.3293323043805943,0.32474704791713627,30.75
0.329289727542941,0.32928927350656745,0.3247013412571212,30.791666666666668
0.3292519305098056,0.329251475674335,0.3246607922889697,30.833333333333332
0.32922018206198594,0.32921972669202004,0.3246262107673693,30.875
0.3291949409200515,0.3291944854449605,0.3245980556897128,30.916666666666668
0.3291762327338323,0.32917577716873436,0.3245763588186517,30.958333333333332
0.32916359725871375,0.32916314102988176,0.32456067182212117,31.0
0.32915607637191063,0.32915561933304205,0.32455005386809854,31.041666666666668
0.3291522599443271,0.3291517779313838,0.32454311811816594,31.083333333333332
0.32915039039283994,0.32914990289343155,0.3245381366765286,31.125
0.32914852227275054,0.32914803109660073,0.3245331887036738,31.166666666666668
0.32914470998500095,0.32914421400121335,0.32452636082086345,31.208333333333332
0.32913719538191644,0.3291366985563087,0.32451590740907527,31.25
0.3291245718189559,0.32912407475914224,0.32450044222860136,31.291666666666668
0.32910588468259205,0.3291053873770285,0.3244790175194019,31.333333333333332
0.32908067759576887,0.3290801800332396,0.32445117731117135,31.375
0.3290489813209436,0.32904848367380224,0.32441694569330803,31.416666666666668
0.32901126018788035,0.3290107625310324,0.3243767743760707,31.458333333333332
0.3289683341578285,0.3289678366639103,0.32433146619248815,31.5
0.32892129443249857,0.32892079741881003,0.32428209336955444,31.541666666666668
0.3288714212462048,0.3288709483381732,0.3242299364744499,31.583333333333332
0.32882011217401336,0.3288196398397451,0.3241763245719623,31.625
0.3287688207113812,0.3287683487414801,0.3241227138733597,31.666666666666668
0.3287189990933988,0.3287185270687106,0.3240705370982559,31.708333333333332
0.3286720415520469,0.32867156945591935,0.32402117148934745,31.75
0.3286292229321302,0.3286287507550027,0.32397587830765506,31.791666666666668
0.32859162857948826,0.3285911561616456,0.32393573190696523,31.833333333333332
0.3285600719643034,0.32855959911537996,0.3239015404805971,31.875
0.32853501098912424,0.3285345379562269,0.3238737618409466,31.916666666666668
0.3285164712945436,0.3285159982144554,0.32385242758902005,31.958333333333332
0.3285039935798905,0.3285035200054703,0.32383709015113993,32.0
0.32849662157913084,0.32849614271497174,0.32382681141124214,32.041666666666664
0.32849294779809435,0.3284924670302679,0.32382020672371087,32.083333333333336
0.3284912178453349,0.32849073582876354,0.32381553866677865,32.125
0.32848949001888955,0.32848900447579343,0.3238109134804272,32.166666666666664
0.32848582234390916,0.32848533207672137,0.3238044066570944,32.208333333333336
0.3284784602577695,0.32847796884498665,0.3237942891068115,32.25
0.3284659987570844,0.32846550731994917,0.3237791669151635,32.291666666666664
0.3284474856639239,0.32844699397373683,0.32375809688595425,32.333333333333336
0.32842246514381623,0.32842197321037464,0.3237306242693614,32.375
0.3283909678618442,0.3283904758482771,0.3236967735701858,32.416666666666664
0.3283534572501056,0.3283529653080697,0.3236569953556658,32.458333333333336
0.3283107520376969,0.3283102597717078,0.32361209124399093,32.5
0.3282639411029316,0.3282634479961184,0.32356312985307806,32.541666666666664
0.32821430222780373,0.3282138095098463,0.323511392014315,32.583333333333336
0.32816323030392275,0.3281627381289567,0.3234582031997792,32.625
0.3281121763603937,0.3281116874128102,0.32340501614675876,32.666666666666664
0.32806258999293014,0.32806210089255233,0.3233532603558863,32.708333333333336
0.32801586300913443,0.3280153736054829,0.3233043108207749,32.75
0.32797326803067417,0.327972778422809,0.32325942558421744,32.791666666666664
0.3279358884480197,0.327935398696755,0.32321967746924785,32.833333333333336
0.3279045364159549,0.3279040464252591,0.323185872352771,32.875
0.327879669030419,0.3278791784236789,0.32315846625690486,32.916666666666664
0.3278613119068797,0.32786082010223955,0.32313749227181104,32.958333333333336
0.3278490066496309,0.3278485144829271,0.32312250296364986,33.0
0.32784179874185815,0.3278413056512645,0.32311256170381586,33.041666666666664
0.32783828328698345,0.32783778835928207,0.32310628490549037,33.083333333333336
0.32783670875659404,0.3278362120593102,0.3231019528507163,33.125
0.32783513691125066,0.3278346364325992,0.3230976523073596,33.166666666666664
0.32783162930848386,0.32783111777785073,0.3230914725059098,33.208333333333336
0.3278244206967407,0.32782392595463555,0.3230816864635934,33.25
0.32781213628273875,0.327811641474389,0.32306690654273557,33.291666666666664
0.3277938112165061,0.3277933161771591,0.32304619002174645,33.333333333333336
0.32776899059343045,0.3277684953330774,0.32301908309669264,33.375
0.32773770496163057,0.32773720942150014,0.32298561039599283,33.416666666666664
0.32770041689116824,0.32769992124718383,0.32294622172153525,33.458333333333336
0.3276579434421505,0.32765744772800004,0.32290171750024577,33.5
0.3276113712601314,0.3276108756136488,0.32285316430547456,33.541666666666664
0.32756197651722146,0.32756148066462604,0.3228018409050625,33.583333333333336
0.3275111522373218,0.32751065919258915,0.32274906945252474,33.625
0.3274603463029827,0.32745985311358067,0.32269630048142245,33.666666666666664
0.3274110059548928,0.3274105124428656,0.3226449616151914,33.708333333333336
0.3273645206231061,0.3273640268994118,0.32259642327061444,33.75
0.3273221610697561,0.3273216667917653,0.32255194193666675,33.791666666666664
0.3272850083408583,0.3272845136824464,0.3225125884132928,33.833333333333336
0.3272538733322763,0.32725337818415345,0.3224791670248042,33.875
0.32722921251447323,0.3272287159053161,0.3224521329688801,33.916666666666664
0.3272110520424735,0.3272105552953136,0.3224315179125129,33.958333333333336
0.32719893381221227,0.3271984367692128,0.32241687470551994,34.0
0.3271919052738068,0.3271914071189113,0.32240727069951425,34.041666666666664
0.3271885634847425,0.32718806200187167,0.3224013016295981,34.083333333333336
0.3271871605155117,0.3271866563580811,0.32239729518660465,34.125
0.32718576056887033,0.3271852559729237,0.32239332131338605,34.166666666666664
0.32718243577847306,0.32718192164783616,0.3223874694377824,34.208333333333336
0.32717543754229966,0.3271749087337706,0.3223780189284146,34.25
0.32716334435994937,0.3271628156052939,0.32236358143284655,34.291666666666664
0.32714522122391976,0.327144692253798,0.32234321778036346,34.333333333333336
0.32712061368691575,0.3271200845172287,0.3223164752242582,34.375
0.3270895521902113,0.3270890228234935,0.3222833781763042,34.416666666666664
0.32705249849827617,0.327051968937812,0.32224437623599866,34.458333333333336
0.3270102685006924,0.32700973877165934,0.3222002680390306,34.5
0.3269639473606491,0.3269634175237704,0.3221521200407822,34.541666666666664
0.32691480859669525,0.3269142779880057,0.3221011890479721,34.583333333333336
0.3268642424355906,0.3268637124071932,0.3220488336507561,34.625
0.32681369496337476,0.3268131651299078,0.32199647836448037,34.666666666666664
0.32676461110987387,0.3267640812566789,0.32194555032654554,34.708333333333336
0.32671837815956667,0.32671784814895555,0.32189741930305654,34.75
0.3266762645558779,0.32667573439790726,0.32185333862984744,34.791666666666664
0.32663935021598123,0.3266388200112229,0.3218143765381285,34.833333333333336
0.3266084449385082,0.32660791426742286,0.3217813361726535,34.875
0.3265840043191016,0.3265834721394569,0.3217546723334635,34.916666666666664
0.3265660540154252,0.32656552131329225,0.32173441591517876,34.958333333333336
0.326554137232998,0.326553603979245,0.32172012134279987,35.0
0.32654730505008756,0.3265467671044761,0.3217108555241945,35.041666666666664
0.3265441483238149,0.3265436111779912,0.32170524093355135,35.083333333333336
0.32654292735769,0.32654239335489604,0.32170155748757995,35.125
0.32654171352256045,0.3265411801437836,0.32169790815928945,35.166666666666664
0.32653857272120623,0.3265380371589804,0.321692386333214,35.208333333333336
0.326531640342511,0.3265312236051401,0.3216832691604981,35.25
0.32651975315361725,0.32651933636596814,0.32166917462030636,35.291666666666664
0.32650184566039253,0.32650142866895315,0.32164916405289984,35.333333333333336
0.32647746425679625,0.3264770470416086,0.3216227853782992,35.375
0.3264466392810096,0.32644622253282274,0.3215900639751,35.416666666666664
0.32640983171803867,0.32640941505033866,0.32155144689331705,35.458333333333336
0.32636785600403834,0.326367439004042,0.32150773253001874,35.5
0.32632179526451854,0.3263213790278538,0.3214599841623639,35.541666666666664
0.3262729216389946,0.32627250667909297,0.32140945413715427,35.583333333333336
0.3262226236157498,0.32622221149517255,0.3213575043413778,35.625
0.3261723449832556,0.3261719331336873,0.3213055584986321,35.666666666666664
0.32612352802867217,0.32612311618285234,0.3212550381882043,35.708333333333336
0.3260775581719149,0.3260771464750958,0.3212073107913876,35.75
0.3260357020369519,0.3260352903234454,0.3211636269911196,35.791666666666664
0.3259990380230177,0.32599862605553137,0.32112505389111584,35.833333333333336
0.32596837459575057,0.3259679620154771,0.3210923928523091,35.875
0.32594416685284255,0.3259437529142097,0.3210660973599002,35.916666666666664
0.3259264404489147,0.32592602616899247,0.3210461976455426,35.958333333333336
0.32591473935785864,0.3259143243513737,0.32103225103532684,36.0
0.3259081140693321,0.3259076978065165,0.321023324434222,36.041666666666664
0.3259051621483131,0.32590474588308743,0.32101801867755453,36.083333333333336
0.32590414293596,0.32590373085187746,0.32101466836970416,36.125
0.32590305230627153,0.32590271858087627,0.3210113493797286,36.166666666666664
0.3259001580679976,0.325899781507835,0.3210061573131417,36.208333333333336
0.3258934280037334,0.32589317810046126,0.32099737608999557,36.25
0.3258817599881502,0.32588151083798544,0.32098362554280147,36.291666666666664
0.3258640817484307,0.3258638323604315,0.3209639681293311,36.333333333333336
0.3258399393906867,0.32583968976243466,0.3209379525674487,36.375
0.3258093631293527,0.32580911325031897,0.3209056035997945,36.416666666666664
0.32577281325396795,0.3257725631434918,0.3208673696774936,36.458333333333336
0.32573110282579304,0.325730852555491,0.3208240466647222,36.5
0.3256853139223829,0.3256850633947376,0.32077669785187307,36.541666666666664
0.32563671659018084,0.3256364654585274,0.32072657388732856,36.583333333333336
0.3255866970687469,0.32558644816591464,0.32067503404779935,36.625
0.3255366970916254,0.3255364483408058,0.3206234939986746,36.666666666666664
0.3254881574089621,0.3254879085466953,0.32057337833686794,36.708333333333336
0.32544246131342686,0.3254422122189725,0.3205260515525261,36.75
0.32540087401670553,0.32540062431999284,0.3204827626256374,36.791666666666664
0.3253644718656513,0.32536422191859393,0.3204445764367547,36.833333333333336
0.32533406236169693,0.32533381225654373,0.320412293060407,36.875
0.32531010007540206,0.3253098496194765,0.3203863650421791,36.916666666666664
0.3252926111863522,0.3252923592814441,0.320366824566613,36.958333333333336
0.32528113996038066,0.32528088765392765,0.3203532265195246,37.0
0.3252747381261341,0.3252744847188032,0.3203446406277942,37.041666666666664
0.32527200860412264,0.32527175208221154,0.32033969432771575,37.083333333333336
0.32527121137335074,0.3252709525329283,0.3203366651926872,37.125
0.32527041959095054,0.32527016025718025,0.3203336751692965,37.166666666666664
0.3252677120969821,0.32526744887376086,0.3203288160464329,37.208333333333336
0.32526133746970964,0.3252610718714457,0.3203203754378097,37.25
0.3252499043882489,0.3252496386780409,0.3203069706768178,37.291666666666664
0.32523246881444456,0.32523220287452326,0.32028766756345206,37.333333333333336
0.3252085781935409,0.3252083119885684,0.3202620157523808,37.375
0.32517826265275623,0.32517799697926447,0.32023004063810434,37.416666666666664
0.3251419818164146,0.3251417159588306,0.32019218861407445,37.458333333333336
0.32510054795747534,0.3251002816581831,0.32014925552268814,37.5
0.32505504153446574,0.3250547745250856,0.32010230114510974,37.541666666666664
0.32500673064752705,0.3250064626653855,0.32005257611513954,37.583333333333336
0.3249569996169153,0.3249567337546281,0.32000143514705454,37.625
0.3249072883130331,0.32490702276549455,0.3199502996644179,37.666666666666664
0.3248590358326693,0.3248587700913657,0.3199005855935039,37.708333333333336
0.3248136236533633,0.32481335775747755,0.3198536569506854,37.75
0.3247723153870798,0.32477204941620763,0.3198107608601314,37.791666666666664
0.3247361862398166,0.3247359198092501,0.319772960462085,37.833333333333336
0.32470604273903425,0.32470577525371175,0.3197410547825172,37.875
0.32468233900899396,0.3246820700133371,0.3197154961138026,37.916666666666664
0.3246651007617876,0.3246648313440785,0.31969631510177404,37.958333333333336
0.32465387330145173,0.324653603249776,0.31968306794909224,38.0
0.32464770961955874,0.32464743821828757,0.3196748255414589,38.041666666666664
0.3246452109829771,0.3246449416425707,0.319670217048113,38.083333333333336
0.32464464137770765,0.3246443746486265,0.31966753277517246,38.125
0.3246439928528481,0.32464381211368076,0.31966487653737297,38.166666666666664
0.32464156961580243,0.3246413307844564,0.31966035534735404,38.208333333333336
0.32463534413826567,0.3246351961479092,0.3196522559402951,38.25
0.32462415934244604,0.3246240111299153,0.31963919906692095,38.291666666666664
0.3246069797024955,0.32460683124895967,0.3196202518433368,38.333333333333336
0.3245833534309076,0.3245832047807606,0.3195949646091941,38.375
0.32455331054339787,0.3245531631629754,0.3195633628122646,38.416666666666664
0.32451731003522516,0.3245171627388014,0.3195258922680595,38.458333333333336
0.32447616299108833,0.324476015628265,0.31948334779595405,38.5
0.3244309482048443,0.32443080131306623,0.3194367882105494,38.541666666666664
0.32438293269736257,0.3243827954737315,0.31938748456953436,38.583333333333336
0.3243334995342531,0.3243333655005034,0.31933674493819736,38.625
0.32428408665826647,0.32428395495040485,0.3192860096519665,38.666666666666664
0.3242361313632624,0.32423599916575024,0.31923669536264215,38.708333333333336
0.32419101338698114,0.32419088105385413,0.3191901631108562,38.75
0.3241499947211959,0.3241498623043274,0.3191476583478089,38.791666666666664
0.32411414972058006,0.3241140171863276,0.3191102427423042,38.833333333333336
0.3240842840802969,0.3240841512264856,0.3190787138890381,38.875
0.32406085127308715,0.324060718068172,0.31905352324817143,38.916666666666664
0.3240438770407482,0.32404374380332307,0.31903470232822606,38.958333333333336
0.32403290726637995,0.3240327733843646,0.31902180748587966,39.0
0.3240269985501056,0.3240268610787395,0.3190139095748959,39.041666666666664
0.32402474818652394,0.3240245868169135,0.31900964029615403,39.083333333333336
0.3240244263970202,0.32402426722881034,0.319007293556112,39.125
0.32402411452115387,0.3240239541103198,0.3190049772597972,39.166666666666664
0.3240218917329258,0.32402172763184806,0.3190007964384359,39.208333333333336
0.32401600358954014,0.3240158477097279,0.31899304019613556,39.25
0.32400508042579224,0.324004924425465,0.31898033376334095,39.291666666666664
0.3239881699076961,0.3239880136669025,0.3189617444256877,39.333333333333336
0.3239648204231631,0.3239646639547293,0.3189368230685548,39.375
0.3239350619114445,0.32393490533884145,0.3189055951122174,39.416666666666664
0.3238993528068633,0.3238991963572257,0.31886850598804506,39.458333333333336
0.32385850337987154,0.3238583467357762,0.3188263495521143,39.5
0.3238135911299502,0.32381343469299256,0.3187801831348865,39.541666666666664
0.32376588133728257,0.32376572611874355,0.3187312712153465,39.583333333333336
0.3237167560223634,0.32371660121658824,0.3186809298953583,39.625
0.3236676513463832,0.3236674968287426,0.3186305968730139,39.666666666666664
0.3236200028355641,0.3236198481875135,0.318581680536137,39.708333333333336
0.3235751891808477,0.32357503434933693,0.31853554322589966,39.75
0.32353447102737376,0.32353431620507705,0.31849342889529936,39.791666666666664
0.3234989212020085,0.32349876649923043,0.31845639774558043,39.833333333333336
0.32346934510634673,0.3234691901019327,0.31842524670564426,39.875
0.3234461955227873,0.32344603935404426,0.3184004246557692,39.916666666666664
0.3234294983359273,0.32342934212891855,0.3183819663433183,39.958333333333336
0.3234187999048589,0.32341864279905935,0.31836942363823867,40.0
0.3234131552596434,0.3234129969388929,0.31836187599255916,40.041666666666664
0.32341117228846783,0.32341098619447656,0.3183579528096151,40.083333333333336
0.3234111140645425,0.32341092891292567,0.31835594570342507,40.125
0.3234110646271959,0.3234108793102837,0.3183539719560066,40.166666666666664
0.32340905056185376,0.3234089159716622,0.3183501338706601,40.208333333333336
0.32340345764912654,0.3234033029867527,0.31834272472446606,40.25
0.3233928102779921,0.3233926552373491,0.31833037194646313,40.291666666666664
0.3233761818682033,0.32337602661683085,0.3183121431908233,40.333333333333336
0.323353121497483,0.3233529660261333,0.31828758976102806,40.375
0.3233236589842714,0.3233235036861817,0.3182567373304419,40.416666666666664
0.32328825225532987,0.3232880968685949,0.3182200301446014,40.458333333333336
0.3232477105504887,0.3232475571059219,0.318178261634333,40.5
0.323203110340589,0.3232029607369149,0.3181324875324541,40.541666666666664
0.3231557159741793,0.32315556681207275,0.3180839540315088,40.583333333333336
0.3231069077333937,0.32310676247515674,0.31803401081521093,40.625
0.32305812062718975,0.3230579755325893,0.3179840743432409,40.666666666666664
0.32301078868501837,0.3230106435481553,0.317935554942635,40.708333333333336
0.3229662892213386,0.3229661439276393,0.31788981147972145,40.75
0.3229258812391366,0.3229257364706202,0.3178480870116605,40.791666666666664
0.32289063744558155,0.32289049297693306,0.31781144035256287,40.833333333333336
0.3228613624187308,0.32286121737462353,0.31778066749920936,40.875
0.3228385083160042,0.3228383610835168,0.3177562189807245,40.916666666666664
0.32282210111425097,0.3228219537499848,0.31773812519957123,40.958333333333336
0.3228116876289645,0.32281153654162414,0.3177259438668454,41.0
0.32280632378807544,0.3228061716022019,0.31771874904013875,41.041666666666664
0.32280461860721554,0.32280443928634195,0.31771517435589053,41.083333333333336
0.3228048367964509,0.3228046598407289,0.3177135164578178,41.125
0.32280506499100187,0.32280488902243437,0.31771188767364117,41.166666666666664
0.3228033651504553,0.3228032059742219,0.3177083993049703,41.208333333333336
0.32279805995060473,0.32279788197557013,0.3177013418228769,41.25
0.32278770137975804,0.322787523445684,0.31768934601043736,41.291666666666664
0.3227713680045995,0.3227711899387986,0.317671480040064,41.333333333333336
0.3227486089235654,0.32274843060076147,0.31764729602942876,41.375
0.32271945388648426,0.32271927526362754,0.3176168186360194,41.416666666666664
0.3226843603493677,0.3226841815706947,0.3175804936428445,41.458333333333336
0.32264413697012095,0.32264395807035956,0.3175391129491073,41.5
0.3225998592486858,0.32259968055219906,0.31749373190228786,41.541666666666664
0.32255278982090096,0.32255263284581603,0.3174455912445602,41.583333333333336
0.322504308157426,0.3225041517636994,0.31739604751246486,41.625
0.3224558479352631,0.32245569193227164,0.31734650756734867,41.666666666666664
0.3224088419660658,0.3224086865950387,0.31729838515853925,41.708333333333336
0.3223646665667139,0.3223645110377929,0.3172530353262186,41.75
0.3223245802835987,0.3223244243651716,0.3172117006959024,41.791666666666664
0.3222896539835895,0.3222894971345786,0.31717543896917816,41.833333333333336
0.3222606911903389,0.32226053406191885,0.31714504531447424,41.875
0.32223814441691634,0.322237987391925,0.31712097008106455,41.916666666666664
0.3222220399719005,0.3222218828209399,0.31710324329182754,41.958333333333336
0.3222119248674537,0.3222117671981906,0.31709142318097805,42.0
0.3222068559388475,0.3222066970179332,0.31708458491943586,42.041666666666664
0.322205443775476,0.32220528333112325,0.3170813632965935,42.083333333333336
0.32220595687890363,0.32220579525517384,0.31708005631937586,42.125
0.32220647867996555,0.3222063148723568,0.317078779336236,42.166666666666664
0.3222050969181936,0.32220492620679325,0.3170756433870796,42.208333333333336
0.32220007000527995,0.32219989688651085,0.31706894317165996,42.25
0.3221900139567489,0.32218984087931335,0.3170573081033728,42.291666666666664
0.3221739883497413,0.32217381530866723,0.31703980867318277,42.333333333333336
0.32215154261004864,0.32215136967368446,0.31701599717977824,42.375
0.32212270639796614,0.32212253452171247,0.31698589859536375,42.416666666666664
0.322087936745074,0.32208776491383195,0.31694995733717163,42.458333333333336
0.32204804162670386,0.3220478697072628,0.3169089648460974,42.5
0.3220040956404385,0.3220039238584726,0.3168639752248321,42.541666666666664
0.32195736049189105,0.32195719106054066,0.316816227812486,42.583333333333336
0.3219092145872553,0.3219090451835052,0.31676708002289944,42.625
0.32186109042891903,0.32186092192203564,0.31671793873839466,42.666666666666664
0.32181441979189035,0.3218142510185374,0.3166702107293685,42.708333333333336
0.32177057801123343,0.32177040880171026,0.316625253949251,42.75
0.32173082248444296,0.32173065314364024,0.31658430883588484,42.791666666666664
0.3216962234427583,0.3216960542305874,0.31654843258348775,42.833333333333336
0.32166758459739647,0.32166741479504674,0.3165184193367311,42.875
0.3216453576330873,0.321645187793595,0.316494718632987,42.916666666666664
0.3216295686564965,0.3216293987151089,0.31647736033031487,42.958333333333336
0.3216197652775214,0.3216195946011896,0.3164659050370772,43.0
0.32161500502298285,0.3216148331459091,0.31645942747411726,43.041666666666664
0.32161389959942677,0.32161372607343813,0.31645656389515436,43.083333333333336
0.3216147166877371,0.3216145431944226,0.3164556137218889,43.125
0.3216155444634609,0.3216153694965812,0.3164546913032308,43.166666666666664
0.32161428703180084,0.32161429072304154,0.3164519119712019,43.208333333333336
0.3216097630011164,0.32160957521949973,0.3164455702163133,43.25
0.3216000229079927,0.32159983501060435,0.31643429992198213,43.291666666666664
0.3215843177045457,0.3215841299338901,0.31641716989707275,43.333333333333336
0.32156219723244933,0.32156200966463383,0.3163937328100861,43.375
0.3215336910680802,0.3215335043152035,0.3163640134323924,43.416666666666664
0.32149925586165,0.32149906894149155,0.3163284570325571,43.458333333333336
0.32145969897936383,0.32145951199267797,0.3162878535724994,43.5
0.32141609417766104,0.3214159071221576,0.3162432568808008,43.541666666666664
0.32136970256735875,0.32136951495131055,0.3161959039728511,43.583333333333336
0.3213219014985151,0.3213217143255533,0.316147150380785,43.625
0.32127412235568564,0.3212739390990675,0.3160984031685167,43.666666666666664
0.32122779623538894,0.32122761261174076,0.31605107077297395,43.708333333333336
0.3211842974384568,0.3211841138410859,0.3160065075397462,43.75
0.32114488297644384,0.321144699133622,0.3159659532256232,43.791666666666664
0.3211106224366978,0.3211104376832415,0.31593046356301646,43.833333333333336
0.3210823183276914,0.32108213320007944,0.3159008329530985,43.875
0.3210604227670982,0.32106023644863735,0.3158775108007695,43.916666666666664
0.321044961709341,0.32104477544662935,0.3158605270944662,43.958333333333336
0.32103548326581216,0.32103529322297575,0.31584943890076655,44.0
0.3210310458012124,0.3210308510388474,0.3158433264032391,44.041666666666664
0.32103025790515566,0.3210300383699344,0.31584082439250794,44.083333333333336
0.32103139264893177,0.32103117691457056,0.3158402349664521,44.125
0.3210323928773677,0.32103232605731036,0.3158396730639226,44.166666666666664
0.3210317726719753,0.32103156854037457,0.3158372570263817,44.208333333333336
0.32102727925539015,0.3210271775902273,0.3158312841052749,44.25
0.3210178660392953,0.3210177663823365,0.31582038288436187,44.291666666666664
0.32100249378976475,0.32100239414444987,0.315803626186944,44.333333333333336
0.3209807104326384,0.32098061110790355,0.31578056686454714,44.375
0.32095254543851265,0.32095244657295796,0.31575123026896956,44.416666666666664
0.320918455142845,0.3209183563468423,0.315716060026071,44.458333333333336
0.32087924631926407,0.3208791474258657,0.3156758465743403,44.5
0.32083599214298586,0.3208358931815488,0.3156316422700785,44.541666666666664
0.3207899532444536,0.3207898538088615,0.31558468381214666,44.583333333333336
0.32074250579088415,0.3207424069681352,0.3155363302095056,44.625
0.3206950807253808,0.3206949865348468,0.31548797860659156,44.666666666666664
0.32064910842964445,0.3206490137875594,0.3154410414417843,44.708333333333336
0.3206059622467073,0.32060586720806206,0.31539687177435105,44.75
0.3205668985563944,0.3205668030472505,0.31535670839863333,44.791666666666664
0.32053298642581896,0.3205328907009738,0.31532160689899974,44.833333333333336
0.32050502836096073,0.3205049319799367,0.31529236071107913,44.875
0.3204834760478875,0.32048337861598575,0.315269416981317,44.916666666666664
0.3204683555446761,0.3204682575196801,0.31525280979905895,44.958333333333336
0.3204592151919894,0.32045911647025294,0.31524209631462496,45.0
0.3204551136207107,0.32045501412659444,0.31523635401165834,45.041666666666664
0.32045466364107034,0.3204545629520852,0.31523422067757334,45.083333333333336
0.3204561344682837,0.3204560333002439,0.315233998083192,45.125
0.3204576178914797,0.32045751581224385,0.31523380307391025,45.166666666666664
0.32045717740908924,0.3204570993437898,0.31523174662388564,45.208333333333336
0.32045315040291006,0.3204530516345852,0.3152261451880502,45.25
0.32044408151102866,0.32044398247650885,0.3152156173750948,45.291666666666664
0.3204290546015174,0.3204289554718347,0.3151992376820989,45.333333333333336
0.32040762001183515,0.3204075206312427,0.3151765593533568,45.375
0.3203798071344135,0.32037970747900496,0.3151476069255792,45.416666666666664
0.3203460720166342,0.32034597223074135,0.3151128248334663,45.458333333333336
0.3203072211089413,0.32030712116398663,0.3150730025367836,45.5
0.32026432692679635,0.32026422651777026,0.3150291920397244,45.541666666666664
0.32021864963971813,0.32021855338223154,0.3149826300723105,45.583333333333336
0.3201715647416668,0.3201714685010213,0.31493466869463715,45.625
0.3201245025013376,0.3201244068043022,0.3148867134511479,45.666666666666664
0.3200788927703889,0.32007879714707016,0.3148401717098506,45.708333333333336
0.3200361083438945,0.3200360126059501,0.3147963959089191,45.75
0.3199974050069519,0.31999730919416364,0.3147566242221524,45.791666666666664
0.31996385109233116,0.31996375578286385,0.3147219119692593,45.833333333333336
0.3199362500752687,0.3199361543266988,0.3146930518009364,45.875
0.3199150525575887,0.31991495667706743,0.31467049222727417,45.916666666666664
0.31990028501523377,0.3199001889886293,0.31465426475678565,45.958333333333336
0.31989149569502767,0.3198913992585827,0.3146439266517506,46.0
0.31988774375075973,0.31988764493410227,0.31463855916193045,46.041666666666664
0.3198876435659751,0.3198875412344441,0.3146367989994715,46.083333333333336
0.31988946597241946,0.3198893637482962,0.31463694903678124,46.125
0.31989130068100025,0.3198911952113352,0.3146371285433192,46.166666666666664
0.31989123897343397,0.31989112512264695,0.3146354553517955,46.208333333333336
0.3198875427212671,0.3198874289384699,0.31463022571857563,46.25
0.3198788286705209,0.31987871480483104,0.3146200761952031,46.291666666666664
0.31986415943710106,0.31986404543344316,0.3146040775771417,46.333333333333336
0.31984308520296373,0.31984297094136344,0.31458178345200366,46.375
0.3198156352969386,0.3198155207374918,0.31455321853305396,46.416666666666664
0.3197822655202341,0.31978215087615963,0.31451882671808595,46.458333333333336
0.3197437818267787,0.3197436674461373,0.3144793964604659,46.5
0.31970125715557113,0.3197011424939596,0.31443597963899034,46.541666666666664
0.31965595023317883,0.3196558349276476,0.3143898138669927,46.583333333333336
0.3196092366292202,0.3196091217629656,0.31434224839505703,46.625
0.3195625459506858,0.3195624349810562,0.31429468950680367,46.666666666666664
0.31951730750525914,0.3195171961269566,0.31424854349492143,46.708333333333336
0.3194748939501489,0.319474782275428,0.3142051629877973,46.75
0.3194365608554282,0.31943644894624396,0.3141657845193726,46.791666666666664
0.3194033766460414,0.3194032644963975,0.3141314632824292,46.833333333333336
0.31937614303599077,0.3193760306660064,0.3141029917583275,46.875
0.31935531179561294,0.3193551962132077,0.3140808182120973,46.916666666666664
0.3193409090480528,0.3193407932188006,0.31406497430262115,46.958333333333336
0.3193324836311434,0.31933236706056434,0.31405501938634905,47.0
0.3193290951975746,0.3193289771004078,0.314050031761294,47.041666666666664
0.3193293540235248,0.31932923722847983,0.31404865022552664,47.083333333333336
0.31933153517852353,0.3193314211805854,0.3140491695348898,47.125
0.3193335765808548,0.31933361676476685,0.3140497255080941,47.166666666666664
0.31933401746163126,0.3193339097096183,0.31404842863616117,47.208333333333336
0.31933057901408773,0.3193305763868078,0.3140435804776932,47.25
0.3193222329981156,0.31932222999145504,0.31403381368542105,47.291666666666664
0.3193079335694341,0.319307930370043,0.3140182002666537,47.333333333333336
0.3192872311548544,0.31928722766488005,0.31399629374683513,47.375
0.31926015498943605,0.31926015190366824,0.3139681184015951,47.416666666666664
0.3192271607625965,0.3192271574727511,0.3139341186165492,47.458333333333336
0.31918905423240607,0.31918905068606607,0.3138950825203,47.5
0.3191469074347529,0.3191469039575782,0.31385206165340024,47.541666666666664
0.319101979610329,0.3191019754908028,0.3138062904385589,47.583333333333336
0.319055645612685,0.31905564205968306,0.3137591216323397,47.625
0.31900933503573636,0.3190093353229098,0.3137119633713209,47.666666666666664
0.31896447687677987,0.3189644765950729,0.313666213173225,47.708333333333336
0.3189224433494654,0.31892244266746833,0.31362322715376034,47.75
0.31888448951553894,0.318884488878329,0.31358424250202876,47.791666666666664
0.3188516842117532,0.3188516834206021,0.313550313722926,47.833333333333336
0.3188248290422843,0.31882482794850464,0.31352223302376264,47.875
0.3188043755913134,0.31880437416428803,0.31350044863101284,47.916666666666664
0.3187903500328516,0.31879034860898525,0.3134849923838386,47.958333333333336
0.31878230135471886,0.31878229931479424,0.31347542178819165,48.0
0.3187792908033652,0.3187792859008339,0.3134708188840005,48.041666666666664
0.3187799260767743,0.3187799226265959,0.3134698214084028,48.083333333333336
0.31878248446476254,0.318782483714513,0.3134707330209335,48.125
0.3187850588298123,0.3187850574271799,0.313471673806265,48.166666666666664
0.31878573806187654,0.31878573122155746,0.3134707634097922,48.208333333333336
0.3187827762078207,0.31878277975750124,0.3134663008756918,48.25
0.31877481054078,0.31877481410996406,0.31345692169946987,48.291666666666664
0.3187608930283662,0.31876089645225936,0.31344169755203266,48.333333333333336
0.31874057377057513,0.3187405769213191,0.3134201819870825,48.375
0.3187138819499047,0.3187138847797307,0.313392399305242,48.416666666666664
0.31868127314139355,0.3186812757949233,0.3133587935697678,48.458333333333336
0.3186435531035307,0.3186435556745566,0.3133201527269865,48.5
0.3186017937171316,0.31860179602211425,0.31327752804871134,48.541666666666664
0.31855725354562686,0.31855725531957013,0.31323215425528034,48.583333333333336
0.31851130777554154,0.31851131009104006,0.31318538197966095,48.625
0.31846538578771055,0.318465388428549,0.3131386165436358,48.666666666666664
0.31842091623993657,0.318420919503281,0.31309326285823524,48.708333333333336
0.3183792716119378,0.3183792743894291,0.3130506731545093,48.75
0.31834170704908427,0.3183417094754884,0.3130120839145606,48.791666666666664
0.3183092907790764,0.3183092929194154,0.3129785492307125,48.833333333333336
0.31828282443305944,0.31828282638006056,0.31295086178739095,48.875
0.31826275967335715,0.318262761608395,0.3129294693950176,48.916666666666664
0.3182491233719434,0.3182491251845552,0.31291440443045265,48.958333333333336
0.3182414640722227,0.3182414654624063,0.31290522426373235,49.0
0.31823884157202886,0.3182388416587356,0.31290101119092717,49.041666666666664
0.3182398702831272,0.3182398688288123,0.3129004032785811,49.083333333333336
0.31824282410496907,0.3182428208326683,0.31290170459631506,49.125
0.3182457908471385,0.31824578409118426,0.31290303576986916,49.166666666666664
0.31824686438158156,0.31824684074063986,0.31290252118875206,49.208333333333336
0.3182442926024542,0.3182442835429265,0.31289844989954035,49.25
0.31823672032572403,0.318236711178523,0.3128894632251764,49.291666666666664
0.3182231966722146,0.31822318761355034,0.3128746324584716,49.333333333333336
0.31820327182073527,0.3182032627867105,0.3128535112879239,49.375
0.31817697486427565,0.3181769668754671,0.3128261239223919,49.416666666666664
0.3181447613073155,0.31814475335091963,0.31279291396854714,49.458333333333336
0.3181074365217132,0.31810742861564784,0.31275467262186607,49.5
0.3180660729238595,0.3180660647523638,0.3127124444059516,49.541666666666664
0.3180219292308323,0.31802192041520405,0.31266748783561843,49.583333333333336
0.31797637995119127,0.31797637337673434,0.312621113350286,49.625
0.317930854763475,0.31793084839350766,0.3125747453498209,49.666666666666664
0.31788678239059365,0.31788677586947417,0.31252978968026013,49.708333333333336
0.3178455353526006,0.31784552857240966,0.3124875966272292,49.75
0.31780836889054537,0.31780836173823934,0.31244940365440904,49.791666666666664
0.3177763513237253,0.31777634387931664,0.3124162648021054,49.833333333333336
0.31775028438179426,0.3177502767904438,0.3123889727813375,49.875
0.31773061981929196,0.31773061237304423,0.31236797536270555,49.916666666666664
0.3177173845693903,0.3177173770370764,0.3123533052541862,49.958333333333336
0.3177101272211632,0.31771011595106546,0.3123445199082229,50.0
0.31770790758088535,0.3177078919819296,0.31234070167069816,50.041666666666664
0.3177093399977043,0.3177093224517104,0.3123404887698482,50.083333333333336
0.3177126982750861,0.3177126791481031,0.31234218541108655,50.125
0.3177160701023879,0.3177160486634,0.3123439136590981,50.166666666666664
0.31771754919081063,0.3177175244387742,0.3123437910832198,50.208333333333336
0.31771538140250405,0.31771536853554494,0.31234011856032823,50.25
0.31770821484036277,0.31770820197572813,0.3123315289751742,50.291666666666664
0.3176950969292312,0.3176950838240067,0.3123170959265634,50.333333333333336
0.3176755776108108,0.3176755642782635,0.3122963728326672,50.375
0.31764968593630966,0.317649672375573,0.3122693846572392,50.416666666666664
0.3176178773918956,0.31761786389807495,0.3122365729450243,50.458333333333336
0.3175809577052265,0.3175809440080939,0.3121987265960777,50.5
0.31753999871134225,0.31753998525702226,0.31215689759061127,50.541666666666664
0.31749625928463815,0.3174962666084089,0.3121123238603566,50.583333333333336
0.31745111474934556,0.3174511217305945,0.3120663529156341,50.625
0.3174059945404105,0.3174060039625576,0.3120203847226994,50.666666666666664
0.3173623276723794,0.31736233670502034,0.31197582565270976,50.708333333333336
0.31732148681841915,0.31732149567850887,0.31193402962657246,50.75
0.31728472738448654,0.3172847359695669,0.31189623328540833,50.791666666666664
0.3172531179004438,0.31725312651297655,0.31186349151471887,50.833333333333336
0.3172274609330356,0.3172274691511015,0.3118365972018387,50.875
0.3172082079665753,0.3172082139162527,0.31181599788832653,50.916666666666664
0.31719538552345306,0.3171953914226917,0.31180172664939915,50.958333333333336
0.31718854260339224,0.3171885447430064,0.3117933422748069,51.0
0.3171867388304246,0.31718673627471194,0.31178992368921016,51.041666666666664
0.3171885884750759,0.3171885832090312,0.31179008745001285,51.083333333333336
0.3171923620208451,0.3171923576193673,0.3117921816167714,51.125
0.3171961510860031,0.31719614580035044,0.31179431128407464,51.166666666666664
0.31719795668105577,0.3171980355173576,0.31179459044057467,51.208333333333336
0.31719631416077804,0.31719629823928247,0.31179131921413517,51.25
0.3171895658455133,0.31718954993091963,0.31178313134221824,51.291666666666664
0.31717686545817414,0.3171768493910924,0.3117690998245077,51.333333333333336
0.317157762729086,0.31715774639088734,0.3117487777783491,51.375
0.317132286644604,0.3171322700119745,0.3117221903041051,51.416666666666664
0.31710089273583975,0.31710087717213864,0.3116897784083856,51.458333333333336
0.31706438686368066,0.3170643712628081,0.3116523316398215,51.5
0.317023841114037,0.31702382579371424,0.31161089996524177,51.541666666666664
0.31698051449379877,0.31698050045389303,0.31156672423774956,51.583333333333336
0.31693578267432715,0.31693577132349404,0.31152115129035596,51.625
0.31689107555243085,0.3168910644944911,0.31147557782379715,51.666666666666664
0.3168478224673494,0.31684781204424567,0.31143141629514276,51.708333333333336
0.3168073964332821,0.3168073858052528,0.31139001833566204,51.75
0.3167710538763744,0.31677104257639677,0.3113526209139074,51.791666666666664
0.31673986273248944,0.31673985120959247,0.3113202783860471,51.833333333333336
0.3167146256231279,0.31671461377268606,0.3112937838483814,51.875
0.31669579464819697,0.3166957808811748,0.31127358545593964,51.916666666666664
0.3166833968236709,0.31668338288373266,0.3112597162728175,51.958333333333336
0.31667698074058925,0.31667696624585157,0.31125173522500366,52.0
0.3166756059118311,0.31667559049982813,0.3112487212693119,52.041666666666664
0.31667788605893765,0.3166778691048859,0.3112493143616417,52.083333333333336
0.3166820940995161,0.316682072630468,0.3112518094954464,52.125
0.31668631700945055,0.3166862931968025,0.31125434144297276,52.166666666666664
0.3166886470643409,0.3166886149579601,0.31125502681659867,52.208333333333336
0.3166873440040908,0.31668731280134,0.31125216187910193,52.25
0.3166810266097347,0.316680995161526,0.31124438019724443,52.291666666666664
0.3166687553974189,0.31666872375056193,0.3112307539664315,52.333333333333336
0.3166500802046317,0.31665004830188537,0.3112108361449751,52.375
0.3166250299291473,0.31662499853845966,0.3111846502801803,52.416666666666664
0.3165940601918592,0.3165940286176285,0.3111526401379346,52.458333333333336
0.3165579768856131,0.31655794514720637,0.3111155938734316,52.5
0.3165178524490875,0.31651782062664285,0.3110745618100135,52.541666666666664
0.31647494680120675,0.3164749345967921,0.3110307806738496,52.583333333333336
0.31643063565161295,0.31643062319307064,0.31098559960504735,52.625
0.31638634953573874,0.31638633720392334,0.3109404274969775,52.666666666666664
0.31634351842693514,0.31634350597747135,0.3108966635582367,52.708333333333336
0.31630351566646575,0.31630350303845167,0.31085566376684654,52.75
0.31626759783436864,0.316267584834151,0.3108186654875819,52.791666666666664
0.31623683417880577,0.3162368207520792,0.3107867234966056,52.833333333333336
0.31621202726315273,0.3162120133093996,0.31076063097338186,52.875
0.3161936294359216,0.3161936140175778,0.31074083726304785,52.916666666666664
0.3161816678687575,0.3161816520704367,0.3107273734131165,52.958333333333336
0.3161756909232695,0.3161756743311653,0.31071979963479457,53.0
0.31617475776384046,0.3161747399054855,0.3107171948358992,53.041666666666664
0.3161774818056533,0.31617746231617266,0.31071819857262734,53.083333333333336
0.3161821352716425,0.3161821135952859,0.31072110531970465,53.125
0.3161868040376441,0.3161867798987484,0.3107240491697297,53.166666666666664
0.3161895803925761,0.316189547504293,0.3107251467055041,53.208333333333336
0.31618870909826724,0.31618868949598955,0.3107226948513276,53.25
0.3161828344958103,0.31618281477685906,0.31071532364310245,53.291666666666664
0.31617100410228904,0.31617098416961703,0.3107021060830817,53.333333333333336
0.3161527673146056,0.31615274708845065,0.31068259501997725,53.375
0.3161281529755777,0.3161281332548782,0.31065681504059106,53.416666666666664
0.3160976168293625,0.3160975971274775,0.3106252080634986,53.458333333333336
0.31606196497966055,0.3160619455787307,0.310588562893158,53.5
0.31602227091415075,0.3160222517998871,0.3105479305452847,53.541666666666664
0.31597979465825426,0.3159797753840907,0.31050456596067855,53.583333333333336
0.3159359122623407,0.31593589314319115,0.3104597819725189,53.625
0.31589205514299235,0.3158920362260353,0.31041500619942386,53.666666666666664
0.3158496539141843,0.31584963460533055,0.3103716398797902,53.708333333333336
0.31581008280060685,0.31581006311676274,0.3103310382924838,53.75
0.3157745985568043,0.3157745786578252,0.3102944391193452,53.791666666666664
0.315744271605702,0.31574425162652353,0.3102628978384693,53.833333333333336
0.3157199051468125,0.3157198846327089,0.3102372083549209,53.875
0.3157019516203043,0.3157019302477409,0.31021781792260084,53.916666666666664
0.3156904377309707,0.31569041621124266,0.3102047626318093,53.958333333333336
0.3156849121522834,0.3156848900896748,0.31019759698593513,54.0
0.3156844334365676,0.3156844105859905,0.31019540238863164,54.041666666666664
0.3156876138107086,0.31568759006302927,0.31019682153245653,54.083333333333336
0.3156927218532546,0.3156926905087716,0.3102001540390507,54.125
0.3156978484878625,0.31569781217025916,0.31020351899505055,54.166666666666664
0.31570107903801875,0.31570103854375275,0.31020503838733743,54.208333333333336
0.31570067120919887,0.31570063780808955,0.3102030002326691,54.25
0.3156952516515932,0.31569521822473734,0.31019604359619785,54.291666666666664
0.315683873580011,0.3156838399288264,0.3101832384068952,54.333333333333336
0.3156660859539188,0.31566605204496834,0.31016413725138203,54.375
0.3156419175895612,0.3156418841480643,0.31013876385565153,54.416666666666664
0.3156118244252623,0.3156117908207193,0.31010756160455816,54.458333333333336
0.3155766131901197,0.31557657936697714,0.3100713185712091,54.5
0.3155373571712587,0.3155373239977695,0.3100310862329234,54.541666666666664
0.3154953176078972,0.3154952857372578,0.3099881004058317,54.583333333333336
0.31545187164259464,0.31545184267629367,0.3099437141408712,54.625
0.31540845125541134,0.3154084242906645,0.30989933650252816,54.666666666666664
0.31536648792289435,0.31536646057363765,0.30985636746734996,54.708333333333336
0.3153273567119676,0.3153273291866212,0.3098161639289574,54.75
0.31529231556300136,0.3152922877950825,0.3097799646279533,54.791666666666664
0.3152624350437827,0.31526240705549735,0.30974882587567676,54.833333333333336
0.31523851873242587,0.3152384904774971,0.3097235413902923,54.875
0.31522101967419214,0.3152209895193521,0.3097045618002429,54.916666666666664
0.3152099650282721,0.3152099347265443,0.30969191781975497,54.958333333333336
0.3152049029557253,0.31520486916161283,0.30968516831795334,55.0
0.31520489169827026,0.3152048567187711,0.309683394648637,55.041666666666664
0.31520854311441404,0.3152085064628727,0.30968523380018076,55.083333333333336
0.3152141269924175,0.315214085415197,0.3096889880345525,55.125
0.3152197275338396,0.3152196856445763,0.30969277503679293,55.166666666666664
0.3152234329670966,0.3152233882002273,0.30969471322032743,55.208333333333336
0.3152234918771727,0.3152234552531596,0.30969309544342977,55.25
0.31521853877062256,0.3152185028321359,0.30968655721938193,55.291666666666664
0.3152076244427455,0.31520758828050144,0.3096741676002032,55.333333333333336
0.3151902966830184,0.3151902602579855,0.30965547879059213,55.375
0.31516658422696114,0.3151665482356629,0.3096305147099123,55.416666666666664
0.31513694327155767,0.3151369072920686,0.30959971816834425,55.458333333333336
0.3151021808052469,0.3151021446104235,0.3095638780431752,55.5
0.3150633714742132,0.31506333501585293,0.30952404646417,55.541666666666664
0.31502177701936473,0.3150217399475028,0.30948147756913036,55.583333333333336
0.31497877512973854,0.31497874041422225,0.3094374878610775,55.625
0.3149357991081001,0.31493576451412125,0.3093935027953178,55.666666666666664
0.3148942815794515,0.3148942468516542,0.3093509304822098,55.708333333333336
0.31485559852014666,0.31485556347503996,0.30931112495143476,55.75
0.314821008921181,0.3148209730678757,0.3092753258618043,55.791666666666664
0.31479158385263306,0.3147915477001758,0.30924458979743685,55.833333333333336
0.31476812771990864,0.31476809123219895,0.30921971154751043,55.875
0.3147510939690049,0.31475105614030646,0.3092011417063371,55.916666666666664
0.31474051001217207,0.3147404719592879,0.30918891136882987,55.958333333333336
0.31473592351809726,0.3147358820341161,0.3091825814156231,56.0
0.3147363920971554,0.31473634953937857,0.30918122495056827,56.041666666666664
0.31474052680317194,0.3147404824814851,0.3091834884575367,56.083333333333336
0.31474659642711,0.3147465503181437,0.3091876702060356,56.125
0.31475268299997133,0.31475263441533124,0.30919188299807787,56.166666666666664
0.31475687566113403,0.31475681746249556,0.30919423746483343,56.208333333333336
0.31475742398411866,0.3147573676326337,0.3091930485233395,56.25
0.3147529510442671,0.31475289453480043,0.3091869320569459,56.291666666666664
0.3147425118224213,0.314742455081393,0.30917496089898483,56.333333333333336
0.31472565452201234,0.31472559754439394,0.3091566865510386,56.375
0.3147024078474643,0.31470235101651606,0.3091321323167999,56.416666666666664
0.3146732282759855,0.31467317141092566,0.3091017419804912,56.458333333333336
0.3146389235250687,0.3146388684628372,0.3090663046784861,56.5
0.3146005685213223,0.31460051375570736,0.30902687231943754,56.541666666666664
0.31455942635244943,0.31455938982432236,0.3089846836829971,56.583333333333336
0.31451687609296386,0.31451683944645864,0.3089410924767702,56.625
0.3144743522030764,0.3144743155418132,0.3088975026937939,56.666666666666664
0.31443328809444676,0.31443325135756817,0.30885532609082417,56.708333333333336
0.31439506106410126,0.31439502411586223,0.3088159176738974,56.75
0.31436093081566235,0.3143608937534509,0.3087805177435359,56.791666666666664
0.3143319702860371,0.3143319328430172,0.30875018442129043,56.833333333333336
0.31430898427159676,0.3143089462299009,0.3087257129884212,56.875
0.31429242668214513,0.3142923883033991,0.3087075544394831,56.916666666666664
0.3142823244971903,0.31428228603667513,0.30869574047955106,56.958333333333336
0.3142782255856604,0.3142781864938133,0.30868983129247823,57.0
0.314279186520562,0.3142791463566395,0.30868890397151577,57.041666666666664
0.31428381752786283,0.31428377590687934,0.3086915957656611,57.083333333333336
0.31429038531446135,0.314290341310351,0.30869620730235814,57.125
0.3142969710002151,0.31429692449491314,0.3087008524916343,57.166666666666664
0.3143016546082646,0.31430160656404815,0.3087036503648155,57.208333333333336
0.31430270087897294,0.31430265401238056,0.3087028855976515,57.25
0.3142987193225679,0.3142986722814204,0.30869719427600617,57.291666666666664
0.3142887665118434,0.31428871920117607,0.3086856440366975,57.333333333333336
0.31427239022025194,0.31427234265356,0.3086677860368767,57.375
0.31424961910058774,0.3142495717546962,0.30864364336662914,57.416666666666664
0.31422090999410573,0.3142208626653711,0.3086136597780453,57.458333333333336
0.3141870714825191,0.31418702256107545,0.3085786249225931,57.5
0.31414917979020207,0.3141491302924964,0.3085395919815754,57.541666666666664
0.31410849853531353,0.31410844805066496,0.30849779823484813,57.583333333333336
0.31406640767451044,0.3140663576576944,0.3084546030059961,57.625
0.31402434314460176,0.3140242932782685,0.30841140757632524,57.666666666666664
0.313983740242507,0.3139836900388548,0.3083696255866912,57.708333333333336
0.3139459773782052,0.31394592694523166,0.3083306131992177,57.75
0.3139123157953453,0.3139122647890708,0.3082956122323561,57.791666666666664
0.3138838289413526,0.31388377766892367,0.308265681463397,57.833333333333336
0.3138613226305669,0.3138612711864,0.3082416170091363,57.875
0.31384525125392065,0.3138451997148405,0.30822387038316945,57.916666666666664
0.3138356423040426,0.3138355905892546,0.30821247434415455,57.958333333333336
0.3138320429238313,0.3138319906740316,0.3082069881992952,58.0
0.31383350917771735,0.31383345587754136,0.30820648742429985,58.041666666666664
0.3138386492644748,0.3138385942651488,0.3082096097977452,58.083333333333336
0.31384572892691065,0.3138456620145346,0.30821465464141484,58.125
0.3138528270426611,0.31385275480607977,0.3082197351252797,58.166666666666664
0.3138580273342968,0.31385794807358847,0.3082229636135077,58.208333333333336
0.31385957023304595,0.31385950048479594,0.3082226309608127,58.25
0.31385609199419495,0.3138560219719392,0.3082173674492594,58.291666666666664
0.31384663677006436,0.31384656649002135,0.30820624028026056,58.333333333333336
0.31383075193154825,0.3138306813910471,0.30818879997172105,58.375
0.3138084660738169,0.31380839524772147,0.3081650699060924,58.416666666666664
0.31378023642073805,0.31378016543538384,0.3081354931677896,58.458333333333336
0.31374687209816016,0.31374680145219197,0.3081008603548044,58.5
0.3137094505677883,0.3137093802073426,0.30806222552513746,58.541666666666664
0.3136692369743038,0.3136691666485527,0.30802082632277616,58.583333333333336
0.3136276125544438,0.3136275422463827,0.3079780204816319,58.625
0.3135860150391731,0.31358594489209224,0.3079352169568297,58.666666666666664
0.31354588083908624,0.3135458105697519,0.30789382757608263,58.708333333333336
0.31350858998511705,0.3135085194996936,0.30785520970124475,58.75
0.3134754045031338,0.3134753348075644,0.307820606555439,58.791666666666664
0.31344739989360043,0.3134473303344401,0.3077910778186306,58.833333333333336
0.31342538317399915,0.31342531296440496,0.30776742045330996,58.875
0.3134098088817964,0.31340973695024654,0.30775008611287186,58.916666666666664
0.31340070423431576,0.3134006310693924,0.30773910829994505,58.958333333333336
0.3133976162406103,0.3133975426739852,0.30773404757507616,59.0
0.3133995995679448,0.31339952618153183,0.30773397857476636,59.041666666666664
0.3134052616870785,0.31340518828276864,0.3077375369944713,59.083333333333336
0.31341286654542366,0.31341279039114306,0.30774301934632886,59.125
0.31342048996637123,0.3134204103712591,0.3077485373807922,59.166666666666664
0.3134262059439834,0.31342612717202867,0.3077522072385544,59.208333333333336
0.3134282736381841,0.3134282026719646,0.3077523090105084,59.25
0.3134253092894127,0.31342523920594967,0.30774747563884824,59.291666666666664
0.3134163628203111,0.31341629247122804,0.3077367732448878,59.333333333333336
0.3134009798291979,0.31340090934870285,0.30771975166069965,59.375
0.3133791888708671,0.31337911880663866,0.30769643357161147,59.416666666666664
0.3133514476111224,0.3133513775896145,0.307667263292496,59.458333333333336
0.3133185661053009,0.31331849571426945,0.30763303145061155,59.5
0.31328162296907675,0.313281552328005,0.3075947923078721,59.541666666666664
0.313241884662593,0.31324181346632773,0.3075537863890092,59.583333333333336
0.31320073414107663,0.3132006636438318,0.30751137116452737,59.625
0.3131596110346259,0.31315954073565694,0.3074689575336035,59.666666666666664
0.3131199530455741,0.3131198823499672,0.30742795840514964,59.708333333333336
0.3130831420881423,0.3130830711233021,0.3073897329333944,59.75
0.31305044226205664,0.3130503710034463,0.30735552554767137,59.791666666666664
0.3130229295307982,0.31302285804438246,0.307326397653379,59.833333333333336
0.3130014117031693,0.31300133956291054,0.3073031473877626,59.875
0.3129863447874751,0.3129862709832755,0.3072862272947619,59.916666666666664
0.3129777558680453,0.3129776811806801,0.3072756707936784,59.958333333333336
0.3129751911414898,0.3129751158829341,0.3072710367855608,60.0
0.3129777042867485,0.3129776231826275,0.30727140073674447,60.041666666666664
0.3129839015839486,0.31298381843746265,0.307275376919289,60.083333333333336
0.312992044244208,0.31299195920219636,0.3072812998422955,60.125
0.31300020460197653,0.31300012040633746,0.3072872610411466,60.166666666666664
0.3130064619535419,0.31300637855700797,0.3072913701174778,60.208333333333336
0.31300907927414556,0.31300898453263765,0.30729190797265543,60.25
0.3130066426652219,0.3130065479322708,0.30728750653031883,60.291666666666664
0.31299821604555894,0.3129981210237249,0.3072772301522025,60.333333333333336
0.3129833452209396,0.3129832499298283,0.3072606278684563,60.375
0.31296205872067895,0.3129619631575251,0.30723772214727085,60.416666666666664
0.3129348147569256,0.3129347189136654,0.3072089573735381,60.458333333333336
0.31290242452115724,0.312902328399903,0.30717512496655247,60.5
0.31286596783156656,0.31286587146857,0.30713727967475957,60.541666666666664
0.3128267124464824,0.3128266167094527,0.3070966663049103,60.583333333333336
0.3127860431853938,0.3127859480526004,0.3070546390361146,60.625
0.3127454014756216,0.3127453091085056,0.3070126151716047,60.666666666666664
0.31270622715219226,0.3127061345423083,0.30697200395586666,60.708333333333336
0.3126699037520715,0.3126698109143417,0.30693416875418456,60.75
0.31263769741067204,0.31263760373980587,0.3069003553987187,60.791666666666664
0.3126106850415329,0.31261059108538525,0.3068716268321572,60.833333333333336
0.31258967579163904,0.31258958164083855,0.3068487823521225,60.875
0.3125751263468769,0.31257503169699524,0.30683227567869303,60.916666666666664
0.3125670639013533,0.31256696876544826,0.3068221396880104,60.958333333333336
0.3125650341119445,0.3125649385095493,0.3068179335909495,61.0
0.31256808953036846,0.3125679932503802,0.3068187314735334,61.041666666666664
0.312574834580458,0.3125747364946145,0.30682316623268735,61.083333333333336
0.31258352815207885,0.31258342772435604,0.3068295265955591,61.125
0.31259223997499863,0.3125921384368593,0.30683592927257913,61.166666666666664
0.31259904678925254,0.31259894025094725,0.3068404810149653,61.208333333333336
0.31260220922745435,0.31260209138509015,0.30684145828316384,61.25
0.312600311423349,0.3126001933750912,0.3068374903320792,61.291666666666664
0.31259241566338186,0.3125922973219708,0.30682764072186736,61.333333333333336
0.31257806726337906,0.3125779488175722,0.3068114577633276,61.375
0.31255729471518023,0.3125571766931162,0.3067889635917324,61.416666666666664
0.3125305567981948,0.3125304386582733,0.30676060307741015,61.458333333333336
0.3124986657626225,0.3124985471680678,0.3067271699226116,61.5
0.31246270286616407,0.31246258350512307,0.3066897204639402,61.541666666666664
0.3124239374992828,0.3124238175522077,0.306649493233354,61.583333333333336
0.31238375657353146,0.31238364291063836,0.30660785409973873,61.625
0.3123436036371117,0.31234348993839695,0.3065662115395446,61.666666666666664
0.31230492028990653,0.31230480626088,0.3065259849763818,61.708333333333336
0.3122690921901307,0.3122689777695487,0.30648853697466877,61.75
0.3122373869974592,0.3122372722419209,0.3064551150821342,61.791666666666664
0.31221088374342065,0.31221076866516445,0.3064267837608194,61.833333333333336
0.312190392532233,0.31219027716455794,0.3064043435820835,61.875
0.31217637074669824,0.31217625494044265,0.30638824911611934,61.916666666666664
0.3121688457753509,0.3121687294651209,0.3063785335986986,61.958333333333336
0.312167362632054,0.31216724555251835,0.30637475594971275,62.0
0.31217097241910513,0.3121708548187485,0.30637598862051063,62.041666666666664
0.3121782777135746,0.3121781585606937,0.3063808634909172,62.083333333333336
0.3121875352319092,0.31218741347755724,0.306387662757424,62.125
0.31219681334037186,0.3121966884831323,0.30639450801538554,62.166666666666664
0.3122041798830062,0.31220405707637644,0.30639949964838514,62.208333333333336
0.3122079014390522,0.3122077646403775,0.30640091701716304,62.25
0.3122065539897105,0.3122064168152926,0.3063973833569034,62.291666666666664
0.3121992000489322,0.3121990626077782,0.30638796075770447,62.333333333333336
0.31218538427134873,0.3121852465278559,0.30637219667005205,62.375
0.3121651351123919,0.3121649972596409,0.30635011302363824,62.416666666666664
0.312138911962053,0.3121387740620412,0.3063221548183057,62.458333333333336
0.31210752823053595,0.31210739035404866,0.3062891184540641,62.5
0.31207206677253846,0.3120719277715853,0.3062520549875655,62.541666666666664
0.31203379916399465,0.3120336604898289,0.3062122125091059,62.583333333333336
0.3119941140550712,0.31199397571677767,0.30617095775207953,62.625
0.3119544569270507,0.3119543222742947,0.30612969495005843,62.666666666666664
0.31191627183728793,0.31191613692152576,0.3060898493329891,62.708333333333336
0.31188094661481436,0.3118808114454972,0.30605278496931726,62.75
0.31184975072915627,0.3118496154504172,0.30601975164579065,62.791666666666664
0.31182376518861565,0.3118236297097811,0.30599181469651276,62.833333333333336
0.31180380150261067,0.31180366572943463,0.30596977660893754,62.875
0.31179031738050733,0.31179018086159754,0.3059540922694771,62.916666666666664
0.31178334045074346,0.3117832035482939,0.3059447962522182,62.958333333333336
0.31178241551224184,0.31178227785768653,0.3059414468097762,63.0
0.3117865922923559,0.3117864530219436,0.3059431157444839,63.041666666666664
0.31179447098797386,0.31179432865799367,0.3059484147967222,63.083333333333336
0.31180430489916955,0.3118041496913611,0.3059556702774949,63.125
0.31181416020554537,0.3118139991202299,0.30596296722082406,63.166666666666664
0.31182210169271024,0.31182193937824043,0.3059684069561107,63.208333333333336
0.31182637318361106,0.31182621709737846,0.3059702647831269,63.25
0.3118255863793469,0.3118254311900882,0.30596716576136224,63.291666666666664
0.31181878519223905,0.31181862972514746,0.3059581699115556,63.333333333333336
0.3118055121891931,0.3118053564109407,0.3059428237367854,63.375
0.3117857957966359,0.31178563991602776,0.305921148891353,63.416666666666664
0.3117600960753335,0.31175994018352987,0.30589359085756285,63.458333333333336
0.31172922769064815,0.31172907168776715,0.3058609432860819,63.5
0.3116942751936871,0.31169411834007255,0.3058242643896017,63.541666666666664
0.3116565121923957,0.3116563542589129,0.3057848011850698,63.583333333333336
0.311617329503337,0.3116171722660131,0.3057439173431934,63.625
0.3115781752594545,0.311578017862888,0.3057030304391029,63.666666666666664
0.31154049563136504,0.31154033873989584,0.30566356156965857,63.708333333333336
0.3115056808129424,0.3115055236482652,0.3056268770096768,63.75
0.3114750025487596,0.31147484500545525,0.30559422813828013,63.791666666666664
0.311449543574863,0.3114493856873905,0.30556668286139377,63.833333333333336
0.3114301166181592,0.31142995849331073,0.30554504460226944,63.875
0.31141718049543526,0.3114170220676164,0.3055297699871049,63.916666666666664
0.3114107633028603,0.31141060425351136,0.3055208928559281,63.958333333333336
0.3114104083705244,0.3114102485465228,0.3055179713763939,64.0
0.3114151638281031,0.31141500349334467,0.30552007690183225,64.04166666666667
0.31142362734040746,0.3114234657236543,0.3055258377250742,64.08333333333333
0.3114340510613604,0.31143388661931265,0.30553352787854815,64.125
0.31144449660346113,0.31144432819249224,0.3055412701169603,64.16666666666667
0.31145302255113927,0.31145285530127104,0.30554715124127296,64.20833333333333
0.3114578868128176,0.3114577168407512,0.3055494504837591,64.25
0.31145767470875674,0.31145750449125226,0.30554678552156644,64.29166666666667
0.3114514371375447,0.31145126661161293,0.3055382155767486,64.33333333333333
0.31143871700050385,0.3114385463921921,0.30552328576515747,64.375
0.31141954268553623,0.3114193727114768,0.3055020180813769,64.41666666666667
0.31139437495460787,0.3113942050825291,0.30547485719677625,64.45833333333333
0.3113640296581134,0.31136385973927705,0.3054425975264539,64.5
0.3113295934211863,0.31132942341467784,0.3054062998409738,64.54166666666667
0.3112923413615198,0.3112921709119525,0.3053672163706986,64.58333333333333
0.31125366806966676,0.31125350109401895,0.3053267044581903,64.625
0.3112150235851192,0.3112148559637524,0.305286189056859,64.66666666666667
0.31117785657963054,0.3111776887438559,0.3052470921289465,64.70833333333333
0.3111435596577179,0.31114339153200404,0.3052107827717794,64.75
0.31111340692701234,0.3111132384974432,0.30517851439453075,64.79166666666667
0.31108848291491675,0.3110883142244307,0.30515135683464595,64.83333333333333
0.31106960201983813,0.311069432978559,0.30513011497626874,64.875
0.3110572241529254,0.31105705465498723,0.3051152468317682,64.91666666666667
0.3110513769679225,0.3110512065628715,0.3051067864716049,64.95833333333333
0.31105160346869,0.31105143244735867,0.3051042916616624,65.0
0.3110569503410414,0.3110567782782964,0.30510683307562253,65.04166666666667
0.3110660131799125,0.3110658391163922,0.30511303618054386,65.08333333333333
0.3110770396748678,0.3110768628457868,0.3051211838244349,65.125
0.31108808835336393,0.3110879077755288,0.30512937386884925,65.16666666666667
0.31109721761156806,0.3110970336404346,0.3051357007346309,65.20833333333333
0.3111026711544013,0.3111024891744171,0.3051384414719171,65.25
0.31110304362167623,0.31110286187549424,0.3051362105055909,65.29166666666667
0.3110973805095555,0.3110971984281864,0.3051280651182986,65.33333333333333
0.31108522328249816,0.3110850408783267,0.30511354966235155,65.375
0.31106660031987243,0.31106641781356764,0.3050926855466809,65.41666666666667
0.31104197318864163,0.3110417906272294,0.30506591835009195,65.45833333333333
0.31101215935800003,0.31101197614274056,0.3050340436051361,65.5
0.31097824719052664,0.3109780628504634,0.3049981281564217,65.54166666666667
0.3109415146691563,0.31094133215518377,0.30495941252279374,65.58333333333333
0.31090335774309047,0.3109031753914149,0.304919268228742,65.625
0.3108652299072566,0.3108650474349173,0.30487911860785666,65.66666666666667
0.31082858255879003,0.3108283999277561,0.3048403886770456,65.70833333333333
0.3107948109137184,0.3107946279964815,0.3048044494497806,65.75
0.3107651912556632,0.31076500800717843,0.3047725571480411,65.79166666666667
0.3107408107998054,0.31074062692763155,0.3047457831554502,65.83333333333333
0.310722485287983,0.31072230072441426,0.30472493438316417,65.875
0.31071067528097884,0.31071048969378995,0.30471046959242504,65.91666666666667
0.3107054091248625,0.3107052224253481,0.3047024236624745,65.95833333333333
0.3107062286320585,0.3107060412578816,0.30470035396657286,66.0
0.3107121786358339,0.3107119906130153,0.30470332967495495,66.04166666666667
0.31072185102606314,0.31072166082743424,0.30470997459084515,66.08333333333333
0.3107334922158956,0.3107332993999454,0.3047185628864702,66.125
0.310745157117332,0.31074496077688124,0.30472719796255365,66.16666666666667
0.31075489935724215,0.3107547012381248,0.30473397030126775,66.20833333333333
0.3107609161656927,0.3107607607810503,0.3047371511680326,66.25
0.3107618858052843,0.31076172997540213,0.30473535266646,66.29166666666667
0.31075680793465676,0.31075665175495815,0.30472762995193936,66.33333333333333
0.31074522362399365,0.31074506710153577,0.3047135262843793,66.375
0.31072716123334293,0.3107270043367545,0.3046930623428261,66.41666666666667
0.31070308316636774,0.3107029259711043,0.30466668467534136,66.45833333333333
0.31067380843775,0.31067365098873373,0.30463518987851423,66.5
0.3106404275049838,0.310640269795296,0.3045996409157359,66.54166666666667
0.31060422075320765,0.3106040623912757,0.30456128994463855,66.58333333333333
0.31056658706115586,0.310566434972923,0.30452150724205196,66.625
0.31052898272963364,0.3105288301851952,0.3044817171563855,66.66666666666667
0.31049286204669835,0.31049270909883814,0.3044433481737416,66.70833333333333
0.31045962306568264,0.31045946976567046,0.30440777342829134,66.75
0.3104305447653912,0.3104303914105106,0.30437625135014634,66.79166666666667
0.3104067162203987,0.31040656261257105,0.30434985555265165,66.83333333333333
0.31038895528394067,0.3103888008739993,0.3043293952217687,66.875
0.3103777233159505,0.3103775674651008,0.3043153287664774,66.91666666666667
0.3103730487932484,0.31037289160448134,0.30430769386455137,66.95833333333333
0.31037447279571595,0.3103743148624515,0.30430604705493874,67.0
0.3103810381262668,0.3103808792067271,0.30430945541307836,67.04166666666667
0.31039133384794676,0.3103911573427035,0.30431654022779075,67.08333333333333
0.31040360248814924,0.31040342383475905,0.3043255758023902,67.125
0.3104158958676499,0.310415716460282,0.30433465906480955,67.16666666666667
0.3104262634393649,0.31042608403806166,0.30434187571089893,67.20833333333333
0.3104329425690635,0.3104327648317139,0.3043454971466085,67.25
0.3104345202235151,0.31043434213173104,0.3043441292158005,67.29166666666667
0.3104300383345834,0.31042985988254795,0.3043368267819854,67.33333333333333
0.3104190368880464,0.31041885831055116,0.3043231318301118,67.375
0.31040154422813815,0.3104013661564592,0.3043030653369848,67.41666666666667
0.3103780236651973,0.31037784559918874,0.3042770731217428,67.45833333333333
0.3103492958320715,0.3103491174429804,0.30424595389959497,67.5
0.3103164534278464,0.31031627402310086,0.30421077104393135,67.54166666666667
0.3102807797924996,0.3102806011822764,0.30417278445841733,67.58333333333333
0.31024367692238636,0.3102434976414977,0.3041333597467248,67.625
0.31020660303765685,0.3102064233978653,0.3040939233239741,67.66666666666667
0.3101710160510227,0.3101708360398581,0.30405590903930746,67.70833333333333
0.31013831700851346,0.31013813661292605,0.3040206927439694,67.75
0.31010978784389853,0.3101096069141426,0.30398953567776,67.79166666666667
0.3100865198536846,0.3100863385218292,0.30396351378163194,67.83333333333333
0.3100693325025689,0.3100691507886377,0.3039434376051623,67.875
0.31005868864307795,0.310058506443985,0.3039297686302925,67.91666666666667
0.3100546165036987,0.3100544337077174,0.3039225424472013,67.95833333333333
0.3100566563999501,0.31005647292123717,0.3039213157911085,68.0
0.31006384917679264,0.31006366498682797,0.3039251545265256,68.04166666666667
0.3100747820290103,0.3100745799890988,0.30393267814109093,68.08333333333333
0.3100876924193253,0.31008749112414963,0.3039421576984615,68.125
0.31010062704478875,0.3101004198396619,0.30395168610986684,68.16666666666667
0.3101116318241453,0.31011142164156075,0.3039593458296693,68.20833333333333
0.3101189253968459,0.3101187292549077,0.3039634043895883,68.25
0.31012112254364815,0.31012092609558656,0.3039624648522944,68.29166666666667
0.310117247335186,0.31011705051968697,0.3039555798624138,68.33333333333333
0.3101068386710726,0.3101066414829269,0.3039422901196595,68.375
0.31008992487200415,0.3100897272686838,0.303922616165403,68.41666666666667
0.31006697017917323,0.3100667727245486,0.30389700435078154,68.45833333333333
0.31003879699770875,0.31003859891021585,0.30386625362027775,68.5
0.31000650038049743,0.3100063026513028,0.303831431046103,68.54166666666667
0.3099713662710689,0.3099711715437734,0.3037937929141299,68.58333333333333
0.309934799200572,0.3099346081062356,0.30375471416833094,68.625
0.30989826224282047,0.309898070433447,0.30371562470227814,68.66666666666667
0.3098632156682853,0.30986302343635025,0.30367795819582183,68.70833333333333
0.3098310637654338,0.3098308711703574,0.3036430937951104,68.75
0.30980309107214543,0.30980289822773105,0.303612295188617,68.79166666666667
0.30978039187552436,0.30978019860575534,0.3035866406843361,68.83333333333333
0.3097637873347786,0.30976359363902134,0.3035669430708077,68.875
0.3097537411906479,0.30975354714306846,0.30355366433870645,68.91666666666667
0.3097502822436924,0.30975008712488994,0.3035468420338363,68.95833333333333
0.3097529495321701,0.3097527536738118,0.3035460299260904,69.0
0.309760781856399,0.30976058497720205,0.30355029710659537,69.04166666666667
0.3097723622836765,0.30977214889477556,0.3035582574841097,69.08333333333333
0.30978592585410847,0.30978570623096685,0.30356817929205004,69.125
0.309799515160806,0.3097992907366158,0.30357815473551397,69.16666666666667
0.3098111709629213,0.3098109426230502,0.3035862575700507,69.20833333333333
0.3098191219329145,0.30981889428585047,0.3035907535778559,69.25
0.3098219499119927,0.3098217220680346,0.3035902397828649,69.29166666666667
0.3098186920858249,0.30981846383406536,0.30358376897017286,69.33333333333333
0.30980888608519525,0.3098086574411836,0.3035708804888827,69.375
0.3097925602298171,0.30979233156511754,0.3035515939124999,69.41666666666667
0.309770179770584,0.3097699510214457,0.30352635707293885,69.45833333333333
0.3097425689400208,0.3097423398380667,0.30349597364886566,69.5
0.309710825299233,0.30971059615272456,0.30346151006246247,69.54166666666667
0.30967623794906135,0.3096760075550818,0.30342422228577215,69.58333333333333
0.3096402152174175,0.3096399869982511,0.30338548508916874,69.625
0.30960422197670845,0.3096039933010132,0.3033467357585126,69.66666666666667
0.3095697228268557,0.3095694937599689,0.3033094107054391,69.70833333333333
0.30953812529887326,0.3095378958508683,0.30327489132533336,69.75
0.3095107172906604,0.3095104875474121,0.30324444484417395,69.79166666666667
0.30948859523832506,0.3094883650863328,0.3032191520293795,69.83333333333333
0.3094725825014891,0.3094723520153452,0.30319982772281745,69.875
0.3094631442663423,0.3094629132219014,0.30318693514520656,69.91666666666667
0.30946030893497023,0.30946007684147614,0.3031805130080324,69.95833333333333
0.3094636149380116,0.3094633798494929,0.30318011628508146,70.0
0.30947209885007,0.30947186312716246,0.30318480860890956,70.04166666666667
0.3094843412691032,0.30948410392066716,0.303193189749013,70.08333333333333
0.3094985711459136,0.30949832787621967,0.303203554948199,70.125
0.3095128244792483,0.309512582867939,0.303213966547186,70.16666666666667
0.3095251439792748,0.30952489809010825,0.30322250701012265,70.20833333333333
0.30953375130820865,0.30953350436203564,0.30322743145323056,70.25
0.30953722138817985,0.30953697440722866,0.30322734021308767,70.29166666666667
0.30953459158573315,0.30953434418620807,0.30322127997498166,70.33333333333333
0.30952539809457924,0.30952515028701066,0.3032087885446361,70.375
0.3095096692257254,0.309509420977907,0.3031898850372464,70.41666666666667
0.30948787129555516,0.30948762262149376,0.3031650184361636,70.45833333333333
0.30946083047630246,0.30946058232693824,0.3031349895713483,70.5
0.3094296469528787,0.3094293976936583,0.30310086803741937,70.54166666666667
0.30939561295242834,0.30939536676177676,0.30306392061877724,70.58333333333333
0.3093601402278791,0.3093598966316802,0.3030255204444819,70.625
0.3093246972474987,0.3093244528925708,0.3029871034334548,70.66666666666667
0.30929075222730257,0.30929050733435814,0.3029501118938905,70.70833333333333
0.3092597162248334,0.30925947087754607,0.3029159303319282,70.75
0.3092328803793987,0.3092326345138186,0.30288582882568577,70.79166666666667
0.3092113437171359,0.30921109746443626,0.30286089143616085,70.83333333333333
0.3091959318472369,0.3091956849307846,0.30284193493514083,70.875
0.30918711119881587,0.30918686269968815,0.30282942512441435,70.91666666666667
0.3091849102304787,0.3091846613495931,0.3028233989110867,70.95833333333333
0.3091888663386331,0.30918861689897076,0.30282341231614257,71.0
0.30919801402047375,0.30919776346742944,0.3028285261655379,71.04166666666667
0.3092109296149709,0.3092106628963832,0.30283733887066566,71.08333333333333
0.3092258380250334,0.3092255685865611,0.30284814060975757,71.125
0.3092407718723435,0.3092405003372149,0.3028589936840014,71.16666666666667
0.3092537658361475,0.30925348983576945,0.30286797010679717,71.20833333333333
0.30926303776866776,0.3092627643885189,0.30287332771563313,71.25
0.3092671619264742,0.3092668881636919,0.3028736560492538,71.29166666666667
0.30926517076811005,0.309264896580058,0.3028680025574077,71.33333333333333
0.3092565996065513,0.3092563249925654,0.30285590368671017,71.375
0.30924147674072533,0.30924120166135427,0.30283737810897865,71.41666666666667
0.3092202695924126,0.3092199947338954,0.302812875348536,71.45833333333333
0.3091938064013485,0.3091935317378401,0.3027831975126361,71.5
0.309163190069357,0.30916291432349285,0.3027494163246392,71.54166666666667
0.3091297155975369,0.3091294442195328,0.3027128013094673,71.58333333333333
0.3090947985526864,0.3090945304089552,0.302674727905495,71.625
0.3090599122717252,0.3090596437485912,0.302636635705724,71.66666666666667
0.30902652805812875,0.3090262591679807,0.30259996987975585,71.70833333333333
0.30899606058366164,0.30899579142314215,0.3025661191161439,71.75
0.30896980427421167,0.3089695348302192,0.3025363561451273,71.79166666666667
0.30894886133882843,0.3089485911468628,0.30251176724458156,71.83333333333333
0.3089340593451262,0.3089337884546767,0.30249317215782995,71.875
0.30892586581036496,0.3089255935320285,0.30248103727088727,71.91666666666667
0.3089243100808731,0.3089240363475038,0.30247540195419376,71.95833333333333
0.30892892780620645,0.30892865317519014,0.3024758206750742,72.0
0.30893875077762556,0.3089384713854303,0.3024813530280663,72.04166666666667
0.30895235195913145,0.3089520713732184,0.3024906078881238,72.08333333333333
0.3089679526290214,0.3089676572697207,0.302501834176053,72.125
0.30898357990243236,0.3089832783146769,0.30251311706599515,72.16666666666667
0.3089972561057145,0.3089969566543525,0.3025225274974507,72.20833333333333
0.30900720882181465,0.30900690543949694,0.30252830814888804,72.25
0.3090119978416065,0.3090116942465643,0.3025290524615595,72.29166666666667
0.30901065594791,0.30901035189915077,0.30252380177562155,72.33333333333333
0.3090027169095849,0.30900241240446574,0.30251209089036735,72.375
0.3089882090272499,0.3089879040396514,0.3024939380193423,72.41666666666667
0.3089676009027085,0.30896729540397877,0.3024697926490761,72.45833333333333
0.3089417229158887,0.30894141701407996,0.30244046170896494,72.5
0.3089116804903765,0.30891137488429204,0.3024070142297693,72.54166666666667
0.3088787719698983,0.30887847014546554,0.30237071990805003,72.58333333333333
0.3088444176622311,0.3088441207663159,0.30233296310114416,72.625
0.30881009482916993,0.30880979750127124,0.30229518832680025,72.66666666666667
0.3087772782239529,0.3087769804675605,0.30225884122858027,72.70833333333333
0.30874738638261773,0.30874708825215397,0.3022253134410869,72.75
0.30872171713605673,0.308721418819033,0.30219588160311694,72.79166666666667
0.308701376087845,0.30870107726753543,0.30217163521673207,72.83333333333333
0.3086871929528719,0.30868689370843577,0.3021533959357936,72.875
0.30867963653254743,0.3086793367201732,0.3021416328877671,72.91666666666667
0.30867873637302395,0.3086784354896387,0.30213638449987107,72.95833333333333
0.30868402696571356,0.3086837248370639,0.3021372049540595,73.0
0.3086945376344348,0.3086942344873327,0.3021431501224414,73.04166666666667
0.3087088367149258,0.30870853296754225,0.3021528192742566,73.08333333333333
0.30872514137147855,0.3087248216550245,0.3021644875569407,73.125
0.3087414738067089,0.3087411499343044,0.30217621089220337,73.16666666666667
0.30875585460371985,0.3087555269465877,0.3021860513690094,73.20833333333333
0.30876645342611914,0.30876616592288775,0.3021922556634257,73.25
0.30877191875488064,0.30877163111171063,0.30219341268552236,73.29166666666667
0.3087712367133845,0.3087709485818284,0.3021885608451576,73.33333333333333
0.30876393957482506,0.3087636509655764,0.3021772334536237,73.375
0.30875005564006486,0.30874976652384695,0.30215944846498655,73.41666666666667
0.30873005474246795,0.30872976564525634,0.30213565524867997,73.45833333333333
0.3087047695021798,0.3087044797027925,0.3021066597323885,73.5
0.308675308357585,0.30867501797697156,0.30207353936698583,73.54166666666667
0.30864297343631775,0.30864269555685,0.3020375627556361,73.58333333333333
0.30860918904017204,0.3086089111268393,0.3020001207567261,73.625
0.3085754359678843,0.3085751576815914,0.3019626554937517,73.66666666666667
0.3085431935739657,0.30854291485797797,0.3019266191804052,73.70833333333333
0.30851388440036936,0.3085136052026847,0.301893407375998,73.75
0.3084888102899099,0.3084885304740471,0.3018642996228711,73.79166666666667
0.3084690792686465,0.30846879898647933,0.30184038897356225,73.83333333333333
0.3084555238862489,0.3084552429174356,0.3018224995600401,73.875
0.30844861461800344,0.3084483321221449,0.30181110183168447,73.91666666666667
0.30844838038823597,0.3084480972806332,0.3018062349567436,73.95833333333333
0.30845435504135016,0.3084540712351803,0.30180745300856265,74.0
0.308465565094181,0.3084652749871867,0.30181381204558483,74.04166666666667
0.3084805749985025,0.3084802841382026,0.30182390464295045,74.08333333333333
0.30849759496410234,0.30849729077374755,0.3018360024225343,74.125
0.308514642102914,0.30851433434543973,0.30184815747796534,74.16666666666667
0.30852973273991613,0.30852942525114213,0.3018584264106472,74.20833333333333
0.3085410745835958,0.3085407664469639,0.3018650514854204,74.25
0.30854722805598517,0.30854691939343093,0.3018666179389543,74.29166666666667
0.3085472164320836,0.3085469072566641,0.30186216118272174,74.33333333333333
0.308540570934884,0.3085402614301948,0.301851212908855,74.375
0.30852731986823917,0.30852701064750243,0.30183379079231354,74.41666666666667
0.30850793435483576,0.3085076246620039,0.3018103440362383,74.45833333333333
0.30848324929229803,0.30848293918712266,0.3017816805744205,74.5
0.30845437649750224,0.3084540666934543,0.3017488804137536,74.54166666666667
0.30842262265170955,0.3084223170916757,0.30171321911205506,74.58333333333333
0.308389414671957,0.30838911172833633,0.3016760816066735,74.625
0.30835623775506693,0.3083559344482994,0.3016389187916928,74.66666666666667
0.30832457619955694,0.3083242723402414,0.30160318621328436,74.70833333333333
0.3082958566573089,0.3082955522617095,0.30157028336138997,74.75
0.30827138468604065,0.3082710797716528,0.3015414935479616,74.79166666666667
0.30825227185890447,0.3082519664955822,0.3015179125552172,74.83333333333333
0.30823935318170675,0.3082390470831401,0.301500367378215,74.875
0.3082331005269089,0.30823279299716444,0.30148932970047915,74.91666666666667
0.30823354301559924,0.3082332347976867,0.3014848403588678,74.95833333333333
0.3082402131755883,0.3082399041970127,0.3014864513247563,75.0
0.3082521347344571,0.3082518208971917,0.3014932194052939,75.04166666666667
0.3082678679147945,0.3082675533020229,0.30150373192727326,75.08333333333333
0.30828561763493534,0.30828528933808425,0.3015162568010337,75.125
0.30830339511523824,0.30830306297584525,0.3015288410988596,75.16666666666667
0.30831921066721535,0.30831887176191747,0.3015395362833067,75.20833333333333
0.30833126678256856,0.30833092664574646,0.3015465799085546,75.25
0.3083381191614798,0.30833777867891105,0.3015485529130915,75.29166666666667
0.30833878851506913,0.30833844749650485,0.3015444878040225,75.33333333333333
0.308332804389457,0.3083324628361544,0.30153391435180077,75.375
0.308320195096093,0.3083198529923701,0.30151684924889305,75.41666666666667
0.308301433103262,0.3083010904653336,0.3014937437118654,75.45833333333333
0.3082773557811163,0.3082770129428665,0.30146541025202805,75.5
0.3082490781392776,0.3082487347580452,0.3014329262643982,75.54166666666667
0.3082179107801424,0.30821758224695517,0.30139757861495375,75.58333333333333
0.30818528518902577,0.30818496077759605,0.3013607408954695,75.625
0.3081526910016555,0.3081523659134102,0.3013238737629779,75.66666666666667
0.30812161688596673,0.3081212912977679,0.30128843843011405,75.70833333333333
0.308093493908819,0.30809316778463286,0.30125583811218604,75.75
0.30806963168074286,0.30806930499737917,0.3012273598854647,75.79166666666667
0.30805114522564925,0.30805081796846084,0.30120410289870264,75.83333333333333
0.30803887213419034,0.30803854438518513,0.3011868969133456,75.875
0.3080332858275017,0.3080329570665301,0.3011762160494225,75.91666666666667
0.30803441558977124,0.30803408531511484,0.301172101077682,75.95833333333333
0.3080417925923533,0.3080414614376484,0.3011741045169495,76.0
0.30805443762984924,0.30805410547770096,0.30118127682153767,76.04166666666667
0.30807090652768043,0.30807057378642927,0.3011922079755825,76.08333333333333
0.30808939870062485,0.3080890513140346,0.30120515809371085,76.125
0.3081079192383683,0.30810757043710635,0.30121817158747577,76.16666666666667
0.30812447211040145,0.30812412230433606,0.30122929152589883,76.20833333333333
0.3081372524648327,0.30813690377026787,0.3012367519539175,76.25
0.30814481515639375,0.3081444661882824,0.3012391291195409,76.29166666666667
0.3081461760370012,0.3081458265032329,0.30123545276257907,76.33333333333333
0.3081408629985714,0.3081405129060697,0.30122525081836204,76.375
0.3081289043626433,0.30812855371584225,0.30120853945222664,76.41666666666667
0.3081107740024795,0.3081104228402904,0.3011857705265942,76.45833333333333
0.3080873118359387,0.3080869626229461,0.3011577543584221,76.5
0.3080596364608905,0.30805928718639336,0.3011255760219522,76.54166666666667
0.3080290623282595,0.30802871673914006,0.30109052026203814,76.58333333333333
0.3079970257028139,0.30799668011284237,0.3010539706466989,76.625
0.3079650205415065,0.3079646744896937,0.30101739282577655,76.66666666666667
0.30793454042541596,0.30793419382416304,0.30098224845698857,76.70833333333333
0.3079070209232356,0.3079066737598986,0.3009499448128139,76.75
0.30788377586359106,0.30788342811864505,0.3009217727504968,76.79166666666667
0.30786592386782924,0.3078655755210311,0.3008988348593126,76.83333333333333
0.30785430523446977,0.3078539563582925,0.3008819637290654,76.875
0.3078493949759575,0.3078490446133184,0.3008716351644235,76.91666666666667
0.3078512225462997,0.3078508707543559,0.3008678910872572,76.95833333333333
0.3078593176960489,0.30785896497916887,0.30087028365453844,77.0
0.30787269820663654,0.3078723443868505,0.30087786245334264,77.04166666666667
0.30788991529242404,0.3078895601837092,0.30088921094355603,77.08333333333333
0.3079091625976513,0.307908808641723,0.30090258568335404,77.125
0.3079284388282066,0.3079280769914745,0.3009160243450513,77.16666666666667
0.30794574167943867,0.30794538001690325,0.3009275679718365,77.20833333333333
0.3079592620242106,0.30795889950803357,0.3009354432364964,77.25
0.3079675466609568,0.3079671836242268,0.3009382229111283,77.29166666666667
0.30796960961027375,0.3079692459756671,0.30093493314348013,77.33333333333333
0.30796497736108425,0.3079646132083274,0.3009250999732149,77.375
0.3079536782480859,0.3079533139577121,0.30090873903873594,77.41666666666667
0.3079361876088601,0.30793582311071876,0.30088630280957623,77.45833333333333
0.30791334811000154,0.3079129827920813,0.3008586034905552,77.5
0.3078862821595303,0.30788591670527904,0.30082672812164407,77.54166666666667
0.3078563082544207,0.30785595694063506,0.30079195800791664,77.58333333333333
0.3078248670825461,0.30782451477148787,0.30075569492330506,77.625
0.30779345737875635,0.30779310447995073,0.3007194014934267,77.66666666666667
0.3077635777585695,0.3077632244463622,0.3006845431455629,77.70833333333333
0.30773666861626214,0.3077363146892785,0.3006525312921402,77.75
0.3077140481327136,0.30771369336884796,0.30062466081237044,77.79166666666667
0.3076968386605849,0.3076964832701818,0.3006020380342442,77.83333333333333
0.30768588334792085,0.3076855273912349,0.3005854983190317,77.875
0.3076816588297995,0.30768130210184724,0.3005755199495203,77.91666666666667
0.3076841947522323,0.307683837310015,0.300572145116453,77.95833333333333
0.3076930193848149,0.3076926611803457,0.3005749250860984,78.0
0.30770714730978477,0.3077067862017662,0.3005829075957867,78.04166666666667
0.3077251250061458,0.3077247624019694,0.30059468138524537,78.08333333333333
0.3077451401927242,0.3077447784128525,0.3006084799294839,78.125
0.3077651849895475,0.3077648153502587,0.30062234142547245,78.16666666666667
0.30778324988478595,0.30778288083016275,0.3006343084583265,78.20833333333333
0.30779752007895406,0.3077971503559054,0.3006425987883268,78.25
0.30780653786709905,0.3078061674574654,0.3006457802326558,78.29166666666667
0.3078093134231422,0.3078089423824805,0.3006428758543292,78.33333333333333
0.30780537165573446,0.30780499999189653,0.30063340963439095,78.375
0.307794740916112,0.3077943686286821,0.30061739667611553,78.41666666666667
0.307777898064186,0.3077775251820668,0.30059529018072007,78.45833333333333
0.3077556884879526,0.3077553156352005,0.30056790414962425,78.5
0.30772923792341583,0.3077288644627211,0.3005363283139928,78.54166666666667
0.3076998697412431,0.3076995103966457,0.3005018469114445,78.58333333333333
0.3076690295606105,0.3076686701280659,0.3004658660964888,78.625
0.3076382213943083,0.30763786141986793,0.3004298525268438,78.66666666666667
0.3076089487081006,0.3076085881216725,0.300395275857617,78.70833333333333
0.30758265675766927,0.30758229553812233,0.3003635518896406,78.75
0.3075606682320809,0.3075603061652399,0.30033597961010516,78.79166666666667
0.30754410935551446,0.307543746439694,0.3003136689012382,78.83333333333333
0.3075338262090636,0.307533462601822,0.3002974583001017,78.875
0.3075302971151972,0.30752993271383905,0.30028782782431274,78.91666666666667
0.3075335519123618,0.30753318673395924,0.3002848202967196,78.95833333333333
0.30754311733053447,0.30754274998645625,0.30028798634560416,79.0
0.3075580047205594,0.30755763629633603,0.3002963727874509,79.04166666666667
0.3075767555458321,0.30757638631580214,0.30030856325218064,79.08333333333333
0.3075975512718183,0.30759718168835704,0.3003227804569137,79.125
0.3076183770941445,0.30761800672075257,0.30033707029283135,79.16666666666667
0.3076372171178923,0.30763684616764037,0.30034946264735646,79.20833333333333
0.3076522493935897,0.3076518779412487,0.3003581684318364,79.25
0.3076620115774964,0.30766163946171227,0.30036175207777244,79.29166666666667
0.30766551027627337,0.3076651374938078,0.3003592328962934,79.33333333333333
0.3076622686759767,0.30766189523203824,0.30035013296918145,79.375
0.30765231514715263,0.30765194102699034,0.3003344667631504,79.41666666666667
0.3076361281322289,0.30763575335378884,0.30031268826977353,79.45833333333333
0.30761455587453096,0.3076141802848141,0.3002856138108646,79.5
0.30758872817537875,0.3075883548070483,0.3002543343857169,79.54166666666667
0.30755997270045965,0.30755961330235204,0.30022015266106383,79.58333333333333
0.30752974027425045,0.30752938062742646,0.3001844553547231,79.625
0.3074995399927037,0.3074991797708804,0.3001487185933477,79.66666666666667
0.3074708807240378,0.30747051984605245,0.3001144209285183,79.70833333333333
0.3074452127913889,0.3074448512439094,0.30008298237576553,79.75
0.30742386354679146,0.3074235013508921,0.3000557061399265,79.79166666666667
0.3074079633335751,0.3074076004375444,0.30003370593336426,79.83333333333333
0.307398361185012,0.3073979976252614,0.30001782343263705,79.875
0.3073955369985816,0.307395172797457,0.3000085408587672,79.91666666666667
0.30739952138766746,0.3073991562246292,0.3000059020122462,79.95833333333333
0.3074098389611211,0.3074094729497805,0.30000945698355175,80.0
0.30742549753916903,0.30742513062781907,0.3000182456359641,80.04166666666667
0.3074450336851377,0.307444666039307,0.30003085049428124,80.08333333333333
0.3074666232583892,0.3074662537545367,0.3000454952454442,80.125
0.3074882446170043,0.3074878716902908,0.3000602153526977,80.16666666666667
0.3075078738160853,0.30750749567965385,0.3000730347268894,80.20833333333333
0.30752367987212986,0.30752330128599076,0.30008215763703855,80.25
0.3075341977943777,0.30753381849617073,0.3000861452109624,80.29166666666667
0.3075384301717647,0.3075380501710242,0.3000840125175968,80.33333333333333
0.30753589841678997,0.30753551771490334,0.30007527957413765,80.375
0.3075266309251611,0.3075262495174752,0.3000599602641202,80.41666666666667
0.3075111077786583,0.30751072571469296,0.3000385093054647,80.45833333333333
0.30749018027804786,0.30748979758052997,0.30001174450852824,80.5
0.3074649824401533,0.30746459915196395,0.29998076362048326,80.54166666666667
0.3074368465036865,0.30743646535511837,0.2999468557445926,80.58333333333333
0.3074072280526005,0.3074068499721475,0.2999114352100221,80.625
0.30737764191355366,0.30737726303626256,0.29987597402540034,80.66666666666667
0.30734960246965753,0.3073492229045652,0.29984195392727936,80.70833333333333
0.30732456535937963,0.3073241850831602,0.2998107996331832,80.75
0.30730386282412503,0.30730348169462157,0.2997838187915234,80.79166666666667
0.3072886292493522,0.307288247357129,0.2997621290611174,80.83333333333333
0.3072797169911693,0.3072793343286718,0.299746575132629,80.875
0.30727760770542606,0.30727722422073306,0.29973764180784235,80.91666666666667
0.3072823318553106,0.3072819475095761,0.2997353735086127,80.95833333333333
0.30729341296925045,0.3072930275908746,0.2997393185162565,81.0
0.3073098550745474,0.30730946861661235,0.2997485193169397,81.04166666666667
0.30733018946629004,0.3073298003739826,0.2997615525048456,81.08333333333333
0.3073525846986282,0.30735218317166185,0.29977663561188184,81.125
0.3073750110115335,0.30737460524790755,0.2997917933530383,81.16666666666667
0.3073954396163874,0.30739503244678684,0.29980504240408695,81.20833333333333
0.30741203156773717,0.3074116246821663,0.2998145872127483,81.25
0.3074233163825898,0.3074229089318569,0.2998189819777386,81.29166666666667
0.3074282929786947,0.30742788479071687,0.2998172385371405,81.33333333333333
0.3074264807472048,0.3074260718278117,0.2998088747903981,81.375
0.30741790810891484,0.30741749844788213,0.299793904057005,81.41666666666667
0.3074030568502853,0.3074026465080264,0.29977278184732914,81.45833333333333
0.30738278136240543,0.30738237221884995,0.2997463284116853,81.5
0.30735821982429146,0.3073578103417765,0.2997156408117225,81.54166666666667
0.30733070939238455,0.3073303113198666,0.29968202833746155,81.58333333333333
0.30730171126318917,0.30730131255883575,0.2996468858262619,81.625
0.3072727454880333,0.30727234608934717,0.29961170020148786,81.66666666666667
0.3072453322671129,0.30724493215523907,0.2995779579603949,81.70833333333333
0.3072209327440832,0.30722053201420113,0.2995470885906748,81.75
0.3072008841199704,0.3072004827415681,0.2995204043028679,81.79166666666667
0.3071863252307983,0.30718592304174697,0.29949902663927774,81.83333333333333
0.30717811148248686,0.3071777085891048,0.29948380380034445,81.875
0.3071767267224188,0.30717632280548657,0.2994752223320349,81.91666666666667
0.3071822014721994,0.3071817960675193,0.29947332764501333,81.95833333333333
0.307194057388355,0.3071936507081263,0.29947766832298617,82.0
0.30721129492835286,0.3072108871522508,0.29948728303546485,82.04166666666667
0.30723243979833736,0.30723203266175436,0.2995007445649213,82.08333333333333
0.3072556536977092,0.30725523954359035,0.2995162655803426,82.125
0.3072789002233331,0.30727848437253275,0.2995318667791275,82.16666666666667
0.30730014154272645,0.30729972386510146,0.2995455531499302,82.20833333333333
0.30731753394205474,0.30731711609225004,0.2995555256530681,82.25
0.30732959725451653,0.3073291785084039,0.2995603324583703,82.29166666666667
0.307335328613582,0.30733490909341465,0.29955898278987564,82.33333333333333
0.307334245580956,0.3073338252968696,0.29955099230326915,82.375
0.3073263766058605,0.30732595556710784,0.29953637405188727,82.41666666666667
0.30731220523825264,0.30731178349470484,0.29951558378577925,82.45833333333333
0.30729258907048057,0.30729216662107717,0.2994894432568025,82.5
0.30726867058200225,0.30726824739077446,0.299459054250821,82.54166666666667
0.30724179201481744,0.3072413684428816,0.29942571818431474,82.58333333333333
0.30721341997284357,0.3072130008172212,0.29939085648974145,82.625
0.3071850806722003,0.30718466072825107,0.2993559481706308,82.66666666666667
0.3071583000606153,0.30715787935132866,0.2993224859907062,82.70833333333333
0.30713454488097547,0.3071341233950822,0.2992919040929956,82.75
0.30711515759202335,0.3071147352641515,0.2992655192445104,82.79166666666667
0.30710128127827324,0.30710085824218897,0.29924445717166737,82.83333333333333
0.30709377493731627,0.30709335116616804,0.2992295693790131,82.875
0.3070931242635855,0.30709269935463074,0.2992213451468745,82.91666666666667
0.3070993599495674,0.3070989336572798,0.29921983043387307,82.95833333333333
0.3071120018964581,0.3071115743910278,0.29922457277358666,83.0
0.3071300469215824,0.3071296172964698,0.2992346076489043,83.04166666666667
0.30715201513285056,0.30715158510910484,0.29924850279756454,83.08333333333333
0.3071760607419291,0.30717561991106423,0.2992644681299018,83.125
0.307200138766545,0.3071996964001576,0.2992805100192472,83.16666666666667
0.3072222027703842,0.30722175944462016,0.2992946401741655,83.20833333333333
0.30724040382125484,0.3072399597148426,0.29930504655655593,83.25
0.30725325674072623,0.30725281208780403,0.29931027261691556,83.29166666666667
0.30725975341571987,0.30725930795297374,0.29930932306267266,83.33333333333333
0.30725940925991085,0.30725896299756333,0.2993017114547182,83.375
0.30725225275390167,0.3072518056703111,0.2992874499198772,83.41666666666667
0.30723876927328575,0.30723832143165813,0.2992669957048287,83.45833333333333
0.307219819719991,0.30721937225332685,0.2992411729411822,83.5
0.30719655102264865,0.30719610285039006,0.2992110860245821,83.54166666666667
0.30717031067980294,0.30716986489362397,0.29917803771238094,83.58333333333333
0.30714257107503945,0.30714212476687386,0.299143456797627,83.625
0.30711486444527275,0.3071144174046048,0.2991088300180209,83.66666666666667
0.3070887227889816,0.30708827495288005,0.2990756519666006,83.70833333333333
0.307065618548419,0.3070651701594797,0.2990453619717151,83.75
0.3070469004115116,0.3070464507735542,0.299019281524004,83.79166666666667
0.3070337148582431,0.30703326418320875,0.2989985405914986,83.83333333333333
0.3070269247822989,0.3070264730492137,0.29898399406567083,83.875
0.307027017686515,0.3070265643286538,0.29897613281299673,83.91666666666667
0.3070340251944267,0.30703357008660354,0.2989750043992672,83.95833333333333
0.3070474646868312,0.30704700825234804,0.29898015636521824,84.0
0.30706632911218323,0.3070658715184346,0.29899061633833934,84.04166666666667
0.3070891326805176,0.3070886737547018,0.29900495761628754,84.08333333333333
0.3071140227668394,0.3071135638253768,0.2990213791940603,84.125
0.3071389458375397,0.3071384889715161,0.29903788287623917,84.16666666666667
0.30716184727509105,0.3071613912571097,0.2990524709926454,84.20833333333333
0.30718087056702187,0.30718041390015255,0.29906332052029677,84.25
0.3071945249256637,0.3071940674084764,0.29906897448324016,84.29166666666667
0.3072017974778411,0.30720133911286773,0.2990684333812375,84.33333333333333
0.3072022018791959,0.30720174267525885,0.2990612085237321,84.375
0.3071957666431983,0.30719530659482136,0.2990473114559409,84.41666666666667
0.3071829790346849,0.307182518142982,0.299027200378416,84.45833333333333
0.30716470333675566,0.3071642420984638,0.2990017015696934,84.5
0.3071420907997258,0.3071416287735653,0.2989719228803182,84.54166666666667
0.30711649462702234,0.30711603185421904,0.2989391710632887,84.58333333333333
0.3070893933419189,0.30708893029045253,0.298904879073124,84.625
0.30706232554532314,0.3070618620454183,0.2988705395269644,84.66666666666667
0.307036829172562,0.3070363647869644,0.2988376517547176,84.70833333333333
0.3070143828606187,0.3070139176731071,0.29880766019739013,84.75
0.3069963399855582,0.30699587386374727,0.2987818910636133,84.79166666666667
0.3069838530700189,0.3069833859428291,0.2987614790325024,84.83333333333333
0.3069777880709939,0.3069773198989416,0.29874728232753184,84.875
0.30697863462930103,0.3069781655628481,0.29873979432702186,84.91666666666667
0.30698642409084514,0.3069859539592814,0.29873906327219124,84.95833333333333
0.30700067254312746,0.3070002013008742,0.2987446351806008,85.0
0.3070203686526143,0.30701989389235523,0.2987555400689768,85.04166666666667
0.30704402056623464,0.3070435434415107,0.29877033810310766,85.08333333333333
0.3070697680400359,0.30706928988305826,0.2987872246368354,85.125
0.30709554905882186,0.3070950691613794,0.2988041995540148,85.16666666666667
0.30711930049342656,0.3071188155600764,0.2988192519637971,85.20833333333333
0.3071391355885366,0.30713867244442633,0.2988305599677563,85.25
0.30715360250343265,0.3071531384745811,0.29883665266801857,85.29166666666667
0.3071616615096966,0.3071611965937607,0.29883653032603896,85.33333333333333
0.30716282415686713,0.3071623583592121,0.2988297019625704,85.375
0.30715711899717235,0.3071566523191232,0.2988161785689858,85.41666666666667
0.3071450352433519,0.30714456771822246,0.29879641932902845,85.45833333333333
0.30712744074653126,0.3071269723988274,0.2987712529230036,85.5
0.3071054917770385,0.307105022565438,0.2987417905091055,85.54166666666667
0.3070805468733636,0.3070800795317366,0.29870934634132507,85.58333333333333
0.30705409069066936,0.30705362547699766,0.29867535343807733,85.625
0.3070276677954135,0.30702720162748287,0.2986413090397828,85.66666666666667
0.30700282300990533,0.3070023559742594,0.29860871971977776,85.70833333333333
0.3069810411888365,0.30698057325976724,0.2985790351600854,85.75
0.3069636814033264,0.30696321255547554,0.2985535867040744,85.79166666666667
0.30695190105545367,0.3069514312637814,0.29853351313161264,85.83333333333333
0.30694656977952495,0.3069460991410579,0.29851967638745314,85.875
0.30694817960822646,0.30694770712417463,0.2985125721290899,85.91666666666667
0.3069567617473544,0.30695628762708116,0.29851224958062955,85.95833333333333
0.3069718304800068,0.30697135505995526,0.29851825401573817,86.0
0.30699237040011573,0.3069918936850891,0.2985296114011778,86.04166666666667
0.30701688327618015,0.307016406116046,0.29854487823720527,86.08333333333333
0.30704350085758353,0.30704302314828413,0.29856224575071805,86.125
0.3070701530222079,0.3070696737995901,0.2985797012704356,86.16666666666667
0.30709476677651326,0.30709428696168206,0.29859522691419715,86.20833333333333
0.3071154713506635,0.30711499053327795,0.2986069999542874,86.25
0.30713076218609686,0.30713028050501234,0.2986135442557878,86.29166666666667
0.30713961822854197,0.3071391356232424,0.2986138530258923,86.33333333333333
0.30714154880933525,0.3071410652895703,0.2986074329603106,86.375
0.30713658252121195,0.3071360981273794,0.2985942944660234,86.41666666666667
0.30712521058758896,0.30712472569638294,0.29857489780260754,86.45833333333333
0.3071083045040909,0.30710781880524624,0.2985500739973071,86.5
0.30708702543092753,0.3070865388524795,0.29852093784776224,86.54166666666667
0.307062737629147,0.30706225055941366,0.29848880426779667,86.58333333333333
0.30703693199991355,0.3070364472888223,0.29845512462834106,86.625
0.3070111600973381,0.30701067439957047,0.2984213855575986,86.66666666666667
0.30698697319517015,0.30698648655072436,0.29838910500775423,86.70833333333333
0.30696586254296787,0.3069653749843098,0.29835973816996864,86.75
0.3069491931289466,0.30694870465426183,0.29833462136115824,86.79166666666667
0.30693812733447456,0.3069376378940998,0.2983148982817798,86.83333333333333
0.30693353880455093,0.30693304827314355,0.2983014344941685,86.875
0.30693592137266834,0.3069354298273459,0.2982947281683889,86.91666666666667
0.30694530678435356,0.3069448141577117,0.2982948288365824,86.95833333333333
0.3069612073608243,0.30696071081508564,0.29830128055275884,87.0
0.3069826030645482,0.30698210503370404,0.29831310761999674,87.04166666666667
0.30700798939535423,0.3070074909050536,0.2983288597407024,87.08333333333333
0.3070354900200194,0.3070349922075718,0.2983467214873977,87.125
0.30706302556794407,0.3070625198640403,0.2983646750153028,87.16666666666667
0.3070885149355442,0.3070880082680631,0.2983806956431783,87.20833333333333
0.3071100777880772,0.30710957046724974,0.29839295159974494,87.25
0.30712620410537295,0.3071256958109216,0.2983999624595424,87.29166666666667
0.3071358677849538,0.30713535853026996,0.29840071672993806,87.33333333333333
0.30713857599995065,0.30713806579375147,0.29839471875416246,87.375
0.3071343573845507,0.3071338462427392,0.2983819784245172,87.41666666666667
0.30712370523959354,0.30712319316738257,0.2983629570832401,87.45833333333333
0.307107494814736,0.3071069818127218,0.29833848815154956,87.5
0.30708689232009057,0.30708637840057135,0.29830969032517485,87.54166666666667
0.30706326802265654,0.30706275319198256,0.29827788324603,87.58333333333333
0.3070381194391437,0.3070376037270424,0.2982445186649838,87.625
0.30701300466814524,0.3070124879049953,0.298211099518988,87.66666666666667
0.30698948192766,0.3069889641771006,0.29817914042055726,87.70833333333333
0.30696904911764566,0.30696853039999866,0.29815010404160713,87.75
0.3069530771156083,0.30695255749029393,0.29812533231895344,87.79166666666667
0.30694273390185495,0.30694221313825815,0.2981059735758575,87.83333333333333
0.3069388966774237,0.30693837465799584,0.2980928970845179,87.875
0.30694206157235876,0.3069415378944779,0.2980866035531894,87.91666666666667
0.30695226122683644,0.30695173619544297,0.29808714359336047,87.95833333333333
0.30696900486348316,0.306968478522469,0.29809405955164364,88.0
0.3069912684746865,0.30699074094788464,0.29810637196847184,88.04166666666667
0.307017540888195,0.3070170129688007,0.2981226281616086,88.08333333333333
0.30704593763215615,0.3070454102691679,0.2981410038176975,88.125
0.30707436978744057,0.3070738345497129,0.2981594772539927,88.16666666666667
0.30710074713760116,0.30710021087957456,0.2981760153404462,88.20833333333333
0.30712318073296707,0.3071226438631943,0.298188776510485,88.25
0.3071401537335972,0.3071396160163443,0.2981962708830312,88.29166666666667
0.30715063566840767,0.3071500969553347,0.29819748705259463,88.33333333333333
0.3071541312263091,0.3071535915282869,0.2981919269831003,88.375
0.3071506690905419,0.3071501284036178,0.29817960003264576,88.41666666666667
0.3071407446963901,0.3071402030434738,0.29816096872415637,88.45833333333333
0.30712523716257967,0.3071246947904811,0.2981368692141427,88.5
0.3071053178865251,0.30710477461581104,0.2981084236767666,88.54166666666667
0.3070823630192645,0.3070818194410078,0.2980769567136244,88.58333333333333
0.30705787712922095,0.30705733791057893,0.2980439253811148,88.625
0.3070334254262187,0.3070328880990429,0.2980108373665768,88.66666666666667
0.3070105730781571,0.3070100350685389,0.2979792135133901,88.70833333333333
0.3069908247494398,0.3069902857441303,0.29795052227343066,88.75
0.30697555770287,0.3069750177223548,0.29792611099447347,88.79166666666667
0.3069659449583017,0.306965403916679,0.2979071324438111,88.83333333333333
0.30696286789358557,0.3069623259029172,0.2978944597631499,88.875
0.3069668253845366,0.3069662817608192,0.2978885963801035,88.91666666666667
0.30697784930876787,0.3069773039463973,0.29788959331099,88.95833333333333
0.30699544769604814,0.3069949008155603,0.297896992012067,89.0
0.30701859157078976,0.30701804260325927,0.29790981047973525,89.04166666666667
0.30704576314070653,0.30704521339522783,0.2979265886292596,89.08333333333333
0.3070750689055651,0.3070745189409611,0.297945499064135,89.125
0.3071044106920159,0.3071038595902063,0.2979645093337151,89.16666666666667
0.30713168872352736,0.3071311365865257,0.2979815759204516,89.20833333333333
0.3071550052850765,0.3071544524277094,0.2979948552512338,89.25
0.3071728368327971,0.30717228293483956,0.2980028518674434,89.29166666666667
0.30718414765771646,0.30718359272733803,0.298004548144291,89.33333333333333
0.30718844027996517,0.3071878843312763,0.2979994435809805,89.375
0.30718574343118965,0.3071851864759577,0.297987547041208,89.41666666666667
0.3071765547504534,0.3071759967973324,0.2979693222771767,89.45833333333333
0.3071617573376518,0.3071611984294527,0.29794560816157034,89.5
0.30714252793528823,0.30714196807968425,0.2979175306978372,89.54166666666667
0.30712024906238805,0.3071196887588623,0.2978864228572853,89.58333333333333
0.3070964321526272,0.30709587866154014,0.29785374733378567,89.625
0.3070726496716572,0.3070720979779565,0.2978210036583697,89.66666666666667
0.30705047399072094,0.3070499215167742,0.2977897309561932,89.70833333333333
0.30703141686085345,0.30703086328638307,0.297761401433206,89.75
0.3070168621282756,0.3070163074720649,0.29773736755763797,89.79166666666667
0.30700798781238753,0.3070074321007131,0.2977187869911314,89.83333333333333
0.30700567977930754,0.30700512305033445,0.2977065367056509,89.875
0.30701043921831217,0.30700988123175926,0.29770112253795594,89.91666666666667
0.307022298246177,0.3070217390760017,0.29770259636343455,89.95833333333333
0.3070407626952348,0.30704020228855494,0.29771049822056295,90.0
0.3070647990804422,0.30706423693808205,0.2977238419868305,90.04166666666667
0.30709288225010195,0.3070923183254795,0.29774116492381475,90.08333333333333
0.3071231100344489,0.30712254607662615,0.2977606289324479,90.125
0.30715337450512736,0.30715280844532017,0.29778018759298164,90.16666666666667
0.3071815663161873,0.3071809971783559,0.29779780859698185,90.20833333333333
0.30720577850705194,0.30720520651970207,0.2978116264747509,90.25
0.307224479937896,0.3072239068589631,0.29782014594013717,90.29166666666667
0.30723663030699794,0.30723605616085004,0.29782234223472603,90.33333333333333
0.3072417297257811,0.3072411545249624,0.29781771245482824,90.375
0.3072398069788075,0.30723923071615417,0.2978062649805559,90.41666666666667
0.30723136197066137,0.30723078465956305,0.2977884648628602,90.45833333333333
0.30721728189942754,0.30721670355434744,0.29776515382264196,90.5
0.30719874901959393,0.3071981696878279,0.29773746189180494,90.54166666666667
0.30717715262995016,0.30717657213300126,0.2977067232289788,90.58333333333333
0.3071540109216013,0.3071534408575317,0.2976744080661203,90.625
0.3071309036278161,0.30713033264634965,0.2976420288480656,90.66666666666667
0.30710941081275084,0.30710883877868494,0.2976111252686771,90.70833333333333
0.3070910513767659,0.3070904782735921,0.29758317555403724,90.75
0.3070772155859307,0.30707664144993513,0.29755953764159626,90.79166666666667
0.3070690876852332,0.3070685124078403,0.29754137433708944,90.83333333333333
0.307067557466867,0.30706698109076636,0.29752956644753803,90.875
0.3070731286188487,0.3070725509800481,0.2975246217914484,90.91666666666667
0.30708583354996266,0.3070852545972483,0.29752659330398096,90.95833333333333
0.3071051757869463,0.3071045952934158,0.2975350205334821,91.0
0.3071301167261706,0.3071295347346905,0.29754891416822743,91.04166666666667
0.3071591242079881,0.30715854006445836,0.2975668044122093,91.08333333333333
0.30719013636450965,0.307189564387714,0.2975866480799863,91.125
0.3072209507110531,0.3072205464838582,0.2976065816785052,91.16666666666667
0.30725020307905865,0.3072496634899663,0.29762477630556855,91.20833333333333
0.3072752766971082,0.30727477878418774,0.29763915202654556,91.25
0.3072948595626815,0.30729436053230375,0.29764821642181877,91.29166666666667
0.30730786020129675,0.30730736005908593,0.2976509342354149,91.33333333333333
0.3073137762237901,0.30731327498091693,0.2976468001035231,91.375
0.3073126364689138,0.30731213411699754,0.2976358219345076,91.41666666666667
0.30730494317506196,0.30730443971937715,0.2976184661810998,91.45833333333333
0.3072915877168923,0.3072910832263102,0.29759557747658355,91.5
0.3072737574449643,0.3072732525323836,0.2975682899628548,91.54166666666667
0.3072528480588303,0.30725234375469823,0.2975379424013154,91.58333333333333
0.30723038655569823,0.30722989104669995,0.2975060146591188,91.625
0.3072079605681915,0.3072074668413083,0.2974740187320104,91.66666666666667
0.3071871569574121,0.3071866623520406,0.29744350351409854,91.70833333333333
0.30716950200291687,0.30716900627506954,0.2974159532849051,91.75
0.30715639276355594,0.3071558958412437,0.29739273178057596,91.79166666666667
0.3071490193020932,0.30714852104964663,0.2973750066780739,91.83333333333333
0.3071482758208089,0.30714777619947514,0.29736366280043586,91.875
0.3071546681795287,0.307154166740019,0.29735921100747426,91.91666666666667
0.30716822989109904,0.30716772606534026,0.29736170468533984,91.95833333333333
0.3071884612894763,0.30718795584085107,0.2973706812649058,92.0
0.3072143191270144,0.3072138121732123,0.29738514720825804,92.04166666666667
0.30724419893141075,0.30724374980611496,0.2974036234536932,92.08333333333333
0.3072746898645326,0.30727416632531335,0.29742263066946056,92.125
0.3073049228887176,0.3073045409817216,0.2974416686884355,92.16666666666667
0.3073349704837804,0.3073345699200589,0.2974604409137577,92.20833333333333
0.3073609910924629,0.3073606054324496,0.29747541242148307,92.25
0.30738146710973213,0.307381080432903,0.29748504553180743,92.29166666666667
0.3073953290633302,0.3073949412268062,0.2974883080845688,92.33333333333333
0.30740207187033625,0.3074016828845524,0.2974846922059327,92.375
0.3074017244299717,0.3074013342914913,0.2974742053905543,92.41666666666667
0.30739479136974407,0.3073944000935689,0.2974573155260373,92.45833333333333
0.30738216841964766,0.307381776052343,0.29743487025246845,92.5
0.30736504930219977,0.307364655909842,0.29740800807067536,92.54166666666667
0.30734483676502944,0.30734444186569587,0.2973780730244283,92.58333333333333
0.3073230638321768,0.3073226842711543,0.29734654401684746,92.625
0.3073013258382593,0.307300945356809,0.2973149522635447,92.66666666666667
0.3072812183038669,0.307280836646389,0.2972848465221164,92.70833333333333
0.30726427509328075,0.3072638922488115,0.2972577173100739,92.75
0.30725190026964044,0.3072515160852954,0.2972349340784155,92.79166666666667
0.3072452897261299,0.3072449043149671,0.29721766979224995,92.83333333333333
0.30724534223559924,0.30724495569056165,0.29720681327664644,92.875
0.3072525665847679,0.30725217841745134,0.29720287766286263,92.91666666666667
0.3072669956035681,0.3072666061679808,0.2972059169789707,92.95833333333333
0.30728812811263984,0.3072877373041566,0.2972154677538371,93.0
0.3073149152614284,0.3073145232768451,0.2972305338610231,93.04166666666667
0.30734559538976836,0.30734495412287244,0.29724909137855454,93.08333333333333
0.3073752872312024,0.30737440915125275,0.29726687044937905,93.125
0.30740470276286685,0.30740382353450224,0.29728468417506493,93.16666666666667
0.3074353864093339,0.3074341620722484,0.29730358377168176,93.20833333333333
0.30746232969137716,0.3074611330728019,0.29731916752948445,93.25
0.307483711078056,0.30748251331947596,0.2973293943423865,93.29166666666667
0.30749844546885496,0.30749724660594036,0.29733322610640844,93.33333333333333
0.3075060253337143,0.3075048253953007,0.2973301523697706,93.375
0.3075064796334662,0.30750527864598426,0.2973201802302989,93.41666666666667
0.3075003154472267,0.3074991134341951,0.29730377908615746,93.45833333333333
0.3074884329307442,0.3074872299056868,0.2972817997027369,93.5
0.30747203174443644,0.3074708276919362,0.29725538489646824,93.54166666666667
0.307452521645546,0.30745131655321906,0.29722588426814156,93.58333333333333
0.3074314433513219,0.30743025003012175,0.29719478069102856,93.625
0.30741040022070815,0.30740920576848035,0.297163615233417,93.66666666666667
0.3073909958176071,0.30738980033926216,0.2971339413985427,93.70833333333333
0.3073747717689987,0.30737357524566256,0.29710725602036236,93.75
0.30736313927251585,0.3073619416763942,0.2970849346299682,93.79166666666667
0.30735730029194425,0.3073561016278292,0.29706815504136413,93.83333333333333
0.3073581582663073,0.30735695852176237,0.29705781028371464,93.875
0.3073662245391475,0.30736502352626205,0.2970544164735244,93.91666666666667
0.3073815322614767,0.30738032993261355,0.297058028184415,93.95833333333333
0.3074035777802707,0.30740237385811786,0.29706817979810923,94.0
0.30743130739684155,0.30743010199693316,0.29708387177371515,94.04166666666667
0.30746197931571134,0.30746042134883833,0.297102123081406,94.08333333333333
0.307490465827122,0.30748891128715267,0.2971186875621221,94.125
0.3075189137259091,0.30751735962316207,0.2971352856829605,94.16666666666667
0.30754905080917,0.3075473979942052,0.2971536463978324,94.20833333333333
0.3075773507017227,0.30757531835872126,0.2971698705969005,94.25
0.3075996493757701,0.3075976159437991,0.2971807172385776,94.29166666666667
0.30761526754309737,0.30761323305993904,0.2971851436843683,94.33333333333333
0.307623694999126,0.3076216595129587,0.2971826369818672,94.375
0.30762496076920887,0.307622924325376,0.2971732038601119,94.41666666666667
0.3076195744411775,0.3076175370815384,0.2971573152880361,94.45833333333333
0.30760844069665555,0.30760640249745863,0.297135825283546,94.5
0.307592765255393,0.3075907262067506,0.2971098811299145,94.54166666666667
0.3075739650926928,0.30757192515663756,0.2970808379105717,94.58333333333333
0.3075535887722705,0.3075515527406122,0.29705018210345424,94.625
0.3075332477889741,0.3075312110182316,0.29701946591996725,94.66666666666667
0.3075145539810291,0.3075125163377588,0.29699024745500796,94.70833333333333
0.3074990569119192,0.3074970183595325,0.2969640297486921,94.75
0.3074881750146627,0.307486135577742,0.29694219431461377,94.79166666666667
0.30748311659953315,0.307481076174263,0.2969259243703191,94.83333333333333
0.3074847896875691,0.30748274824972555,0.29691611689035646,94.875
0.30749370846075835,0.30749166515416243,0.2969132906927446,94.91666666666667
0.30750990627704883,0.30750786178119793,0.2969175009334633,94.95833333333333
0.30753287697061765,0.3075308309266542,0.2969282804045578,95.0
0.30756149763748564,0.3075595136413138,0.29694462567311497,95.04166666666667
0.3075911562248174,0.3075891787587117,0.2969619788821932,95.08333333333333
0.3076186298496904,0.30761669817388315,0.296977339777423,95.125
0.30764610769097805,0.3076441751042722,0.29699273955918837,95.16666666666667
0.30767553950594145,0.3076737187106987,0.2970102082390256,95.20833333333333
0.3077042915992684,0.30770259319815535,0.29702710385150566,95.25
0.3077275198028815,0.30772582023258827,0.29703859707329805,95.29166666666667
0.3077440332584992,0.3077423325646357,0.29704364434249725,95.33333333333333
0.30775331905204895,0.3077516172723907,0.297041730231103,95.375
0.3077554062771664,0.3077537034472056,0.29703286113156896,95.41666666666667
0.3077508070831761,0.30774910341070016,0.29701750967399754,95.45833333333333
0.3077404307738476,0.30773872627440396,0.29699653315675206,95.5
0.3077254892849229,0.3077237838179856,0.2969710835195204,95.54166666666667
0.307707406861391,0.30770570036835077,0.2969425213673944,95.58333333333333
0.3076877400518761,0.3076860382712065,0.2969123394988727,95.625
0.3076681088580927,0.30766640863576966,0.2968820966358508,95.66666666666667
0.3076501334820101,0.30764843208081777,0.2968533576062425,95.70833333333333
0.307635371557084,0.30763366913232487,0.29682763201024276,95.75
0.3076252490218272,0.30762354550415627,0.29680630748369136,95.79166666666667
0.30762098040955876,0.30761927576894865,0.29679057251839314,95.83333333333333
0.30762347871912393,0.30762177286263515,0.29678132848733313,95.875
0.3076332605774271,0.3076315535404029,0.29677909620533766,95.91666666666667
0.3076503599311501,0.3076486515621904,0.2967839317954786,95.95833333333333
0.30767426790574715,0.3076725581468621,0.2967953664489598,96.0
0.3077035619365166,0.3077020508550218,0.2968120940119353,96.04166666666667
0.3077323576643188,0.30773074175528153,0.2968282572046123,96.08333333333333
0.30775881299109265,0.3077572849002657,0.29684243019741346,96.125
0.3077853252245257,0.3077837834318727,0.29685664399371975,96.16666666666667
0.307813885565776,0.30781233874461233,0.29687292046829594,96.20833333333333
0.30784378945259916,0.3078419572456642,0.2968902898812426,96.25
0.30786795930527167,0.30786612586455786,0.296902456754564,96.29166666666667
0.30788537946528294,0.3078835448844146,0.29690815148246175,96.33333333333333
0.3078955342366728,0.307893698560263,0.29690685603836986,96.375
0.3078984527816812,0.307896616052589,0.2968985764759146,96.41666666666667
0.3078946498687189,0.3078928121224543,0.29688378732059734,96.45833333333333
0.3078850392456715,0.30788320077538733,0.2968633490625919,96.5
0.3078708393172023,0.3078690002544908,0.2968384184058728,96.54166666666667
0.30785348192094764,0.30785164232661016,0.296810361215057,96.58333333333333
0.30783453199945326,0.3078326918179347,0.29678067720767504,96.625
0.3078156181544337,0.30781377978340946,0.29675093250821644,96.66666666666667
0.3077983688934971,0.30779652938729446,0.2967226975275437,96.70833333333333
0.3077843501325848,0.30778250965000986,0.29669748898205633,96.75
0.3077749952895641,0.30777315375060893,0.2966767007716202,96.79166666666667
0.3077715256264981,0.30776968293305934,0.296661526575957,96.83333333333333
0.3077748588317101,0.3077730150622926,0.2966528720311621,96.875
0.3077855142184804,0.3077836695148286,0.2966512604750821,96.91666666666667
0.3078035269273147,0.3078016804588472,0.29665674984807466,96.95833333333333
0.30782838424520864,0.30782653646040825,0.2966688686944357,97.0
0.30785861561083727,0.30785644485912744,0.2966859463887783,97.04166666666667
0.30788643152905204,0.30788414045243706,0.29670092835235196,97.08333333333333
0.3079119946996547,0.3079097028580586,0.2967139346771694,97.125
0.30793751454050583,0.30793522270722246,0.2967269751834888,97.16666666666667
0.3079650824668226,0.30796279089291534,0.2967420719191936,97.20833333333333
0.30799502242558474,0.30799274485602723,0.29675954358865264,97.25
0.3080201459849324,0.308017867373878,0.2967724115987439,97.29166666666667
0.3080384843308793,0.30803620458927156,0.2967787805851642,97.33333333333333
0.30804951880153364,0.30804723798568084,0.29677813000192926,97.375
0.30805327863340093,0.3080509967953878,0.296770465642812,97.41666666666667
0.3080502812629733,0.30804799845044156,0.2967562636227784,97.45833333333333
0.3080414455238011,0.30803916178760266,0.2967363881487706,97.5
0.30802799613284415,0.30802571146708235,0.29671200075571413,97.54166666666667
0.308011372402059,0.3080090868151008,0.296684473570453,97.58333333333333
0.30799314754730467,0.30799086682683113,0.29665531227741376,97.625
0.3079749587078761,0.30797267696734354,0.2966260919811958,97.66666666666667
0.3079584433995513,0.30795616072482684,0.29659838547540784,97.70833333333333
0.3079451759681661,0.3079428923321672,0.29657371889537476,97.75
0.3079365975001128,0.30793431301838636,0.2965534922652794,97.79166666666667
0.30793393601561686,0.3079316504526186,0.2965389049182039,97.83333333333333
0.30793811414036726,0.3079358274266837,0.2965308666959833,97.875
0.3079496540697701,0.30794736647809157,0.2965299041105661,97.91666666666667
0.30796859113648367,0.3079663018335942,0.2965360741279892,97.95833333333333
0.3079944071255153,0.3079921192514623,0.2965489045172973,98.0
0.30802451768691663,0.3080220519096746,0.29656571764318423,98.04166666666667
0.30805126974556674,0.30804875434496926,0.2965795252806753,98.08333333333333
0.30807584742152855,0.3080733316842457,0.29659136833908434,98.125
0.308100381687634,0.3080978629315473,0.29660325530327397,98.16666666666667
0.3081269548495139,0.3081244358918772,0.2966171847740711,98.20833333333333
0.3081568703219713,0.3081543014435803,0.2966343656472537,98.25
0.30818296009862844,0.3081803899433055,0.2966479620610887,98.29166666666667
0.3082022281766702,0.30819965688733253,0.29665503206659033,98.33333333333333
0.3082141531631764,0.3082115808034149,0.2966550525354184,98.375
0.30821876437089835,0.30821619100010006,0.2966480290094403,98.41666666666667
0.3082165819554223,0.30821400762806733,0.2966344394498156,98.45833333333333
0.30820852965594453,0.30820595442261756,0.296615151778475,98.5
0.30819583876641377,0.30819326263768443,0.29659133225194184,98.54166666666667
0.3081799563677081,0.3081773790636517,0.2965643590216686,98.58333333333333
0.30816246416166093,0.3081598857364655,0.29653574501264857,98.625
0.30814500818053603,0.30814242882614373,0.2965070683814584,98.66666666666667
0.3081292348441031,0.3081266545866279,0.29647991522404915,98.70833333333333
0.30811672708386983,0.30811414589133274,0.29645581549516936,98.75
0.30810893403345724,0.3081063518795367,0.2964361756205854,98.79166666666667
0.30810709012453824,0.3081045069244663,0.2964222008319505,98.83333333333333
0.3081121232932831,0.3081095389579385,0.2964148051712998,98.875
0.3081245588273137,0.3081219731875185,0.29641451715868666,98.91666666666667
0.3081444314749945,0.30814184446538995,0.29642139478370993,98.95833333333333
0.3081712063292886,0.308168635856559,0.2964349638866893,99.0
0.30820062966559403,0.30819816200505407,0.2964512261567156,99.04166666666667
0.3082261736128216,0.3082238645286183,0.29646387873764757,99.08333333333333
0.30824983864657457,0.30824745006324017,0.2964745785865945,99.125
0.30827338242930336,0.30827099401886293,0.29648532242454523,99.16666666666667
0.3082989578454002,0.3082965697596606,0.29649810478097605,99.20833333333333
0.30832836870526287,0.3083259460808407,0.2965146271664894,99.25
0.30835543679096983,0.3083530129333011,0.2965289790532726,99.29166666666667
0.30837564618925256,0.3083732211540699,0.2965367765848473,99.33333333333333
0.3083884725739793,0.3083860464211683,0.2965374940415539,99.375
0.30839394533524206,0.30839151810441073,0.29653113674070747,99.41666666666667
0.3083925874004408,0.3083901591362498,0.2965181845539388,99.45833333333333
0.30838532750232356,0.30838289825451937,0.2964995089584189,99.5
0.30837340361435445,0.3083709734130976,0.2964762815001751,99.54166666666667
0.3083582707140714,0.30835583959963847,0.29644988631175295,99.58333333333333
0.3083415192056233,0.3083390871611611,0.29642184308802066,99.625
0.30832480413613994,0.3083223713390217,0.2963937372029043,99.66666666666667
0.3083097809772361,0.3083073472124553,0.2963671615497711,99.70833333333333
0.30829804139369255,0.3082956066405572,0.29634365329731766,99.75
0.3082910428812468,0.308288606750545,0.2963246254738086,99.79166666666667
0.30829002602242045,0.3082875887694937,0.2963112886824701,99.83333333333333
0.3082959242745963,0.308293485928638,0.2963045613808126,99.875
0.30830926573477796,0.30830682628316686,0.2963049753221504,99.91666666666667
0.3083300862223229,0.30832764504706633,0.29631258852558395,99.95833333333333
0.3083578650190821,0.3083554224468252,0.2963269249018908,100.0
0.3083872674628863,0.30838420725173044,0.29634228915809513,100.04166666666667
0.3084119697963725,0.30840890738246324,0.29635380221202956,100.08333333333333
0.30843456387878626,0.3084315006038918,0.29636337469276947,100.125
0.3084571154835966,0.3084540516663031,0.29637299557766317,100.16666666666667
0.308481688123351,0.30847862702651974,0.29638464534230424,100.20833333333333
0.3085102655251864,0.3085072027429119,0.29640021634760194,100.25
0.30853832394203035,0.3085352600279918,0.29641535027531585,100.29166666666667
0.3085594861242188,0.30855642106008996,0.2964239013824174,100.33333333333333
0.30857322464891446,0.30857015851077374,0.29642534132268084,100.375
0.30857956898783345,0.30857650184769,0.296419675182264,100.41666666666667
0.30857904488742255,0.30857597681119736,0.2964073848048285,100.45833333333333
0.3085725861603541,0.3085695171920632,0.29638934546488827,100.5
0.3085614376110268,0.30855836777416346,0.29636673389518764,100.54166666666667
0.30854706225367673,0.3085439915681867,0.29634094033785324,100.58333333333333
0.3085310592815496,0.30852798780609186,0.2963134907317363,100.625
0.30851509294477925,0.3085120205945199,0.2962859821035715,100.66666666666667
0.3085008279468854,0.3084977547307472,0.2962600079277791,100.70833333333333
0.308489864841676,0.30848679072462665,0.2962371152134199,100.75
0.3084836689111853,0.3084805938681192,0.2962187237751861,100.79166666666667
0.30848348844882,0.30848041241792823,0.29620604990973903,100.83333333333333
0.3084902617840912,0.30848718476724135,0.2962000164846298,100.875
0.30850452053572036,0.308501442116081,0.29620115780421397,100.91666666666667
0.30852629961358446,0.30852321980813835,0.29620953246465104,100.95833333333333
0.3085549717568206,0.3085518905616108,0.296224544694233,101.0
0.308583037621167,0.30857966171684215,0.2962387695707663,101.04166666666667
0.3086067338995072,0.30860335680107837,0.29624915781703426,101.08333333333333
0.30862833076034213,0.30862495351500513,0.29625761654069627,101.125
0.30864988507724705,0.3086465040142039,0.2962661244447668,101.16666666666667
0.30867345142091346,0.3086700688994584,0.2962766528827429,101.20833333333333
0.3087010050142896,0.3086976207515176,0.2962910853942284,101.25
0.3087298838974662,0.3087264975219787,0.29630685677045226,101.29166666666667
0.3087520104167459,0.30874862288932625,0.29631618700238016,101.33333333333333
0.30876667195652574,0.30876328336191916,0.2963183743835952,101.375
0.30877389807199673,0.30877050849116633,0.2963134238443506,101.41666666666667
0.3087742173775014,0.30877082688334695,0.29630181923705895,101.45833333333333
0.3087685688533472,0.3087651775209283,0.2962844398105622,101.5
0.30875820422754247,0.308754812066035,0.2962624673617368,101.54166666666667
0.30874459467551496,0.3087412015777256,0.29623729852146924,101.58333333333333
0.30872934837803095,0.3087259545719625,0.2962104663698467,101.625
0.30871413891988797,0.3087107444307014,0.29618357483464325,101.66666666666667
0.3087006403738129,0.30869724507089075,0.29615822517443846,101.70833333333333
0.30869046232800945,0.308687066165275,0.2961359715090925,101.75
0.3086850783854942,0.30868168129355733,0.29611824032792394,101.79166666666667
0.30868574386094616,0.3086823458249685,0.29610625359690357,101.83333333333333
0.30869340258918737,0.30869000336903085,0.2961009387619024,101.875
0.3087085890174117,0.3087051885681814,0.296102832716694,101.91666666666667
0.3087313385061314,0.3087279367579336,0.296111994532506,101.95833333333333
0.30876077140177965,0.3087571671836646,0.2961274675534021,102.0
0.30878786706350464,0.308783906654232,0.2961405310000304,102.04166666666667
0.3088105540008436,0.30880659675490824,0.29614981615332914,102.08333333333333
0.30883115031232244,0.30882719089641814,0.2961571831443686,102.125
0.30885170406885465,0.3088477433252721,0.2961645975797525,102.16666666666667
0.3088742609064578,0.30887030054182935,0.29617402289033457,102.20833333333333
0.3089007869861087,0.30889682648059086,0.2961873317044899,102.25
0.3089301594972663,0.30892621143765747,0.2962034367676864,102.29166666666667
0.30895326182600075,0.30894931303104095,0.296213570797126,102.33333333333333
0.30896885717724826,0.3089649073456867,0.2962165297314609,102.375
0.30897697519166034,0.3089730244167916,0.2962123183551729,102.41666666666667
0.3089781473836404,0.30897419575593454,0.29620142261127597,102.45833333333333
0.30897331790925114,0.30896936571439343,0.2961847255732737,102.5
0.3089637455830483,0.3089597928018501,0.2961634146498873,102.54166666666667
0.3089509099261786,0.3089469565643791,0.2961388934385998,102.58333333333333
0.3089364287187835,0.3089324743462954,0.29611270029722286,102.625
0.30892198420418476,0.30891802913654165,0.2960864450077631,102.66666666666667
0.30890926032613103,0.30890530452656784,0.2960617421142586,102.70833333333333
0.30889987584908174,0.3088959192659948,0.2960401501550193,102.75
0.3088953128005643,0.3088913553433962,0.2960231021994824,102.79166666666667
0.30889683371159743,0.3088928753110156,0.2960118261458097,102.83333333333333
0.30890538781761745,0.3089014283794876,0.2960072537746109,102.875
0.308921512806798,0.3089175521268544,0.29600992445736,102.91666666666667
0.30894524421507585,0.30894128224506245,0.2960198977015154,102.95833333333333
0.30897455109126243,0.30897076595294365,0.2960354644265313,103.0
0.30900020996962274,0.30899647672031616,0.29604744184492027,103.04166666666667
0.3090219510076804,0.30901815084073353,0.2960556260154042,103.08333333333333
0.30904154412210255,0.30903774290520136,0.29606190641719765,103.125
0.3090610940633053,0.3090572897156366,0.2960682366255667,103.16666666666667
0.30908263791031626,0.3090788301406646,0.29607656829111584,103.20833333333333
0.30910813398320813,0.30910432223090684,0.296088767423346,103.25
0.3091376675140602,0.30913384731443516,0.29610490378742177,103.29166666666667
0.3091617571584937,0.3091579357855195,0.29611586556851605,103.33333333333333
0.3091782971900541,0.3091744747392964,0.296119619456409,103.375
0.3091873173362022,0.3091834939011881,0.2961161705144762,103.41666666666667
0.30918935208746634,0.3091855277512084,0.29610600623191285,103.45833333333333
0.30918535043571493,0.309181525833283,0.29609001376089744,103.5
0.30917657940974036,0.30917275401396505,0.2960693860140329,103.54166666666667
0.3091645262424814,0.3091607002392437,0.2960455326023828,103.58333333333333
0.30915081742466677,0.30914699101576537,0.296020001626204,103.625
0.30913714611550486,0.3091333191965639,0.2959944072873757,103.66666666666667
0.30912520533118804,0.3091213776343365,0.29597037292430406,103.70833333333333
0.309116623128907,0.30911279460184005,0.29594946453796284,103.75
0.3091128900511987,0.3091090610313821,0.2959331220950768,103.79166666666667
0.3091152760416401,0.309111446023886,0.29592257920701087,103.83333333333333
0.30912473572784926,0.3091209047538413,0.2959187723651304,103.875
0.3091418101174642,0.3091379773236693,0.2959222438350768,103.91666666666667
0.3091665349908048,0.3091626998883973,0.2959330535370791,103.95833333333333
0.3091969099612932,0.30919223691098835,0.2959484486286566,104.0
0.3092216275102498,0.3092169205135215,0.2959593230983926,104.04166666666667
0.3092422871872011,0.3092375781224911,0.2959664252110644,104.08333333333333
0.30926087411042286,0.3092561624164607,0.2959716347554596,104.125
0.30927941811726567,0.3092747056451813,0.29597689914763897,104.16666666666667
0.3092999475595715,0.30929523417603527,0.29598415583775983,104.20833333333333
0.3093244115122681,0.30931969709696955,0.2959952631562839,104.25
0.30935376663350705,0.309349053848,0.2960111323163943,104.29166666666667
0.30937885905154683,0.3093741391978053,0.2960229429180899,104.33333333333333
0.3093963544004244,0.3093916335294304,0.29602751419240464,104.375
0.30940628665235376,0.30940156487222736,0.29602484912012317,104.41666666666667
0.3094091933019091,0.30940447069896254,0.2960154375819969,104.45833333333333
0.30940602926820554,0.30940130602204235,0.2960001706447112,104.5
0.309398067593664,0.30939334393224016,0.29598024689859714,104.54166666666667
0.3093868049450142,0.30938208089076685,0.2959570824706057,104.58333333333333
0.3093738772096032,0.3093691528543768,0.2959322314775997,104.625
0.3093609870990999,0.3093562639750485,0.2959073184320858,104.66666666666667
0.3093498375102364,0.3093451137620837,0.29588397315298337,104.70833333333333
0.30934206596701147,0.30933734152234327,0.2958637691197758,104.75
0.3093391717366651,0.3093344465777349,0.2958481531251778,104.79166666666667
0.30934243206980055,0.30933770603168326,0.29583836493808474,104.83333333333333
0.30935280739062887,0.30934808034197725,0.29583534544292983,104.875
0.3093708416809641,0.3093661134236089,0.2958396397991102,104.91666666666667
0.30939657115688324,0.30939184156877336,0.2958513082424562,104.95833333333333
0.3094256477606095,0.30942086981964567,0.2958662161535137,105.0
0.3094492980347746,0.3094445184059463,0.29587600215257703,105.04166666666667
0.30946894040764095,0.30946416012978606,0.2958820379129248,105.08333333333333
0.309486519127367,0.30948173841896276,0.29588619284062595,105.125
0.3095040546389068,0.30949927035909325,0.29589040116928234,105.16666666666667
0.30952356688124283,0.30951878143861544,0.295896593636061,105.20833333333333
0.30954699647305867,0.3095422051937856,0.2959066108073204,105.25
0.30957587001151876,0.309571095600195,0.29592190784389066,105.29166666666667
0.3096019631565575,0.30959717755962557,0.29593458390634486,105.33333333333333
0.3096204246214459,0.3096156379890002,0.2959399940425854,105.375
0.3096312791796257,0.3096264916289652,0.29593813353680426,105.41666666666667
0.3096350673738129,0.3096302790114171,0.2959294948964008,105.45833333333333
0.309632749665537,0.30962796079602284,0.29591497345459394,105.5
0.3096256065841327,0.30962081714694734,0.29589577334434614,105.54166666666667
0.30961514326919126,0.3096103527027723,0.2958733175703675,105.58333333333333
0.3096030051411331,0.3095982135952743,0.2958491674021189,105.625
0.30959090462307864,0.30958611249035045,0.295824955283526,105.66666666666667
0.3095805547403386,0.3095757619556684,0.2958023187895813,105.70833333333333
0.3095736026233715,0.30956880913092705,0.29578283903159747,105.75
0.30957155634801553,0.30956676205237266,0.2957679698867776,105.79166666666667
0.3095757007421285,0.3095709055334867,0.2957589570281096,105.83333333333333
0.30958700184111637,0.30958220561730926,0.29575674602482066,105.875
0.30960600679983763,0.3096012094165619,0.2957618847568608,105.91666666666667
0.30963259396257026,0.30962795357901474,0.2957744279064672,105.95833333333333
0.3096614448289981,0.30965626607110114,0.2957884628966896,106.0
0.30968405662432835,0.309678878925658,0.2957971731872209,106.04166666666667
0.3097026798072544,0.30969750110849154,0.29580216045209523,106.08333333333333
0.30971924726869277,0.30971406787810607,0.2958052720056056,106.125
0.30973577189895446,0.3097305926575387,0.2958084382456292,106.16666666666667
0.30975426426751246,0.3097490847572222,0.29581358058175583,106.20833333333333
0.3097766583801257,0.30977147388824383,0.295822535133797,106.25
0.3098047081846623,0.30979950801061185,0.2958369533192972,106.29166666666667
0.3098318372181161,0.3098266390217389,0.29585053609801226,106.33333333333333
0.30985127540829266,0.30984607618793697,0.29585680547310605,106.375
0.3098630622691695,0.3098578621528108,0.29585576973526456,106.41666666666667
0.30986774143449153,0.30986254053859486,0.29584792367442514,106.45833333333333
0.30986627892877455,0.30986107734940194,0.2958341670161187,106.5
0.3098599627439775,0.30985476063696316,0.29581570940681745,106.54166666666667
0.30985030681671377,0.309845104301323,0.29579398123170886,106.58333333333333
0.309838966191785,0.30983376276216573,0.2957705503938966,106.625
0.3098276633608345,0.3098224594518608,0.2957470606942961,106.66666666666667
0.30981812143182186,0.30981291693125435,0.29572515187718434,106.70833333333333
0.30981199725962355,0.30980679210024475,0.29570641528453406,106.75
0.30981080783140186,0.3098056018923957,0.29569231207466856,106.79166666666667
0.3098158455691638,0.3098106387509225,0.2956840939731047,106.83333333333333
0.3098280822712925,0.30982287448326684,0.295682711171604,106.875
0.3098480686491174,0.3098428595968828,0.2956887137392193,106.91666666666667
0.3098757053438019,0.3098704219787768,0.29570196410083227,106.95833333333333
0.30990306078724,0.3098977182835412,0.2957150007582508,107.0
0.30992463670126386,0.3099192934602611,0.2957226476911273,107.04166666666667
0.3099422390325927,0.3099368937875378,0.2957265871912614,107.08333333333333
0.30995779513980576,0.3099524488961891,0.29572866861805275,107.125
0.30997330811882245,0.3099679607677001,0.2957308075274766,107.16666666666667
0.30999078037743216,0.30998542927352335,0.29573490905106786,107.20833333333333
0.31001213610170636,0.3100067806334392,0.29574280191191643,107.25
0.31003913399327704,0.31003377721219794,0.2957561456400244,107.29166666666667
0.3100671898799462,0.31006182212309114,0.2957705561147658,107.33333333333333
0.31008761540421925,0.31008224661194045,0.295777704241702,107.375
0.3101003446005687,0.3100949749058333,0.29577751228767085,107.41666666666667
0.31010592423370037,0.31010055375743373,0.2957704774066078,107.45833333333333
0.31010532596618584,0.31009995480570507,0.2957575036048322,107.5
0.3100998453301421,0.31009447354974495,0.2957398064344944,107.54166666666667
0.31009100518425414,0.3100856333113397,0.29571882253848214,107.58333333333333
0.31008047033891534,0.3100750979509724,0.29569612904581993,107.625
0.31006997347725046,0.3100646006274275,0.2956733778475691,107.66666666666667
0.31006124791379963,0.310055874474107,0.2956522141788714,107.70833333333333
0.31005596033949295,0.31005058624309817,0.2956342386490805,107.75
0.3100556367867114,0.3100502619052678,0.29562091954432657,107.79166666666667
0.3100615774365842,0.3100562016205347,0.29561351493160665,107.83333333333333
0.3100747599266333,0.31006938303133064,0.295612979683223,107.875
0.310095738068315,0.31009036001951196,0.29561986718749733,107.91666666666667
0.3101242026506531,0.31011882970680144,0.2956338837753716,107.95833333333333
0.31015065340426734,0.31014507827500953,0.2956458909845286,108.0
0.31017119000866084,0.3101656142871203,0.29565248664649824,108.04166666666667
0.31018776964571837,0.3101821934799599,0.2956553956991956,108.08333333333333
0.3102023112594632,0.31019673341149634,0.2956564565706759,108.125
0.310216810164894,0.31021123205877416,0.29565757554434885,108.16666666666667
0.3102332596785622,0.3102276828705338,0.29566064919830526,108.20833333333333
0.31025357521400865,0.31024799908868966,0.2956674926144838,108.25
0.3102795092930645,0.31027393199460446,0.29567976149491404,108.29166666666667
0.31030827278193707,0.3103026629014916,0.29569473888455067,108.33333333333333
0.3103296960931116,0.3103240949079452,0.2957027927698911,108.375
0.31034337749982066,0.31033777539945645,0.29570346249798224,108.41666666666667
0.3103498669392863,0.3103442640543525,0.2956972562269398,108.45833333333333
0.310350141782825,0.3103445382211813,0.2956850822291871,108.5
0.3103455052057448,0.3103399010438178,0.29566816236684956,108.54166666666667
0.3103374890921922,0.31033188437457093,0.2956479400562896,108.58333333333333
0.31032776814846713,0.31032216289775577,0.29562599964365516,108.625
0.31031808536659006,0.3103124795890494,0.29560399756468125,108.66666666666667
0.3103101843992919,0.31030457805465506,0.29558359551557084,108.70833333333333
0.3103057419384434,0.31030013491930075,0.29556639794052286,108.75
0.31030629319424385,0.31030068532767446,0.2955538801815935,108.79166666666667
0.31031314594488874,0.31030753727125765,0.29554730653011246,108.83333333333333
0.31032728389734054,0.3103216742934633,0.2955476366739824,108.875
0.31034926441724053,0.31034365342925235,0.29555542646617655,108.91666666666667
0.3103785466270543,0.31037267068813534,0.29556997049590333,108.95833333333333
0.31040386423241034,0.31039785777021883,0.2955808707188543,109.0
0.31042336041337787,0.31041735452147007,0.29558642596086093,109.04166666666667
0.31043891735502516,0.31043290941284246,0.2955883154020548,109.08333333333333
0.3104524453384474,0.31044643507480685,0.29558836979914904,109.125
0.31046593038446346,0.3104599192334033,0.2955884836382799,109.16666666666667
0.3104813575389718,0.3104753470220417,0.2955905433420724,109.20833333333333
0.310500635916755,0.31049462328978533,0.29559635537132406,109.25
0.3105255053497688,0.3105194916265164,0.29560756049560033,109.29166666666667
0.31055458103746336,0.3105485758237088,0.2956228331161214,109.33333333333333
0.31057701360702367,0.31057100645223124,0.2956317971022786,109.375
0.31059165702294983,0.3105856489711274,0.2956333454662702,109.41666666666667
0.3105990655456073,0.31059305673857124,0.29562798433829873,109.45833333333333
0.31060022232131734,0.31059421287430655,0.2956166264332746,109.5
0.31059643830236494,0.3105904282684268,0.2956004994530726,109.54166666666667
0.3105892544863353,0.31058324394600656,0.29558105361165105,109.58333333333333
0.3105803555392136,0.3105743445464052,0.29555988215893375,109.625
0.3105714949207723,0.31056548353000024,0.29553865236561194,109.66666666666667
0.3105644267560653,0.3105584148425808,0.2955190278790329,109.70833333333333
0.3105608378275318,0.31055482541902474,0.29550262398697535,109.75
0.3105622723660462,0.31055625937776915,0.2954909235198466,109.79166666666667
0.3105700465882762,0.31056403273592836,0.29548519695736825,109.83333333333333
0.31058514983048463,0.3105791350707778,0.2954864087002679,109.875
0.3106081358159724,0.3106021266238236,0.2954951171359517,109.91666666666667
0.3106367525243897,0.3106312644509815,0.2955096759734752,109.95833333333333
0.31066085142668143,0.31065538275397075,0.2955194796701646,110.0
0.3106794039031777,0.31067383742455423,0.29552400557105224,110.04166666666667
0.3106939425362911,0.31068836831759766,0.2955248850583968,110.08333333333333
0.31070645515713485,0.3107008787754026,0.29552394003927124,110.125
0.31071892485275965,0.31071334781598586,0.2955230567459507,110.16666666666667
0.31073332767320894,0.3107277519506867,0.2955241120787781,110.20833333333333
0.3107515641271346,0.31074598770655965,0.29552889721204556,110.25
0.31077536866086664,0.3107697910236997,0.29553904879521176,110.29166666666667
0.3108045107026055,0.3107989346548074,0.29555434366405625,110.33333333333333
0.3108279673313498,0.3108223833347368,0.29556423431654977,110.375
0.31084358257870753,0.31083799761600434,0.2955666771704007,110.41666666666667
0.31085191953088265,0.3108463337275465,0.295562176620827,110.45833333333333
0.31085396717767666,0.31084838064401443,0.29555164997169553,110.5
0.31085104426522353,0.3108454570794802,0.29553633093957643,110.54166666666667
0.31084470103820344,0.3108391132581849,0.2955176774266725,110.58333333333333
0.3108366323316641,0.31083104399082506,0.2954972899709868,110.625
0.3108286021094732,0.3108230167187388,0.2954768406649843,110.66666666666667
0.3108223751020598,0.3108167892465733,0.2954580081931922,110.70833333333333
0.3108196482416914,0.3108140616997529,0.29544241303401064,110.75
0.31082197531310174,0.31081638839068554,0.2954315451374828,110.79166666666667
0.31083068020693694,0.310825092372839,0.2954266813068418,110.83333333333333
0.31084675848721377,0.3108411697092152,0.2954287909117498,110.875
0.3108707745425768,0.31086518436725213,0.2954384350721695,110.91666666666667
0.31089987132200864,0.3108942324082364,0.2954527847318584,110.95833333333333
0.3109229255170854,0.3109172851534741,0.2954615771877961,111.0
0.31094033942711613,0.31093469818368236,0.2954650825251586,111.04166666666667
0.3109538482045125,0.3109482058197594,0.2954649640433552,111.08333333333333
0.31096534527150116,0.3109597074220906,0.295463030749661,111.125
0.31097679972368725,0.3109711612862124,0.29546116098684005,111.16666666666667
0.3109901793255132,0.31098454024508937,0.2954612210804738,111.20833333333333
0.3110073742198231,0.3110017331540889,0.2954649900235089,111.25
0.31103011348045756,0.3110244713274139,0.29547409798195096,111.29166666666667
0.31105904324688705,0.31105342292695304,0.2954891099903332,111.33333333333333
0.3110835057352922,0.3110778931032345,0.2954999456190864,111.375
0.3111001023775073,0.31109448875595536,0.295503297967344,111.41666666666667
0.3111093768274623,0.31110376235169224,0.295499672618429,111.45833333333333
0.31111232398095573,0.31110670875826424,0.2954899913831192,111.5
0.31111027050026235,0.31110465462453435,0.29547549419176844,111.54166666666667
0.31110477596739317,0.3110991605273917,0.29545764627642307,111.58333333333333
0.31109754543242635,0.31109192945492975,0.2954380561998177,111.625
0.31109035355662673,0.31108474015243537,0.29541840429656646,111.66666666666667
0.3110849757663059,0.31107936191862984,0.2954003777614829,111.70833333333333
0.31108311929482135,0.31107750474290485,0.29538560510811585,111.75
0.31108634735402463,0.311080732068639,0.2953755838814961,111.79166666666667
0.31109599202539395,0.3110903758284903,0.2953715974972581,111.83333333333333
0.31111305490139207,0.31110743772242483,0.29537462011169147,111.875
0.3111381038987963,0.31113248526422815,0.29538521533768436,111.91666666666667
0.311166595780747,0.31116129060250186,0.2953990918814422,111.95833333333333
0.3111885840017726,0.3111832774207835,0.29540684906519227,112.0
0.3112049566146219,0.311199649247031,0.29540934535914853,112.04166666666667
0.31121744103485244,0.31121213582668067,0.2954082373682918,112.08333333333333
0.3112279224371268,0.3112226163631379,0.2954053254300703,112.125
0.31123836137414684,0.31123305443441507,0.29540247558011545,112.16666666666667
0.31125071702762575,0.3112454064771598,0.2954015445799529,112.20833333333333
0.31126687277632537,0.31126155702394925,0.2954043085241487,112.25
0.31128854709207004,0.31128323022554333,0.2954123823121022,112.29166666666667
0.3113169572328635,0.31131162120258304,0.2954269262781164,112.33333333333333
0.31134244443666653,0.3113371333068635,0.29543869227125086,112.375
0.3113600319940406,0.31135471983488644,0.2954429681960805,112.41666666666667
0.3113702530004634,0.31136493993576253,0.295440231731629,112.45833333333333
0.3113741083219068,0.3113687944518871,0.2954314093256476,112.5
0.3113729326300604,0.31136761802936563,0.29541774709583957,112.54166666666667
0.31136829492698054,0.3113629796677498,0.29540071769534293,112.58333333333333
0.3113619106118817,0.3113565947147396,0.29538193775317007,112.625
0.3113555651199658,0.31135025142111633,0.29536309612210004,112.66666666666667
0.31135104466160923,0.3113457305493405,0.2953458884529434,112.70833333333333
0.3113500669031405,0.31134475201360284,0.2953319514672394,112.75
0.3113542046580814,0.311348888921644,0.29532279029684166,112.79166666666667
0.31136479806710937,0.3113594813314013,0.2953196947693746,112.83333333333333
0.31138285503353674,0.3113775371847951,0.2953236439925065,112.875
0.3114089469235583,0.3114035593406512,0.2953352017188881,112.91666666666667
0.311437500609998,0.3114313590385471,0.2953484951872018,112.95833333333333
0.3114584234709528,0.3114522797759468,0.2953552221149278,113.0
0.31147375508736513,0.3114676121753254,0.2953567165333522,113.04166666666667
0.31148521531229506,0.3114790716076709,0.295354626931222,113.08333333333333
0.3114946812172816,0.31148853746353194,0.2953507449688247,113.125
0.3115041048348468,0.31149796021309056,0.2953469268271384,113.16666666666667
0.3115154367974881,0.311509291377216,0.2953450183756673,113.20833333333333
0.3115305508341176,0.31152440443680623,0.295346784453901,113.25
0.3115511606717404,0.31154501324010264,0.29535383303367135,113.29166666666667
0.31157869442914804,0.3115725358243771,0.2953674896554968,113.33333333333333
0.3116052674742839,0.3115990961927333,0.2953802587284051,113.375
0.31162385524090863,0.31161768299132286,0.2953854714046466,113.41666666666667
0.3116350316336838,0.31162885856042843,0.2953836366434022,113.45833333333333
0.3116398035487139,0.3116336297704663,0.2953756855789788,113.5
0.31163951374581494,0.3116333393329982,0.2953628706211151,113.54166666666667
0.3116357407472531,0.31162956511017414,0.29534667185189734,113.58333333333333
0.31163021039364436,0.31162403425335927,0.2953287141122009,113.625
0.311624719016171,0.31161854243520937,0.29531069475735067,113.66666666666667
0.3116210637532462,0.3116148865820376,0.2952943180327991,113.70833333333333
0.31162097278692114,0.31161479495218697,0.2952812289522267,113.75
0.3116260286225608,0.31161984997612524,0.2952729402816316,113.79166666666667
0.3116375796257789,0.3116314000925039,0.2952707483734603,113.83333333333333
0.31165664001567894,0.3116504592776523,0.29527563709826976,113.875
0.3116837433330423,0.31167750010059,0.2952880849138757,113.91666666666667
0.31171086448135843,0.31170439794245663,0.29530050477127057,113.95833333333333
0.3117307227324159,0.31172425518429847,0.2953062101812107,114.0
0.3117450141406764,0.3117385458987201,0.2953067132287791,114.04166666666667
0.31175545081346245,0.3117489857121442,0.29530365170402695,114.08333333333333
0.3117639018854534,0.31175743604082645,0.29529880861827923,114.125
0.3117723108908103,0.31176584208598207,0.2952940306462799,114.16666666666667
0.3117826198993791,0.31177615039529694,0.29529115418550106,114.20833333333333
0.3117966963662266,0.3117902241525782,0.29529193141264226,114.25
0.3118162426233425,0.3118097694583271,0.29529796337598424,114.29166666666667
0.3118427121610579,0.3118362377548444,0.29531060253570984,114.33333333333333
0.31187028040932485,0.31186379240142353,0.29532430465295184,114.375
0.3118898776577924,0.311883388677277,0.2953304664084178,114.41666666666667
0.31190201829023706,0.3118955284866902,0.29532954528802324,114.45833333333333
0.31190771528922684,0.3119012247995608,0.2953224773138851,114.5
0.3119083195784075,0.3119018285471712,0.2953105212097516,114.54166666666667
0.31190541931949906,0.31189892711111955,0.2952951643073642,114.58333333333333
0.31190075082514296,0.31189425765085826,0.29527803987214196,114.625
0.31189612147065116,0.31188963116872537,0.2952608539056988,114.66666666666667
0.3118933393889907,0.3118868487088049,0.295245319315031,114.70833333333333
0.31189414339208404,0.31188765207519237,0.2952330895155611,114.75
0.3119001257081666,0.3118936336037464,0.2952256847239185,114.79166666666667
0.31191264300333643,0.3119061500447438,0.29522440811678435,114.83333333333333
0.31193271581304083,0.3119262218186734,0.2952302486217538,114.875
0.3119607754709316,0.3119541208869574,0.29524346418165515,114.91666666666667
0.31198695821669664,0.311979928066851,0.29525477474159006,114.95833333333333
0.3120057529078185,0.3119987164997878,0.29525946764280675,115.0
0.31201900498672674,0.3120119678541567,0.2952589865566764,115.04166666666667
0.31202841908365797,0.31202138007740937,0.2952549684716227,115.08333333333333
0.31203585627144587,0.3120288166837779,0.29524917699341535,115.125
0.3120432515987633,0.31203621214316135,0.2952434510650421,115.16666666666667
0.3120525386500382,0.31204550087464444,0.2952396102147854,115.20833333333333
0.3120655747145014,0.31205853612064477,0.29523940725719683,115.25
0.31208405858240024,0.31207701923513165,0.2952444308585786,115.29166666666667
0.31210943532942903,0.3121023949335503,0.29525602645757937,115.33333333333333
0.3121377414147215,0.31213067589448373,0.2952704439212219,115.375
0.3121583701886385,0.31215129073499426,0.2952775707860541,115.41666666666667
0.3121714837719334,0.31216440346824903,0.29527757450202136,115.45833333333333
0.31217811412402563,0.31217103318923195,0.29527140025078674,115.5
0.31217962045396486,0.3121725389923267,0.2952603130712175,115.54166666666667
0.3121776006233525,0.31217051759272985,0.2952458085402995,115.58333333333333
0.31217380163779646,0.31216671780710525,0.29522952781769485,115.625
0.3121700419238386,0.3121629610734532,0.2952131856762177,115.66666666666667
0.3121681407774239,0.31216105965751356,0.2951985037025803,115.70833333333333
0.31216984769979417,0.31216276610166743,0.29518714372007143,115.75
0.3121767647193869,0.3121696825100394,0.2951806338859459,115.79166666666667
0.31219025701546377,0.3121831739837914,0.2951802838086115,115.83333333333333
0.31221135133963285,0.31220426739376683,0.2951870875274719,115.875
0.3122395433540511,0.31223284515083133,0.2952012186659457,115.91666666666667
0.3122643579826499,0.3122575501636192,0.2952114803600317,115.95833333333333
0.31228209970403503,0.31227528211004546,0.29521516849572077,116.0
0.31229430435518624,0.31228749485856117,0.2952137109507978,116.04166666666667
0.3123026971753779,0.31229588693325305,0.2952087296035661,116.08333333333333
0.3123091217236691,0.31230231171273365,0.29520198929810965,116.125
0.31231550421893095,0.3123086915850843,0.2951953121815946,116.16666666666667
0.31232377013459384,0.3123169574731685,0.29519051550573855,116.20833333333333
0.31233576904168764,0.31232895965936386,0.29518933685549165,116.25
0.3123531921145008,0.31234638183453184,0.2951933600621296,116.29166666666667
0.31237747779813824,0.31237066647273143,0.2952039202297036,116.33333333333333
0.31240623158900027,0.31239940689413853,0.29521873495196127,116.375
0.31242788398990023,0.3124210538535105,0.29522683718870557,116.41666666666667
0.3124419789453688,0.3124351479844938,0.29522777616780005,116.45833333333333
0.3124495509096276,0.31244271940765656,0.29522250592839155,116.5
0.31245196733082564,0.31244513522461204,0.2952122981874817,116.54166666666667
0.3124508358372635,0.3124440039820116,0.295198656007089,116.58333333333333
0.31244791415395917,0.3124410818360455,0.2951832287996197,116.625
0.31244503722525696,0.31243820241815257,0.29516774426302805,116.66666666666667
0.3124440251566188,0.31243718971427525,0.29515392532896867,116.70833333333333
0.31244664298125757,0.31243980690838546,0.29514344510768226,116.75
0.31245450300201305,0.3124476659764312,0.2951378402340388,116.79166666666667
0.3124689788070671,0.3124621408557965,0.2951384270331853,116.83333333333333
0.3124911036755016,0.31248426437553745,0.2951462046422333,116.875
0.3125197328618231,0.3125130575060102,0.2951603632548949,116.91666666666667
0.3125432964226037,0.31253666327731905,0.2951695551232131,116.95833333333333
0.3125600528727948,0.3125533348118532,0.29517224713096635,117.0
0.31257123427863437,0.3125645119509096,0.2951698219077271,117.04166666666667
0.31257860753917605,0.31257188339392644,0.2951638933566444,117.08333333333333
0.3125840209298367,0.3125772973239663,0.295156214792326,117.125
0.3125893929130084,0.31258266658749695,0.2951486023434156,117.16666666666667
0.312596640090282,0.31258991358139515,0.29514286355996805,117.20833333333333
0.31260760446275215,0.3126008730046212,0.29514072216055653,117.25
0.312623968634386,0.3126172363383544,0.2951437527880935,117.29166666666667
0.31264716526438496,0.3126404319377902,0.2951532855044377,117.33333333333333
0.31267608773132366,0.31266932798625924,0.29516822687665956,117.375
0.31269878623695246,0.31269201064385693,0.295177301972748,117.41666666666667
0.31271387097648207,0.3127070945338435,0.29517918604931653,117.45833333333333
0.31272239255797935,0.3127156153995873,0.29517482940756806,117.5
0.31272572681167304,0.31271894900855945,0.2951655102981331,117.54166666666667
0.31272549123139715,0.31271871280777086,0.2951527392571835,117.58333333333333
0.3127234542730589,0.3127166753280796,0.2951381745648113,117.625
0.3127214568679716,0.312714680720844,0.2951235485512899,117.66666666666667
0.31272134078132935,0.3127145642951326,0.29511060053111754,117.70833333333333
0.3127248772258745,0.31271810007605905,0.29510100935647837,117.75
0.3127336880034384,0.31272691025637045,0.2950963189311453,117.79166666666667
0.31274915564112793,0.3127423769543345,0.2950978521883889,117.83333333333333
0.31277231953364976,0.3127655397220441,0.29510661336220706,117.875
0.3128012346666676,0.3127943685128928,0.2951205928803259,117.91666666666667
0.3128236199520598,0.3128168857738907,0.295128716573422,117.95833333333333
0.3128392208368117,0.31283249902940663,0.2951304195764337,118.0
0.31284936448565226,0.31284264141643486,0.295127034176662,118.04166666666667
0.31285572024963426,0.3128489953110246,0.2951201638660889,118.08333333333333
0.3128601251514057,0.31285339770499576,0.29511155541470374,118.125
0.31286448891956314,0.31285776084562184,0.29510301384567933,118.16666666666667
0.31287071987315285,0.3128639884093667,0.2950963385920115,118.20833333333333
0.31288065124986797,0.31287391576146606,0.2950932367007099,118.25
0.3128959587414345,0.312889222431037,0.2950952824198182,118.29166666666667
0.3129180686664251,0.3129113313469083,0.29510379547324955,118.33333333333333
0.3129468051722957,0.3129401047558359,0.29511862264061695,118.375
0.3129705104772937,0.31296382830945246,0.29512868901683187,118.41666666666667
0.3129865931335897,0.312979910398482,0.29513152759199,118.45833333333333
0.31299607213678965,0.31298938871396814,0.29512809345307706,118.5
0.3130003318265508,0.31299364747683833,0.29511967165600395,118.54166666666667
0.31300099949809174,0.31299431361509106,0.2951077795055301,118.58333333333333
0.31299985462699853,0.31299316828266516,0.295094085952,118.625
0.3129987494429158,0.3129920678481122,0.2950803311231175,118.66666666666667
0.31299953708537,0.31299285506431496,0.2950682632818509,118.70833333333333
0.3130039997337401,0.3129973171161523,0.29505956990696824,118.75
0.31301376940954007,0.3130070860180209,0.2950558026184792,118.79166666666667
0.313030236889236,0.31302355234418017,0.29505829151107227,118.83333333333333
0.31305444828734225,0.31304776239595783,0.29506804583361673,118.875
0.31308280151274936,0.31307626446989056,0.295081924127791,118.91666666666667
0.3131041860446349,0.31309769619008737,0.295089075269763,118.95833333333333
0.31311875380336507,0.31311225332974596,0.29508979724861617,119.0
0.31312786564043843,0.31312136469412055,0.2950854585543779,119.04166666666667
0.3131332062671488,0.3131267034667553,0.29507765482471143,119.08333333333333
0.3131366046426202,0.31313009975886613,0.2950681232382938,119.125
0.3131399621507554,0.31313345659205766,0.2950586566884084,119.16666666666667
0.3131451787289606,0.31313867420727826,0.29505104277044736,119.20833333333333
0.3131540796054472,0.31314757597258164,0.29504699089038644,119.25
0.31316833304898556,0.3131618285502806,0.29504805917723614,119.29166666666667
0.3131893589931957,0.3131828534857084,0.29505556026535623,119.33333333333333
0.31321788121431043,0.3132112209582308,0.295070011250604,119.375
0.31324258091603807,0.31323603075905476,0.2950811137172173,119.41666666666667
0.31325966949993606,0.31325311873276873,0.29508491479615023,119.45833333333333
0.31327011359604384,0.31326356230284413,0.2950824113921152,119.5
0.3132753059051055,0.3132687541483481,0.29507489503533535,119.54166666666667
0.313276884251061,0.31327033182932307,0.29506389244636894,119.58333333333333
0.31327663898393027,0.3132700852843305,0.29505107742720244,119.625
0.31327643322408794,0.313269882334572,0.29503820580344303,119.66666666666667
0.31327813187870845,0.3132715805773153,0.29502702614325116,119.70833333333333
0.3132835283122913,0.3132769761219316,0.2950192385167296,119.75
0.3132942643912728,0.313287711371489,0.2950164027835458,119.79166666666667
0.31331173968068626,0.3133051855038435,0.29501985558074606,119.83333333333333
0.31333698747404537,0.3133304512902353,0.29503058642840335,119.875
0.3133648671997711,0.31335850503829615,0.295044088319511,119.91666666666667
0.31338501240032923,0.31337885360462125,0.2950502289023559,119.95833333333333
0.31339851050291206,0.3133923580939678,0.2950499770300699,120.0
0.3134065930175175,0.3134004394168359,0.2950446925079066,120.04166666666667
0.31341092044859425,0.31340476669038103,0.2950359635036485,120.08333333333333
0.31341331428227603,0.3134071588536655,0.29502551620969497,120.125
0.3134156675183843,0.31340951173085463,0.2950151360287063,120.16666666666667
0.31341987193057635,0.31341371301831394,0.2950066001440062,120.20833333333333
0.31342774320722266,0.31342158506769896,0.29500160818995275,120.25
0.3134409454352265,0.3134347863946195,0.29500170631114553,120.29166666666667
0.31346089044080494,0.31345473037722676,0.295008202929348,120.33333333333333
0.3134885158909601,0.3134824000539504,0.2950219734090366,120.375
0.31351434081833884,0.31350823821145,0.2950340383587276,120.41666666666667
0.3135324674989901,0.3135263395633504,0.2950388100156701,120.45833333333333
0.31354388449154125,0.31353775562114466,0.29503724508832785,120.5
0.31355001728165544,0.3135438875889774,0.2950306416726796,120.54166666666667
0.31355251345914875,0.3135463829764445,0.29502053382850685,120.58333333333333
0.313553174271536,0.31354704281616624,0.29500860557095876,120.625
0.31355387503298465,0.31354774608227565,0.29499661612622885,120.66666666666667
0.3135564918447328,0.313550362478364,0.2949863317696807,120.70833333333333
0.31356282904929783,0.31355669886290316,0.29497945735928754,120.75
0.3135745390236565,0.31356840795075663,0.294977560606869,120.79166666666667
0.3135930299472862,0.31358689772520254,0.29498198512524193,120.83333333333333
0.3136193137772667,0.3136132108805579,0.29499374121849037,120.875
0.31364637708232934,0.31364031581378304,0.2950062472065631,120.91666666666667
0.3136656461046339,0.3136595842506125,0.2950113880068079,120.95833333333333
0.31367810142504177,0.313672038451672,0.295010169867878,121.0
0.313685158139262,0.313679094326548,0.2950039468827226,121.04166666666667
0.31368847669100886,0.3136824121647609,0.2949942978115495,121.08333333333333
0.3136898702421615,0.3136838038652108,0.2949829401205605,121.125
0.3136912235970141,0.313685156493888,0.29497165142356446,121.16666666666667
0.31369441996006275,0.3136883542487091,0.2949621998215904,121.20833333333333
0.3137012685914844,0.31369520878959717,0.29495627152091203,121.25
0.3137134229375705,0.3137073621918864,0.29495540694457045,121.29166666666667
0.31373229038466255,0.3137262286286599,0.29496090664741936,121.33333333333333
0.3137588921650848,0.3137528629799722,0.2949737095255001,121.375
0.31378577425773346,0.3137797811622157,0.29498676677723834,121.41666666666667
0.31380490666836386,0.31379890374673447,0.2949925164263449,121.45833333333333
0.3138173035724679,0.3138112997490917,0.29499189712379564,121.5
0.31382438360693604,0.31381837992582884,0.29498621371450656,121.54166666666667
0.31382780441548613,0.3138217992703653,0.2949770081351896,121.58333333333333
0.3138293785070967,0.3138233726728846,0.2949659731152743,121.625
0.31383099262320246,0.3138249892257087,0.2949548800438396,121.66666666666667
0.31383453451200355,0.31382853063390775,0.29494549833493783,121.70833333333333
0.31384181968552066,0.31383581495754076,0.29493954429384156,121.75
0.31385451076751897,0.3138485051207145,0.2949385937743869,121.79166666666667
0.31387402466667863,0.31386801790392294,0.29494399734349486,121.83333333333333
0.3139013386334225,0.31389523598992003,0.29495668115113877,121.875
0.31392823113650703,0.31392129756636206,0.294968317795164,121.91666666666667
0.3139464237548882,0.31393946986979987,0.2949724650351624,121.95833333333333
0.31395783252816184,0.3139508778897327,0.29497028800990666,122.0
0.3139638664691448,0.3139569112347854,0.294963133890223,122.04166666666667
0.3139661787460056,0.3139592230154305,0.29495257580237777,122.08333333333333
0.31396657461734045,0.31395961719994514,0.2949403208792831,122.125
0.3139669306229621,0.3139599726388304,0.29492813467463,122.16666666666667
0.3139691216961076,0.3139621652550868,0.2949177712321048,122.20833333333333
0.313974948704749,0.3139679987028103,0.2949109129447868,122.25
0.31398605869891055,0.3139791078030643,0.29490909298768875,122.29166666666667
0.31400385223776583,0.31399690044030815,0.2949136033786149,122.33333333333333
0.3140293804690396,0.31402242734045327,0.2949254059973078,122.375
0.3140571683152292,0.31405020195591116,0.29493932662488603,122.41666666666667
0.31407732568396224,0.31407035497074487,0.294946061142475,122.45833333333333
0.3140907093890984,0.314083738254754,0.2949463941791817,122.5
0.31409874332664595,0.3140917717230915,0.29494163736874535,122.54166666666667
0.31410309551076465,0.31409612244228113,0.29493333974804004,122.58333333333333
0.31410558946076544,0.3140986157951055,0.2949232043543702,122.625
0.3141081235226961,0.31410115269863903,0.29491300783015545,122.66666666666667
0.31411259711428524,0.31410562582301593,0.2949045346822752,122.70833333333333
0.31412083700897964,0.3141138650274855,0.29489950734313647,122.75
0.3141345161802499,0.31412754339832916,0.2948995097779985,122.79166666666667
0.31415506036696667,0.31414808648301534,0.29490589923726634,122.83333333333333
0.31418283827750937,0.31417618374127915,0.29491940576430226,122.875
0.31420785154882935,0.3142011114284064,0.2949299334375442,122.91666666666667
0.3142249937903005,0.31421823062925464,0.2949330936569718,122.95833333333333
0.3142353607350669,0.314228596067609,0.29492996496602425,123.0
0.3142403756863342,0.3142336106633811,0.2949218870743154,123.04166666666667
0.31424168556556126,0.31423491880299187,0.2949104226439116,123.08333333333333
0.31424108761810704,0.31423431861664447,0.29489726964051677,123.125
0.31424045011855023,0.3142336803250135,0.2948841862343507,123.16666666666667
0.31424163983552417,0.31423486644310383,0.2948729227068079,123.20833333333333
0.31424644973029126,0.3142396722312646,0.29486514469687497,123.25
0.31425651931436727,0.3142497410367069,0.2948623767767706,123.29166666666667
0.31427324312957516,0.3142664639548154,0.2948659054211407,123.33333333333333
0.31429766756079,0.3142908873255929,0.294876687068126,123.375
0.314326004808235,0.31431934250996535,0.2948912504702698,123.41666666666667
0.31434720709552977,0.31434053510580356,0.29489897569969925,123.45833333333333
0.31436158470396947,0.3143549120756474,0.29490026725449364,123.5
0.3143705795060381,0.3143639063633754,0.2948964431906184,123.54166666666667
0.3143758697171342,0.3143691959501096,0.29488906102318896,123.58333333333333
0.3143792902757202,0.31437261576064146,0.29487983118611777,123.625
0.31438275092548695,0.31437608120872557,0.2948705432474259,123.66666666666667
0.31438816294201627,0.3143814927211163,0.2948629851296206,123.70833333333333
0.31439736452961875,0.31439069334256503,0.2948588905711201,123.75
0.314412038484681,0.3144053665715525,0.2948598519330368,123.79166666666667
0.3144336200412921,0.31442694702315155,0.29486723346001864,123.83333333333333
0.3144624845036854,0.31445556090498705,0.29488122310198084,123.875
0.3144862431630737,0.31447938674050546,0.2948906718269094,123.91666666666667
0.3145022951120263,0.3144954385997818,0.29489285450148056,123.95833333333333
0.3145116224839725,0.3145047658584847,0.29488878201796825,124.0
0.3145156221731778,0.3145087653913523,0.29487978731694947,124.04166666666667
0.31451593330900907,0.314509075321981,0.29486742515795816,124.08333333333333
0.3145143455182847,0.3145074873329932,0.2948533852527827,124.125
0.3145127189371742,0.314505860549802,0.29483941276452635,124.16666666666667
0.3145129113498902,0.3145060524816792,0.2948272503138993,124.20833333333333
0.3145167082956642,0.3145098487138988,0.2948185584679849,124.25
0.31452574171019443,0.31451888153500196,0.29481485007079256,124.29166666666667
0.31454140019591903,0.31453453915423185,0.2948174045664372,124.33333333333333
0.3145647253819385,0.3145578633093757,0.2948271730841446,124.375
0.3145934517559419,0.3145865442663415,0.29484197705657356,124.41666666666667
0.31461569691973257,0.31460874797144117,0.29485068212003746,124.45833333333333
0.31463107513370825,0.3146241255159675,0.29485293791966993,124.5
0.31464103726604686,0.3146340869012931,0.29485005190091274,124.54166666666667
0.3146472718094709,0.3146403199931938,0.29484358931759647,124.58333333333333
0.3146516250827847,0.3146446725668853,0.2948352700501684,124.625
0.3146560231229946,0.31464906892266886,0.2948268933260195,124.66666666666667
0.3146623801971271,0.31465542512898764,0.29482025539593987,124.70833333333333
0.3146725495551285,0.3146655937342768,0.29481709920745586,124.75
0.31468822530815554,0.31468126864947704,0.2948190252190895,124.79166666666667
0.31471085083216394,0.31470389313670033,0.2948274045436624,124.83333333333333
0.31474030134609154,0.31473258198429294,0.2948414917941843,124.875
0.31476310168508137,0.3147553096000085,0.2948499301957112,124.91666666666667
0.31477809005387536,0.3147702971791123,0.29485114235963156,124.95833333333333
0.3147863839376241,0.3147785903455087,0.2948461331117535,125.0
0.3147893736365708,0.31478157948402635,0.29483622931058967,125.04166666666667
0.31478869103189777,0.31478089694319117,0.29482297697432713,125.08333333333333
0.3147861177628216,0.3147783235452302,0.29480805690406425,125.125
0.31478350570755065,0.31477571116672715,0.29479320619577015,125.16666666666667
0.3147827051632142,0.3147749123829217,0.2947801555243776,125.20833333333333
0.3147854932469287,0.3147777015684374,0.2947705538432649,125.25
0.314793495127279,0.3147857029170684,0.2947659126152105,125.29166666666667
0.3148080929988942,0.3148003000482149,0.29476750088017045,125.33333333333333
0.3148303238209434,0.3148225299428299,0.29477626438048693,125.375
0.3148591548711353,0.3148513626612789,0.29479114685261776,125.41666666666667
0.31488234282829136,0.31487461518489035,0.29480079963430816,125.45833333333333
0.3148987281250441,0.31489099967082285,0.294804025160499,125.5
0.31490966403452225,0.3149019348716504,0.29480208276075914,125.54166666666667
0.314916849228196,0.31490911949351363,0.2947965463528834,125.58333333333333
0.31492214119366513,0.31491441048826235,0.2947891437900162,125.625
0.3149274735605489,0.3149197457855021,0.2947816801506747,125.66666666666667
0.3149347810637061,0.3149270529262177,0.2947759675048645,125.70833333333333
0.31494592459114634,0.31493819564220893,0.29477375496753067,125.75
0.31496260823846917,0.314954878398885,0.29477665091300814,125.79166666666667
0.31498628437017456,0.3149785534770874,0.29478603359495736,125.83333333333333
0.3150153182601944,0.3150072423494771,0.29479992511735026,125.875
0.3150369574735816,0.31502887726366585,0.2948073611710491,125.91666666666667
0.3150508872598288,0.3150428063568234,0.2948076098759,125.95833333333333
0.3150581520750965,0.3150500703100404,0.29480167229627485,126.0
0.315060136165565,0.31505205403447895,0.29479086841546687,126.04166666666667
0.3150584643239742,0.3150503809806235,0.2947767325865528,126.08333333333333
0.31505491038917793,0.3150468268239883,0.2947609381104446,126.125
0.3150513180231028,0.3150432403648526,0.2947452152628682,126.16666666666667
0.31504952943210107,0.31504145227680697,0.2947312843429339,126.20833333333333
0.31505131390388524,0.31504323923596206,0.294720786993179,126.25
0.31505828933469354,0.3150502141185489,0.29471522068551687,126.29166666666667
0.3150718317703866,0.3150637558711662,0.2947158506403599,126.33333333333333
0.31509297354780597,0.31508489677384033,0.29472361729042595,126.375
0.315121578120718,0.3151133534899424,0.29473819163062887,126.41666666666667
0.3151458347414692,0.3151376512687281,0.2947489197964509,126.45833333333333
0.31516323311456185,0.3151550508918884,0.2947531198863707,126.5
0.31517514862177753,0.31516696545382517,0.2947521258277671,126.54166666666667
0.315183290299001,0.3151751065463016,0.2947475186553154,126.58333333333333
0.3151895269852221,0.315181342726628,0.29474103679745767,126.625
0.3151958041198067,0.31518762356412955,0.29473449747472014,126.66666666666667
0.3152040683430408,0.3151958873675297,0.2947297153588544,126.70833333333333
0.315216191979981,0.315208010218293,0.294728451279723,126.75
0.31523388959003573,0.31522570695178254,0.29473232208548894,126.79166666666667
0.3152586189382333,0.31525043891950544,0.294742712752216,126.83333333333333
0.3152871892712924,0.3152786581165473,0.29475632143651076,126.875
0.31530767176700597,0.3152992066321082,0.2947627640241728,126.91666666666667
0.31532054825504197,0.3153120831373124,0.2947620585228053,126.95833333333333
0.31532678868325575,0.3153183237590346,0.29475520024077473,127.0
0.31532777196895784,0.31531930653429574,0.29474350110612313,127.04166666666667
0.31532511565518145,0.3153166503227099,0.29472849099473447,127.08333333333333
0.31532058596314194,0.31531211899024775,0.29471183100598186,127.125
0.31531601884911764,0.3153075510414854,0.2946952440952367,127.16666666666667
0.3153132474045247,0.31530477643783333,0.2946804396212469,127.20833333333333
0.31531403386465157,0.31530556222202144,0.2946690508924586,127.25
0.31531998819678597,0.3153115160820093,0.29466256722041445,127.29166666666667
0.31533248069231534,0.315324007967763,0.29466224681578485,127.33333333333333
0.31535253907025934,0.3153440655352328,0.2946690247691862,127.375
0.3153804099552717,0.3153719529729559,0.29468321302445366,127.41666666666667
0.3154058721730242,0.315397366861833,0.2946949105093939,127.45833333333333
0.3154242895037485,0.3154157835636847,0.29470008957568744,127.5
0.3154371903937231,0.3154286838100904,0.2947000482472584,127.54166666666667
0.3154462942658072,0.3154377880745923,0.29469637672190374,127.58333333333333
0.31545348133179435,0.3154449741290465,0.2946908226887203,127.625
0.31546070893268047,0.3154522049755591,0.2946852086025533,127.66666666666667
0.31546993558033437,0.3154614312513853,0.2946813609761235,127.70833333333333
0.31548304497432755,0.31547453996017605,0.2946810496481216,127.75
0.3155017622936082,0.31549325644785625,0.2946858996048061,127.79166666666667
0.3155275332813476,0.3155190510851788,0.29469730301257846,127.83333333333333
0.3155552152066357,0.3155465993901497,0.2947103130311112,127.875
0.3155746823876928,0.3155660664156151,0.29471576933649474,127.91666666666667
0.3155865111172692,0.3155778952510423,0.2947141165914768,127.95833333333333
0.31559173349293157,0.3155831176389649,0.2947063451281952,128.0
0.31559172205819686,0.3155831062158648,0.2946937600057722,128.04166666666666
0.3155880877456353,0.3155794704299732,0.29467788299300973,128.08333333333334
0.3155825881974541,0.315573969491974,0.2946603674509745,128.125
0.31557705099010397,0.3155684321457359,0.2946429208072741,128.16666666666666
0.315573302210652,0.3155646853152489,0.29462724910300486,128.20833333333334
0.3155730957038855,0.31556447984108255,0.2946149737912284,128.25
0.3155780347498534,0.3155694184143689,0.2946075807862903,128.29166666666666
0.31558948316580226,0.3155808662659054,0.29460631820779476,128.33333333333334
0.3156084641522665,0.3155998464851047,0.2946121158935503,128.375
0.3156354321491763,0.31562682841220474,0.29462538102821223,128.41666666666666
0.3156618688255632,0.3156534108931041,0.2946382273606237,128.45833333333334
0.3156813392084856,0.3156728519855393,0.2946443895047655,128.5
0.3156952310134743,0.31568674311300965,0.29464530500965413,128.54166666666666
0.31570530256718665,0.31569681538572364,0.29464257145996,128.58333333333334
0.3157134454389489,0.3157049572182177,0.29463794412733385,128.625
0.3157216289149154,0.31571314391513583,0.2946332594551999,128.66666666666666
0.3157318234173319,0.3157233380159024,0.29463035036164203,128.70833333333334
0.3157459241400682,0.315737438057201,0.2946309957571094,128.75
0.315765666854953,0.315757179907019,0.2946368289203754,128.79166666666666
0.3157923987256475,0.3157839476954716,0.2946491229764132,128.83333333333334
0.3158188839598034,0.31581051898474716,0.2946613429831934,128.875
0.31583726127819683,0.3158289099752468,0.294665822458545,128.91666666666666
0.3158480488602469,0.3158396968169031,0.2946632315556269,128.95833333333334
0.31585225939936495,0.3158439068925876,0.2946545555123466,129.0
0.31585125934384717,0.31584290648763375,0.2946410922083637,129.04166666666666
0.315846652167917,0.3158382992919163,0.2946243554159341,129.08333333333334
0.31584018834613437,0.31583183486983185,0.2946059895428705,129.125
0.31583368739677325,0.3158253345307668,0.294587695880236,129.16666666666666
0.315828967258544,0.3158206143698639,0.2945711662802688,129.20833333333334
0.3158277739679161,0.31581942068428615,0.2945580185593596,129.25
0.31583170377153247,0.3158233499579527,0.29454972444876243,129.29166666666666
0.31584211435651727,0.315833759973575,0.294547528086278,129.33333333333334
0.31586002434107646,0.3158516691932472,0.2945523541343558,129.375
0.3158859731622551,0.3158776431298583,0.29456468966514776,129.41666666666666
0.31591348284592957,0.3159050437543403,0.29457842600427264,129.45833333333334
0.31593400290084,0.3159255147286359,0.29458557493201615,129.5
0.31594889082188443,0.31594040194388884,0.29458745087095045,129.54166666666666
0.3159599351700286,0.31595144570934103,0.2945856593134543,129.58333333333334
0.3159690390109143,0.31596054891455794,0.29458196552639365,129.625
0.3159781834942584,0.31596969285069565,0.29457821241398213,129.66666666666666
0.315989351005494,0.3159808597351983,0.29457624529606,129.70833333333334
0.3160044482469834,0.3159959563310653,0.2945778510785288,129.75
0.3160252215625485,0.3160167287987961,0.2945846710254395,129.79166666666666
0.31605306690675666,0.31604450449343974,0.29459775656540527,129.83333333333334
0.3160790515468249,0.3160699713457188,0.2946088680451878,129.875
0.31609637477212404,0.31608729416612874,0.2946123791534299,129.91666666666666
0.31610612715527264,0.31609704629568874,0.29460885845760737,129.95833333333334
0.3161093316726517,0.316100250189659,0.29459928613156516,130.0
0.316107348757972,0.3160982671506654,0.29458495312685046,130.04166666666666
0.316101774874292,0.31609269323694683,0.29456736535583217,130.08333333333334
0.31609435290826493,0.3160852717904364,0.2945481565532761,130.125
0.31608689425357667,0.31607781583515826,0.2945290203033881,130.16666666666666
0.3160812088020193,0.3160721302964185,0.2945116387040949,130.20833333333334
0.316079035011987,0.316069956099731,0.2944976216182044,130.25
0.3160819618080212,0.3160728825308127,0.29448843487056875,130.29166666666666
0.3160913409845903,0.31608226125772104,0.29448531335758193,130.33333333333334
0.31610818656495654,0.31609910617734116,0.29448917659898166,130.375
0.31613306949031167,0.31612398789156865,0.2945005297382252,130.41666666666666
0.3161612737981917,0.31615214984867135,0.29451491277971276,130.45833333333334
0.3161827996548454,0.3161736555654183,0.2945230625692128,130.5
0.3161986648778948,0.3161895437968221,0.2945259019907613,130.54166666666666
0.3162106739021099,0.3162015652173914,0.294525056187719,130.58333333333334
0.31622074338627143,0.3162116337661176,0.29452229854896633,130.625
0.3162308536278839,0.3162217476299811,0.29451948283003865,130.66666666666666
0.31624299890831625,0.31623389249280326,0.29451846136472964,130.70833333333334
0.3162590974601663,0.3162499904794671,0.29452103082458053,130.75
0.31628090622324356,0.31627179839155756,0.2945288409122534,130.79166666666666
0.31630962826865,0.31630013832466763,0.29454274302551764,130.83333333333334
0.31633439783151085,0.316324520804844,0.2945528553894322,130.875
0.3163506590718012,0.31634078245646735,0.2945554083058253,130.91666666666666
0.316359383029117,0.3163495068266411,0.2945509674896996,130.95833333333334
0.3163615881566336,0.3163517117955209,0.29454050766355877,131.0
0.3163586289680518,0.3163487541071061,0.2945253133787188,131.04166666666666
0.3163520949658041,0.3163422191052337,0.2945068824591248,131.08333333333334
0.31634372130744387,0.3163338455859424,0.2944868424205558,131.125
0.31633531143312144,0.3163254339996942,0.29446687289906015,131.16666666666666
0.316328667244096,0.3163187900267773,0.2944486524394634,131.20833333333334
0.3163255194716147,0.3163156421789897,0.2944337775136837,131.25
0.31632745006764246,0.31631757252785375,0.2944237066128095,131.29166666666666
0.3163358047199287,0.3163259268652966,0.2944196687967899,131.33333333333334
0.31635159293395104,0.3163417145351998,0.2944225783240297,131.375
0.3163753830545146,0.31636550385795503,0.2944329374059378,131.41666666666666
0.3164039834891623,0.3163941143078892,0.29444776337135375,131.45833333333334
0.3164264813857297,0.3164166594107869,0.2944568954527878,131.5
0.3164433757489959,0.316433553252751,0.2944607018735465,131.54166666666666
0.31645637976916713,0.3164465569156553,0.2944608052817074,131.58333333333334
0.3164674194397646,0.3164575986895143,0.2944589868337718,131.625
0.31647849996632726,0.31646868216667273,0.2944571104183616,131.66666666666666
0.31649162755724364,0.3164818095085803,0.2944570372843695,131.70833333333334
0.31650873197542967,0.3164989132750959,0.29446057332017395,131.75
0.31653158071459375,0.3165217611782577,0.29446937638451687,131.79166666666666
0.3165605277168506,0.316550495592018,0.29448359980152283,131.83333333333334
0.31658373836248993,0.3165737795199492,0.29449271987398334,131.875
0.31659894486741047,0.3165889854849838,0.2944943227160371,131.91666666666666
0.31660664726428034,0.3165966877680802,0.2944889699712854,131.95833333333334
0.31660785980435996,0.31659790022974,0.29447763080284467,132.0
0.3166039310785922,0.3165939713871954,0.2944615839002759,132.04166666666666
0.31659644421632754,0.31658648321495464,0.29444231771713747,132.08333333333334
0.3165871258274851,0.3165771631618347,0.294421452321206,132.125
0.31657777171505425,0.31656781389148264,0.2944006661390367,132.16666666666666
0.3165701758434025,0.31656021755426456,0.29438161418970166,132.20833333333334
0.3165660615942838,0.31655610314465793,0.29436589087216153,132.25
0.31656700304878144,0.316557044525128,0.2943549447115417,132.29166666666666
0.31657434050827415,0.31656438171227275,0.2943499995881938,132.33333333333334
0.3165890788246465,0.31657911952636486,0.2943519646316994,132.375
0.3166117837583561,0.3166018237066701,0.2943613391301424,132.41666666666666
0.3166406982032235,0.3166306200591664,0.29437635440332544,132.45833333333334
0.31666422384819504,0.31665420909156117,0.2943864821810869,132.5
0.31668214823575114,0.3166721129009991,0.2943912579586224,132.54166666666666
0.31669613876477426,0.31668610223908095,0.2943923117038772,132.58333333333334
0.31670815296991794,0.31669811624453426,0.2943914350036855,132.625
0.31672020811280555,0.3167101744213391,0.29439049688273256,132.66666666666666
0.316734322319762,0.3167242883446047,0.29439137448029573,132.70833333333334
0.31675243689820654,0.31674240226124656,0.2943958795893606,132.75
0.3167763298870734,0.31676629445310067,0.2944056781108563,132.79166666666666
0.31680523695063745,0.3167950039708128,0.29441990676593055,132.83333333333334
0.3168273589672232,0.31681720492806814,0.29442804534743533,132.875
0.3168415184135414,0.31683136388787075,0.29442870700571827,132.91666666666666
0.3168482069187886,0.3168380528096097,0.29442245105260434,132.95833333333334
0.3168484345179597,0.3168382807309032,0.2944102421310867,133.0
0.3168435438634416,0.3168333906183095,0.29439335150409546,133.04166666666666
0.31683511078936044,0.3168249577237611,0.2943732610323183,133.08333333333334
0.31682485513172676,0.3168147005668472,0.2943515780090337,133.125
0.3168145640319442,0.31680440981018154,0.2943299750623511,133.16666666666666
0.3168060237162508,0.316795869700305,0.2943100972250532,133.20833333333334
0.3168009515459492,0.3167907954850922,0.29429353292481275,133.25
0.31680091143569705,0.31679075536466317,0.29428172056106533,133.29166666666666
0.3168072392884691,0.31679708300398995,0.29427587737307126,133.33333333333334
0.316820935448434,0.31681077871744884,0.29427690739790463,133.375
0.31684256310348663,0.31683240567169424,0.29428530703026773,133.41666666666666
0.3168712308663207,0.31686104373342955,0.2943001709495054,133.45833333333334
0.31689579476399615,0.3168856804413595,0.29431129632102104,133.5
0.31691476148816694,0.3169045980368851,0.2943170434742303,133.54166666666666
0.3169297419909784,0.3169195797260624,0.2943190519846358,133.58333333333334
0.316942734967622,0.3169325717286597,0.2943191192410677,133.625
0.31695576871144976,0.31694560877816547,0.29431912822453693,133.66666666666666
0.3169708734918303,0.31696071322297864,0.2943209592153533,133.70833333333334
0.3169900021608088,0.31697984120708256,0.294326435530497,133.75
0.3170149433569245,0.31700478156426815,0.29433723156066144,133.79166666666666
0.31704338740327215,0.3170330658715153,0.29435123695225673,133.83333333333334
0.31706446616709144,0.31705419214290387,0.2943584036102484,133.875
0.3170775864460131,0.3170673118285201,0.2943581338445248,133.91666666666666
0.31708326900055117,0.3170729944309111,0.2943509842711322,133.95833333333334
0.3170825194092019,0.3170722451378196,0.2943379145655216,134.0
0.3170766745122286,0.31706640063539837,0.294320189234294,134.04166666666666
0.317067303236592,0.3170570301011969,0.2942992808952463,134.08333333333334
0.31705611764993347,0.3170458445665788,0.2942767930611417,134.125
0.3170448971877991,0.3170346245018716,0.29425437738815313,134.16666666666666
0.31703542013964314,0.3170251472538943,0.29423368518662985,134.20833333333334
0.3170293944703329,0.3170191215086213,0.2942162852716743,134.25
0.3170283807145687,0.31701810772952815,0.29420361605225137,134.29166666666666
0.3170337069452242,0.317023433795513,0.29419688435050423,134.33333333333334
0.31704636908051553,0.31703609553077977,0.29419698913416875,134.375
0.31706692774905676,0.3170566535247974,0.29420442392116003,134.41666666666666
0.3170950426015684,0.31708484970660367,0.2942188682874899,134.45833333333334
0.3171207795716781,0.3171105448614354,0.2942309908412039,134.5
0.31714071530216137,0.317130479952324,0.2942377113607968,134.54166666666666
0.31715669059491675,0.31714645623532334,0.2942406743709703,134.58333333333334
0.3171706657802933,0.317160430427906,0.29424169193461547,134.625
0.31718468173933845,0.3171744496627702,0.294242643627848,134.66666666666666
0.31720078070159813,0.3171905482709227,0.29424542936330605,134.70833333333334
0.3172209270431234,0.31721069390172024,0.2942518788119293,134.75
0.31724691935038785,0.31723668597944965,0.29426367424487937,134.79166666666666
0.3172749972616381,0.3172645465918983,0.29427715451275305,134.83333333333334
0.3172950650107803,0.3172846066302729,0.29428335988066867,134.875
0.3173071542942915,0.3172966955291314,0.2942821688605906,134.91666666666666
0.31731183909271415,0.3173013803653793,0.2942741356435124,134.95833333333334
0.3173101203848169,0.3172996617549078,0.29426021509598393,135.0
0.31730332934785715,0.3172928705016191,0.29424166450648187,135.04166666666666
0.3172930279102279,0.31728256794183096,0.2942199500386996,135.08333333333334
0.31728092014628106,0.3172704595489789,0.29419666384381815,135.125
0.3172687781951217,0.31725831790871667,0.2941734513602055,135.16666666666666
0.3172583722440237,0.3172479094324864,0.294151951452884,135.20833333333334
0.31725140247691935,0.3172409402210184,0.29413373018930633,135.25
0.3172494230972583,0.31723896092954323,0.29412021376069125,135.29166666666666
0.3172537559752343,0.31724329370071314,0.29411260332574835,135.33333333333334
0.3172653925136907,0.3172549298968589,0.29411179287441497,135.375
0.3172848907932562,0.31727442757484375,0.29411827240755845,135.41666666666666
0.31731223699452726,0.3173017114131469,0.29413192930723603,135.45833333333334
0.31733900070086873,0.31732850368427923,0.29414507080616614,135.5
0.31735999274277177,0.3173494595016227,0.2941527661685933,135.54166666666666
0.3173769667590381,0.31736643176215273,0.29415668483266444,135.58333333333334
0.3173919272948284,0.31738139134783033,0.2941586449902736,135.625
0.3174069286621048,0.31739639601506453,0.2941605440202874,135.66666666666666
0.31742402502446204,0.31741349204401487,0.2941642862366825,135.70833333333334
0.3174451922188326,0.31743465852768893,0.2941717101828665,135.75
0.31747224002306884,0.3174616677934532,0.29418447203317477,135.79166666666666
0.31749940330777704,0.3174886263736707,0.29419713012591836,135.83333333333334
0.3175184073923421,0.3175076285016537,0.29420238430732404,135.875
0.31752947438169693,0.3175186954354831,0.2942002826119319,135.91666666666666
0.3175331699128774,0.31752239105772384,0.29419137580843163,135.95833333333334
0.31753049053491295,0.31751971185387035,0.29417661398411027,136.0
0.31752276166190535,0.3175119827245689,0.2941572478086021,136.04166666666666
0.3175115380708483,0.31750075959763163,0.29413473574088245,136.08333333333334
0.3174985165928593,0.31748773792212837,0.29411066132013985,136.125
0.3174854615102662,0.31747468824172664,0.2940866627859615,136.16666666666666
0.3174741349800028,0.31746336390151336,0.2940643694919856,136.20833333333334
0.31746623017866277,0.3174554611823215,0.29404533784637754,136.25
0.3174632937548095,0.31745252498243237,0.29403098396566024,136.29166666666666
0.31746664194045204,0.3174558731410348,0.2940225048056892,136.33333333333334
0.3174772616936834,0.31746649262322063,0.29402078935285264,136.375
0.3174957085611255,0.31748493895278446,0.29402632543192014,136.41666666666666
0.31752199321087726,0.31751123202086967,0.29403911515379133,136.45833333333334
0.31754965040690886,0.31753899946535025,0.2940531765638689,136.5
0.31757164741993393,0.31756097895756186,0.2940618477887096,136.54166666666666
0.31758962044954964,0.3175789517373985,0.29406672534529493,136.58333333333334
0.31760556956497227,0.31759490036441956,0.2940696340621079,136.625
0.3176215594200912,0.3176108897888028,0.2940724850027016,136.66666666666666
0.31763965612519707,0.3176289858938768,0.294077185015239,136.70833333333334
0.3176618470444902,0.31765117616523136,0.29408558445226307,136.75
0.3176896584817632,0.3176790533108983,0.29409925326274244,136.79166666666666
0.31771565627450377,0.3177049441459383,0.29411095489262484,136.83333333333334
0.3177336106077886,0.3177228978067934,0.2941152689470461,136.875
0.3177436645214459,0.31773295156639075,0.2941122671550527,136.91666666666666
0.31774638000908334,0.31773566686489735,0.2941024973387586,136.95833333333334
0.3177427490597251,0.31773203602605554,0.2940869043243602,137.0
0.3177340910174193,0.31772337827046343,0.2940667325153001,137.04166666666666
0.31772195395184144,0.3177112415603983,0.29404343147254797,137.08333333333334
0.3177080275577737,0.317697314874691,0.29401857697378925,137.125
0.3176940680876054,0.3176833608025342,0.29399380106771483,137.16666666666666
0.31768183011318857,0.31767112339144593,0.29397072307183963,137.20833333333334
0.3176730002812449,0.317662292236097,0.293950888216027,137.25
0.31766911576342327,0.31765840793932765,0.2939357069198261,137.29166666666666
0.31767148833025943,0.31766078050298024,0.29392636923211857,137.33333333333334
0.3176811005135899,0.3176703924417571,0.29392375919557223,137.375
0.3176985053379527,0.3176877967591855,0.2939283618219779,137.41666666666666
0.31772372835108553,0.3177130242286736,0.29394017902052805,137.45833333333334
0.3177522570638604,0.31774154360588286,0.2939549542275627,137.5
0.31777528110485204,0.31776454926589376,0.2939646019810883,137.54166666666666
0.31779425704973785,0.3177835246419302,0.2939704381631757,137.58333333333334
0.3178111970451065,0.317800464266392,0.29397429680573806,137.625
0.3178281778877315,0.31781744468633705,0.2939780996389487,137.66666666666666
0.31784727746461783,0.3178365436496336,0.29398375844906505,137.70833333333334
0.31787049457182953,0.317859759994851,0.2939931340586689,137.75
0.3178992445229314,0.31788834602273836,0.2940075610117513,137.79166666666666
0.31792402694935534,0.31791316309540735,0.29401828916383616,137.83333333333334
0.3179409422125387,0.3179300778206643,0.2940216733356833,137.875
0.3179499921449013,0.3179391278054563,0.2940177812358055,137.91666666666666
0.3179517362207357,0.31794087251776537,0.2940071585270294,137.95833333333334
0.31794716229510783,0.3179362991225569,0.29399074448206386,138.0
0.31793758436274583,0.3179267213823703,0.2939697772693266,138.04166666666666
0.3179245429028009,0.3179136794981713,0.29394569849995006,138.08333333333334
0.3179097204217816,0.31789885767300163,0.29392007596273834,138.125
0.3178948654521704,0.31788400335534234,0.2938945315499469,138.16666666666666
0.3178817248011204,0.3178708631776038,0.2938706772855114,138.20833333333334
0.3178719762918756,0.3178611146876091,0.2938500495553825,138.25
0.31786715285915523,0.31785629150821887,0.29383405122041123,138.29166666666666
0.3178685591219289,0.3178576978239453,0.29382386563420554,138.33333333333334
0.31787717320829145,0.31786631171999147,0.2938203718780591,138.375
0.31789354563389194,0.3178826836816857,0.2938240521604085,138.41666666666666
0.317917706987283,0.31790684429909305,0.29383490820118147,138.45833333333334
0.31794669019885985,0.31793572978180806,0.2938501238332404,138.5
0.31797069555332325,0.31795976368817586,0.2938607482574959,138.54166666666666
0.31799067660373376,0.31797974454129124,0.2938675438329328,138.58333333333334
0.3180086098204735,0.31799767697390496,0.2938723519595124,138.625
0.3180265838910446,0.31801565062103326,0.29387710252045235,138.66666666666666
0.3180466884959318,0.31803575459602634,0.293883719664353,138.70833333333334
0.3180709338522145,0.31805999917209943,0.29389407186314226,138.75
0.31809981621342015,0.31808897822109955,0.2939086363777668,138.79166666666666
0.31812354932476117,0.31811272849799455,0.2939183933019808,138.83333333333334
0.31813943543207196,0.3181286141623649,0.2939208592631767,138.875
0.31814749127842107,0.3181366697157787,0.2939160890321374,138.91666666666666
0.31814827410179614,0.31813745241623254,0.2939046238310524,138.95833333333334
0.31814276717599116,0.31813194571117287,0.2938873991880602,139.0
0.31813227829814905,0.3181214574135431,0.293865647033815,139.04166666666666
0.3181183419136216,0.3181075253069448,0.29384080081128916,139.08333333333334
0.31810263282224743,0.3180918169841268,0.293814421281559,139.125
0.31808689179967514,0.3180760745939083,0.2937881178020309,139.16666666666666
0.3180728579000981,0.3180620412435884,0.2937634937893532,139.20833333333334
0.3180622019981324,0.31805138413609024,0.29374208161487875,139.25
0.31805644935994176,0.31804563169949746,0.29372527683900984,139.29166666666666
0.31805689905673773,0.3180460814750751,0.2937142541652112,139.33333333333334
0.3180645249307826,0.3180537071865719,0.29370988771107465,139.375
0.3180798750015478,0.3180690568304362,0.29371265691287385,139.41666666666666
0.3181029796622691,0.31809216078635416,0.2937225633073581,139.45833333333334
0.3181318867164926,0.3181211619765745,0.2937378187045011,139.5
0.3181569238757465,0.3181462259354872,0.2937494203999565,139.54166666666666
0.31817791184030497,0.31816721435002143,0.29375717487070346,139.58333333333334
0.3181968401908366,0.3181861417459699,0.2937629335693843,139.625
0.3182158093279621,0.31820511415990255,0.29376863026929334,139.66666666666666
0.31823692075975,0.31822622514058263,0.2937762061297947,139.70833333333334
0.3182621960552654,0.31825149960214305,0.2937875347078214,139.75
0.31829102184351693,0.3182803522227378,0.29380208675020897,139.79166666666666
0.31831368367062635,0.3183030510266565,0.29381090553735784,139.83333333333334
0.3183285507421648,0.31831791766485623,0.2938124645007553,139.875
0.3183356224895415,0.31832498930814357,0.2938068259277832,139.91666666666666
0.31833545351976505,0.31832482048763416,0.29379452978731396,139.95833333333334
0.3183290233073401,0.31831839044640453,0.2937765060733533,140.0
0.31831763363579346,0.31830700347928004,0.2937539789558659,140.04166666666666
0.3183028120056979,0.31829218273701665,0.29372837599715107,140.08333333333334
0.3182862259743443,0.31827559546787476,0.2937012473931299,140.125
0.318269608649776,0.3182589794500753,0.29367419850083515,140.16666666666666
0.3182546913056174,0.31824406427924684,0.29364881992609887,140.20833333333334
0.3182431365445805,0.3182325101806111,0.293626635805116,140.25
0.31823646446942633,0.31822583839189084,0.2936090355999965,140.29166666666666
0.3182359676994979,0.31822534169993516,0.29359718694755443,140.33333333333334
0.3182426156050465,0.3182319894469226,0.2935919591325042,140.375
0.3182569537223357,0.3182463271342557,0.29359382882704754,140.41666666666666
0.31827901224771027,0.31826838497576493,0.2936027973693206,140.45833333333334
0.31830759571256323,0.31829707752445635,0.2936178753582725,140.5
0.3183337079807821,0.3183231594635289,0.2936304557811382,140.54166666666666
0.3183557016119451,0.3183451551056789,0.29363916917762817,140.58333333333334
0.31837562656806895,0.31836507956180404,0.2936458809486779,140.625
0.31839559223385877,0.3183850445753876,0.29365253224720195,140.66666666666666
0.3184177118727135,0.3184071634878167,0.29366106769164924,140.70833333333334
0.3184440183637836,0.31843346910037296,0.2936733724288437,140.75
0.31847250613018124,0.31846196882221384,0.29368760201390515,140.79166666666666
0.31849416173827655,0.3184836243374536,0.29369548638429177,140.83333333333334
0.31850802037031295,0.31849748253929067,0.29369615031376434,140.875
0.31851411849756256,0.31850358075788193,0.293689656097734,140.91666666666666
0.3185130083981488,0.31850247108761315,0.2936765404409431,140.95833333333334
0.3185056651378123,0.31849512809128916,0.2936577283268277,141.0
0.3184933846368603,0.3184828481273377,0.29363443784600396,141.04166666666666
0.3184776878953166,0.3184671518877977,0.29360809025802675,141.08333333333334
0.3184602350908449,0.31844969847933063,0.2935802271640333,141.125
0.3184427515082729,0.3184322145485,0.2935524422112195,141.16666666666666
0.31842696083287064,0.31841642425709943,0.29352632137054907,141.20833333333334
0.3184145190331172,0.31840398001982717,0.2935033800745985,141.25
0.31840693801084624,0.3183963991913221,0.29348499547456486,141.29166666666666
0.3184055051883293,0.3183949664656282,0.29347233214469837,141.33333333333334
0.31841118568844484,0.3184006468300932,0.2934662544812806,141.375
0.3184245225744299,0.31841398332694343,0.29346723641780936,141.41666666666666
0.318445545860861,0.31843500595914725,0.29347527910445664,141.45833333333334
0.3184736227672284,0.31846307055893563,0.29348976272584565,141.5
0.3185007411286467,0.3184901979023192,0.29350331656845774,141.54166666666666
0.3185237807873081,0.3185132028473845,0.29351298808627097,141.58333333333334
0.31854470460623563,0.3185341248843388,0.29352064572107994,141.625
0.3185656677874823,0.31855508743977917,0.29352824109695647,141.66666666666666
0.31858879657831957,0.3185782154754532,0.2935377333349488,141.70833333333334
0.3186161350754231,0.31860555306351274,0.29355101318933907,141.75
0.3186439228902483,0.3186333551208332,0.2935646400707915,141.79166666666666
0.3186645466208339,0.3186539782919881,0.293571602224639,141.83333333333334
0.31867740775237574,0.318666838972966,0.2935713827745195,141.875
0.31868254289888415,0.31867197417736537,0.2935640434898219,141.91666666666666
0.31868050236099643,0.31866993362637186,0.29355011894960237,141.95833333333334
0.31867225639546215,0.31866168791601235,0.2935305295819274,142.0
0.3186590956200764,0.31864852786519066,0.2935064875850263,142.04166666666666
0.3186425341799536,0.31863196721584364,0.29347940514501686,142.08333333333334
0.31862422488888315,0.31861365708776135,0.2934508159332082,142.125
0.3186058854747925,0.31859531835039157,0.2934223060984012,142.16666666666666
0.3185892319064183,0.3185786620092537,0.2933954522820204,142.20833333333334
0.3185759122047564,0.3185653429722895,0.293371761511108,142.25
0.3185674327124576,0.31855686381093873,0.2933526040820191,142.29166666666666
0.3185650745917432,0.3185545058228868,0.29333913779769094,142.33333333333334
0.3185697985895161,0.3185592297211799,0.29333222223241334,142.375
0.3185821453099482,0.31857157608864606,0.2933323285849948,142.41666666666666
0.3186021445817155,0.31859157474325667,0.293339457858766,142.45833333333334
0.31862920931280586,0.31861867051208653,0.29335308504362584,142.5
0.31865742784224704,0.31864682191590765,0.2933676001586421,142.54166666666666
0.31868144505499446,0.31867083593637197,0.293378230479834,142.58333333333334
0.31870336600842103,0.3186927562261193,0.29338683596035736,142.625
0.3187253274216987,0.31871471687085057,0.2933953830512813,142.66666666666666
0.3187494659165107,0.318738854568926,0.29340583237101153,142.70833333333334
0.3187777894095387,0.31876715927597105,0.29342003278518153,142.75
0.31880458319040833,0.31879395212033096,0.29343275898796,142.79166666666666
0.3188241859903753,0.3188135543699603,0.29343881156846147,142.83333333333334
0.3188360607987492,0.3188254287382639,0.29343772129784296,142.875
0.31884024445808207,0.3188296124187107,0.29342954996144144,142.91666666666666
0.3188372842809946,0.31882665254338516,0.29341482904337884,142.95833333333334
0.3188281466788665,0.31881751548413884,0.29339447472415464,143.0
0.3188141165204085,0.31880348517383195,0.2933696974603553,143.04166666666666
0.31879670123930814,0.31878607078991944,0.2933418943055693,143.08333333333334
0.31877754629741695,0.3187669161106019,0.2933125963437466,143.125
0.31875836181449413,0.3187477324378422,0.2932833783065669,143.16666666666666
0.3187408562030544,0.31873022740054674,0.2932558033007772,143.20833333333334
0.3187266697624294,0.31871604169284656,0.2932313753033946,143.25
0.3187173028141493,0.3187066751090092,0.29321145684043415,143.29166666666666
0.3187140305229398,0.3187034029906667,0.2931971995016183,143.33333333333334
0.3187178092904011,0.3187071816989173,0.29318945813926733,143.375
0.31872917727312405,0.3187185493610751,0.29318870125657853,143.41666666666666
0.3187481641197998,0.31873753562327306,0.29319492966358907,143.45833333333334
0.31877422878135325,0.318763599434084,0.293207621029371,143.5
0.3188031593936685,0.31879248782827274,0.29322282968682134,143.54166666666666
0.3188282222850198,0.31881751267254377,0.2932344134260381,143.58333333333334
0.31885115981836726,0.31884043139733154,0.2932439657394867,143.625
0.3188741193345727,0.31886339059680513,0.2932534560533698,143.66666666666666
0.31889926761763393,0.3188885380515337,0.29326486043962324,143.70833333333334
0.3189282701411774,0.31891750689807036,0.2932797248966714,143.75
0.31895402251116123,0.31894325843708743,0.2932915185119814,143.79166666666666
0.3189726161159959,0.3189618515040285,0.2932966744038058,143.83333333333334
0.318983516258113,0.31897275124589675,0.29329472584292343,143.875
0.31898675966109835,0.3189759947051323,0.2932857343282888,143.91666666666666
0.3189828913147661,0.3189721268493205,0.29327022932623464,143.95833333333334
0.3189728733410198,0.3189621093627118,0.29324912220217697,144.0
0.3189579849549795,0.31894722155088184,0.2932236115220438,144.04166666666666
0.3189397269380859,0.3189289632772242,0.29319509455705006,144.08333333333334
0.3189197374430369,0.3189089745730536,0.2931650890067842,144.125
0.3188997190474792,0.31888895705188064,0.2931351639281974,144.16666666666666
0.31888137255918586,0.3188706111960619,0.29310687730039947,144.20833333333334
0.31886633148009885,0.3188555704105553,0.2930817204469846,144.25
0.3188560885866864,0.31884532781406194,0.29306105286783146,144.29166666666666
0.31885191359452336,0.31884115304515026,0.2930460166394273,144.33333333333334
0.3188547587446252,0.3188439981790254,0.29303746185983326,144.375
0.31886515975896956,0.31885439891871664,0.2930358543464005,144.41666666666666
0.3188831461063537,0.3188723847186763,0.29304119474087376,144.45833333333334
0.3189081790915651,0.31889741689016415,0.29305296308840406,144.5
0.3189377719009419,0.3189266852105623,0.29306853596915733,144.54166666666666
0.31896383271085266,0.3189527197709063,0.2930810735047896,144.58333333333334
0.3189877503228427,0.3189766367026089,0.29309157139321296,144.625
0.3190117081772303,0.31900059805083747,0.2931020065481742,144.66666666666666
0.31903786590739847,0.31902675516111584,0.2931143643410392,144.70833333333334
0.31906711223882395,0.319056001746092,0.2931294746562337,144.75
0.31909183543181563,0.3190807242090343,0.2931403477269689,144.79166666666666
0.3191094318904521,0.3190983201813579,0.2931446194803892,144.83333333333334
0.31911936931157303,0.3191082572718661,0.29314182567661073,144.875
0.3191216843024806,0.3191105723739462,0.293132027699405,144.91666666666666
0.3191169194875841,0.31910580774948183,0.29311575162048104,144.95833333333334
0.31910603276411237,0.31909492148156937,0.2930939034822987,145.0
0.31909029769811714,0.31907918711254063,0.2930676757259124,145.04166666666666
0.3190712084440161,0.3190601024896341,0.29303845994052713,145.08333333333334
0.3190503958856065,0.3190392892618917,0.2930077642391759,145.125
0.31902955504079605,0.3190184473394448,0.292977147741485,145.16666666666666
0.319010379176354,0.31899927234330955,0.2929481655883812,145.20833333333334
0.31899449438607524,0.31898338844019564,0.2929222983292042,145.25
0.3189833870914602,0.3189722815383646,0.29290089411417425,145.29166666666666
0.3189783211968167,0.3189672159583032,0.29288509163803716,145.33333333333334
0.31898024467237357,0.3189691395104173,0.2928757362847398,145.375
0.3189896908176009,0.31897858547004326,0.29287329119918776,145.41666666666666
0.31900668892485656,0.31899558311945986,0.29287775654388937,145.45833333333334
0.31903070264851097,0.3190195961336311,0.29288861590468657,145.5
0.31905969067099615,0.3190487995695141,0.29290421182545184,145.54166666666666
0.31908667666709745,0.3190758423537175,0.29291770175751036,145.58333333333334
0.31911155087590665,0.3191007562587562,0.29292914264682035,145.625
0.31913650626796963,0.3191257109188595,0.2929405206988767,145.66666666666666
0.31916367272225526,0.3191528764934585,0.29295382975596107,145.70833333333334
0.3191928222733379,0.31918199912008377,0.29296884371051946,145.75
0.319216529250432,0.31920570448712987,0.2929788114031795,145.79166666666666
0.3192331409332411,0.31922231582138916,0.2929822127086118,145.83333333333334
0.3192421280666908,0.3192313026995168,0.2929785864664786,145.875
0.319243526594023,0.31923270158852857,0.2929679935306113,145.91666666666666
0.3192378776641102,0.3192270527578806,0.292950958090666,145.95833333333334
0.3192261343130059,0.31921530986715374,0.2929283819179224,146.0
0.31920956461749295,0.3191987407327524,0.2929014505037063,146.04166666666666
0.3191896561163952,0.3191788330965538,0.29287154661236553,146.08333333333334
0.31916803248958764,0.3191572158882504,0.2928401714608277,146.125
0.31914638126405337,0.3191355712753086,0.29280888000852984,146.16666666666666
0.3191263881047739,0.3191155790487745,0.29277921449137145,146.20833333333334
0.31910967185257755,0.3190988634778234,0.29275264628008607,146.25
0.3190977123987476,0.3190869043865452,0.29273051789980753,146.29166666666666
0.3190917679194033,0.319080960200838,0.29271396189237514,146.33333333333334
0.31909278215930237,0.31908197450197395,0.292703818881086,146.375
0.3191012860058972,0.31909047814821373,0.29270054936837603,146.41666666666666
0.3191173085781119,0.3191064999091423,0.2927041536829858,146.45833333333334
0.31914031587344577,0.31912950635665355,0.2927141171844736,146.5
0.31916869617160487,0.31915826038473466,0.29272915959890017,146.54166666666666
0.31919711113735894,0.31918631047760865,0.2927435997717541,146.58333333333334
0.31922289629941214,0.3192122209273341,0.29275598115781026,146.625
0.31924888799340917,0.3192381719894572,0.29276830310118457,146.66666666666666
0.31927706158340957,0.31926634497281897,0.2927825609050276,146.70833333333334
0.31930569936216796,0.3192949319496244,0.2927971053044504,146.75
0.31932840148319874,0.319317634184054,0.2928061807856201,146.79166666666666
0.31934404142999473,0.31933327367398967,0.29280872525822593,146.83333333333334
0.3193520908858789,0.3193413228357688,0.29280428004619213,146.875
0.31935258590493065,0.3193418183129514,0.2927929063622382,146.91666666666666
0.3193460651369145,0.31933529765468927,0.29277512511375603,146.95833333333334
0.3193334775070344,0.31932271051390987,0.29275183340462907,147.0
0.3193160855077514,0.31930531913438415,0.29272421158614315,147.04166666666666
0.31929537001853375,0.31928460359390765,0.2926936347977165,147.08333333333334
0.3192729475520209,0.31926218201642437,0.29266159474018855,147.125
0.319250498117931,0.3192397335284891,0.29262964224404664,147.16666666666666
0.31922969990253447,0.3192189360302528,0.292599302715862,147.20833333333334
0.3192121644261283,0.3192014012492091,0.29257204649451846,147.25
0.3191993650434677,0.31918860240242386,0.29254920703789516,147.29166666666666
0.31919255450192974,0.31918179217577064,0.2925319106474761,147.33333333333334
0.31919267216563557,0.31918190992363266,0.29252099333519177,147.375
0.31920024652330964,0.31918948410993847,0.29251691296733445,147.41666666666666
0.3192153065160366,0.31920454367183165,0.29251966970108767,147.45833333333334
0.3192373205232335,0.31922655694882146,0.2925287514823505,147.5
0.3192651418719951,0.3192544190013998,0.2925431248124179,147.54166666666666
0.31929414726095817,0.3192834544084992,0.29255849066356704,147.58333333333334
0.3193209889368911,0.3193103603361707,0.2925718095106882,147.625
0.3193479381322715,0.3193373087177266,0.29258506514318106,147.66666666666666
0.3193770524147631,0.3193664381080581,0.29260023955924463,147.70833333333334
0.31940469376489394,0.3193940832557376,0.2926139479421699,147.75
0.31942640611905604,0.3194157950947271,0.29262214514999957,147.79166666666666
0.31944108737848864,0.31943047592210827,0.2926238467051622,147.83333333333334
0.3194482122815421,0.31943760053778,0.2926185966257797,147.875
0.3194478170993056,0.31943720546475585,0.2926064552846474,147.91666666666666
0.31944043733374045,0.31942982589767,0.2925879417767618,147.95833333333334
0.3194270182884518,0.31941640710938407,0.29256394799988156,148.0
0.31940881670557225,0.3193982055438048,0.29253565206147647,148.04166666666666
0.3193873069710694,0.319376696840991,0.29250441355903917,148.08333333333334
0.3193640983689026,0.3193534885798054,0.2924717208776414,148.125
0.31934086326168515,0.3193302545516998,0.2924391130541841,148.16666666666666
0.31931927280759054,0.3193086647006842,0.2924081156852971,148.20833333333334
0.3193009311256219,0.31929032354286335,0.2923801842901652,148.25
0.3192873048586426,0.31927669774809475,0.292356646820918,148.29166666666666
0.319279641217058,0.3192690344188324,0.2923386233178496,148.33333333333334
0.31927887539051014,0.31926826867424085,0.2923269451634778,148.375
0.3192855334782567,0.31927492645673644,0.2923220676104327,148.41666666666666
0.3192996442551273,0.31928903602680153,0.29232399066849124,148.45833333333334
0.3193206783896999,0.31931006917267235,0.2923322051626704,148.5
0.3193475199942527,0.319336925667434,0.2923456826303992,148.54166666666666
0.3193774148593696,0.31936657098474486,0.2923616988912197,148.58333333333334
0.3194051861778649,0.3193944696505741,0.2923759512662564,148.625
0.31943315836421377,0.3194224080245063,0.29239014089232274,148.66666666666666
0.3194627990834601,0.31945208635593536,0.29240580339851757,148.70833333333334
0.31948942930881963,0.3194787244223004,0.292418611486379,148.75
0.3195101650197244,0.31949945953386866,0.29242594486647916,148.79166666666666
0.3195239011102523,0.3195131951516341,0.2924268175714894,148.83333333333334
0.3195301148654333,0.3195194090172189,0.29242077608631484,148.875
0.3195288424385695,0.3195181373106122,0.2924078813157341,148.91666666666666
0.3195206169668851,0.3195099128047614,0.2923886490818395,148.95833333333334
0.3195063795875677,0.3194956760883396,0.29236396682732807,149.0
0.31948738146929845,0.319476678098167,0.29233500180115,149.04166666666666
0.31946509044890525,0.31945438779612084,0.2923031147852243,149.08333333333334
0.3194411086629576,0.31943040681402135,0.2922697830918951,149.125
0.31941710116026345,0.3194063985276009,0.2922365367781879,149.16666666666666
0.3193947312781676,0.3193840264576707,0.2922048929925453,149.20833333333334
0.3193755961331679,0.3193648924065681,0.2921762999719733,149.25
0.31936115608456295,0.31935045295192016,0.2921520779784581,149.29166666666666
0.31935265262377666,0.3193419498520158,0.29213334106910605,149.33333333333334
0.3193510167127886,0.31934031407438784,0.29212091596366097,149.375
0.31935677207095453,0.31934606931796894,0.2921152553159157,149.41666666666666
0.319369947313387,0.31935924418616873,0.29211635897640326,149.45833333333334
0.3193900154280115,0.31937931137632697,0.2921237200960136,149.5
0.31941588126551185,0.31940517625221476,0.2921363162486149,149.54166666666666
0.31944565068950614,0.31943487397792025,0.29215232447161926,149.58333333333334
0.3194744254799975,0.3194637624654773,0.2921675071772403,149.625
0.31950335383702366,0.319492695624905,0.29218262696922875,149.66666666666666
0.31953298101381944,0.3195223151856546,0.29219828389415003,149.70833333333334
0.3195586368060913,0.3195479654221615,0.29221021795907104,149.75
0.3195784097683335,0.3195677377542396,0.29221670226389823,149.79166666666666
0.31959121461259193,0.3195805422805048,0.29221676075342706,149.83333333333334
0.31959653109055236,0.31958585854409916,0.29220994252947824,149.875
0.31959439519184063,0.3195837228329588,0.29219630829676724,149.91666666666666
0.3195853377060982,0.3195746661921326,0.2921763710653331,149.95833333333334
0.31957029561607786,0.31955962440964325,0.2921510139737869,150.0
0.31955051453775124,0.3195398440390903,0.2921213987861899,150.04166666666666
0.3195274557606429,0.3195167851159913,0.29208888058313975,150.08333333333334
0.31950271429828014,0.31949204455710484,0.2920549251425344,150.125
0.3194779477890269,0.3194672767726684,0.2920210540658964,150.16666666666666
0.31945481214706306,0.3194441419433763,0.29198877758420966,150.20833333333334
0.3194348993257706,0.31942422542688,0.29195953674083314,150.25
0.3194196591998827,0.3194089858695449,0.29193464425459675,150.29166666666666
0.3194103296830375,0.31939965673536563,0.29191520803443854,150.33333333333334
0.3194078375570882,0.319397164766459,0.2919020502461298,150.375
0.31941270417247103,0.3194020312933648,0.2918956209588402,150.41666666666666
0.3194249579821442,0.31941428475728323,0.2918959198850646,150.45833333333334
0.3194440742896671,0.3194334004252757,0.2919024427727971,150.5
0.3194689627742982,0.3194582880259866,0.291914172559368,150.54166666666666
0.31949794027875345,0.3194873426191557,0.2919296256701657,150.58333333333334
0.31952778777737073,0.31951721649871095,0.29194573659428835,150.625
0.3195576716810671,0.31954711976629063,0.29196177476674867,150.66666666666666
0.3195866322191912,0.3195760455389884,0.29197681789011304,150.70833333333334
0.31961130779308494,0.3196007208382943,0.2919878884883277,150.75
0.3196301324158366,0.319619544833259,0.29199353823610397,150.79166666666666
0.31964202038023615,0.31963143252662324,0.2919927974393458,150.83333333333334
0.3196464538708454,0.3196358658109393,0.291985217330926,150.875
0.3196434686776746,0.3196328808388894,0.29197085820426816,150.91666666666666
0.3196335933215632,0.3196230057701105,0.2919502309852668,150.95833333333334
0.3196177605933883,0.3196071733556658,0.2919242136141813,151.0
0.3195972105526972,0.31958662341659877,0.2918939616355753,151.04166666666666
0.3195733980390526,0.31956281199477093,0.29186082178379125,151.08333333333334
0.3195479108935501,0.31953732527291817,0.29182625520282307,151.125
0.3195223993544403,0.31951181475090207,0.29179177292123043,151.16666666666666
0.31949851194341156,0.31948792812796184,0.2917588787000028,151.20833333333334
0.3194778319066571,0.31946724852132646,0.29172900395399903,151.25
0.3194618058129754,0.3194512230157269,0.2917034552475946,151.29166666666666
0.31945166444135026,0.3194410820339871,0.29168333420559894,151.33333333333334
0.3194483303957307,0.31943774815210935,0.2916694583834002,151.375
0.31945232266627693,0.3194417401390046,0.29166227527664135,151.41666666666666
0.3194636695449309,0.31945308590773575,0.291661784159555,151.45833333333334
0.3194818486460947,0.3194712643219792,0.2916674841117779,151.5
0.31950577479293246,0.3194951893143494,0.2916783628373596,151.54166666666666
0.31953385040298365,0.31952326261864417,0.2916929435932265,151.58333333333334
0.3195640847245744,0.31955347760370023,0.2917093904340052,151.625
0.3195942764340997,0.31958365386988097,0.29172570179806895,151.66666666666666
0.3196222238852012,0.3196116001211764,0.29173987583643013,151.70833333333334
0.31964593994479257,0.31963531539998524,0.2917500984548241,151.75
0.3196638310084631,0.31965320540516595,0.2917549300006059,151.79166666666666
0.31967481696778033,0.31966419127009266,0.2917534051224579,151.83333333333334
0.319678382235178,0.3196677569462383,0.2917450781274659,151.875
0.3196745625216656,0.31966393830023065,0.2917300091671896,151.91666666666666
0.3196638839452093,0.3196532608141916,0.2917087062865611,151.95833333333334
0.3196472752170433,0.319636652750519,0.2916820430545829,152.0
0.31962597083999184,0.31961534851862455,0.29165116877,152.04166666666666
0.3196014191044952,0.31959079797039563,0.2916174232968746,152.08333333333334
0.31957520081277707,0.31956457980299496,0.29158225982827435,152.125
0.31954895885521895,0.3195383387588939,0.29154718132754204,152.16666666666666
0.31952433428536675,0.3195137122958514,0.2915136820698015,152.20833333333334
0.31950290322802694,0.3194922820621607,0.2914831860555829,152.25
0.3194861059650866,0.3194754853642395,0.29145699584891666,152.29166666666666
0.31947516747316224,0.31946454729826074,0.2914362047804789,152.33333333333334
0.31947100631379904,0.3194603863424528,0.29142162586152265,152.375
0.31947413912380174,0.3194635191136998,0.29141370403097777,152.41666666666666
0.31948459403744517,0.3194739737335412,0.29141243840493536,152.45833333333334
0.3195018509788804,0.31949123011767416,0.2914173307655092,152.5
0.319524829603579,0.31951420762904775,0.2914273739685603,152.54166666666666
0.3195519389789322,0.3195413159003484,0.29144110151515756,152.58333333333334
0.3195811984020012,0.31957057418947943,0.2914566945457585,152.625
0.31961041559797676,0.3195997846002939,0.2914721497724445,152.66666666666666
0.3196373990180233,0.3196267668431733,0.2914854703812694,152.70833333333334
0.31966017044304257,0.3196495375188062,0.2914948609488732,152.75
0.3196771434569173,0.31966651003283025,0.29149888918948014,152.79166666666666
0.3196872428550279,0.3196766091471694,0.291496596231433,152.83333333333334
0.3196899553112611,0.31967932146246497,0.2914875385908923,152.875
0.31968531645747017,0.3196746828916674,0.29147177631760435,152.91666666666666
0.31967385010801513,0.3196632172916603,0.291449814241274,152.95833333333334
0.3196564807568584,0.3196458486288017,0.29142252120527345,153.0
0.31963443741961384,0.319623806067496,0.2913910404109971,153.04166666666666
0.31960916189912236,0.31959853172208136,0.29135670514946455,153.08333333333334
0.31958222787318347,0.3195715983803819,0.29132096016778214,153.125
0.3195552707016695,0.319544642379304,0.2912853011015559,153.16666666666666
0.3195299244147038,0.3195192968659385,0.2912512132216752,153.20833333333334
0.31950775813151694,0.31949713076186514,0.2912201160310244,153.25
0.319490205003072,0.3194795781687612,0.29119329982547953,153.29166666666666
0.31947848483435387,0.31946785845191566,0.2911718542522409,153.33333333333334
0.3194735120353819,0.3194628858851239,0.2911565878488549,153.375
0.3194758008934784,0.31946517473438235,0.2911479430184389,153.41666666666666
0.31948537938761445,0.31947475296536026,0.29114591906101317,153.45833333333334
0.31950172975211416,0.3194911028388969,0.29115001971143306,153.5
0.31952377646656743,0.31951314849365847,0.29115924342911925,153.54166666666666
0.31954993575841034,0.31953930605756453,0.2911721299511091,153.58333333333334
0.31957823580673067,0.3195676050106859,0.29118687396971876,153.625
0.3196064942103069,0.31959585677755287,0.291201480374843,153.66666666666666
0.3196325292946435,0.3196218906922251,0.2912139637515314,153.70833333333334
0.3196543717686336,0.31964373255393863,0.291222538398346,153.75
0.31967044238815256,0.31965980202501326,0.2912257803773067,153.79166666666666
0.31967967083116355,0.3196690303729528,0.2912227349938281,153.83333333333334
0.3196815461079869,0.31967090610667476,0.2912129615689239,153.875
0.3196761037081022,0.31966546482830754,0.2911965200846432,153.91666666666666
0.31966386512745454,0.3196532273059711,0.291173913664981,153.95833333333334
0.31964575070344725,0.3196351136106135,0.2911460057706403,154.0
0.3196229839294839,0.31961234790241616,0.29111393448093414,154.04166666666666
0.319597000116068,0.3195863638161148,0.2910790235182902,154.08333333333334
0.31956936584181406,0.31955873003514224,0.2910427128503915,154.125
0.31954170916624497,0.3195310745035122,0.291006486736993,154.16666666666666
0.31951565651976954,0.3195050227592366,0.2909718240921443,154.20833333333334
0.31949276968527934,0.31948213666689806,0.29094013640380495,154.25
0.31947447616916047,0.3194638438423849,0.2909127096465831,154.29166666666666
0.31946198994690017,0.31945135810016534,0.29089062521235337,154.33333333333334
0.31945622117956557,0.3194455895919222,0.29087468709555375,154.375
0.3194576818101908,0.31944705023832737,0.29086533516818824,154.41666666666666
0.3194663996660778,0.3194557678540475,0.29086256860004633,154.45833333333334
0.3194818592909645,0.319471226983759,0.2908658936814579,154.5
0.31950298968902663,0.31949235664041503,0.29087431418419496,154.54166666666666
0.3195282149603355,0.319517579577034,0.2908863792747534,154.58333333333334
0.31955557162094,0.3195449357201658,0.2909002901533199,154.625
0.3195828872211586,0.3195722503585873,0.2909140603022702,154.66666666666666
0.31960798993832634,0.31959735227776315,0.2909257226140301,154.70833333333334
0.31962891940772725,0.31961828105676865,0.29093349763285353,154.75
0.3196441035981984,0.31963346476495547,0.2909359690365399,154.79166666666666
0.31965247689805804,0.3196418378963733,0.2909321874356983,154.83333333333334
0.3196535308116344,0.319642891727787,0.29092171472553574,154.875
0.31964730066916125,0.319636661923813,0.290904610490039,154.91666666666666
0.3196343055859546,0.3196236675348924,0.29088137500940403,154.95833333333334
0.3196154617925513,0.3196048245634718,0.2908528713236469,155.0
0.3195919872558228,0.3195813512280202,0.2908202239298793,155.04166666666666
0.3195653107921632,0.3195546756129992,0.2907847550161165,155.08333333333334
0.3195369919149895,0.3195263631936415,0.2907478922503733,155.125
0.31950865136624956,0.3194980238612116,0.29071111822393314,155.16666666666666
0.31948190816487193,0.31947128206997344,0.29067590141580707,155.20833333333334
0.3194583171605889,0.3194476917375299,0.29064364333688925,155.25
0.31943929909433455,0.3194286743993238,0.2906156215759098,155.29166666666666
0.3194260626070956,0.31941543841560155,0.29059291391301867,155.33333333333334
0.3194195137246822,0.31940888981687326,0.2905763198377921,155.375
0.3194201620523688,0.31940953818622303,0.29056627669797197,155.41666666666666
0.31942803526691377,0.3194174111876581,0.29056278354256326,155.45833333333334
0.3194426202184688,0.3194319956724871,0.29056534923036753,155.5
0.319462850731607,0.31945222547653707,0.2905729828408976,155.54166666666666
0.31948715801918803,0.3194765305018637,0.29058424062521654,155.58333333333334
0.31951358747710695,0.3195029594705704,0.29059733103626256,155.625
0.3195399764810809,0.31952934755191653,0.2906102834732877,155.66666666666666
0.3195641630501431,0.31955353335047626,0.29062114131749095,155.70833333333334
0.3195841955239402,0.31957356535157055,0.2906281331496298,155.75
0.319598509498066,0.3195878787366572,0.2906298503262513,155.79166666666666
0.319606043761851,0.3195954131372607,0.29062534895559683,155.83333333333334
0.3196062923872822,0.3195956621100573,0.2906141931674021,155.875
0.3195992901967889,0.31958866135689634,0.29059644210965524,155.91666666666666
0.3195855545567858,0.3195749269630604,0.2905725938935356,155.95833333333334
0.31956599723715345,0.3195553706660888,0.2905435038603035,156.0
0.3195418307003687,0.31953120435982557,0.2905102970703222,156.04166666666666
0.3195144773111156,0.3195038510369891,0.29047428324719854,156.08333333333334
0.319485489592737,0.31947486435822925,0.2904368854180058,156.125
0.3194564808924925,0.3194458546131674,0.2903995768413426,156.16666666666666
0.31942906287106887,0.3194184375691554,0.2903638178845465,156.20833333333334
0.31940478307012243,0.31939415863286574,0.2903310026806309,156.25
0.31938505631786174,0.3193744325941604,0.29030240162350873,156.29166666666666
0.3193710855053643,0.31936046230924653,0.29027908652107726,156.33333333333334
0.31936377252882486,0.31935314964205247,0.29026185242219354,156.375
0.3193636246649721,0.31935300184013893,0.29025113417508486,156.41666666666666
0.3193706694337153,0.3193600464285614,0.290246930683984,156.45833333333334
0.31938439603500557,0.319373772552819,0.2902487533658277,156.5
0.31940374306430513,0.31939311887059263,0.29025561655494186,156.54166666666666
0.31942714849184634,0.3194165217451894,0.2902660843416615,156.58333333333334
0.3194526671794543,0.3194420400007996,0.29027837824981295,156.625
0.31947814612545195,0.3194675179842471,0.29029053344918987,156.66666666666666
0.319501433044232,0.31949080413082975,0.29030060369860805,156.70833333333334
0.3195205853365314,0.3195099557774374,0.29030682890094384,156.75
0.3195340452952879,0.31952341517124533,0.29030780827727465,156.79166666666666
0.31954075687630196,0.3195301266729192,0.2903026030294105,156.83333333333334
0.31954021637313307,0.3195295861166167,0.290290779947257,156.875
0.3195324586847278,0.3195218288633668,0.29027239835751256,156.91666666666666
0.31951799846586404,0.31950736908382854,0.29024795329601766,156.95833333333334
0.3194977435896126,0.31948711469456414,0.29021829568087404,157.0
0.31947290101087983,0.31946227238498615,0.29018454457257903,157.04166666666666
0.3194448866770189,0.3194342591714533,0.29014800355890347,157.08333333333334
0.3194152459694306,0.3194046195292393,0.2901100863521994,157.125
0.31938558495708036,0.3193749596457034,0.2900722582140636,157.16666666666666
0.31935750800134544,0.319346883618353,0.2900359730424209,157.20833333333334
0.3193325557627786,0.3193219321211055,0.2900026160337546,157.25
0.3193121363211371,0.31930151346114594,0.2899734513710163,157.29166666666666
0.31929744726019915,0.31928682495169125,0.28994954468384393,157.33333333333334
0.3192893863639399,0.31927876438906316,0.28993168657625107,157.375
0.3192884585867551,0.31927783670753745,0.2899203094059492,157.41666666666666
0.3192946913101152,0.31928406927730896,0.28991541195418963,157.45833333333334
0.3193075759834248,0.31929695353661436,0.28991650817983033,157.5
0.31932605636457567,0.3193154329497257,0.28992261767823185,157.54166666666666
0.31934857753625057,0.31933795156112743,0.28993231227216704,157.58333333333334
0.31937320203000463,0.31936257580608135,0.2899438231099844,157.625
0.31939778751434594,0.31938716040798143,0.28995519599615777,157.66666666666666
0.3194201914036568,0.31940956358845757,0.2899644953600028,157.70833333333334
0.3194384799391875,0.3194278515219569,0.2899699707014093,157.75
0.3194511024705274,0.3194404735852849,0.28997022894153124,157.79166666666666
0.3194570078324748,0.31944637882683247,0.2899643364919821,157.83333333333334
0.3194556945758362,0.3194450659132954,0.2899518626188121,157.875
0.31944719752447526,0.3194365698366362,0.2899328666385016,157.91666666666666
0.319432028921841,0.3194214023449958,0.2899078406212186,157.95833333333334
0.3194110925743381,0.3194004668733304,0.2898776312023792,158.0
0.3193855899500993,0.3193749645961407,0.28984335360067526,158.04166666666666
0.3193569305921263,0.31934630613289666,0.2898063003454021,158.08333333333334
0.3193266528448905,0.3193160294638599,0.28976788009105814,158.125
0.31929635547143054,0.3192857385834986,0.28972954849293386,158.16666666666666
0.31926763548246934,0.3192570198436966,0.2896927507823769,158.20833333333334
0.3192420269431907,0.3192314118659108,0.2896588680643524,158.25
0.3192209309215331,0.31921031660233307,0.2896291555495497,158.29166666666666
0.31920553981242,0.31919492606364536,0.2896046731624403,158.33333333333334
0.3191967473097936,0.31918613391294176,0.2895862070998559,158.375
0.31919505605848963,0.3191844427680737,0.2895741872471011,158.41666666666666
0.3192004932920569,0.3191898798698316,0.2895686122822755,158.45833333333334
0.31921255276399785,0.3192019389581597,0.28956899846628514,158.5
0.3192301827922698,0.31921956824963393,0.28957437105776573,158.54166666666666
0.3192518353363387,0.3192412199493414,0.28958330943574306,158.58333333333334
0.31927558285504914,0.3192649666212644,0.28959405197619015,158.625
0.3192992918411355,0.3192886748248202,0.2896046633180623,158.66666666666666
0.3193208296568155,0.31931021191364495,0.28961320889206027,158.70833333333334
0.31933827130201514,0.31932765297241383,0.28961795121093736,158.75
0.3193500726472164,0.31933945437916184,0.28961750499501543,158.79166666666666
0.3193551885307543,0.3193445700555492,0.28961094185212827,158.83333333333334
0.3193531190253425,0.3193425008000956,0.28959783358770513,158.875
0.3193438987025121,0.31933328181861265,0.2895782392034813,158.91666666666666
0.3193280380627857,0.3193174215749198,0.28955264856339263,158.95833333333334
0.3193064363957882,0.31929582102361465,0.28952190301719155,159.0
0.31928028985621654,0.3192696756589095,0.28948711055486304,159.04166666666666
0.3192510014589292,0.31924038823744594,0.28944955916402343,159.08333333333334
0.319220102644046,0.3192094904784156,0.289410649178157,159.125
0.3191891849457426,0.3191785718896486,0.2893718300444585,159.16666666666666
0.31915983811921034,0.3191492261533673,0.2893345385042554,159.20833333333334
0.31913358869464903,0.31912297775066195,0.28930014569293516,159.25
0.3191118322908232,0.3191012221571304,0.2892699010628794,159.29166666666666
0.31909575544419594,0.31908514590560794,0.28924485887852,159.33333333333334
0.3190862477749204,0.31907563861588417,0.2892258009488822,159.375
0.31908380962853095,0.31907320061276057,0.2892131546996664,159.41666666666666
0.3190884680956074,0.319077858981567,0.2892069187192316,159.45833333333334
0.3190997192480921,0.31908910976584626,0.2892066119874463,159.5
0.3191165160263972,0.31910590591370036,0.28921126456274326,159.54166666666666
0.3191373175525617,0.3191267066701699,0.28921946261832177,159.58333333333334
0.3191602050546961,0.31914958957640677,0.2892294587482762,159.625
0.31918305474066544,0.3191724327752815,0.28923932181891776,159.66666666666666
0.3192037435623524,0.31919312062309,0.28924713046813805,159.70833333333334
0.3192203553220137,0.3192097318218729,0.28925115668270834,159.75
0.31923135346682596,0.3192207296013995,0.28925002276725925,159.79166666666666
0.31923569646562455,0.31922507281356954,0.28924280551194537,159.83333333333334
0.31923288740844735,0.3192222640990064,0.2892290790695574,159.875
0.3192229609017527,0.31921233784240616,0.28920890230232416,159.91666666666666
0.31920642449193326,0.3191958019857688,0.2891827625080018,159.95833333333334
0.3191841738430175,0.3191735520817351,0.28915149704808296,160.0
0.31915739955550626,0.3191467786799136,0.28911620645858277,160.04166666666666
0.31912749835185766,0.3191168776216857,0.2890781748072819,160.08333333333334
0.3190959946313324,0.3190853750293143,0.289038793842813,160.125
0.3190644726755704,0.31905385200962116,0.288999501699474,160.16666666666666
0.31903451506645286,0.3190238946345436,0.2889617288403532,160.20833333333334
0.31900764150380834,0.31899702191533647,0.28892684148199216,160.25
0.31898524100599196,0.31897462223315665,0.28889608051888094,160.29166666666666
0.3189684948299405,0.31895787667586756,0.2888704944496631,160.33333333333334
0.31895828854569264,0.31894767079665814,0.2888508607655293,160.375
0.31895512021050904,0.3189445026325086,0.28883760446706114,160.41666666666666
0.31895901678487204,0.31894839913033934,0.288830724011012,160.45833333333334
0.3189694765695884,0.31895885861510076,0.28882974089796304,160.5
0.3189854573189657,0.31897483877670163,0.2888336903423286,160.54166666666666
0.31900542533068266,0.3189948058482887,0.28884116614956,160.58333333333334
0.3190274701854574,0.3190168497570707,0.28885043035896524,160.625
0.3190494777431153,0.3190388509494009,0.2888595623183143,160.66666666666666
0.3190693348057684,0.3190587066375971,0.2888666511205709,160.70833333333334
0.3190851337155331,0.3190745051947822,0.28886997819146204,160.75
0.31909534528178624,0.3190847163755946,0.2888681734013037,160.79166666666666
0.31909893234573283,0.31908830348721,0.28886031857686467,160.83333333333334
0.3190954005237038,0.3190847717684969,0.28884599045081105,160.875
0.3190847837906535,0.31907415586801624,0.2888252474227802,160.91666666666666
0.3190675882700347,0.3190569607257634,0.2887985743731487,160.95833333333334
0.31904470491453185,0.31903407817907503,0.2887668043155822,161.0
0.31901731911353726,0.3190066956311405,0.2887310328094743,161.04166666666666
0.3189868211648113,0.3189761990646855,0.2886925341479966,161.08333333333334
0.3189547286166994,0.31894410744413443,0.2886526944563975,161.125
0.31892261857107507,0.3189119986197902,0.28861294526790454,161.16666666666666
0.3188920663543829,0.31888144741510493,0.28857470601015067,161.20833333333334
0.318864584661261,0.31885396669099464,0.28853933935639814,161.25
0.31884155641924644,0.3188309392742068,0.28850807780511334,161.29166666666666
0.3188241574066346,0.3188135409012155,0.2884819638561189,161.33333333333334
0.31881326915847247,0.31880265307751227,0.2884617706314626,161.375
0.3188093874602213,0.3187987715596657,0.28844792070558695,161.41666666666666
0.31881253912895235,0.31880192317760664,0.2884404124413652,161.45833333333334
0.3188222247761293,0.31881160830946115,0.2884387695657179,161.5
0.3188374068046174,0.3188267897560953,0.28844203298779975,161.54166666666666
0.3188565582906387,0.31884594053359894,0.2884488048088593,161.58333333333334
0.3188777778326263,0.3188671593126732,0.28845735083262286,161.625
0.31889896080475905,0.31888834161436713,0.28846576360883674,161.66666666666666
0.3189180035558379,0.3189073837488483,0.2884721496234873,161.70833333333334
0.31893300726478263,0.31892238695874864,0.2884747947608066,161.75
0.31894244925803855,0.3189318286294648,0.2884723361113905,161.79166666666666
0.31894529760967183,0.31893467692926425,0.28846386059128737,161.83333333333334
0.31894105985743926,0.31893043955205846,0.2884489475426986,161.875
0.31892977033949527,0.31891915112460884,0.2884276554285856,161.91666666666666
0.3189119319903289,0.3189013138742422,0.28840046599891883,161.95833333333334
0.3188884324222522,0.3188778152048389,0.2883682075510863,162.0
0.31886045141963393,0.3188498351580192,0.28833196996532484,162.04166666666666
0.3188293730285291,0.3188187578332652,0.2882930220359752,162.08333333333334
0.3187967078757324,0.3187860926552531,0.28825273974105897,162.125
0.3187640259166357,0.3187534095516364,0.2882125471673382,162.16666666666666
0.3187328953114816,0.31872227982389345,0.28817386135177325,162.20833333333334
0.318704821967256,0.3186942074153224,0.2881380340818908,162.25
0.31868118239975896,0.31867056868903154,0.28810628776915576,162.29166666666666
0.3186631471157019,0.3186525340649067,0.28807966191996026,162.33333333333334
0.31865159364151946,0.3186409810366824,0.2880589253555473,162.375
0.31864701550278307,0.31863640309841623,0.28804449824586986,162.41666666666666
0.3186494393910372,0.3186388269514711,0.288036378860409,162.45833333333334
0.3186583681265875,0.31864775543192264,0.28803409367530663,162.5
0.3186727689299621,0.3186621556432134,0.28803668818363765,162.54166666666666
0.318691121897023,0.3186805076729551,0.2880427721709604,162.58333333333334
0.3187115339009637,0.31870091878615986,0.2880506240196576,162.625
0.318731909946244,0.31872129006699973,0.2880583435374809,162.66666666666666
0.31875015600156625,0.31873953532214583,0.2880640444187589,162.70833333333334
0.31876438184637484,0.31875376069615663,0.2880660246369858,162.75
0.3187730717523127,0.31876245036327244,0.2880629289588332,162.79166666666666
0.3187751985320112,0.31876457703350075,0.2880538493704266,162.83333333333334
0.3187702718576943,0.3187596505633871,0.2880383675724131,162.875
0.31875832597896175,0.3187477050921134,0.28801654139464355,162.91666666666666
0.3187398615953549,0.3187292413001323,0.28798885090248294,162.95833333333334
0.3187157622416615,0.31870514277029494,0.2879561196964237,163.0
0.31868720238314546,0.318676584113006,0.2879194316368029,163.04166666666666
0.31865555978294613,0.3186449427795329,0.28788004898793107,163.08333333333334
0.31862233823501834,0.3186117223301993,0.28783934198602956,163.125
0.3185891005273107,0.3185784847568745,0.2877987233345527,163.16666666666666
0.31855740778428815,0.31854679318228735,0.28775960424231134,163.20833333333334
0.3185287591504532,0.3185181454568708,0.28772332637564524,163.25
0.31850452483587516,0.3184939118976369,0.2876911110017539,163.29166666666666
0.3184858699058698,0.3184752576486829,0.28766398914475844,163.33333333333334
0.3184736680176583,0.3184630562280994,0.287642725364592,163.375
0.3184684104539716,0.3184577988912025,0.2876277374546777,163.41666666666666
0.31847012377635375,0.3184595122053545,0.28761902359067903,163.45833333333334
0.3184783130448742,0.3184677010429153,0.2876161127089882,163.5
0.3184919502479504,0.3184813375654956,0.2876180553838675,163.54166666666666
0.3185095223853574,0.31849890857940594,0.28762346789341836,163.58333333333334
0.31852914435363316,0.318518529935723,0.287630640282615,163.625
0.31854873125574557,0.3185381161835691,0.28763768288137326,163.66666666666666
0.31856619831044786,0.3185555826691267,0.2876427157647258,163.70833333333334
0.3185796639056034,0.31856904782398765,0.2876440482292036,163.75
0.31858761916949696,0.31857700290160734,0.287640332541593,163.79166666666666
0.31858904152981044,0.31857842531322533,0.28763066559320954,163.83333333333334
0.31858344300290453,0.3185728269206309,0.2876146313246471,163.875
0.3185708576326019,0.3185602421080616,0.2875922874644892,163.91666666666666
0.31855178382468147,0.3185411691734528,0.28756411142302746,163.95833333333334
0.3185271011747309,0.3185164875114376,0.2875309230548748,164.0
0.31849797881027014,0.3184873655985416,0.28749380230901705,164.04166666666666
0.3184657882735332,0.3184551761128061,0.28745400056713305,164.08333333333334
0.31843202653541836,0.3184214140117479,0.28741288154860195,164.125
0.31839824937129757,0.31838763810925347,0.2873718541608187,164.16666666666666
0.3183660107728783,0.31835539800818263,0.2873323171731833,164.20833333333334
0.3183368033426036,0.3183261915406423,0.2872956070851819,164.25
0.3183119905697529,0.31830137970576156,0.2872629384009978,164.29166666666666
0.31829273266800945,0.3182821225059208,0.2872353364850089,164.33333333333334
0.31827989924028155,0.31826928956965733,0.28721356169079976,164.375
0.31827397934337165,0.3182633699262477,0.2871980294573584,164.41666666666666
0.31827499941259985,0.3182643900087985,0.28718873786198323,164.45833333333334
0.31828246673611926,0.3182718571234785,0.28718521828784926,164.5
0.31829535772481327,0.31828474761267644,0.2871865263466543,164.54166666666666
0.31831216637487253,0.3183015558458812,0.28719128733155147,164.58333333333334
0.31833101657197593,0.31832040520070565,0.28719779676435864,164.625
0.31834983220317625,0.31833922035197254,0.2872041727741303,164.66666666666666
0.318366538108735,0.3183559257137298,0.287208554777031,164.70833333333334
0.31837926118247084,0.3183686483652166,0.287209256794546,164.75
0.3183864993684026,0.318375886303177,0.2872049381695374,164.79166666666666
0.31838723476044734,0.31837662167506386,0.2871947009486057,164.83333333333334
0.3183809815004077,0.3183703686745568,0.28717813106675577,164.875
0.3183677735458729,0.31835716116483753,0.287155285894772,164.91666666666666
0.3183481070848038,0.3183374953397753,0.28712664077156624,164.95833333333334
0.3183228576704664,0.31831224674804715,0.2870930111819366,165.0
0.3182931891978946,0.3182825792175194,0.2870554715072155,165.04166666666666
0.31826046701213495,0.318249861924699,0.2870152659310964,165.08333333333334
0.31822618134466474,0.318215581529186,0.2869737509679299,165.125
0.3181918809155033,0.3181812853781611,0.2869323281834877,165.16666666666666
0.3181591127407482,0.3181485176729936,0.28689239008121925,165.20833333333334
0.31812936264276376,0.3181187681163687,0.28685526350406493,165.25
0.3181039880431881,0.3180933944071149,0.2868221571721451,165.29166666666666
0.3180841438818639,0.3180735509644502,0.2867940910987678,165.33333333333334
0.3180706958399405,0.31806010343007085,0.28677182144004787,165.375
0.3180641307661491,0.3180535386183075,0.2867557613029626,165.41666666666666
0.31806447497080276,0.3180538827920604,0.28674590866177374,165.45833333333334
0.3180712379562974,0.31806064545413515,0.286741797336179,165.5
0.31808340073158625,0.31807280781367847,0.28674248791182877,165.54166666666666
0.31809946406322565,0.3180888698930833,0.2867466122867503,165.58333333333334
0.3181175603112062,0.3181069658274379,0.28675247668232284,165.625
0.31813562269903173,0.31812502759342925,0.2867582134212964,165.66666666666666
0.31815158541465055,0.3181409898044808,0.28676196239279667,165.70833333333334
0.31816358379139403,0.3181529877806455,0.2867620511146632,165.75
0.3181701225458172,0.31815952636750006,0.2867571464312452,165.79166666666666
0.3181701883279156,0.31815959225048723,0.2867463551636944,165.83333333333334
0.31816329756360434,0.3181527018207292,0.2867292657904407,165.875
0.3181494839968997,0.3181388885580966,0.28670593583068515,165.91666666666666
0.31812924156507677,0.31811864680154717,0.28667683736055627,165.95833333333334
0.31810344195010476,0.31809284806096183,0.28664278199439586,166.0
0.3180732437699633,0.3180626509381812,0.28660483990852464,166.04166666666666
0.3180400062369492,0.31802941341412183,0.2865642483911712,166.08333333333334
0.3180052128564998,0.31799462073178586,0.2865223522631058,166.125
0.3179704054242724,0.31795981460356043,0.2864805486028247,166.16666666666666
0.317937123967448,0.31792653544599386,0.2864402219691086,166.20833333333334
0.31790684767206884,0.31789626068757176,0.28640269397232987,166.25
0.3178809277896861,0.31787034171448186,0.2863691656056967,166.29166666666666
0.3178605141074587,0.3178499287671238,0.28634065120046676,166.33333333333334
0.3178464684161322,0.3178358836001003,0.2863179027771705,166.375
0.31783927537513385,0.3178286908413395,0.2863013311208263,166.41666666666666
0.31783896117269916,0.31782837668325425,0.2862909340984157,166.45833333333334
0.3178450375085094,0.3178344528233785,0.28628624790279644,166.5
0.3178564899614733,0.3178459048708689,0.28628633828430644,166.54166666666666
0.317871826025122,0.3178612401566255,0.28628984445083433,166.58333333333334
0.317889186438022,0.31787859624298964,0.2862950813322785,166.625
0.3179065137000796,0.3178959172077098,0.2863001865916212,166.66666666666666
0.3179217512745304,0.3179111540275495,0.28630331947512166,166.70833333333334
0.3179330424855253,0.3179224453173433,0.28630281224827536,166.75
0.31793889960814553,0.317928301508531,0.28629733868856205,166.79166666666666
0.31793831328325106,0.3179277153816541,0.2862860103254966,166.83333333333334
0.31793080225078985,0.31792020469938065,0.28626841815485976,166.875
0.3179164000200798,0.31790580283216113,0.2862446192637475,166.91666666666666
0.31789559843217424,0.3178850019145843,0.28621508370086485,166.95833333333334
0.3178692651699477,0.31785866951146463,0.28618061842978265,167.0
0.3178385536646975,0.31782795899708516,0.2861422842122835,167.04166666666666
0.31780481709195135,0.31779422404847024,0.286101316206876,167.08333333333334
0.31776953226951504,0.31775893888217893,0.28605905940757775,167.125
0.3177342340212638,0.3177236419451653,0.28601689164680044,167.16666666666666
0.31770045541612096,0.3176898619555259,0.28597619106006295,167.20833333333334
0.3176696697583753,0.3176590768303095,0.2859382773566311,167.25
0.31764322114194504,0.31763262918384993,0.28590434258400066,167.29166666666666
0.3176222546936113,0.317611663492226,0.28587539572759135,167.33333333333334
0.3176076283462534,0.31759703769266034,0.2858521846887433,167.375
0.31759982458971026,0.3175892342557343,0.28583511797611405,167.41666666666666
0.3175988694931592,0.31758827923803623,0.2858241934173799,167.45833333333334
0.31760427693492066,0.3175936865361832,0.28581894963897175,167.5
0.3176150370385897,0.3176044462916272,0.28581845678690626,167.54166666666666
0.31762966398329945,0.317619072433519,0.2858213614496611,167.58333333333334
0.3176463067664784,0.3176357147032963,0.28582598877684146,167.625
0.31766291710847055,0.31765232452394815,0.2858304896584284,167.66666666666666
0.3176774476737279,0.3176668546394277,0.28583302443375874,167.70833333333334
0.3176880504730187,0.3176774570820289,0.28583193847146576,167.75
0.31769324359911433,0.3176826500222299,0.2858259129548682,167.79166666666666
0.3176920228034431,0.31768142932917903,0.2858140643863963,167.83333333333334
0.3176839087594409,0.31767331556083317,0.2857959858154332,167.875
0.3176689349595622,0.31765834239491614,0.28577173434606024,167.91666666666666
0.3176475909651157,0.31763699900334696,0.285741777271046,167.95833333333334
0.3176207406060096,0.3176101495329098,0.2857069176476829,168.0
0.31758953219450725,0.3175789421317738,0.28566821055440894,168.04166666666666
0.3175553127972656,0.31754472740531026,0.2856268880002278,168.08333333333334
0.31751955267141757,0.31750897414520246,0.28558427752082216,168.125
0.3174837798239999,0.3174732020277473,0.28554175852190405,168.16666666666666
0.3174495206157878,0.3174389440492448,0.2855007036683264,168.20833333333334
0.3174182407130284,0.3174076633411194,0.2854624168061813,168.25
0.31739127990348986,0.31738070353670184,0.2854280911220834,168.29166666666666
0.3173697774498121,0.31735920185309296,0.2853987275567552,168.33333333333334
0.3173545874578896,0.3173440124254156,0.285375069939254,168.375
0.3173461902686999,0.31733561557431167,0.2853575245059397,168.41666666666666
0.3173446118343873,0.31733403723821946,0.2853460890073608,168.45833333333334
0.31734936819555676,0.3173387934822579,0.2853403044391501,168.5
0.3173594540058245,0.3173488789147994,0.28533924608253874,168.54166666666666
0.31737339007983295,0.3173628141216749,0.2853415680826143,168.58333333333334
0.3173893334521409,0.31737875679867944,0.28534560246777885,168.625
0.31740524516869995,0.31739466798836524,0.2853495120183108,168.66666666666666
0.3174190869376208,0.3174085093016367,0.28535146580897913,168.70833333333334
0.3174290189966088,0.3174184410280451,0.28534981837888634,168.75
0.3174335660882895,0.3174229879827992,0.285343258226058,168.79166666666666
0.31743172830877525,0.317421150352357,0.285330906370184,168.83333333333334
0.317423028570649,0.3174124508490414,0.28531235786208653,168.875
0.31740750021166697,0.31739692309137335,0.2852876695123054,168.91666666666666
0.31738563056869973,0.3173750541385976,0.2852573068155215,168.95833333333334
0.31735827966871194,0.3173477041589959,0.2852220680810534,169.0
0.3173265907076184,0.3173160163559453,0.2851830028932303,169.04166666666666
0.31729190475593,0.3172813318875006,0.28514133465129965,169.08333333333334
0.3172556855511534,0.31724511371577957,0.28509838903450874,169.125
0.3172194542923782,0.3172088838216453,0.2850555369543431,169.16666666666666
0.3171847305661351,0.3171741612395734,0.28501414015913795,169.20833333333334
0.3171529735517641,0.31714240526267684,0.2849755004242447,169.25
0.31712551714715026,0.3171149498075022,0.2849407993023225,169.29166666666666
0.31710349544505284,0.31709292889245017,0.2849110347019225,169.33333333333334
0.3170877588279198,0.31707719285574215,0.28488694647325546,169.375
0.3170787855092933,0.31706821989252126,0.28486893862300733,169.41666666666666
0.31707660132642707,0.3170660358282561,0.28485700881920484,169.45833333333334
0.31708072446591634,0.3170701588665599,0.2848507004058337,169.5
0.3170901542026113,0.3170795880901851,0.28484909314798834,169.54166666666666
0.31710341770789735,0.3170928505873246,0.2848508480686949,169.58333333333334
0.3171186799343246,0.3171081122350738,0.28485430782698584,169.625
0.3171339113627145,0.31712333931676284,0.2848576428608552,169.66666666666666
0.3171470825953073,0.3171365093287963,0.2848590330953674,169.70833333333334
0.3171563620162282,0.31714578844572927,0.284856841413617,169.75
0.3171602809488232,0.3171497071420148,0.28484976300415366,169.79166666666666
0.3171578437933804,0.31714727014300276,0.284836923887592,169.83333333333334
0.3171485757010805,0.3171380023595258,0.28481792158921093,169.875
0.31713250974844664,0.3171219369795393,0.28479281278934104,169.91666666666666
0.3171101312285425,0.3170995591851949,0.2847620600204115,169.95833333333334
0.3170822963049562,0.3170717251583045,0.28472645801713325,170.0
0.317050143090364,0.31703957333185945,0.2846870508517446,170.04166666666666
0.3170150067966411,0.3170044370617368,0.28464505763751446,170.08333333333334
0.3169783446451049,0.3169677768368487,0.28460179690228826,170.125
0.3169416711032528,0.31693110464487884,0.28455862463630915,170.16666666666666
0.3169064989391601,0.31689593379020303,0.28451690184154127,170.20833333333334
0.31687428123414013,0.31686371807020636,0.28447792184778586,170.25
0.3168463458429603,0.3168357834333996,0.28444286057834123,170.29166666666666
0.3168238216357753,0.31681326002816984,0.28441271057545187,170.33333333333334
0.31680755541077493,0.3167969943980631,0.2843882076768187,170.375
0.31679802327661666,0.31678746262532276,0.28436975367628925,170.41666666666666
0.31679525095907135,0.3167846904387633,0.28435734615250075,170.45833333333334
0.3167987587715689,0.31678819786236034,0.28435053070794225,170.5
0.3168075503651627,0.31679698895646513,0.2843483923853688,170.54166666666666
0.31682015923121726,0.3168095970878542,0.2843495994236016,170.58333333333334
0.31683475903315933,0.3168241961741682,0.28435250121153277,170.625
0.3168493285560924,0.3168387653509381,0.2843552798792391,170.66666666666666
0.3168618475864508,0.31685128394549933,0.2843561238905117,170.70833333333334
0.3168704925321919,0.3168599285843803,0.2843534051165372,170.75
0.316873801222687,0.3168632370087036,0.2843458257488915,170.79166666666666
0.3168707823410692,0.31686021836409684,0.28433251624913725,170.83333333333334
0.31686096322974266,0.3168503994833184,0.28431307656811655,170.875
0.31684437661355414,0.316833813807043,0.2842875629426812,170.91666666666666
0.31682150598364844,0.3168109444708213,0.2842564358996243,170.95833333333334
0.3167932035344007,0.31678264311192833,0.28422048561424323,171.0
0.3167606023908423,0.31675004315330674,0.28418075068567294,171.04166666666666
0.31672503184011763,0.3167144738116324,0.2841384419154674,171.08333333333334
0.3166879428169899,0.3166773848750087,0.2840948706427601,171.125
0.31665084308679203,0.3166402843822449,0.2840513941620626,171.16666666666666
0.31661523887289883,0.3166046804911764,0.2840093598388689,171.20833333333334
0.31658257680604,0.31657202222242475,0.28397005490754085,171.25
0.3165541785181723,0.31654362492909754,0.28393464893623577,171.29166666666666
0.31653116852722857,0.3165206157561243,0.2839041292123972,171.33333333333334
0.3165143897004817,0.31650383754262845,0.28387922764083473,171.375
0.31650431606621626,0.3164937642953136,0.28386034381732866,171.41666666666666
0.3165009732368661,0.3164904216172099,0.28384747528342325,171.45833333333334
0.31650388363348,0.3164933319503455,0.28384017003731643,171.5
0.3165120552510247,0.3165015019270127,0.28383751774609334,171.54166666666666
0.3165240279328226,0.31651347415256414,0.28383819235357144,171.58333333333334
0.31653798348635104,0.3165274291491602,0.2838405541721031,171.625
0.31655190957012613,0.31654135484288803,0.28384278907339305,171.66666666666666
0.3165637947403504,0.31655323959207143,0.28384310421346753,171.70833333333334
0.31657182337221096,0.31656126776873383,0.2838398756514831,171.75
0.3165745396814319,0.3165639842290712,0.28383181226546994,171.79166666666666
0.3165709567356296,0.31656040150625275,0.28381804923487336,171.83333333333334
0.3165606039007267,0.31655004901385336,0.2837981884284628,171.875
0.3165435138467358,0.31653295963092476,0.2837722862102074,171.91666666666666
0.3165201677706068,0.31650961430185354,0.2837408006139472,171.95833333333334
0.31649141424650457,0.3164808615352173,0.28370451786920653,172.0
0.31645838144602023,0.3164478292727573,0.28366447127945926,172.04166666666666
0.316422392872776,0.3164118409220909,0.28362186631277714,172.08333333333334
0.31638489300358213,0.31637434233961576,0.2835780080988503,172.125
0.31634738309719396,0.316336831512882,0.28353424432348184,172.16666666666666
0.31631136281909994,0.31630081230147317,0.28349191813211033,172.20833333333334
0.3162782734129391,0.31626772280513854,0.28345230323764,172.25
0.31624942896355246,0.3162388793432409,0.28341656776840857,172.29166666666666
0.31622594987827146,0.31621540109091806,0.2833856937797156,172.33333333333334
0.316208675435374,0.316198127277778,0.28336040930730927,172.375
0.3161980776039845,0.3161875298460976,0.28334111179892685,172.41666666666666
0.31619418189613624,0.31618363430716,0.28332779872174835,172.45833333333334
0.316196512813029,0.31618596517902214,0.28332002033456755,172.5
0.31620408272225564,0.3161935345527941,0.28331687093739877,172.54166666666666
0.3162154378207107,0.31620488941315866,0.28331703253849805,172.58333333333334
0.31622876763245006,0.3162182185731834,0.2833188722707544,172.625
0.3162420687351735,0.3162315131963909,0.2833205899711357,172.66666666666666
0.31625333838432224,0.31624278219373847,0.28332039391485975,172.70833333333334
0.3162607688887036,0.316250212445529,0.2833166727206861,172.75
0.31626291074930696,0.3162523542220125,0.28330814208580335,172.79166666666666
0.31625878138534846,0.3162482250275422,0.2832939419453836,172.83333333333334
0.31624791212761055,0.3162373561540863,0.28327367641776524,172.875
0.3162303356198433,0.3162197802584285,0.2832474010354522,172.91666666666666
0.3162065307834941,0.31619597619677,0.2832155719775579,172.95833333333334
0.31617734259757163,0.31616678895137723,0.2831789712923254,173.0
0.3161438943092958,0.31613334173249735,0.2831386270132567,173.04166666666666
0.3161075036998372,0.31609695276538274,0.28309573607474886,173.08333333333334
0.31606960897956193,0.3160590594373525,0.2830515986296828,173.125
0.3160317048729667,0.31602115478965404,0.2830075569064912,173.16666666666666
0.31599528448870734,0.3159847357909612,0.28296494415234524,173.20833333333334
0.3159617820152891,0.3159512342567561,0.2829250341838923,173.25
0.31593250764668124,0.3159219609421153,0.2828889843375956,173.29166666666666
0.31590857611778467,0.31589803026203894,0.282857771536426,173.33333333333334
0.31589082301558213,0.31588027780500383,0.2828321199554706,173.375
0.3158797182762804,0.3158691734904949,0.2828124248986557,173.41666666666666
0.31587528731023734,0.3158647427139451,0.28279868374274614,173.45833333333334
0.31587705668154725,0.3158665119367954,0.2827904491517114,173.5
0.31588404281905497,0.3158734978217863,0.2827868199560219,173.54166666666666
0.3158947985932548,0.31588425126139036,0.2827864845570908,173.58333333333334
0.3159075212855215,0.3158969738207369,0.2827878156970009,173.625
0.3159202159231958,0.31590966790967945,0.28278902386071775,173.66666666666666
0.31593088848050105,0.31592034013499326,0.2827883335215741,173.70833333333334
0.3159377390769828,0.315927190493468,0.28278413679520115,173.75
0.31593932443357886,0.3159287757472278,0.28277515591300395,173.79166666666666
0.31593466629269207,0.3159241178005288,0.2827605351421435,173.83333333333334
0.31592329790481366,0.3159127498222671,0.28273988065514155,173.875
0.3159052518513236,0.3158947043580481,0.28271324816273813,173.91666666666666
0.3158810048924395,0.31587045818758214,0.28268109125166024,173.95833333333334
0.3158513984005961,0.3158408525074108,0.28264418804149877,174.0
0.3158175507984305,0.31580700631826775,0.28260356128906666,174.04166666666666
0.31578077412623906,0.31577023138132904,0.28256040316687403,174.08333333333334
0.3157425004298793,0.3157319574686596,0.28251600457600784,174.125
0.3157042180232902,0.31569367651904934,0.28247170209337774,174.16666666666666
0.3156674136555017,0.31565687094577244,0.2824288232134659,174.20833333333334
0.315633515055488,0.3156229736854161,0.28238863370366984,174.25
0.31560382731323366,0.3155932868224152,0.2823522845374559,174.29166666666666
0.3155794599438617,0.3155689203132562,0.28232074824761033,174.33333333333334
0.3155612451015098,0.3155507061245526,0.28229474521713127,174.375
0.3155496507151638,0.31553911206705576,0.28227466865167206,174.41666666666666
0.31554470209396684,0.31553416291495034,0.2822605159120252,174.45833333333334
0.3155459278394647,0.31553538847347823,0.28225184174990087,174.5
0.31555234878521105,0.31554180861051745,0.2822477497577923,174.54166666666666
0.31556252369281373,0.3155519822861112,0.2822469348630842,174.58333333333334
0.31557465768283477,0.31556411609003665,0.28224777823822045,174.625
0.3155867643407915,0.31557622216597153,0.2822485001523808,174.66666666666666
0.31559685822906586,0.31558631571988166,0.28224733307019445,174.70833333333334
0.3156031471330864,0.3155926043943113,0.28224267782284046,174.75
0.31560419401892953,0.31559365132050266,0.28223326335566923,174.79166666666666
0.31559902464167333,0.3155884825581317,0.28221823825377096,174.83333333333334
0.31558717442158035,0.3155766327920906,0.28219721096954653,174.875
0.3155686755645352,0.31555813454239506,0.2821702368866755,174.91666666666666
0.3155440030796108,0.3155334628245603,0.28213776736381274,174.95833333333334
0.3155139945734112,0.31550345506854643,0.2821005766339253,175.0
0.3154797636850752,0.31546922561710167,0.2820596821814894,175.04166666666666
0.31544261687839914,0.31543208054658833,0.2820162690614826,175.08333333333334
0.3154039800558699,0.31539344351939086,0.28197162417658334,175.125
0.3153653351711888,0.3153548000888693,0.2819270737969023,175.16666666666666
0.3153281626431318,0.3153176262456706,0.2818839411506591,175.20833333333334
0.31529388401600494,0.3152833490649124,0.2818434853273416,175.25
0.31526379886980593,0.31525326500695255,0.28180685170945846,175.29166666666666
0.31523901220755257,0.3152284792206452,0.28177500709987474,175.33333333333334
0.31522035249889013,0.3152098201859431,0.28174866813348753,175.375
0.31520828569319304,0.3151977538341596,0.2817282259350046,175.41666666666666
0.3152028369955289,0.31519230536367404,0.28171367777397793,175.45833333333334
0.31520353706376747,0.3151930053050806,0.28170458076158883,175.5
0.31520941072674225,0.3151988786844913,0.2817000424047365,175.54166666666666
0.31521902292388904,0.31520849001977247,0.28169876470895566,175.58333333333334
0.31523058661072123,0.31522005367342654,0.28169914108998745,175.625
0.3152421237938585,0.31523159045268095,0.28169939808117794,175.66666666666666
0.3152516573719563,0.3152411237344125,0.28169777153582104,175.70833333333334
0.315257402764073,0.3152468689219507,0.2816926747767987,175.75
0.3152579289226401,0.31524739536190144,0.28168284329486115,175.79166666666666
0.3152522660257724,0.3152417330081018,0.28166743031338437,175.83333333333334
0.315239951142408,0.3152294186129638,0.28164604604063675,175.875
0.31522101658741764,0.3152104845567074,0.28161874595920516,175.91666666666666
0.3151959350746183,0.31518540382689875,0.28158597895074083,175.95833333333334
0.3151655407817304,0.3151550105363532,0.28154851567236366,176.0
0.3151309426212162,0.31512041375683764,0.281507368690247,176.04166666666666
0.31509344148646024,0.3150829140575077,0.28146371627464,176.08333333333334
0.31505445727246195,0.3150439311137494,0.2814188390425055,176.125
0.31501546550159687,0.3150049386601657,0.28137405681864386,176.16666666666666
0.31497794074597896,0.31496741503970327,0.2813306860050115,176.20833333333334
0.31494329807319305,0.3149327706431376,0.281289979172992,176.25
0.31491283187813723,0.31490230550118137,0.2812530758942116,176.29166666666666
0.31488764240846057,0.31487711692024034,0.2812209380491424,176.33333333333334
0.3148685546546704,0.31485802985360317,0.2811942785854465,176.375
0.3148560326107519,0.3148455082703828,0.2811734865845379,176.41666666666666
0.3148501013954604,0.3148395772239014,0.2811585593050595,176.45833333333334
0.31485029361691236,0.31483976932708324,0.28114905590498224,176.5
0.3148556382175371,0.3148451137318682,0.28114408895123055,176.54166666666666
0.31486470645435066,0.31485417969214063,0.2811423665686467,176.58333333333334
0.3148757185224029,0.3148651916790502,0.2811422891977669,176.625
0.3148867047626889,0.31487617741822665,0.28114209045798944,176.66666666666666
0.3148956964484906,0.3148851688226342,0.2811400203047663,176.70833333333334
0.31490091651960833,0.31489038870657693,0.28113449884274494,176.75
0.3149009399483139,0.3148904121150786,0.2811242670011324,176.79166666666666
0.3148948009841969,0.3148842733607916,0.2811084824340596,176.83333333333334
0.31488203863076786,0.3148715114148574,0.2810867573234996,176.875
0.3148626850534718,0.3148521585882697,0.2810591464135925,176.91666666666666
0.31483721096939415,0.31482668523503093,0.28102609696273895,176.95833333333334
0.31480644703797495,0.3147959223096441,0.28098837606645927,177.0
0.314771497504951,0.3147609739095781,0.28094698980784405,177.04166666666666
0.3147336577954192,0.3147231347431546,0.28090311305608817,177.08333333333334
0.3146943418420727,0.31468382017096175,0.28085801816712314,177.125
0.3146550189869387,0.3146444965965627,0.28081301968378636,177.16666666666666
0.3146171575994525,0.3146066362425,0.2807694252273365,177.20833333333334
0.31458216696558755,0.31457164677039284,0.2807284819474342,177.25
0.31455133583467176,0.31454081674373435,0.2806913236509826,177.29166666666666
0.31452575997342036,0.314515241783121,0.2806589075036402,177.33333333333334
0.31450626093500406,0.3144957434447027,0.28063194284480797,177.375
0.31449330078720145,0.31448278377971667,0.28061081674628746,177.41666666666666
0.31448690455705774,0.31447638780077786,0.28059552639594904,177.45833333333334
0.31448660681833496,0.3144760899936789,0.2805856330393783,177.5
0.3144914405772525,0.3144809235692371,0.28058025372461126,177.54166666666666
0.3144999830546959,0.31448946442239045,0.2805781026629384,177.58333333333334
0.31451046189819865,0.31449994321628133,0.28057758962471974,177.625
0.3145209156618432,0.3145103965389107,0.28057695900942103,177.66666666666666
0.3145293838223536,0.31451886446722227,0.2805744643864462,177.70833333333334
0.3145340967284396,0.3145235771989269,0.2805685350631864,177.75
0.3145336352850396,0.3145231157918728,0.2805579192970475,177.79166666666666
0.3145270377529601,0.3145165187468984,0.2805417789086701,177.83333333333334
0.31451384504538227,0.31450332667694464,0.28051972813657916,177.875
0.31449408918526284,0.3144835712882479,0.2804918220401165,177.91666666666666
0.3144682389063569,0.3144577217790925,0.280458505557629,177.95833333333334
0.3144371214039063,0.31442660532532557,0.2804205406523995,178.0
0.31440183631818813,0.3143913214899197,0.2803789306323487,178.04166666666666
0.31436367368043205,0.31435316213646464,0.28033484264590136,178.08333333333334
0.3143240415458023,0.3143135313606581,0.2802895421600102,178.125
0.3142844032846171,0.3142738922667768,0.28024433989032893,178.16666666666666
0.31424622078455067,0.31423571093293595,0.280200534942649,178.20833333333334
0.31421089774407324,0.314200389192026,0.28015936917907314,178.25
0.31417971781499515,0.31416921027432226,0.28012197043654347,178.29166666666666
0.3141537719022009,0.3141432652726314,0.2800892909316459,178.33333333333334
0.3141338782727147,0.3141233723545588,0.2800620363811808,178.375
0.3141204970965032,0.3141099916735512,0.2800405918659961,178.41666666666666
0.31411365331107444,0.3141031481535912,0.28002495455831866,178.45833333333334
0.3141128834265938,0.3141023782255823,0.2800146879103635,178.5
0.31411722463568187,0.31410671909747767,0.2800089131904545,178.54166666666666
0.31412525976777184,0.3141147544062801,0.28000635180256406,178.58333333333334
0.3141352238567842,0.31412471838959166,0.2800054193066183,178.625
0.31414516358890027,0.31413465755438913,0.28000436532836315,178.66666666666666
0.31415312658744216,0.3141426203101741,0.28000146194337283,178.70833333333334
0.31415735046023485,0.3141468440495125,0.2799951414997508,178.75
0.31415642203981914,0.31414591556099136,0.2799841583771563,178.79166666666666
0.3141493832987745,0.31413887715115296,0.27996767845292503,178.83333333333334
0.31413577732072295,0.314125271582408,0.27994531805698697,178.875
0.3141156357043454,0.314105130869798,0.2799171319758698,178.91666666666666
0.3140894255427396,0.31407892144896904,0.27988356306951007,178.95833333333334
0.31405797044616857,0.3140474673800101,0.27984536966643275,179.0
0.3140223655234735,0.3140118636191674,0.2798035492586802,179.04166666666666
0.31398389551767836,0.31397339415839015,0.2797592633865619,179.08333333333334
0.3139439626620275,0.3139334626904127,0.27971377349798643,179.125
0.31390402431302245,0.3138935234388677,0.2796683815400739,179.16666666666666
0.3138655363709074,0.3138550366886464,0.2796243808293648,179.20833333333334
0.3138298968467618,0.3138193983757226,0.2795830068946397,179.25
0.3137983838526873,0.3137878865195509,0.2795453821962891,179.29166666666666
0.3137720841459754,0.31376158773417123,0.2795124541262548,179.33333333333334
0.31375181254532153,0.31374131685613715,0.2794849248601249,179.375
0.313738027353071,0.3137275321686059,0.27946317752019134,179.41666666666666
0.3137307534160606,0.3137202585114419,0.27944720918731436,179.45833333333334
0.31372952917073743,0.3137190343229991,0.27943658540336147,179.5
0.3137333957029969,0.3137229005729349,0.27943043194643663,179.54166666666666
0.31374094154714527,0.3137304441973302,0.27942747435711957,179.58333333333334
0.3137504092398955,0.3137399114113128,0.27942613997524,179.625
0.31375985337120116,0.3137493552650669,0.27942469034689554,179.66666666666666
0.3137673294826995,0.31375683114141495,0.2794213956102424,179.70833333333334
0.3137710823845918,0.31376058390146144,0.27941470074385133,179.75
0.3137697046527179,0.31375920613238945,0.2794033664837599,179.79166666666666
0.3137622422020094,0.31375174401436084,0.27938656294450825,179.83333333333334
0.3137482399043915,0.313737742150297,0.2793639083460021,179.875
0.3137277293348725,0.31371723241386973,0.27933545721839687,179.91666666666666
0.3137011754697194,0.31369067931894734,0.27930164966789944,179.95833333333334
0.31366939866766513,0.313658903552629,0.2792632415447585,180.0
0.31363348953086334,0.3136229956004834,0.27922122914763836,180.04166666666666
0.313594727590654,0.3135842342351251,0.27917676119586476,180.08333333333334
0.31355450935792484,0.313544017404949,0.27913109518340723,180.125
0.3135142862677868,0.3135037934762852,0.2790855271582541,180.16666666666666
0.3134755082951882,0.3134650166894186,0.2790413444569192,180.20833333333334
0.3134395682358104,0.313429077409753,0.278999776500574,180.25
0.31340773817585366,0.3133972484120938,0.2789619401291981,180.29166666666666
0.3133811008445019,0.313370612012957,0.2789287781008738,180.33333333333334
0.3133604678129151,0.313349979715145,0.2789009890995367,180.375
0.3133462955430037,0.31333580796023264,0.2788789543315293,180.41666666666666
0.31333860880361203,0.3133281215080548,0.2788626708847506,180.45833333333334
0.3133369479014335,0.3133264606805157,0.27885170639274914,180.5
0.3133403578978981,0.31332986921338174,0.2788451906995746,180.54166666666666
0.31334743309092855,0.3133369442331029,0.27884185718679005,180.58333333333334
0.31335642289668914,0.313345933500054,0.27884013771893207,180.625
0.31336538983414,0.31335490013306366,0.27883830392962916,180.66666666666666
0.3133723973561338,0.31336190739168035,0.2788346343255636,180.70833333333334
0.31337569733989756,0.31336520724284334,0.278827581538429,180.75
0.3133738879719363,0.3133633979294913,0.2788159124127238,180.79166666666666
0.3133660192065384,0.31335552939720446,0.27879880105326443,180.83333333333334
0.3133516375057903,0.313341148418801,0.2787758675699381,180.875
0.31333077445535396,0.3133202865571465,0.27874716636455116,180.91666666666666
0.3133038930264218,0.3132934058381445,0.2787131355890627,180.95833333333334
0.3132718103025862,0.3132613241943759,0.2786745272597115,181.0
0.3132356125067233,0.3132251275514612,0.27863232933860915,181.04166666666666
0.31319657395549466,0.31318609044214596,0.2785876913764234,181.08333333333334
0.31315608557773705,0.313145606078426,0.27854186271824055,181.125
0.31311559296682645,0.31310511543251984,0.27849613082038077,181.16666666666666
0.3130765402790337,0.3130660640947327,0.27845177993411,181.20833333333334
0.3130403146785469,0.31302983964690445,0.27841003177432555,181.25
0.31300818327675006,0.3129977093044928,0.27837199787045996,181.29166666666666
0.3129812243965683,0.31297075136185476,0.2783386163464321,181.33333333333334
0.3129602463883886,0.31294977409228913,0.2783105824611001,181.375
0.3129457039051345,0.31293523213017915,0.27828827552769514,181.41666666666666
0.3129376216357558,0.31292715010618827,0.2782716925910105,181.45833333333334
0.31293554174160426,0.31292507036097256,0.2782604033493401,181.5
0.3129385131834599,0.3129280408628527,0.27825354182437595,181.54166666666666
0.3129451357363899,0.3129346620562635,0.278249845802726,181.58333333333334
0.3129536658235121,0.31294319227942896,0.2782477580633839,181.625
0.312962173892091,0.31295169991292926,0.27824555687009295,181.66666666666666
0.3129687309995065,0.31295825683744527,0.27824152911429534,181.70833333333334
0.31297159602257324,0.31296112177564633,0.27823413485760595,181.75
0.312969372760002,0.31295889857424763,0.27822214688410896,181.79166666666666
0.3129611148089049,0.3129506409458581,0.2782047434130227,181.83333333333334
0.3129463705478562,0.3129358971580487,0.2781815464414798,181.875
0.3129251713788607,0.3129146988280475,0.27815261006616454,181.91666666666666
0.3128979783963201,0.3128875073739067,0.27811837024337366,181.95833333333334
0.31286560543161557,0.312855135624858,0.2780795756245517,182.0
0.31282913436788834,0.31281866534178976,0.27803721298442347,182.04166666666666
0.3127898344437472,0.31277936561213415,0.27799242001095475,182.08333333333334
0.3127490910381785,0.3127386296283274,0.2779464420412047,182.125
0.31270834403047565,0.31269788435327317,0.27790056274126956,182.16666666666666
0.3126690318427086,0.3126585737787149,0.2778560571527027,182.20833333333334
0.31263253753279574,0.3126220789949639,0.27781414128642196,182.25
0.3126001203748579,0.3125896629473169,0.2777759238827464,182.29166666666666
0.3125728559222482,0.3125623994409338,0.2777423372352616,182.33333333333334
0.3125515493005088,0.31254109356761417,0.2777140732366236,182.375
0.31253665338453546,0.31252619817173083,0.27769150932972747,182.41666666666666
0.3125281927864078,0.3125177378781678,0.27767464255732016,182.45833333333334
0.3125257115006677,0.3125152566879502,0.2776630446133855,182.5
0.3125282619974362,0.3125178070979096,0.27765585361785916,182.54166666666666
0.3125344500708656,0.3125239944396517,0.2776518150404474,182.58333333333334
0.31254253893415024,0.3125320832918462,0.27764937621489233,182.625
0.3125506064410197,0.3125401504753728,0.27764682430223375,182.66666666666666
0.31255673131936945,0.3125462751570313,0.2776424550074096,182.70833333333334
0.31255917930833205,0.3125487230414183,0.27763473567221103,182.75
0.3125565596458551,0.31254610345246064,0.2776224449722879,182.79166666666666
0.3125479297719715,0.31253747387668457,0.27760476491871167,182.83333333333334
0.3125328397091926,0.3125223842892554,0.2775813195734071,182.875
0.31251132072453847,0.31250086612707473,0.27755216261561805,182.91666666666666
0.3124838321254887,0.31247337831883826,0.27751772834123994,182.95833333333334
0.3124511844883631,0.31244073174289577,0.2774787613909116,183.0
0.3124144554384664,0.31240400388148193,0.2774362408986965,183.04166666666666
0.3123749092233315,0.3123644582711293,0.27739130606482504,183.08333333333334
0.31233392579084723,0.3123234762756778,0.27734519116267425,183.125
0.3122929393686868,0.3122824889739334,0.2772991746351349,183.16666666666666
0.31225338276551856,0.3122429336067958,0.27725452776030857,183.20833333333334
0.31221663184066656,0.31220618403638284,0.27721245908962583,183.25
0.31218394450102654,0.3121734979035293,0.2771740720643165,183.29166666666666
0.3121563903496609,0.31214594470643614,0.27714029453100075,183.33333333333334
0.3121347713815962,0.3121243264956825,0.27711181505326543,183.375
0.31211953872627435,0.3121090943693769,0.2770890092446888,183.41666666666666
0.3121107169148885,0.3121002728682088,0.27707187406416817,183.45833333333334
0.31210785176196476,0.31209740773700834,0.27705998310018853,183.5
0.3121099995235853,0.3120995553619612,0.277052478697231,183.54166666666666
0.31211577112927186,0.31210532647775957,0.27704811185269285,183.58333333333334
0.31212343682658605,0.3121129923235207,0.2770453376599347,183.625
0.31213108196650174,0.31212063712180843,0.27704244856013005,183.66666666666666
0.31213679271241546,0.31212634768040187,0.277037753976389,183.70833333333334
0.3121388415154753,0.31212839639037626,0.27702972573314066,183.75
0.31213584307543574,0.3121253979653364,0.2770171481338732,183.79166666666666
0.31212685828241543,0.3121164135413346,0.276999207115498,183.83333333333334
0.31211143908279104,0.3121009948184491,0.27697552838395495,183.875
0.3120896164991037,0.3120791731284447,0.27694616562090646,183.91666666666666
0.31206184808186316,0.31205140624731287,0.2769115507516929,183.95833333333334
0.3120289412372877,0.3120185006312229,0.27687242543846297,184.0
0.3119919693710744,0.31198152958568015,0.27682976723007074,184.04166666666666
0.3119521918799215,0.3119417522978588,0.27678470310296216,184.08333333333334
0.3119109833301333,0.3119005457662368,0.276738466704017,184.125
0.3118697723857402,0.3118593363622275,0.276692329610589,184.16666666666666
0.3118299862048592,0.3118195490592026,0.2766475547389283,184.20833333333334
0.31179299570117,0.311782559964093,0.27660534749638077,184.25
0.31176005384352506,0.31174961898935805,0.2765668046693222,184.29166666666666
0.31173222575761034,0.3117217918642614,0.27653285039457787,184.33333333333334
0.3117103106091159,0.31169987747764155,0.276504169980818,184.375
0.3116947578114695,0.3116843251684338,0.27648113724706913,184.41666666666666
0.31168559183007216,0.31167515894994186,0.27646374917341265,184.45833333333334
0.3116823602239547,0.3116719274109581,0.27645158140867715,184.5
0.3116841229524541,0.3116736899307544,0.2764437801060917,184.54166666666666
0.3116894964449148,0.31167906101289206,0.27643910246412495,184.58333333333334
0.31169675728939306,0.3116863214054304,0.2764360097794268,184.625
0.31170399824020417,0.311693562192752,0.27643280278646326,184.66666666666666
0.31170931288429815,0.3116988766477965,0.27642779897818576,184.70833333333334
0.31171098027340033,0.3117005439570677,0.2764194779699345,184.75
0.3117076203485654,0.3116971841889525,0.27640662914041436,184.79166666666666
0.3116982977731031,0.3116878619253222,0.2763884424079922,184.83333333333334
0.3116825659803705,0.31167213063368127,0.2763645452226533,184.875
0.31166045595420694,0.31165002143765025,0.27633499105094833,184.91666666666666
0.3116324234325186,0.3116219897157229,0.27630021022289825,184.95833333333334
0.3115992727197972,0.31158884007295823,0.2762609400553609,185.0
0.31156207311978523,0.31155164166367044,0.27621815091616747,185.04166666666666
0.31152207915930563,0.3115116489690537,0.27617297006608355,185.08333333333334
0.3114806601974602,0.3114702320919463,0.27612662397198656,185.125
0.31143923944874474,0.3114288122267784,0.276080377754334,185.16666666666666
0.31139923875970105,0.31138881295764276,0.2760354880851853,185.20833333333334
0.3113620234621192,0.31135159893308934,0.2759931554387162,185.25
0.31132884191072346,0.31131841851317554,0.27595447037221404,185.29166666666666
0.3113007555419849,0.311290333113371,0.2759203532870025,185.33333333333334
0.3112785602728598,0.3112681386176361,0.27589148627770327,185.375
0.31126270383561777,0.311252282726869,0.27586824140718247,185.41666666666666
0.31125321062136124,0.3112427898511887,0.2758506156271645,185.45833333333334
0.31124962994994093,0.311239209296651,0.27583818651886266,185.5
0.31125102531481,0.3112406045076493,0.27583010412501213,185.54166666666666
0.3112560182409615,0.31124559525714807,0.27582512979898743,185.58333333333334
0.3112628921728134,0.3112524688386558,0.2758217352255923,185.625
0.31126974702165827,0.3112593235610203,0.27581823083504314,185.66666666666666
0.3112746835034823,0.31126425985697,0.2758129353607749,185.70833333333334
0.31127598717877786,0.31126556346448947,0.27580433762331663,185.75
0.3112722832589029,0.3112618596208644,0.2757912334162491,185.79166666666666
0.31126263968373097,0.3112522164616331,0.2757728162591587,185.83333333333334
0.31124661178146273,0.31123618899875877,0.2757487153905168,185.875
0.31122423027169627,0.31121380836938756,0.2757189841092935,185.91666666666666
0.3111959492162103,0.3111855284600479,0.2756840510544341,185.95833333333334
0.3111625698492338,0.3111521503524217,0.27564464993503673,186.0
0.3111251574145701,0.3111147385952972,0.27560174578311075,186.04166666666666
0.3110849617540661,0.3110745433417751,0.27555646223589336,186.08333333333334
0.3110433470292102,0.31103293001065035,0.27551001958028354,186.125
0.3110017311097791,0.3109913134137146,0.2754636770458958,186.16666666666666
0.310961530494556,0.3109511140034803,0.2754186855952524,186.20833333333334
0.31092410588382396,0.3109136902197688,0.2753762401925707,186.25
0.31089070007547087,0.31088028557144176,0.2753374263844203,186.29166666666666
0.31086237095862135,0.3108519574314868,0.2753031603353175,186.33333333333334
0.3108399115189844,0.31082949877575927,0.27527412099522314,186.375
0.31082376783809335,0.31081335566010676,0.27525067869157144,186.41666666666666
0.310813964247067,0.3108035524148355,0.27523283036618046,186.45833333333334
0.3108100517495613,0.31079964005998645,0.2752201554846746,186.5
0.3108110974929827,0.3108006853661782,0.2752118079508408,186.54166666666666
0.31081572809934643,0.3108053149374691,0.2752065563218082,186.58333333333334
0.3108222331790502,0.31081181962785265,0.27520287609873617,186.625
0.31082871994164674,0.310818300968599,0.2751990817407966,186.66666666666666
0.3108332961346108,0.31082287678945103,0.27519350970092393,186.70833333333334
0.3108342537046084,0.31082383424039495,0.27518465110426094,186.75
0.31083022294748264,0.31081980343886656,0.2751713069418891,186.79166666666666
0.31082027526567513,0.3108098561521452,0.27515267441952546,186.83333333333334
0.3108039675975568,0.31079354898987305,0.2751283844881849,186.875
0.3107813305436445,0.31077091280826474,0.275098490236038,186.91666666666666
0.3107528164269246,0.3107423995189965,0.2750634183962909,186.95833333333334
0.31071922350069686,0.3107088076790397,0.27502389937947236,187.0
0.31068161304185377,0.31067119845019386,0.27498089387678043,187.04166666666666
0.3106412302502061,0.310630817294414,0.2749355204585655,187.08333333333334
0.31059943422767045,0.31058902249614334,0.27488899391046806,187.125
0.3105576375961073,0.31054722739303087,0.27484256776435384,187.16666666666666
0.31051725151828774,0.3105068438465779,0.2747974873285286,187.20833333333334
0.3104796315672663,0.3104692258191057,0.2747549421571796,187.25
0.3104460167449593,0.3104356119004389,0.2747160128765803,187.29166666666666
0.3104174602943715,0.3104070564314159,0.27468161149270454,187.33333333333334
0.31039475252021004,0.3103843494439485,0.2746524138654421,187.375
0.310378337888172,0.3103679353854336,0.27462878862879586,187.41666666666666
0.3103682406662279,0.3103578384692618,0.274610732701797,187.45833333333334
0.3103640135345004,0.3103536115375414,0.27459782743074096,187.5
0.31036472698984174,0.31035432435540106,0.27458923049092016,187.54166666666666
0.3103690129462949,0.310358609248827,0.27458371442013385,187.58333333333334
0.3103751672248554,0.31036476305765437,0.27457976459882105,187.625
0.310381303825332,0.31037089413762686,0.27457570668766573,187.66666666666666
0.3103855375373525,0.3103751274448555,0.2745698746469668,187.70833333333334
0.31038616652309037,0.31037575638103093,0.2745607709285208,187.75
0.3103818260162399,0.3103714159767322,0.2745472021284767,187.79166666666666
0.3103715910120239,0.31036118133497426,0.27452836919583035,187.83333333333334
0.3103550198160327,0.31034461075073755,0.2745039046362491,187.875
0.31033214300716455,0.3103217346609748,0.27447386144142455,187.91666666666666
0.3103034111789138,0.31029300373713076,0.2744386638406251,187.95833333333334
0.31026961966335737,0.3102592131266136,0.2743990399635562,188.0
0.3102318258580388,0.310221420025129,0.2743559463348589,188.04166666666666
0.31019127035751204,0.3101808661578253,0.2743104966017132,188.08333333333334
0.31014930736068036,0.31013890509319564,0.27426389895132486,188.125
0.3101073443466371,0.3100969462526923,0.2742174001328802,188.16666666666666
0.31006678746343536,0.31005639080186786,0.2741722433701428,188.20833333333334
0.3100289870302951,0.31001859165316015,0.2741296107093496,188.25
0.309995177658336,0.3099847834679661,0.27409057907463386,188.29166666666666
0.30996640916474544,0.30995601596405975,0.27405605583300446,188.33333333333334
0.3099434687746627,0.30993307637111533,0.27402671382753674,188.375
0.30992679937299367,0.309916407556745,0.2740029200102115,188.41666666666666
0.30991642516276174,0.30990603371549486,0.2739846713144842,188.45833333333334
0.3099119004705055,0.30990150911901965,0.2739715506488136,188.5
0.30991229921696245,0.30990190759332553,0.2739627199439755,188.54166666666666
0.30991625807654666,0.30990586549117066,0.2739569584184342,188.58333333333334
0.30992207924932813,0.3099116867531694,0.27395275512662254,188.625
0.3099278835415466,0.30991749061773716,0.27394843974230976,188.66666666666666
0.30993179247287356,0.3099213994169342,0.2739423630754596,188.70833333333334
0.30993211031883316,0.3099217172410051,0.2739330299142159,188.75
0.30992747719646213,0.30991708423395975,0.27391925132437095,188.79166666666666
0.30991697141981567,0.3099065788193073,0.27390023279817394,188.83333333333334
0.3099001528515286,0.3098897607198011,0.2738756080920854,188.875
0.3098770519264569,0.3098666606681485,0.2738454294958426,188.91666666666666
0.30984811759349334,0.3098377274570811,0.27381012008128464,188.95833333333334
0.30981414231513815,0.309803753426693,0.2737704048212436,189.0
0.30977617968376114,0.30976579322132425,0.2737272365028896,189.04166666666666
0.30973546582641714,0.3097250833518418,0.27368172237387495,189.08333333333334
0.3096933500663055,0.30968297306217407,0.27363506579310043,189.125
0.30965123486770046,0.30964086208714375,0.2735885098211112,189.16666666666666
0.30961052122389116,0.30960014935678504,0.2735432892384259,189.20833333333334
0.3095725548757907,0.30956218425984794,0.27350058317265646,189.25
0.3095385661398281,0.3095281965177506,0.2734614622281058,189.29166666666666
0.3095096007664233,0.30949923213438923,0.2734268305107611,189.33333333333334
0.3094864433582314,0.3094760755224579,0.2733973579227982,189.375
0.3094695352511677,0.3094591679940755,0.27337340980512204,189.41666666666666
0.30945890059582004,0.3094485337019311,0.27335498305098416,189.45833333333334
0.3094540953270807,0.30944372859905406,0.27334166264164794,189.5
0.30945419665624097,0.30944382975394724,0.273332613635251,189.54166666666666
0.3094578462699312,0.3094474789000015,0.27332662083611287,189.58333333333334
0.30946335220557103,0.30945298446076974,0.27332217990158675,189.625
0.3094688419225311,0.30945847398431264,0.27331763261866304,189.66666666666666
0.3094724436522458,0.3094620754488167,0.273311327509199,189.70833333333334
0.3094724676634542,0.309462099422004,0.273301780087257,189.75
0.3094675588930412,0.30945719078472766,0.2732878079831379,189.79166666666666
0.3094567988258075,0.3094464310428287,0.27326861840072875,189.83333333333334
0.3094397488947728,0.30942938190287733,0.2732438475303495,189.875
0.3094164394130567,0.30940607365910605,0.273213547649308,189.91666666666666
0.30938731766738936,0.30937695270095134,0.27317813968155136,189.95833333333334
0.3093531733221639,0.30934280931448693,0.2731383453842655,190.0
0.3093150562460822,0.30930469343906974,0.2730951131211868,190.04166666666666
0.30927419819238766,0.30926383702380617,0.2730495465806983,190.08333333333334
0.3092319437519982,0.30922158450300313,0.27300284324193586,190.125
0.3091896904376333,0.3091793352908871,0.27295623916164113,190.16666666666666
0.3091488344582745,0.3091384817297212,0.2729109671003522,190.20833333333334
0.3091107139689615,0.30910036593932705,0.2728682014404685,190.25
0.3090765603287297,0.3090662133375842,0.2728290039311384,190.29166666666666
0.3090474131099104,0.3090370671099643,0.27279427689380903,190.33333333333334
0.30902405415795275,0.30901370895819763,0.2727646873175962,190.375
0.3090069232958436,0.30899657869068525,0.2727405989483866,190.41666666666666
0.30899604461981983,0.30898570038918327,0.27272200866708013,190.45833333333334
0.30899097564271283,0.3089806315818233,0.27270850318131673,190.5
0.3089907968275667,0.30898045261895674,0.27269925118639604,190.54166666666666
0.30899415458869467,0.3089838099090311,0.27269304316454396,190.58333333333334
0.3089993628873616,0.3089890177849424,0.2726883802343967,190.625
0.3090045556947441,0.30899421041424235,0.2726836066957198,190.66666666666666
0.309007867749661,0.30899752231227046,0.27267708844353294,190.70833333333334
0.30900761518216235,0.3089972697015318,0.272667342491066,190.75
0.30900244768797214,0.3089921025410369,0.27265319091127244,190.79166666666666
0.30899144966263153,0.3089811052857784,0.2726338448832365,190.83333333333334
0.308974184301776,0.3089638405250632,0.2726089420229369,190.875
0.30895068151511584,0.3089403384905602,0.2725785343473227,190.91666666666666
0.30892138732979435,0.30891104520452123,0.27254304101382887,190.95833333333334
0.3088870884798983,0.3088767473539186,0.2725031804418796,191.0
0.30884883118981504,0.3088384912739787,0.27245989677716137,191.04166666666666
0.30880784298489167,0.30879750354097446,0.27241429025146013,191.08333333333334
0.30876546376736996,0.3087551244286467,0.2723675523161502,191.125
0.30872308622958705,0.30871274842778296,0.2723209157504237,191.16666666666666
0.30868210179005817,0.30867176639707,0.2722756043615573,191.20833333333334
0.3086438467937855,0.30863351330178057,0.27223278706908305,191.25
0.30860954271886876,0.30859921035547166,0.2721935257410105,191.29166666666666
0.3085802285552606,0.30856989718644345,0.27215871653712675,191.33333333333334
0.30855668340613823,0.30854635284145693,0.2721290235534387,191.375
0.3085393456166847,0.30852901565148344,0.272104808975093,191.41666666666666
0.30852823923201816,0.30851790964660064,0.2720860697003998,191.45833333333334
0.30852292330679126,0.3085125938981565,0.2720723942057044,191.5
0.30852248158448753,0.30851215182932085,0.2720629536599393,191.54166666666666
0.30852556521695074,0.3085152350644282,0.27205654548475156,191.58333333333334
0.3085304932595736,0.3085201633898782,0.2720516764495806,191.625
0.30853540674357144,0.30852507655814904,0.27204670287520144,191.66666666666666
0.30853844651179485,0.30852811623382304,0.2720399872635937,191.70833333333334
0.30853793433573895,0.30852760419579683,0.27203005790637735,191.75
0.30853252470231285,0.30852219469854314,0.2720157419291756,191.79166666666666
0.3085213051165183,0.30851097552874124,0.27199625416678613,191.83333333333334
0.3085038400592411,0.3084935109490263,0.2719712333494584,191.875
0.3084801592238614,0.30846983114173115,0.27194073115849826,191.91666666666666
0.30845070746230696,0.3084403802368961,0.2719051654052563,191.95833333333334
0.3084162685007746,0.3084059424106004,0.2718652517082861,192.0
0.3083778851174539,0.30836755970197377,0.2718219312395462,192.04166666666666
0.30833678057425973,0.30832645575861833,0.2717762985796647,192.08333333333334
0.30829429029594824,0.3082839669485264,0.2717295418294201,192.125
0.3082518023017008,0.308241478159695,0.2716828852635287,192.16666666666666
0.308210703254596,0.308200380395697,0.2716375461622558,192.20833333333334
0.30817232518100557,0.3081620032981961,0.27159469447103274,192.25
0.3081378851270889,0.3081275644207216,0.271555381838505,192.29166666666666
0.3081084187852196,0.3080980990795337,0.27152050331334765,192.33333333333334
0.308084702656944,0.3080743837620152,0.27149072021229137,192.375
0.3080671736454023,0.30805685535559807,0.2714663931935072,192.41666666666666
0.30805585574708916,0.30804553784334404,0.2714475191189242,192.45833333333334
0.3080503095265627,0.30803999174725105,0.27143368830680187,192.5
0.308049621840618,0.3080393036998114,0.2714240757131506,192.54166666666666
0.30805244835804063,0.3080421299767064,0.2714174817694072,192.58333333333334
0.3080571137677449,0.3080467952331734,0.2714124225351974,192.625
0.30806176535078966,0.30805144660864425,0.2714072590477094,192.66666666666666
0.30806455014968653,0.30805423127603215,0.27140036135737733,192.70833333333334
0.3080637954889644,0.3080534767649852,0.2713902636964812,192.75
0.30805816036542727,0.3080478418347222,0.2713757980740497,192.79166666666666
0.30804673535898497,0.30803641719460945,0.2713561822965384,192.83333333333334
0.3080290862634332,0.30801876865729777,0.2713310570283824,192.875
0.3080052429963682,0.307994926233173,0.27130047388903406,192.91666666666666
0.3079756482137792,0.30796533233135603,0.27126484858573763,192.95833333333334
0.30794108348807253,0.3079307687434154,0.27122489363366803,193.0
0.30790258797995707,0.30789227443505074,0.27118154523463006,193.04166666666666
0.3078613809216443,0.30785106867237305,0.27113589350016276,193.08333333333334
0.30781879327492095,0.30780848285912094,0.271089122263189,193.125
0.3077762084225473,0.3077658995006238,0.2710424525798986,193.16666666666666
0.307735008492261,0.3077247009558487,0.27099709657982296,193.20833333333334
0.3076965182064678,0.3076862145984453,0.2709542162700037,193.25
0.3076619564834531,0.3076516539511139,0.2709148648284369,193.29166666666666
0.3076323525937176,0.3076220510636946,0.2708799297827605,193.33333333333334
0.30760848057350815,0.3075981798564673,0.2708500698077766,193.375
0.3075907759199758,0.30758047580101505,0.2708256440627118,193.41666666666666
0.3075792625836182,0.30756896269726036,0.27080664941818344,193.45833333333334
0.3075735026078759,0.3075632028185729,0.27079267764649195,193.5
0.307572585756932,0.30756228581024037,0.270782907856751,193.54166666666666
0.30757517205573753,0.3075648705805893,0.27077614564534364,193.58333333333334
0.3075795923864783,0.3075692910131387,0.2707709107003909,193.625
0.30758399939065567,0.30757369771800447,0.27076556972855864,193.66666666666666
0.3075865464318337,0.3075762446643547,0.2707585049389653,193.70833333333334
0.3075855664112774,0.3075752646503905,0.2707482539089483,193.75
0.30757972233326325,0.3075694206933843,0.27073365321391063,193.79166666666666
0.3075681079269145,0.30755780669167343,0.2707139239068269,193.83333333333334
0.3075502903427149,0.3075399898771297,0.27068870796997857,193.875
0.30752629935824166,0.30751599957765485,0.270658057053998,193.91666666666666
0.3074965761819991,0.30748627732770883,0.27062238543983885,193.95833333333334
0.3074618997956638,0.30745160186884396,0.2705824020958509,194.0
0.30742330595960293,0.3074130096839065,0.27053903950549757,194.04166666666666
0.3073820099418352,0.30737171392757,0.2704933833635847,194.08333333333334
0.3073393383617844,0.3073290442790068,0.2704466127732569,194.125
0.3072966701138235,0.307286380500671,0.2703999443141388,194.16666666666666
0.30725538285938647,0.3072450918334309,0.270354586667672,194.20833333333334
0.3072167995524808,0.3072065101728833,0.27031169435749525,194.25
0.3071821300969095,0.3071718419241522,0.27027231616925446,194.29166666666666
0.3071524031499644,0.30714211598157926,0.2702373372238905,194.33333333333334
0.30712839019059984,0.30711810383785887,0.27020741343869853,194.375
0.30711052534633265,0.3071002396048024,0.2701829025247539,194.41666666666666
0.3070988325250608,0.30708854717700285,0.27016380137702634,194.45833333333334
0.3070928752107234,0.30708258999390725,0.2701497033374573,194.5
0.30709174606645306,0.30708146066862235,0.2701397910079044,194.54166666666666
0.30709410953976857,0.3070838242318416,0.2701328740934661,194.58333333333334
0.3070983018323371,0.3070880162053512,0.2701274792361448,194.625
0.30710248152470776,0.3070921957333545,0.27012198221457945,194.66666666666666
0.307104807872462,0.30709452165171147,0.27011476592466505,194.70833333333334
0.30710361904649197,0.30709333290681384,0.27010437638974577,194.75
0.3070975826853795,0.3070872965308304,0.2700896549717671,194.79166666666666
0.30708579467380687,0.30707550924803445,0.2700698260082605,194.83333333333334
0.3070678240213455,0.30705753929393415,0.2700445327848025,194.875
0.30704369987649205,0.3070334160954981,0.2700138268512401,194.91666666666666
0.3070138628194684,0.3070035798552406,0.2699781204012934,194.95833333333334
0.306979088731914,0.30696881003198767,0.2699381200738343,195.0
0.3069404102238698,0.3069301322290429,0.2698947562541526,195.04166666666666
0.3068990386337399,0.3068887610663854,0.2698491083996184,195.08333333333334
0.30685629639721124,0.3068460188410158,0.2698023501996644,195.125
0.3068135580762196,0.3068032819681133,0.26975569404552374,195.16666666666666
0.306772196917882,0.30676192214202086,0.2697103438566286,195.20833333333334
0.30673353209364784,0.30672325831355196,0.2696674502044663,195.25
0.30669876895010545,0.30668849633583645,0.26962805736438983,195.29166666666666
0.3066689332972387,0.306658661688734,0.2695930468743559,195.33333333333334
0.30664479421689295,0.3066345234259225,0.2695630720829984,195.375
0.3066267845050619,0.306616514324648,0.2695384892827152,195.41666666666666
0.30661492802445794,0.3066046582419648,0.2695192953716116,195.45833333333334
0.30660878966714916,0.30659852002827565,0.26950508542021984,195.5
0.3066074650460955,0.3065971952735673,0.269495045004588,195.54166666666666
0.30660962263803343,0.3065993525015453,0.2694879886485115,195.58333333333334
0.30661360402323473,0.30660333350003305,0.2694824486388145,195.625
0.3066175735405902,0.3066072982928618,0.2694768041823546,195.66666666666666
0.3066196961830463,0.30660942055636403,0.2694694502184162,195.70833333333334
0.3066183153462789,0.30660803970293415,0.2694589366552037,195.75
0.3066121024276373,0.3066018269935192,0.2694441087189692,195.79166666666666
0.30660015680851815,0.3065898817632729,0.2694241937747378,195.83333333333334
0.30658204829695396,0.3065717737498207,0.2693988365893192,195.875
0.30655780641269564,0.30654753287224884,0.26936808828586684,195.91666666666666
0.30652786952216377,0.30651759725254835,0.2693323595905778,195.95833333333334
0.30649301165263493,0.3064827406246963,0.26929235472714247,196.0
0.306454262014479,0.3064439925302795,0.26924899892205273,196.04166666666666
0.3064128282203189,0.306402559000111,0.2692033734980248,196.08333333333334
0.3063700285601361,0.30635976666717224,0.2691566431784221,196.125
0.30632723329677036,0.3063169730048831,0.2691100103181256,196.16666666666666
0.3062858114937797,0.30627555303866305,0.26906467974383275,196.20833333333334
0.30624707785022004,0.3062368208699203,0.269021795138187,196.25
0.30621223481330534,0.30620197899819696,0.2689823994226656,196.29166666666666
0.3061823046638754,0.30617204985321717,0.2689473696298573,196.33333333333334
0.30615805414429587,0.3061478001529287,0.2689173565295319,196.375
0.3061399147534319,0.3061296613772206,0.26889271501489165,196.41666666666666
0.3061279103221999,0.3061176573446304,0.26887344202332947,196.45833333333334
0.306121607110485,0.30611135433746367,0.26885913421974117,196.5
0.3061201034630174,0.30610985059678203,0.2688489801474616,196.54166666666666
0.30612207214288856,0.3061118171221483,0.2688417994166942,196.58333333333334
0.30612585967441824,0.30611560427611323,0.2688361299200709,196.625
0.3061296360256971,0.30611938053344834,0.26883035969019126,196.66666666666666
0.30613157180512424,0.3061213162154056,0.268822884391096,196.70833333333334
0.3061300154271727,0.30611975985926376,0.2688122614389099,196.75
0.30612364234176503,0.3061133864584256,0.26879734118869497,196.79166666666666
0.3061115546739839,0.30610129922281604,0.2687773539818395,196.83333333333334
0.30609332347256185,0.30608306867649476,0.26875194594450685,196.875
0.30606897811822903,0.3060587239339167,0.26872116809667307,196.91666666666666
0.30603895563076744,0.3060287023807631,0.26868542927997036,196.95833333333334
0.3060040276456162,0.3059937753283679,0.2686454313456625,197.0
0.30596522023074696,0.3059549691891912,0.26860209936200974,197.04166666666666
0.30592373732416456,0.3059134869225645,0.26855649957194494,197.08333333333334
0.3058808932127915,0.3058706442300364,0.2685097993272747,197.125
0.3058380538911231,0.30582780441985685,0.26846320032665005,197.16666666666666
0.3057965846693632,0.3057863363306787,0.26841789847544634,197.20833333333334
0.3057577959401844,0.3057475490081442,0.26837503501111376,197.25
0.3057228867807676,0.3057126409094564,0.2683356482123327,197.29166666666666
0.30569287620210367,0.3056826313389967,0.26830061126678434,197.33333333333334
0.305668528787107,0.30565828474484885,0.26827057245590075,197.375
0.3056502747763361,0.3056400313509672,0.26824588533017746,197.41666666666666
0.30563813796633116,0.3056278949431376,0.2682265468334297,197.45833333333334
0.30563168595164364,0.30562144312567857,0.2682121551821806,197.5
0.3056300198515911,0.3056197757935834,0.26820190196309857,197.54166666666666
0.305631816340807,0.3056215722327744,0.2681946114597257,197.58333333333334
0.3056354269217233,0.30562518237383307,0.26818882641787717,197.625
0.3056390270147187,0.3056287764459017,0.26818294191244435,197.66666666666666
0.30564079268727135,0.30563054187884214,0.2681753591472317,197.70833333333334
0.3056390772756462,0.30562882645917916,0.2681646411004041,197.75
0.30563256011134166,0.3056223095496758,0.2681496425429997,197.79166666666666
0.3056203459222399,0.3056100956898442,0.2681295965912641,197.83333333333334
0.30560200702562146,0.30559175739299316,0.2681041507410291,197.875
0.30557757268986374,0.305567323907218,0.26807335581551833,197.91666666666666
0.3055474785835088,0.3055372309467854,0.26803761911424645,197.95833333333334
0.30551249403896263,0.3055022476695046,0.2679976398506042,198.0
0.30547364206258887,0.30546339650746057,0.26795433962246223,198.04166666666666
0.30543212301887357,0.3054218787574444,0.26790878068424767,198.08333333333334
0.3053892473141654,0.3053790096485656,0.26786212502666373,198.125
0.3053463770438765,0.30533614094477496,0.26781557237605347,198.16666666666666
0.3053048731383722,0.30529463668512496,0.26777031356582864,198.20833333333334
0.3052660424824116,0.3052558043532328,0.2677274847568249,198.25
0.30523108049072806,0.3052208436046806,0.2676881184716129,198.29166666666666
0.30520100340642403,0.3051907675300707,0.2676530863520967,198.33333333333334
0.3051765735010389,0.3051663384474955,0.2676230342739685,198.375
0.3051582197945543,0.30514798536151194,0.2675983144770053,198.41666666666666
0.3051459660533373,0.30513573202438915,0.2675789239161553,198.45833333333334
0.30513938117133693,0.3051291473028666,0.2675644622987443,198.5
0.305137568779505,0.30512733491646177,0.2675541243582195,198.54166666666666
0.30513920962992275,0.30512897542578765,0.2675467371117953,198.58333333333334
0.30514266002738216,0.30513242550431346,0.26754085195820204,198.625
0.30514610065832914,0.30513586080747623,0.26753486773213664,198.66666666666666
0.305147712825685,0.305137472763023,0.26752719214525356,198.70833333333334
0.30514585465690663,0.305135614599351,0.2675163933397692,198.75
0.3051392092905291,0.30512896944863255,0.26750133029003365,198.79166666666666
0.3051268839700249,0.305116644458481,0.26748123898445775,198.83333333333334
0.30510845224746663,0.3050982135744694,0.26745576814844024,198.875
0.3050839432676116,0.3050737059323489,0.26742496842102303,198.91666666666666
0.3050537913778507,0.3050435556389996,0.2673892458778283,198.95833333333334
0.3050187636812457,0.30500852887065216,0.2673492968211247,199.0
0.30497988021460554,0.30496964667578924,0.267306035640431,199.04166666666666
0.3049383378569141,0.30492810494590605,0.2672605276272099,199.08333333333334
0.30489544325660045,0.30488521693953863,0.267213929291287,199.125
0.3048525546043576,0.3048423321220275,0.26716743234145385,199.16666666666666
0.30481102893438733,0.3048008077830623,0.26712222597071594,199.20833333333334
0.3047721705426171,0.30476194967781306,0.26707944111625903,199.25
0.30473716931475714,0.3047269494913292,0.2670401068005175,199.29166666666666
0.30470703950432426,0.3046968206898321,0.26700509132547684,199.33333333333334
0.3046825413735726,0.3046723233803445,0.26697503825119645,199.375
0.30466410276021083,0.30465388537835786,0.2669502985447009,199.41666666666666
0.3046517474011458,0.304641530378418,0.2669308691656768,199.45833333333334
0.30464504544956694,0.3046348286727614,0.266916351253036,199.5
0.3046431032430003,0.30463288637056646,0.2669059426600858,199.54166666666666
0.3046446051082865,0.30463438579052743,0.2668984753385171,199.58333333333334
0.30464791201084773,0.30463769243113537,0.2668925038595649,199.625
0.3046512098228161,0.30464099008619244,0.2668864296757271,199.66666666666666
0.30465268502272996,0.30464246516995075,0.2668786754189122,199.70833333333334
0.30465070031325353,0.30464048043630265,0.2668678098552895,199.75
0.30464394252647187,0.3046337227000391,0.26685269590668637,199.79166666666666
0.30463152134480626,0.3046213019259901,0.26683257236693875,199.83333333333334
0.30461301152808357,0.3046027926719334,0.2668070892694369,199.875
0.3045884420825874,0.30457822412905855,0.266776297088287,199.91666666666666
0.3045582461024499,0.3045480297272955,0.2667406004214725,199.95833333333334
0.30452318851057103,0.3045129733898625,0.26670069262007506,200.0
0.30448428646029113,0.30447407217319145,0.26665748596622757,200.04166666666666
0.30444273347097256,0.3044325204745182,0.266612040238971,200.08333333333334
0.30439983251812036,0.30438962612146214,0.266565509297982,200.125
0.30435693801940245,0.3043467331383961,0.2665190809994213,200.16666666666666
0.304315403235263,0.30430519972893266,0.2664739376249325,200.20833333333334
0.30427652801880994,0.3042663256853309,0.2664312079609369,200.25
0.3042415006021532,0.3042312993505221,0.2663919167205493,200.29166666666666
0.304211331700742,0.30420113145378286,0.26635692944332107,200.33333333333334
0.3041867794699353,0.304176580040064,0.2663268873933313,200.375
0.3041682706035023,0.304158071785289,0.26630214029526206,200.41666666666666
0.30415582881286674,0.30414563036024855,0.2662826851504378,200.45833333333334
0.3041490254751013,0.30413882725818703,0.26626812453616994,200.5
0.3041469694377173,0.30413676991931804,0.26625765894191894,200.54166666666666
0.30414834863883805,0.3041381488548973,0.26625012526680264,200.58333333333334
0.304151528592931,0.30414132850153164,0.2662440821350217,200.625
0.30415470014820206,0.30414449607062877,0.2662379388834236,200.66666666666666
0.3041560547496181,0.30414585033185626,0.2662301202286295,200.70833333333334
0.3041539595635538,0.3041437551430213,0.2662192018381039,200.75
0.3041471049846775,0.30413690077007627,0.266204050610571,200.79166666666666
0.30413460310724166,0.30412439929397317,0.26618390793237323,200.83333333333334
0.30411602979479296,0.30410582654973334,0.26615842509057436,200.875
0.30409141394317607,0.3040812115514009,0.2661276524884575,200.91666666666666
0.3040611874248242,0.3040509858891465,0.26609199332980266,200.95833333333334
0.3040261130486941,0.3040159126160264,0.26605213819851786,201.0
0.3039872051774467,0.3039770059461022,0.2660089959600656,201.04166666666666
0.3039456540671731,0.3039354562061836,0.2659636232677301,201.08333333333334
0.30390275916051385,0.303892563178016,0.26591716890094924,201.125
0.3038598712018915,0.30384967669944607,0.26587081818460157,201.16666666666666
0.30381833980255823,0.30380814667188233,0.26582574836612394,201.20833333333334
0.3037794613727242,0.30376926935291726,0.2657830841056267,201.25
0.3037444207880414,0.3037342299241144,0.2657438470880759,201.29166666666666
0.3037142262857828,0.30370403642670746,0.2657088995734352,201.33333333333334
0.30368963393944365,0.3036794448978312,0.2656788805730833,201.375
0.30367106933758864,0.3036608809007472,0.26565413860570947,201.41666666666666
0.3036585561697754,0.3036483681325346,0.26563467066049185,201.45833333333334
0.3036516670024047,0.30364147916857837,0.26562008086094174,201.5
0.3036495129513675,0.30363932515662523,0.265609572379787,201.54166666666666
0.3036507856880676,0.3036405975851438,0.2656019857138077,201.58333333333334
0.3036538551113762,0.30364366694968203,0.26559588529567535,201.625
0.30365691684866697,0.3036467285309451,0.2655896888318945,201.66666666666666
0.3036581670959769,0.30364797870366056,0.2655818202097801,201.70833333333334
0.3036559773334496,0.30364578899239025,0.2655708628365505,201.75
0.3036490417363019,0.3036388532912563,0.2655556879159523,201.79166666666666
0.3036364740911345,0.30362628612308634,0.265535539071317,201.83333333333334
0.3036178517797129,0.3036076643382634,0.26551006908203,201.875
0.30359320309971544,0.30358301685238614,0.2654793279733051,201.91666666666666
0.30356295955921403,0.3035527740576227,0.26544371676853123,201.95833333333334
0.3035278813240671,0.3035176969597457,0.26540392515961375,202.0
0.303488980221667,0.30347879708839487,0.2653608605372561,202.04166666666666
0.30344744332122864,0.30343726187301684,0.2653155716204021,202.08333333333334
0.30340456666801735,0.3033943925554409,0.2652692052696706,202.125
0.30336169748903674,0.3033515252511453,0.26522294093460286,202.16666666666666
0.30332018181946774,0.3033100110609217,0.2651779551339402,202.20833333333334
0.3032813124890759,0.30327114308909564,0.2651353672217739,202.25
0.30324627173355584,0.30323610348985996,0.26509619537804713,202.29166666666666
0.30321606497618103,0.3032058977346337,0.2650612989595504,202.33333333333334
0.30319144635795897,0.3031812799329286,0.2650313148119084,202.375
0.3031728404025291,0.30316267457804463,0.26500659001884047,202.41666666666666
0.30316027077363145,0.30315010535058623,0.26498712190200635,202.45833333333334
0.3031533112056125,0.3031431459548444,0.2649725159591206,202.5
0.3031510752386123,0.3031409092825073,0.2649619781874528,202.54166666666666
0.30315225764465087,0.3031420918045075,0.26495435289492153,202.58333333333334
0.30315523280892726,0.3031450671397859,0.26494820978082567,202.625
0.3031582010059742,0.30314803505288446,0.26494197089777016,202.66666666666666
0.303159363059589,0.30314919702582427,0.26493406612168946,202.70833333333334
0.3031570946358825,0.3031469286818461,0.2649230834709209,202.75
0.3031500929315779,0.3031399263355253,0.26490789766537737,202.79166666666666
0.30313747452406775,0.3031273086888767,0.2648877553686681,202.83333333333334
0.30311881746956076,0.3031086522834772,0.26486231048066733,202.875
0.3030941503910206,0.30308398584711194,0.26483161273892075,202.91666666666666
0.3030639028597865,0.303053739226179,0.26479606211835277,202.95833333333334
0.3030288336489673,0.3030186711553501,0.264756344985142,203.0
0.30298995180641464,0.30297979268962283,0.2647133634982852,203.04166666666666
0.30294844142002486,0.3029382839213025,0.26466816800940374,203.08333333333334
0.3029055951623828,0.30289543958135995,0.26462189932757957,203.125
0.3028627568206764,0.30285260552450444,0.26457573446878735,203.16666666666666
0.30282126907250595,0.3028111161950464,0.26453084291920076,203.20833333333334
0.30278242153744495,0.30277226999754997,0.26448834178226,203.25
0.3027473934301871,0.3027372430046006,0.2644492458945523,203.29166666666666
0.30271718761801614,0.3027070381928789,0.2644144117486453,203.33333333333334
0.3026925564308976,0.3026824078224278,0.26438447410572763,203.375
0.30267392336444854,0.30266377536455946,0.2643597791929341,203.41666666666666
0.3026613120711321,0.30265116447136664,0.26434032408390506,203.45833333333334
0.3026542973735443,0.3026441499796787,0.2643257154412749,203.5
0.30265199514780916,0.30264184746227213,0.26431516196881044,203.54166666666666
0.3026531035238821,0.3026429559168265,0.2643075118338204,203.58333333333334
0.30265600073688237,0.3026458527482943,0.2643013394544112,203.625
0.3026588916040319,0.30264874346394455,0.26429507221315524,203.66666666666666
0.30265998149148216,0.302649833233124,0.26428714499493317,203.70833333333334
0.30265765007629863,0.30264750181696226,0.26427615045579267,203.75
0.30265059770886427,0.3026404496720758,0.2642609670531119,203.79166666666666
0.30263794326774385,0.3026277956136583,0.26424084379731877,203.83333333333334
0.3026192656904453,0.30260911859070583,0.26421543552819016,203.875
0.3025945935038508,0.30258444731631157,0.264184791516379,203.91666666666666
0.30256435521919356,0.3025542105904519,0.2641493112217404,203.95833333333334
0.3025293076642869,0.3025191642742548,0.2641096787926361,204.0
0.30249045737075864,0.3024803165771546,0.26406679328468324,204.04166666666666
0.3024489854858917,0.30243884855776126,0.264021701801068,204.08333333333334
0.30240618152049004,0.3023960498644047,0.26397554102593485,204.125
0.30236338594276,0.30235325835693916,0.263929482554457,204.16666666666666
0.30232193816717867,0.3023118113667541,0.2638846953125876,204.20833333333334
0.3022831248926142,0.30227299901860116,0.2638422907068309,204.25
0.3022481219504676,0.3022379972206354,0.263803281334642,204.29166666666666
0.30221793013930603,0.3022078064033603,0.26376852044965904,204.33333333333334
0.3021932999453039,0.3021831770176706,0.2637386407743708,204.375
0.3021746538769322,0.30216453155097167,0.2637139874225284,204.41666666666666
0.3021620155731643,0.3021518936434607,0.2636945575106861,204.45833333333334
0.30215496093263905,0.3021448392000905,0.26367995898802854,204.5
0.3021526078429915,0.3021424862206252,0.2636694031252124,204.54166666666666
0.3021536578403879,0.30214353584442305,0.26366174027903777,204.58333333333334
0.3021564930876797,0.30214637072575695,0.26365555210075475,204.625
0.30215932269170764,0.3021491943022095,0.26364926730594035,204.66666666666666
0.3021603562759868,0.30215022767381416,0.2636413303337602,204.70833333333334
0.30215797742540157,0.3021478488296499,0.2636303374879269,204.75
0.3021508899245233,0.30214076121578054,0.2636151689488033,204.79166666666666
0.30213821393204676,0.30212808563799604,0.2635950774162154,204.83333333333334
0.3021195299093522,0.3021094024111379,0.26356971821421377,204.875
0.3020948658133094,0.30208473996843266,0.26353914083107044,204.91666666666666
0.3020646498353769,0.3020545254621784,0.2635037423074039,204.95833333333334
0.30202963641744224,0.3020195129905067,0.2634642055695132,205.0
0.30199082983443504,0.30198070767416046,0.263421427096119,205.04166666666666
0.30194940834727185,0.3019392876136856,0.26337645044896113,205.08333333333334
0.3019066584329307,0.3018965379195831,0.2633304061444971,205.125
0.3018639174174962,0.30185379840763665,0.26328446688730905,205.16666666666666
0.3018225214886887,0.3018124038992196,0.2632397921807457,205.20833333333334
0.3017837540606955,0.30177363775673127,0.26319749534006054,205.25
0.30174878879978806,0.30173867364562806,0.2631585829985159,205.29166666666666
0.30171862390208337,0.3017085097414617,0.2631239062800692,205.33333333333334
0.3016940081231088,0.3016838947732895,0.2630940959403223,205.375
0.30167536302513354,0.30166525027801133,0.26306949603730284,205.41666666666666
0.3016627122313979,0.3016525998829388,0.26305010368836335,205.45833333333334
0.30165563267961437,0.30164552053054566,0.2630355280207716,205.5
0.3016532444920738,0.30164313206696003,0.2630249829010782,205.54166666666666
0.30165425190789524,0.3016441397154696,0.2630173234322887,205.58333333333334
0.3016570410856127,0.3016469285930324,0.2630111339648463,205.625
0.3016598253603848,0.3016497127026299,0.26300485117564354,205.66666666666666
0.30166081844792725,0.30165070566775937,0.26299691993093455,205.70833333333334
0.30165840762962404,0.3016482948445037,0.26298594167240974,205.75
0.30165129941001373,0.301641186755055,0.2629708019031607,205.79166666666666
0.30163861645787127,0.30162850425593263,0.2629507542258185,205.83333333333334
0.3016199398678645,0.30160982818837373,0.2629254554254752,205.875
0.30159529774224003,0.3015851870069651,0.2628949549602069,205.91666666666666
0.3015651166960504,0.3015550067142812,0.26285964932880107,205.95833333333334
0.30153014985484106,0.30152004090550516,0.26282021853463255,206.0
0.301491398997234,0.30148129517825933,0.262777555569846,206.04166666666666
0.30145003975357426,0.3014399372984007,0.26273270223949136,206.08333333333334
0.3014073555717569,0.30139725448929194,0.2626867860702089,206.125
0.30136468071138184,0.30135457931290044,0.2626409742672035,206.16666666666666
0.30132334837663816,0.3013132483406263,0.26259642520369025,206.20833333333334
0.30128463909314634,0.3012745403006257,0.26255424548282796,206.25
0.30124972384620513,0.30123962623608824,0.2625154404266732,206.29166666666666
0.3012195986301951,0.30120950200972263,0.2624808585318607,206.33333333333334
0.3011950105484264,0.30118491473476494,0.2624511286648872,206.375
0.3011763802560259,0.30116628504998966,0.2624265938745389,206.41666666666666
0.30116373136788227,0.3011536365621553,0.2624072513392219,206.45833333333334
0.30115664182103,0.3011465471634339,0.26239271149025367,206.5
0.3011542337333806,0.3011441389421937,0.26238219039247707,206.54166666666666
0.3011552142862668,0.30114511903682284,0.2623745475193998,206.58333333333334
0.30115797332321925,0.3011478783218222,0.2623683693769521,206.625
0.3011607280683992,0.3011506328433156,0.2623620936101487,206.66666666666666
0.30116169627121625,0.3011516009869236,0.26235418026121615,206.70833333333334
0.3011592687875449,0.3011491735412014,0.2623432297714513,206.75
0.3011521549495183,0.3011420597821382,0.2623281307528555,206.79166666666666
0.3011394793755159,0.3011293846731358,0.26230813911247225,206.83333333333334
0.3011208239929423,0.3011107297671937,0.26228291266098025,206.875
0.30109621687834226,0.3010861235824704,0.2622525005531984,206.91666666666666
0.30106608353547804,0.3010559913010275,0.26221729785179665,206.95833333333334
0.30103117546182206,0.3010210840768905,0.2621779828978095,207.0
0.3009924921773236,0.30098240319758246,0.26213544663376914,207.04166666666666
0.30095120672502745,0.30094112164224207,0.26209072613688394,207.08333333333334
0.3009085997264667,0.30089851999079537,0.2620449457900451,207.125
0.30086600249948303,0.30085592682865,0.26199927054688427,207.16666666666666
0.3008247453399561,0.30081467046993476,0.26195485326029955,207.20833333333334
0.3007861063462366,0.3007760353210901,0.26191280054700683,207.25
0.300751253293317,0.30074118340889494,0.26187411292053603,207.29166666666666
0.3007211803848131,0.30071111148181623,0.26183963642490465,207.33333333333334
0.3006966331432498,0.30068656503843477,0.2618099980865118,207.375
0.3006780313572345,0.3006679638372215,0.26178553996647913,207.41666666666666
0.30066539863629704,0.30065533150416396,0.26176625928066843,207.45833333333334
0.30065831386057057,0.3006482469104211,0.2617517676409254,207.5
0.30065590113039325,0.30064583353513286,0.26174128350356196,207.54166666666666
0.3006568705165141,0.30064680189715315,0.2617336692444155,207.58333333333334
0.3006596150099889,0.30064954610248107,0.26172751639104713,207.625
0.3006623559519873,0.30065228688815937,0.2617212722878615,207.66666666666666
0.3006633148064721,0.3006532455354207,0.26171339031103064,207.70833333333334
0.3006608858687293,0.3006508165967131,0.2617024803809261,207.75
0.3006537811030098,0.3006437119995384,0.26168743465982647,207.79166666666666
0.30064112713505353,0.30063105844414467,0.2616675110606611,207.83333333333334
0.3006225065979129,0.3006124384461174,0.2616423683703426,207.875
0.3005979475536545,0.30058788025178457,0.26161205561413375,207.91666666666666
0.3005678744380531,0.30055780799111304,0.26157696727015145,207.95833333333334
0.30053303720811425,0.3005229718380498,0.26153777854833876,208.0
0.30049443323222147,0.3004843690609111,0.26149537767925746,208.04166666666666
0.3004532330073471,0.3004431694262702,0.26145079975644236,208.08333333333334
0.3004107144786244,0.30040065741665306,0.2614051705410989,208.125
0.3003682062151472,0.30035815299141866,0.26135964179332877,208.16666666666666
0.30032703567414193,0.3003169847816698,0.2613153693296057,208.20833333333334
0.3002884781393901,0.3002784290412912,0.26127345342070374,208.25
0.30025369932057633,0.30024365135078496,0.26123489322380306,208.29166666666666
0.3002236912033736,0.30021364420930374,0.26120053253755987,208.33333333333334
0.30019919780686966,0.30018915160543347,0.2611709966186351,208.375
0.30018063809212975,0.30017059247166383,0.2611466265720267,208.41666666666666
0.30016803567293693,0.3001579904318871,0.2611274196735614,208.45833333333334
0.3001609703432838,0.30015092501850726,0.2611129886631276,208.5
0.3001585678857936,0.3001485220798729,0.2611025542743216,208.54166666666666
0.3001595413640333,0.3001494951924792,0.2610949811658846,208.58333333333334
0.3001622870599861,0.300152241033005,0.2610888671924487,208.625
0.3001650297710988,0.3001549834961533,0.26108266231256383,208.66666666666666
0.30016599468638383,0.3001559483278177,0.2610748249342315,208.70833333333334
0.3001635793695255,0.3001535330082845,0.26106396872436116,208.75
0.3001564983854878,0.3001464523558442,0.26104898881265576,208.79166666666666
0.30014388014353216,0.3001338346017232,0.26102914525001675,208.83333333333334
0.30012530797891507,0.3001152634152,0.2610040977174714,208.875
0.3001008098916166,0.30009076687657177,0.2609738951909773,208.91666666666666
0.3000708094503996,0.3000607679107973,0.2609389303748096,208.95833333333334
0.30003605500690234,0.30002601468806506,0.26089987757124045,209.0
0.29999754190624156,0.299987504116871,0.26085762245940625,209.04166666666666
0.2999564382549587,0.2999464042757943,0.26081319662036123,209.08333333333334
0.29991401941048723,0.2999039906415198,0.26076771896665735,209.125
0.29987161123394457,0.2998615864794363,0.2607223456663043,209.16666666666666
0.2998305384835224,0.29982051461316,0.26067822550566006,209.20833333333334
0.29979207528671187,0.29978205124172524,0.2606364557013121,209.25
0.299757382588218,0.2997473596604928,0.26059803281285693,209.29166666666666
0.29972745160556424,0.2997174296462836,0.2605637982292446,209.33333333333334
0.2997030249213233,0.2996930037482907,0.26053437550239694,209.375
0.2996845207114769,0.2996745001131688,0.26051010482671705,209.41666666666666
0.29967196258989875,0.2996619423651224,0.2604909835275364,209.45833333333334
0.29966493122947235,0.29965491118736337,0.26047662545182687,209.5
0.2996625541701885,0.29965253368513606,0.2604662534641575,209.54166666666666
0.2996635470122114,0.2996535261966011,0.2604587366311129,209.58333333333334
0.2996663092751284,0.29965628807503353,0.2604526742515811,209.625
0.29966906921258263,0.2996590478346524,0.26044652172732796,209.66666666666666
0.2996700554735576,0.29966003400568225,0.2604387416912002,209.70833333333334
0.2996676687275623,0.2996576472534241,0.26042795158191107,209.75
0.299660626013641,0.2996506046954182,0.26041304951109606,209.79166666666666
0.29964805738485284,0.2996380364483541,0.26039329757312574,209.83333333333334
0.2996295469632536,0.29961952650623774,0.2603683563561835,209.875
0.2996051226306495,0.29959510312577214,0.2603382745116815,209.91666666666666
0.29957520710320346,0.2995651889245543,0.26030344368247527,209.95833333333334
0.2995405472264576,0.299530530230567,0.2602645364285633,210.0
0.299502136400547,0.29949212089712485,0.2602224361294735,210.04166666666666
0.2994611404688842,0.2994511252084467,0.2601781703371195,210.08333333333334
0.2994188323344964,0.29940881896185556,0.2601328566479659,210.125
0.29937653530169156,0.2993665264208706,0.26008764775779836,210.16666666666666
0.299335571725993,0.29932556174597,0.2600436890685905,210.20833333333334
0.2992972120113016,0.29928720323799823,0.2600020747534061,210.25
0.29926261718184843,0.29925260952219307,0.25996379888946786,210.29166666666666
0.29923277553781436,0.2992227688417798,0.2599297005307149,210.33333333333334
0.29920842829746297,0.2991984223824788,0.2599004015989334,210.375
0.29918999289280473,0.2991799875523661,0.25987624142563487,210.41666666666666
0.2991774929412963,0.299167487971119,0.25985721719058064,210.45833333333334
0.2991705099521718,0.29916050515529935,0.259842943964422,210.5
0.29916817314553107,0.29915816823041785,0.2598326469343019,210.54166666666666
0.29916920055600976,0.2991591946291325,0.2598251972377986,210.58333333333334
0.2991719947287135,0.2991619888851289,0.2598191994608352,210.625
0.2991747872279491,0.29916478113986433,0.25981311230577114,210.66666666666666
0.29917580999484644,0.29916580381229124,0.25980540250725315,210.70833333333334
0.2991734666507909,0.29916346045766534,0.25979469110538617,210.75
0.2991664769201825,0.29915647053720323,0.25977987913599165,210.79166666666666
0.2991539716570987,0.2991439657233084,0.2597602305206443,210.83333333333334
0.29913553625341843,0.29912553081399673,0.259735406684536,210.875
0.29911119803798963,0.2991011937435966,0.25970545622516694,210.91666666666666
0.29908137964035775,0.29907137605179823,0.2596707699378235,210.95833333333334
0.29904682595309806,0.29903682345392746,0.25963201819836623,211.0
0.2990085286839108,0.298998527364314,0.2595900814383667,211.04166666666666
0.29896765146275983,0.29895765074294434,0.25954598688369246,211.08333333333334
0.298925464893393,0.2989154706517986,0.2595008463454475,211.125
0.2988832898976124,0.29887329938453727,0.2594558108042811,211.16666666666666
0.29884244636715085,0.2988324581602754,0.25941202261029817,211.20833333333334
0.2988042021565109,0.29879421589516564,0.2593705731124221,211.25
0.29876971679626013,0.29875973164856034,0.2593324538367494,211.29166666666666
0.29873997655672074,0.29872999236512704,0.25929850169610297,211.33333333333334
0.29871572135675684,0.2987057379394936,0.2592693370418346,211.375
0.29869736792694934,0.2986873850730208,0.25924529837122295,211.41666666666666
0.2986849398860774,0.29867495740181144,0.25922638290547556,211.45833333333334
0.29867801955024376,0.2986680370498262,0.2592122068236547,211.5
0.29867573785783236,0.29866575519188454,0.25920199709258385,211.54166666666666
0.2986768148095609,0.29866683190275783,0.25919462897505574,211.58333333333334
0.29867965609247743,0.2986696710804485,0.25918870827319074,211.625
0.2986824963585384,0.298672505672948,0.2591826994928205,211.66666666666666
0.2986835706773694,0.29867357974290193,0.259175072613371,211.70833333333334
0.29868128544144257,0.2986712944918116,0.2591644523247399,211.75
0.2986743623203094,0.2986643715375557,0.2591497424096777,211.79166666666666
0.2986619342599377,0.298651943819032,0.25913020851964236,211.83333333333334
0.2986435869312347,0.29863359710803217,0.2591055133207253,211.875
0.29861934797389506,0.29860935872137173,0.2590757049329873,211.91666666666666
0.2985896384775901,0.29857965009445275,0.25904117254361014,211.95833333333334
0.29855520255622714,0.2985452150434333,0.25900258535806714,212.0
0.29851702998797736,0.2985070431412821,0.2589608218539542,212.04166666666666
0.2984762824399642,0.2984662960730098,0.2589169054375859,212.08333333333334
0.2984342282324167,0.29842424321748146,0.2588719471523295,212.125
0.29839218597389955,0.2983822003030855,0.25882709223031886,212.16666666666666
0.29835147333499606,0.29834148887590617,0.2587834834676041,212.20833333333334
0.2983133577841717,0.29830337280814767,0.2587422073900952,212.25
0.29827899337430486,0.29826900950367874,0.25870425416046133,212.29166666666666
0.298249366467264,0.29823938354939744,0.2586704581001941,212.33333333333334
0.2982252157705245,0.29821523362326124,0.25864143807109025,212.375
0.29820695735254066,0.2981969757765975,0.2586175317745722,212.41666666666666
0.29819461484738,0.29818463342910734,0.2585987366622421,212.45833333333334
0.29818777131402546,0.2981777898957024,0.2585846694326788,212.5
0.2981855590796183,0.29817557746998025,0.25857455955001124,212.54166666666666
0.29818670069623193,0.29817671918111605,0.2585672842926495,212.58333333333334
0.29818960424320085,0.29817962240955304,0.25856145385690593,212.625
0.2981925074048232,0.298182522021311,0.2585555325183374,212.66666666666666
0.2981936481904142,0.2981836616520491,0.25854800027458547,212.70833333333334
0.2981914356528036,0.2981814491191954,0.258537483295142,212.75
0.2981845935036378,0.29817460713940064,0.25852288733703055,212.79166666666666
0.2981722562334021,0.2981622701524851,0.25850347984088884,212.83333333333334
0.29815400998806585,0.29814402445747634,0.2584789235864409,212.875
0.2981298823821401,0.2981198975672923,0.258449266671854,212.91666666666666
0.2981002937486144,0.2980903098338698,0.2584148982249686,212.95833333333334
0.29806598693258496,0.29805600388451986,0.2583764851478056,213.0
0.2980279500631597,0.29801796948810744,0.2583349041677741,213.04166666666666
0.29798734285036726,0.29797736609122805,0.2582911753858329,213.08333333333334
0.2979454315617424,0.297935460050374,0.2582464065412855,213.125
0.2979035326436724,0.2978935651068754,0.2582017437847553,213.16666666666666
0.2978629616424153,0.29785299532168213,0.25815832301225594,213.20833333333334
0.29782498204121816,0.2978150173926354,0.25811723026113126,213.25
0.29779074990512117,0.29778078635150773,0.2580794522561496,213.29166666666666
0.2977612481248672,0.29775128551891983,0.2580458219101905,213.33333333333334
0.2977372142627632,0.2977272524225872,0.258016956634835,213.375
0.2977190637681774,0.2977091024905408,0.25799319336898807,213.41666666666666
0.2977068202880935,0.29769685932785755,0.25797452961784395,213.45833333333334
0.2977000675944126,0.29769010684086267,0.2579605832731834,213.5
0.29769793944239176,0.29768797810742326,0.25795058423161027,213.54166666666666
0.2976991604596209,0.2976891987200792,0.25794341490302847,213.58333333333334
0.2977021412371534,0.2976921796113944,0.2579376871379687,213.625
0.2977051222686669,0.29769516036455596,0.2579318670846939,213.66666666666666
0.2977063443308213,0.2976963823217901,0.25792444334587483,213.70833333333334
0.297704218813119,0.29769425692442486,0.2579140417914263,213.75
0.2976974715455854,0.29768750995560095,0.2578995707164687,213.79166666666666
0.29768523841017,0.2976752774402748,0.25788030026688386,213.83333333333334
0.29766710610277763,0.29765714587141595,0.2578558937877915,213.875
0.29764310210294004,0.29763314251004624,0.25782639895074605,213.91666666666666
0.2976136460314514,0.29760368734288406,0.2577922040070555,213.95833333333334
0.29757947955387803,0.2975695219715088,0.25775397415600604,214.0
0.297541589232161,0.29753163284419254,0.25771258425370847,214.04166666666666
0.2975011329714036,0.2974911779249911,0.2576690525244928,214.08333333333334
0.29745937505191505,0.2974494202724218,0.25762448373765096,214.125
0.2974176299220262,0.29740767659170514,0.2575800202495846,214.16666666666666
0.2973772111154062,0.2973672600656486,0.25753679708392935,214.20833333333334
0.29733938056878956,0.29732943127214034,0.257495895987396,214.25
0.297305291890939,0.2972953436943919,0.25745830241510903,214.29166666666666
0.2972759268976393,0.29726597964070034,0.25742484735960774,214.33333333333334
0.2972520220708835,0.29724207557216914,0.25739614689690443,214.375
0.29723399228315,0.2972240463378934,0.25737253724020376,214.41666666666666
0.29722186119576255,0.2972119156015349,0.2573540159557186,214.45833333333334
0.2972152132530011,0.29720526780367745,0.25734020186424755,214.5
0.2972131837142399,0.29720323746665533,0.25733032752845625,214.54166666666666
0.2972144988629741,0.29720455121340555,0.2573232762269356,214.58333333333334
0.29721757176777513,0.2972076237010619,0.2573176638131825,214.625
0.2972206455371141,0.2972106931505242,0.2573119655145439,214.66666666666666
0.29722196359519926,0.29721200996369374,0.25730466212967407,214.70833333333334
0.2972199397492525,0.2972099861023688,0.2572943879587143,214.75
0.297213301604951,0.2972033480544382,0.25728005431800405,214.79166666666666
0.2972011859416355,0.29719123279771226,0.2572609320487842,214.83333333333334
0.29718318032879515,0.29717322766598187,0.2572366857247328,214.875
0.29715931197230533,0.2971493602448039,0.2572073629777897,214.91666666666666
0.29713000006299956,0.2971200498213642,0.25717335088526627,214.95833333333334
0.29709598502362095,0.2970860359557379,0.25713531370071063,215.0
0.2970582519554402,0.29704830539776983,0.2570941233323379,215.04166666666666
0.29701795709408413,0.2970080142815637,0.25705079556062843,215.08333333333334
0.2969763628684568,0.2969664252182347,0.25700643321735805,215.125
0.29693478183859295,0.29692484812559927,0.25696217562741897,215.16666666666666
0.2968945256681164,0.2968845926892062,0.2569191566249677,215.20833333333334
0.2968568544603627,0.29684692252549855,0.2568784558186928,215.25
0.29682292042696745,0.29681298952310053,0.25684105561698645,215.29166666666666
0.296793703748735,0.2967837737768693,0.2568077852918392,215.33333333333334
0.2967699400293962,0.2967600108112491,0.25677925957935366,215.375
0.2967520436068559,0.2967421149408549,0.2567558140113252,215.41666666666666
0.29674003816093164,0.29673010984098414,0.2567374462062895,215.45833333333334
0.29673350876799737,0.29672358060531073,0.2567237758409488,215.5
0.2967315919322436,0.29672166346727763,0.2567140362842832,215.54166666666666
0.29673301576203515,0.2967230873323538,0.25670711505123794,215.58333333333334
0.29673619553676633,0.2967262649618937,0.2567016301566173,215.625
0.2967393768072598,0.2967294398618051,0.2566960602054697,215.66666666666666
0.2967408054118054,0.2967308681709641,0.25668888918882404,215.70833333333334
0.29673889731875047,0.29672896003081356,0.25667875430538284,215.75
0.29673238180026373,0.2967224446395937,0.2566645691668951,215.79166666666666
0.2967203968693948,0.2967104600916905,0.25664560614157794,215.83333333333334
0.29670253051504003,0.2966925942272599,0.2566215305958962,215.875
0.2966788099785,0.29666887454661295,0.25659239034611137,215.91666666666666
0.29664965365591384,0.29663971971052966,0.25655857096041146,215.95833333333334
0.2966158010212484,0.2966058682433578,0.2565207347520038,216.0
0.2965782357952136,0.29656830552416946,0.25647975221316743,216.04166666666666
0.2965381126455788,0.2965281861079343,0.25643663833150704,216.08333333333334
0.2964966922980312,0.29648677090070397,0.2563924925967743,216.125
0.296455285534523,0.2964453680648477,0.2563484520139701,216.16666666666666
0.2964152022322379,0.29640528555149737,0.25630564594609884,216.20833333333334
0.2963777010953131,0.2963677853140258,0.25626515402208067,216.25
0.29634393240791457,0.2963340177501501,0.2562279560982222,216.29166666666666
0.29631487544313123,0.29630496171039206,0.2561948797722666,216.33333333333334
0.29629126477667167,0.2962813517901174,0.2561665385671644,216.375
0.29627351425436643,0.2962636018110506,0.2561432673704253,216.41666666666666
0.2962616475787906,0.2962517354740878,0.2561250638557568,216.45833333333334
0.29625525041770684,0.2962453384600897,0.2561115485672535,216.5
0.2962534602813459,0.2962435481374319,0.2561019574676559,216.54166666666666
0.29625500721653547,0.2962450952264871,0.25609517807910864,216.58333333333334
0.29625830849279383,0.29624839606739745,0.25608983342703073,216.625
0.2962616119183817,0.29625169918816374,0.25608440396577353,216.66666666666666
0.29626316551258186,0.2962532526591421,0.25607737734590097,216.70833333333334
0.2962613872844429,0.2962514743885473,0.2560673934528061,216.75
0.29625500802389004,0.296245095108787,0.2560533679148285,216.79166666666666
0.29624316688996266,0.296233254334356,0.2560345749086866,216.83333333333334
0.29622545227674,0.2962155402532994,0.256010680157831,216.875
0.2962018913728485,0.2961919800490732,0.2559817308103107,216.91666666666666
0.29617290193618406,0.2961629915044636,0.25594811246082866,216.95833333333334
0.296139222541012,0.2961293129565448,0.25591048633966507,217.0
0.29610183562330433,0.2960919266624254,0.25586972052150575,217.04166666666666
0.29606189432769536,0.2960519859696568,0.25582682690081837,217.08333333333334
0.2960206578710738,0.2960107508575217,0.25578290462432013,217.125
0.29597943543342936,0.29596952759796136,0.2557390878568827,217.16666666666666
0.29593953528497413,0.2959296286464683,0.25569650371824937,217.20833333333334
0.2959022142701608,0.2958923088897724,0.2556562290136271,217.25
0.29586862182635876,0.2958587175171104,0.25561924215083015,217.29166666666666
0.2958397358458546,0.2958298324544021,0.25558636907368576,217.33333333333334
0.29581629005288274,0.29580638740127757,0.25555822212183543,217.375
0.2957986978454132,0.29578879573655614,0.2555351355651955,217.41666666666666
0.29578698294293554,0.2957770811748745,0.25551710715610576,217.45833333333334
0.2957807315984518,0.29577082976553926,0.2555037582229546,217.5
0.29577908242269524,0.29576918044050504,0.2554943261915389,217.54166666666666
0.2957807667726041,0.29577086451609985,0.25548770045990765,217.58333333333334
0.2957842040401138,0.2957743019359135,0.25548250732396194,217.625
0.2957876441481701,0.29577773854198497,0.2554772247694961,217.66666666666666
0.29578933713101396,0.2957794310529154,0.2554703543352825,217.70833333333334
0.29578770279641126,0.29577779666148535,0.25546053313156764,217.75
0.29578147341297956,0.29577156742060967,0.2554466788932009,217.79166666666666
0.29576978909791685,0.295759883431333,0.25542806669954676,217.83333333333334
0.29575223860863664,0.29574233342931294,0.25540436290372465,217.875
0.29572884910899205,0.2957189447402568,0.2553756150379418,217.91666666666666
0.29570003781409304,0.29569013491699647,0.25534220747850395,217.95833333333334
0.29566654236709544,0.29565664061850594,0.25530479984176685,218.0
0.2956293440799669,0.29561944479767943,0.25526425930916186,218.04166666666666
0.29558959474894764,0.2955796991935357,0.25522159859486665,218.08333333333334
0.295548552123324,0.2955386578903434,0.25517790803671997,218.125
0.2955075238776813,0.29549763090077313,0.2551343228131896,218.16666666666666
0.2954678168608303,0.29545792515507996,0.25509196824140623,218.20833333333334
0.2954306868519066,0.2954207985172002,0.2550519190361606,218.25
0.295397281325156,0.29538739407421644,0.25501515179614914,218.29166666666666
0.2953685774736339,0.29535869113273044,0.2549824909311719,218.33333333333334
0.2953453082520581,0.2953354226423538,0.25495454768543424,218.375
0.29532788665224835,0.29531800157006055,0.25493165576616666,218.41666666666666
0.2953163364227864,0.2953064516672451,0.2549138129838342,218.45833333333334
0.2953102442881767,0.29530035967391954,0.25490064144219615,218.5
0.2953087499959246,0.29529886519272924,0.2548913801484917,218.54166666666666
0.29531058625442863,0.2953007010583812,0.2548849209665598,218.58333333333334
0.2953141739983216,0.2953042886884395,0.25487988872540246,218.625
0.29531776522759423,0.2953078732270853,0.254874770775787,218.66666666666666
0.2953196118080951,0.2953097194442569,0.25486806841544246,218.70833333333334
0.29531813525011497,0.2953082428279575,0.2548584212798871,218.75
0.29531206944940736,0.29530217685072013,0.2548447485831871,218.79166666666666
0.29530055467954264,0.2952906624801677,0.25482632765057484,218.83333333333334
0.2952831805872572,0.29527328883199433,0.25480282497031737,218.875
0.29525997378132895,0.2952500831141216,0.25477428745475694,218.91666666666666
0.2952313517750759,0.29522146176227004,0.2547410991694749,218.95833333333334
0.2951980508174294,0.29518816183804736,0.2547039183706603,219.0
0.2951610513172099,0.29515116346048803,0.2546636109225499,219.04166666666666
0.29512150381214003,0.2951116165047473,0.2546211838989491,219.08333333333334
0.295080664756808,0.29507078381573765,0.2545777326514296,219.125
0.29503984050217763,0.2950299631816767,0.2545343867632158,219.16666666666666
0.2950003365158713,0.2949904614330747,0.2544922710024712,219.20833333333334
0.2949634069303178,0.29495353372236494,0.25445245962326296,219.25
0.2949301988612797,0.2949203267099474,0.25441592047537426,219.29166666666666
0.29490168815952367,0.29489181690978056,0.25438348074944406,219.33333333333334
0.29487860708656005,0.2948687365593935,0.25435575064440713,219.375
0.29486136827117765,0.29485149826969337,0.2543330633383443,219.41666666666666
0.29484999549174284,0.29484012581473773,0.25431541668277236,219.45833333333334
0.29484407596089507,0.29483420639392477,0.25430243344723175,219.5
0.2948427502316059,0.29483288042516775,0.254293354115677,219.54166666666666
0.29484475229445367,0.2948348824625542,0.2542870726070383,219.58333333333334
0.2948485049269721,0.2948386352228536,0.25428221908277093,219.625
0.29485226159466166,0.2948423881937006,0.2542772800344812,219.66666666666666
0.29485427594116065,0.29484440169085435,0.25427075676682076,219.70833333333334
0.2948529709587269,0.29484309665922104,0.25426129515792095,219.75
0.2948470814513555,0.2948372071816785,0.25424781586755085,219.79166666666666
0.2948357490991242,0.2948258751701557,0.2542295967976077,219.83333333333334
0.2948185634679305,0.29480869002561677,0.2542063051966302,219.875
0.29479555150643166,0.29478567872981537,0.25417798852382867,219.91666666666666
0.294767129518814,0.29475725757941834,0.25414502884166423,219.95833333333334
0.29473403357272976,0.294724162413561,0.25410808375136534,220.0
0.29469724295122995,0.29468737408714524,0.2540680173785019,220.04166666666666
0.29465790715263174,0.2946480420352602,0.25402583617913704,220.08333333333334
0.2946172813772205,0.2946074214438898,0.25398263192642706,220.125
0.2945766707394437,0.2945668147077028,0.25393953169186845,220.16666666666666
0.29453737955491716,0.29452752468732196,0.25389765989618107,220.20833333333334
0.2945006609157098,0.2944908073985211,0.25385808391843545,220.25
0.2944676607834297,0.29445780824827683,0.2538217812491669,220.29166666666666
0.29443935413094174,0.2944295024875843,0.25378957142937875,220.33333333333334
0.29441647266549315,0.2944066217347941,0.25376206372277604,220.375
0.2943994286951364,0.294389578281727,0.25373959081631053,220.41666666666666
0.2943882460376467,0.29437839593633824,0.2537221506502673,220.45833333333334
0.29438251230085294,0.2943726620498711,0.2537093667520939,220.5
0.294381368974926,0.29437151797732564,0.2537004807608898,220.54166666666666
0.29438355115731685,0.2943736997223921,0.2536943884717133,220.58333333333334
0.2943874829099748,0.29437763154641916,0.2536897228386596,220.625
0.2943914192580862,0.29438156404929794,0.25368497249302124,220.66666666666666
0.2943936154212172,0.29438375930228894,0.25367864127531775,220.70833333333334
0.2943924957144474,0.29438263953210764,0.25366937642460385,220.75
0.2943867960432805,0.29437693984137225,0.2536561003997728,220.79166666666666
0.2943756586536615,0.2943658028114569,0.2536380931269923,220.83333333333334
0.2943586735481022,0.29434881814156394,0.25361502197081587,220.875
0.29433586741401757,0.29432601285973986,0.2535869335631753,220.91666666666666
0.29430765639533807,0.29429780256652616,0.2535542105691635,220.95833333333334
0.294274775758587,0.29426492291070083,0.2535175089512756,221.0
0.29423820393638983,0.2942283521791782,0.2534776918075938,221.04166666666666
0.29419908945785084,0.29418923891870785,0.2534357623049494,221.08333333333334
0.29415868645988114,0.29414883726205654,0.25339281238062605,221.125
0.29411829897045183,0.29410845115683554,0.25334996831234746,221.16666666666666
0.2940792302505344,0.2940693820170004,0.25330834938667374,221.20833333333334
0.2940427325619093,0.294032883221464,0.25326902502486665,221.25
0.29400995054399554,0.29400010223078965,0.2532329670016186,221.29166666666666
0.29398185872086885,0.29397201129248995,0.2532009957447609,221.33333333333334
0.2939591882054493,0.29394934148298374,0.25317371960037593,221.375
0.29394235103004784,0.2939325048180452,0.25315147079343986,221.41666666666666
0.29393137105004147,0.2939215251401861,0.25313424734069695,221.45833333333334
0.2939258362549316,0.2939159903486167,0.2531216731746572,221.5
0.29392488865414945,0.2939150424797026,0.2531129916971179,221.54166666666666
0.29392726472755687,0.2939174181447438,0.2531071001881956,221.58333333333334
0.29393138963428866,0.2939215431242237,0.2531026332748806,221.625
0.29393551977529847,0.29392566959388466,0.2530980825335533,221.66666666666666
0.2939379116391125,0.2939280605878433,0.25309195374069793,221.70833333333334
0.2939369907682691,0.2939271396570481,0.2530828967228223,221.75
0.2939314938787261,0.2939216428418356,0.2530698357502251,221.79166666666666
0.29392056402557476,0.29391071332167945,0.2530520505712874,221.83333333333334
0.2939037912899075,0.29389394104706573,0.2530292098393365,221.875
0.29388120246559296,0.2938713529729989,0.2530013602874282,221.91666666666666
0.29385321306460066,0.29384336433438707,0.2529688833684886,221.95833333333334
0.293820557948854,0.2938107101923777,0.25293243383996006,222.0
0.2937842147539946,0.29377436807759555,0.25289287288029133,222.04166666666666
0.29374533109832274,0.2937354856687751,0.252851204387832,222.08333333333334
0.29370516025569865,0.2936953161796805,0.25280852037414075,222.125
0.293665005325523,0.2936551606666075,0.2527659383021243,222.16666666666666
0.2936261685829478,0.2936163250028271,0.25272457984978874,222.20833333333334
0.29358990148611136,0.2935800587482555,0.25268551133531914,222.25
0.29355734780265386,0.2935475060955287,0.2526497060806264,222.29166666666666
0.2935294814725758,0.29351964064097175,0.25261798192791246,222.33333333333334
0.29350703313608156,0.2934971929962874,0.2525909463869896,222.375
0.2934904145936809,0.2934805749475527,0.25256893126204594,222.41666666666666
0.2934796497394252,0.2934698103775626,0.25255193464991027,222.45833333333334
0.2934743268975746,0.2934644874969715,0.25253958129334364,222.5
0.2934735888905912,0.29346374917191725,0.25253111535203704,222.54166666666666
0.29347617278341975,0.2934663317957311,0.25252543502914876,222.58333333333334
0.29348050492489236,0.2934706634512259,0.25252117911151073,222.625
0.2934848428789114,0.2934749945680084,0.2525168398953934,222.66666666666666
0.29348744433934,0.2934775955785895,0.25251092563838196,222.70833333333334
0.29348673580781603,0.2934768869469545,0.25250208745706726,222.75
0.29348145491200145,0.29347160605179184,0.252489251558393,222.79166666666666
0.2934707449660611,0.2934608964845842,0.2524716986331209,222.83333333333334
0.293454196461561,0.29344434847591483,0.2524490974440943,222.875
0.293431835874452,0.29342198864975977,0.2524214946668392,222.91666666666666
0.2934040787903817,0.2933942323274199,0.25238927114594406,222.95833333333334
0.2933716592873275,0.29336181361776675,0.25235308133043116,223.0
0.2933355544090286,0.29332570933766994,0.2523137850922107,223.04166666666666
0.2932969110482472,0.293287066241519,0.25227238418373926,223.08333333333334
0.293256981659307,0.29324713693726895,0.2522299655444747,223.125
0.2932170685094494,0.2932072251778033,0.25218765120846043,223.16666666666666
0.29317847291201937,0.2931686311112715,0.25214656054442375,223.20833333333334
0.2931424453559334,0.2931326050890286,0.25210775626671544,223.25
0.29311013008610587,0.2931002908568397,0.2520722117374829,223.29166666666666
0.2930824997980045,0.2930726614393383,0.25204074306540164,223.33333333333334
0.29306028475815465,0.2930504470906496,0.25201395701801776,223.375
0.2930438965793748,0.2930340594052483,0.2519921850123376,223.41666666666666
0.2930333591998425,0.29302352230921824,0.25197542521985916,223.45833333333334
0.29302826123710773,0.29301842441889514,0.251963303001021,223.5
0.29302774588005204,0.29301790898769986,0.2519550634548262,223.54166666666666
0.29303055126890587,0.29302071389399564,0.2519496077237574,223.58333333333334
0.2930351045224358,0.2930252672388354,0.25194557343258805,223.625
0.293039664221729,0.2930298229191632,0.2519414598424718,223.66666666666666
0.29304248895722024,0.2930326467444626,0.251935771161126,223.70833333333334
0.2930420061274972,0.293032163839379,0.25192716274880667,223.75
0.29303695397053425,0.29302711165501105,0.2519145623848204,223.79166666666666
0.29302647627719725,0.2930166342930604,0.2518972516199173,223.83333333333334
0.29301016363959653,0.2930003220769402,0.25187489959474957,223.875
0.29298804259384187,0.29297820181786915,0.25184755284691396,223.91666666666666
0.2929605282170343,0.29295068815579245,0.25181559159697664,223.95833333333334
0.29292835430766884,0.2929185152050088,0.2517796694521132,224.0
0.2928924973215535,0.2928826592950978,0.2517406452760832,224.04166666666666
0.29285410356343683,0.29284427004546104,0.2516995184229094,224.08333333333334
0.2928144247970245,0.29280459256853436,0.25165737590441334,224.125
0.29277476263085456,0.29276493176650104,0.25161533956860255,224.16666666666666
0.2927364179529518,0.29272658854636846,0.25157452400565067,224.20833333333334
0.2927006417984598,0.2926908122807118,0.25153599432977014,224.25
0.29266857487521125,0.29265874636203326,0.25150071846641825,224.29166666666666
0.2926411910657655,0.29263136341344526,0.2514695136644559,224.33333333333334
0.29261922033080073,0.29260939336027575,0.2514429859982922,224.375
0.29260307413986825,0.29259324765493533,0.2514214665423987,224.41666666666666
0.2925927764770768,0.2925829502700226,0.25140495354679593,224.45833333333334
0.2925879162094423,0.29257809008767033,0.25139307289333956,224.5
0.29258763697879536,0.2925778107738849,0.25138507071889893,224.54166666666666
0.2925906775510909,0.2925808517871972,0.25137984906322725,224.58333333333334
0.29259546577889955,0.29258563954424804,0.2513760481698107,224.625
0.29260026106606596,0.2925904289731964,0.25137216567084203,224.66666666666666
0.29260332277269385,0.29259349032731474,0.25136671331743454,224.70833333333334
0.29260307895106974,0.29259324639184026,0.2513583455180081,224.75
0.29259826830411473,0.29258843582456096,0.25134599109604544,224.79166666666666
0.2925880351103268,0.2925782028632514,0.25132893239501264,224.83333333333334
0.29257196991231377,0.29256213813471454,0.251306838827236,224.875
0.2925500993308877,0.2925402685995238,0.2512797568145843,224.91666666666666
0.2925228380538591,0.2925130085881568,0.25124806631808816,224.95833333333334
0.2924909196020667,0.29248109115509985,0.251212419621448,225.0
0.292455320001555,0.2924454926567438,0.2511736744015266,225.04166666666666
0.29241718500319874,0.29240735813174396,0.25113283069992065,225.08333333333334
0.2923777658788218,0.2923679402325242,0.2510909723485957,225.125
0.292338363711258,0.292328545443755,0.2510492195917718,225.16666666666666
0.29230027888023863,0.29229046187441343,0.2510086846654723,225.20833333333334
0.29226476093484,0.29225494736437146,0.250970435089047,225.25
0.2922329521896207,0.2922231396491359,0.250935435624045,225.29166666666666
0.2922058251866192,0.2921960134963976,0.25090450286706006,225.33333333333334
0.29218410965905267,0.29217429863975475,0.2508782422501966,225.375
0.2921682169778468,0.2921584064337309,0.2508569845631493,225.41666666666666
0.2921581711761557,0.2921483608998964,0.2508407281197588,225.45833333333334
0.2921535613260607,0.29214375085252475,0.25082909930795594,225.5
0.2921535314379562,0.29214372081408463,0.25082134504836406,225.54166666666666
0.29215682077243305,0.29214700966510165,0.25081636894693704,225.58333333333334
0.2921618576918787,0.2921520462235051,0.250812813015268,225.625
0.2921669022934317,0.2921570870840728,0.250809175367321,225.66666666666666
0.2921702144897514,0.29216039836109675,0.2508039702379099,225.70833333333334
0.2921702229468983,0.2921604066302941,0.25079585378109753,225.75
0.29216566581656495,0.29215585024864527,0.2507837556137243,225.79166666666666
0.29215568927749697,0.29214587388404917,0.2507669588535295,225.83333333333334
0.2921398829731672,0.29213006803903946,0.25074513329009745,225.875
0.29211827344028185,0.2921084593985243,0.25071832469271554,225.91666666666666
0.292091275509101,0.29208146211565,0.2506869128891177,225.95833333333334
0.2920596222667147,0.29204980975857264,0.25065154955454133,226.0
0.2920242893701769,0.2920144817392167,0.250613091003803,226.04166666666666
0.291986422181482,0.2919766158017624,0.25057253547182295,226.08333333333334
0.2919472716030211,0.2919374664805948,0.2505309671301189,226.125
0.29190813835558466,0.29189833250679426,0.2504895031925823,226.16666666666666
0.2918703224257244,0.2918605176294274,0.2504492585491947,226.20833333333334
0.2918350741576863,0.29182526910624584,0.2504112939853725,226.25
0.291803533313213,0.2917937293089606,0.25037657859067053,226.29166666666666
0.2917766733373093,0.29176687017308733,0.2503459259657085,226.33333333333334
0.29175522381572416,0.29174542131309855,0.25031994100146443,226.375
0.29173959606555766,0.2917297940221612,0.25029895422656995,226.41666666666666
0.2917298141720331,0.2917200123834213,0.25028296403940836,226.45833333333334
0.2917254673705825,0.2917156656480244,0.2502715972474672,226.5
0.29172569993283426,0.2917158979317313,0.2502641017497788,226.54166666666666
0.29172925146819084,0.29171944811197714,0.2502593820848792,226.58333333333334
0.2917345509365501,0.29172474696935324,0.2502560813009116,226.625
0.2917398585110841,0.29173004971120287,0.2502526986960848,226.66666666666666
0.2917434346877448,0.2917336246548524,0.2502477524657782,226.70833333333334
0.2917437083603695,0.2917338982085533,0.2502398978891896,226.75
0.2917394188705612,0.291729608706123,0.25022806601172953,226.79166666666666
0.2917297107808506,0.291719900906624,0.25021154052692657,226.83333333333334
0.29171417484826906,0.29170436537003125,0.25018999137548154,226.875
0.29169283747661495,0.2916830287113343,0.2501634648566027,226.91666666666666
0.2916661130933978,0.2916563049430396,0.2501323399282041,226.95833333333334
0.29163473470871476,0.29162492743429747,0.250097267466928,227.0
0.2915996777562091,0.29158987535543585,0.25005910285577754,227.04166666666666
0.29156208741733364,0.2915522862171295,0.2500188442699039,227.08333333333334
0.29152321427514527,0.29151341427086574,0.24997757706939847,227.125
0.2914843587679375,0.2914745584213436,0.2499364156731596,227.16666666666666
0.29144682063600574,0.2914370215251168,0.2498964676279214,227.20833333333334
0.2914118490827178,0.2914020501930663,0.24985879920499351,227.25
0.29138058575371406,0.2913707878417762,0.24982437540786506,227.29166666666666
0.2913540029213994,0.2913442058405991,0.2497940108615347,227.33333333333334
0.291332830103308,0.2913230336745823,0.24976831001144054,227.375
0.29131747860781926,0.29130768262868856,0.24974760316905376,227.41666666666666
0.2913079725753835,0.2912981768411501,0.24973188880504393,227.45833333333334
0.2913039013599221,0.29129410568199837,0.2497207941747944,227.5
0.291304409408503,0.2912946135390415,0.2497135679670084,227.54166666666666
0.29130823654689375,0.29129844068748084,0.24970911487379605,227.58333333333334
0.2913138118103426,0.2913040154576075,0.24970608111739895,227.625
0.2913193959373782,0.2913095959952681,0.24970296739344044,227.66666666666666
0.2913232494534538,0.2913134490657644,0.24969829033458413,227.70833333333334
0.29132380143198766,0.2913140008790084,0.24969070813990232,227.75
0.2913197913699302,0.29130999064004576,0.2496791525927112,227.79166666666666
0.29131036376151137,0.29130056332909815,0.24966290806149674,227.83333333333334
0.29129510944486814,0.2912853093820214,0.24964164462834731,227.875
0.2912740546321209,0.2912642553511557,0.24961540841736535,227.91666666666666
0.29124761383815106,0.29123781515122876,0.24958457802433034,227.95833333333334
0.29121651985278385,0.2912067220320651,0.24954980372844507,228.0
0.29118174799801844,0.29117195503405713,0.2495119401133612,228.04166666666666
0.2911444433141832,0.2911346515356567,0.2494719846164573,228.08333333333334
0.29110585626365126,0.2910960656882521,0.24943101708992843,228.125
0.2910672871970726,0.29105749585811397,0.24939015602167933,228.16666666666666
0.2910300358154294,0.2910202455082405,0.24935051159143018,228.20833333333334
0.2909953510954546,0.29098556160992767,0.24931314486087242,228.25
0.29096437479275594,0.29095458627436244,0.24927902004751443,228.29166666666666
0.2909380791189786,0.2909282914212967,0.24924895148667123,228.33333333333334
0.2909171936035552,0.29090740654702535,0.2492235431672144,228.375
0.29090212959145484,0.29089234298034977,0.2492031252165503,228.41666666666666
0.2908929112814421,0.29088312490741797,0.24918769617596093,228.45833333333334
0.29088912810239415,0.290879341771314,0.24917688359243587,228.5
0.29088992457968216,0.29088013809884805,0.2491699369330252,228.54166666666666
0.2908940406150538,0.290884253637329,0.24916576160304366,228.58333333333334
0.2908999054912156,0.29089011838117046,0.24916300537310124,228.625
0.2909057796513229,0.29089598878262535,0.24916016981017874,228.66666666666666
0.2909099238218467,0.29090013241627233,0.24915577275168893,228.70833333333334
0.2909107670532712,0.2909009754905407,0.24914847334641216,228.75
0.2909070487694521,0.29089725713863285,0.24913720415477897,228.79166666666666
0.2908979135002788,0.2908881221490696,0.2491212499713402,228.83333333333334
0.2908829519629814,0.2908731609808225,0.24910028113632054,228.875
0.29086219039032285,0.2908524001359363,0.2490743435977317,228.91666666666666
0.2908360431206111,0.2908262535346134,0.24904381592183328,228.95833333333334
0.2908052429747464,0.2907954542971252,0.24900934713889902,229.0
0.29077076523136175,0.2907609775946222,0.24897179162990746,229.04166666666666
0.29073375494689396,0.29072396772276166,0.24893214551885162,229.08333333333334
0.29069546260297824,0.29068567657271344,0.24889149259326965,229.125
0.29065718857370404,0.2906474018139511,0.24885094210659311,229.16666666666666
0.2906202326135606,0.2906104468894323,0.2488116075482139,229.20833333333334
0.2905858437438405,0.29057605886631166,0.24877454919787706,229.25
0.29055516387562486,0.29054537999188235,0.2487407306668944,229.29166666666666
0.29052916527640915,0.2905193822037623,0.24871096579658677,229.33333333333334
0.29050857756707865,0.2904987951256827,0.24868585822813852,229.375
0.29049381217477727,0.290484030166417,0.24866573794063548,229.41666666666666
0.290484893359881,0.2904751115747034,0.24865060357769292,229.45833333333334
0.29048141057996185,0.2904716288081969,0.24864008308861665,229.5
0.2904825083564727,0.29047272641908545,0.24863342595463467,229.54166666666666
0.29048692653699426,0.29047714294521554,0.2486295402455552,229.58333333333334
0.29049309410484603,0.2904833100336956,0.2486270723831302,229.625
0.2904992717149943,0.29048948732457464,0.24862452527134565,229.66666666666666
0.29050371973603917,0.2904939350844807,0.2486204184630631,229.70833333333334
0.29050486705196804,0.29049508224168863,0.24861341216758442,229.75
0.290501452920405,0.29049166809629573,0.24860243918736077,229.79166666666666
0.29049262173701423,0.29048283716942724,0.24858678471110277,229.83333333333334
0.2904779640760587,0.2904681798763895,0.24856611921187746,229.875
0.2904575061773226,0.29044772265245394,0.24854048847480584,229.91666666666666
0.2904316622936206,0.2904218793536825,0.2485102701788703,229.95833333333334
0.2904011653247051,0.29039138323024993,0.24847611395466646,230.0
0.2903669906412444,0.29035721337777,0.24843887681552201,230.04166666666666
0.29033028340645217,0.29032050730761966,0.24839954710757106,230.08333333333334
0.2902922942582518,0.290282519336241,0.24835920660483082,230.125
0.2902543237486591,0.2902445480297422,0.24831897249005186,230.16666666666666
0.29021767181555025,0.2902078971453468,0.24827995437370665,230.20833333333334
0.29018358760188456,0.2901738139060054,0.24824320914510212,230.25
0.29015321348189627,0.2901434407651526,0.24820970422706143,230.29166666666666
0.2901275217774023,0.29011774985991806,0.2481802507832355,230.33333333333334
0.2901072422847543,0.29009747098685723,0.24815545221098048,230.375
0.290092786560245,0.2900830156826813,0.24813563838283043,230.41666666666666
0.29008417892308386,0.290074408260987,0.248120808030408,230.45833333333334
0.29008100882500165,0.29007123816651126,0.24811058941015074,230.5
0.29008242082843877,0.29007264922727755,0.24810423239008383,230.54166666666666
0.29008715421296016,0.2900773808559692,0.24810064644240248,230.58333333333334
0.29009363799190985,0.29008386413469417,0.24809847766895707,230.625
0.29010012694506876,0.2900903538574145,0.24809623012844226,230.66666666666666
0.29010489155651437,0.290095117852358,0.24809242448739832,230.70833333333334
0.2901063557352327,0.2900965818818377,0.24808572152385294,230.75
0.2901032579584744,0.29009348408668856,0.24807505452151346,230.79166666666666
0.2900947425175152,0.29008496888386415,0.24805970898022847,230.83333333333334
0.29008039974679606,0.2900706264727709,0.24803935559452148,230.875
0.29006025586546125,0.2900504832455861,0.24801403964860289,230.91666666666666
0.29003472511277084,0.29002495308962345,0.2479841391499072,230.95833333333334
0.2900045405660088,0.28999476937702057,0.24795030275095392,231.0
0.289970677767724,0.28996091139117236,0.24791338516817238,231.04166666666666
0.28993428209616323,0.289924516902635,0.24787438019234354,231.08333333333334
0.2898966045117204,0.2898868405099913,0.24783436675165973,231.125
0.2898589459435042,0.2898491813090447,0.24779445906629702,231.16666666666666
0.289822606628758,0.28981284239458904,0.24775576794717394,231.20833333333334
0.2897888362139374,0.289779075320771,0.24771934693622083,231.25
0.28975877705131076,0.2897490170941954,0.24768616267166324,231.29166666666666
0.28973340196896136,0.28972364279775076,0.24765702821045513,231.33333333333334
0.28971344101481483,0.28970368245111056,0.24763254671145196,231.375
0.28969930591795173,0.28968954776602857,0.24761304786566182,231.41666666666666
0.2896910210713883,0.2896812631222802,0.24759853032955642,231.45833333333334
0.28968817585833684,0.28967841783751047,0.2475886231403016,231.5
0.28968991449206893,0.28968015603472913,0.24758257702256053,231.54166666666666
0.28969497628361984,0.28968521781119144,0.24757929931288675,231.58333333333334
0.28970178950351544,0.28969203048934244,0.2475774401789476,231.625
0.2897086139285028,0.28969885120880234,0.24757550311065937,231.66666666666666
0.28971370900923243,0.2897039458426979,0.24757200913777483,231.70833333333334
0.28971550274554175,0.28970573939528443,0.24756561964413878,231.75
0.2897127336397978,0.289702969722092,0.24755526840069167,231.79166666666666
0.2897045454932849,0.289694782139203,0.24754024105986214,231.83333333333334
0.28969052855476346,0.2896807656299439,0.2475202082533907,231.875
0.2896707089326455,0.2896609464651364,0.247495215555018,231.91666666666666
0.2896455010273791,0.2896357392498751,0.24746564010870054,231.95833333333334
0.28961563804980217,0.2896058771869609,0.24743213078583853,232.0
0.2895820958555998,0.289572337988169,0.24739554367798755,232.04166666666666
0.28954602024694065,0.28953626376899344,0.247356866146304,232.08333333333334
0.2895086625828663,0.2894989129595094,0.2473171788648882,232.125
0.289471324206513,0.2894615758241779,0.24727759884272935,232.16666666666666
0.2894353058316241,0.28942555921509916,0.24723923305569398,232.20833333333334
0.289401857755048,0.28939211193693093,0.24720314084479103,232.25
0.28937212267024104,0.28936237779580953,0.24717028438392685,232.29166666666666
0.2893470738448349,0.2893373297442355,0.2471414764347853,232.33333333333334
0.28932744166106966,0.2893176981542838,0.2471173200553694,232.375
0.2893136380684051,0.2893038949568953,0.24709814502564104,232.41666666666666
0.2893056875306235,0.28929594460463653,0.2470839502598521,232.45833333333334
0.2893031793250959,0.28929343637516436,0.24707436426230941,232.5
0.2893052573929179,0.2892955142215173,0.24706863862999734,232.54166666666666
0.2893106605714837,0.2893009156803966,0.24706568202107276,232.58333333333334
0.28931781642036175,0.28930807102739103,0.24706414273015345,232.625
0.28932498407329527,0.2893152383205458,0.24706253017585206,232.66666666666666
0.28933042220744687,0.2893206761557702,0.2470593587833466,232.70833333333334
0.2893325581195648,0.2893228118734183,0.2470532928367142,232.75
0.28933012971491284,0.28932038336524335,0.24704326693155873,232.79166666666666
0.28932228037182545,0.289312534224091,0.24702856686339528,232.83333333333334
0.28930860009994397,0.28929885437878594,0.24700886321486087,232.875
0.2892891149382527,0.2892793696344287,0.24698420159437842,232.91666666666666
0.2892642394396485,0.28925449483847515,0.24695495895049038,232.95833333333334
0.28923470708757265,0.28922496318040514,0.24692178350660357,233.0
0.2892014941442567,0.2891917512806446,0.24688552784230605,233.04166666666666
0.2891657469201959,0.2891560052361761,0.24684718590476465,233.08333333333334
0.289128717345698,0.2891189772739121,0.24680783450821991,233.125
0.2890917073792312,0.28908196905305905,0.2467685906384189,233.16666666666666
0.289056018288496,0.28904628120386194,0.2467305595677961,233.20833333333334
0.28902290119118834,0.28901316506516567,0.2466948013123858,233.25
0.28899349920614326,0.2889837639994062,0.24666227955709152,233.29166666666666
0.28896878618586747,0.2889590517384537,0.24663380555892644,233.33333333333334
0.2889494929213356,0.2889397590514548,0.24660998226013003,233.375
0.28893603162879855,0.2889262981331366,0.24659113944463146,233.41666666666666
0.28892842684540615,0.2889186935217164,0.24657727612851496,233.45833333333334
0.28892626769922486,0.2889165343428485,0.24656802123239524,233.5
0.288928697920249,0.28891896354264723,0.24656262607420495,233.54166666666666
0.28893445532861484,0.28892472069124076,0.24656000038850487,233.58333333333334
0.2889419670353843,0.28893223175814975,0.24655879185462476,233.625
0.28894949103426676,0.2889397501072586,0.24655750776062896,233.66666666666666
0.28895528516955277,0.2889455436887482,0.24655466866015172,233.70833333333334
0.2889577758175029,0.28894803411660974,0.2465489363793913,233.75
0.2889557001065876,0.28894595837987463,0.246539244792601,233.79166666666666
0.2889482010598608,0.2889384597228145,0.2465248810214709,233.83333333333334
0.28893486820252623,0.2889251273715948,0.24650551523791195,233.875
0.28891572765953133,0.2889059871948325,0.24648119275951752,233.91666666666666
0.28889119406513014,0.28888145427617,0.2464522899209899,233.95833333333334
0.2888620013069744,0.2888522647429489,0.2464194554948719,234.0
0.2888291261881968,0.2888193907262911,0.24638354392655393,234.04166666666666
0.28879371559378714,0.2887839803585216,0.2463455434483297,234.08333333333334
0.2887570222109681,0.2887472881776415,0.2463065353934307,234.125
0.2887203487538359,0.288710616377554,0.24626763241483063,234.16666666666666
0.2886849974251742,0.28867526621087053,0.24622994490365763,234.20833333333334
0.2886522193760943,0.28864248931927083,0.24619452772348782,234.25
0.2886231594508857,0.28861343029071534,0.24616234759575262,234.29166666666666
0.2885987916987722,0.2885890632881228,0.24613421484605258,234.33333333333334
0.2885798474207365,0.288570119579539,0.2461107324370993,234.375
0.2885667391466977,0.2885570116714181,0.2460922302137715,234.41666666666666
0.28855949149285176,0.2885497641765663,0.24607870728920178,234.45833333333334
0.2885576933896565,0.28854796578008374,0.24606979271726045,234.5
0.28856048788966693,0.28855075980548484,0.24606473751614824,234.54166666666666
0.2885666124524686,0.288556883166148,0.24606245243525438,234.58333333333334
0.288574492906022,0.2885647636453857,0.24606158513431592,234.625
0.2885823863058713,0.2885726520575832,0.24606064584996903,234.66666666666666
0.2885885492519289,0.2885788139587302,0.2460581494356721,234.70833333333334
0.28859140709830766,0.2885816716040109,0.24605276049065752,234.75
0.2885896959322236,0.2885799605698172,0.24604341377936984,234.79166666666666
0.28858255844711644,0.28857282323618916,0.24602939532353482,234.83333333333334
0.2885695837004482,0.28855984880078595,0.24601037542734536,234.875
0.28855079776250864,0.2885410634548896,0.24598639904994804,234.91666666666666
0.2885266154791755,0.2885168816956065,0.24595784353048422,234.95833333333334
0.2884977711963885,0.2884880381960413,0.24592535899732854,235.0
0.28846524234627796,0.2884555140877487,0.24588979328402588,235.04166666666666
0.2884301765610958,0.28842044942149375,0.24585214079109732,235.08333333333334
0.2883938273909887,0.28838410137521964,0.2458134801538999,235.125
0.28835749846134795,0.28834777356748315,0.2457749253965107,235.16666666666666
0.28832249289402584,0.2883127690515981,0.2457375862569564,235.20833333333334
0.2882900628786798,0.2882803399795434,0.24570251924459086,235.25
0.2882613539533081,0.2882516318456331,0.24567068747305545,235.29166666666666
0.28823734085059816,0.2882276194799457,0.24564290318146595,235.33333333333334
0.28821875554771587,0.28820903473358545,0.24561976940562774,235.375
0.2882060109353653,0.28819629048228296,0.24560161607983705,235.41666666666666
0.2881991317092005,0.28818941140896753,0.24558844241506037,235.45833333333334
0.28819770655729143,0.2881879861863621,0.2455798775231144,235.5
0.28820087818952494,0.2881911573352875,0.2455751731413047,235.54166666666666
0.2882073830009013,0.2881976601147309,0.2455732385929601,235.58333333333334
0.2882156451661029,0.28820592183979415,0.24557272322490423,235.625
0.288223921008738,0.2882141972396148,0.24557213291857383,235.66666666666666
0.2882304655912774,0.28822074147852406,0.24556998906200056,235.70833333333334
0.2882337030660895,0.28822397871856376,0.24556495326540978,235.75
0.2882323686750442,0.2882226445190431,0.2455559602714998,235.79166666666666
0.28822560404409664,0.2882158803398978,0.24554229560415589,235.83333333333334
0.28821299802274825,0.288203274706177,0.2455236297988659,235.875
0.2881945766370758,0.28818485369443825,0.24550000787321846,235.91666666666666
0.28817075500070494,0.28816103271276483,0.24547180670677635,235.95833333333334
0.28814226799132997,0.2881325464386487,0.24543967422256419,236.0
0.28811009377942076,0.28810037313674264,0.24540446303000163,236.04166666666666
0.2880753808887067,0.28806566048537224,0.24536716465394942,236.08333333333334
0.2880393838640464,0.2880296635199473,0.24532885873893245,236.125
0.28800340738716707,0.28799368648688006,0.2452906597084644,236.16666666666666
0.2879687556537763,0.28795903509230425,0.24525367496353548,236.20833333333334
0.2879366821895828,0.2879269648625431,0.24521896309405555,236.25
0.28790833284560063,0.28789861639939085,0.24518748641118196,236.29166666666666
0.28788468369389497,0.2878749679701448,0.245160057761331,236.33333333333334
0.287866467278806,0.2878567520941955,0.2451372803265784,236.375
0.28785409690020203,0.2878443819209983,0.24511948404797246,236.41666666666666
0.287847597333584,0.28783788203574096,0.24510666815522927,236.45833333333334
0.2878465569918522,0.28783684142452387,0.2450984622049757,236.5
0.28785011780086245,0.2878404018258359,0.2450941178586123,236.54166666666666
0.2878570148880647,0.28784729727014147,0.24509254334451167,236.58333333333334
0.2878656719497752,0.2878559537324272,0.24509238932264246,236.625
0.2878743430895346,0.2878646244538759,0.24509216457991076,236.66666666666666
0.287881282060029,0.28787156304710265,0.24509038377994388,236.70833333333334
0.28788491152948625,0.2878751922577215,0.24508571109965044,236.75
0.28788396554910106,0.2878742462439509,0.24507708105963036,236.79166666666666
0.28787758499229316,0.2878678658301055,0.24506377920098815,236.83333333333334
0.2878653582424934,0.2878556393144618,0.24504547575261743,236.875
0.28784731126483765,0.28783759294437145,0.2450222158648396,236.91666666666666
0.2878238595374396,0.28781414205007105,0.24499437634309748,236.95833333333334
0.28779573851476853,0.2877860219899408,0.24496260497254732,237.0
0.2877639272214519,0.2877542111231185,0.24492775352690926,237.04166666666666
0.28772957522114434,0.2877198604804269,0.244890815433871,237.08333333333334
0.2876939381747225,0.2876842302172062,0.24485286992216945,237.125
0.28765832198243557,0.28764861519838597,0.24481503086868087,237.16666666666666
0.2876240320755576,0.2876143262822861,0.24477840469571863,237.20833333333334
0.2875923229530219,0.28758261799718543,0.24474405615330663,237.25
0.2875643420830173,0.2875546378948116,0.24471294114293402,237.29166666666666
0.2875410661075212,0.2875313626276036,0.24468587518730014,237.33333333333334
0.28752322842047773,0.2875135254653379,0.2446634616756404,237.375
0.28751124277636686,0.28750154000186523,0.24464603083594041,237.41666666666666
0.2875051340425838,0.2874954310051439,0.24463358184841863,237.45833333333334
0.28750449028365593,0.28749478696033226,0.24462574437686582,237.5
0.28750845276772447,0.28749874891978705,0.2446217697554314,237.54166666666666
0.2875157556335684,0.28750604968401683,0.2446205672098393,237.58333333333334
0.2875248202018133,0.28751511378949957,0.24462078548592803,237.625
0.28753389959793274,0.28752419271498125,0.24462093331553572,237.66666666666666
0.28754124560114536,0.2875315383454379,0.24461952528698358,237.70833333333334
0.2875452793476558,0.2875355718273519,0.24461522530206714,237.75
0.28754473358869714,0.2875350262388766,0.24460696703614881,237.79166666666666
0.2875387482643259,0.2875290413212513,0.24459403666717278,237.83333333333334
0.28752691126528823,0.28751720467150266,0.24457610385060066,237.875
0.28750924852469306,0.28749954229254415,0.2445532132375479,237.91666666666666
0.2874861758820583,0.2874764702673361,0.24452574197880758,237.95833333333334
0.2874584294953456,0.2874487246146,0.24449433820522104,238.0
0.28742698935039046,0.287417285346209,0.24445985361163852,238.04166666666666
0.28739300616660823,0.28738330235925125,0.24442328163230198,238.08333333333334
0.2873577368901672,0.28734803315932383,0.24438570185171296,238.125
0.2873224886428422,0.2873127862406226,0.24434822889988989,238.16666666666666
0.28728856855214796,0.2872788680894687,0.24431197090543483,238.20833333333334
0.28725723198903086,0.28724753325383584,0.24427798706454606,238.25
0.2872296280188906,0.2872199301315528,0.2442472402996585,238.29166666666666
0.2872067343713517,0.2871970371790683,0.24422054405264462,238.33333333333334
0.2871892851823615,0.2871795885006837,0.24419850200031265,238.375
0.2871776947098992,0.2871679983376063,0.24418144458337873,238.41666666666666
0.28717198791353554,0.28716229164246365,0.24416937132507605,238.45833333333334
0.28717175247683613,0.28716205611629364,0.24416191120918515,238.5
0.28717612855320895,0.2871664319553553,0.24415831586446637,238.54166666666666
0.2871838491301224,0.28717415186276496,0.24415749315210655,238.58333333333334
0.28719333428998145,0.2871836370229995,0.24415809327990073,238.625
0.2872028346948387,0.28719313184285705,0.2441586198195605,238.66666666666666
0.2872106003741742,0.2872008964334055,0.24415759442081686,238.70833333333334
0.28721505065301334,0.2872053464519251,0.24415367680659697,238.75
0.2872149168828428,0.2872052125333454,0.24414580041213643,238.79166666666666
0.28720933779050006,0.28719963360982087,0.24413325032636898,238.83333333333334
0.2871979009480278,0.2871881969624211,0.24411569618990578,238.875
0.28718063215036266,0.28717092876984296,0.24409318256359697,238.91666666666666
0.28715794769378533,0.2871482451157188,0.244066086717861,238.95833333333334
0.2871305845059689,0.28712088285694676,0.24403505715878482,239.0
0.28709952361990004,0.2870898223703103,0.2440009453067934,239.04166666666666
0.28706591709307766,0.28705621713956186,0.24396474557996162,239.08333333333334
0.2870310232631602,0.2870213300502095,0.2439275376099428,239.125
0.2869961508719343,0.28698645910861714,0.24389043495285406,239.16666666666666
0.2869626081235212,0.2869529177408699,0.24385454917154234,239.20833333333334
0.28693165316077357,0.28692196308874574,0.24382093857688922,239.25
0.28690443472691524,0.286894745487614,0.24379056654815545,239.29166666666666
0.28688193248834587,0.28687224392995603,0.2437642469437309,239.33333333333334
0.2868648815004741,0.2868551934368584,0.24374258381892375,239.375
0.2868536965730059,0.2868440088037381,0.24372590787359089,239.41666666666666
0.28684840275927087,0.2868387150748096,0.24371421871168306,239.45833333333334
0.2868485873153628,0.28683889952050373,0.24370714549536265,239.5
0.28685338943512256,0.2868437006782406,0.24370393931724157,239.54166666666666
0.28686154062018265,0.28685184955011267,0.243703509004647,239.58333333333334
0.28687145903539596,0.2868617673896425,0.24370450135806235,239.625
0.28688139327529855,0.28687169660512346,0.24370542129497264,239.66666666666666
0.286889591215791,0.2868798938388477,0.24370478860450026,239.70833333333334
0.2868944702215895,0.28688477254940375,0.24370126277099938,239.75
0.2868947599870568,0.28688506220274357,0.24369377686944102,239.79166666666666
0.2868895982880501,0.28687990080660486,0.2436816151952628,239.83333333333334
0.2868785719323836,0.28686887495582275,0.2436644474357127,239.875
0.2868617068125685,0.2868520102061027,0.24364231825166432,239.91666666666666
0.2868394195883089,0.28682972358404135,0.24361560462932771,239.95833333333334
0.28681244809445816,0.28680275287307055,0.2435849548665762,240.0
0.28678177457268383,0.28677208223375794,0.2435512225051195,240.04166666666666
0.2867485524358325,0.2867388613743496,0.24351540111807835,240.08333333333334
0.2867140416438597,0.2867043521150194,0.2434785703156396,240.125
0.28667955259043404,0.28666986637850195,0.24344184623031165,240.16666666666666
0.286646395267924,0.28663671004148505,0.2434063396989632,240.20833333333334
0.2866158281926831,0.2866061442123695,0.24337310821900704,240.25
0.286589003888006,0.28657932060919705,0.2433431172319098,240.29166666666666
0.2865669020718045,0.2865572194599175,0.2433171810594331,240.33333333333334
0.28655025892423336,0.2865405767941939,0.2432959041847783,240.375
0.2865394898552944,0.286529808005204,0.24327961759875014,240.41666666666666
0.286534620015198,0.28652493823745645,0.24326832103819887,240.45833333333334
0.28653523618229276,0.28652555429397725,0.24326164352485707,240.5
0.2865404767208568,0.2865307942406966,0.24325883531509812,240.54166666666666
0.28654907130389284,0.2865393878251078,0.24325880560089755,240.58333333333334
0.28655943561597025,0.2865497517204736,0.2432602000019167,240.625
0.2865698164672921,0.2865601279238618,0.24326152145489893,240.66666666666666
0.28657845920783404,0.2865687699427242,0.24326129124102877,240.70833333333334
0.28658377908495863,0.28657408950973895,0.2432581668037451,240.75
0.28658450359483545,0.2865748143608754,0.2432510803268773,240.79166666666666
0.2865797702670223,0.28657008104576104,0.24323931592900816,240.83333333333334
0.286569164666011,0.28655947566286033,0.24322254267612495,240.875
0.2865527125838119,0.286543024205885,0.2432008049779552,240.91666666666666
0.28653083155347464,0.2865211437879887,0.24317448030645764,240.95833333333334
0.28650426016935976,0.2864945735168722,0.24314421946215983,241.0
0.28647398197062796,0.2864642956877125,0.2431108717095047,241.04166666666666
0.28644115189975655,0.28643146587461443,0.24307543310896024,241.08333333333334
0.2864070316514694,0.28639734673182127,0.243038984313612,241.125
0.28637293346415,0.2863632475553736,0.2430026431236755,241.16666666666666
0.28634016912323373,0.2863304841344557,0.242967518890441,241.20833333333334
0.28630999923407957,0.2863003151721417,0.2429346727056504,241.25
0.2862835773660744,0.28627389401128134,0.2429050690933676,241.29166666666666
0.28626188492022836,0.28625220222136716,0.24287952314534594,241.33333333333334
0.2862456591907708,0.28623597696548125,0.2428586398588212,241.375
0.2862353162366375,0.28622563428654424,0.24284275054576274,241.41666666666666
0.28623088130917285,0.2862211994236241,0.24283185505448723,241.45833333333334
0.2862319406633491,0.28622225865198014,0.24282558211143246,241.5
0.286237631493325,0.2862279489040215,0.242823182194235,241.54166666666666
0.2862466816962591,0.28623699811123504,0.24282356222224558,241.58333333333334
0.2862575047107891,0.2862478204924631,0.24282536932724122,241.625
0.28626834483132735,0.28625865581182985,0.2428271035253871,241.66666666666666
0.28627744485884443,0.28626775511383,0.24282728552181285,241.70833333333334
0.2862832177098812,0.28627352763929703,0.24282457186790693,241.75
0.2862843892156363,0.28627469923783205,0.242817893440781,241.79166666666666
0.2862800950300505,0.28627040513944746,0.24280653446860723,241.83333333333334
0.28626992049559086,0.2862602307693796,0.24279016345307353,241.875
0.28625389141621266,0.28624420220234836,0.2427688247062258,241.91666666666666
0.28623242551079914,0.28622273709598417,0.2427428957993968,241.95833333333334
0.2862062626104076,0.2861965751018054,0.2427130259540755,242.0
0.2861763876732236,0.28616670142936024,0.24268006972983125,242.04166666666666
0.2861439573484778,0.2861342710550312,0.24264502114565328,242.08333333333334
0.2861102351712445,0.2861005504989871,0.24260896150573946,242.125
0.28607653531533883,0.2860668518548916,0.24257300862168374,242.16666666666666
0.28604417157375545,0.2860344866427873,0.24253827382698634,242.20833333333334
0.2860144065042317,0.28600472271211874,0.24250581993076217,242.25
0.2859883952954361,0.285978712247355,0.24247660997036655,242.29166666666666
0.28596712110574546,0.2859574387002361,0.2424514609920585,242.33333333333334
0.2859513223138837,0.2859416403683397,0.24243097856139414,242.375
0.2859414156769225,0.28593173398468363,0.2424154943733635,242.41666666666666
0.28593742655031384,0.2859277449040544,0.24240500838072557,242.45833333333334
0.2859389406179983,0.28592925880317177,0.24239914925641987,242.5
0.28594509382597383,0.28593541136839856,0.2423971668846986,242.54166666666666
0.28595461210018464,0.28594492693131024,0.24239796637241923,242.58333333333334
0.2859659064686984,0.2859562207939485,0.24240019496553575,242.625
0.2859772185122001,0.28596752739290565,0.24240235271039678,242.66666666666666
0.2859867882790016,0.28597709641149943,0.24240295606617845,242.70833333333334
0.285993026151008,0.28598333403966514,0.24240066260572923,242.75
0.28599465603447577,0.2859849630600679,0.24239440197016404,242.79166666666666
0.2859908119770957,0.2859811190914415,0.2423834568774114,242.83333333333334
0.28598107864830685,0.28597138606826794,0.24236749584885303,242.875
0.28596548185610915,0.28595578951931006,0.24234656346685435,242.91666666666666
0.28594443992030716,0.28593474814803144,0.2423210374571857,242.95833333333334
0.28591869379089474,0.28590900300641897,0.24229156661210774,243.0
0.28588922995580124,0.28587953952182754,0.24225900562024502,243.04166666666666
0.28585720689106414,0.2858475175246738,0.24222435067369175,243.08333333333334
0.28582389015195986,0.28581420664879664,0.2421886846074481,243.125
0.285790596013776,0.2857809160623417,0.24215312563663408,243.16666666666666
0.2857586404093284,0.2857489608925807,0.24211878556280225,243.20833333333334
0.28572928775293743,0.28571960927115636,0.24208672726294625,243.25
0.28570369551518465,0.28569401786805676,0.24205791716521166,243.29166666666666
0.28568284840817926,0.2856731713887712,0.2420331718449108,243.33333333333334
0.28566748601813463,0.2856578094432527,0.2420130975095293,243.375
0.2856580258495635,0.28564834951924006,0.24199802626197314,243.41666666666666
0.28565449336562093,0.2856448170704347,0.24198795817637136,243.45833333333334
0.28565647363136654,0.2856467971790858,0.24198252167102852,243.5
0.2856631012309239,0.28565342418576845,0.2419809661003352,243.54166666666666
0.2856730999928078,0.2856634219130576,0.24198219553424288,243.58333333333334
0.2856848783482344,0.2856752003691902,0.24198485653270546,243.625
0.28569667493982703,0.28568699122852126,0.24198744611510992,243.66666666666666
0.28570672686165577,0.2856970424023219,0.24198848180965674,243.70833333333334
0.28571344177472596,0.2857037569731449,0.24198661792336634,243.75
0.2857155414285337,0.2857058564199591,0.2419807832358435,243.79166666666666
0.2857121583048358,0.28570247330366894,0.2419702604894576,243.83333333333334
0.28570287631656405,0.285693191502424,0.2419547173750966,243.875
0.28568772124855535,0.2856780369534023,0.24193419805649816,243.91666666666666
0.28566711207177264,0.2856574289360056,0.24190908056759458,243.95833333333334
0.2856417909471405,0.28563210867744826,0.24188001512061957,244.0
0.28561274600863246,0.2856030642071497,0.2418478576521632,244.04166666666666
0.28558113769170906,0.2855714567935017,0.24181360393401993,244.08333333333334
0.2855482337130028,0.285538558776047,0.24177833719582356,244.125
0.2855153526169487,0.28550567880503797,0.24174317732255207,244.16666666666666
0.2854838126255746,0.28547413984436265,0.24170923700371755,244.20833333333334
0.28545488037433164,0.2854452086399824,0.24167758144023643,244.25
0.28542971538857814,0.28542004442176466,0.24164917734003868,244.29166666666666
0.285409304134118,0.28539963377776423,0.24162484226436173,244.33333333333334
0.285394387557623,0.2853847176238,0.24160518314622037,244.375
0.28538538396023966,0.28537571424608565,0.24159053254898827,244.41666666666666
0.28538231891787397,0.2853726492122719,0.24158089065755176,244.45833333333334
0.28538477683061586,0.28537510694581736,0.24157588554647996,244.5
0.28539189055561714,0.2853822202432509,0.24157476595826452,244.54166666666666
0.2854023819562573,0.28539271124896193,0.24157643624644812,244.58333333333334
0.2854146569864405,0.2854049862828546,0.24157953887361827,244.625
0.2854269506904635,0.28541727511409853,0.24158257521805887,244.66666666666666
0.2854374971449678,0.2854278200771245,0.24158405240340777,244.70833333333334
0.2854447011276671,0.2854350237023373,0.24158262735891767,244.75
0.2854472820642579,0.285437604411545,0.24157722753239713,244.79166666666666
0.2854443706149716,0.28543469301984475,0.24156713530095292,244.83333333333334
0.285435550049713,0.28542587258071095,0.24155201765188328,244.875
0.2854208460830768,0.2854111691205353,0.24153191867700727,244.91666666666666
0.2854006783741717,0.28539100212344504,0.24150721670628883,244.95833333333334
0.285375790429272,0.28536611465433026,0.24147856242841173,245.0
0.28534717210815574,0.2853374982896953,0.24144681220275727,245.04166666666666
0.28531598594714863,0.2853063155660886,0.24141296425531317,245.08333333333334
0.2852835019698517,0.2852738364122613,0.24137810084244454,245.125
0.2852510411976252,0.285241379262564,0.24134334391104095,245.16666666666666
0.28521992423138187,0.2852102627000258,0.24130981003205773,245.20833333333334
0.2851914202893668,0.28518175957844455,0.24127856158526992,245.25
0.2851666907008696,0.2851570307683426,0.2412505695026481,245.29166666666666
0.28514672401530267,0.28513706467856764,0.2412266511690006,245.33333333333334
0.2851322626144439,0.2851226036894767,0.24120741431475726,245.375
0.2851237256477233,0.2851140669333328,0.241193191998282,245.41666666666666
0.28512113879965617,0.2851114800893164,0.24118398452858453,245.45833333333334
0.285124085800391,0.28511442685566973,0.2411794197680418,245.5
0.28513169786199744,0.2851220384357983,0.2411787449819792,245.54166666666666
0.28514269428661454,0.28513303422818487,0.24118086425171484,245.58333333333334
0.2851554784849997,0.28514581781377785,0.2411844179738024,245.625
0.28516827697381436,0.2851586163014366,0.2411879063954359,245.66666666666666
0.2851793297629197,0.28516966894445683,0.24118983451186518,245.70833333333334
0.285187034809305,0.28517737352710176,0.2411888574564396,245.75
0.2851901076048986,0.28518044636072354,0.24118390172537457,245.79166666666666
0.28518767872902584,0.28517801746128557,0.24117424823628167,245.83333333333334
0.2851793295996986,0.28516966862247334,0.2411595636912452,245.875
0.28516508588035555,0.285155425311714,0.24113989210999542,245.91666666666666
0.28514536837792426,0.28513570833057084,0.24111561215775623,245.95833333333334
0.28512092172581527,0.28511126263525943,0.24108737517513437,246.0
0.2850927377090366,0.2850830807156195,0.2410560378700734,246.04166666666666
0.28506198106440744,0.2850523274446351,0.24102260073772766,246.08333333333334
0.285029924302205,0.2850202717148388,0.24098814852794848,246.125
0.28499789101178613,0.2849882393677856,0.24095380295476243,246.16666666666666
0.28496720442519546,0.2849575537364461,0.2409206802712542,246.20833333333334
0.2849391364027591,0.28492948652419353,0.2408898469394643,246.25
0.2849148503189695,0.28490520117708834,0.2408622729513432,246.29166666666666
0.2848953368686718,0.2848856883056192,0.24083877791874433,246.33333333333334
0.28488133996008286,0.2848716917914757,0.24081997043754724,246.375
0.2848732796391499,0.2848636316636833,0.24080618410018778,246.41666666666666
0.28487118171370285,0.2848615337217479,0.2407974193367473,246.45833333333334
0.2848746291005469,0.28486498069429866,0.24079330366121798,246.5
0.2848827516643284,0.2848731024624991,0.24079308400415256,246.54166666666666
0.28489426607647955,0.28488461580178237,0.2407956626152958,246.58333333333334
0.28490757184346654,0.2848979210824556,0.24079967758167556,246.625
0.2849208975210043,0.2849112418501216,0.24080362783929393,246.66666666666666
0.28493247008988803,0.2849228137235169,0.24080601642170055,246.70833333333334
0.28494068793073474,0.28493103120075697,0.2408054966231088,246.75
0.28494426537104117,0.2849346084602015,0.24080099418973486,246.79166666666666
0.2849423296130229,0.28493267265592054,0.24079178784377922,246.83333333333334
0.28493446198843236,0.28492480516670177,0.2407775439702483,246.875
0.2849206882276528,0.28491103187530775,0.2407583067818829,246.91666666666666
0.2849014295505095,0.28489177430759904,0.24073445526786766,246.95833333333334
0.2848774322773014,0.28486777785357703,0.2407066413480111,247.0
0.28484969018249123,0.28484003618045356,0.24067572318577188,247.04166666666666
0.28481937040499916,0.284809716290138,0.24064270136800903,247.08333333333334
0.2847877480485068,0.28477809549115396,0.24060866366909942,247.125
0.28475614940454125,0.2847464979682138,0.24057473302624735,247.16666666666666
0.2847259005026631,0.28471624877365226,0.24054202572273664,247.20833333333334
0.2846982754827396,0.2846886242365779,0.24051161140154223,247.25
0.2846744409644808,0.2846647904343985,0.24048446142321606,247.29166666666666
0.28465538936481516,0.2846457393988127,0.2404613960656347,247.33333333333334
0.2846418662185807,0.2846322166318667,0.24044302487857472,247.375
0.28463429251911004,0.2846246431028276,0.24042968203788864,247.41666666666666
0.28463269419864434,0.2846230447442606,0.240421368090229,247.45833333333334
0.28463665336045874,0.2846270036448732,0.24041771011393934,247.5
0.28464529780842257,0.2846356476050079,0.24041795407077052,247.54166666666666
0.2846573418390267,0.28464768969346765,0.24042099992211327,247.58333333333334
0.2846711818901187,0.28466152899405556,0.24042548639803074,247.625
0.284685042300788,0.28467538268433135,0.24042990459678024,247.66666666666666
0.28469714638489974,0.284687485955699,0.24043276241021413,247.70833333333334
0.2847058890953048,0.28469622823984925,0.24043270902828753,247.75
0.28470998187508684,0.2847003210695774,0.24042866756557993,247.79166666666666
0.284708549981175,0.28469888942396826,0.24041991600470403,247.83333333333334
0.2847011738011705,0.2846915134374395,0.24040612039744236,247.875
0.28468787901781784,0.28467821887125,0.24038732486125164,247.91666666666666
0.2846690877527809,0.2846594280887705,0.2403639083978229,247.95833333333334
0.2846455478659419,0.28463588873713225,0.24033652383785714,248.0
0.28461825525033296,0.28460859718854964,0.24030603069401843,248.04166666666666
0.28458837956392147,0.28457872285721314,0.24027343045334734,248.08333333333334
0.28455719865527745,0.2845475415251785,0.2402398115709528,248.125
0.28452604171292056,0.2845163857342562,0.2402062994928406,248.16666666666666
0.2844962376706252,0.28448658061866094,0.24017401501083238,248.20833333333334
0.2844690639978467,0.284459405143043,0.24014402630207604,248.25
0.28444568907199563,0.284436030965991,0.2401173062469542,248.29166666666666
0.2844271078944318,0.28441745033874405,0.24009467692882233,248.33333333333334
0.284414067740744,0.28440441054114185,0.240076748957,248.375
0.2844069906040245,0.2843973328959396,0.24006385712509404,248.41666666666666
0.2844059025389661,0.28439624446795303,0.24005600210566747,248.45833333333334
0.284410384785623,0.28440072643118525,0.24005281055744226,248.5
0.28441956354894354,0.28440990434309416,0.24005352745606193,248.54166666666666
0.2844321499586354,0.284422489471536,0.24005705160602336,248.58333333333334
0.2844465366356567,0.284436875423515,0.2400620161966319,248.625
0.2844609443178902,0.2844512763725028,0.24006691446926043,248.66666666666666
0.28447359221206303,0.2844639234186932,0.24007025212300256,248.70833333333334
0.2844828715777936,0.28447320238089474,0.24007067427142595,248.75
0.2844874909365989,0.2844778218160173,0.24006710276962057,248.79166666666666
0.2844865735345192,0.28447690465791853,0.2400588142856058,248.83333333333334
0.2844796987014995,0.28447003001590915,0.24004547423524608,248.875
0.2844668921445421,0.28445722364286874,0.24002712656965217,248.91666666666666
0.2844485768311908,0.284438908800432,0.2400041509842744,248.95833333333334
0.2844255022996101,0.2844158347950371,0.23997720134228143,249.0
0.2843986666774698,0.28438900022523267,0.23994713845409096,249.04166666666666
0.2843692422689784,0.2843595771654157,0.2399149651173581,249.08333333333334
0.2843385098650563,0.2843288443748311,0.23988177231215727,249.125
0.2843078017152458,0.2842981370217952,0.23984868534278883,249.16666666666666
0.28427844984730155,0.28426878308658027,0.23981682773543336,249.20833333333334
0.28425173426232375,0.2842420685584421,0.23978726971549977,249.25
0.28422882681858563,0.28421916180587875,0.23976098544616822,249.29166666666666
0.2842107245912779,0.28420106011257507,0.23973879859270777,249.33333333333334
0.2841981766220064,0.28418851248633326,0.23972132081441938,249.375
0.284191605953265,0.28418194195461155,0.23970888756421949,249.41666666666666
0.28419103877265667,0.2841813746936412,0.23970149963043336,249.45833333333334
0.28419605540525805,0.2841863909029449,0.23969878310876916,249.5
0.2842057797856736,0.28419611468574907,0.23969998195847517,249.54166666666666
0.2842189203806102,0.28420925419631243,0.23970399358683248,249.58333333333334
0.28423386628732555,0.28422419930250153,0.23970945023122814,249.625
0.28424883368943793,0.2842391599994042,0.2397148388222752,249.66666666666666
0.28426203764773955,0.2842523623824265,0.23971866476006204,249.70833333333334
0.28427186561300477,0.2842621899007845,0.23971957163784383,249.75
0.28427702295518853,0.28426734709915275,0.23971647895016382,249.79166666666666
0.28427663066698766,0.2842669547558507,0.23970866189295212,249.83333333333334
0.2842702670948548,0.28426059128972736,0.23969578521227033,249.875
0.2842579579015662,0.28424828248294676,0.23967789264354197,249.91666666666666
0.2842401270521976,0.28423045194616625,0.23965536459700285,249.95833333333334
0.2842175257972236,0.28420785127083636,0.23962885572116718,250.0
0.28419115462624306,0.28418148463340903,0.2395992281021524,250.04166666666666
0.28416218864481996,0.28415251956713106,0.2395674865179509,250.08333333333334
0.28413191170372093,0.2841222435001871,0.23953472367619238,250.125
0.28410165928996606,0.2840919920668372,0.23950206835965998,250.16666666666666
0.2840727666789312,0.2840631002972291,0.2394706430105512,250.20833333333334
0.2840465171635749,0.2840368515773331,0.23944152095402943,250.25
0.28402408514043476,0.2840144202355687,0.23941567836623745,250.29166666666666
0.2840064703517335,0.28399680596473276,0.23939394031478323,250.33333333333334
0.2839944237230316,0.2839847596624344,0.2393769196230087,250.375
0.2839883694000177,0.2839787054580269,0.23936495245034645,250.41666666666666
0.2839883336970538,0.28397866966100804,0.23935803970087788,250.45833333333334
0.2839938960241826,0.2839842315055201,0.23935580699292325,250.5
0.28400417814140066,0.28399451299788603,0.2393574965228269,250.54166666666666
0.28401788519328597,0.2840082191490418,0.2393620048646232,250.58333333333334
0.28403340278273764,0.2840237358739324,0.23936796146418374,250.625
0.2840489423867707,0.2840392687102202,0.2393738496605782,250.66666666666666
0.2840627146724734,0.2840530394041801,0.2393781744729235,250.70833333333334
0.2840731030302277,0.2840634272965496,0.23937957510771365,250.75
0.2840788095660771,0.2840691334950036,0.23937696948061252,250.79166666666666
0.2840789530079534,0.2840692768407201,0.23936963155748786,250.83333333333334
0.28407311056454015,0.2840634344043036,0.23935722535171955,250.875
0.28406130790167927,0.28405163219330576,0.2393397947077432,250.91666666666666
0.2840439699794419,0.28403429472376,0.2393177203850276,250.95833333333334
0.28402184989060447,0.28401217509200116,0.23929165828958956,251.0
0.2839959506037813,0.2839862760423698,0.23926247204061304,251.04166666666666
0.2839674501617419,0.28395777564712216,0.23923116779636733,251.08333333333334
0.28393763564804425,0.28392796206625864,0.23919884027368188,251.125
0.28390784582625467,0.28389817119409777,0.239166618718574,251.16666666666666
0.28387941962013946,0.2838697456910814,0.23913563075028807,251.20833333333334
0.2838536434143932,0.28384397028591285,0.2391069501529234,251.25
0.2838316946923896,0.2838220222440648,0.23908155499823985,251.29166666666666
0.28381457579267433,0.2838049038494858,0.2390602719610125,251.33333333333334
0.28380303962791403,0.28379336800202576,0.23904371513350184,251.375
0.2837975114964781,0.2837878399830054,0.23903222082652303,251.41666666666666
0.2837980178562046,0.28378834623845034,0.23902579102413507,251.45833333333334
0.28380413705260316,0.2837944650311155,0.23902405069403873,251.5
0.2838149887240171,0.2838053159416864,0.23902624091684227,251.54166666666666
0.2838292748861695,0.2838196015417143,0.23903125492545196,251.58333333333334
0.28384537652717995,0.28383570306339456,0.23903772090452943,251.625
0.28386150081217965,0.2838518219803745,0.23904411750155302,251.66666666666666
0.28387585366210816,0.28386617319584695,0.2390489496786692,251.70833333333334
0.2838868142403358,0.283877133250091,0.2390508531702741,251.75
0.2838930812760195,0.2838834001171999,0.23904874341505286,251.79166666666666
0.28389377093739093,0.28388409002731146,0.239041892854604,251.83333333333334
0.28388845945658564,0.2838787786752938,0.2390299646274257,251.875
0.283877172407593,0.28386749179458054,0.23901300283931032,251.91666666666666
0.2838603358348057,0.28385065563273104,0.23899138866445171,251.95833333333334
0.28383870475189144,0.2838290251566327,0.23896577910653438,252.0
0.2838132847027443,0.2838036061386679,0.23893703876193956,252.04166666666666
0.2837852568575956,0.28377557923187996,0.23890617725060329,252.08333333333334
0.2837559116552849,0.28374623361546725,0.23887428874123287,252.125
0.28372659149692825,0.28371691901480967,0.23884250800629822,252.16666666666666
0.28369863856477845,0.283688968620907,0.23881196095625737,252.20833333333334
0.28367334335397937,0.28366367495134914,0.23878372541910545,252.25
0.2836518857522271,0.2836422179998471,0.23875878347082832,252.29166666666666
0.2836352711570859,0.28362560388991487,0.2387379617183846,252.33333333333334
0.2836242545490356,0.28361458757444696,0.23872187558594196,252.375
0.28361926243410146,0.2836095955427319,0.23871086216534584,252.41666666666666
0.2836203214048392,0.2836106543830929,0.23870492358866605,252.45833333333334
0.28362700877928315,0.28361734117416376,0.2387036842021932,252.5
0.2836384418583608,0.28362877329476555,0.23870638369704777,252.54166666666666
0.2836533189658952,0.2836436501824615,0.23871191320486373,252.58333333333334
0.28367001723525936,0.2836603482528926,0.23871889822193396,252.625
0.28368673861102484,0.2836770636212797,0.23872581439204205,252.66666666666666
0.28370168427033576,0.2836920084552375,0.2387311636855999,252.70833333333334
0.2837132288954528,0.2837035525457529,0.2387335790391777,252.75
0.2837200676113279,0.28371039087761685,0.238731973630515,252.79166666666666
0.283721314105136,0.2837116373158691,0.23872561832923567,252.83333333333334
0.2837165434144009,0.28370686658729805,0.23871417547082657,252.875
0.28370578103668287,0.28369610464073547,0.2386976891104102,252.91666666666666
0.2836894542227677,0.2836797784079707,0.23867654108580025,252.95833333333334
0.2836683199513924,0.2836586448657664,0.2386513895787546,253.0
0.28364338649850923,0.28363371214451844,0.23862310081371801,253.04166666666666
0.28361583824448217,0.2836061649128056,0.23859268679387804,253.08333333333334
0.2835869691854853,0.28357729654750163,0.23856124364984968,253.125
0.283558125442722,0.28354845380188703,0.23852990854263645,253.16666666666666
0.2835306529722156,0.28352098213283466,0.23849980872131996,253.20833333333334
0.2835058454650263,0.28349617533954763,0.23847202528191988,253.25
0.28348488680386913,0.2834752173255643,0.23844754220674913,253.29166666666666
0.28346878489608235,0.28345911588838685,0.23842718791085013,253.33333333333334
0.28345829691016444,0.283448628174721,0.23841157921389003,253.375
0.28345385061133477,0.28344418122779846,0.23840105402972947,253.41666666666666
0.28345547273631433,0.2834458029029459,0.23839561464371406,253.45833333333334
0.2834627394940926,0.2834530692411775,0.23839488473440332,253.5
0.2834747657258681,0.28346509478335163,0.23839810251394256,253.54166666666666
0.2834902461950202,0.2834805742953537,0.23840415698257814,253.58333333333334
0.28350755343351763,0.28349788059534214,0.23841167057121535,253.625
0.283524879827294,0.2835152018465008,0.23841911825530054,253.66666666666666
0.28354042985674927,0.28353075109934894,0.23842499423184543,253.70833333333334
0.2835525703197253,0.28354289103756475,0.23842793041244345,253.75
0.28355999144242544,0.2835503122414646,0.23842683784285473,253.79166666666666
0.28356180544167925,0.2835521260412612,0.23842098589729993,253.83333333333334
0.2835575852703533,0.28354790586937434,0.23841003594866128,253.875
0.2835473565094815,0.28353767772616295,0.2383940315538412,253.91666666666666
0.28353154781988227,0.28352186941793706,0.23837335565773296,253.95833333333334
0.2835109181169086,0.28350124032704105,0.23834866781505248,254.0
0.2834864785654525,0.28347680164452116,0.23832083599210854,254.04166666666666
0.2834594168389994,0.2834497408038047,0.2382908741168906,254.08333333333334
0.2834310306991473,0.2834213541458733,0.238259881929895,254.125
0.28340267016742676,0.28339299453248357,0.23822899683102003,254.16666666666666
0.2833756850635832,0.2833660103246483,0.23819935108311224,254.20833333333334
0.28335137297035257,0.28334169882485105,0.238172026753713,254.25
0.2833309210515345,0.28332124743738246,0.2381480081486916,254.29166666666666
0.2833153401851109,0.28330566702500815,0.23812812743559994,254.33333333333334
0.2833053898626063,0.2832957169667459,0.23811300287209927,254.375
0.2833014991609037,0.2832918263224822,0.2381029738553345,254.41666666666666
0.2833036949688469,0.2832940219727183,0.23809804184680244,254.45833333333334
0.28331155227895666,0.2833018789206808,0.2380978299155833,254.5
0.28332418374424184,0.2833145084384441,0.2381015750424587,254.54166666666666
0.2833402802238328,0.28333060392119663,0.23810816319074668,254.58333333333334
0.28335820880109236,0.28334853161278956,0.2381162148681874,254.625
0.28337616179349157,0.2833664747972856,0.23812420259928532,254.66666666666666
0.2833923297295933,0.28338264127980073,0.2381306141480503,254.70833333333334
0.2834050777461044,0.28339538885016674,0.23813408019122986,254.75
0.28341309359323535,0.28340340416928256,0.23813350899413874,254.79166666666666
0.28341548532932737,0.2834057958624444,0.23812816799990758,254.83333333333334
0.2834118255646786,0.2834021361545781,0.23811771787320757,254.875
0.2834021395222825,0.28339245058802454,0.23810220245332908,254.91666666666666
0.2833868573726821,0.28337716872057517,0.23808200481621256,254.95833333333334
0.28336673996898415,0.28335705173621567,0.2380577861627192,255.0
0.2833428015651213,0.2833331144193251,0.23803042000898708,255.04166666666666
0.2833162333373683,0.2833065459885984,0.2380009151590081,255.08333333333334
0.28328833691848554,0.283278651066979,0.23797037713724023,255.125
0.2832604663723372,0.2832507814813068,0.23793994540466576,255.16666666666666
0.2832339755694577,0.2832242915517349,0.23791075710526635,255.20833333333334
0.283210165945652,0.283200482565676,0.23788389533913906,255.25
0.2831902284407827,0.283180545568818,0.23786034690693358,255.29166666666666
0.2831751769398103,0.28316549450577255,0.23784094594200256,255.33333333333334
0.2831657732972459,0.2831560911107513,0.23782631224874382,255.375
0.2831624479559443,0.2831527658050784,0.23781678614409574,255.41666666666666
0.2831652279564973,0.2831555456246147,0.23781236922800186,255.45833333333334
0.2831736870710496,0.2831640043584081,0.2378126838458084,255.5
0.28318693531735245,0.28317725103386565,0.23781696522480794,255.54166666666666
0.28320365960910127,0.2831939743575267,0.2378240977473951,255.58333333333334
0.2832222220971175,0.2832125359468754,0.23783269763857554,255.625
0.28324080955496594,0.2832311164223366,0.23784123306119265,255.66666666666666
0.28325760697756897,0.2832479126134931,0.23784818949141245,255.70833333333334
0.2832709744691068,0.2832612796760777,0.23785219430145532,255.75
0.2832795954511806,0.2832698995915781,0.23785215283543246,255.79166666666666
0.2832825757271782,0.283272879725753,0.23784733080184228,255.83333333333334
0.2832794860499447,0.28326979013260317,0.2378373879328295,255.875
0.2832703521251065,0.2832606562409807,0.2378223677302636,255.91666666666666
0.2832556046555596,0.28324590912826114,0.23780265458874156,255.95833333333334
0.2832360073144484,0.28322631234588797,0.2377789108564171,256.0
0.2832125773017088,0.28320288302880214,0.23775200898638635,256.0416666666667
0.2831865095121905,0.2831768149743156,0.23772296626436143,256.0833333333333
0.2831591095728936,0.2831494164727191,0.23769288758763366,256.125
0.28313173572025163,0.28312204361100957,0.23766291655755006,256.1666666666667
0.2831057461118565,0.28309605253159675,0.23763419050958068,256.2083333333333
0.2830824461920192,0.2830727533332395,0.23760779653775035,256.25
0.28306303073271044,0.2830533384200991,0.23758472382105914,256.2916666666667
0.2830485168972083,0.28303882500510513,0.23756580862753277,256.3333333333333
0.28303966893215177,0.2830299772707114,0.23755167240906927,256.375
0.2830369187004218,0.2830272270608888,0.23754265580594067,256.4166666666667
0.2830402933978668,0.2830306015632946,0.23753876156025547,256.4583333333333
0.2830493655242229,0.28303967322111445,0.2375396110998914,256.5
0.28306324234707964,0.2830535490650899,0.23754443764257435,256.5416666666667
0.2830806066799274,0.28307091269556933,0.23755212265690742,256.5833333333333
0.28309981555089064,0.2830901215276199,0.23756127904815766,256.625
0.28311904992795506,0.28310935047000996,0.23757036869317802,256.6666666666667
0.28313648907138567,0.28312678808178754,0.2375778797569482,256.7083333333333
0.283150487893415,0.28314078632681455,0.23758243243519503,256.75
0.28315972535992023,0.2831500234978085,0.23758292877882561,256.7916666666667
0.2831633045623895,0.2831536027090693,0.23757863374507965,256.8333333333333
0.2831607947434463,0.2831510931037971,0.23756920549693356,256.875
0.2831522216201708,0.2831425200755722,0.23755468745397063,256.9166666666667
0.2831380172071205,0.28312831603119987,0.2375354648523033,256.9583333333333
0.2831189475721239,0.2831092470402067,0.23751220180487173,257.0
0.2830960331383107,0.28308633355355095,0.23748577219751663,257.0416666666667
0.28307047261305124,0.28306077277676506,0.23745719553642147,257.0833333333333
0.28304357581347017,0.28303387649041034,0.23742758021422558,257.125
0.2830167053559085,0.28300700697970865,0.2373980727928543,257.1666666666667
0.2829912237982912,0.28298152722809133,0.23736981380117986,257.2083333333333
0.28296844077576183,0.282958745671222,0.23734389061163627,257.25
0.28294955505459796,0.28293986051727155,0.23732129920409853,257.2916666666667
0.2829355871617629,0.2829258930281303,0.23730287587915222,257.3333333333333
0.28292730385413717,0.2829176099319907,0.2372892438069871,257.375
0.28292513846906886,0.2829154445486047,0.2372807446266659,257.4166666666667
0.2829291183603416,0.28291942422576444,0.2372773812350349,257.4583333333333
0.2829388147431408,0.2829291201503391,0.23727877416300977,257.5
0.2829533317127394,0.2829436364106285,0.23728415487950022,257.5416666666667
0.28297134791477185,0.28296165176359284,0.23729240190764656,257.5833333333333
0.2829912157077694,0.2829815185016837,0.23730212491957053,257.625
0.283011109463053,0.28300140431973103,0.23731178174052245,257.6666666666667
0.2830292025799775,0.28301949639913415,0.23731985689132254,257.7083333333333
0.2830438444901819,0.2830341376736457,0.2373249661383681,257.75
0.2830537099158936,0.28304400260181733,0.23732600975213688,257.7916666666667
0.2830578984764275,0.28304819101292894,0.23732224935117413,257.8333333333333
0.28305597827143314,0.28304627074541905,0.23731334264858522,257.875
0.2830479748594176,0.2830382682038253,0.2372993334271633,257.9166666666667
0.2830343217688306,0.28302461587681943,0.23728060724377253,257.9583333333333
0.2830157874922185,0.2830060821487851,0.23725782985423166,258.0
0.2829933957869164,0.2829836930741033,0.23723187780105537,258.0416666666667
0.28296834936892057,0.2829586476947176,0.2372037751960141,258.0833333333333
0.28294196237226116,0.2829322671577155,0.23717463231413585,258.125
0.2829156019731036,0.28290590762826007,0.23714559676523733,258.1666666666667
0.2828906352915799,0.2828809410807248,0.23711780938140992,258.2083333333333
0.2828683765667884,0.28285868219085714,0.23709236695421648,258.25
0.28285002826852174,0.28284033448268575,0.23707026232685835,258.2916666666667
0.2828366145747118,0.2828269211738138,0.2370523368940053,258.3333333333333
0.2828289048893231,0.28281921168025653,0.23703921557212745,258.375
0.2828273340772471,0.282817640850325,0.23703124123149216,258.4166666666667
0.28283192966259746,0.2828222361960703,0.23702841655555965,258.4583333333333
0.2828422614373328,0.2828325673528111,0.2370303613463824,258.5
0.28285743061252916,0.28284773554915293,0.23703630524119598,258.5416666666667
0.2828761115506636,0.2828664155897525,0.2370451243467746,258.5833333333333
0.2828966505551751,0.2828869544149324,0.23705542352065812,258.625
0.282917216207097,0.28290751443789,0.23706566066266196,258.6666666666667
0.2829359755222111,0.282926272172413,0.23707430844782706,258.7083333333333
0.2829512723102296,0.2829415684475102,0.23707998331990787,258.75
0.2829617766834587,0.2829520717159785,0.23708158207321287,258.7916666666667
0.2829665851931791,0.2829568801511738,0.23707836441440125,258.8333333333333
0.2829652642968591,0.2829555593733723,0.23706998675163632,258.875
0.28295783967693805,0.2829481348103072,0.23705649257641018,258.9166666666667
0.2829447461522541,0.28293504159408006,0.2370382689541002,258.9583333333333
0.28292675486479474,0.28291705062313965,0.23701598299679635,259.0
0.2829048930635958,0.2828951890732494,0.23699051362266468,259.0416666666667
0.28288036754684304,0.2828706632366749,0.2369628857582018,259.0833333333333
0.2828544969700774,0.28284479908954785,0.2369342137010245,259.125
0.28282865324714523,0.2828189569234899,0.23690564801977204,259.1666666666667
0.2828042082420518,0.28279451249350973,0.23687833804778805,259.2083333333333
0.28278248069099193,0.28277278583266224,0.23685337641692858,259.25
0.28276467745916395,0.2827549831378249,0.23683176418180119,259.2916666666667
0.2827518262027558,0.28274213224719685,0.2368143427336632,259.3333333333333
0.2827446990911447,0.28273500529163986,0.23680173884691572,259.375
0.2827437325747364,0.2827340380284936,0.23679429694374254,259.4166666666667
0.28274895433942854,0.2827392591932592,0.23679201919615564,259.4583333333333
0.28275993278806233,0.2827502371021105,0.23679452438018825,259.5
0.28277576596568615,0.28276606942321963,0.2368010398804796,259.5416666666667
0.28279512348547986,0.28278542580683896,0.23681043976584845,259.5833333333333
0.2828163463767695,0.28280664759359764,0.2368213246568718,259.625
0.28283759637334555,0.2828278876393058,0.23683214822508192,259.6666666666667
0.28285703417956504,0.28284732432410375,0.23684137878259592,259.7083333333333
0.28287299768693536,0.2828632871506108,0.23684762826420208,259.75
0.2828841522092448,0.2828744414540114,0.23684979089197924,259.7916666666667
0.2828895912029309,0.28287988047678103,0.23684712359150079,259.8333333333333
0.28288887936221674,0.28287916861327245,0.2368392822253347,259.875
0.2828820424193764,0.2828723316785881,0.23682631044292454,259.9166666666667
0.28286951670285077,0.28285980623005974,0.2368085952117706,259.9583333333333
0.2828520760160306,0.2828423658023683,0.23678680622622156,260.0
0.2828307512204265,0.2828210418770368,0.23676182460546077,260.0416666666667
0.2828067533683625,0.28279704468414857,0.236734678409974,260.0833333333333
0.2827814058135321,0.28277170284647096,0.23670648453882426,260.125
0.28275608535373714,0.28274638334659663,0.23667839740636518,260.1666666666667
0.2827321687044445,0.2827224662665689,0.23665156917376415,260.2083333333333
0.28271098005790146,0.2827012770141471,0.2366270976873804,260.25
0.28269372949791927,0.2826840269188846,0.23660598329449573,260.2916666666667
0.28268144890047614,0.28267174666940803,0.23658907179290567,260.3333333333333
0.2826749133036535,0.282665211225884,0.23657699189613324,260.375
0.28267456079736814,0.2826648586601513,0.236570089164721,260.4166666666667
0.2826804192414277,0.2826707168246469,0.23656836591457248,260.4583333333333
0.2826920555097457,0.28268235253494284,0.23657144009741576,260.5
0.28270856476655254,0.2826988607951311,0.2365785366554016,260.5416666666667
0.2827286117616066,0.28271890594956006,0.236588526120236,260.5833333333333
0.2827505308623304,0.28274082417522933,0.23660000610565435,260.625
0.2827724777494139,0.2827627659716414,0.23661142119974143,260.6666666666667
0.2827926062998321,0.2827828934232131,0.23662124280738867,260.7083333333333
0.2828092483493238,0.2827995346593816,0.23662807580915227,260.75
0.2828210643578457,0.28281135040961447,0.23663081046597673,260.7916666666667
0.28282714421118776,0.2828174303029048,0.2366287016251328,260.8333333333333
0.2828270511297356,0.2828173371844288,0.23662140342976168,260.875
0.2828208108099092,0.2828110968550196,0.23660895953753192,260.9166666666667
0.2828088611027833,0.2827991474036278,0.2365917588675619,260.9583333333333
0.28279197859870026,0.2827822651398658,0.2365704720067006,261.0
0.28277119788651667,0.28276148529771883,0.2365459827224086,261.0416666666667
0.2827477344700159,0.28273802250938007,0.2365193219170528,261.0833333333333
0.2827229165340124,0.28271320529479116,0.23649161082051168,261.125
0.2826981259421622,0.2826884154575245,0.23646400640852452,261.1666666666667
0.28267474456724623,0.2826650347678723,0.23643766449877143,261.2083333333333
0.2826541008641186,0.2826443915893247,0.23641368635911175,261.25
0.2826374106209106,0.282627701683232,0.2363930752791452,261.2916666666667
0.28262570889010236,0.28261600028178224,0.23637667968483939,261.3333333333333
0.2826197737404153,0.2826100652658229,0.23636513033104628,261.375
0.28262004495741533,0.28261033640369804,0.23635877336124794,261.4166666666667
0.28262655057762875,0.28261684172319257,0.23635761217308024,261.4583333333333
0.28263885593304544,0.2826291464903906,0.2363612636287121,261.5
0.2826560528783568,0.28264634179512343,0.23636895073828856,261.5416666666667
0.28267680123605915,0.2826670885473812,0.23637953958244418,261.5833333333333
0.2826994291458371,0.28268971541400767,0.2363916241005419,261.625
0.2827220854469641,0.2827123615650997,0.23640364445184464,261.6666666666667
0.282742917050277,0.2827331915338309,0.23641406760514824,261.7083333333333
0.28276024945342726,0.28275052328575173,0.23642149305862445,261.75
0.282772737989881,0.28276301139376014,0.23642480821227804,261.7916666666667
0.2827794693358691,0.28276974240668856,0.23642326527845717,261.8333333333333
0.28278000473291837,0.2827702776687762,0.23641651776906908,261.875
0.2827743699892889,0.2827646430900761,0.236404609293887,261.9166666666667
0.2827630045063325,0.2827532777749449,0.23638792894813526,261.9583333333333
0.28274668776182366,0.28273696145978483,0.23636714996239314,262.0
0.2827264582251924,0.2827167324626245,0.23634315850554213,262.0416666666667
0.28270353594127756,0.2826938107922921,0.23631698960108713,262.0833333333333
0.2826792541548037,0.2826695304090283,0.23628976578940278,262.125
0.28265499996517973,0.28264527650233134,0.2362626503914958,262.1666666666667
0.2826321605167492,0.28262243782649193,0.236236799741141,262.2083333333333
0.28261206908681896,0.2826023471468529,0.23621331999544376,262.25
0.2825959464678872,0.2825862250468362,0.2361932176739173,262.2916666666667
0.2825848317992987,0.28257511068979296,0.23617734398732,262.3333333333333
0.28257950602279847,0.28256978500619984,0.23616633177645774,262.375
0.2825804106761913,0.28257068888477405,0.2361605290106684,262.4166666666667
0.2825875739764899,0.2825778514940149,0.23615993830801404,262.4583333333333
0.282600559659221,0.2825908366090394,0.2361641755401875,262.5
0.28261845615509656,0.2826087319306849,0.23617246175368192,262.5416666666667
0.28263991818235523,0.2826301922896548,0.23618365931846588,262.5833333333333
0.2826632674658924,0.28265354050988795,0.23619635797211377,262.625
0.28268664572903485,0.28267690853690225,0.23620899287253913,262.6666666666667
0.2827081927038239,0.28269845383220177,0.23622002585120425,262.7083333333333
0.2827262273560608,0.2827164878332457,0.23622805271106714,262.75
0.28273939982799,0.2827296598309556,0.23623195651195156,262.7916666666667
0.2827467931193436,0.28273705276834077,0.23623098741322127,262.8333333333333
0.2827479667184585,0.282738226207403,0.23622479741253308,262.875
0.2827429464595498,0.28273320614652936,0.23621343003290163,262.9166666666667
0.2827321733873773,0.28272243391635743,0.23619727612675773,262.9583333333333
0.2827164299556116,0.2827066910610345,0.23617701045553924,263.0
0.2826967586359609,0.2826870199038493,0.23615352218350527,263.0416666666667
0.28267438420295193,0.2826646450953091,0.23612784906633935,263.0833333333333
0.282650645091988,0.28264091235575295,0.2361011163152747,263.125
0.2826269338252112,0.2826172018816033,0.2360744929339311,263.1666666666667
0.282604642990208,0.2825949115024855,0.23604913669227526,263.2083333333333
0.2825851111814676,0.28257538037483226,0.2360261586780669,263.25
0.28256956389770216,0.28255983355562925,0.23600657051946516,263.2916666666667
0.28255904447658353,0.2825493144272261,0.23599122464703706,263.3333333333333
0.2825543369948318,0.28254460704051715,0.2359807560867365,263.375
0.2825558847995139,0.282546154725449,0.23597551407934042,263.4166666666667
0.2825637162919653,0.28255398587411035,0.23597550139086004,263.4583333333333
0.28257739355642847,0.28256766259090127,0.23598033276385924,263.5
0.2825960014823008,0.28258626939326015,0.23598922627674038,263.5416666666667
0.2826181895120902,0.2826084552885545,0.2360010422345811,263.5833333333333
0.2826422727543056,0.2826325374082587,0.23601436525753694,263.625
0.2826663855534109,0.28265664192037576,0.23602762842244518,263.6666666666667
0.28268866024116074,0.28267891547260526,0.23603928140575944,263.7083333333333
0.28270740907417075,0.28269766359107046,0.23604791854269963,263.75
0.28272127670435615,0.2827115307441691,0.23605241926180812,263.7916666666667
0.28272934246199555,0.28271959615134334,0.2360520319429793,263.8333333333333
0.2827311639842088,0.282721417501348,0.23604640694016873,263.875
0.28272676713472356,0.2827170208225388,0.23603558797037807,263.9166666666667
0.28271659465593174,0.28270684849562244,0.2360199667777964,263.9583333333333
0.2827014320783139,0.2826916864378451,0.2360002197555397,264.0
0.28268232600911536,0.2826725803961001,0.2359772388820962,264.0416666666667
0.2826605061090277,0.2826507613006419,0.23595206482573167,264.0833333333333
0.2826373161761297,0.2826275721122735,0.23592582936424067,264.125
0.2826141543338764,0.2826044112138575,0.23589970266396926,264.1666666666667
0.28259241879209385,0.2825826750444441,0.23587484853208304,264.2083333333333
0.28257345361294095,0.28256370808719805,0.23585238050894447,264.25
0.28255848920017507,0.2825487441606015,0.23583331191375198,264.2916666666667
0.28254857320339777,0.2825388284384029,0.23581849979176125,264.3333333333333
0.2825444929355046,0.28253474821953484,0.23580858142302,264.375
0.282546693610203,0.28253694810026575,0.23580390736509207,264.4166666666667
0.28255520381746285,0.28254545754883004,0.2358044805496756,264.4583333333333
0.28256958393445386,0.2825598370521512,0.23580991451306862,264.5
0.2825889151927565,0.282579167251343,0.23581942528637825,264.5416666666667
0.2826118415859107,0.28260209201460545,0.23583186831739664,264.5833333333333
0.2826366713857419,0.2826269208575869,0.23584582374073254,264.625
0.282661531326435,0.2826517747834171,0.23585971640867487,264.6666666666667
0.2826845460937476,0.28267478828341447,0.23587199819774943,264.7083333333333
0.2827040210010893,0.2826942624526457,0.2358812546205918,264.75
0.2827185950890352,0.2827088360420531,0.23588636153112136,264.7916666666667
0.28272734384586173,0.2827175844267786,0.2358865637502316,264.8333333333333
0.2827298230176159,0.282720063407528,0.23588151065579407,264.875
0.2827260585000475,0.28271629889702893,0.23587124557003875,264.9166666666667
0.2827164947902487,0.28270673537872587,0.23585616194354003,264.9583333333333
0.28270192059589744,0.28269216135530584,0.23583693882016532,265.0
0.2826833867942494,0.2826736275579436,0.2358144730892958,265.0416666666667
0.28266212809036606,0.2826523697554387,0.23578980506102312,265.0833333333333
0.2826394938177642,0.2826297418731489,0.23576407148755094,265.125
0.28261688788123024,0.2826071372484375,0.23573844604925853,265.1666666666667
0.28259571429276215,0.2825859643016174,0.23571409766788626,265.2083333333333
0.28257732280908326,0.2825675736172911,0.2356921432784509,265.25
0.28256294879139726,0.28255320006638474,0.23567359965826298,265.2916666666667
0.28255364438923336,0.28254389591838247,0.23565932721743352,265.3333333333333
0.28255020025373156,0.28254045180847304,0.23564996556354315,265.375
0.28255306352302195,0.28254331426738105,0.23564586612690328,265.4166666666667
0.2825622629803163,0.28255251293244377,0.23564703270709958,265.4583333333333
0.2825773572391711,0.28256760655330354,0.235653077822095,265.5
0.2825974237567255,0.28258767198519463,0.2356632147102989,265.5416666666667
0.2826211009027695,0.282611347467114,0.23567629448354216,265.5833333333333
0.2826466898811495,0.2826369352887469,0.23569089261156467,265.625
0.2826723096012036,0.282662544615251,0.2357054284714588,265.6666666666667
0.2826960768422312,0.28268631059261645,0.23571834849222892,265.7083333333333
0.28271628971481844,0.2827065227454966,0.23572823314533278,265.75
0.28273158178673896,0.2827218143137262,0.2357339542320659,265.7916666666667
0.2827410239749271,0.2827312562619768,0.23573475376978675,265.8333333333333
0.28274417055684925,0.2827344028552735,0.235730279857531,265.875
0.2827410469634995,0.2827312800187193,0.2357205757965633,265.9166666666667
0.28273210029398477,0.28272233326873153,0.23570603619869326,265.9583333333333
0.2827181219646979,0.28270835519069865,0.23568734220487597,266.0
0.28270016742233484,0.282690400644802,0.23566539177327583,266.0416666666667
0.2826794765208178,0.2826697094673919,0.23564123235961684,266.0833333333333
0.28265740433824765,0.2826476379974091,0.23561600355985166,266.125
0.28263536078376805,0.28262559312145186,0.23559088370008133,266.1666666666667
0.2826147557949005,0.2826049885854914,0.23556704518356034,266.2083333333333
0.28259694515617334,0.2825871781936912,0.2355456091075817,266.25
0.2825831690566009,0.28257340249300933,0.23552759586289312,266.2916666666667
0.2825744844143801,0.28256471808482586,0.2355138690420472,266.3333333333333
0.28257168533105365,0.28256191903691474,0.23550507068895835,266.375
0.28257522092661663,0.28256545444900927,0.23550155413368895,266.4166666666667
0.28258512018525556,0.2825753532954799,0.23550332263024093,266.4583333333333
0.28260093989841234,0.2825911723821638,0.23550998725485323,266.5
0.2826217534164773,0.2826119849328738,0.23552075886536794,266.5416666666667
0.28264619349158626,0.28263642360229607,0.2355344848264692,266.5833333333333
0.2826725543512709,0.28266278324139316,0.23554973525571318,266.625
0.2826989465100115,0.28268916486738443,0.23556492556303912,266.6666666666667
0.2827234786476161,0.28271369521434825,0.23557849328104308,266.7083333333333
0.282744441587695,0.28273465733340203,0.2355890151407141,266.75
0.28276046257923276,0.2827506777687689,0.23559535886941885,266.7916666666667
0.2827706089391117,0.28276082405119407,0.23559676363048382,266.8333333333333
0.28277443261372576,0.28276464757327097,0.2355928759877201,266.875
0.28277195952638423,0.28276217434564155,0.23558373947071284,266.9166666666667
0.28276363783048863,0.28275385281963966,0.23556974978005676,266.9583333333333
0.2827502629489977,0.282740478064374,0.23555159059851014,267.0
0.2827328946703576,0.28272310976395465,0.23553016334026824,267.0416666666667
0.28271277825873264,0.28270299423362705,0.23550651823457633,267.0833333333333
0.2826912746607763,0.28268149189994524,0.2354817994919611,267.125
0.2826697999313434,0.2826600179909674,0.235457189861991,267.1666666666667
0.2826497701653265,0.2826399863020447,0.23543386572562897,267.2083333333333
0.2826325470304839,0.2826227637483777,0.23541295268836146,267.25
0.28261937634344947,0.28260959344576175,0.23539547525018314,267.2916666666667
0.28261131962341135,0.2826015369423984,0.23538229997411042,267.3333333333333
0.2826091745149553,0.28259939184871613,0.23537407142734085,267.375
0.2826133921798323,0.2826036093006338,0.23537114391772074,267.4166666666667
0.2826240018036419,0.282614218485158,0.23537352154212696,267.4583333333333
0.28264055829901386,0.282630774332023,0.23538081431061683,267.5
0.2826621310699499,0.2826523459215343,0.23539222993945955,267.5416666666667
0.28268734681472507,0.28267755987590176,0.23540661130723156,267.5833333333333
0.28271449221267575,0.28270470422890276,0.23542252356219506,267.625
0.28274166951597535,0.2827318759284178,0.2354383752088067,267.6666666666667
0.2827669790090493,0.2827571841684741,0.23545259921572148,267.7083333333333
0.2827887039108622,0.28277890820386875,0.23546376730721602,267.75
0.28280546532884254,0.2827956689266826,0.23547074176165955,267.7916666666667
0.28281632640935184,0.28280652957811087,0.23547275965130524,267.8333333333333
0.2828208369523283,0.28281103981385863,0.23546946571184652,267.875
0.2828190229697474,0.28280922590922675,0.2354609036647782,267.9166666666667
0.28281133457530644,0.2828015378637849,0.23544747028384927,267.9583333333333
0.28279857059979413,0.28278877437821975,0.23542985124094407,268.0
0.28278179555650046,0.28277199937803804,0.23540895090360225,268.0416666666667
0.2827622602328185,0.282752463606538,0.2353858255105879,268.0833333333333
0.2827413316370964,0.2827315354828874,0.2353616217149849,268.125
0.2827204321374262,0.2827106367350784,0.23533752561678176,268.1666666666667
0.2827009842068182,0.282691189362932,0.23531472212781254,268.2083333333333
0.28268435539632286,0.282674561087575,0.235294337130346,268.25
0.2826717976125796,0.2826620036975506,0.23527740077062884,268.2916666666667
0.2826643769751101,0.28265458325676485,0.2352647829139134,268.3333333333333
0.2826628947686987,0.28265310100820085,0.23525713071681065,268.375
0.28266780425721083,0.28265800963635707,0.23525480045564892,268.4166666666667
0.28267913482749313,0.28266933931065835,0.23525779573235045,268.4583333333333
0.28269643946332906,0.2826866432365933,0.23526572503966758,268.5
0.28271878357807584,0.2827089861885538,0.2352777934236019,268.5416666666667
0.28274478759948823,0.2827349884618668,0.23529283977862434,268.5833333333333
0.2827727302951221,0.2827629298876245,0.23530942356727622,268.625
0.2828007054661312,0.2827908954100699,0.23532595031735232,268.6666666666667
0.28282680480778555,0.2828169934231171,0.2353408412821952,268.7083333333333
0.2828493036927716,0.282839491414795,0.2353526645508391,268.75
0.28286681727677493,0.2828570042186652,0.23536027920154018,268.7916666666667
0.28287840355268135,0.28286859017258753,0.23536291796371414,268.8333333333333
0.28288361078284313,0.28287379734782386,0.235360224683684,268.875
0.28288246450882254,0.28287265193932604,0.23535224309202665,268.9166666666667
0.28287541765595947,0.28286560575491443,0.23533937134436694,268.9583333333333
0.2828632720614541,0.28285346063400996,0.2353222976353817,269.0
0.2828470972174215,0.28283728582344314,0.23530192972154323,269.0416666666667
0.28282814956316205,0.28281833772051773,0.2352793278585622,269.0833333333333
0.282807802363651,0.28279799098283065,0.23525564310608624,269.125
0.2827874845238087,0.28277767387473585,0.235232066189779,269.1666666666667
0.28276862503425143,0.28275881492184407,0.23520978661957478,269.2083333333333
0.2827525980702617,0.2827427881747392,0.23518993479397418,269.25
0.2827406606995828,0.28273085114747587,0.2351735448967719,269.2916666666667
0.28273388430445323,0.28272407492931284,0.2351614903609608,269.3333333333333
0.2827330739333223,0.28272326448944163,0.23515442099301753,269.375
0.2827386850096371,0.2827288746770367,0.23515269412524886,269.4166666666667
0.2827507471353346,0.28274093563548447,0.23515631425168743,269.4583333333333
0.282768811297576,0.28275899891074785,0.23516488859790421,269.5
0.28279193846522493,0.2827821248031516,0.23517761898964878,269.5416666666667
0.28281874287475456,0.2828089279567607,0.23519333994243227,269.5833333333333
0.28284749562314737,0.28283767950345423,0.23521060462433593,269.625
0.28287628145288274,0.28286645961514223,0.2352278100755182,269.6666666666667
0.2829031831641324,0.28289336005314064,0.2352433767175816,269.7083333333333
0.2829264680850302,0.2829166440469482,0.23525586416505034,269.75
0.282944744497152,0.2829349196781057,0.2352641268577542,269.7916666666667
0.282957066723999,0.28294724166705076,0.23526739433737653,269.8333333333333
0.28296298033749206,0.2829531552458894,0.23526530887998198,269.875
0.2829625113919377,0.2829526861425004,0.23525791422620132,269.9166666666667
0.2829561139947345,0.28294628886480977,0.23524560994786203,269.9583333333333
0.2829445943357239,0.2829347695488715,0.23522908689203,270.0
0.2829290266603557,0.282919206300298,0.23520925627566938,270.0416666666667
0.2829106733009838,0.2829008531509272,0.2351871825344907,270.0833333333333
0.2828909139347135,0.2828810937119515,0.23516402127081837,270.125
0.28287118416201695,0.2828613683243378,0.23514096800091278,270.1666666666667
0.2828529196937691,0.28284310961437237,0.2351192169565803,270.2083333333333
0.2828375009276564,0.28282769133893115,0.23509990317261503,270.25
0.2828261914489394,0.2828163822242904,0.23508406508118795,270.2916666666667
0.28282006745728555,0.2828102583868495,0.23507257975319146,270.3333333333333
0.2828199378620953,0.2828101286928586,0.23506609974930198,270.375
0.2828262603090422,0.2828164502332564,0.23506498403410991,270.4166666666667
0.2828390646076004,0.2828292533708948,0.23506923719056919,270.4583333333333
0.2828578997410445,0.28284808754487945,0.2350784650853717,270.5
0.28288182210162,0.28287200869370066,0.235091866414028,270.5416666666667
0.2829094394152487,0.2828996249933659,0.2351082710695393,270.5833333333333
0.2829390150496943,0.2829291993726133,0.23512622640722222,270.625
0.28296862434169046,0.2829588028360567,0.2351441232468522,270.6666666666667
0.28299634100565707,0.28298651818220255,0.23516037503847795,270.7083333333333
0.283020424058861,0.2830106002620252,0.23517353571419086,270.75
0.2830394752314836,0.2830296504979095,0.23518245494825765,270.7916666666667
0.2830525441225593,0.28304271900408806,0.23518635900188062,270.8333333333333
0.28305917391115026,0.28304934875835197,0.2351848885380765,270.875
0.2830593906735571,0.28304956556559646,0.2351780873139058,270.9166666666667
0.28305365106756897,0.28304382606214856,0.23516635637572458,270.9583333333333
0.2830427647810596,0.28303294017815833,0.23515038928447254,271.0
0.2830278112211526,0.2830179873184401,0.23513110085914257,271.0416666666667
0.28301005870477414,0.28300023431323185,0.2351095598290038,271.0833333333333
0.28299089352417284,0.2829810694540579,0.23508692646229798,271.125
0.28297175817575965,0.2829619348110154,0.23506440223364433,271.1666666666667
0.28295409530577414,0.2829442724431792,0.23504318298236088,271.2083333333333
0.2829392919094573,0.2829294695573025,0.2350244133764542,271.25
0.2829286177990186,0.28291879575441936,0.23500913241879343,271.2916666666667
0.2829231543741118,0.28291333246284806,0.23499822218251668,271.3333333333333
0.28292371450451037,0.2829138925199297,0.23499233809332315,271.375
0.2829307581178431,0.28292093583386224,0.23499184123140884,271.4166666666667
0.28294431524262664,0.28293449242878155,0.23499673569046264,271.4583333333333
0.2829639327534444,0.2829541090585686,0.23500662566773342,271.5
0.28298866252069055,0.28297883759526027,0.2350207066802019,271.5416666666667
0.28301710562815197,0.2830072795302341,0.235037803950318,271.5833333333333
0.28304751693273,0.28303768960107734,0.2350564595680566,271.625
0.2830779625436978,0.283068129550341,0.23507505737821316,271.6666666666667
0.28310650672816895,0.28309667264626287,0.2350920037284091,271.7083333333333
0.28313140001947196,0.28312156496824503,0.23510584664644782,271.75
0.28315123712954043,0.28314140139651484,0.2351154306476744,271.7916666666667
0.28316506311330397,0.2831552271713445,0.23511997905933416,271.8333333333333
0.2831724189738599,0.28316258275604433,0.2351191304639389,271.875
0.283173330855348,0.2831634943923397,0.23511292861637334,271.9166666666667
0.2831682571692311,0.28315842075500874,0.23510177636387594,271.9583333333333
0.28315801176455063,0.2831481753822666,0.23508637038598135,272.0
0.28314367925007955,0.28313384274234693,0.23506763109486442,272.0416666666667
0.28312653418169165,0.28311669847518756,0.23504662760045417,272.0833333333333
0.2831079695955907,0.2830981342581218,0.23502452598860907,272.125
0.2830894350862487,0.28307960041596575,0.23500253270713312,272.1666666666667
0.2830723803883452,0.2830625461958428,0.23498185114434472,272.2083333333333
0.2830582000505883,0.2830483656124614,0.23496363056985975,272.25
0.28304816886828577,0.2830383346497894,0.23494891207436433,272.2916666666667
0.28304337417658093,0.2830335400685882,0.23493858278128849,272.3333333333333
0.28304463299193894,0.2830347987885631,0.2349333010386451,272.375
0.28305240758539124,0.2830425730568963,0.234933429167402,272.4166666666667
0.2830667282114313,0.2830568931001843,0.23493897191917565,272.4583333333333
0.28308713953624515,0.28307730337817466,0.23494953234432955,272.5
0.283112689138175,0.28310285156232645,0.23496430247727626,272.5416666666667
0.28314197090989646,0.28313213170374063,0.23498210269721595,272.5833333333333
0.28317323095049496,0.28316339041621175,0.23500146840335445,272.625
0.2832045257726354,0.2831946762327742,0.23502077900538443,272.6666666666667
0.28323391016606914,0.28322405915676396,0.23503842971945374,272.7083333333333
0.2832596258713121,0.28324977385411104,0.2350529639955884,272.75
0.28328026013062046,0.2832704072571341,0.23506322160992865,272.7916666666667
0.28329485407066196,0.2832850006524351,0.2350684223391179,272.8333333333333
0.2833029457589634,0.2832930922490241,0.23506820321067903,272.875
0.28330456124405856,0.2832947084435233,0.23506260765014483,272.9166666666667
0.28330016171807987,0.2832903095380997,0.23505204039451566,272.9583333333333
0.28329056464362756,0.2832807128624525,0.23503720099726147,273.0
0.2832768601270222,0.28326700826200873,0.23501901399575048,273.0416666666667
0.28326032901626474,0.2832504776187333,0.234998552306876,273.0833333333333
0.28324237136534325,0.2832325205117639,0.23497698791121888,273.125
0.28322444402922375,0.28321459196323423,0.23495553323413518,273.1666666666667
0.28320800405096697,0.2831981525555532,0.2349353939119907,273.2083333333333
0.2831944526406214,0.28318460135723955,0.23491772373594938,273.25
0.2831850717286064,0.283175220712907,0.23490357306528173,273.2916666666667
0.28318095394078113,0.28317110301455345,0.23489383068155986,273.3333333333333
0.28318292041160903,0.28317306936770514,0.23488915797119067,273.375
0.2831914358159713,0.2831815844268638,0.2348899194396637,273.4166666666667
0.28320653064179696,0.2831966786690904,0.23489611952292525,273.4583333333333
0.2832277473180416,0.2832178945386122,0.23490735919392677,273.5
0.28325412857559784,0.2832442735100432,0.23492282740184067,273.5416666666667
0.2832842613155494,0.28327440501670553,0.2349413395629835,273.5833333333333
0.2833162683579353,0.28330636954386457,0.2349612897305058,273.625
0.2833482664905153,0.2833383419798899,0.234981154706429,273.6666666666667
0.2833785037034532,0.2833685780141148,0.23499951872395436,273.7083333333333
0.2834050540185888,0.2833951273027235,0.23501475349590667,273.75
0.28342649784349727,0.28341657024719996,0.23502569327857845,273.7916666666667
0.28344187035390617,0.28343194218434664,0.235031554456951,273.8333333333333
0.28345070778840215,0.2834407792160526,0.23503197202612505,273.875
0.28345303643806874,0.28344310780502024,0.23502698943715336,273.9166666666667
0.28344931918677346,0.2834393905722122,0.2350170131576649,273.9583333333333
0.28344037802618033,0.28343044975007137,0.23500274570070698,274.0
0.2834273084945166,0.28341738086093415,0.23498511364321653,274.0416666666667
0.2834113980046337,0.2834014698014146,0.23496519746090125,274.0833333333333
0.2833940537422794,0.2833841257531394,0.23494417457317066,274.125
0.2833767399960847,0.28336681267243163,0.2349232616811911,274.1666666666667
0.2833609213478974,0.28335099447568124,0.23490367036090964,274.2083333333333
0.2833480076511833,0.28333807943914446,0.23488655790872007,274.25
0.2833392846008311,0.28332935664468656,0.23487298043725835,274.2916666666667
0.2833358519346456,0.2833259240559734,0.23486383087603271,274.3333333333333
0.28333853507920365,0.2833286070681027,0.234859773715028,274.375
0.283347801176573,0.28333787280007916,0.2348611752433536,274.4166666666667
0.28336368094719244,0.283353751947909,0.23486804010466428,274.4583333333333
0.2833857145313977,0.28337578445173484,0.2348799677158321,274.5
0.283412939819169,0.2834030084338756,0.23489614348859597,274.5416666666667
0.28344393404967616,0.2834339748187483,0.23491537241566343,274.5833333333333
0.2834754803859297,0.28346540696217776,0.2349348928712371,274.625
0.2835068220044677,0.2834968094847749,0.2349543086442408,274.6666666666667
0.28353791450608334,0.28352789111973287,0.23497337730889228,274.7083333333333
0.28356531182760825,0.2835552873806007,0.23498932178077014,274.75
0.2835875764747064,0.28357755145436814,0.2350009524137092,274.7916666666667
0.28360373864403626,0.2835937131466722,0.23500748176987307,274.8333333333333
0.28361333199553795,0.283603306286123,0.23500854330815357,274.875
0.28361638289623725,0.2836063569176284,0.23500418051752514,274.9166666666667
0.28361335659953424,0.2836033306032493,0.23499480143571272,274.9583333333333
0.2836050792941679,0.28359505327312023,0.23498111162502153,275.0
0.2835926521874887,0.2835826259874242,0.2349640436242869,275.0416666666667
0.2835773693973881,0.283567343970928,0.23494467993178678,275.0833333333333
0.2835606454185705,0.2835506201579157,0.23492420274437173,275.125
0.2835439520763113,0.2835339275935553,0.2349038356825517,275.1666666666667
0.2835287619351322,0.28351873781938575,0.23488479556612085,275.2083333333333
0.28351649035008264,0.2835064665520444,0.2348682462119439,275.25
0.2835084331244743,0.28349840957666395,0.23485524765864602,275.2916666666667
0.28350569419590166,0.28349567071705195,0.23484669717138443,275.3333333333333
0.28350910338098245,0.2834990797562894,0.23484326236142777,275.375
0.28351913034803866,0.28350910634273774,0.23484531094264594,275.4166666666667
0.2835358060487545,0.28352578142314366,0.2348528483206887,275.4583333333333
0.2835586683368374,0.2835486427931798,0.23486547232056434,275.5
0.2835867498458409,0.2835767224298652,0.23488236484347058,275.5416666666667
0.28361809971535995,0.28360799522518115,0.23490199522165764,275.5833333333333
0.2836486290384181,0.2836385406820169,0.23492078714683767,275.625
0.2836791283392649,0.2836690573806099,0.23493947366463613,275.6666666666667
0.28371061218909766,0.28370053661487904,0.23495887734362814,275.7083333333333
0.28373887915151597,0.28372879195835193,0.2349755408383017,275.75
0.2837619764885513,0.28375188846225413,0.23498787115010128,275.7916666666667
0.2837789393630806,0.2837688507614755,0.2349950771442936,275.8333333333333
0.2837892989742539,0.2837792100287994,0.23499679031000034,275.875
0.28379308171618917,0.283782992515631,0.2349930544445851,275.9166666666667
0.2837907552019022,0.2837806660132748,0.23498427904616298,275.9583333333333
0.28378315000211496,0.28377306083733544,0.23497117262143458,276.0
0.2837713730766845,0.2837612838722334,0.23495467063920064,276.0416666666667
0.28375672536538027,0.28374663557829355,0.23493586361711596,276.0833333333333
0.283740628894917,0.28373053937181,0.23491593812385833,276.125
0.2837245634468862,0.2837144745523905,0.23489612249138656,276.1666666666667
0.2837100090581481,0.28369992060561133,0.2348776392884213,276.2083333333333
0.2836983888710869,0.2836883007659363,0.23486165840463713,276.25
0.283691005715372,0.2836809178520765,0.23484924474382904,276.2916666666667
0.283688969385692,0.28367888157472304,0.2348412997853443,276.3333333333333
0.28369311419183924,0.28368302621786995,0.2348384944595945,276.375
0.2837039123830689,0.283693824006275,0.23484119877616075,276.4166666666667
0.28372139515209605,0.28371130610728734,0.23484941773777204,276.4583333333333
0.28374509794575564,0.28373500771651505,0.23486274733940538,276.5
0.2837740463014275,0.2837639568688345,0.2348803649395206,276.5416666666667
0.28380537501402736,0.28379526868837085,0.23490009797333058,276.5833333333333
0.28383494549433747,0.28382492378765806,0.23491815672635238,276.625
0.2838645839264822,0.28385455042395336,0.23493611143457607,276.6666666666667
0.28389587100027425,0.2838858487867513,0.23495537639497785,276.7083333333333
0.2839249952148144,0.2839149759662238,0.23497276894692515,276.75
0.28394893716758485,0.2839389169676959,0.2349858078226833,276.7916666666667
0.2839667120038331,0.28395669140903684,0.23499369865011727,276.8333333333333
0.28397784832958256,0.2839678274877025,0.23499607116250243,276.875
0.2839823726069297,0.28397235135360055,0.2349929690378014,276.9166666666667
0.2839807548969179,0.28397073357211533,0.23498480372952482,276.9583333333333
0.2839738301839252,0.2839638090233201,0.23497228685168814,277.0
0.2839627113468924,0.2839526926802063,0.2349563573978274,277.0416666666667
0.28394870630874147,0.2839386883783517,0.23493811260941644,277.0833333333333
0.28393324475871273,0.283923227130131,0.23491874319894523,277.125
0.2839178144625247,0.2839077974245192,0.23489948419596232,277.1666666666667
0.2839039034737516,0.2838938868412239,0.23488156502115773,277.2083333333333
0.28389294304247475,0.2838829263398264,0.2348661580781334,277.25
0.28388624232812176,0.28387622583377725,0.23485433533324931,277.2916666666667
0.2838849175777557,0.283874901099801,0.2348470024194728,277.3333333333333
0.28388980768820954,0.28387979101193955,0.23484483360477246,277.375
0.28390138754440997,0.2838913704305489,0.2348482008189757,277.4166666666667
0.28391968858680616,0.28390967076277945,0.2348571092433059,277.4583333333333
0.28394424379495,0.28393422485765585,0.2348711529420234,277.5
0.2839739759516932,0.28396405321222956,0.23488950665392044,277.5416666666667
0.28400509062436724,0.2839947893073835,0.23490854703572736,277.5833333333333
0.28403373579311314,0.2840235477252896,0.2349258712455847,277.625
0.2840624322292817,0.2840522679568898,0.2349430895504825,277.6666666666667
0.2840930586986293,0.2840828853562229,0.23496180202421255,277.7083333333333
0.28412307898039735,0.28411290244739457,0.23497993999873687,277.75
0.28414787749261,0.28413769997228,0.23499369660839584,277.7916666666667
0.2841664755859998,0.2841562973962636,0.23500228083143626,277.8333333333333
0.2841783991455998,0.2841682204147932,0.23500532053585418,277.875
0.28418367471595485,0.28417349589528274,0.23500285956034,277.9166666666667
0.28418277492018934,0.28417259623916086,0.23499531105392837,277.9583333333333
0.2841765391676535,0.2841663608085504,0.23498339011467342,278.0
0.2841660864239003,0.28415590841183136,0.2349680402245437,278.0416666666667
0.284152731755483,0.28414255329617905,0.23495036293566263,278.0833333333333
0.28413791262163224,0.2841277335065765,0.23493155585865869,278.125
0.2841231249530836,0.2841129441939741,0.2349128589848616,278.1666666666667
0.2841098650445653,0.2840996845520954,0.23489550759735003,278.2083333333333
0.28409957158331245,0.2840893914366987,0.23488068151914593,278.25
0.28409356178109835,0.2840833818377817,0.23486945592709682,278.2916666666667
0.2840929576731878,0.28408277774396135,0.23486274175109362,278.3333333333333
0.28409860284176836,0.2840884227077438,0.23486121668077747,278.375
0.284110974861001,0.2841007942801805,0.23486525461263785,278.4166666666667
0.2841301054190129,0.2841199241461211,0.23487486091729745,278.4583333333333
0.2841555250103405,0.28414534276582964,0.2348896279535394,278.5
0.2841861152255994,0.28417588465799287,0.23490861168924715,278.5416666666667
0.2842159160569861,0.28420571858547805,0.23492691017290682,278.5833333333333
0.2842437921222767,0.2842335742620913,0.2349434957064989,278.625
0.2842716115461875,0.28426140019322715,0.23495997512445616,278.6666666666667
0.2843013320917553,0.2842911200358827,0.23497794177670106,278.7083333333333
0.284332084621289,0.2843218235125676,0.23499664757207342,278.75
0.2843577515116905,0.28434748958972084,0.23501113032487506,278.7916666666667
0.28437718413402485,0.2843669214683787,0.23502041623623204,278.8333333333333
0.2843899055109303,0.2843796424821293,0.23502413102384417,278.875
0.2843959422864564,0.2843856794464537,0.2350223183684686,278.9166666666667
0.28439576958070906,0.28438550706929294,0.2350153934147432,278.9583333333333
0.28439023143468384,0.2843799692038421,0.2350040745668652,279.0
0.2843804529690605,0.28437019105337247,0.23498930979651192,279.0416666666667
0.28436775651890456,0.28435749514969216,0.23497220594466917,279.0833333333333
0.28435358753311313,0.2843433267261708,0.2349539655388885,279.125
0.2843394502298242,0.2843291900570407,0.23493583626793907,279.1666666666667
0.2843268492469297,0.2843165895937141,0.2349190556874217,279.2083333333333
0.28431723123213865,0.2843069720035716,0.2349048151619289,279.25
0.2843119209644752,0.28430166193055284,0.2348941930184451,279.2916666666667
0.2843120467032272,0.284301787668946,0.23488810433662435,279.3333333333333
0.28431845680135054,0.28430819754446107,0.23488723030047098,279.375
0.2843316315741967,0.2843213718471676,0.23489194680873698,279.4166666666667
0.28435160296658324,0.2843413424488981,0.23490225942408766,279.4583333333333
0.28437789623070225,0.2843676370706343,0.23491775865224826,279.5
0.2844089302538038,0.28439862042246905,0.23493708418821646,279.5416666666667
0.2844380961605,0.28442754064056,0.23495463242982198,279.5833333333333
0.2844651087727481,0.28445449101623504,0.23497047639651658,279.625
0.2844920207196828,0.28448140443237147,0.2349862140835897,279.6666666666667
0.2845208271669925,0.28451020941077504,0.235003431471123,279.7083333333333
0.2845518239710415,0.2845412139845671,0.23502239928776925,279.75
0.28457837155808496,0.28456776013308166,0.2350376173768371,279.7916666666667
0.28459865003586293,0.28458803796804927,0.23504761348419195,279.8333333333333
0.28461217983189563,0.2846015675533334,0.2350520111001815,279.875
0.2846189876659471,0.28460837575400116,0.23505085398130746,279.9166666666667
0.2846195512837343,0.2846089399392249,0.23504455929581158,279.9583333333333
0.2846147193832418,0.2846041083903915,0.23503384888129503,280.0
0.2846056233841708,0.2845950122487688,0.2350196772616014,280.0416666666667
0.2845935930150707,0.28458298230628987,0.23500315272365102,280.0833333333333
0.28458008185602107,0.284569471663764,0.23498548488971097,280.125
0.2845666026325719,0.2845559913231991,0.2349679293010299,280.1666666666667
0.28455466845430044,0.28454405512014086,0.23495173148503362,280.2083333333333
0.2845457342934399,0.2845351215864644,0.23493808265420377,280.25
0.28454113221100213,0.2845305197210513,0.23492807016689293,280.2916666666667
0.2845419970083803,0.28453138454020527,0.23492261367705894,280.3333333333333
0.2845491819108273,0.28453856923376714,0.23492239788925817,280.375
0.2845631700263491,0.28455255688578124,0.23492780074631808,280.4166666666667
0.2845839935551788,0.28457337969295976,0.2349388279905937,280.4583333333333
0.2846111778385859,0.28460056296248865,0.23495506839470154,280.5
0.2846420698900849,0.28463151576609913,0.234974400796849,280.5416666666667
0.28467000711426854,0.2846595173023022,0.23499119690158984,280.5833333333333
0.2846960771656262,0.28468555573750104,0.23500629656436722,280.625
0.28472207898794016,0.28471155659832076,0.23502128977512854,280.6666666666667
0.284749966084069,0.2847394426580415,0.2350377552100081,280.7083333333333
0.28478088501767757,0.28477037136980865,0.235056662116932,280.75
0.28480832517548177,0.28479781051728426,0.23507262467166934,280.7916666666667
0.2848294608970956,0.2848189454461876,0.2350833390943885,280.8333333333333
0.2848438098306681,0.2848332939506301,0.23508842723529413,280.875
0.2848513987743656,0.2848408824395337,0.2350879330787426,280.9166666666667
0.28485270810795443,0.28484219168756403,0.23508227544164292,280.9583333333333
0.2848485913191362,0.2848380748631014,0.23507217971581545,281.0
0.2848401862084107,0.2848296695800135,0.235058606517906,281.0416666666667
0.28482883007153087,0.2848183127902972,0.23504266853227612,281.0833333333333
0.2848159847469411,0.2848054676076188,0.23502558496310183,281.125
0.28480317155880697,0.2847926550401947,0.23500861208471588,281.1666666666667
0.2847919122897954,0.2847813961799883,0.2349929987093139,281.2083333333333
0.28478367008955974,0.2847731544482964,0.23497994781986706,281.25
0.2847797850243069,0.28476926956269866,0.23497055147933568,281.2916666666667
0.2847813982631337,0.2847708827826688,0.23496573404875679,281.3333333333333
0.2847893679833577,0.28477885225390887,0.2349661838902291,281.375
0.2848041801342155,0.2847936639031254,0.23497228102383202,281.4166666666667
0.2848258671831314,0.2848153501886571,0.23498403140301824,281.4583333333333
0.2848539517739557,0.28484343376866106,0.23500102170969683,281.5
0.28488539439469457,0.2848740369086456,0.2350200474082262,281.5416666666667
0.2849124661623186,0.2849011158528782,0.23503608934183953,281.5833333333333
0.2849375916071357,0.28492623938442707,0.23505044153566731,281.625
0.2849626781644487,0.28495133156000085,0.2350646896380428,281.6666666666667
0.2849896421173263,0.2849782951818276,0.23508040016863224,281.7083333333333
0.28502014176130436,0.2850088332205697,0.2350989554554868,281.75
0.28504848647586667,0.2850371771473021,0.23511567091980948,281.7916666666667
0.28507049065950485,0.28505918072809744,0.2351271121500708,281.8333333333333
0.28508566932313667,0.28507435916993906,0.23513289878773613,281.875
0.28509404922243703,0.2850827394898271,0.2351330750639175,281.9166666666667
0.2850961135110679,0.2850848043921782,0.23512806188347166,281.9583333333333
0.28509272050668333,0.28508141179169133,0.23511858738858246,282.0
0.2850850145011486,0.2850737057238223,0.2351056134032268,282.0416666666667
0.2850743405204024,0.28506303221233315,0.2350902644306051,282.0833333333333
0.28506216878309715,0.285050861042085,0.23507376036215874,282.125
0.28505002940310586,0.28503872067311953,0.23505736765838559,282.1666666666667
0.28503945295129857,0.2850281421982601,0.2350423437262249,282.2083333333333
0.2850319113795558,0.2850206012357076,0.23502989489726614,282.25
0.2850287519915396,0.2850174421715593,0.23502112106226505,282.2916666666667
0.2850311229010359,0.28501981314238634,0.23501694955399852,282.3333333333333
0.28503988731712715,0.28502857736869047,0.23501807237637615,282.375
0.2850555340818995,0.28504422366964927,0.23502487166259264,282.4166666666667
0.28507809592633504,0.28506678476922914,0.2350373535757416,282.4583333333333
0.2851070343289515,0.2850957731584702,0.2350551028160208,282.5
0.28513686195502663,0.28512570080178146,0.23507356767350854,282.5416666666667
0.2851629952021903,0.2851518529946029,0.23508885339589358,282.5833333333333
0.2851872171872009,0.28517605772200605,0.2351024573152451,282.625
0.28521138835094223,0.28520023085173823,0.2351159553360169,282.6666666666667
0.2852374262506605,0.2852262674299358,0.23513090955937396,282.7083333333333
0.28526716585674494,0.285256006215872,0.23514884311614817,282.75
0.285296426938019,0.2852852661292461,0.23516632079369654,282.7916666666667
0.2853193110900956,0.285308149561974,0.23517849734317367,282.8333333333333
0.28533533023231983,0.28532416825679435,0.23518499039222152,282.875
0.2853445112934873,0.28533334897506246,0.23518584411921042,282.9166666666667
0.2853473400750755,0.2853361777022419,0.23518148119694374,282.9583333333333
0.28534467987705164,0.2853335175136361,0.23517263423014012,283.0
0.28533768163079865,0.28532651919261975,0.23516027017310007,283.0416666666667
0.28532769810033143,0.28531653506603644,0.23514551757034083,283.0833333333333
0.2853162081172212,0.28530504525537675,0.2351296043872035,283.125
0.28530475072638645,0.2852935885508189,0.2351138022238816,283.1666666666667
0.2852948654720427,0.2852837037545607,0.23509937710868983,283.2083333333333
0.2852880343014643,0.2852768714058285,0.23508754063292356,283.25
0.28528560969230365,0.2852744469370324,0.23507939578533413,283.2916666666667
0.28528874778739854,0.28527758504235606,0.23507587704866278,283.3333333333333
0.2852983170076724,0.2852871540259752,0.23507768018423128,283.375
0.2853148091338465,0.2853036456441931,0.23508518947925577,283.4166666666667
0.28533825716650374,0.2853270928908576,0.2350984113031521,283.4583333333333
0.2853680836854509,0.28535691925241025,0.23511683356559596,283.5
0.28539724237372693,0.2853859134575079,0.23513453262240944,283.5416666666667
0.2854225407788131,0.28541113578218913,0.23514905860379884,283.5833333333333
0.2854458292927894,0.28543441772404193,0.23516191147949564,283.625
0.285469074096776,0.2854576680063162,0.2351746576474195,283.6666666666667
0.2854941805624264,0.2854827741644092,0.23518885397670256,283.7083333333333
0.28552297493087575,0.28551156749798384,0.2352060145254068,283.75
0.2855529959858076,0.2855415889991153,0.23522414097552516,283.7916666666667
0.2855767714194172,0.28556536369291924,0.23523706139983047,283.8333333333333
0.2855936416881666,0.2855822337004783,0.23524426878253363,283.875
0.2856036337596968,0.285592226190791,0.2352458073688806,283.9166666666667
0.28560723647243447,0.28559582937114375,0.23524210213049876,283.9583333333333
0.2856053179231906,0.28559391112016497,0.23523388922671254,284.0
0.285599035794125,0.28558762885743266,0.2352221405212207,284.0416666666667
0.28558975086041566,0.2855783447209654,0.23520799068409193,284.0833333333333
0.28557895065861,0.28556754469300716,0.23519267359833848,284.125
0.2855681832428014,0.2855567779664479,0.23517746633602465,284.1666666666667
0.28555899726651296,0.2855475924666118,0.2351636442697582,284.2083333333333
0.28555288221940883,0.2855414775006184,0.23515242126924332,284.25
0.28555120108050464,0.2855397965468277,0.23514491188347414,284.2916666666667
0.2855551157117461,0.28554371119063876,0.2351420527975511,284.3333333333333
0.2855654996971287,0.2855540949290484,0.2351445435506215,284.375
0.28558284780367077,0.2855714425054585,0.2351527703530272,284.4166666666667
0.2856071933048756,0.28559578718562834,0.2351667401446142,284.4583333333333
0.2856378544769427,0.2856261435344564,0.23518551793132905,284.5
0.2856664900901213,0.2856541997648759,0.23520244259593978,284.5416666666667
0.28569078123912284,0.2856784886367232,0.2352162092729117,284.5833333333333
0.28571313982116275,0.28570084460395084,0.23522830939077768,284.625
0.2857354584804999,0.2857231688655236,0.2352403011623801,284.6666666666667
0.28575963101597585,0.28574734115017697,0.23525373666868307,284.7083333333333
0.2857874762738492,0.2857751854597121,0.23527012247783896,284.75
0.28581791933642403,0.28580568113408245,0.2352886365257826,284.7916666666667
0.2858425682474346,0.2858303582222861,0.23530230855954454,284.8333333333333
0.28586030023494485,0.2858480898131057,0.23531023812700205,284.875
0.28587111333436077,0.28585890259528657,0.23531246959365185,284.9166666666667
0.2858754990569361,0.2858632884295637,0.23530942973623556,284.9583333333333
0.2858743310752858,0.2858621206538662,0.23530185764571554,285.0
0.28586877355008916,0.2858565661347584,0.2352907302684406,285.0416666666667
0.28586019532372064,0.2858479888214321,0.23527718868871847,285.0833333333333
0.2858500927798335,0.28583788679740413,0.23526247357552138,285.125
0.28584002331940694,0.28582781812462826,0.23524787020437007,285.1666666666667
0.28583154475079103,0.2858193401398433,0.23523465830622864,285.2083333333333
0.28582615552709506,0.2858139510512606,0.2352240603543103,285.25
0.28582522670797805,0.2858130225118379,0.23521719286624732,285.2916666666667
0.2858299272105999,0.28581772309708336,0.2352150002617084,285.3333333333333
0.28584113589806304,0.2858289315365005,0.23521818601193162,285.375
0.28585935057056927,0.2858471452725111,0.23522713882723606,285.4166666666667
0.28588460477884786,0.28587239827757216,0.23524186546556922,285.4583333333333
0.28591523210367964,0.2859030789039438,0.23526094109818615,285.5
0.28594227402513306,0.28593017148409783,0.23527709017300563,285.5416666666667
0.2859656306415408,0.2859535239124487,0.23529009578892407,285.5833333333333
0.2859870593767255,0.2859749521634728,0.23530144142359521,285.625
0.28600844889837107,0.2859963466609842,0.235312678857397,285.6666666666667
0.28603168456487754,0.2860195818580737,0.23532535259489945,285.7083333333333
0.2860585777949182,0.28604647416488277,0.23534096222563683,285.75
0.2860891512700963,0.286077172196863,0.23535956434395505,285.7916666666667
0.2861147271625021,0.28610276329797907,0.23537399665696018,285.8333333333333
0.2861333315886512,0.2861213673376448,0.23538265589245766,285.875
0.2861449758249341,0.2861330112552382,0.23538558640691548,285.9166666666667
0.2861501542695252,0.28613818982028977,0.23538321727532613,285.9583333333333
0.2861497456668337,0.28613778146397717,0.23537629197497895,286.0
0.28614492153377147,0.2861329575588768,0.23536579581117648,286.0416666666667
0.28613705844464793,0.2861250950550799,0.23535286842338055,286.0833333333333
0.286127661908501,0.28611569940069403,0.23533875970002435,286.125
0.28611829864986293,0.28610633685114256,0.23532476426028776,286.1666666666667
0.28611053588550656,0.2860985752805982,0.23531216758790133,286.2083333333333
0.28610588071117476,0.28609392065188805,0.23530219821241208,286.25
0.2861057132222597,0.28609375345738114,0.23529597917939093,286.2916666666667
0.2861112091160926,0.28609924937067355,0.23529445997265622,286.3333333333333
0.2861232525799535,0.28611129258206097,0.23529834799051677,286.375
0.28614234449058884,0.2861303839367826,0.23530803369595302,286.4166666666667
0.286168518677411,0.28615655723648575,0.2353235245877513,286.4583333333333
0.2861989302908542,0.28618703445760957,0.23534255217131206,286.5
0.286224977576867,0.2862131734284737,0.23535792418878804,286.5416666666667
0.2862474357478167,0.2862355876374327,0.23537016567864105,286.5833333333333
0.2862679326501661,0.28625608390421314,0.23538075465451944,286.625
0.286288390240593,0.28627654664185787,0.23539123803978368,286.6666666666667
0.2863106862725415,0.28629884222360896,0.2354031487670779,286.7083333333333
0.28633662478744903,0.2863247798398461,0.2354179810607676,286.75
0.2863670225390374,0.28635522642634853,0.2354364560332114,286.7916666666667
0.28639354515879056,0.2863817424639052,0.23545165680617358,286.8333333333333
0.2864130325941768,0.2864012294703365,0.23546105366242864,286.875
0.28642551796792354,0.2864137144804949,0.23546469101579579,286.9166666666667
0.2864314986023904,0.2864196951769232,0.23546299992997696,286.9583333333333
0.2864318583808561,0.28642005523593383,0.23545672784676705,287.0
0.28642777610168507,0.286415973043149,0.2354468616592142,287.0416666666667
0.28642063646145255,0.28640883384399113,0.23543455520468512,287.0833333333333
0.28641195407451403,0.2864001512712463,0.23542106138488741,287.125
0.28640330516854956,0.2863915029973486,0.23540767793731474,287.1666666666667
0.2863962664965303,0.2863844663553709,0.2353956989355638,287.2083333333333
0.2863923547180765,0.286380556240735,0.23538636264912832,287.25
0.28639295756989136,0.2863811592418331,0.23538079849351784,287.2916666666667
0.2863992582595309,0.2863874598962702,0.2353799595414172,287.3333333333333
0.2864121464624394,0.2864003477976742,0.23538455721563586,287.375
0.2864321261755674,0.28642032691654157,0.23539498477277424,287.4166666666667
0.2864592305416544,0.2864474313626586,0.2354112493985925,287.4583333333333
0.28648946459856084,0.2864775935387177,0.23542995231634722,287.5
0.286514635181823,0.286502776437933,0.23544454631385772,287.5416666666667
0.2865361080487874,0.28652424717567043,0.23545602386549833,287.5833333333333
0.28655567113836994,0.2865438078608223,0.23546585599725553,287.625
0.2865751942383615,0.2865633372188073,0.23547558245608083,287.6666666666667
0.2865965481175209,0.28658469147880733,0.23548672911355248,287.7083333333333
0.2866215295250036,0.28660967198673154,0.23550078308983408,287.75
0.2866515177413932,0.28663957054414985,0.23551890515927573,287.7916666666667
0.2866789854518274,0.28666702248912623,0.23553489676924105,287.8333333333333
0.28669936645416483,0.28668740274877924,0.23554503912668956,287.875
0.28671270302532365,0.2867007391040047,0.23554939055098156,287.9166666666667
0.286719495369587,0.2867075315074926,0.23554838455755964,287.9583333333333
0.2867206326386681,0.2867086687001346,0.23554277244530966,288.0
0.286717300449441,0.28670533687027183,0.2355335464657265,288.0416666666667
0.2867108924803415,0.2866989293867505,0.23552186529097918,288.0833333333333
0.2867029323713639,0.28669096983234055,0.23550898962924452,288.125
0.28669500591685054,0.2866830418390507,0.2354962275848998,288.1666666666667
0.2866886995478539,0.28667673599778043,0.2354848795094527,288.2083333333333
0.2866855388814535,0.28667357565487567,0.23547618713576424,288.25
0.2866869208244765,0.2866749578296028,0.23547128426521421,288.2916666666667
0.286694035636562,0.2866820725949609,0.2354711323575176,288.3333333333333
0.2867077784595549,0.2866958150964446,0.23547644685285637,288.375
0.2867286564538846,0.28671669246293485,0.23548762333649792,288.4166666666667
0.2867566931856546,0.2867447391015734,0.23550466921000454,288.4583333333333
0.2867861559243127,0.2867742757033821,0.23552288077083486,288.5
0.2868104080229826,0.2867984988964805,0.2355366955623822,288.5416666666667
0.28683093666948284,0.2868190255000951,0.23554740805849864,288.5833333333333
0.28684956246778087,0.2868376493488515,0.2355564826669861,288.625
0.2868681520017578,0.28685624198886056,0.23556545136761836,288.6666666666667
0.28688856225983417,0.28687665191550504,0.2355758331618296,288.7083333333333
0.2869125843580009,0.2869006732004282,0.23558910810368422,288.75
0.2869418258241027,0.2869299359288447,0.23560658377063035,288.7916666666667
0.2869702535480708,0.2869583227793448,0.23562335538304036,288.8333333333333
0.2869915331961455,0.286979607036909,0.23563425093856363,288.875
0.28700573064279544,0.28699380412838305,0.2356393244750061,288.9166666666667
0.2870133437851675,0.2870014173888895,0.23563901090771255,288.9583333333333
0.28701526740706834,0.28700334109456727,0.23563406544747206,289.0
0.28701269400470364,0.287000768069652,0.23562548561041108,289.0416666666667
0.28700702591780153,0.28699510076047086,0.2356144377586603,289.0833333333333
0.2869997962094931,0.28698787119298813,0.2356021892143866,289.125
0.2869926003474343,0.2869806759654717,0.23559005212192366,289.1666666666667
0.2869870345448531,0.28697511057340813,0.23557933498910882,289.2083333333333
0.28698463379419537,0.28697271015424697,0.2355712885216296,289.25
0.28698680374985064,0.28697488025956996,0.2355670533926373,289.2916666666667
0.28699474201664965,0.2869828184409217,0.23556759530240204,289.3333333333333
0.28700934932443173,0.28699742532547434,0.23557363380855645,289.375
0.2870311360388561,0.28701921092432675,0.23558556685766988,289.4166666666667
0.28706003983327477,0.28704813161412374,0.23560337546901694,289.4583333333333
0.2870887167555955,0.2870767090310918,0.23562091223703874,289.5
0.28711204138386287,0.2870999705529518,0.23563394822837572,289.5416666666667
0.2871316240074368,0.2871195506909605,0.23564389527051266,289.5833333333333
0.2871493110699096,0.2871372360990358,0.23565221157488198,289.625
0.2871669588123029,0.28715488920426424,0.23566042196944204,289.6666666666667
0.2871864221421332,0.2871743525589757,0.23567003833660355,289.7083333333333
0.28720948311123984,0.28719741277232896,0.23568253374249382,289.75
0.2872377712538687,0.2872257004482969,0.2356992566232108,289.7916666666667
0.2872670157463042,0.2872549841974893,0.23571679179160956,289.8333333333333
0.287289179925716,0.2872771827474615,0.2357284478674024,289.875
0.2873042487553284,0.2872922507299463,0.23573424982490718,289.9166666666667
0.28731269202175264,0.28730069417615645,0.23573463481734497,289.9583333333333
0.2873154106910315,0.2873034130136113,0.23573036208284345,290.0
0.2873136046344063,0.28730160724057063,0.23572243452954497,290.0416666666667
0.28730868471145704,0.28729668975590045,0.23571202487871507,290.0833333333333
0.28730219342431007,0.28729020289230267,0.2357004074150281,290.125
0.2872957362626443,0.2872837494565357,0.23568890162751402,290.1666666666667
0.28729091924727135,0.2872789321706145,0.23567882277630592,290.2083333333333
0.28728928715650975,0.2872773008009571,0.23567142979349276,290.25
0.28729225395392666,0.2872802677162266,0.23566786873410275,290.2916666666667
0.2873010249489894,0.28728903859938576,0.2356691111499734,290.3333333333333
0.28731650653545665,0.28730451979658234,0.23567588075457005,290.375
0.28733921232504017,0.2873272248943862,0.23568857788413128,290.4166666666667
0.28736891010006926,0.28735691129506247,0.2357069863564669,290.4583333333333
0.28739655122861724,0.2873845032206146,0.23572365006025633,290.5
0.28741885119281785,0.28740680254772305,0.23573590560724605,290.5416666666667
0.28743748572772976,0.2874254366797535,0.2357450880044779,290.5833333333333
0.2874542325008262,0.28744218298416235,0.23575264664212778,290.625
0.28747093992939904,0.2874588943031246,0.2357600993950476,290.6666666666667
0.2874894554123354,0.2874774096148891,0.2357689500549978,290.7083333333333
0.2875115537099653,0.28749950719408685,0.2357806656449571,290.75
0.28753885714038646,0.2875268105091613,0.23579658854922814,290.7916666666667
0.2875687431503526,0.2875566566415322,0.23581459449207065,290.8333333333333
0.2875918362218107,0.287579780378255,0.23582701836913955,290.875
0.2876077849447367,0.28759572961034485,0.2358335556774563,290.9166666666667
0.2876170675013453,0.287605012977829,0.23583464579645488,290.9583333333333
0.2876205896641756,0.28760853574244893,0.23583105216514946,291.0
0.28761955907099385,0.28760750522348716,0.23582378341067856,291.0416666666667
0.2876153956269851,0.28760334099118334,0.23581401773641658,291.0833333333333
0.2876096511059375,0.2875975961984164,0.23580303709396158,291.125
0.2876039406839994,0.28759188631892874,0.2357921702523776,291.1666666666667
0.2875998806574896,0.28758782666554217,0.23578273599888233,291.2083333333333
0.28759902546265603,0.28758697150726387,0.23577600197166218,291.25
0.28760279790769877,0.28759074402178836,0.2357731214473145,291.2916666666667
0.2876124108499136,0.28760035682463825,0.2357750711165433,291.3333333333333
0.2876287764390399,0.28761672192913423,0.23578257895378252,291.375
0.2876524115726238,0.2876403558777704,0.23579604770862994,291.4166666666667
0.2876826376141925,0.2876704832917318,0.23581479887695378,291.4583333333333
0.28770917082774405,0.2876970896905445,0.23583063701436582,291.5
0.2877305067873548,0.2877184246301086,0.23584211237675168,291.5416666666667
0.2877481920563801,0.2877361077718717,0.23585052753707642,291.5833333333333
0.28776399710894074,0.2877519110021033,0.23585732631017375,291.625
0.28777976284399853,0.28776768329726754,0.2358640186802172,291.6666666666667
0.2877973291392223,0.28778524953722007,0.23587210338896478,291.7083333333333
0.28781846349515483,0.2878063832544596,0.23588303919758496,291.75
0.28784478258271845,0.2878327013016194,0.23589816187484947,291.7916666666667
0.28787500780884856,0.2878629332013456,0.23591643828474723,291.8333333333333
0.28789900652253503,0.2878869917077503,0.23592963785893084,291.875
0.2879158454338087,0.2879038311186398,0.2359369178918498,291.9166666666667
0.28792597696689326,0.2879139631518433,0.23593872010365555,291.9583333333333
0.28793031209003395,0.2879182986521012,0.23593581198550184,292.0
0.2879300659144659,0.28791805301654577,0.23592920729914674,292.0416666666667
0.2879266669723995,0.2879146533167418,0.23592009078789442,292.0833333333333
0.28792167693836807,0.28790966293997083,0.2359097511685443,292.125
0.28791672136257535,0.287904707843447,0.23589952583955903,292.1666666666667
0.28791342650632534,0.28790141052517565,0.2358907446901886,292.2083333333333
0.28791335634942705,0.2879013409157047,0.2358846760203293,292.25
0.2879179431171285,0.28790592774597595,0.23588248223665598,292.2916666666667
0.2879284071619849,0.2879163916129058,0.2358851457721606,292.3333333333333
0.28794566639862634,0.28793365039056773,0.2358933988306057,292.375
0.28797024104822627,0.28795822426717604,0.23590764661154068,292.4166666666667
0.2880004990744585,0.28798850190168307,0.23592656775262183,292.4583333333333
0.2880260504946521,0.2880141225917881,0.23594161783678547,292.5
0.28804642132511277,0.2880344925172716,0.23595231351020735,292.5416666666667
0.2880631562690432,0.2880512253938577,0.23595996300055008,292.5833333333333
0.2880780185171051,0.2880660856759204,0.235966002746105,292.625
0.2880928415073983,0.28808091241064426,0.2359719368149276,292.6666666666667
0.28810945760559176,0.2880975284354646,0.23597925585736285,292.7083333333333
0.28812962706593015,0.28811769725091113,0.23598941207293037,292.75
0.28815495993266377,0.2881430290217646,0.23600373518500237,292.7916666666667
0.28818580318888504,0.28817334551595786,0.23602209754267203,292.8333333333333
0.2882108492611598,0.2881983490357169,0.23603607957409276,292.875
0.2882285879135828,0.2882160881637541,0.23604410838524972,292.9166666666667
0.2882395770923748,0.2882270777916396,0.2360466285604608,292.9583333333333
0.288244733478572,0.28823223443206736,0.2360444119641137,293.0
0.28824527976048064,0.2882327810234612,0.2360384781389653,293.0416666666667
0.28824265341632,0.2882301541492604,0.23603001835236487,293.0833333333333
0.2882384259602165,0.2882259273464162,0.2360203275159421,293.125
0.2882342331332163,0.288221735173833,0.2360107504283541,293.1666666666667
0.288231711472878,0.28821921127065947,0.2360026230837867,293.2083333333333
0.2882324351229281,0.2882199324413737,0.23599722579173454,293.25
0.28823784493452775,0.2882253422799308,0.2359957251138247,293.2916666666667
0.2882491690958712,0.2882366662794674,0.23599910912233896,293.3333333333333
0.2882673314815538,0.288254828208293,0.23600811437763036,293.375
0.2882928556751346,0.28828035161735766,0.23602314742458566,293.4166666666667
0.2883229780663202,0.28831047802419474,0.23604191304111227,293.4583333333333
0.288347579464188,0.28833511068381185,0.23605616218016998,293.5
0.2883669844585626,0.2883545152403176,0.23606607850112585,293.5416666666667
0.2883827681877657,0.2883702973782343,0.23607296252791582,293.5833333333333
0.28839668676934127,0.28838421374617085,0.23607824411313844,293.625
0.2884105661613588,0.288398100114024,0.23608342050927444,293.6666666666667
0.2884262312542346,0.28841376524341106,0.23608997446160226,293.7083333333333
0.2884454350854437,0.28843296851637373,0.2360993516208266,293.75
0.288469781065229,0.28845731348050474,0.23611287543480527,293.7916666666667
0.28850004226951276,0.2884873888755541,0.23613102873034314,293.8333333333333
0.2885260572347823,0.2885133470423742,0.23614580549799374,293.875
0.288544705147608,0.288531994369687,0.23615459144874557,293.9166666666667
0.28855656073598185,0.2885438499540341,0.23615783729453774,293.9583333333333
0.28856254667099396,0.2885498360603881,0.23615631892635305,294.0
0.288563893408631,0.2885511829799855,0.23615106113309156,294.0416666666667
0.288562047519332,0.28854933662055415,0.236143263297233,294.0833333333333
0.28855859097314734,0.28854587936645876,0.23613422640408932,294.125
0.28855516891313254,0.28854245558612107,0.23612530354348252,294.1666666666667
0.28855342856052013,0.28854071562881184,0.23611783675740716,294.2083333333333
0.28855497327573665,0.2885422377891954,0.23611311439676594,294.25
0.2885612145669319,0.2885484791587003,0.23611231292410056,294.2916666666667
0.2885734078595516,0.28856067227590726,0.23611642385596088,294.3333333333333
0.28859248286132516,0.28857974672872544,0.23612618802440918,294.375
0.28861896655368896,0.288606229077006,0.2361420153043245,294.4166666666667
0.2886486721236106,0.2886359956377066,0.23616053611383542,294.4583333333333
0.2886723072960385,0.28865964134483707,0.2361739875502087,294.5
0.2886907458864526,0.2886780796247151,0.23618312512992987,294.5416666666667
0.28870557781637063,0.2886929100784508,0.2361892442637193,294.5833333333333
0.28871855203576935,0.2887058826955305,0.23619376794016358,294.625
0.2887314873888022,0.2887188239603981,0.23619818566052964,294.6666666666667
0.28874620107225074,0.28873353755342385,0.23620397475376803,294.7083333333333
0.2887644389268787,0.28875177490747256,0.23621257348188893,294.75
0.2887877975622167,0.288775133002219,0.23622529890924718,294.7916666666667
0.2888173943558761,0.28880473383777594,0.23624304635439733,294.8333333333333
0.2888444135252889,0.28883164575669407,0.23625862352513236,294.875
0.2888639800421061,0.28885121246355516,0.23626817169110723,294.9166666666667
0.28887671128870246,0.28886394415899547,0.23627214824219508,294.9583333333333
0.2888835356533463,0.288870769047589,0.23627133336859585,295.0
0.2888856914571792,0.2888729254150706,0.23626675834105962,295.0416666666667
0.2888846342428632,0.28887186890010286,0.23625962759550045,295.0833333333333
0.28888195616839174,0.2888691909284476,0.23625125230186067,295.125
0.288879312765796,0.2888665478694619,0.23624298941350624,295.1666666666667
0.28887836172834375,0.28886559729422995,0.23623619321920847,295.2083333333333
0.288880697099097,0.28886793282605844,0.23623215645907877,295.25
0.28888777861132336,0.28887501424821704,0.23623206022949117,295.2916666666667
0.288900849930073,0.288888085357319,0.23623690439200307,295.3333333333333
0.2889208468824343,0.28890808179676836,0.2362474341875927,295.375
0.2889482792561535,0.2889355339536665,0.2362640409082094,295.4166666666667
0.2889773785951579,0.2889646664957708,0.23628204633738267,295.4583333333333
0.2890000722849079,0.28898732511919345,0.2362947004097047,295.5
0.28901754434638643,0.2890047968922759,0.23630306002585744,295.5416666666667
0.289031424449202,0.28901867697448186,0.23630841505194622,295.5833333333333
0.28904345489762634,0.28903070691172106,0.23631218156771713,295.625
0.28905544602291755,0.2890427048544873,0.2363158423625044,295.6666666666667
0.2890692081499734,0.2890564671157392,0.23632086758288912,295.7083333333333
0.2890864799534736,0.28907373847267004,0.23632868882231126,295.75
0.2891088516583567,0.2890961094699294,0.23634061691073102,295.7916666666667
0.2891376149608431,0.28912491402094076,0.23635773666968202,295.8333333333333
0.28916553675819184,0.2891528522766947,0.23637412354762813,295.875
0.2891860507525673,0.2891733467792315,0.23638444135624057,295.9166666666667
0.2891997250555633,0.28918696315631465,0.23638915554575873,295.9583333333333
0.28920740014441737,0.2891946349474477,0.2363890506104454,296.0
0.289210373396335,0.2891976079846924,0.23638516317623418,296.0416666666667
0.28921011317278295,0.2891973469569969,0.2363787045037234,296.0833333333333
0.2892082210136578,0.2891954543074234,0.23637099267258532,296.125
0.2892063640552399,0.28919359683273616,0.23636339579931692,296.1666666666667
0.2892062102372432,0.2891934434428255,0.23635727502249104,296.2083333333333
0.28920936399201314,0.28919659719815805,0.23635392433514846,296.25
0.2892172939454098,0.2892045271036292,0.236354539381464,296.2916666666667
0.28923125205303657,0.28921848496384006,0.2363601230841021,296.3333333333333
0.2892521801466134,0.28923941250518614,0.23637142513815285,296.375
0.2892805476114028,0.28926776781478597,0.236388780050772,296.4166666666667
0.2893087021616016,0.28929593117695684,0.23640602194040006,296.4583333333333
0.2893303923530534,0.28931760237811316,0.23641787933624728,296.5
0.2893468980594487,0.2893341078490009,0.23642546209103685,296.5416666666667
0.2893598264379222,0.28934703631097614,0.2364300553035948,296.5833333333333
0.2893709127201838,0.28935812011524004,0.23643306719040105,296.625
0.2893819597712263,0.28936917142884894,0.23643596745521644,296.6666666666667
0.2893947705335461,0.28938198216699806,0.23644022973235707,296.7083333333333
0.2894110765270284,0.28939828768514586,0.23644727456526515,296.75
0.2894324614057251,0.28941967260762996,0.23645840723869704,296.7916666666667
0.28946026869120833,0.289447482677427,0.23647474273528127,296.8333333333333
0.2894898661690971,0.2894763057387097,0.23649188423122083,296.875
0.28951129746596455,0.2894977371216706,0.23650297874443665,296.9166666666667
0.28952580617675877,0.28951224638431466,0.23650843714839548,296.9583333333333
0.2895343325853976,0.2895207732119246,0.23650904836691586,297.0
0.2895381305438484,0.2895245732567934,0.23650585512899763,297.0416666666667
0.28953867454201637,0.28952511677692183,0.23650007496083558,297.0833333333333
0.28953757663126334,0.2895240175261061,0.23649303392438537,297.125
0.2895365137717121,0.28952295285094903,0.2364861074278688,297.1666666666667
0.28953716490390347,0.28952360446606457,0.236480660854632,297.2083333333333
0.2895411446881418,0.2895275876090287,0.2364780049685682,297.25
0.2895499312376302,0.28953637427604245,0.2364793371754625,297.2916666666667
0.2895647847169013,0.28955122754352003,0.23648566657513717,297.3333333333333
0.28958665296000075,0.2895730952491188,0.2364977474168485,297.375
0.28961599165424506,0.28960228845023583,0.23651575481053752,297.4166666666667
0.2896432152991392,0.2896294647035086,0.23653226404485433,297.4583333333333
0.2896639001020834,0.28965014907585385,0.2365433261129261,297.5
0.28967943990625883,0.2896656886764908,0.23655013363823904,297.5416666666667
0.2896914169306073,0.2896776656356416,0.23655396370391926,297.5833333333333
0.28970155894050514,0.2896878063870809,0.23655621953137226,297.625
0.2897116622644641,0.28969791327443034,0.23655836983386647,297.6666666666667
0.28972352205512975,0.28970977350846794,0.23656187089424804,297.7083333333333
0.289738862809472,0.28972511387238487,0.23656814088507902,297.75
0.28975926110604167,0.2897455119261952,0.23657847847341854,297.7916666666667
0.2897860593080432,0.28977230918175273,0.2365939945081833,297.8333333333333
0.28981550720141047,0.2898018173644427,0.23661169738635102,297.875
0.2898378522590864,0.28982419487580763,0.23662357470669418,297.9166666666667
0.28985326277145085,0.289839605103046,0.23662978321299863,297.9583333333333
0.2898626530656824,0.2898489952684372,0.2366311161351255,298.0
0.2898672845462328,0.2898536269643616,0.2366286224864732,298.0416666666667
0.2898686408805134,0.2898549837458656,0.23662352631944145,298.0833333333333
0.2898683442814062,0.2898546876397059,0.2366171628758001,298.125
0.28986808323861374,0.2898544249000675,0.23661091280497082,298.1666666666667
0.28986954712031643,0.28985588919639765,0.2366061523349959,298.2083333333333
0.28987436090606,0.2898607004715496,0.23660419795846963,298.25
0.28988401249785845,0.2898703520006024,0.23660625312233632,298.2916666666667
0.28989976991514044,0.2898861091742554,0.2366133342515753,298.3333333333333
0.28992258725198217,0.289908925937809,0.23662620007637003,298.375
0.2899523288425964,0.28993866273369545,0.23664466771453618,298.4166666666667
0.28997847975146535,0.289964825441157,0.23666028078131052,298.4583333333333
0.28999817839581193,0.28998452365356847,0.2366705493471562,298.5
0.29001275305798974,0.2899990981291377,0.23667658277475376,298.5416666666667
0.29002377951970276,0.29001012466535314,0.23667965411451772,298.5833333333333
0.29003297848250936,0.2900193236879351,0.23668115819148766,298.625
0.2900421428845286,0.2900284888128336,0.236682554710039,298.6666666666667
0.2900530534889708,0.29003939917564225,0.2366852963646997,298.7083333333333
0.2900674296944327,0.29005377513446334,0.23669079310444302,298.75
0.29008684293822184,0.29007318788391534,0.23670033786691286,298.7916666666667
0.290112629499466,0.2900989736386657,0.23671503622139817,298.8333333333333
0.2901425644286399,0.29012869633618404,0.2367330962686161,298.875
0.2901658194605764,0.2901520276205371,0.23674576197864883,298.9166666666667
0.29018214007812826,0.29016834797469376,0.23675272671628392,298.9583333333333
0.29019240175210226,0.2901786095875399,0.23675478695294838,299.0
0.29019787420824766,0.2901840824035763,0.23675299801978483,299.0416666666667
0.2902000504211528,0.2901862592642678,0.23674859230568687,299.0833333333333
0.29020056297398333,0.29018677226996414,0.2367429089389062,299.125
0.29020111129533427,0.29018732108133194,0.2367373409926454,299.1666666666667
0.2902033955681259,0.29018960583010717,0.2367332735295109,299.2083333333333
0.2902090512310923,0.2901952616211011,0.23673202345848685,299.25
0.2902195758075874,0.29020578613972065,0.23673480725428667,299.2916666666667
0.2902362455355753,0.29022245559412885,0.23674264604193546,299.3333333333333
0.29026002071026286,0.2902462301589097,0.23675630319309052,299.375
0.29028999645963993,0.2902762283761592,0.23677502974843792,299.4166666666667
0.2903151256669373,0.2903013972135308,0.2367898090227871,299.4583333333333
0.29033383925145334,0.29032011053004053,0.2367992859609935,299.5
0.29034744980446053,0.2903337210232092,0.23680454745774204,299.5416666666667
0.290357526702418,0.2903437967835264,0.2368068591861374,299.5833333333333
0.2903657836229888,0.2903520526853564,0.23680761041016785,299.625
0.2903740022020606,0.29036027136047277,0.23680825688264046,299.6666666666667
0.2903839628663616,0.2903702320157049,0.23681024017844285,299.7083333333333
0.2903973758066908,0.29038364476248985,0.23681496561463466,299.75
0.29041580506272135,0.2904020735471943,0.23682371963246698,299.7916666666667
0.29044058124055366,0.29042684903273147,0.23683760256036285,299.8333333333333
0.29047138001270234,0.29045691923075323,0.23685577360133345,299.875
0.2904956933067591,0.2904812144114369,0.23686923864116763,299.9166666666667
0.290512932210167,0.29049845274846925,0.23687696410597012,299.9583333333333
0.2905240732411844,0.29050959349959443,0.23687975720457108,300.0
0.2905303941638506,0.2905159147619591,0.23687867808390597,300.0416666666667
0.2905333976261638,0.2905189190057172,0.2368749667538629,300.0833333333333
0.2905347267181826,0.29052024808042687,0.23686997145586405,300.125
0.2905360916824444,0.2905216136099961,0.23686508822189414,300.1666666666667
0.2905392037188491,0.2905247260470113,0.23686171239172138,300.2083333333333
0.2905457089056709,0.29053123128847796,0.23686117611195404,300.25
0.2905571142899992,0.2905426366178518,0.23686469417354644,300.2916666666667
0.29057470446327316,0.2905602265332009,0.236873296470504,300.3333333333333
0.29059944598608917,0.29058496736916245,0.23688775098361595,300.375
0.29062962094221517,0.2906151156452913,0.23690654984637652,300.4166666666667
0.29065374217060513,0.2906392589449167,0.23692049953794747,300.4583333333333
0.2906714720245504,0.29065698867829104,0.23692918704189184,300.5
0.29068411974223357,0.29066963664883294,0.2369336786287632,300.5416666666667
0.290693248310758,0.29067876595630754,0.2369352340084332,300.5833333333333
0.2907005643981002,0.2906860807100899,0.2369352358197933,300.625
0.2907078423572897,0.29069336498413667,0.23693513364200242,300.6666666666667
0.2907168552887182,0.2907023782383805,0.23693636140118307,300.7083333333333
0.290729306403804,0.2907148291904017,0.23694031769708446,300.75
0.29074675317115617,0.29073227550130887,0.2369482832101733,300.7916666666667
0.29077052052901337,0.29075604228133567,0.23696135324818,300.8333333333333
0.29080038930482444,0.29078601992085734,0.23697944056325596,300.875
0.29082555422126666,0.29081127622947517,0.2369937016985022,300.9166666666667
0.2908437416847465,0.2908294418978942,0.23700219464454766,300.9583333333333
0.2908557698271587,0.29084147012028894,0.23700572640023032,301.0
0.2908629469004288,0.2908486468123632,0.23700536326591845,301.0416666666667
0.2908667851401003,0.2908524857248395,0.23700235164131125,301.0833333333333
0.2908689380877732,0.2908546373382461,0.23699804785466705,301.125
0.2908711270563235,0.2908568274880342,0.2369938581762073,301.1666666666667
0.2908750743109461,0.29086077666352833,0.2369911827289968,301.2083333333333
0.2908824367041482,0.29086813898234926,0.2369913619679597,301.25
0.2908947306099885,0.29088043287075255,0.23699561972124492,301.2916666666667
0.2909132493198965,0.29089895126396376,0.23700499112774476,301.3333333333333
0.2909389656030783,0.29092466687960594,0.23702024877546815,301.375
0.2909686634147147,0.2909544248439945,0.23703883756283703,301.4166666666667
0.2909917882581936,0.2909775589084753,0.23705197791279756,301.4583333333333
0.2910085361472465,0.2909943067790984,0.23705987829542294,301.5
0.29102022290114476,0.29100599372794206,0.23706360226091863,301.5416666666667
0.29102840493924664,0.29101417593142864,0.23706440483819943,301.5833333333333
0.2910347820169509,0.29102055323805803,0.23706366118627234,301.625
0.2910411211755904,0.29102689263328063,0.23706281178748706,301.6666666666667
0.2910491882094466,0.291034959808466,0.23706328583096603,301.7083333333333
0.29106067918490275,0.2910464507493463,0.23706647539233866,301.75
0.2910771456263412,0.2910629164517019,0.2370736549293839,301.7916666666667
0.29109990622966647,0.29108567648740746,0.2370859145955936,301.8333333333333
0.2911293127176197,0.29111540742098546,0.23710373414858193,301.875
0.29115561195830836,0.2911417037639954,0.23711877934703746,301.9166666666667
0.29117470365821313,0.29116080296347296,0.2371280452317741,301.9583333333333
0.29118762639665,0.2911737255258565,0.23713232078856458,302.0
0.291195666391659,0.2911817657647868,0.23713267966151666,302.0416666666667
0.29120034617064816,0.2911864451089614,0.23713037223960087,302.0833333333333
0.291203329682561,0.29118942767793676,0.23712676477033903,302.125
0.291206349612513,0.2911924489151775,0.23712327207543837,302.1666666666667
0.29121113978514873,0.291197240312894,0.23712130345466548,302.2083333333333
0.29121936621505234,0.29120546691397237,0.23712221027013422,302.25
0.29123255632471556,0.29121865692486665,0.23712721295633174,302.2916666666667
0.29125201142942503,0.2912381116355544,0.23713735899760452,302.3333333333333
0.2912787092508898,0.2912648101179788,0.2371534256952866,302.375
0.2913078850806615,0.2912940364468061,0.237171579075402,302.4166666666667
0.29133003894380693,0.29131617437468244,0.23718391699539118,302.4583333333333
0.2913458070229836,0.291331942225965,0.23719103282212878,302.5
0.2913565346683604,0.2913426698717878,0.23719399179212441,302.5416666666667
0.2913637721342872,0.2913499075293662,0.23719404278789127,302.5833333333333
0.2913692121435862,0.29135534677299635,0.23719255401345848,302.625
0.29137461686937904,0.29136074934457706,0.23719095903654233,302.6666666666667
0.29138174078700046,0.2913678726406331,0.23719068260240672,302.7083333333333
0.2913922738085069,0.29137840563430456,0.2371931080522137,302.75
0.291407761166853,0.29139389290580875,0.2371995042921878,302.7916666666667
0.29142951730986955,0.2914156484695991,0.23721095625444708,302.8333333333333
0.2914582494129765,0.2914445753605083,0.2372281715313623,302.875
0.2914856070294023,0.29147179382201827,0.23724406588916772,302.9166666666667
0.29150564857467726,0.29149183498898623,0.2372541100514612,302.9583333333333
0.2915194733608588,0.29150565995724254,0.237259134572836,303.0
0.29152838426824745,0.29151457138659304,0.2372602183264824,303.0416666666667
0.2915339131012743,0.29152010104827164,0.23725862142265502,303.0833333333333
0.2915377346914353,0.2915239241097541,0.23725571650437677,303.125
0.29154159314677836,0.29152778269043367,0.23725292581643406,303.1666666666667
0.29154723258554244,0.2915334221631614,0.23725166623511174,303.2083333333333
0.29155633107608114,0.29154252034706024,0.2372532941513551,303.25
0.29157042476402445,0.29155661389202436,0.2372590469028195,303.2916666666667
0.2915908239063351,0.29157701259195457,0.2372699728491701,303.3333333333333
0.2916185045546653,0.2916046495557339,0.23728683788687163,303.375
0.2916469803610824,0.29163304755424807,0.23730433034303408,303.4166666666667
0.29166811050278457,0.29165417299405677,0.23731585599610466,303.4583333333333
0.29168290106586026,0.2916689633932531,0.23732219035149035,303.5
0.29169267197822984,0.2916787344066978,0.23732438714370702,303.5416666666667
0.2916989671550246,0.291685028780359,0.23732368936940576,303.5833333333333
0.29170347237225236,0.2916895343078781,0.23732145943220428,303.625
0.29170794015629997,0.29169400792915934,0.2373191235755237,303.6666666666667
0.2917141217504211,0.2917001904341752,0.23731809842128757,303.7083333333333
0.2917236992064402,0.29170976790563835,0.2373197626434818,303.75
0.29173821073681405,0.2917242791764605,0.23732537895059458,303.7916666666667
0.2917589649027658,0.29174503281079894,0.23733602658333686,303.8333333333333
0.29178677997401015,0.29177301042582937,0.23735251839429822,303.875
0.2918151011064871,0.2918012401530751,0.23736920610066944,303.9166666666667
0.2918359817797814,0.29182223070515045,0.23738003372372152,303.9583333333333
0.29185069517319023,0.2918369651150472,0.23738581248949364,304.0
0.2918604842838335,0.2918467545591823,0.23738762603978822,304.0416666666667
0.2918668694301938,0.2918531398555949,0.23738674395313455,304.0833333333333
0.29187153625856227,0.2918578068626645,0.23738454536831133,304.125
0.2918762395573395,0.2918625103018878,0.23738245961091706,304.1666666666667
0.2918827350796102,0.29186900608786653,0.23738191244251874,304.2083333333333
0.29189271233284336,0.2918789809600674,0.23738427171056806,304.25
0.29190771681831473,0.2918939852467925,0.23739077956819896,304.2916666666667
0.29192906744874264,0.29191533538596753,0.23740249061933935,304.3333333333333
0.2919577141787911,0.2919440033155628,0.23742014281968585,304.375
0.2919851381242654,0.2919714677991589,0.23743691297272512,304.4166666666667
0.2920052627098732,0.29199159203093766,0.23744763582749745,304.4583333333333
0.29201907829931617,0.2920054076266303,0.23745319176325022,304.5
0.29202789499515147,0.29201422551851136,0.23745462950095772,304.5416666666667
0.29203325065830354,0.29201958027493996,0.23745318599287918,304.5833333333333
0.29203682366894407,0.2920231536950733,0.23745021732194993,304.625
0.2920403595503149,0.29202668987302444,0.2374471383602628,304.6666666666667
0.29204560227065984,0.2920319328032376,0.23744536801646124,304.7083333333333
0.29205422690390825,0.29204055749599844,0.23744627419288641,304.75
0.2920677652398139,0.2920540957298593,0.2374511131428336,304.7916666666667
0.29208752040577524,0.2920738504263556,0.2374609596346602,304.8333333333333
0.29211447009239483,0.2921007993847445,0.23747662769074754,304.875
0.29214402998111944,0.2921298551519805,0.2374941184035244,304.9166666666667
0.2921659778468185,0.29215180351141945,0.23750573510749023,304.9583333333333
0.292181628837283,0.2921674541693439,0.23751227251723203,305.0
0.2921923026675205,0.2921781279498425,0.23751482144677744,305.0416666666667
0.2921995504213992,0.2921853748507215,0.23751465736230423,305.0833333333333
0.29220506867765633,0.2921908922699097,0.23751316834363959,305.125
0.29221062354685784,0.29219644651619225,0.23751179487315427,305.1666666666667
0.2922179821181889,0.2922038048142019,0.23751196764348262,305.2083333333333
0.29222884453249315,0.29221466695583537,0.2375150602349668,305.25
0.2922447668116223,0.29223058902412874,0.23752232794821765,305.2916666666667
0.2922670761074829,0.2922528978162213,0.23753482905542014,305.3333333333333
0.2922963958486999,0.29228223484587784,0.23755307017464958,305.375
0.2923227742116549,0.2923086309878109,0.23756894144844037,305.4166666666667
0.2923419003604726,0.2923277579316944,0.2375788648252183,305.4583333333333
0.2923547442289079,0.2923406018222225,0.23758364577995275,305.5
0.29236260986544954,0.29234846763822503,0.23758432775501565,305.5416666666667
0.2923670285683374,0.29235288718613767,0.23758214183283427,305.5833333333333
0.2923696722781785,0.29235553051459856,0.2375784376813384,305.625
0.29237227910870983,0.2923581377699797,0.23757462593557263,305.6666666666667
0.2923765858464734,0.2923624449065872,0.2375721141199846,305.7083333333333
0.29238426062166367,0.29237011982588934,0.23757226565223838,305.75
0.2923968288805901,0.29238268792432326,0.237576330944984,305.7916666666667
0.29241558822137986,0.2924014468547223,0.23758537997515594,305.8333333333333
0.2924415124149754,0.2924273702343642,0.2376002229160729,305.875
0.29247100342767296,0.2924569907895314,0.23761806260313553,305.9166666666667
0.2924938020196538,0.29247990238970734,0.23763047267384155,305.9583333333333
0.29251041701253067,0.2924964766948554,0.23763777329303568,306.0
0.2925219820710309,0.29250804172096684,0.2376410626053669,306.0416666666667
0.2925300990664939,0.2925161588412319,0.23764162451897,306.0833333333333
0.29253647533848987,0.2925225340349955,0.237640855124631,306.125
0.2925428883292748,0.292528946342952,0.2376402002676247,306.1666666666667
0.2925511165316259,0.29253717420714953,0.23764109889537358,306.2083333333333
0.2925628716672307,0.2925489286701161,0.23764493475107096,306.25
0.29257971849089853,0.29256577523764016,0.23765296705447017,306.2916666666667
0.2926029934999743,0.29258904968261723,0.23766626298252502,306.3333333333333
0.29263281242546985,0.2926188036236204,0.23768492394015037,306.375
0.2926581778425763,0.2926441685605948,0.23769994318794513,306.4166666666667
0.29267631010970596,0.29266230106119834,0.23770907110164086,306.4583333333333
0.29268818531113133,0.29267417653658884,0.23771308066957114,306.5
0.29269510293002654,0.2926810946193813,0.237713010415441,306.5416666666667
0.29269858806212146,0.29268457919169744,0.23771008566279478,306.5833333333333
0.29270030582060863,0.29268629753281256,0.2377056495087718,306.625
0.29270198694547334,0.29268798321454487,0.23770110841908274,306.6666666666667
0.2927053610830957,0.29269135795887374,0.23769785839573535,306.7083333333333
0.2927120894335616,0.2926980864843397,0.23769725885324228,306.75
0.29272369105646523,0.2927096880114869,0.23770055448774394,306.7916666666667
0.2927414581793932,0.292727454757911,0.23770881004403313,306.8333333333333
0.2927663601939269,0.29275235623415724,0.23772283201746358,306.875
0.292796272338581,0.29278231374829133,0.2377409134543812,306.9166666666667
0.29281998129779685,0.2928061959333314,0.23775412127440151,306.9583333333333
0.2928375436064933,0.29282370014848297,0.23776219009761404,307.0
0.2928500089808877,0.292836162886301,0.23776622315748067,307.0416666666667
0.29285900141855464,0.2928451554939534,0.23776751161915172,307.0833333333333
0.29286624154482066,0.29285239504706123,0.23776745828226392,307.125
0.29287351847565685,0.2928596725669666,0.2377675184373356,307.1666666666667
0.2928826220743406,0.2928687788977655,0.23776914489188034,307.2083333333333
0.2928952747086818,0.29288143285717033,0.2377737256123969,307.25
0.2929130527447551,0.29289921056093426,0.23778252677671177,307.2916666666667
0.2929373002054435,0.292923457406891,0.23779662207701555,307.3333333333333
0.2929672161742588,0.2929534105498414,0.23781538815630118,307.375
0.2929915782889418,0.29297775647543567,0.2378295896324496,307.4166666666667
0.2930087198099688,0.2929948982611285,0.23783792634863152,307.4583333333333
0.2930196301722303,0.2930058088747074,0.23784116857672719,307.5
0.29302560354567836,0.2930117826683581,0.2378403501384887,307.5416666666667
0.2930281587598628,0.2930143383548635,0.23783669060330728,307.5833333333333
0.2930289540696288,0.2930151335630711,0.23783152543127825,307.625
0.2930297130624111,0.29301589299989383,0.23782625145796082,307.6666666666667
0.29303215821531264,0.2930183385154387,0.23782226678879853,307.7083333333333
0.2930379438223554,0.29302412431884206,0.23782092005327546,307.75
0.293048582598072,0.29303476303417464,0.2378234498400595,307.7916666666667
0.29306536137179984,0.2930515414610119,0.23783091589947766,307.8333333333333
0.2930892455072482,0.29307542502251666,0.23784412093204055,307.875
0.2931190648404213,0.293105371799541,0.23786226167627414,307.9166666666667
0.2931442057299382,0.2931302308446683,0.2378762467997555,307.9583333333333
0.29316264645638723,0.2931486709852791,0.23788508771288883,308.0
0.29317601309427477,0.29316203766878407,0.2378898695810981,308.0416666666667
0.29318588740759677,0.29317191182718666,0.2378918898412781,308.0833333333333
0.29319399826107934,0.2931800234953689,0.23789256075007761,308.125
0.29320214604793754,0.2931881715802735,0.2378933462078677,308.1666666666667
0.29321213218256914,0.29319815778573494,0.23789570575289326,308.2083333333333
0.2932256894135287,0.29321171493550374,0.23790103707013058,308.25
0.29324440484777997,0.29323043026363826,0.23791061137737482,308.2916666666667
0.29326963123924205,0.2932556560044224,0.23792551036282747,308.3333333333333
0.2932994309347823,0.29328553698161025,0.23794420687019413,308.375
0.2933227573783488,0.29330888363678564,0.2379575934608193,308.4166666666667
0.29333891220656555,0.293325038226327,0.23796514282651024,308.4583333333333
0.2933488618444122,0.2933349879201068,0.23796762167762336,308.5
0.29335389502167114,0.29334002144104193,0.23796605888801414,308.5416666666667
0.2933555242546415,0.2933416500777646,0.23796166823126552,308.5833333333333
0.2933554009271744,0.29334152728870444,0.23795577905346643,308.625
0.29335524476807295,0.29334136851452924,0.23794978544117712,308.6666666666667
0.29335676564974333,0.29334288900678085,0.2379450706663077,308.7083333333333
0.2933616124890234,0.29334773609470394,0.23794298087273058,308.75
0.2933712923188028,0.2933574165403682,0.23794474899511187,308.7916666666667
0.29338708696843235,0.2933732108410378,0.23795142988126236,308.8333333333333
0.2934099574730841,0.29339608079977875,0.23796382246117634,308.875
0.29343908163605253,0.29342584575790276,0.23798185335030925,308.9166666666667
0.2934656436860432,0.29345165191706324,0.23799667810559413,308.9583333333333
0.29348491508914437,0.29347103445755746,0.23800629538956547,309.0
0.29349915950317323,0.29348531107404074,0.23801182973494606,309.0416666666667
0.29350992120778446,0.29349607277056633,0.23801458750763432,309.0833333333333
0.29351890809384457,0.2935050581442038,0.2380159889061786,309.125
0.2935279316372711,0.2935140823396484,0.23801750519690926,309.1666666666667
0.2935388051143017,0.2935249537403484,0.23802060058665214,309.2083333333333
0.2935532727587635,0.2935394215085332,0.23802668189490217,309.25
0.2935729317427231,0.2935590801010925,0.23803703343363888,309.2916666666667
0.2935991433013622,0.29358529095665636,0.23805274029565496,309.3333333333333
0.29362857451790003,0.2936147675585013,0.23807111774169232,309.375
0.29365089931807625,0.293637084673783,0.23808369414678496,309.4166666666667
0.29366607179466675,0.293652257199572,0.2380904608636817,309.4583333333333
0.29367506485896183,0.2936612504859108,0.238092180788013,309.5
0.2936791619692888,0.29366534793775395,0.23808987788675154,309.5416666666667
0.2936798694068258,0.29366605619379554,0.23808475920111968,309.5833333333333
0.2936788317055601,0.29366501853660365,0.23807815076133823,309.625
0.293677758410029,0.2936639503443437,0.2380714361948003,309.6666666666667
0.29367835769713113,0.2936645502614735,0.23806599546086105,309.7083333333333
0.2936822701147472,0.29366846296535254,0.23806316704451216,309.75
0.2936909957277064,0.29367718867786974,0.23806417808257274,309.7916666666667
0.2937058107084659,0.29369200325419376,0.23807007846544578,309.8333333333333
0.2937276721942334,0.293713863922139,0.23808166338729322,309.875
0.29375654407734364,0.2937430400744575,0.23809911142321308,309.9166666666667
0.2937833547289398,0.29376996188813453,0.23811476045448798,309.9583333333333
0.29380367221429193,0.2937902930872716,0.23812515787497818,310.0
0.29381886474139,0.29380548482359753,0.2381314484030074,310.0416666666667
0.2938305197713412,0.29381713862428915,0.2381349443506,310.0833333333333
0.2938403887083412,0.2938270056968905,0.2381370742656835,310.125
0.2938502947724084,0.29383691250622135,0.23813931893763526,310.1666666666667
0.2938620624511681,0.29384868333153813,0.23814315226550317,310.2083333333333
0.29387744686593636,0.29386406734622356,0.23814998934977452,310.25
0.29389805535521885,0.2938846752511973,0.23816112201577386,310.2916666666667
0.29392525804110475,0.29391187716351747,0.23817764072091852,310.3333333333333
0.29395417773268767,0.29394073770475104,0.23819547828777685,310.375
0.29397548722853084,0.29396204668905007,0.2382072494563107,310.4166666666667
0.2939896820695983,0.2939762413505434,0.23821323800421398,310.4583333333333
0.2939977232115657,0.2939842825948564,0.2382142037150814,310.5
0.2940008888437039,0.2939874485637787,0.2382111654442726,310.5416666666667
0.2940006790510892,0.29398723957650663,0.23820532541553693,310.5833333333333
0.29399873156326223,0.29398529211664903,0.2381980014587774,310.625
0.29399674883778754,0.2939833141587806,0.2381905720573821,310.6666666666667
0.293996431954806,0.29398299790406024,0.23818440991969847,310.7083333333333
0.2939994146342423,0.29398598086549044,0.23818084754467814,310.75
0.29400719073630666,0.2939937568397709,0.23818110630263511,310.7916666666667
0.29402103091740395,0.294007596781472,0.23818623109866177,310.8333333333333
0.29404188847286367,0.29402845378099746,0.23819701326465442,310.875
0.2940701541133575,0.29405678426142867,0.23821379471357965,310.9166666666667
0.29409798530741416,0.2940846403422082,0.23823032432717747,310.9583333333333
0.29411927074252037,0.2941059215696619,0.2382415057929967,311.0
0.29413538446597143,0.2941220354969857,0.238248556205048,311.0416666666667
0.2941479382957011,0.29413458803785253,0.23825279540989408,311.0833333333333
0.2941586944076534,0.2941453427396142,0.23825565954163674,311.125
0.2941694877650234,0.29415613603668894,0.2382586374015105,311.1666666666667
0.294182154414081,0.2941688047177945,0.23826321599557646,311.2083333333333
0.2941984607316593,0.2941851120471748,0.2382708126659557,311.25
0.2942200241184179,0.29420667484911406,0.23828272997944763,311.2916666666667
0.29424819579421135,0.2942348726381722,0.23830006276625212,311.3333333333333
0.29427611824889044,0.2942629442706639,0.23831725113377197,311.375
0.2942964255460216,0.2942832510952738,0.23832822117962615,311.4166666666667
0.29430964776606117,0.29429647315854585,0.23833343647167268,311.4583333333333
0.29431674192832463,0.2943035674245365,0.2383336526707566,311.5
0.2943189809734702,0.2943058064655329,0.23832988375733974,311.5416666666667
0.2943178588016858,0.2943046848974596,0.23832332615806506,311.5833333333333
0.29431500636945357,0.2943018329988379,0.23831529040515895,311.625
0.2943121190783497,0.2942989503749873,0.23830715031395971,311.6666666666667
0.2943108909329731,0.2942977228723787,0.23830027157642114,311.7083333333333
0.2943129488422939,0.29429978106947763,0.2382959800656506,311.75
0.29431978040420254,0.29430661252099444,0.23829549137769615,311.7916666666667
0.29433265095504346,0.2943194828463705,0.23829984554142547,311.8333333333333
0.29435250968816346,0.29433934087925967,0.23830983030467495,311.875
0.2943798771747294,0.2943667210643731,0.2383258395808935,311.9166666666667
0.29440942945427584,0.2943954865348197,0.2383431024435604,311.9583333333333
0.29443167407504744,0.29441773074552957,0.23835504535893526,312.0
0.2944487140969964,0.29443477068044754,0.2383628593013991,312.0416666666667
0.29446217174891487,0.2944482281226635,0.2383678451770837,312.0833333333333
0.2944738201666858,0.2944598752789999,0.23837144801838758,312.125
0.2944855057821555,0.2944715609639898,0.23837516440333573,312.1666666666667
0.29449907654505963,0.2944851337225045,0.23838048773491233,312.2083333333333
0.29451631098906467,0.2945023680041724,0.2383888511878595,312.25
0.2945388344423109,0.2945248908886296,0.23840155652135556,312.2916666666667
0.29456792280955396,0.29455394571925986,0.2384196025292175,312.3333333333333
0.29459480593296594,0.2945808436923037,0.23843591878409717,312.375
0.29461411640147145,0.29460015440316284,0.2384460938308297,312.4166666666667
0.2946263712527775,0.29461240951352785,0.23845054131712468,312.4583333333333
0.2946325235979186,0.2946185622539626,0.23845001328045648,312.5
0.2946338411532869,0.294619880527136,0.2384455191006026,312.5416666666667
0.2946318116453535,0.29461785206794167,0.23843824907072733,312.5833333333333
0.2946280593125219,0.2946140998263443,0.23842950874156463,312.625
0.2946242725120018,0.294610317774198,0.23842066027287326,312.6666666666667
0.29462213820463384,0.2946081842644833,0.23841306974866988,312.7083333333333
0.2946232765177625,0.29460932301638104,0.23840805423301561,312.75
0.2946291688565547,0.2946152155605804,0.2384068234108721,312.7916666666667
0.294641075203201,0.2946271218611546,0.23841041232461677,312.8333333333333
0.29465994086262437,0.2946459870568255,0.23841960515714616,312.875
0.29468629808558205,0.2946723430289626,0.2384348517042539,312.9166666666667
0.29471574330603767,0.2947018563396777,0.23845254111311637,312.9583333333333
0.2947389521714577,0.29472506458605696,0.23846530038260424,313.0
0.2947569236174856,0.2947430363092314,0.23847388045533038,313.0416666666667
0.2947712900372084,0.29475740130978617,0.23847961499975318,313.0833333333333
0.2947838356847081,0.29476994568741194,0.23848395811576711,313.125
0.2947964186273074,0.2947825286247538,0.23848841714446029,313.1666666666667
0.2948108983675906,0.294797010365062,0.2384944938302917,313.2083333333333
0.2948290633413208,0.2948151765531773,0.23850362403914754,313.25
0.29485255186977355,0.294838664544822,0.23851712049735746,313.2916666666667
0.29488219359252654,0.2948682908438732,0.23853562502222803,313.3333333333333
0.2949080655509021,0.2948941390223898,0.23855109082615275,313.375
0.2949263850164144,0.29491245816131273,0.23856047674512842,313.4166666666667
0.29493767826261963,0.29492375140603305,0.23856416178731932,313.4583333333333
0.29494289450285394,0.2949289679312743,0.23856289484958643,313.5
0.29494329623889654,0.29492937015965437,0.23855768020141946,313.5416666666667
0.2949403650506482,0.29492644047197397,0.23854970285067548,313.5833333333333
0.29493571845447025,0.2949217933574798,0.23854026203173392,313.625
0.2949310404079184,0.2949171134235591,0.23853071658098723,313.6666666666667
0.29492800637575134,0.2949140792815739,0.23852241993956494,313.7083333333333
0.29492823086635483,0.2949143042142574,0.23851668576028293,313.75
0.2949331895418659,0.2949192633069317,0.23851471820245565,313.7916666666667
0.2949441376202767,0.2949302112787453,0.23851754749770407,313.8333333333333
0.2949620159812658,0.2949480892774784,0.23852595410035166,313.875
0.29498734215874844,0.2949734273899182,0.23854038793595253,313.9166666666667
0.2950167602914934,0.2950032724234177,0.23855852507337433,313.9583333333333
0.2950408365207496,0.29502744947395465,0.23857207781772194,314.0
0.2950597405489447,0.2950463567631835,0.23858142714321476,314.0416666666667
0.2950750198498622,0.2950616364367303,0.23858791502265966,314.0833333333333
0.29508846698638064,0.2950750845614271,0.23859300188542631,314.125
0.29510195093343644,0.29508856931886757,0.23859820506286625,314.1666666666667
0.2951173433135033,0.29510396250994025,0.23860503476220318,314.2083333333333
0.29513644965941127,0.295123063592738,0.23861493427063046,314.25
0.295160908091057,0.29514752128551397,0.23862922471448061,314.2916666666667
0.2951908078629165,0.2951774658032283,0.23864796877747046,314.3333333333333
0.295215675239994,0.2952023316490931,0.2386626575343427,314.375
0.29523300984840456,0.29521966593923665,0.2386712594969411,314.4166666666667
0.2952433475674416,0.29523000365361435,0.23867418796303366,314.4583333333333
0.29524763372169327,0.29523429010794916,0.23867218778932078,314.5
0.2952471256020544,0.2952337825081929,0.23866625844980047,314.5416666666667
0.29524329867609067,0.29522995649339073,0.23865757941469437,314.5833333333333
0.29523776375319594,0.2952244217736238,0.23864744455157272,314.625
0.2952321982141119,0.2952188538879015,0.2386372013391532,314.6666666666667
0.2952282696835829,0.295214925317777,0.2386282038218701,314.7083333333333
0.2952275863292873,0.29521424239713434,0.2386217567133121,314.75
0.2952316179150403,0.2952182741384242,0.23861905817171258,314.7916666666667
0.2952416138483253,0.2952282699966799,0.23862113368837487,314.8333333333333
0.2952585114638144,0.2952451671891033,0.23862876006239903,314.875
0.29528283843693875,0.2952694933239159,0.23864238518884562,314.9166666666667
0.2953128755461298,0.2952994581654201,0.23866058463372936,314.9583333333333
0.29533826074610203,0.2953246078728928,0.23867493230129685,315.0
0.29535810891307135,0.2953444558768693,0.2386850530696704,315.0416666666667
0.295374305734475,0.2953606529592439,0.23869229623363697,315.0833333333333
0.2953886589761756,0.2953750048384419,0.2386981309019732,315.125
0.29540304979433385,0.29538939552832705,0.23870408070909752,315.1666666666667
0.29541935981049894,0.2954057036503561,0.23871166426549995,315.2083333333333
0.295439401285218,0.29542574562820156,0.23872233911089355,315.25
0.2954648337418806,0.2954511773726372,0.23873742605946618,315.2916666666667
0.29549475356142885,0.29548114370494294,0.23875620225751643,315.3333333333333
0.29551861523821865,0.295504999721713,0.2387700892739407,315.375
0.2955349713419456,0.2955213563225698,0.23877791427527312,315.4166666666667
0.2955443597833999,0.29553074514256106,0.238780092047471,315.4583333333333
0.29554772201362645,0.29553410784721384,0.238777364535098,315.5
0.29554631014318117,0.2955326967806422,0.23877072638662258,315.5416666666667
0.29554159353639453,0.2955279812632409,0.23876135144466504,315.5833333333333
0.2955351763260936,0.2955215643275878,0.23875052650588116,315.625
0.2955287259018748,0.29551511467102975,0.23873959772011033,315.6666666666667
0.29552390822906666,0.2955102977873518,0.23872990542091968,315.7083333333333
0.295522323223492,0.295508713300724,0.23872275110098395,315.75
0.29552543412239035,0.2955118240725261,0.2387193275215966,315.7916666666667
0.29553448436112145,0.2955208742920384,0.23872065536208703,315.8333333333333
0.2955504075480242,0.2955367971613363,0.23872750767723122,315.875
0.29557372898296685,0.2955601182259846,0.23874033044910148,315.9166666666667
0.2956029525924146,0.2955901884182276,0.23875833846347483,315.9583333333333
0.2956291927719433,0.29561631521451576,0.23877348484753458,316.0
0.29564987338609744,0.2956371088269527,0.23878438085118592,316.0416666666667
0.2956669864881803,0.29565422657048385,0.23879238065307953,316.0833333333333
0.2956822501126057,0.29566948896101747,0.23879896325299468,316.125
0.2956975505814136,0.2956847901044288,0.23880566224590474,316.1666666666667
0.2957147828564387,0.29570202443828236,0.23881400501211866,316.2083333333333
0.29573576951946884,0.295723012196923,0.2388254511699454,316.25
0.29576218006414134,0.29574942196842163,0.23884133696879714,316.2916666666667
0.29579188643810744,0.29577910353601167,0.23885991182169097,316.3333333333333
0.295814740065435,0.29580195655555924,0.23887299281837338,316.375
0.29583012450412877,0.29581734070136134,0.23888004613035485,316.4166666666667
0.295838570443921,0.2958257866449056,0.238881479566546,316.4583333333333
0.295841015477493,0.29582823193700547,0.2388780308413325,316.5
0.29583870655401884,0.2958259234556003,0.23887068974027434,316.5416666666667
0.29583310695357906,0.29582032441945655,0.23886062403512903,316.5833333333333
0.29582581411607,0.29581303223597516,0.23884911587000046,316.625
0.29581848849559333,0.29580570727364425,0.2388375009320748,316.6666666666667
0.29581278911980585,0.29580000847965787,0.23882711966176487,316.7083333333333
0.29581030921449203,0.29579752900783857,0.23881926429898204,316.75
0.2958125054731747,0.29579972554544554,0.23881512191966422,316.7916666666667
0.29582061689655703,0.2958078369257661,0.23881570824469242,316.8333333333333
0.2958355727149897,0.2958227924775322,0.23882179278040985,316.875
0.2958578964736456,0.29584511530721136,0.23883381905990964,316.9166666666667
0.29588697276746545,0.29587455144812097,0.23885157682907415,316.9583333333333
0.295914279451179,0.2959016675683325,0.23886755303319557,317.0
0.2959360190658081,0.2959234125796589,0.23887922429868966,317.0416666666667
0.29595405410762193,0.2959414563843701,0.2388879836982094,317.0833333333333
0.2959702318239356,0.2959576319150377,0.2388953187385188,317.125
0.29598644701289645,0.2959738469751231,0.238902767483119,317.1666666666667
0.2960046051873794,0.2959920027945452,0.23891186635264536,317.2083333333333
0.2960265405766243,0.29601393511866003,0.23892408731938153,317.25
0.2960539329007176,0.2960413266007352,0.23894077401976707,317.2916666666667
0.29608309911483693,0.2960704803141917,0.23895891977784328,317.3333333333333
0.2961049569060376,0.29609233753272457,0.2389712076216282,317.375
0.29611937672612504,0.2961067570985386,0.23897749700866006,317.4166666666667
0.2961268871153047,0.2961142675249199,0.23897819274328608,317.4583333333333
0.2961284218118913,0.296115802515241,0.23897402920078628,317.5
0.2961252226117136,0.29611260381268817,0.23896599159085394,317.5416666666667
0.2961187467309605,0.29610612879726866,0.23895524327868467,317.5833333333333
0.2961105849885675,0.29609796774667535,0.23894305778651465,317.625
0.2961023909403289,0.29608977435963596,0.23893076626393409,317.6666666666667
0.2960958166698389,0.29608320067516497,0.23891970244903465,317.7083333333333
0.2960924487362349,0.2960798331803626,0.2389111524333366,317.75
0.2960937377540379,0.2960811223964131,0.23890629771619107,317.7916666666667
0.29610091745835376,0.2960883020552463,0.23890614936484533,317.8333333333333
0.29611491328132516,0.2961022974692458,0.23891147331059875,317.875
0.29613624619984313,0.29612362972128287,0.23892271148426752,317.9166666666667
0.29616485398151393,0.2961522828866066,0.2389397370621816,317.9583333333333
0.2961930876007542,0.29618038406269276,0.23895646362505635,318.0
0.2962157799456474,0.2962030758362304,0.23896891320590768,318.0416666666667
0.2962347528424617,0.29622204920203227,0.2389784341776819,318.0833333333333
0.296251847164202,0.2962391419715828,0.23898652115991417,318.125
0.2962689793207567,0.29625627501700613,0.23899472449892176,318.1666666666667
0.2962880661575508,0.2962753645326233,0.23900458841583505,318.2083333333333
0.2963109530633174,0.2962982515392648,0.23901758985424873,318.25
0.2963393303905843,0.2963266274290657,0.23903507908807003,318.2916666666667
0.29636765427265543,0.29635493505078014,0.23905256173764805,318.3333333333333
0.29638852372749136,0.2963758039811067,0.23906406324536777,318.375
0.2964019863334801,0.2963892663633031,0.2390695942325885,318.4166666666667
0.2964085684867767,0.29639584858028567,0.2390695585306533,318.4583333333333
0.2964092000899193,0.29639648052698103,0.23906468677441528,318.5
0.29640511781370277,0.29639239877095624,0.23905595949057956,318.5416666666667
0.2963977728239083,0.29638505480180566,0.2390445337533455,318.5833333333333
0.29638874931134146,0.2963760300009843,0.23903167798841535,318.625
0.29637969621683735,0.2963669798056586,0.2390187163740332,318.6666666666667
0.2963722549509335,0.29635953866657494,0.23900697643999436,318.7083333333333
0.2963680062285,0.296355290379502,0.23899773836772892,318.75
0.29636839512959967,0.29635568034346615,0.238992178046476,318.7916666666667
0.29637465059294105,0.29636193578185344,0.23899130179587932,318.8333333333333
0.296387693786843,0.2963749787820586,0.23899587192666913,318.875
0.2964080434069045,0.29639532790244993,0.23900632832819912,318.9166666666667
0.29643561873559965,0.2964229799100982,0.23902270756804816,318.9583333333333
0.296464758383921,0.2964522040295821,0.23904037026299735,319.0
0.2964882449206642,0.29647585029399803,0.23905359975309276,319.0416666666667
0.29650813423397654,0.29649575526838984,0.23906388387170543,319.0833333333333
0.2965261500270623,0.2965137702672853,0.23907272557080653,319.125
0.2965442029830541,0.2965318230115867,0.23908168363408333,319.1666666666667
0.2965642221643146,0.29655184228209464,0.23909231079273927,319.2083333333333
0.29658806444882313,0.2965756840607504,0.23910609215377393,319.25
0.2966173309081103,0.29660493893573225,0.23912428281032688,319.2916666666667
0.2966446172753939,0.29663223141996475,0.23914095623441683,319.3333333333333
0.29666450626493174,0.2966521199045102,0.23915167869314985,319.375
0.2966770194433176,0.29666463288433886,0.23915645901969962,319.4166666666667
0.29668268106838536,0.2966702945837591,0.23915569909489154,319.4583333333333
0.29668241721599664,0.2966700310510703,0.23915012603375702,319.5
0.29667745944162693,0.29666507377085477,0.2391407162734928,319.5416666666667
0.2966692528879017,0.296656867837862,0.23912861949318592,319.5833333333333
0.2966593751559539,0.29664699082287177,0.2391151002063086,319.625
0.2966494684068954,0.2966370824325019,0.23910147527423276,319.6666666666667
0.29664116699727294,0.2966287809247783,0.23908906620953643,319.7083333333333
0.2966360451352793,0.2966236595369556,0.23907914698188765,319.75
0.2966355420148962,0.2966231566957665,0.23907288800395649,319.7916666666667
0.2966408809688583,0.29662849572522004,0.23907129075047803,319.8333333333333
0.2966529796865883,0.2966405940470232,0.2390751140173162,319.875
0.2966723545921876,0.2966599683724123,0.23908479527999055,319.9166666666667
0.2966989755392894,0.2966866475332843,0.23910038127758076,319.9583333333333
0.2967288029326327,0.29671635767700716,0.23911861985126276,320.0
0.296753310635782,0.29674096059847904,0.23913263000740717,320.0416666666667
0.2967741611822262,0.29676180030299004,0.2391436796386894,320.0833333333333
0.2967930992861275,0.2967807363624053,0.23915327698102445,320.125
0.2968120744094379,0.2967997119764863,0.23916299170686442,320.1666666666667
0.2968330280242989,0.2968206632229551,0.23917438217667414,320.2083333333333
0.2968578273067422,0.29684545947748664,0.23918894445919692,320.25
0.2968876585297797,0.29687530675581464,0.2392076246343316,320.2916666666667
0.29691396523349006,0.2969015988063437,0.23922350423096136,320.3333333333333
0.29693288192759204,0.29692051503174516,0.23923345504540655,320.375
0.2969444537528739,0.2969320866822139,0.23923749200542258,320.4166666666667
0.2969492028349308,0.29693683586863534,0.23923601510514572,320.4583333333333
0.2969480514344285,0.29693568482159294,0.23922974795605823,320.5
0.2969422260089836,0.29692985964892843,0.23921966171556364,320.5416666666667
0.29693316569666023,0.2969207992808485,0.23920690135981373,320.5833333333333
0.2969224415578057,0.2969100758731995,0.23919272528310087,320.625
0.29691168654017064,0.29689932522328993,0.2391784439403782,320.6666666666667
0.29690253212212675,0.29689017174356813,0.2391653725188166,320.7083333333333
0.2968965450254348,0.29688418515822534,0.23915477914124264,320.75
0.29689515766458247,0.2968827981006046,0.2391478286476742,320.7916666666667
0.296899588265948,0.29688722881470564,0.23914551794744354,320.8333333333333
0.29691075049426446,0.2968983908868962,0.23914860227471085,320.875
0.29692915888841037,0.29691679863777865,0.2391575174542237,320.9166666666667
0.29695484196442307,0.2969424808311763,0.23917230873679451,320.9583333333333
0.29698499100977843,0.2969725706097131,0.23919071978228845,321.0
0.2970105548576782,0.29699813385986956,0.23920551169230983,321.0416666666667
0.2970323316047097,0.297019910468955,0.23921732689219213,321.0833333333333
0.2970521956240999,0.29703977198326265,0.2392276827294008,321.125
0.29707209721220734,0.2970596727876366,0.23923815394949133,321.1666666666667
0.2970939887202047,0.2970815607996163,0.2392503100277252,321.2083333333333
0.2971197483786784,0.29710731967108023,0.23926565430919153,321.25
0.2971498542047698,0.29713742393914544,0.239284569932533,321.2916666666667
0.2971751541265948,0.2971627249430857,0.2392996521739655,321.3333333333333
0.29719310703447915,0.2971806774290211,0.23930883904735847,321.375
0.2972037459222073,0.2971913161879481,0.23931214023784073,321.4166666666667
0.29720759078910747,0.2971951612050714,0.23930995369726346,321.4583333333333
0.2972055600953205,0.29719313090986776,0.23930299957952603,321.5
0.29719887521633176,0.297186446332305,0.23929224454767606,321.5416666666667
0.29718896931668837,0.29717654042486075,0.2392788288431943,321.5833333333333
0.2971774068850923,0.2971649788064702,0.23926400321225907,321.625
0.2971658161228648,0.2971533867900518,0.23924907275086663,321.6666666666667
0.2971558183520928,0.29714338907969623,0.23923534647226383,321.7083333333333
0.29714897430253656,0.29713654556083346,0.23922408635174783,321.75
0.297146711117824,0.29713428305204254,0.23921645210666226,321.7916666666667
0.2971502418076517,0.29713781386452587,0.23921343536420314,321.8333333333333
0.29716047624652914,0.29714804818786283,0.23921578820186495,321.875
0.29717792672331,0.29716549801741365,0.23922394437089253,321.9166666666667
0.2972026216209131,0.2971901920669365,0.23923794904790682,321.9583333333333
0.29723266116300356,0.29722035840847333,0.2392563656630202,322.0
0.29725912506699265,0.2972468820649381,0.23927194082324188,322.0416666666667
0.29728193235373307,0.29726959733644276,0.23928452178569312,322.0833333333333
0.2973027281297694,0.297290388840895,0.23929563530338221,322.125
0.2973235570681237,0.2973112170313936,0.23930686275241886,322.1666666666667
0.2973463872156846,0.2973340467762367,0.2393197862550632,322.2083333333333
0.2973731077098545,0.29736076258238714,0.23933591294735512,322.25
0.2974032006179622,0.29739084359608897,0.23935480905687528,322.2916666666667
0.29742751628083786,0.29741515856751904,0.23936910644492818,322.3333333333333
0.29744451426229,0.2974321561649076,0.23937753734422187,322.375
0.29745422898373514,0.2974418708048001,0.23938011060998612,322.4166666666667
0.2974571783230141,0.2974448203419575,0.23937722224198965,322.4583333333333
0.29745427694962506,0.2974419194100241,0.23936958890662993,322.5
0.2974467412139164,0.2974343842717112,0.23935817257169514,322.5416666666667
0.2974359982638625,0.29742364230433765,0.23934410849083756,322.5833333333333
0.29742360608233837,0.29741124924787715,0.23932864037318713,322.625
0.2974111840298974,0.29739883062921124,0.23931306831405066,322.6666666666667
0.29740034997708775,0.29738799803142985,0.23929869465011874,322.7083333333333
0.2973926575374352,0.2973803061622884,0.23928677540270382,322.75
0.2973895271477817,0.29737717617169473,0.23927846482023438,322.7916666666667
0.29739216677691616,0.29737981589164014,0.23927474988699202,322.8333333333333
0.2974014823965778,0.2973891312987437,0.23927637918729952,322.875
0.2974179839333869,0.2974056323600549,0.23928378452079152,322.9166666666667
0.2974416998948927,0.29742934742625937,0.23929701085445854,322.9583333333333
0.2974716953056016,0.29745923765966176,0.2393152537364315,323.0
0.29749978844493224,0.297486724505449,0.2393316114322228,323.0416666666667
0.29752344473966724,0.29751037906272615,0.23934495886295934,323.0833333333333
0.2975451647266859,0.2975320988663989,0.2393568293933239,323.125
0.2975669228882927,0.2975538564143683,0.23936881513346908,323.1666666666667
0.2975906938012725,0.2975776265934572,0.23938250348728288,323.2083333333333
0.29761837812745306,0.2976053098258761,0.23939941325863892,323.25
0.2976481267242938,0.2976350575509518,0.23941803583521076,323.2916666666667
0.29767146582682624,0.2976583960544554,0.23943155543088818,323.3333333333333
0.29768751799182236,0.29767444794345455,0.23943923849659746,323.375
0.2976963175460776,0.29768324753808,0.2394410918600588,323.4166666666667
0.2976983802544471,0.2976853105718817,0.23943750959632004,323.4583333333333
0.2976946170095023,0.29768154790443263,0.23942920490178576,323.5
0.2976862390786274,0.2976731707888057,0.2394171350467897,323.5416666666667
0.29767466772447637,0.2976615995858827,0.23940242979564605,323.5833333333333
0.2976614544459149,0.2976483872775583,0.2393863278138911,323.625
0.2976482138330803,0.2976351456241423,0.23937012181014958,323.6666666666667
0.2976365536967091,0.29762348574510217,0.2393551083795007,323.7083333333333
0.2976280217310953,0.29761495447174424,0.2393425377711455,323.75
0.297624033048031,0.2976109662802568,0.23933355845482862,323.7916666666667
0.2976257905265621,0.2976127240354214,0.23932915339228233,323.8333333333333
0.2976341963354425,0.2976211298073905,0.2393300673229114,323.875
0.2976497583767139,0.2976366914093614,0.23933673010999013,323.9166666666667
0.29767250469996087,0.29765943698501945,0.23934918657157248,323.9583333333333
0.2977017953298122,0.29768875068142364,0.23936695504262986,324.0
0.2977305788376061,0.2977172086665354,0.2393841015242905,324.0416666666667
0.29775517682395475,0.29774180598567884,0.23939821722081037,324.0833333333333
0.29777782709771505,0.29776445439274374,0.23941084685592037,324.125
0.29780051549714737,0.2977871420844526,0.2394235916937238,324.1666666666667
0.29782522804348227,0.2978118538759837,0.23943804673621205,324.2083333333333
0.29785387634312344,0.2978405010841743,0.2394557380305186,324.25
0.2978829616346,0.29786958526367924,0.23947384203264221,324.2916666666667
0.2979053338095254,0.2978919569055934,0.23948659434075806,324.3333333333333
0.29792044971061066,0.29790707260262506,0.23949353803923262,324.375
0.2979283435692296,0.29791496657940303,0.23949467985058454,324.4166666666667
0.29792952904156983,0.2979161524612495,0.23949041190921833,324.4583333333333
0.297924913253763,0.29791153733972775,0.2394814440377791,324.5
0.29791570244323906,0.2979023274414861,0.23946872886944903,324.5416666666667
0.2979033119524739,0.2978899371662886,0.23945339094221155,324.5833333333333
0.29788928681076476,0.29787591311192924,0.239436661252951,324.625
0.29787523570463176,0.29786186022459743,0.23941983241742856,324.6666666666667
0.29786275801271006,0.29784938289524643,0.2394041876098839,324.7083333333333
0.2978533957559087,0.29784002146961264,0.23939097383382746,324.75
0.2978485581781986,0.29783518447660384,0.23938133433448563,324.7916666666667
0.29784944306499955,0.29783606971030746,0.23937624745556121,324.8333333333333
0.297856948832699,0.29784357542010537,0.23937645449221323,324.875
0.29787158095416194,0.2978582072477648,0.23938238307980264,324.9166666666667
0.297893367571633,0.2978799931681591,0.2393940779137798,324.9583333333333
0.29792169641011984,0.2979084253667148,0.2394111413979011,325.0
0.297951808069117,0.297937828096886,0.2394290718107075,325.0416666666667
0.29797735148808724,0.2979633681717083,0.23944395141720923,325.0833333333333
0.2980009330079938,0.2979869500643055,0.23945734021085202,325.125
0.2980245521889611,0.29801056623838523,0.2394708436587553,325.1666666666667
0.29805020720475295,0.2980362204250114,0.23948606654935103,325.2083333333333
0.29807977669777364,0.2980656526635048,0.23950450573354584,325.25
0.298107915204428,0.29809379039060085,0.23952185717458027,325.2916666666667
0.2981293303658093,0.29811520512167744,0.23953385098037527,325.3333333333333
0.29814351982091825,0.2981293945619961,0.23954006405492287,325.375
0.2981505177044796,0.29813639308357337,0.23954050338490723,325.4166666666667
0.29815083555598854,0.2981367119770801,0.23953555855070854,325.4583333333333
0.2981453766460991,0.2981312540999909,0.2395259357753468,325.5
0.2981353422990761,0.2981212209580335,0.2395125832534458,325.5416666666667
0.2981221421265852,0.29810802196876834,0.23949661974170788,325.5833333333333
0.2981073145954037,0.29809319565121706,0.23947927335374644,325.625
0.2980924587527447,0.2980783410543294,0.23946182381938796,325.6666666666667
0.29807917226990915,0.2980650557366433,0.23944555549037147,325.7083333333333
0.2980689893044993,0.29805487377671136,0.23943170685907453,325.75
0.2980633127933827,0.29804919767186505,0.2394214155826302,325.7916666666667
0.2980633348275561,0.29804922017966745,0.2394156553674103,325.8333333333333
0.29806995021284527,0.29805583572944944,0.2394151641598125,325.875
0.29808366216202986,0.29806954782421274,0.2394203676364245,325.9166666666667
0.2981044997742532,0.29809038428021073,0.23943131049991367,325.9583333333333
0.2981319359814804,0.2981178393418938,0.23944760775017346,326.0
0.29816258712761884,0.2981479038113928,0.2394660812758,326.0416666666667
0.29818907368220576,0.2981743854141475,0.23948172667993758,326.0833333333333
0.2982135867431609,0.2981988966973612,0.23949587253706153,326.125
0.298238137495446,0.2982234469167672,0.23951013406192023,326.1666666666667
0.2982647352185284,0.2982500454251296,0.23952612439943197,326.2083333333333
0.29829489221944494,0.29828015528442986,0.23954505991343697,326.25
0.2983220556624493,0.2983073180051855,0.23956163609794404,326.2916666666667
0.29834252408950207,0.2983277860967607,0.2395728803698916,326.3333333333333
0.2983557972928368,0.298341059433003,0.23957837150954456,326.375
0.29836190930875855,0.29834717243548015,0.2395781160513469,326.4166666666667
0.2983613695939106,0.29834663331626254,0.2395725023019264,326.4583333333333
0.29835507777549014,0.29834034247156915,0.2395622331934153,326.5
0.2983442300727043,0.29832949596196523,0.23954825271556518,326.5416666666667
0.2983302300678971,0.2983154973767115,0.23953167304182527,326.5833333333333
0.2983146099074315,0.29829987865323854,0.23951371696571128,326.625
0.2982989642078168,0.2982842321960805,0.23949565819723287,326.6666666666667
0.29828488024730615,0.29827014896811566,0.23947877508218143,326.7083333333333
0.29827388652638254,0.2982591564052616,0.2394643000857645,326.75
0.29826738036032435,0.29825265121041916,0.23945336558293012,326.7916666666667
0.29826654965544386,0.29825182099734177,0.23944694075995016,326.8333333333333
0.29827228497420516,0.2982575563838339,0.2394457600687708,326.875
0.2982850874156101,0.2982703581969128,0.2394502476259779,326.9166666666667
0.2983049857968442,0.29829025580253576,0.23946044770265043,326.9583333333333
0.2983314747084861,0.2983167443754918,0.23947597705385526,327.0
0.29836189188390516,0.2983472387306189,0.23949473222854759,327.0416666666667
0.2983891883923628,0.29837466418360925,0.23951114335425244,327.0833333333333
0.2984146974436628,0.29840010852693943,0.23952604584248405,327.125
0.2984401829566017,0.29842559104835603,0.2395410634528063,327.1666666666667
0.2984677220956446,0.2984531327125078,0.23955781269299017,327.2083333333333
0.29849752398989143,0.29848360090752574,0.2395769563062809,327.25
0.29852372310135783,0.2985097993587082,0.23959276659580137,327.2916666666667
0.2985432555058923,0.2985293314028512,0.2396032706454326,327.3333333333333
0.2985556231116291,0.29854169898656974,0.23960804913840436,327.375
0.29856085985577857,0.2985469360431814,0.23960710850567501,327.4166666666667
0.29855947310111824,0.29854554990712495,0.23960083515423405,327.4583333333333
0.2985523587418352,0.2985384364245236,0.23958992862131376,327.5
0.29854070801031435,0.29852678676870686,0.23957532773717125,327.5416666666667
0.29852591862407024,0.2985119985952841,0.23955814146844542,327.5833333333333
0.29850951632050776,0.29849559757217664,0.2395395832472037,327.625
0.2984930895964813,0.29847916938916796,0.23952092689887897,327.6666666666667
0.2984782179307187,0.298464298222047,0.2395034378149815,327.7083333333333
0.2984664239536162,0.2984525052895638,0.23948834533230312,327.75
0.298459099176278,0.2984451811671057,0.2394767766487321,327.7916666666667
0.2984574263231126,0.298443508852496,0.23946969636742813,327.8333333333333
0.2984622923848603,0.2984483751497154,0.23946783552635534,327.875
0.2984741964486899,0.2984602790726783,0.2394716162625698,327.9166666666667
0.2984931660959867,0.29847924825324434,0.23948108276578256,327.9583333333333
0.29851869985888935,0.2985047809293767,0.23949585364742781,328.0
0.29854886807720743,0.2985351401758066,0.23951457666893552,328.0416666666667
0.298577404486496,0.2985635068786623,0.2395317509876834,328.0833333333333
0.2986037675516923,0.29858988243362866,0.23954740771697738,328.125
0.298630151954938,0.2986162953449117,0.23956317913068909,328.1666666666667
0.29865863467824016,0.29864477442619974,0.23958069367830387,328.2083333333333
0.29868899191809684,0.29867505810744255,0.2395998688232418,328.25
0.2987142377120792,0.298700303219344,0.23961492282999874,328.2916666666667
0.29873284497993735,0.29871891017531577,0.23962469615922807,328.3333333333333
0.2987443177768113,0.29873038299640836,0.23962877140618494,328.375
0.2987486899396134,0.29873475551151535,0.23962715490063682,328.4166666666667
0.29874646669455823,0.2987325329622602,0.2396202311395562,328.4583333333333
0.2987385402342706,0.29872460754097335,0.23960869628677545,328.5
0.2987260968424264,0.29871216543589557,0.23959348490400398,328.5416666666667
0.2987105285580687,0.2986965985834248,0.23957569995069888,328.5833333333333
0.2986933545057342,0.2986794245474113,0.23955655107242832,328.625
0.29867615385145724,0.29866222517525737,0.239537301903539,328.6666666666667
0.29866050420852147,0.2986465767711959,0.23951921625833372,328.7083333333333
0.2986479204707637,0.29863399411547836,0.23950351538125256,328.75
0.2986397875936303,0.29862586210109004,0.23949132164260162,328.7916666666667
0.2986372833434626,0.2986233584442591,0.2394835951966379,328.8333333333333
0.2986412908676006,0.298627366253612,0.2394810636704534,328.875
0.29865230716899127,0.29863838249427954,0.23948414707980703,328.9166666666667
0.2986703597415802,0.2986564345886239,0.23949288907821187,328.9583333333333
0.2986949490325902,0.29868102282190045,0.23950691117306966,329.0
0.298724912095713,0.29871093574572527,0.2395252897909985,329.0416666666667
0.29875475793929923,0.2987402438845514,0.23954322826293326,329.0833333333333
0.2987820643866294,0.2987675498334379,0.23955963995052468,329.125
0.29880940769003167,0.2987948929026144,0.2395761667693152,329.1666666666667
0.2988387004627879,0.2988243130570261,0.23959444374699793,329.2083333333333
0.2988684458223829,0.2988541175182571,0.23961309910753134,329.25
0.2988927496089811,0.2988784207494251,0.23962740676975908,329.2916666666667
0.29891044299118436,0.2988961138983922,0.2396364591990658,329.3333333333333
0.29892103213903615,0.29890670315690904,0.23963984095684354,329.375
0.29892455078681757,0.29891022225511144,0.2396375584849573,329.4166666666667
0.2989215021261867,0.2989071743568386,0.23962999406047653,329.4583333333333
0.29891277462239096,0.2988984478740955,0.23961784045870854,329.5
0.2988995496043772,0.2988852240586139,0.23960202777876272,329.5416666666667
0.29888321310486937,0.29886888889763724,0.23958365393465522,329.5833333333333
0.2988652780806092,0.2988509553242386,0.23956392105781335,329.625
0.2988473170382817,0.298832995707339,0.2395440909649218,329.6666666666667
0.29883090095001724,0.29881658107249337,0.23952541708043898,329.7083333333333
0.29881753833961644,0.29880321965756534,0.23950911717543522,329.75
0.2988086083398205,0.29879429060482043,0.23949630790667711,329.7916666666667
0.2988052837005042,0.2987909666314011,0.2394879447715768,329.8333333333333
0.2988084438836077,0.2987941271826374,0.2394847521166919,329.875
0.29881858372634373,0.29880426692153195,0.23948714802383328,329.9166666666667
0.29883573059643403,0.2988214130059109,0.23949517665061315,329.9583333333333
0.29885938693101577,0.29884506819077833,0.23950846025713765,330.0
0.298888420185429,0.2988741988050752,0.23952618852151206,330.0416666666667
0.29891895182429046,0.2989044289431501,0.23954486939565334,330.0833333333333
0.2989469934336365,0.2989326638656335,0.23956203366852993,330.125
0.29897527159611054,0.2989609368328459,0.23957931260071433,330.1666666666667
0.2990056084967587,0.29899123658868726,0.23959831052904232,330.2083333333333
0.29903459944271826,0.2990201618032185,0.23961626976816292,330.25
0.29905797282311186,0.2990435347604419,0.23962984108165383,330.2916666666667
0.29907476396435756,0.2990603257229097,0.23963818251497437,330.3333333333333
0.2990844810381242,0.2990700430486141,0.23964088055707877,330.375
0.2990871576745325,0.2990727209258672,0.23963794184134954,330.4166666666667
0.29908329498740305,0.2990688593078299,0.23962974618570237,330.4583333333333
0.29907377773637167,0.29905934310095983,0.2396169831499475,330.5
0.2990597823026911,0.29904534869101285,0.2396005785936036,330.5416666666667
0.2990426889171911,0.2990282569512168,0.23958162498609964,330.5833333333333
0.2990240042137344,0.2990095723727299,0.23956132011677625,330.625
0.2990052940697785,0.2989908672467421,0.23954091443870593,330.6666666666667
0.2989881228535742,0.298973697676359,0.2395216621757674,330.7083333333333
0.2989739927386323,0.29895956881478114,0.2395047728212106,330.75
0.2989642770373817,0.29894985414781516,0.23949135752487807,330.7916666666667
0.29896014352283107,0.29894572139115266,0.23948236737375664,330.8333333333333
0.2989624679884881,0.29894804626832827,0.23947852319079893,330.875
0.2989717430946233,0.29895732132169633,0.23948024099125054,330.9166666666667
0.29898799603836546,0.2989735739701197,0.23948756576548977,330.9583333333333
0.2990107314268318,0.29899630861347143,0.23950012087275432,331.0
0.29903890448824577,0.29902449538430054,0.23951710016532501,331.0416666666667
0.29906992848357206,0.2990552924381382,0.23953624807409246,331.0833333333333
0.2990988695043096,0.299084455529185,0.2395541675297583,331.125
0.29912814343961525,0.29911365242119825,0.2395721963023057,331.1666666666667
0.2991590739756614,0.2991444150294589,0.23959161982188115,331.2083333333333
0.2991869817227841,0.29917239866790346,0.23960883154635176,331.25
0.2992094369514357,0.29919485341359847,0.23962167687827812,331.2916666666667
0.29922533782473454,0.2992107541659056,0.2396293176013421,331.3333333333333
0.2992341947267607,0.2992196113831867,0.23963134209780365,331.375
0.299236041183074,0.2992214590900138,0.23962775687403237,331.4166666666667
0.2992313762044888,0.2992167953982389,0.23961893982732632,331.4583333333333
0.2992210807301814,0.2992065013080492,0.23960557722387502,331.5
0.2992063263702272,0.2991917481814859,0.23958859049716455,331.5416666666667
0.29918848773520074,0.2991739112723136,0.23956906697812988,331.5833333333333
0.29916906502629287,0.29915448876443046,0.23954819737213787,331.625
0.29914961740964086,0.2991350466780438,0.23952723203998574,331.6666666666667
0.29913170272035544,0.29911713364088177,0.23950741146716273,331.7083333333333
0.2991168167975063,0.299102249037633,0.23948994247953237,331.75
0.2991063271182003,0.2990917604681186,0.2394759311712311,331.7916666666667
0.29910139660015905,0.299086830742234,0.23946632421296726,331.8333333333333
0.2991028971338973,0.2990883318672721,0.23946183906675828,331.875
0.2991113196307219,0.2990967543194782,0.23946289026101586,331.9166666666667
0.2991266908257772,0.29911212525302805,0.23946952142552894,331.9583333333333
0.2991485173538738,0.2991339511754549,0.2394813585276407,332.0
0.299175773830765,0.29916120581909456,0.2394975994216717,332.0416666666667
0.29920644336112373,0.2991919491901707,0.23951678008898525,332.0833333333333
0.2992366250413182,0.2992220352966015,0.23953544140048175,332.125
0.29926668180240534,0.2992521598170547,0.23955421701488813,332.1666666666667
0.29929773393555137,0.29928288589983115,0.23957359079656648,332.2083333333333
0.29932462682465716,0.299309939729164,0.23959006598874424,332.25
0.2993461760630509,0.2993314886708042,0.2396021958570374,332.2916666666667
0.29936119901479497,0.29934651155543784,0.23960914632900993,332.3333333333333
0.29936920803333456,0.29935452085405667,0.23961050757900437,332.375
0.2993702365370646,0.29935554998068703,0.2396062855425321,332.4166666666667
0.29936478149492546,0.29935009587669575,0.23959685722741855,332.4583333333333
0.29935372028756047,0.29933903586522215,0.23958290540402852,332.5
0.299338219452893,0.2993235364642534,0.23956534670927082,332.5416666666667
0.29931964765363306,0.2993049664546986,0.2395452631801145,332.5833333333333
0.2992994988751008,0.2992848183293366,0.23952384139585703,332.625
0.29927932584105316,0.29926464692142807,0.23950231979892583,332.6666666666667
0.299260679760159,0.2992460023736824,0.2394819407304898,332.7083333333333
0.29924505014891706,0.29923037413888665,0.23946390227921985,332.75
0.29923379867039407,0.29921912373089044,0.23944930497677724,332.7916666666667
0.29922808339045714,0.2992134092878151,0.23943909136542546,332.8333333333333
0.2992287724472109,0.2992140989918368,0.2394339755442583,332.875
0.2992363546518815,0.29922168129017335,0.23943436993011458,332.9166666666667
0.2992508566322351,0.2992361830198334,0.23944031821715225,332.9583333333333
0.29927178709940333,0.2992571127045113,0.2394514477890653,333.0
0.2992981246874383,0.29928344926004113,0.2394669604355614,333.0416666666667
0.2993283307774464,0.2993136887174831,0.23948566919188138,333.0833333333333
0.29935930831890184,0.2993446954857795,0.2395050722549101,333.125
0.299390211918483,0.2993757334437275,0.23952457532880764,333.1666666666667
0.29942068174526526,0.29940585688008975,0.2395434359652896,333.2083333333333
0.29944681273782287,0.2994319979706726,0.23955918883471997,333.25
0.2994674689841656,0.2994526538803476,0.23957061414700567,333.2916666666667
0.2994816267117505,0.29946681159760735,0.23957688512242298,333.3333333333333
0.29948880049164234,0.29947398571556266,0.2395775939233083,333.375
0.29948902363448787,0.2994742095408457,0.23957274660039635,333.4166666666667
0.2994827910408761,0.29946797794587515,0.23956271791445177,333.4583333333333
0.2994709764161127,0.29945616458222407,0.23954818729317873,333.5
0.2994547413963718,0.29943993103892,0.23953006704345842,333.5416666666667
0.29943544887968765,0.29942063937093516,0.2395094340367787,333.5833333333333
0.29941458651923186,0.29939977762551856,0.23948746920737485,333.625
0.2993937005062206,0.2993788932876538,0.23946540495961136,333.6666666666667
0.299374335486112,0.29935952986239567,0.23944447795223484,333.7083333333333
0.299357974677618,0.29934317049221487,0.2394258804710054,333.75
0.29934597401982194,0.2993311710727296,0.23941070803404585,333.7916666666667
0.29933948655023346,0.29932468457749195,0.2393998984978698,333.8333333333333
0.299339376816567,0.2993245754026373,0.23939416271683517,333.875
0.29934613149966766,0.2993313295757378,0.2393939111867395,333.9166666666667
0.2993597770074922,0.29934497365046725,0.23939918746203376,333.9583333333333
0.29937982414752917,0.29936501970165386,0.23940962129707224,334.0
0.2994052560692687,0.29939044992627484,0.23942441797221561,334.0416666666667
0.29943457575255944,0.2994197684228286,0.23944239336513734,334.0833333333333
0.29946590673649554,0.29945109077813387,0.23946205478388696,334.125
0.2994971659427698,0.2994823840928434,0.23948177230001055,334.1666666666667
0.2995263800596726,0.29951158468130107,0.23949990296630372,334.2083333333333
0.2995516126161158,0.29953681883903244,0.23951494136546514,334.25
0.29957138893113266,0.2995565948662377,0.23952567328158286,334.2916666666667
0.2995846946135798,0.2995699005778423,0.23953127590535378,334.3333333333333
0.2995910463146988,0.2995762526542297,0.23953134323747027,334.375
0.2995904772356647,0.2995756842933902,0.23952588102255765,334.4166666666667
0.2995834801909942,0.2995686882998154,0.23951526249990096,334.4583333333333
0.29957092510225375,0.29955613465742564,0.23950016382994635,334.5
0.29955396881235863,0.29953918003714786,0.23948149291179868,334.5416666666667
0.29953396862650866,0.29951918168758135,0.2394603213407925,334.5833333333333
0.2995124057956662,0.2994976193609961,0.2394378241944471,334.625
0.29949081987539805,0.29947603510941867,0.23941522842141424,334.6666666666667
0.29947074900617743,0.29945596587351053,0.23939376438805632,334.7083333333333
0.29945367011480223,0.2994388884519663,0.2393746188399685,334.75
0.29944093334716054,0.2994261528277971,0.23935888212740467,334.7916666666667
0.2994336869125081,0.2994189073491309,0.23934748770257652,334.8333333333333
0.2994327916451998,0.29941801277252916,0.23934114303515006,334.875
0.29943873168429946,0.299423953141566,0.23934025683593554,334.9166666666667
0.29945153469915736,0.2994367549970964,0.23934487252402414,334.9583333333333
0.29947071183846596,0.29945593155162253,0.23935462164871216,335.0
0.2994952512712714,0.299480470099683,0.23936871324550327,335.0416666666667
0.2995236622523056,0.2995088808413693,0.23938596569144246,335.0833333333333
0.2995540884687971,0.2995393059054008,0.23940491528566815,335.125
0.2995844752121239,0.29956969382765497,0.2394239187288861,335.1666666666667
0.29961276799761616,0.29959799004258014,0.23944133101246035,335.2083333333333
0.2996371127548299,0.2996223345798224,0.2394556629197657,335.25
0.2996560227098791,0.2996412442861423,0.23946571292140967,335.2916666666667
0.29966849001368756,0.2996537116592604,0.2394706586891783,335.3333333333333
0.29967403331681186,0.29965925537572774,0.23947009607985992,335.375
0.29967268570897493,0.2996579085145137,0.23946403073862363,335.4166666666667
0.29966493795418164,0.2996501618034989,0.23945283404776388,335.4583333333333
0.29965165639812485,0.2996368815720145,0.23943717884873897,335.5
0.29963399286411624,0.2996192198042669,0.23941796863694953,335.5416666666667
0.299613298730665,0.29959852660097847,0.23939626999740193,335.5833333333333
0.2995910490820169,0.2995762787084878,0.23937325124137288,335.625
0.2995687769931979,0.29955400836847984,0.23935013513877945,335.6666666666667
0.2995480140252725,0.2995332470559952,0.2393281454214749,335.7083333333333
0.29953023080257346,0.29951546533252166,0.2393084631833266,335.75
0.2995167717024702,0.2995020075308704,0.23929217359216684,335.7916666666667
0.29950878006475384,0.29949401685866345,0.2392802056421063,335.8333333333333
0.29950711295848387,0.2994923504599097,0.23927326351210548,335.875
0.29951225292546946,0.29949749065229436,0.23927175406098897,335.9166666666667
0.29952422615241786,0.29950946374414167,0.23927572061144142,335.9583333333333
0.29954254749973863,0.29952778458902707,0.2392847964398013,336.0
0.2995662084576214,0.2995514447596364,0.23929819466996066,336.0416666666667
0.29959372501093734,0.2995789599845565,0.23931474470314584,336.0833333333333
0.2996232485127171,0.29960848338404017,0.23933297929059508,336.125
0.2996527327977404,0.2996379667819131,0.23935126738225396,336.1666666666667
0.29968013256671866,0.2996653648882513,0.23936797277133762,336.2083333333333
0.29970360137811913,0.29968883298498106,0.23938161327662968,336.25
0.29972165885143587,0.29970689044459703,0.23939099304913175,336.2916666666667
0.29973330169612006,0.2997185333983783,0.23939529357115602,336.3333333333333
0.29973805051835295,0.2997232826723926,0.23939411259409216,336.375
0.29973593829481476,0.2997211712316013,0.2393874556565613,336.4166666666667
0.29972745371902104,0.29971268774690585,0.23937569229401895,336.4583333333333
0.2997134594583059,0.29969869485884326,0.23935949206012738,336.5
0.2996951024358868,0.2996803394190676,0.23933975400708457,336.5416666666667
0.2996737282644072,0.29965896696356364,0.23931753942524472,336.5833333333333
0.29965080574336794,0.299636044765392,0.23929401175283033,336.625
0.299627861395079,0.29961310588130596,0.23927038681768137,336.6666666666667
0.2996064202336696,0.29959166663411113,0.23924788293358318,336.7083333333333
0.29958794660094973,0.2995731945314272,0.23922767552580024,336.75
0.2995737791469766,0.29955902841910587,0.23921084460788009,336.7916666666667
0.29956505624090374,0.2995503065329432,0.23919831477026357,336.8333333333333
0.2995626313317834,0.2995478824322553,0.23919078686972628,336.875
0.2995669848565645,0.2995522357997435,0.23918866603532685,336.9166666666667
0.29957814281761197,0.29956339291955564,0.23919199526110507,336.9583333333333
0.2995956221272768,0.2995808712699294,0.23920040985473776,337.0
0.2996184188093445,0.2996036663969635,0.23921312645595844,337.0416666666667
0.2996450547751818,0.29963030135929075,0.23922897528382686,337.0833333333333
0.2996736895235071,0.29965893639053565,0.23924650594173477,337.125
0.29970228559636625,0.29968753362035394,0.23926409094995496,337.1666666666667
0.29972880635913535,0.2997140576147673,0.2392801014950706,337.2083333333333
0.2997514129717062,0.2997366686353941,0.2392930641639256,337.25
0.29976863245865354,0.29975388792876,0.23930178554323467,337.2916666666667
0.29977946500144403,0.2997647206179718,0.23930545261583855,337.3333333333333
0.2997834334793298,0.2997686896884016,0.23930366499845931,337.375
0.29978057075376263,0.2997658283854119,0.23929642814013105,337.4166666666667
0.29977136344844335,0.2997566221166075,0.23928410971207276,337.4583333333333
0.2997566705535699,0.29974193062266946,0.23926737596882364,337.5
0.2997376340854905,0.29972289578059214,0.23924712138996537,337.5416666666667
0.29971559391453584,0.2997008575579857,0.2392244025265574,337.5833333333333
0.2996920125548612,0.2996772769771261,0.2392003775290513,337.625
0.2996684099869779,0.29965367622299127,0.23917625711787657,337.6666666666667
0.299646304685891,0.29963157261608353,0.23915325118353994,337.7083333333333
0.29962715473882684,0.29961242420463874,0.23913253017081604,337.75
0.29961229291942504,0.299597563836549,0.23911516951604692,337.7916666666667
0.2996028529417178,0.2995881248939109,0.23910208944869757,337.8333333333333
0.2995996844437236,0.29958495721186884,0.23909398756724923,337.875
0.29960326548969474,0.29958853868384105,0.23909126708658024,337.9166666666667
0.2996136227474512,0.29959889574465204,0.23909397088369327,337.9583333333333
0.29963027443456747,0.29961554712611715,0.23910173609276963,338.0
0.2996522209288838,0.29963749300782544,0.23911378326197788,338.0416666666667
0.29967799061833883,0.29966326179161196,0.23912894808891313,338.0833333333333
0.2997057511023941,0.2996910207941095,0.2391457873292474,338.125
0.29973347344076257,0.2997187423569488,0.23916268300360644,338.1666666666667
0.2997591297198697,0.29974440166420546,0.23917801081897255,338.2083333333333
0.29978088949789977,0.29976616512308646,0.23919030442274783,338.25
0.2997972851008777,0.299782560741983,0.23919837937857075,338.2916666666667
0.29980732172232494,0.2997925975467935,0.2392014249230536,338.3333333333333
0.29981052419738924,0.2997958005412908,0.23919904252758434,338.375
0.2998069252707642,0.29979220245379257,0.23919123752943594,338.4166666666667
0.29979700949735594,0.29978228782438027,0.23917837578044665,338.4583333333333
0.29978163219619286,0.29976691194124416,0.2391611202422763,338.5
0.299761930497376,0.299747211860215,0.23914036127379112,338.5416666666667
0.2997392385199609,0.2997245217304361,0.2391171492725555,338.5833333333333
0.29971501249161125,0.29970029690401895,0.23909263801965555,338.625
0.2996907672196297,0.2996760519980445,0.23906803188269884,338.6666666666667
0.29966801262096326,0.2996532985133617,0.23904453493426142,338.7083333333333
0.29964820059413627,0.29963348805901313,0.2390233120015904,338.75
0.2996326588275356,0.2996179477421983,0.23900543338191038,338.7916666666667
0.29962251604343126,0.2996078060077551,0.23899181484299215,338.8333333333333
0.29961861829304925,0.29960390910581397,0.2389831506886827,338.875
0.2996214415164507,0.29960673297890494,0.2389798418838222,338.9166666666667
0.2996310124283948,0.29961630362383185,0.2389819323946593,338.9583333333333
0.2996468510452041,0.2996321418336431,0.23898906019848096,339.0
0.299667962142873,0.29965325224231726,0.23900045012252216,339.0416666666667
0.2996928804096655,0.2996781674916756,0.23901494733367634,339.0833333333333
0.2997197812356691,0.2997050632426543,0.2390311083678044,339.125
0.29974664454593786,0.29973191859487647,0.23904732353956107,339.1666666666667
0.29977145104813857,0.29975672463193215,0.23906198087597574,339.2083333333333
0.29979237802784164,0.2997776562699999,0.239073620920553,339.25
0.2998079645668832,0.29979324276226715,0.23908106168382465,339.2916666666667
0.2998172198565067,0.2998024982734768,0.2390834978456633,339.3333333333333
0.2998196708614979,0.299804949836745,0.23908053274326638,339.375
0.29981535020793315,0.2998006300674102,0.23907217162403815,339.4166666666667
0.2998047403850694,0.2997900214341583,0.23905877848387252,339.4583333333333
0.2997886930468568,0.2997739755434912,0.2390410129993676,339.5
0.29976834043966144,0.29975362461711486,0.23901976155471888,339.5416666666667
0.29974501095377776,0.29973029712282284,0.2389960686366361,339.5833333333333
0.29972015455490514,0.29970544158551193,0.23897108283580412,339.625
0.2996952782021941,0.2996805671001846,0.2389460008955365,339.6666666666667
0.2996718873317224,0.2996571779781225,0.23892202411237398,339.7083333333333
0.29965142749375606,0.29963671975070655,0.23890031108695642,339.75
0.2996352202339986,0.2996205138315687,0.2388819263047459,339.7916666666667
0.29962438906189354,0.29960968383953773,0.23886778140918327,339.8333333333333
0.29961977660725453,0.2996050721248256,0.23885856738127534,339.875
0.2996218569549037,0.2996071523907156,0.23885468368117369,339.9166666666667
0.29963065578907855,0.2996159508436657,0.23885617293031283,339.9583333333333
0.2996456961651487,0.29963099068378085,0.23886267589318128,340.0
0.299665986930065,0.2996512805979681,0.23887342079712678,340.0416666666667
0.2996900688364373,0.2996753623389515,0.23888725923238524,340.0833333333333
0.29971612497406774,0.2997014192333629,0.23890275358451699,340.125
0.2997421441361072,0.2997274378071865,0.23891830433173805,340.1666666666667
0.29976611575460615,0.2997514125492591,0.23893230368427618,340.2083333333333
0.2997862248738155,0.2997715257898077,0.23894329934385067,340.25
0.2998010171486319,0.29978631805086375,0.2389501181717028,340.2916666666667
0.2998095058916638,0.29979480705033607,0.23895195714589154,340.3333333333333
0.29981122013766437,0.299796521887958,0.2389484214276578,340.375
0.2998061923925358,0.29979149506500896,0.2389395161632814,340.4166666666667
0.29979490308391327,0.299780206982642,0.23892560351790187,340.4583333333333
0.299778200209674,0.2997635055969379,0.23890733993080207,340.5
0.29975721114666165,0.2997425178978713,0.23888560700930464,340.5416666666667
0.2997332585689331,0.2997185664694111,0.23886144564130704,340.5833333333333
0.29970778619816646,0.2996930959899253,0.23883599610675277,340.625
0.2996822962056732,0.2996676061754305,0.23881045193390296,340.6666666666667
0.29965828481271756,0.2996435959861654,0.2387860076765458,340.7083333333333
0.29963719167400876,0.29962250449301586,0.23876381636664498,340.75
0.2996203332467248,0.2996056474900919,0.23874493739538097,340.7916666666667
0.29960882839712444,0.29959414377658755,0.2387302780738841,340.8333333333333
0.29960351596513896,0.29958883218579274,0.23872052611412753,340.875
0.2996048678729976,0.2995901845803344,0.23871607911179638,340.9166666666667
0.299612909918933,0.29959822670427344,0.23871697956390342,340.9583333333333
0.29962716706567116,0.29961248359003306,0.23872287004034648,341.0
0.299646652197369,0.29963196801120645,0.23873298251573769,341.0416666666667
0.29966991265326526,0.2996552276212631,0.2387461694816458,341.0833333333333
0.29969513956660626,0.2996804548226751,0.23876100898499086,341.125
0.2997203299047971,0.2997056434261084,0.23877590449134126,341.1666666666667
0.29974348188953964,0.2997287864791915,0.2387892584479577,341.2083333333333
0.2997627870678995,0.29974809811360553,0.23879962549971406,341.25
0.299776800198019,0.2997621112204888,0.23880583497362698,341.2916666666667
0.2997845373609056,0.2997698486753387,0.2388070891886934,341.3333333333333
0.29978552972311595,0.29977084166299356,0.2388029951745475,341.375
0.29977980966888784,0.29976512256356613,0.2387935579777925,341.4166666666667
0.2997678555695481,0.29975316972134725,0.23877913793294872,341.4583333333333
0.2997505117778384,0.29973582744032196,0.23876038822641707,341.5
0.2997289008159823,0.299714218226579,0.23873818617514947,341.5416666666667
0.2997043396604379,0.2996896591165789,0.23871356687706752,341.5833333333333
0.29967826581354823,0.29966358628959233,0.23868766736208086,341.625
0.2996521732673797,0.29963749566146985,0.2386616728567826,341.6666666666667
0.2996275545102975,0.299612878729428,0.23863677305514686,341.7083333333333
0.29960584264520074,0.29959116857768386,0.2386141154475344,341.75
0.29958834773913406,0.2995736751829076,0.23859475445472214,341.7916666666667
0.2995761838581321,0.29956151245763235,0.23857959284349672,341.8333333333333
0.29957018614662234,0.29955551571596134,0.23856931506566192,341.875
0.29957082471390645,0.2995561547281977,0.2385643167368854,341.9166666666667
0.29957812497982816,0.29956345501453246,0.23856464047583947,341.9583333333333
0.2995916140220963,0.2995769436273496,0.23856993078077515,342.0
0.29961030894832286,0.29959563760495145,0.2385794229523596,342.0416666666667
0.2996327634648062,0.29961809125905564,0.23859198108528973,342.0833333333333
0.29965717606572156,0.299642504235254,0.23860618028183278,342.125
0.2996815527843591,0.29966688269885156,0.23862043566385463,342.1666666666667
0.29970390056564145,0.2996892334734546,0.23863316000844584,342.2083333333333
0.299722418082084,0.299707756766073,0.23864290789986262,342.25
0.29973566719564826,0.2997210059146907,0.23864852054212926,342.2916666666667
0.2997426679135325,0.2997280069569081,0.23864920243684495,342.3333333333333
0.29974295341928675,0.2997282931183167,0.23864456243829146,342.375
0.2997365559741163,0.29972189665634513,0.2386346054997269,342.4166666666667
0.29972395189957673,0.29970929386540407,0.23861969012781495,342.4583333333333
0.2997059819156803,0.2996913254191258,0.23860046628654272,342.5
0.2996837637089562,0.29966910896942045,0.23857780699711412,342.5416666666667
0.29965860857855325,0.2996439557732146,0.23855274298451729,342.5833333333333
0.29963194783008756,0.29961729640366386,0.23852640351647167,342.625
0.2996052690152236,0.2995906194042444,0.23849997047864116,342.6666666666667
0.2995800581859865,0.29956541043861057,0.23847462697453603,342.7083333333333
0.29955774225981546,0.29954309624835385,0.23845151495778158,342.75
0.299539625667367,0.29952498117252285,0.23843168370313514,342.7916666666667
0.2995268175899625,0.2995121743101407,0.23841603187936378,342.8333333333333
0.2995201496768808,0.2995055073638527,0.23840524071569655,342.875
0.2995200898844699,0.29950544806668505,0.23839970416108167,342.9166666666667
0.29952666349903695,0.29951202189672493,0.23839946446263666,342.9583333333333
0.29953939966246335,0.2995247579407305,0.2384041676685891,343.0
0.299557319946621,0.29954267759350345,0.2384130529037266,343.0416666666667
0.2995789838641965,0.29956434038903573,0.23842499004749063,343.0833333333333
0.2996025978449003,0.2995879534760324,0.23843856089914864,343.125
0.29962617660521107,0.2996115337706134,0.2384521884096167,343.1666666666667
0.2996477354797593,0.2996330962132652,0.23846429098480057,343.2083333333333
0.2996654828717791,0.2996508440700583,0.2384734373802907,343.25
0.299677983420285,0.2996633446345575,0.2384784659120062,343.2916666666667
0.29968426298274353,0.2996696245535492,0.2384785880810872,343.3333333333333
0.2996838567975391,0.2996692190543464,0.23847341456494306,343.375
0.29967679700163724,0.2996621602626979,0.23846295021372124,343.4166666666667
0.29966355787405996,0.29964892243547914,0.2384475517397765,343.4583333333333
0.2996449765187053,0.2996303426498189,0.23842786590976942,343.5
0.2996221658090515,0.29960753372703947,0.23840476141613698,343.5416666666667
0.2995964313943409,0.29958180139181495,0.2383792639753627,343.5833333333333
0.29956919840847956,0.2995545693280282,0.2383524973882069,343.625
0.2995419479874182,0.2995273208575623,0.23832563778026522,343.6666666666667
0.29951615977326285,0.2995015345151566,0.23829986256235372,343.7083333333333
0.29949325442998287,0.2994786309940429,0.23827630820403892,343.75
0.2994745314323544,0.2994599090806352,0.2382560189303656,343.7916666666667
0.29946109417553574,0.2994464729296535,0.23823988920109018,343.8333333333333
0.2994537710970669,0.299439150567194,0.23822859702822852,343.875
0.2994530278929104,0.2994384074088145,0.2382225342301116,343.9166666666667
0.29945889064967957,0.2994442701768041,0.2382217430256133,343.9583333333333
0.2994708895272431,0.29945626881028553,0.23822587176622334,344.0
0.2994880504581716,0.29947342931743504,0.23823416360902752,344.0416666666667
0.299508939373767,0.2994943183469744,0.23824549220416388,344.0833333333333
0.2995317706089613,0.2995171498183744,0.23825844737726617,344.125
0.29955456718814727,0.2995399458940988,0.2382714594462786,344.1666666666667
0.2995753531091849,0.2995607354046344,0.2382829543391467,344.2083333333333
0.2995923448876651,0.29957772717869,0.2382915089474245,344.25
0.2996041124068982,0.29958949477721103,0.2382959661603497,344.2916666666667
0.29960968624590895,0.29959506900425886,0.23829554126558564,344.3333333333333
0.299608603661675,0.2995939871356704,0.238289846750883,344.375
0.2996008966658069,0.2995862811794229,0.23827888736785538,344.4166666666667
0.2995870375035919,0.2995724233537706,0.23826301803299807,344.4583333333333
0.299567859679226,0.29955324711667386,0.23824288229032936,344.5
0.29954447127811906,0.2995298604019062,0.23821934456561725,344.5416666666667
0.29951817232431555,0.2995035635433563,0.23819342561821594,344.5833333333333
0.299490381810572,0.29947577406639614,0.2381662446343855,344.625
0.299462574497381,0.29944796874014323,0.23813897038243065,344.6666666666667
0.29943622364772693,0.29942161975977527,0.23811277541399434,344.7083333333333
0.29941274394270945,0.29939814176831353,0.23808879075167924,344.75
0.29939342857365775,0.29937882790961196,0.23806805565213954,344.7916666666667
0.2993793771009778,0.29936477774388337,0.238051460246358,344.8333333333333
0.2993714140740472,0.2993568157182127,0.2380396793531599,344.875
0.2993700033735184,0.29935540551756273,0.23803310330255706,344.9166666666667
0.29937517007265363,0.29936057246988773,0.2380317741098031,344.9583333333333
0.29938644733734104,0.2993718496188287,0.23803534148681596,345.0
0.299402865094545,0.29938826678868563,0.23804305245082372,345.0416666666667
0.29942299521015575,0.29940839637406763,0.23805378601067956,345.0833333333333
0.299445059578776,0.2994304604747996,0.2380661382277992,345.125
0.29946708993055,0.29945248319816986,0.23807854824705532,345.1666666666667
0.2994871186939066,0.2994725117369183,0.23808945180094937,345.2083333333333
0.29950336973340025,0.2994887674875726,0.23809742801584277,345.25
0.29951441985231464,0.2994998177798112,0.23810132679706916,345.2916666666667
0.29951930352960754,0.2995047018765469,0.23810036757440983,345.3333333333333
0.2995175599526648,0.2995029590448555,0.23809416463407662,345.375
0.2995092210065586,0.29949462116633446,0.2380827226355445,345.4166666666667
0.2994947569128635,0.2994801584355651,0.23806639469258314,345.4583333333333
0.2994749975945951,0.2994604007290615,0.23804582118810969,345.5
0.29945104637014863,0.2994364513110258,0.23802186237328035,345.5416666666667
0.29942419767447104,0.29940960401450395,0.2379955339756758,345.5833333333333
0.2993958643994344,0.2993812728295236,0.23796794895164372,345.625
0.29936751495625585,0.2993529287813619,0.23794027205303386,345.6666666666667
0.29934061627587827,0.2993260322211597,0.23791366937411093,345.7083333333333
0.29931657679464474,0.299301994628775,0.23788926650843834,345.75
0.29929668488605743,0.2992821037968484,0.23786809773432432,345.7916666666667
0.2992820343960234,0.29926745458688525,0.23785104902327053,345.8333333333333
0.2992734466554974,0.2992588679070339,0.23783879201892918,345.875
0.2992713833493768,0.299256805343862,0.23783171493710983,345.9166666666667
0.29927587030529657,0.2992612922886645,0.23782985975218793,345.9583333333333
0.2992864417095294,0.2992718636686283,0.23783287835092976,346.0
0.2993021318242247,0.29928755348828534,0.23784002128434337,346.0416666666667
0.2993215188737225,0.29930693991019514,0.2378501730686404,346.0833333333333
0.2993428325086999,0.2993282527647901,0.23786193726399368,346.125
0.2993641127178427,0.2993495346689603,0.23787375921529882,346.1666666666667
0.2993834004721714,0.29936882581272267,0.23788408000768632,346.2083333333333
0.2993989267190914,0.2993843568316874,0.23789149014353878,346.25
0.29940927534118106,0.29939470567673204,0.237894843445631,346.2916666666667
0.2994134845358457,0.29939891531887564,0.2378933627134165,346.3333333333333
0.2994110954747048,0.2993965270288301,0.23788666400617262,346.375
0.2994021399154152,0.2993875725604373,0.23787475187410406,346.4166666666667
0.29938708606661596,0.29937252009656445,0.23785797766268954,346.4583333333333
0.2993667602911119,0.29935219595310797,0.23783697864364017,346.5
0.2993422611712335,0.2993276987167253,0.2378126105644575,346.5416666666667
0.29931487758441294,0.2993003164837708,0.2377858845240039,346.5833333333333
0.29928601635653196,0.29927145736516414,0.2377579090580578,346.625
0.29925713959432704,0.2992425861166429,0.23772984150395238,346.6666666666667
0.29922970793174647,0.2992151565448553,0.23770284315534707,346.7083333333333
0.2992051238820279,0.2991905743474004,0.23767803423158482,346.75
0.29918466985992775,0.2991701215606669,0.23765644406480538,346.7916666666667
0.2991694354989214,0.2991548884272108,0.2376389544335309,346.8333333333333
0.2991602384418175,0.2991456922986156,0.23762623383065648,346.875
0.2991575382768996,0.29914299309717785,0.23761866868808273,346.9166666666667
0.2991613610911154,0.299146815685406,0.23761630085819344,346.9583333333333
0.2991712424537162,0.29915669709503406,0.237618783961018,347.0
0.2991862211824348,0.2991716754001809,0.23762537222349017,347.0416666666667
0.2992048815270362,0.2991903318464405,0.2376349556655418,347.0833333333333
0.2992254605257537,0.2992109099338351,0.2376461433862418,347.125
0.2992460069112318,0.2992314558879654,0.23765739013166676,347.1666666666667
0.29926456978175237,0.29925002188741967,0.23766714369692463,347.2083333333333
0.2992793882313301,0.29926484497962474,0.23767399699673675,347.25
0.29928905139725315,0.29927450831919733,0.23767681794003687,347.2916666666667
0.29929260189368206,0.2992780592911695,0.237674828634502,347.3333333333333
0.29928958294745656,0.2992750411422209,0.23766764690392278,347.375
0.2992800261880202,0.29926548549803345,0.23765527720752577,347.4166666666667
0.29926439782278746,0.29924985854046454,0.2376380691380469,347.4583333333333
0.29924352067535526,0.2992289830412228,0.23761665681226826,347.5
0.29921848862151673,0.2992039528625809,0.23759189207544693,347.5416666666667
0.29919058502823737,0.2991760514196348,0.2375647808283206,347.5833333333333
0.2991612106949303,0.29914667822054564,0.23753642525760305,347.625
0.29913182145100775,0.29911729102661877,0.23750797900836487,347.6666666666667
0.29910387168421876,0.29908934319426317,0.23748059704989583,347.7083333333333
0.29907875790782573,0.2990642312211303,0.2374553941229751,347.75
0.299057756747977,0.29904323168358715,0.2374333947521946,347.7916666666667
0.29904195374542725,0.2990274300542383,0.23741547651566122,347.8333333333333
0.29903216276542893,0.2990176400914392,0.23740230480538502,347.875
0.2990288418257552,0.29901431940515794,0.23739426447987955,347.9166666666667
0.29903201556656317,0.2990174930556975,0.23739139726198552,347.9583333333333
0.2990412231104403,0.29902670008708726,0.23739335811557286,348.0
0.29905550681421245,0.2990409827055648,0.23739940500556272,348.0416666666667
0.29907345688792136,0.2990589327773269,0.23740843390691077,348.0833333333333
0.2990933178196956,0.2990787942297824,0.2374190608984786,348.125
0.29911314662165334,0.29909862262686354,0.2374297477128436,348.1666666666667
0.29913100091774625,0.29911647649879025,0.23743894747558436,348.2083333333333
0.299145127464312,0.2991306032406851,0.23744526417499842,348.25
0.2991541211568992,0.2991395970620828,0.23744756582157556,348.2916666666667
0.29915702883335155,0.2991425052423932,0.2374450808054901,348.3333333333333
0.2991533956807263,0.2991388729140165,0.23743742873241078,348.375
0.2991432531993301,0.299128731569872,0.23742461397021838,348.4166666666667
0.2991270656087103,0.2991125454016696,0.23740698435102847,348.4583333333333
0.29910565221896934,0.299091133686342,0.237385170894629,348.5
0.2990801022344454,0.29906558561580393,0.23736002131798603,348.5416666666667
0.29905169353740046,0.29903717910148936,0.23733253660737538,348.5833333333333
0.29902182095427626,0.29900730770678013,0.23730381373330484,348.625
0.2989919340902414,0.29897742291170437,0.23727500069727153,348.6666666666667
0.2989634811294245,0.2989489719286372,0.23724724695452332,348.7083333333333
0.29893785262547506,0.2989233452538069,0.23722166206603365,348.75
0.2989163197666281,0.2989018140293193,0.23719926576228886,348.7916666666667
0.2988999634890256,0.29888545910272085,0.23718093129110696,348.8333333333333
0.29888959417463656,0.2988750907271356,0.237167320885607,348.875
0.2988856676991674,0.2988711643732386,0.2371588175358447,348.9166666666667
0.29888820890410206,0.29887370478222114,0.2371554630553226,348.9583333333333
0.2988967587196091,0.2988822545633162,0.2371569142437246,349.0
0.2989103634007866,0.29889585785963113,0.23716243289870317,349.0416666666667
0.298927619328009,0.29891311388544123,0.2371709199814885,349.0833333333333
0.2989467788775104,0.29893227228678354,0.23718099796282327,349.125
0.2989659067757743,0.2989513971151919,0.23719113495947564,349.1666666666667
0.29898306901628907,0.2989685596337289,0.23719979436624467,349.2083333333333
0.298996519744115,0.2989820155605422,0.23720558672190512,349.25
0.2990048601210941,0.2989903561693993,0.23720738218275805,349.2916666666667
0.29900714093830366,0.2989926375177426,0.2372044143966936,349.3333333333333
0.2990029093263747,0.29898840675577126,0.23719630471989742,349.375
0.298992196655991,0.2989776952503792,0.23718305742378312,349.4166666666667
0.2989754651725292,0.2989609652205099,0.23716501861836498,349.4583333333333
0.298953530698978,0.298939032445411,0.23714281619962904,349.5
0.2989274778031443,0.29891298144107464,0.23711729376418536,349.5416666666667
0.29889857892926414,0.2988840840627933,0.23708944743628646,349.5833333333333
0.2988682229663289,0.29885373024871287,0.23706036995920662,349.625
0.29883785335521673,0.2988233627317496,0.23703120203388525,349.6666666666667
0.29880891212083255,0.29879442348933055,0.23700308861033267,349.7083333333333
0.2987827839055913,0.29876829712179503,0.2369771339073769,349.75
0.2987607343410759,0.29874624936182476,0.2369543530327233,349.7916666666667
0.2987438400693612,0.298729356472969,0.2369356147139278,349.8333333333333
0.2987329078328046,0.29871842537902443,0.2369215784448828,349.875
0.2987283914933451,0.29871390957987787,0.23691262550896156,349.9166666666667
0.29873031629293956,0.29871583380080363,0.23690879762719877,349.9583333333333
0.2987382244524921,0.2987237418292112,0.23690975302688513,350.0
0.29875116654139616,0.298736683589479,0.23691475619815702,350.0416666666667
0.29876774486697344,0.2987532613636888,0.23692271452504518,350.0833333333333
0.2987862191372545,0.2987717342949104,0.2369322574953665,350.125
0.298804662528526,0.29879017974685584,0.23694185916543967,350.1666666666667
0.2988211492186008,0.2988066666481488,0.23694999141006323,350.2083333333333
0.2988339408505505,0.29881945855926473,0.2369552711418036,350.25
0.2988416441518969,0.2988271621200162,0.23695657361370992,350.2916666666667
0.29884331414230936,0.29882883266741117,0.2369531360617136,350.3333333333333
0.2988384998761228,0.298824019275158,0.236944581570157,350.375
0.29882723259420796,0.2988127531799086,0.23693091432077987,350.4166666666667
0.29880997258263536,0.29879549464276933,0.23691247870129634,350.4583333333333
0.29878753220934223,0.29877305598297166,0.23688989955515413,350.5
0.29876099144953994,0.2987465173547516,0.23686401640966065,350.5416666666667
0.29873161734408465,0.2987171454249396,0.23683582068076894,350.5833333333333
0.29870079287356716,0.29868632306431814,0.23680639915875157,350.625
0.29866995539186325,0.2986554876717812,0.23677688847846062,350.6666666666667
0.29864054081492397,0.2986260751045136,0.23674842737657112,350.7083333333333
0.29861392791735264,0.29859946407178883,0.23672211494973447,350.75
0.29859137697685906,0.298576914936842,0.23669896138541116,350.7916666666667
0.29857396008211945,0.2985594994384429,0.23667983167191872,350.8333333333333
0.2985624805634606,0.29854802108125755,0.23666538210368882,350.875
0.29855739036199425,0.29854293183681235,0.23665599230935375,350.9166666666667
0.29855871461242744,0.29854425626486064,0.23665170365928062,350.9583333333333
0.2985659974671405,0.29855153925932204,0.23665217623853305,351.0
0.2985782935064821,0.29856383515919094,0.23665667874542562,351.0416666666667
0.29859421094243926,0.2985797523055689,0.23666412296180175,351.0833333333333
0.29861201683527433,0.2985975568997584,0.23667314471412707,351.125
0.2986297925034861,0.29861533470471063,0.2366822266473425,351.1666666666667
0.2986456202645703,0.2986311625299836,0.23668984635226248,351.2083333333333
0.2986577691100448,0.29864331674966454,0.23669462720635379,351.25
0.29866485165722334,0.2986503995390814,0.23669545000615727,351.2916666666667
0.2986659269138384,0.29865147537684206,0.23669155582583312,351.3333333333333
0.2986605458464652,0.2986460952055093,0.23668256943787425,351.375
0.29864873956512805,0.2986342901252475,0.23666849492012085,351.4166666666667
0.29863096641248027,0.29861651846567255,0.23664967495808162,351.4583333333333
0.2986080353240793,0.29859358910913364,0.23662673144014454,351.5
0.2985810217145479,0.2985665771544404,0.23660049995988122,351.5416666666667
0.2985511872758615,0.2985367441849165,0.23657196628993626,351.5833333333333
0.2985199091684805,0.2985054682284505,0.23654221395741665,351.625
0.2984886186834472,0.2984741798663537,0.23651237247656257,351.6666666666667
0.2984587456780933,0.29844430886696316,0.23648357579331208,351.7083333333333
0.298431663124392,0.29841722819157346,0.2364569178360583,351.75
0.29840862613800906,0.29839419290430164,0.2364334040753098,351.7916666666667
0.29839070195627887,0.29837627018980906,0.23641389546172753,351.8333333333333
0.29837869077965223,0.29836426006228756,0.23639904527267305,351.875
0.29837304281862886,0.2983586122380435,0.23638923132106565,351.9166666666667
0.29837378236886375,0.29835935118334644,0.236384495081692,351.9583333333333
0.2983804562922798,0.29836602519205385,0.23638449817729343,352.0
0.29839212302200296,0.29837769054123137,0.23638851282470907,352.0416666666667
0.29840739641075076,0.2983929640576916,0.23639545588702837,352.0833333333333
0.29842455064023493,0.29841011750499663,0.23640396851350026,352.125
0.2984416753445744,0.29842724111459773,0.23641254402486833,352.1666666666667
0.29845686084887346,0.2984424223951871,0.2364196636214137,352.2083333333333
0.29846838322358327,0.2984539503303129,0.2364239588241258,352.25
0.298474861314056,0.29846042875495266,0.23642431526923524,352.2916666666667
0.29847535798069563,0.2984609260274026,0.2364199775460557,352.3333333333333
0.29846942600262294,0.298454994968785,0.23641057211429525,352.375
0.2984570963587258,0.29844266654737905,0.23639610296040267,352.4166666666667
0.29843882546522615,0.29842439715832103,0.236376911082723,352.4583333333333
0.2984154188581852,0.29840099231171563,0.23635361533464383,352.5
0.2983879474311455,0.2983735228543062,0.2363270472305401,352.5416666666667
0.29835766758286764,0.2983432452532707,0.2362981887809672,352.5833333333333
0.2983259507005651,0.2983115296931708,0.23626811614400414,352.625
0.29829422206890793,0.2982798031919438,0.23623795574222745,352.6666666666667
0.29826390554995447,0.2982494887194368,0.23620883546718005,352.7083333333333
0.29823636836378964,0.29822195343471014,0.236181844013145,352.75
0.2982128603943427,0.29819844714727584,0.23615798213210346,352.7916666666667
0.2981944443986797,0.29818003260442766,0.2361381070168433,352.8333333333333
0.2981819172405976,0.2981675065641839,0.23612286878031902,352.875
0.29817572711149415,0.29816131725840267,0.23611264369773594,352.9166666666667
0.2981758984371514,0.29816148902449785,0.23610747290128886,352.9583333333333
0.29818197985058226,0.2981675705645347,0.2361070197017017,353.0
0.29819303361032024,0.2981786241355504,0.23611055988403543,353.0416666666667
0.2982076794992441,0.2981932696728503,0.23611701362111706,353.0833333333333
0.29822419905686987,0.2982097855984635,0.2361250327555097,353.125
0.29824068982088175,0.29822627200803203,0.23613311205736734,353.1666666666667
0.2982552498826752,0.2982408332003541,0.23613974537260812,353.2083333333333
0.29826616322593086,0.2982517470374982,0.23614356501159453,353.25
0.2982720532932389,0.2982576375482225,0.2361434683612954,353.2916666666667
0.29827198755412926,0.2982575724392162,0.23613870010541171,353.3333333333333
0.2982655205838452,0.29825110641114755,0.23612888848076083,353.375
0.2982526832300091,0.29823827030118333,0.23611403769106862,353.4166666666667
0.2982339299998066,0.29821951859586754,0.23609448646635112,353.4583333333333
0.2982100630628518,0.2981956534869889,0.23607085072056366,353.5
0.2981821488401437,0.29816774143249564,0.23604395825425442,353.5416666666667
0.29815143848574127,0.29813703255694124,0.23601478611789148,353.5833333333333
0.2981192976641852,0.29810489388757294,0.23598440657686773,353.625
0.2980871457177172,0.2980727440822915,0.2359539390916316,353.6666666666667
0.2980564005774026,0.298042001002075,0.23592450699251613,353.7083333333333
0.2980284237677759,0.29801402610827915,0.23589719404182663,353.75
0.2980044599429496,0.2979900638589508,0.2358729963382057,353.7916666666667
0.2979855674754501,0.29797117279361796,0.23585276702805422,353.8333333333333
0.29797253984136507,0.29795814626995093,0.2358371533202468,353.875
0.2979658236176944,0.29795143084847053,0.23582652966050757,353.9166666666667
0.29796544281581905,0.29795105053431037,0.23582093674514842,353.9583333333333
0.2979709480823965,0.29795655597433524,0.2358200406943748,354.0
0.2979814056602309,0.29796701270121423,0.2358231192628957,354.0416666666667
0.29799544107253345,0.29798104827261196,0.23582910113137553,354.0833333333333
0.29801134276415636,0.29799694920004877,0.23583663935652613,354.125
0.2980272162053195,0.2980128216186787,0.23584423985178737,354.1666666666667
0.29804116769561134,0.2980267688063114,0.23585040268313862,354.2083333333333
0.29805148765575273,0.2980370937936615,0.2358537636954935,354.25
0.2980568063877946,0.2980424128583063,0.23585322730201314,354.2916666666667
0.2980561944583011,0.2980418015814934,0.23584804163146636,354.3333333333333
0.2980492084333828,0.2980348165197514,0.23583783652571474,354.375
0.29803587902922984,0.29802148837892456,0.23582261579444008,354.4166666666667
0.298016658862362,0.2980022697547671,0.23580271710579576,354.4583333333333
0.29799234676831093,0.29797795944269584,0.23577875339092894,354.5
0.2979640047398778,0.2979496191498285,0.23575154846776308,354.5416666666667
0.2979328787509621,0.2979184954379816,0.2357220741696865,354.5833333333333
0.29790032880153816,0.29788594772671023,0.2356913988020988,354.625
0.29786776834090917,0.2978533915421344,0.23566063608537188,354.6666666666667
0.29783660943625695,0.2978222354084846,0.23563090419623112,354.7083333333333
0.29780820798347357,0.29779383588910374,0.23560328176426146,354.75
0.2977838034980477,0.2977694331308852,0.23557876036170153,354.7916666666667
0.29776444995350715,0.29775008106340667,0.23555818925461142,354.8333333333333
0.2977509376140143,0.2977365699007434,0.2355422126965933,354.875
0.2977437111038708,0.2977293442006141,0.23553120361812005,354.9166666666667
0.2977427944317705,0.2977284280436772,0.23552520295145035,354.9583333333333
0.29774774009300276,0.2977333738100545,0.2355238773624877,355.0
0.29775761821055924,0.29774325167746485,0.23552650946294612,355.0416666666667
0.2977710598522312,0.2977566935850822,0.23553203070639125,355.0833333333333
0.29778636063371006,0.2977719950065028,0.23553910345633594,355.125
0.29780163389421466,0.2977872681267956,0.23554623738852576,355.1666666666667
0.29781499366712505,0.29780063129660395,0.2355519415966401,355.2083333333333
0.2978247372923201,0.29781037895498813,0.23555486108993562,355.25
0.29782950104983885,0.2978151430970742,0.23555389823559808,355.2916666666667
0.29782835916693445,0.2978140018865543,0.23554830821877634,355.3333333333333
0.2978208700347301,0.2978065137355132,0.23553772252230268,355.375
0.2978070642379786,0.297792709218146,0.23552214486171452,355.4166666666667
0.29778739252190045,0.2977730390593974,0.2355019112592618,355.4583333333333
0.29776265042508376,0.29774829881870124,0.23547763174854994,355.5
0.29773389556078095,0.2977195461714345,0.23545012614772642,355.5416666666667
0.29770236877190664,0.29768802090041446,0.23542036267877184,355.5833333333333
0.2976694244530559,0.29765507875103464,0.23538940250102852,355.625
0.29763647024380696,0.29762212671149435,0.2353583563015862,355.6666666666667
0.29760491240566644,0.2975905710418209,0.23532833631935335,355.7083333333333
0.29757610126472406,0.29756176184730815,0.23530041633412185,355.75
0.2975512712132952,0.29753693359463446,0.23527558337484206,355.7916666666667
0.29753147199908964,0.29751713585454803,0.23525468272180566,355.8333333333333
0.2975174905603885,0.2975031556689354,0.23523835586151698,355.875
0.29750976939970974,0.29749543529582184,0.2352269740397217,355.9166666666667
0.2975083336288155,0.29749399883469285,0.23522057805984573,355.9583333333333
0.29751273606341455,0.29749840155252966,0.23521883622173417,356.0
0.2975220512434894,0.29750771569351636,0.23522103442092981,356.0416666666667
0.2975349159890396,0.29752058076428745,0.2352261098012933,356.0833333333333
0.2975496328251734,0.2975352970147948,0.23523272982477056,356.125
0.2975643229629125,0.2975499869751386,0.23523941314577587,356.1666666666667
0.2975771079761474,0.29756277512405443,0.23524467003086125,356.2083333333333
0.2975862926935125,0.29757196445330386,0.23524715432628251,356.25
0.29759051800467545,0.29757619012013803,0.23524577833549304,356.2916666666667
0.2975888624179746,0.2975745352255216,0.23523979704437503,356.3333333333333
0.29758088612701583,0.297566559933848,0.23522884356349955,356.375
0.2975666195854535,0.29755229468786304,0.23521292151867135,356.4166666666667
0.2975465116634228,0.29753218836187934,0.2351923653246379,356.4583333333333
0.29752135453237977,0.29750703325803557,0.2351677821462335,356.5
0.2974922016177654,0.2974778826904821,0.23513998811034956,356.5416666666667
0.297460288832653,0.29744597140744783,0.23510994663738644,356.5833333333333
0.2974269649005382,0.29741264962370595,0.23507871492780782,356.625
0.2973936316619126,0.2973793185659237,0.23504739703515393,356.6666666666667
0.2973616896742919,0.29734737875919626,0.23501710084917,356.7083333333333
0.2973324837598649,0.29731817480365824,0.2349888952722698,356.75
0.2973072433108778,0.29729293614019126,0.23496376280741,356.7916666666667
0.2972870137400249,0.29727270810468437,0.23494254503981288,356.8333333333333
0.2972725788006949,0.2972582744006585,0.23492588043973925,356.875
0.2972643796246953,0.2972500760532749,0.23491413866752908,356.9166666666667
0.29726243994823515,0.2972481369367196,0.23490736050758312,356.9583333333333
0.2972663159293342,0.29725201304795723,0.2349052154946133,357.0
0.2972750852609656,0.2972607822244523,0.23490699333613502,357.0416666666667
0.29728739029069484,0.29727308752366605,0.23491163542150342,357.0833333333333
0.2973015404541253,0.2972872383345703,0.23491781516905091,357.125
0.29731566439842844,0.2973013621923297,0.23492405778402545,357.1666666666667
0.29732789159777817,0.2973135927744045,0.23492888525000158,357.2083333333333
0.29733653355823947,0.29732223854834994,0.2349309515871953,357.25
0.2973402368897229,0.29732594230773846,0.23492917577915703,357.2916666666667
0.2973380838530066,0.2973237899814385,0.2349228162922113,357.3333333333333
0.29732963634527654,0.2973153434895203,0.23491150783022607,357.375
0.2973149246880863,0.2973006331430547,0.23489525392913752,357.4166666666667
0.29729439594613066,0.297280105985885,0.23487438741039937,357.4583333333333
0.2972688391770152,0.2972545510505342,0.23484951259590645,357.5
0.2972393033874843,0.2972250172995597,0.23482144165691246,357.5416666666667
0.29720701931829596,0.2971927355391593,0.23479113379132002,357.5833333333333
0.2971733303764369,0.2971590480316087,0.2347596414394977,357.625
0.29713963277639754,0.2971253526210198,0.23472806350663725,357.6666666666667
0.29710732137359036,0.2970930433297793,0.23469750284003854,357.7083333333333
0.2970777355551519,0.29706345948018165,0.2346690235014688,357.75
0.297052099780193,0.2970378253589997,0.23464360350008273,357.7916666666667
0.2970314552049169,0.29701718226415047,0.23462208069658844,357.8333333333333
0.29701658243444123,0.297002310720524,0.23460509067054142,357.875
0.29700792050625435,0.2969936499293469,0.23459300127008734,357.9166666666667
0.29700549398909404,0.29699122368602027,0.23458585322571537,357.9583333333333
0.29700885990408904,0.29699458991705563,0.23458331864669588,358.0
0.29701709989747105,0.2970028298712207,0.23458468979864355,358.0416666666667
0.2970288618808064,0.29701459197741387,0.23458891333850584,358.0833333333333
0.2970424622842151,0.2970281934902191,0.2345946688173974,358.125
0.2970560372102841,0.29704176882175887,0.23460048683252727,358.1666666666667
0.2970677235837109,0.2970534552495111,0.2346048945116388,358.2083333333333
0.2970758398952664,0.2970615741774537,0.2346065526993709,358.25
0.2970790379492399,0.2970647726312096,0.23460439038412798,358.2916666666667
0.2970764037120556,0.2970621391225986,0.23459766572039892,358.3333333333333
0.2970675009141285,0.2970532373566676,0.23458601500989698,358.375
0.2970523597456806,0.29703809751410704,0.23456944170333874,358.4166666666667
0.2970314254631577,0.2970171648267302,0.2345482770324764,358.4583333333333
0.29700548394171644,0.29699122514202175,0.23452312252267288,358.5
0.2969755799633914,0.29696132320122176,0.23449478665989199,358.5416666666667
0.29694293931790344,0.2969286848763722,0.2344642243560892,358.5833333333333
0.2969089000143474,0.29689464779046315,0.23443248227438995,358.625
0.2968748526618671,0.29686060263137953,0.23440065591939852,358.6666666666667
0.2968421865223533,0.29682793867191815,0.2343698424632527,358.7083333333333
0.2968122356172895,0.2967979897825021,0.23434110118189258,358.75
0.2967862194614076,0.29677197545893097,0.23431540578157167,358.7916666666667
0.2967651751162233,0.2967509326288467,0.2342935903451101,358.8333333333333
0.2967498800417216,0.29673563883239357,0.23427628777965462,358.875
0.2967407718535383,0.29672653149273925,0.23426386452469936,358.9166666666667
0.29673787412516844,0.2967236343366194,0.23425636107955095,358.9583333333333
0.2967407465746592,0.29672650707049286,0.23425345047186522,359.0
0.2967484743192693,0.2967342347322678,0.23425442849368355,359.0416666666667
0.29675971056605904,0.2967454704457214,0.23425824577361548,359.0833333333333
0.29677277833436805,0.296758537469323,0.23426358970524452,359.125
0.2967858212571291,0.29677158228643924,0.2342689977921685,359.1666666666667
0.2967969837784975,0.296782743062273,0.234273001581563,359.2083333333333
0.2968045910432883,0.2967903511882656,0.23427427220662433,359.25
0.296807300285904,0.29679306086247437,0.23427173662910633,359.2916666666667
0.29680420108573924,0.29678996240867056,0.23426465980372133,359.3333333333333
0.29679485890171803,0.29678062127327176,0.23425267957750373,359.375
0.2967793037936145,0.29676506750543313,0.2342357993074824,359.4166666666667
0.29675797920415614,0.2967437445554233,0.234214348683452,359.4583333333333
0.2967316677487949,0.29671743511575127,0.23418892646781542,359.5
0.29670141019960605,0.2966871797533413,0.23416033742064135,359.5416666666667
0.296668427468493,0.29665419931167286,0.2341295315552772,359.5833333333333
0.29663405223178,0.2966198264752391,0.23409755214539005,359.625
0.29659967100752893,0.29658544612032717,0.23406548895867466,359.6666666666667
0.29656666535309456,0.2965524419920493,0.23403443434539672,359.7083333333333
0.29653636418692797,0.2965221427500817,0.23400544289204106,359.75
0.29650998252541505,0.29649576291137547,0.23397948382547445,359.7916666666667
0.2964885536896536,0.2964743355911077,0.23395738780620248,359.8333333333333
0.29647285191024053,0.2964586351274969,0.23393978489043274,359.875
0.29646331280287436,0.2964490969000271,0.2339270399728752,359.9166666666667
0.29645996058411306,0.2964457446342344,0.2339191934262431,359.9583333333333
0.2964623560570913,0.29644814017978244,0.23391591975220735,360.0
0.2964695880516585,0.2964553721233708,0.2339165178843786,360.0416666666667
0.296480315240547,0.2964660991063362,0.2339199414056187,360.0833333333333
0.29649286747549813,0.2964786518631358,0.23392488637177422,360.125
0.29650539553903604,0.2964911803734684,0.23392989637631761,360.1666666666667
0.2965160512087198,0.2965018361637867,0.23393350971939614,360.2083333333333
0.29652316600704026,0.29650894876162687,0.2339344027654862,360.25
0.2965254029485107,0.29651118620756517,0.2339315071865906,360.2916666666667
0.2965218550030214,0.2965076390259204,0.23392409117565957,360.3333333333333
0.2965120893075161,0.2964978743947771,0.23391179410950688,360.375
0.29649613579033335,0.296481922238786,0.23389461925907898,360.4166666666667
0.2964744361596086,0.2964602242419121,0.23387289477843554,360.4583333333333
0.2964477700491349,0.29643355998944726,0.23384721670166964,360.5
0.29641717395849204,0.29640296597251137,0.23381838615595757,360.5416666666667
0.29638386397198896,0.29636965766070233,0.23378734885481803,360.5833333333333
0.2963491675115985,0.29633496350240895,0.23375514408335096,360.625
0.29631446421582835,0.29630026244655344,0.23372285551357744,360.6666666666667
0.2962811323838291,0.2962669327502292,0.2336915712762281,360.7083333333333
0.2962504955193518,0.2962362978852455,0.23366234127422084,360.75
0.29622376357634556,0.2962095679949119,0.23363613065139174,360.7916666666667
0.2962019653926071,0.2961877713628027,0.23361376616341564,360.8333333333333
0.29618587244725614,0.2961716796695915,0.23359587527963205,360.875
0.2961759186680044,0.29616172675389346,0.2335828213904862,360.9166666666667
0.29617212776855834,0.29615793644982763,0.23357464463803546,360.9583333333333
0.2961740628432267,0.2961598718190933,0.23357102098882548,361.0
0.2961808161255297,0.29616662424993134,0.23357125299818512,361.0416666666667
0.2961910514737007,0.2961768598095356,0.23357430050449235,361.0833333333333
0.2962031052106139,0.29618891465313013,0.2335788626883898,361.125
0.2962151356250596,0.29620094553777443,0.23358348907560275,361.1666666666667
0.296225301390428,0.29621111146123535,0.23358672559575921,361.2083333333333
0.29623194080963994,0.2962177516717153,0.2335872545474292,361.25
0.29623372199418535,0.29621953327993994,0.23358401225159725,361.2916666666667
0.2962297414943727,0.2962155535597362,0.2335762700030426,361.3333333333333
0.29621956812516237,0.2962053812695288,0.23356366874068277,361.375
0.29620323168451523,0.29618904619695163,0.2335462116574171,361.4166666666667
0.2961811721418587,0.2961669882908437,0.23352422537443687,361.4583333333333
0.2961541660741009,0.29613998410496084,0.23349830323384055,361.5
0.2961232459265414,0.29610906604027226,0.23346924282234782,361.5416666666667
0.29608962303390823,0.29607544549475795,0.23343798625213588,361.5833333333333
0.2960546196378487,0.2960404436004937,0.2334055662369787,361.625
0.296019610008162,0.29600543619894454,0.23337306369893832,361.6666666666667
0.2959859670754388,0.29597179541493834,0.23334156131221145,361.7083333333333
0.29595500920138595,0.295940839550185,0.23331210440048913,361.75
0.29592794158689095,0.2959137738092709,0.23328565391886893,361.7916666666667
0.29590578920351124,0.2958916229525904,0.23326303305972557,361.8333333333333
0.29588932038299404,0.2958751552709643,0.23324486657168886,361.875
0.29587896767957217,0.2958648027589057,0.23323151618026441,361.9166666666667
0.2958747544371771,0.29586059019669836,0.23322302232595452,361.9583333333333
0.2958762455711094,0.2958620816090566,0.23321906231474832,362.0
0.2958825367736567,0.29586837283467377,0.23321894135686366,362.0416666666667
0.2958922973470425,0.29587813041731087,0.23322162467888055,362.0833333333333
0.29590386968628396,0.2958897021711965,0.2332258122655825,362.125
0.29591541924822146,0.2959012518619308,0.23323006801511903,362.1666666666667
0.2959251121750066,0.2959109479442548,0.233232943626277,362.2083333333333
0.2959312932009432,0.2959171336217759,0.23323312437721852,362.25
0.2959326351503473,0.2959184760876153,0.23322954837120008,362.2916666666667
0.295928238253181,0.2959140799848228,0.23322149272698223,362.3333333333333
0.2959176730045047,0.2959035158286621,0.23320859980672876,362.375
0.2959009690726475,0.29588681328245375,0.2331908727099954,362.4166666666667
0.2958785647126546,0.295864410578313,0.2331686365762793,362.4583333333333
0.2958512334929201,0.29583708123976304,0.23314248210736707,362.5
0.29582000387049595,0.29580585386357755,0.2331132033196236,362.5416666666667
0.29578608249224514,0.2957719340812124,0.2330817376576851,362.5833333333333
0.2957507864942113,0.2957366403232353,0.23304911513975285,362.625
0.2957154848489287,0.2957013409107632,0.23301641242990004,362.6666666666667
0.29568154520923634,0.2956674035040174,0.23298470336312663,362.7083333333333
0.29565028087300654,0.2956361411859756,0.23295503100907353,362.75
0.2956228923345885,0.29560875459685904,0.2329283522995333,362.7916666666667
0.2956004008257036,0.2955862646277501,0.2329054869376644,362.8333333333333
0.2955835716582649,0.29556943681532755,0.23288705690554948,362.875
0.29557283549474866,0.29555870166582254,0.23287342230801755,362.9166666666667
0.2955682161196091,0.2955540828376237,0.23286462319363097,362.9583333333333
0.2955692797051842,0.29555514677216543,0.2328603396836305,363.0
0.2955751255366733,0.29556099191536894,0.2328598786013553,363.0416666666667
0.29558442790470574,0.29557029423236375,0.23286221152379308,363.0833333333333
0.2955955359801451,0.29558140310069636,0.23286604526033125,363.125
0.29560662195415655,0.29559248860314197,0.23286994652477294,363.1666666666667
0.2956158589451828,0.2956017239602924,0.23287247009222303,363.2083333333333
0.29562159802269106,0.2956074639880707,0.2328723123152388,363.25
0.29562251710563203,0.2956083836214251,0.23286841595316768,363.2916666666667
0.29561771992758434,0.29560358725235697,0.23286005981319258,363.3333333333333
0.29560677854454187,0.2955926469746247,0.2328468878159887,363.375
0.29558972249511334,0.2955755923170444,0.23282890298120265,363.4166666666667
0.295566988345757,0.2955528598259989,0.23280642897424642,363.4583333333333
0.29553934669707865,0.2955252200618544,0.23278005386420134,363.5
0.2955078220649061,0.29549369749559035,0.23275056819808754,363.5416666666667
0.29547361649668513,0.29545949353483986,0.23271890586760036,363.5833333333333
0.29543804212095554,0.2954239207209546,0.232686090602916,363.625
0.2954024626827325,0.2953883435282096,0.23265319401648712,363.6666666666667
0.2953682406390812,0.29535412365034525,0.2326212894685322,363.7083333333333
0.2953366843069227,0.29532256934468964,0.2325914131972543,363.75
0.2953089896286429,0.29529487660372056,0.23256451791616528,363.7916666666667
0.29528617397193185,0.29527206254061267,0.23254141999375427,363.8333333333333
0.29526899976061277,0.2952548895641764,0.23252273883088798,363.875
0.2952578960434654,0.29524378699601056,0.23250883339266842,363.9166666666667
0.2952528865224065,0.2952387780052154,0.232499743569277,363.9583333333333
0.29525353903967494,0.29523943086167703,0.2324951497223883,364.0
0.295258956298577,0.295244848246511,0.23249436335083784,364.0416666666667
0.29526781761927146,0.2952537091675743,0.23249635898297472,364.0833333333333
0.2952784784231635,0.29526436946746853,0.23249985084025132,364.125
0.29528911781539274,0.2952750108840578,0.23250340773332884,364.1666666666667
0.2952979158151906,0.29528380953356825,0.23250559741752294,364.2083333333333
0.29530322955062294,0.29528912405974955,0.23250511767512697,364.25
0.29530374228283846,0.2952896373290832,0.23250091403070808,364.2916666666667
0.2952985608937692,0.2952844567622545,0.23249227024170277,364.3333333333333
0.2952872590654435,0.29527315605107735,0.23247883168016462,364.375
0.2952698662076663,0.29525576459563296,0.23246060128894322,364.4166666666667
0.2952468172239437,0.2952327172761054,0.23243790127339803,364.4583333333333
0.29521887979556255,0.2952047817982982,0.23241131713969615,364.5
0.29518707456748494,0.29517297884397087,0.23238163603936085,364.5416666666667
0.29515259905374636,0.2951385049604356,0.23234978783032717,364.5833333333333
0.29511676043569723,0.2951026686049673,0.23231679186137966,364.625
0.2950809173445467,0.29506682776383997,0.23228371511955376,364.6666666666667
0.2950464271225251,0.2950323397120566,0.2322516263887551,364.7083333333333
0.2950145931778889,0.29500050779951736,0.2322215576370178,364.75
0.2949866071202644,0.29497252356096343,0.23219445759455454,364.7916666666667
0.2949634822242675,0.2949494002688931,0.23217113906380935,364.8333333333333
0.29494597829220526,0.29493189754611193,0.23215221897693009,364.875
0.29493452276284526,0.29492044263857875,0.232138054634604,364.9166666666667
0.29492913903389506,0.2949150591147816,0.2321286861758681,364.9583333333333
0.29492939686011643,0.2949153170811098,0.2321237951745517,365.0
