t_d,C_Uchumayo_mgL,C_promedio_tramo_mgL,M_sedimento_g
0.0,0.0,0.0,0.0
0.041666666666666664,3.9755864125982056e-18,0.00023091383800418678,9.765943453223015e-05
0.08333333333333333,1.7412824921990196e-05,0.00045480359593488715,0.000386510921879986
0.125,0.000552081091214182,0.0005483165085140661,0.0008272456754024291
0.16666666666666666,0.0005459263778579399,0.0005523826124372598,0.0012900180168959486
0.20833333333333334,0.0005466277732386617,0.0005706226960424153,0.001762348238163759
0.25,0.0005622934413657088,0.0006019652336106697,0.0022560555653550305
0.2916666666666667,0.0005909682516591813,0.0006433569229724382,0.00278124026744942
0.3333333333333333,0.0006294659827816208,0.0006912816534525372,0.003345003174384848
0.375,0.0006748297331471923,0.0007427931718804195,0.003951801323416047
0.4166666666666667,0.0007247609601592556,0.0007945988171286375,0.004603471751949363
0.4583333333333333,0.000775925789863059,0.0008432053371114877,0.005298888924200866
0.5,0.0008250069069159991,0.0008855562752162695,0.006034071983512983
0.5416666666666666,0.0008689112743342333,0.0009189980565514902,0.006802537502997962
0.5833333333333334,0.0009051630910230672,0.0009415582726773593,0.0075957455440178534
0.625,0.0009314584912838125,0.0009518636310676437,0.008403653440336228
0.6666666666666666,0.0009464347073177871,0.0009492894776762289,0.009215285543325628
0.7083333333333334,0.0009489479006010245,0.0009339067378775716,0.01001936068961441
0.75,0.0009387942831309365,0.0009065403204688359,0.010804923793758046
0.7916666666666666,0.0009150572048362132,0.0008677585169743172,0.011561690149699343
0.8333333333333334,0.0008779120325309264,0.0008196591331564926,0.012280148992533857
0.875,0.0008302840875270292,0.000766352069375901,0.012953760041488998
0.9166666666666666,0.000777083853763973,0.0007117925616925876,0.01357955484794172
0.9583333333333334,0.0007216208895377197,0.000659656268889845,0.014157905809836425
1.0,0.0006680489609659216,0.0006135840715601944,0.014692489998112455
1.0416666666666667,0.0006197995884905284,0.0005768657107988709,0.01519009960270482
1.0833333333333333,0.0005802725159464585,0.000552152367339093,0.015660263829874527
1.125,0.0005525089677421926,0.0005412702550573046,0.016114596559818947
1.1666666666666667,0.0005385589966774973,0.0005450216870275801,0.016565970037030402
1.2083333333333333,0.000539420240528875,0.0005631003929684521,0.017027553583352686
1.25,0.0005550334287550711,0.0005941038249498492,0.01751181951295547
1.2916666666666667,0.0005835008075139509,0.0006350242966540812,0.018029398439388507
1.3333333333333333,0.0006216229982599669,0.000682374185207357,0.018587746779357
1.375,0.0006664827773010402,0.0007332530950825448,0.019191561526090174
1.4166666666666667,0.0007158680574024899,0.0007843970801154249,0.019842755526252347
1.4583333333333333,0.0007663124373785611,0.000832373420663203,0.020540133783382285
1.5,0.0008148181202290481,0.0008741340701053999,0.021279495465268736
1.5416666666666667,0.0008580453736905822,0.0009070904256276893,0.022053984000262445
1.5833333333333333,0.0008936898991186325,0.0009292570705040255,0.022854590562263456
1.625,0.0009195252789989681,0.0009393184449086886,0.023670714051684513
1.6666666666666667,0.0009340383712241327,0.0009366300810673341,0.024490775170580816
1.7083333333333333,0.0009363254542344009,0.0009212937469478876,0.025302874642980477
1.75,0.0009259996261605198,0.0008941157807624595,0.026095465869243457
1.7916666666666667,0.0009023390997799775,0.0008557119197837669,0.026857701138159804
1.8333333333333333,0.0008654667149774681,0.0008081167686130318,0.027579629463336246
1.875,0.0008182964623502712,0.0007554116859058474,0.028254322038743986
1.9166666666666667,0.0007656259224086057,0.000701520813862015,0.028878709855671987
1.9583333333333333,0.0007108796088719193,0.0006500419050544882,0.02945321446037913
2.0,0.0006580573972635606,0.0006046087520382398,0.029981731748005877
2.0416666666666665,0.0006103661090759704,0.000568411923156564,0.030471441484195356
2.0833333333333335,0.000571567023652411,0.0005440854723804057,0.03093240424105882
2.125,0.0005443771355547436,0.0005334273589030107,0.031376864396715706
2.1666666666666665,0.0005307233842769166,0.0005372035561185633,0.03181838670332192
2.2083333333333335,0.0005317368703129723,0.0005551032748500324,0.03227084196595594
2.25,0.0005473435229129387,0.0005857505587603398,0.03274736497225919
2.2916666666666665,0.0005755568487462996,0.0006261618420408489,0.03325913288629539
2.3333333333333335,0.0006132715673135996,0.0006729029471004428,0.0338140108970019
2.375,0.0006576065797095381,0.0007231066941497392,0.03441692831355426
2.4166666666666665,0.0007063650867100202,0.0007735557806565236,0.03506988593497406
2.4583333333333335,0.0007561445301932094,0.0008208560228356492,0.03577161379307141
2.5,0.0008039411867468031,0.0008620034342403136,0.036517661908341485
2.5416666666666665,0.0008464772542804892,0.000894432519565249,0.03730078799397209
2.5833333333333335,0.0008815293975910265,0.000916196679275681,0.03811147901044799
2.625,0.0009067922649483531,0.0009259921202707818,0.03893852842366447
2.6666666666666665,0.0009209140783244932,0.0009231929852081068,0.03976971788549099
2.7083333333333335,0.0009228889415928557,0.000907906707833394,0.040592485031796244
2.75,0.0009124313530146322,0.0008809295421106252,0.041394650005145264
2.7916666666666665,0.0008888254653221522,0.0008429090306524485,0.04216478753252621
2.8333333333333335,0.000852228830762502,0.0007958635952617568,0.0428924284927419
2.875,0.0008055611204150449,0.0007438196008472968,0.04357032779796929
2.9166666666666665,0.0007535097631345051,0.000690637734661465,0.04419525926979365
2.9583333333333335,0.0006995161190732009,0.0006398782623829294,0.044767708462112366
3.0,0.000647401320859341,0.0005951036848067969,0.04529180645618165
3.0416666666666665,0.0006004939066403122,0.000559466556645496,0.04577515082956441
3.0833333333333335,0.0005623974296505563,0.0005355581571719597,0.04622836101988962
3.125,0.0005356884030605491,0.0005251293281883894,0.04666435409312494
3.1666666666666665,0.0005224323152712768,0.0005289271174645358,0.047097430578360494
3.2083333333333335,0.0005236502682954137,0.000546647804084941,0.04754220728344591
3.25,0.0005391749731510915,0.0005769129209190804,0.04801252414686038
3.2916666666666665,0.0005671340169474149,0.0006167779812687251,0.0485201446214888
3.3333333333333335,0.0006044177552860469,0.0006628748438103058,0.049073319907869124
3.375,0.000648201938527866,0.0007123731669682335,0.04967725025397942
3.4166666666666665,0.0006963113286755396,0.0007620885028672275,0.05033404182540835
3.4583333333333335,0.0007453760259160185,0.0008086781586280111,0.051042327205153885
3.5,0.0007924282549379806,0.000849174045027233,0.05179739651316894
3.5416666666666665,0.0008342642177918201,0.0008810530017524376,0.05259159090764198
3.5833333333333335,0.0008686491263227407,0.0009023944309327196,0.05341484777867929
3.625,0.000893354288661991,0.0009119132826164858,0.05425534074138017
3.6666666666666665,0.0009070358533869013,0.0009090060321027767,0.055100156838611004
3.7083333333333335,0.0009087071517107087,0.000893775941403714,0.0559360413418032
3.75,0.0008980913140136364,0.0008669992183981358,0.056750126410865846
3.7916666666666665,0.000874563172808396,0.0008294172392274721,0.05753037389503042
3.8333333333333335,0.0008382570935169833,0.0007829460331440056,0.05826580622973725
3.875,0.0007921440259704824,0.0007316086108259089,0.05894881138916412
3.9166666666666665,0.0007407577935123331,0.0006791857487196853,0.05957604151729467
3.9583333333333335,0.0006875520942186917,0.0006291705020677524,0.060148023427223495
4.0,0.0006362301428135421,0.0005851063324128018,0.060669146946122784
4.041666666666667,0.0005900852546486117,0.00055006020746849,0.06114746366569042
4.083333333333333,0.0005527260893834166,0.0005265904324261259,0.061594188380329484
4.125,0.0005266172907769043,0.0005164075787034529,0.06202295004826593
4.166666666666667,0.000513727880032449,0.0005202330047800506,0.06244882657424275
4.208333333333333,0.0005151211073777388,0.0005377527679781762,0.0628872144864901
4.25,0.0005305935848409866,0.0005676020878578023,0.06335266567543217
4.291666666666667,0.0005582668075689318,0.0006069098091540058,0.0638575743015098
4.333333333333333,0.0005950994584696798,0.0006523267731254977,0.06441064633436927
4.375,0.0006383104354436008,0.0007010760651747091,0.06501733091079817
4.416666666666667,0.0006856943863748922,0.0007500249597900832,0.06567983128643558
4.458333333333333,0.000734068277582561,0.0007958637647460083,0.06639668495015962
4.5,0.000780275134357504,0.0008356818081868842,0.06716289936409636
4.541666666666667,0.0008214251209640505,0.0008669811064397675,0.06797036951510062
4.583333333333333,0.0008550783322344397,0.0008878863578967624,0.06880846707566224
4.625,0.000879223735311263,0.000897114821381325,0.06966469776542436
4.666666666666667,0.0008924311887076379,0.0008940932385752144,0.07052541703246612
4.708333333333333,0.000893787634106247,0.0008789223707565716,0.07137662020112519
4.75,0.0008830729898388886,0.0008524245154952684,0.07220474866893922
4.791666666666667,0.0008595987055315504,0.0008152496554673782,0.07299714678172493
4.833333333333333,0.0008236404149303578,0.0007694078954503332,0.07374222460221423
4.875,0.0007780601468634943,0.0007188120798341113,0.07443204401625673
4.916666666666667,0.0007274528497740793,0.0006671729139161853,0.07506310547987755
4.958333333333333,0.0006749618079882248,0.0006179714060110543,0.07563600426250748
5.0,0.0006245113579262259,0.0005746278232841228,0.07615542527472656
5.041666666666667,0.0005793060276080208,0.0005402195847605934,0.07662987131342713
5.083333333333333,0.0005425539876811406,0.0005172073984604631,0.07707119492448114
5.125,0.0005170713418261721,0.0005072725665355493,0.07749377709452371
5.166666666666667,0.0005046577902546941,0.0005111278937456472,0.07791350435836088
5.208333333333333,0.0005061925283091742,0.0005284419234440727,0.07834659357604261
5.25,0.0005216066492319466,0.0005578745284672991,0.07880837226629477
5.291666666666667,0.0005490093493278476,0.0005965851522716985,0.07931188946345342
5.333333333333333,0.0005853523555680732,0.000641282147016065,0.07986626785631089
5.375,0.0006279135525295619,0.0006892539938677052,0.08047724605218289
5.416666666666667,0.0006746281971401445,0.0007373973768565502,0.08114713595887472
5.458333333333333,0.0007221370836530708,0.000782451651050234,0.08187436283860991
5.5,0.0007676239527224852,0.0008215570766938992,0.08265363612931707
5.541666666666667,0.0008079077864386587,0.0008522591746331895,0.08347638111605535
5.583333333333333,0.0008408891097408926,0.00087269723887453,0.08433136329527907
5.625,0.0008644224283332913,0.0008816425607169226,0.0852053702958486
5.666666666666667,0.0008771414085875149,0.0008785076795238368,0.08608401117828532
5.708333333333333,0.0008782289031883145,0.0008634271235586781,0.08695251624032985
5.75,0.000867382015681047,0.0008372041581726407,0.08779660038087085
5.791666666666667,0.0008440153654153145,0.0008004771417683135,0.08860291561772801
5.833333333333333,0.0008083954340742692,0.0007552833472777374,0.08935926541557648
5.875,0.0007633828086380217,0.0007054645105774903,0.09005736824881788
5.916666666666667,0.0007135362150625505,0.000654663121096394,0.09069357618081728
5.958333333333333,0.0006618984528227729,0.0006062962557972143,0.0912685752189309
6.0,0.0006123396576743345,0.0005637267822174276,0.0917873406848311
6.041666666666667,0.000567993008258144,0.0005299709365405756,0.09225887190359726
6.083333333333333,0.0005320258665066064,0.0005074377161148525,0.09269568605567924
6.125,0.0005071762533925467,0.0004977684471240405,0.09311294792661119
6.166666666666667,0.0004951810270349491,0.0005016511408932777,0.09352739448967927
6.208333333333333,0.0004969042332318758,0.0005187490478658325,0.09395609881188717
6.25,0.0005122464802765835,0.0005477359114825999,0.094415189541565
6.291666666666667,0.0005393340429999239,0.0005858236430262993,0.09491836502885073
6.333333333333333,0.0005751726402228062,0.0006297855620023946,0.09547523934765975
6.375,0.0006171039790299947,0.0006769469127235348,0.0960918400023117
6.416666666666667,0.0006630701204009304,0.0007242455901577119,0.09677056123954275
6.458333333333333,0.0007097461668892951,0.0007684908940566473,0.09750971323077468
6.5,0.0007543845260935505,0.0008068548898927931,0.09830369534115914
6.541666666666667,0.0007938785589672958,0.00083693851328183,0.09914343550281474
6.583333333333333,0.0008261053548427991,0.0008569038282137238,0.10001706854283825
6.625,0.0008490232509476595,0.0008655484685454285,0.10091064509882905
6.666666666666667,0.0008612506942238051,0.000862307511001084,0.10180896950210072
6.708333333333333,0.0008620281105633665,0.0008473154684757509,0.10269647320912421
6.75,0.0008510485852165263,0.0008213670361256102,0.10355809920749452
6.791666666666667,0.0008277984512606541,0.0007851434901873561,0.10437977807699493
6.833333333333333,0.0007925669418948942,0.0007406400626580337,0.10514878146582393
6.875,0.0007482011420824622,0.0006916248302620895,0.1058563951425681
6.916666666666667,0.000699080413583328,0.0006416995501780695,0.10649883745206272
6.958333333333333,0.0006484073816112627,0.0005941953839319871,0.10707689325067203
7.0,0.0005997320377453317,0.0005524415906112978,0.10759584272677296
7.041666666666667,0.0005562334713486433,0.0005193516446616707,0.10806521812754327
7.083333333333333,0.0005211780618038344,0.000497321311338872,0.10849821438004305
7.125,0.0004969151561902183,0.00048792776628434715,0.10891082028472354
7.166666666666667,0.0004853609312301544,0.0004918348402061065,0.10932065954695341
7.208333333333333,0.00048729582860874016,0.0005087117490120943,0.10974569400420965
7.25,0.0005025573084782139,0.0005372480099698418,0.11020288780253881
7.291666666666667,0.0005293194526581692,0.0005746812336168229,0.11070662632895437
7.333333333333333,0.0005646341549411633,0.000617871864780919,0.11126697626371879
7.375,0.000605884198676658,0.0006641916087523846,0.11189027285613767
7.416666666666667,0.0006510728578001493,0.0007106255324304725,0.11257902447261038
7.458333333333333,0.0006969050181031077,0.0007540292152286398,0.11333141234192474
7.5,0.0007406718201646206,0.0007916346729699856,0.11414149966552783
7.541666666666667,0.0007793184253098545,0.0008210754340461571,0.11499970338395667
7.583333333333333,0.0008108051661089582,0.0008405582450904998,0.1158934857395568
7.625,0.0008330560918213747,0.0008488992155713668,0.11680813028157175
7.666666666666667,0.0008448143868057108,0.0008455515652597751,0.1177276149419289
7.708333333333333,0.0008452593313445157,0.000830659460216951,0.11863552871436384
7.75,0.000834155593631893,0.0008049945599953555,0.1195160132047207
7.791666666666667,0.000811036132364806,0.0007693045658699842,0.12035427453795798
7.833333333333333,0.0007762180250136457,0.0007255188296281052,0.12113701328462899
7.875,0.000732524188908014,0.0006773483727301772,0.12185507210724238
7.916666666666667,0.0006842050665855301,0.0006283304159045512,0.12250456762822845
7.958333333333333,0.0006344814439670231,0.0005817305160910366,0.12308638704463992
8.0,0.000586742912815128,0.0005408108162467552,0.12360612987487637
8.041666666666666,0.000544198392701899,0.0005084224549457822,0.12407387741304948
8.083333333333334,0.0005099615288795224,0.00048690572982901486,0.12450354823891349
8.125,0.00048637026366618943,0.00047779435164402946,0.12491197018823319
8.166666666666666,0.0004752719231238654,0.00048172875133193233,0.12531768829213571
8.208333333333334,0.00047738523008949383,0.0004983707728166182,0.12573957599366814
8.25,0.0004925575946578073,0.000526421111060438,0.12619544051077336
8.291666666666666,0.0005189797047944204,0.0005631986477429964,0.1267003714674786
8.333333333333334,0.0005537494529911764,0.0006056013616328483,0.12726496780773744
8.375,0.0005943260534732923,0.0006510533858534715,0.12789584298520737
8.416666666666666,0.0006386998798769503,0.0006965915947526019,0.1285955929325211
8.458333333333334,0.0006836616136132784,0.0007391282434702114,0.12936227409487033
8.5,0.0007265221344917648,0.0007759549288838827,0.13018959710245007
8.541666666666666,0.0007643064387454349,0.0008047365323397991,0.13106744531321848
8.583333333333334,0.0007950272531949072,0.0008237260793378643,0.13198259147816566
8.625,0.0008166066017725739,0.0008317607817910374,0.13291950846576453
8.666666666666666,0.0008278857627682595,0.0008283121864093462,0.1338613266139471
8.708333333333334,0.0008280043461338899,0.0008135299124895653,0.13479076366320672
8.75,0.0008167989570171754,0.0007881807006954961,0.13569113506654015
8.791666666666666,0.0007938437950701072,0.0007530450777695987,0.13654692851920852
8.833333333333334,0.0007594343662785467,0.0007099952378139489,0.13734417922483474
8.875,0.0007164177851458216,0.0006627070005720655,0.13807338791335072
8.916666666666666,0.000669003720551708,0.0006146185446102675,0.13873052178323045
8.958333333333334,0.0006201536080957728,0.000568956857383347,0.13931656188055905
9.0,0.0005734697674467168,0.0005288882397826132,0.13983748465285387
9.041666666666666,0.0005318990314346,0.0004972339343764236,0.14030392305007947
9.083333333333334,0.0004984417465121197,0.0004762381402496104,0.14073054920388375
9.125,0.00047560456987677296,0.0004674162951500609,0.1411350710457199
9.166666666666666,0.00046494016906156727,0.0004713774331247623,0.14153696198367416
9.208333333333334,0.0004672306119304057,0.00048777462870037476,0.1419560328434007
9.25,0.0004823241224372137,0.0005153410822724132,0.14241094891735537
9.291666666666666,0.000508385093782366,0.0005514301288921656,0.14291755469130216
9.333333333333334,0.0005425998455282672,0.0005930223529999595,0.14348692944190375
9.375,0.0005824628320717038,0.0006375803615088266,0.144125996870615
9.416666666666666,0.0006259943903975096,0.0006822013887235808,0.14483745530095848
9.458333333333334,0.0006700693315351476,0.0007238583941998431,0.14561921424837662
9.5,0.0007119963601287863,0.0007598835712187479,0.1464646189517484
9.541666666666666,0.0007489316525105261,0.0007879992615512275,0.14736299848191553
9.583333333333334,0.0007788410947310929,0.0008064886728165153,0.14830041230034174
9.625,0.0007997638952855259,0.0008142135469985889,0.14926050999119578
9.666666666666666,0.0008105390776098169,0.0008106681207753031,0.1502255320233837
9.708333333333334,0.0008103401266884778,0.000796001667228327,0.1511772996484291
9.75,0.0007990695522120855,0.0007710148578987191,0.1520982853571364
9.791666666666666,0.0007762571892810273,0.0007364136910828751,0.15297226249597712
9.833333333333334,0.000742293851814403,0.0006941332323540409,0.15378456719388017
9.875,0.0006999663740380606,0.0006477566478709645,0.15452534856950695
9.916666666666666,0.0006534722269041469,0.0006006284552117153,0.15519045026548864
9.958333333333334,0.0006056053007397555,0.0005559309512333863,0.15578096922338586
10.0,0.0005598761298061296,0.0005167380141690332,0.15630324638804857
10.041666666666666,0.000519366149778367,0.00048582092649229904,0.15676850623842936
10.083333333333334,0.0004867959593921248,0.000465368929830589,0.1571921830312162
10.125,0.0004645858199340175,0.00045683915776323873,0.15759288402380922
10.166666666666666,0.00045439882973685893,0.0004608228052538533,0.157991045387845
10.208333333333334,0.0004569041316709936,0.00047697340307765296,0.15840743245706682
10.25,0.00047185749711037246,0.000504026172198131,0.15886159506069547
10.291666666666666,0.0004975567825516266,0.0005394234672273678,0.15937010850263988
10.333333333333334,0.0005312023957511857,0.0005801882045521766,0.15994457931939682
10.375,0.0005703423305369101,0.0006238430388950082,0.16059223908617212
10.416666666666666,0.0006130385335611268,0.0006675301968289006,0.16131587454310692
10.458333333333334,0.0006561726982118759,0.0007082828097788883,0.16211324225907311
10.5,0.000697190418423361,0.0007434966193876856,0.1629773148796313
10.541666666666666,0.0007332103854671421,0.0007709350016629203,0.16389683311133096
10.583333333333334,0.0007623331220574802,0.0007889172336799456,0.1648571247313091
10.625,0.0007825870192644399,0.0007963361004223555,0.1658409948928582
10.666666666666666,0.000792847016920601,0.0007926990662458599,0.16682977189667886
10.708333333333334,0.0007923643138313222,0.0007781696569137708,0.1678043740562987
10.75,0.0007809984564134618,0.0007535361452252187,0.16874642744508353
10.791666666666666,0.0007583747517519889,0.0007195138442301998,0.16963891186220853
10.833333333333334,0.0007248778890560146,0.0006780234148933996,0.17046653452383662
10.875,0.0006832869003027548,0.0006325748528080888,0.17121905892716874
10.916666666666666,0.0006376995791788601,0.000586432812604905,0.17189221553596518
10.958333333333334,0.0005908434945458593,0.0005427126351382939,0.17248722801499283
11.0,0.0005461545497761439,0.0005044175509163744,0.1730108227157349
11.041666666666666,0.0005066396682938373,0.00047425215294888927,0.17347482259494595
11.083333333333334,0.00047495185091130007,0.0004543463374647229,0.17389545211047067
11.125,0.0004534518290576513,0.00044611425154908934,0.17429223193557453
11.166666666666666,0.0004437258126030968,0.00045012091833235074,0.17468657827053302
11.208333333333334,0.00044640998331870667,0.00046601679847329685,0.17510022541699882
11.25,0.0004612654494967504,0.0004925664984869359,0.17555362592065996
11.291666666666666,0.0004865752065956008,0.0005272401003034291,0.17606410141821013
11.333333333333334,0.0005196269337180043,0.0005671692968658097,0.1766437608544468
11.375,0.0005580336045831312,0.000609903092885617,0.1773001670074046
11.416666666666666,0.0005998680630815196,0.0006526361307915018,0.17803618104836968
11.458333333333334,0.0006420719442883682,0.0006924861558495269,0.1788494026363331
11.5,0.0006821200580915407,0.0007268713458975968,0.17973241827848208
11.541666666666666,0.0007172912026196809,0.0007536319998942072,0.1806733775261802
11.583333333333334,0.0007455503601564398,0.0007711046875217887,0.1816568464172066
11.625,0.0007651740140163575,0.0007782195994426991,0.18266477567915906
11.666666666666666,0.0007749163361317586,0.0007744993101815881,0.18367756138919678
11.708333333333334,0.000774145200847775,0.0007601107790407443,0.18467519635830063
11.75,0.0007626855580038873,0.0007358297456653102,0.18563842277558817
11.791666666666666,0.0007402591812753761,0.0007024157909530749,0.18654944392919223
11.833333333333334,0.0007072604703596602,0.0006617374177624795,0.1873923594818719
11.875,0.0006664374922736339,0.0006172351219920571,0.18815654254769343
11.916666666666666,0.0006217764978979896,0.0005721031779909082,0.18883760308957756
11.958333333333334,0.0005759285363900506,0.0005293656485725368,0.18943690661587767
12.0,0.0005323753219567225,0.0004919892893181154,0.18996157302671557
12.041666666666666,0.0004937756016813602,0.0004625847352264653,0.1904240406833264
12.083333333333334,0.00046298859866642357,0.00044322449881918787,0.1908413450227618
12.125,0.00044225828110520726,0.0004352945208083825,0.1912339288604241
12.166666666666666,0.00043296311922933893,0.0004393245918011244,0.19162420061681054
12.208333333333334,0.00043581344226787587,0.0004549609646160071,0.1920348849089724
12.25,0.0004505609211664012,0.00048098341619004026,0.19248731770307728
12.291666666666666,0.00047548190954652,0.0005149474171331948,0.19299957093153838
12.333333333333334,0.0005079354296600947,0.0005540236470715678,0.19358430869035503
12.375,0.0005455958974226941,0.0005958232479461986,0.19424937869266096
12.416666666666666,0.0005865342546629695,0.0006376061006967662,0.19499773170132212
12.458333333333334,0.0006278320847657803,0.0006765313123590028,0.19582679625029256
12.5,0.0006669015659630728,0.0007100984311398002,0.19672875699655987
12.541666666666666,0.0007011691315619798,0.0007361664443668075,0.19769116985269897
12.583333333333334,0.0007286414667675462,0.0007531387554799797,0.19869782485557366
12.625,0.0007475730256539462,0.0007599484707808969,0.19972979438563077
12.666666666666666,0.0007568396826133454,0.000756150303376018,0.2007665402300193
12.708333333333334,0.0007557540759290537,0.0007419061042805345,0.20178709050777532
12.75,0.0007442523365339613,0.0007180128458818576,0.2027713053924128
12.791666666666666,0.000722023047107444,0.0006852099157332517,0.20370065268563145
12.833333333333334,0.0006895424197570106,0.0006453577294371901,0.20455857202765945
12.875,0.0006495055953119909,0.000601817387243094,0.20533406693100392
12.916666666666666,0.0006057875726799803,0.0005576997993781015,0.2060226398835264
12.958333333333334,0.0005609802525637591,0.0005159694886896105,0.2066258095876328
13.0,0.000518477703832493,0.00047950898588346717,0.2071511042079265
13.041666666666666,0.00048092762314218187,0.0004508718761256125,0.20761159235908794
13.083333333333334,0.0004510211192890107,0.00043206681303330463,0.20802511924911427
13.125,0.0004309911736022089,0.0004244345093974881,0.20841306946647653
13.166666666666666,0.0004221654487469534,0.00042848405102276156,0.2087988494304792
13.208333333333334,0.000425185571061084,0.00044385824302939516,0.2092061710981046
13.25,0.00043980730888023645,0.0004693598556573318,0.20965727856898983
13.291666666666666,0.00046433586546331827,0.0005025977820986632,0.2101709992521681
13.333333333333334,0.0004961806593525628,0.0005408167462764619,0.2107605033550976
13.375,0.0005330776951352399,0.0005816803635799937,0.2114339552958281
13.416666666666666,0.0005731429915139116,0.0006225019964209945,0.2121943891499501
13.458333333333334,0.0006134832415733809,0.0006605053182816255,0.21303905393736158
13.5,0.0006516084917626574,0.0006932439476841941,0.21395972261168555
13.541666666666666,0.0006849596860515475,0.0007186286516821807,0.21494332865476112
13.583333333333334,0.0007116342834262585,0.0007350975832431962,0.2159728945930591
13.625,0.0007298912422297189,0.0007416100779690331,0.21702860504943605
13.666666666666666,0.0007386821515708775,0.0007377410774516935,0.2180889535525151
13.708333333333334,0.0007373096794743366,0.0007236609037535978,0.21913202461363743
13.75,0.0007257602839867575,0.0007001509715005615,0.22013680899817797
13.791666666666666,0.0007037710033907743,0.0006679899858526222,0.221083971015073
13.833333333333334,0.000671837638917396,0.0006289721905372264,0.22195642178262473
13.875,0.0006325821315218748,0.0005863873596558929,0.2227426554490377
13.916666666666666,0.0005897696220279548,0.0005433025248928941,0.2234381412753477
13.958333333333334,0.000546076446509224,0.0005025766915340906,0.22404457899056873
14.0,0.0005046188339636508,0.00046704605785466804,0.22456989297924984
14.041666666666666,0.0004680489591148048,0.00043916692060098005,0.2250277965571932
14.083333333333334,0.0004391194422704636,0.0004209210798919822,0.22543694418695143
14.125,0.00041973295017401334,0.0004135863961130507,0.22581967209249193
14.166666666666666,0.00041136719001706615,0.0004176505266921688,0.22620038979043858
14.208333333333334,0.00041457567661325835,0.0004327630985491356,0.22660379995060337
14.25,0.00042906102944111665,0.00045775032070785116,0.22705308162648746
14.291666666666666,0.0004531899764843741,0.000490252087683217,0.22756778175145573
14.333333333333334,0.00048441607642075275,0.0005276068858547101,0.22816155380900097
14.375,0.0005205343564873143,0.0005675394807893671,0.22884289710921615
14.416666666666666,0.0005597476036843927,0.0006073981330621804,0.22961492864695732
14.458333333333334,0.0005991025518999658,0.0006444828410178721,0.230474703943919
14.5,0.000636302876200016,0.0006763916399554373,0.2314135883216041
14.541666666666666,0.0006687452955441385,0.0007011000736581389,0.23241788346237588
14.583333333333334,0.0006946030665754887,0.000717063928798079,0.23346981710082573
14.625,0.0007122251368809853,0.0007232950869647614,0.2345486686523228
14.666666666666666,0.0007205276090258568,0.0007193666585905335,0.23563199295197548
14.708333333333334,0.0007189198065044918,0.0007054643568904802,0.2366969426539315
14.75,0.0007073281250837657,0.0006823522282521603,0.2377215973592538
14.791666666666666,0.000685572626646253,0.0006508039384012869,0.23868586510263007
14.833333333333334,0.000654155962456106,0.0006126379824808536,0.23957195040232312
14.875,0.0006157141804422762,0.0005710396191620884,0.24036814674598458
14.916666666666666,0.0005738937282543319,0.0005289702564199575,0.24106975881358564
14.958333333333334,0.0005312246383700779,0.0004892646618685588,0.24167865394040577
15.0,0.0004908322746752571,0.0004546463091510768,0.2422031944279017
15.041666666666666,0.0004553424555388516,0.000427541764399226,0.24265773428689152
15.083333333333334,0.00042722628374932087,0.0004098434845977824,0.2430617619092521
15.125,0.0004085853857376939,0.0004028025995538022,0.24343855495357683
15.166666666666666,0.00040065669785753266,0.0004068829854333808,0.24381352017430497
15.208333333333334,0.0004040048167691962,0.0004217259898513726,0.24421234172748238
15.25,0.0004183543685263327,0.0004461772894390047,0.24465907877519508
15.291666666666666,0.0004420757906117438,0.0004779631504206235,0.24517403038767913
15.333333333333334,0.0004726859234801954,0.0005144673436875744,0.2457713965635573
15.375,0.0005080564415886031,0.0005534668044873594,0.24645996829474062
15.416666666666666,0.0005463814434400283,0.0005923658189428162,0.2472429016497955
15.458333333333334,0.0005847977654948957,0.0006285378142144402,0.2481170718571091
15.5,0.0006210318374891441,0.0006596258666061853,0.24907342066988214
15.541666666666666,0.0006526014028884142,0.0006836636356794971,0.2500976162613304
15.583333333333334,0.0006776482505806383,0.0006991353470523873,0.25117111588067453
15.625,0.0006946489102845394,0.0007050857989373346,0.25227227660859175
15.666666666666666,0.000702471329263617,0.0007011043075958033,0.2533777012807542
15.708333333333334,0.0007006269068495829,0.0006873828692457423,0.2544635968268494
15.75,0.0006890152750213942,0.0006646793877893195,0.2555071807060826
15.791666666666666,0.0006675178958086441,0.0006337718883684254,0.2564875713926197
15.833333333333334,0.0006366433278923819,0.0005964438505896774,0.2573863753697844
15.875,0.0005990014051054906,0.0005558235934730578,0.2581915338747233
15.916666666666666,0.0005581680643714598,0.0005147821447787669,0.2588983079652071
15.958333333333334,0.0005165242751378697,0.00047607918949386956,0.2595087223529991
16.0,0.00047723210820318417,0.00044237976029589147,0.26003157707682595
16.041666666666668,0.00044273231265494636,0.0004160352014857778,0.2604818690376974
16.083333333333332,0.00041550343892496854,0.0003988818823446184,0.2608799221128921
16.125,0.00039754991772959796,0.00039213107784501834,0.26124994929369627
16.166666666666668,0.0003900475166467787,0.0003962225002470591,0.26161834919319543
16.208333333333332,0.0003935477179297769,0.00041079769527040225,0.2620117779347916
16.25,0.00040775666238571274,0.0004347294555158206,0.26245518430581266
16.291666666666668,0.00043107245127117544,0.00046579659776049766,0.26296962083635683
16.333333333333332,0.000461064937938793,0.0005014458121453282,0.2635697557686394
16.375,0.000495664910188156,0.0005395197910466097,0.2642646756490767
16.416666666666668,0.00053312561963735,0.0005774757939951457,0.26505762187527154
16.458333333333332,0.0005705976997957734,0.0006127399266967968,0.26594526887644604
16.5,0.0006059103433725732,0.0006430224367871533,0.26691812648310975
16.541666666666668,0.0006365797987763986,0.0006663956585226949,0.2679612394539656
16.583333333333332,0.0006608624945614518,0.0006813871028485885,0.2690552646537708
16.625,0.0006772261069193894,0.0006870673555576741,0.270177659307773
16.666666666666668,0.0006846070694666592,0.0006830409103405212,0.27130407585238286
16.708333333333332,0.0006825255682598279,0.0006695079578589342,0.27240978466494653
16.75,0.0006709057731970991,0.0006472079428423977,0.27347114118742816
16.791666666666668,0.000649667385484138,0.0006169487927682278,0.27446647746003056
16.833333333333332,0.0006193537307020069,0.0005804622853065248,0.2753768370571373
16.875,0.000582531802766638,0.0005408129610922688,0.2761898073608162
16.916666666666668,0.0005426509510986334,0.00050079489882389,0.2769006307988821
16.958333333333332,0.0005020688413081195,0.0004630821203352368,0.277511495242974
17.0,0.0004638396384598697,0.00043029764893331225,0.2780316319292295
17.041666666666668,0.00043028890415539674,0.0004046968377326568,0.27847669174319406
17.083333333333332,0.0004039927000181616,0.0003880829617770533,0.2788678149147065
17.125,0.00038667983315932513,0.000381618126997032,0.27923014874499413
17.166666666666668,0.0003795880177983695,0.0003857147455996297,0.2795910761592762
17.208333333333332,0.0003832523703238507,0.0004000259115221485,0.27997821174180426
17.25,0.0003972936764249939,0.00042343959139887,0.2804173677271052
17.291666666666668,0.0004201911695678919,0.0004537874680554903,0.280930307225549
17.333333333333332,0.0004495870867253116,0.0004886102212406157,0.28153224562908685
17.375,0.0004834543831429722,0.0005257685665907255,0.282232546260479
17.416666666666668,0.0005200204756912513,0.0005627850669954101,0.28303446179625497
17.458333333333332,0.0005565890765781186,0.0005971623081425529,0.2839344839093796
17.5,0.0005909596823847811,0.0006266486603843257,0.2849227060102893
17.541666666666668,0.0006207836480512183,0.0006493722583557919,0.28598354168564516
17.583333333333332,0.0006442991416517808,0.000663896706326222,0.2870968413036421
17.625,0.0006600461933295453,0.0006693162929002738,0.2882391890306804
17.666666666666668,0.000667005066150526,0.0006652537607416138,0.28938528503056704
17.708333333333332,0.0006646963117167505,0.0006519100280392302,0.2905094599290432
17.75,0.0006530992101804903,0.0006300363170964295,0.2915871867613196
17.791666666666668,0.0006321375357626823,0.000600405388150359,0.29259612222012854
17.833333333333332,0.0006023794605112536,0.0005647615681601612,0.2935166932150148
17.875,0.0005663634009914739,0.0005260750271154939,0.29433620185018056
17.916666666666668,0.0005274264832410367,0.0004870530778574603,0.29504980939830705
17.958333333333332,0.0004879121388957179,0.00045034089426966334,0.29565991915857165
18.0,0.00045064255542413275,0.0004184382732764332,0.2961761938096366
18.041666666666668,0.000418187094419559,0.00039357948663812294,0.29661494068938443
18.083333333333332,0.00039268087980344577,0.0003774953314493164,0.2969980973326554
18.125,0.00037600969028588565,0.00037130310882698325,0.2973517416231823
18.166666666666668,0.0003693627073550574,0.0003754088058700784,0.2977042214244598
18.208333333333332,0.0003731384537762578,0.00038945596761083415,0.29808409666559116
18.25,0.0003870249025995291,0.000412355739940842,0.2985180513682899
18.291666666666668,0.00040951904444297323,0.0004420031089756094,0.29902851516136497
18.333333333333332,0.0004383049607075056,0.00047599714842212916,0.2996311843548264
18.375,0.00047142507363532346,0.0005122609803645907,0.3003357192915352
18.416666666666668,0.0005071450524149199,0.0005483605808829925,0.3011454330978826
18.458333333333332,0.000542807903349728,0.0005818634957673458,0.3020566024472186
18.5,0.0005762619913735259,0.0006105712517033815,0.3030588832163907
18.541666666666668,0.0006052552619723646,0.0006326617966715935,0.30413606595663967
18.583333333333332,0.0006280143647244469,0.000646730105543731,0.3052672349517317
18.625,0.0006431828735380887,0.0006518990974347334,0.3064280668798289
18.666666666666668,0.0006497174701874035,0.0006478086909684019,0.30759233433384536
18.708333333333332,0.000647212350244674,0.0006346630429627757,0.3087334525200279
18.75,0.0006356409340250735,0.0006132077313340282,0.3098260746175254
18.791666666666668,0.0006149603068310902,0.0005842117938176097,0.3108471060905567
18.833333333333332,0.0005857641799572321,0.0005493973446395503,0.31177643342689254
18.875,0.0005505537951093715,0.0005116594601427661,0.3126010666127835
18.916666666666668,0.0005125598576739808,0.0004736287877353081,0.3133161249369515
18.958333333333332,0.0004740651308217551,0.0004378844818314383,0.31392421341356835
19.0,0.00043782010489492234,0.0004068584286544349,0.31443542682780595
19.041666666666668,0.0004063242155581411,0.0003827215762575677,0.3148667146014544
19.083333333333332,0.0003816517631897438,0.00036715211846002476,0.3152408177328589
19.125,0.00036561451318913816,0.0003612286573409962,0.3155847177050216
19.166666666666668,0.00035935858930079235,0.000365337832016336,0.31592770986695345
19.208333333333332,0.0003632546784508413,0.0003791235727550227,0.3162992736970995
19.25,0.0003769935172626105,0.0004015289534430407,0.3167269324909077
19.291666666666668,0.00039908628277656816,0.00043048625549706935,0.3172338356340527
19.333333333333332,0.0004272700879441686,0.0004636646804986238,0.3178360738972735
19.375,0.0004596384520638721,0.0004990485831527752,0.31854358485756507
19.416666666666668,0.0004945457710216224,0.0005342570320134093,0.3193597786755043
19.458333333333332,0.0005292963545074765,0.0005669012386472119,0.3202807061168324
19.5,0.0005618998423416693,0.0005948541735581147,0.32129559796221296
19.541666666666668,0.0005900381940472843,0.0006163265104408466,0.32238761417280815
19.583333333333332,0.000612100992092171,0.0006299551839304648,0.32353506647295943
19.625,0.000626687272615108,0.0006348867440667029,0.32471276408907745
19.666666666666668,0.0006328316216265113,0.0006307756403372208,0.3258935555965209
19.708333333333332,0.0006301390977920898,0.0006178302959301894,0.32704995931395797
19.75,0.0006185949767793698,0.0005967863196344158,0.3281557864066342
19.791666666666668,0.0005982017980100485,0.0005684181162889342,0.3291872778935086
19.833333333333332,0.0005695752264955219,0.0005344299732211303,0.3301237852239087
19.875,0.0005351725034425818,0.0004976203552046215,0.3309520661916209
19.916666666666668,0.0004980859886498393,0.0004605615058615175,0.33166715704418853
19.958333333333332,0.0004606005160546583,0.0004257630253649437,0.3322718892444506
20.0,0.000425367761732055,0.00039559337954144213,0.3327767894717408
20.041666666666668,0.00039479661282376536,0.00037216134112678446,0.33319943322559437
20.083333333333332,0.00037091845194272595,0.00035708997797981594,0.3335633552429031
20.125,0.0003555178681498699,0.00035142724179013324,0.33389641860404645
20.166666666666668,0.0003496287568805304,0.00035553761893988714,0.3342288438932411
20.208333333333332,0.0003536318612395269,0.0003690681210553102,0.3345910224237262
20.25,0.0003672172226967148,0.0003909755878147396,0.335011282197776
20.291666666666668,0.00038889420581381557,0.00041925832760971485,0.33551338011506016
20.333333333333332,0.00041648971315628823,0.00045165488977792317,0.336113945330963
20.375,0.0004481647874574447,0.0004861835546513744,0.33682315254893047
20.416666666666668,0.0004822469996358791,0.0005205188470851033,0.3376444327929233
20.458333333333332,0.0005161395552950594,0.0005523314346334828,0.3385736343325685
20.5,0.0005478813997741204,0.000579551227852132,0.33959955256788754
20.541666666666668,0.0005752101901641081,0.0006004239006048711,0.3407047556513415
20.583333333333332,0.0005966028577970736,0.0006136307126780237,0.34186679185772517
20.625,0.0006106161556476139,0.0006183361400058932,0.34305960262785157
20.666666666666668,0.0006164058727547556,0.0006142112084312774,0.3442551487795848
20.708333333333332,0.0006135297298164086,0.0006014710546939525,0.3454250667632251
20.75,0.0006020443972947771,0.0005808395805415201,0.3465423911630655
20.791666666666668,0.0005819501039926046,0.0005530947018809828,0.3475826466252452
20.833333333333332,0.0005538695079023148,0.0005198995850649327,0.3485246849798781
20.875,0.000520236380022934,0.0004840038383759276,0.3493549979979763
20.916666666666668,0.00048408804780271917,0.0004478945535045175,0.35006864500359663
20.958333333333332,0.0004475401266143728,0.00041401606641405943,0.350668626102648
21.0,0.0004133207839440558,0.00038467953161450125,0.35116591501824845
21.041666666666668,0.0003836410104343621,0.00036193244188594513,0.3515786977015411
21.083333333333332,0.0003605401924493401,0.0003473444369258218,0.3519312847835839
21.125,0.0003457390166910711,0.00034193169779161167,0.35225240761445603
21.166666666666668,0.0003402044415034587,0.0003460398416680653,0.352573179679107
21.208333333333332,0.00034430501294436134,0.0003593149736140158,0.3529248429195603
21.25,0.0003577233585076793,0.00038074309367803463,0.3533365059698662
21.291666666666668,0.0003790118724254778,0.00040837637987498727,0.35383262660420955
21.333333333333332,0.000406044231506893,0.00044000931699781374,0.35443024003057944
21.375,0.00043702589135418833,0.0004737052966521321,0.35513979028212994
21.416666666666668,0.0004702888653363621,0.000507186363086838,0.35596469069665626
21.458333333333332,0.0005033845884199173,0.0005382036235770163,0.3569006018791098
21.5,0.000534223062447806,0.000564704677876659,0.35793590744487075
21.541666666666668,0.0005608632159416525,0.0005850044994334766,0.3590525677960841
21.583333333333332,0.0005815277988260137,0.0005978069282453501,0.3602273708632613
21.625,0.000595048875382641,0.0006022978453201708,0.36143345203917027
21.666666666666668,0.000600476750423459,0.0005981687088106236,0.36264187804297393
21.708333333333332,0.0005974423592103171,0.0005856281549839219,0.3638234319035676
21.75,0.0005859972921983787,0.0005653906660973784,0.36495033886035577
21.791666666666668,0.0005662093811299811,0.0005382753661777294,0.3659975243231882
21.833333333333332,0.0005387026738575756,0.0005058571947648353,0.3669434049182611
21.875,0.0005058179037078783,0.00047084689835050604,0.3677741333205104
21.916666666666668,0.0004705663866607725,0.0004356651612193849,0.368484827588769
21.958333333333332,0.00043494860491381825,0.00040267323486965447,0.3690786583341681
22.0,0.0004017156275391142,0.00037414934987908854,0.3695670307647096
22.041666666666668,0.0003728632662018344,0.0003520607951044346,0.36996873627669136
22.083333333333332,0.0003505405484397506,0.0003379385324397304,0.3703088413074319
22.125,0.00033631371127340126,0.00033276810928384846,0.3706169113000557
22.166666666666668,0.0003311039207945927,0.00033687054631480944,0.37092493190890335
22.208333333333332,0.00033530606372055634,0.00034990102883555787,0.37126499109000427
22.25,0.0003485557499098108,0.00037086003423304585,0.3716669303408309
22.291666666666668,0.0003694495460150419,0.000397859916647306,0.3721558071589676
22.333333333333332,0.00039593342862751456,0.0004287567759674234,0.372749144118118
22.375,0.000426248868691843,0.00046164546203697384,0.3734575991326486
22.416666666666668,0.0004587355775508244,0.0004943102948536902,0.37428457600852005
22.458333333333332,0.0004910043523652063,0.000524549556647127,0.37522554715006406
22.5,0.000521082131253563,0.0005503676211863941,0.37626850029293873
22.541666666666668,0.0005469360764392007,0.0005701157318435651,0.37739478193366066
22.583333333333332,0.0005669970908751522,0.0005825282285446863,0.3785804859826005
22.625,0.0005800010431884601,0.0005868200436612694,0.3797979161172316
22.666666666666668,0.00058510010459536,0.0005826908352844153,0.38101728906419186
22.708333333333332,0.0005819296682880996,0.0005703563732907078,0.38220856543959575
22.75,0.0005705514545128489,0.000550520674521484,0.38334323143759996
22.791666666666668,0.0005510533690477659,0.0005239839026572345,0.38439554343801974
22.833333333333332,0.0005240810158492646,0.0004923407716531035,0.38534347151721293
22.875,0.0004919676211849353,0.00045818768385723357,0.38617303247416823
22.916666666666668,0.00045754216241197354,0.00042389125412402496,0.3868792290545255
22.958333333333332,0.0004228874800656269,0.0003917737190370543,0.38746550709637145
23.0,0.0003905080140852793,0.00036402155631574674,0.38794366782443324
23.041666666666668,0.0003625568845377958,0.0003425701154994519,0.3883330978661161
23.083333333333332,0.00034093269159767665,0.0003288977096643246,0.3886595850603879
23.125,0.0003272398023551131,0.00032395421728056555,0.38895350515620536
23.166666666666668,0.0003223633075255412,0.0003280511938742485,0.3892476822157211
23.208333333333332,0.0003266454130010839,0.00034084494816166185,0.38957502265382143
23.25,0.0003397385599407663,0.00036135458398513736,0.3899661228218786
23.291666666666668,0.00036025482834276467,0.0003877439976023283,0.39044657300337277
23.333333333333332,0.0003861898015997925,0.00041792074957632685,0.39103430428735964
23.375,0.0004158508253252944,0.0004500383217778836,0.39174020853868363
23.416666666666668,0.00044760617058293257,0.0004819163422705446,0.3925677295442553
23.458333333333332,0.00047908883671691235,0.0005114091840390407,0.3935121162295846
23.5,0.0005083952944610277,0.0005365698142504531,0.39456094445767326
23.541666666666668,0.0005335443982405528,0.0005557895767114472,0.39569500382947165
23.583333333333332,0.0005529866550974042,0.0005678316858703321,0.3968896858767441
23.625,0.0005655244345198198,0.0005719369104358254,0.39811648452367776
23.666666666666668,0.000570304623813276,0.0005678123649856241,0.3993448099409302
23.708333333333332,0.0005670110933218452,0.0005556774325455556,0.4005437989686435
23.75,0.000555715308969294,0.0005362488573226461,0.40168423704071193
23.791666666666668,0.0005365175782018814,0.0005102788411743101,0.40273987536849887
23.833333333333332,0.0005100678189290812,0.00047936849288968933,0.4036881137835972
23.875,0.00047867822443310455,0.00044605060023466603,0.40451481868389644
23.916666666666668,0.0004450726912184336,0.00041261115396932976,0.4052150073182274
23.958333333333332,0.00041134897894297537,0.0003813293844844776,0.4057923287871127
24.0,0.00037978991151729356,0.000354325984689848,0.40625898419206874
24.041666666666668,0.0003526646070639259,0.00033348030311876304,0.4066349514889539
24.083333333333332,0.0003317682875846407,0.0003202410373508642,0.40694670671433986
24.125,0.00031855424179384246,0.0003155149929367717,0.40722541147243435
24.166666666666668,0.0003139907282010905,0.0003196034024714583,0.40750469540432627
24.208333333333332,0.00031835812176052785,0.0003321670954271493,0.4078182391092524
24.25,0.0003312770843708527,0.0003522452264997742,0.4081973245747494
24.291666666666668,0.0003514272794859113,0.00037804144151990177,0.4086681072855568
24.333333333333332,0.00037684572516920745,0.00040753359292434863,0.40924888444375246
24.375,0.00040587138708723626,0.00043890805508653696,0.4099507625009017
24.416666666666668,0.000436921268724832,0.00047003410374581357,0.41077723847012304
24.458333333333332,0.00046764391447350176,0.0004988102713419804,0.41172333871772177
24.5,0.0004962357251052082,0.0005233457067148398,0.4127762403134226
24.541666666666668,0.0005206827589703521,0.0005420590822730475,0.4139161926610441
24.583333333333332,0.0005395660496032349,0.0005537524442402166,0.41511788572114705
24.625,0.0005516397828523137,0.0005576828261121667,0.4163520598220918
24.666666666666668,0.0005561394561366841,0.0005535696994280759,0.4175873321323989
24.708333333333332,0.0005527296479680996,0.0005416353318847171,0.4187920696303094
24.75,0.0005415126519475972,0.0005225837297541462,0.4199363689894929
24.791666666666668,0.0005226100141712298,0.0004971754335464577,0.42099341037649396
24.833333333333332,0.0004966811962307433,0.0004669787670449026,0.4219402154980836
24.875,0.000465999808532762,0.0004344585017992962,0.4227624539286432
24.916666666666668,0.00043317412636001645,0.0004018436122635937,0.4234551462741568
24.958333333333332,0.0004003237013338963,0.0003713595548950484,0.42402216061496034
25.0,0.00036960392171342334,0.00034507395944396004,0.42447607762877015
25.041666666666668,0.00034323124486177674,0.0003248101023240121,0.42483743838752697
25.083333333333332,0.00032300415022011136,0.00031197944260516876,0.4251333938525383
25.125,0.0003102916308231145,0.0003074614353841725,0.4253958529261572
25.166666666666668,0.00030600235545139644,0.0003115397465317723,0.4256592165532383
25.208333333333332,0.0003104294161530387,0.0003238779575975496,0.4259578888550394
25.25,0.00032318581410960826,0.0003435328777701136,0.42632378851089764
25.291666666666668,0.000342985364002459,0.00036877903742827566,0.4267836463548552
25.333333333333332,0.0003679127597752075,0.00039761448255913546,0.4273561791733914
25.375,0.00039633579160315867,0.0004282773125263802,0.42805263684247025
25.416666666666668,0.00042669925936988587,0.00045868417352973285,0.4288765087231216
25.458333333333332,0.00045670686433239117,0.0004867774734460525,0.4298226185941334
25.5,0.00048460214502864,0.0005107176780367039,0.4308778033988048
25.541666666666668,0.0005083943871992171,0.0005289504509438461,0.4320217426062718
25.583333333333332,0.0005267462413194384,0.0005403168228427953,0.4332284735992132
25.625,0.0005383820948826988,0.0005440824832757223,0.43446802481129426
25.666666666666668,0.0005426296920325291,0.0005399887943592655,0.4357082385268942
25.708333333333332,0.0005391098236390625,0.0005282528726621684,0.43691677337022883
25.75,0.0005279725324244446,0.0005095504306774352,0.43806304281416114
25.791666666666668,0.0005093486965891406,0.00048470084643577034,0.4391195899345369
25.833333333333332,0.0004839422063474016,0.0004551796591868383,0.4400632821720869
25.875,0.00045391555919825193,0.0004234238640542782,0.4408794221162703
25.916666666666668,0.0004219136485362094,0.00039161147432640285,0.441563200436905
25.958333333333332,0.0003897790918934303,0.0003618742739343573,0.44211860259831665
26.0,0.0003599669339161819,0.0003362778858766854,0.4425586079398004
26.041666666666668,0.0003342784544762404,0.0003165697417395889,0.442904270121415
26.083333333333332,0.00031467490282119403,0.0003041256022376873,0.4431834089780738
26.125,0.0003024306181301308,0.0002998037538360463,0.44342863956849426
26.166666666666668,0.00029840880509965904,0.0003038715491958787,0.4436751003915304
26.208333333333332,0.0003029016897447048,0.00031599922282910133,0.44395791829849124
26.25,0.0003155122255556401,0.00033526743963626233,0.4443096510127522
26.291666666666668,0.00033496707702232063,0.00035996714315708817,0.4447575159907001
26.333333333333332,0.00035940359090094656,0.0003881744371693016,0.44532048663372187
26.375,0.00038725133026188015,0.000418162429351073,0.4460100876508049
26.416666666666668,0.00041695513132125297,0.00044788094471341237,0.4468298061987623
26.458333333333332,0.000446307064605144,0.0004753344825131036,0.44777428243380457
26.5,0.0004734907480956764,0.0004987013981584183,0.44882995376974627
26.541666666666668,0.0004967317468033504,0.0005164861173584458,0.44997600106912866
26.583333333333332,0.0005145121983798831,0.0005275391127276749,0.45118582801838686
26.625,0.0005257928931744455,0.0005311568887642911,0.4524287529334183
26.666666666666668,0.0005297647131236974,0.0005270837270538314,0.45367190221265347
26.708333333333332,0.0005261777756962235,0.0005155390642107065,0.4548822324659537
26.75,0.0005151361337039673,0.0004972113762137974,0.4560285405764674
26.791666666666668,0.0004967957626116214,0.00047285576851749855,0.4570829253486076
26.833333333333332,0.0004718546349351904,0.0004439931786769689,0.4580217330474602
26.875,0.0004424915866067174,0.0004129708977735107,0.4588303110764463
26.916666666666668,0.0004111894283250063,0.0003819004143944756,0.4595037254213342
26.958333333333332,0.0003798916339932845,0.00035290336219104376,0.4600462261607479
27.0,0.000350755971838194,0.00032794545902369785,0.46047115856509174
27.041666666666668,0.00032584928760894205,0.00030876642000437983,0.4608000937962937
27.083333333333332,0.0003067994933669401,0.00029669246903965183,0.46106144775870234
27.125,0.00029497989559276424,0.00029255166863869953,0.46128853045134677
27.166666666666668,0.00029122848969659603,0.00029660815917633787,0.461517168524262
27.208333333333332,0.0002957568268219718,0.0003085303993319198,0.461783137984021
27.25,0.0003082063756682878,0.0003274133639091412,0.4621195981395353
27.291666666666668,0.0003273435839586118,0.00035161021147190995,0.4625542247719689
27.333333333333332,0.0003513294512445135,0.0003792301327606794,0.463106391883419
27.375,0.0003786374327356948,0.00040857645318472316,0.4637877763848538
27.416666666666668,0.00040771598724794334,0.00043764632133777,0.46460181842486054
27.458333333333332,0.0004364229567729833,0.0004644877108351846,0.4655429866672905
27.5,0.0004629905631821909,0.0004873207447024812,0.46659736443875927
27.541666666666668,0.00048563895238680954,0.0005046799574945936,0.4677436399553466
27.583333333333332,0.0005029496599625775,0.000515441393696027,0.4689546295497925
27.625,0.0005138494868315468,0.0005189218457429701,0.4701989658961617
27.666666666666668,0.0005175952262979835,0.0005148701116130346,0.4714430905349949
27.708333333333332,0.0005139310194703789,0.0005035119879208774,0.47265328091245185
27.75,0.0005029672891037031,0.0004855172040611769,0.4737977304419993
27.791666666666668,0.00048491006606382457,0.0004616642423527716,0.47484808188548505
27.833333333333332,0.00046044550403429816,0.00043343261026193797,0.47578042037390256
27.875,0.0004317127292830274,0.0004030994743005341,0.4765799309447957
27.916666666666668,0.0004010938963148162,0.00037274323364926615,0.4772416677257798
27.958333333333332,0.000370525538185542,0.0003444320772030024,0.47777009116553043
28.0,0.00034212967629223493,0.0003200875415109941,0.47817889577388795
28.041666666666668,0.0003178745097719416,0.0003014072802132633,0.47849013386360073
28.083333333333332,0.00029936622592078427,0.0002896783245096761,0.47873281217557756
28.125,0.0002879727171482177,0.0002857106404919008,0.4789408840335642
28.166666666666668,0.00028444648869601735,0.000289754991985519,0.4791508304706908
28.208333333333332,0.00028901569389752505,0.00030148346580028345,0.47939906086208
28.25,0.00030132888384602253,0.00032001105070881706,0.4797192943283779
28.291666666666668,0.00032015200644323357,0.00034372773551799715,0.4801396566100624
28.333333333333332,0.00034370391372707366,0.0003707859417740157,0.48067981996572534
28.375,0.0003704902100622883,0.0003995271366346243,0.4813516125339187
28.416666666666668,0.0003989958708063822,0.00042798762396276634,0.4821584880714964
28.458333333333332,0.0004270767965876946,0.00045425045072797633,0.48309473247988133
28.5,0.000453074804764114,0.00047658235804103006,0.4841460990362898
28.541666666666668,0.00047516051519643144,0.0004935413168707561,0.4852907820856319
28.583333333333332,0.0004920381885694624,0.0005040327756125981,0.48650103397926286
28.625,0.0005025796590891215,0.0005073861568180664,0.4877448591178766
28.666666666666668,0.0005061261438071198,0.0005033629260707894,0.48898803685406195
28.708333333333332,0.0005023919301475827,0.0004921871077457441,0.4901962292447968
28.75,0.0004915284866925782,0.0004745167492922291,0.49133706612000316
28.791666666666668,0.0004737345603081771,0.00045113575886778423,0.4923817264956472
28.833333333333332,0.0004497164842444907,0.000423493696686516,0.4933060320944993
28.875,0.00042156696493750496,0.0003938170993671838,0.4940950323212729
28.916666666666668,0.00039161563238658163,0.00036413591641577933,0.4947438159559817
28.958333333333332,0.0003617330588778888,0.00033647270569359973,0.49525702055273174
29.0,0.0003340253627797178,0.00031270633548892565,0.4956486852766572
29.041666666666668,0.0003103871304449024,0.0002944945403929731,0.49594132413935954
29.083333333333332,0.0002923988342114117,0.0002830907376971347,0.49616450174017096
29.125,0.00028139019292980935,0.0002792846602599392,0.49635277168134173
29.166666666666668,0.0002780774234709854,0.0002833169661500517,0.496543237886749
29.208333333333332,0.0002826855588455742,0.0002948617572865155,0.4967728941188975
29.25,0.0002948566557580564,0.00031305223679534367,0.4970759762690346
29.291666666666668,0.000313380440203769,0.0003363158699408639,0.49748102033008385
29.333333333333332,0.00033652886432289293,0.00036284877385192664,0.4980080283316016
29.375,0.0003628300574160843,0.00039102199088010645,0.49866895837968545
29.416666666666668,0.000390782460498171,0.0004189088533013449,0.49946724692854316
29.458333333333332,0.0004182960523317671,0.0004446312547476497,0.5003969928376244
29.5,0.00044374301540941525,0.0004664944607042043,0.5014436483105416
29.541666666666668,0.0004653182114108752,0.0004830785480060395,0.5025849659984716
29.583333333333332,0.0004817802825687197,0.0004933203157616506,0.5037926331753878
29.625,0.0004919949754034591,0.0004965579135523393,0.5050340676893317
29.666666666666668,0.0004953582370822295,0.000492565681015242,0.5062744336619545
29.708333333333332,0.0004915666558627393,0.0004815642229127936,0.5074787978798262
29.75,0.0004808118694836203,0.0004642133150004206,0.5086143110569772
29.791666666666668,0.00046327130168754356,0.00044127396630902986,0.5096516813906762
29.833333333333332,0.00043966827815436867,0.00041418085270802886,0.5105664572888633
29.875,0.00041206671077983895,0.0003851276221873129,0.5113435533293538
29.916666666666668,0.0003827469536947963,0.0003560794269528807,0.5119781716628786
29.958333333333332,0.0003535249001867159,0.0003290271152050369,0.5124750962310729
30.0,0.0003264355501117198,0.00030580316182118704,0.5128486855143366
30.041666666666668,0.0003033921717222687,0.00028802845130933215,0.5131219022763674
30.083333333333332,0.0002858994388696241,0.0002769315342138288,0.51332481992743
30.125,0.0002752259697911449,0.0002732749575468103,0.5134925679368363
30.166666666666668,0.0002721248377836376,0.00027729448368484107,0.5136628299888226
30.208333333333332,0.00027676688173591135,0.00028866861316896895,0.5138731530261226
30.25,0.00028879670237696883,0.0003065417854310411,0.5141582552893463
30.291666666666668,0.00030705145757647055,0.00032938244317967517,0.5145470535782684
30.333333333333332,0.00032981250761475196,0.00035542080171036125,0.5150598138740653
30.375,0.0003556467122887704,0.00038306357599101796,0.5157086366431137
30.416666666666668,0.0003830980796147569,0.0004104167300225008,0.5164969627836163
30.458333333333332,0.0004100712441077084,0.0004356326946608613,0.5174187171420184
30.5,0.0004350061306898792,0.0004570592640773419,0.5184590378993499
30.541666666666668,0.0004561069713273004,0.00047329627083353193,0.5195952599702102
30.583333333333332,0.00047218187009358514,0.00048330663106256654,0.5207985562322517
30.625,0.0004821003764060609,0.0004864396648489817,0.5220357827344617
30.666666666666668,0.0004852918141564004,0.0004824796623969657,0.5232715226651483
30.708333333333332,0.00048145506575537553,0.00047164521440984223,0.524470295877155
30.75,0.00047079073005140606,0.000454584879764894,0.5255987508564715
30.791666666666668,0.000453492736123539,0.0004320660145705843,0.5266272128693306
30.833333333333332,0.0004302998203860503,0.0004055047220527474,0.5275310232757203
30.875,0.000403230729321991,0.0003770275853428402,0.5282950267565375
30.916666666666668,0.00037448248847781287,0.00034857514490215034,0.5289143805864488
30.958333333333332,0.0003458705595653238,0.00032209114260363337,0.5293940702867053
31.0,0.0003193937954367238,0.00029937453010331317,0.5297487582747369
31.041666666666668,0.00029688020785033646,0.00028200986369244867,0.5300018182161041
31.083333333333332,0.00027983124077857587,0.0002711949206775904,0.5301838007578837
31.125,0.00026950605919384615,0.00026767932209497997,0.5303303766498346
31.166666666666668,0.00026657986563473135,0.00027168819640148976,0.5304797679704536
31.208333333333332,0.0002712510728983924,0.0002829017916351544,0.530670057186758
31.25,0.00028315941791300857,0.0003004778524357608,0.5309363739964026
31.291666666666668,0.00030113992080372154,0.0003229238142788488,0.5313079946876125
31.333333333333332,0.00032355090125208,0.0003485072385642201,0.5318054735605229
31.375,0.0003489665456410715,0.00037565430633114427,0.5324410245765937
31.416666666666668,0.0003759262190497126,0.0004025074025373738,0.5332180740965946
31.458333333333332,0.0004024140377901074,0.00042725919510252857,0.5341303676026722
31.5,0.00042686260591944685,0.00044827770154642557,0.5351627814664528
31.541666666666668,0.00044753724194728504,0.00046419693069946774,0.536292233410421
31.583333333333332,0.00046324424543342865,0.0004739936142206374,0.5374894290770982
31.625,0.00047289990765590377,0.00047703355108500133,0.5387206956580411
31.666666666666668,0.00047593003210789626,0.0004731060829981934,0.5399500724911718
31.708333333333332,0.00047206044172419114,0.00046243113620961457,0.5411415662448827
31.75,0.00046148634577779924,0.000445647726818856,0.5422613715880065
31.791666666666668,0.0004444245648497077,0.0004235245042217016,0.5432794613625068
31.833333333333332,0.00042161215424661806,0.0003974533302803139,0.5441709675199864
31.875,0.0003950316834703072,0.0003695176545808741,0.5449206427149917
31.916666666666668,0.00036682949568614105,0.0003416192779078535,0.545523682376153
31.958333333333332,0.00033878532717659824,0.00031566524417672465,0.5459852323190448
32.0,0.0003128684009445095,0.00029341963532340234,0.5463202474647512
32.041666666666664,0.0002908541497417792,0.0002764354142713048,0.5465524650921242
32.083333333333336,0.0002742253814670857,0.0002658839090791483,0.5467129072086861
32.125,0.00026420413746327707,0.00026249750077932696,0.5468377383104698
32.166666666666664,0.00026144473579576866,0.00026649444148139445,0.546965676358533
32.208333333333336,0.0002661424069439073,0.00027755892655089305,0.5471352773458118
32.25,0.00027793139377745523,0.0002948637548693853,0.5473820900800294
32.291666666666664,0.000295667399988339,0.00031694315675017624,0.5477357098515068
32.333333333333336,0.0003177493059225724,0.000342102588385325,0.5482169488293983
32.375,0.0003427687011941924,0.00036879261739805385,0.5488381281685268
32.416666666666664,0.000369285150662259,0.0003951862480844452,0.5496026359154171
32.458333333333336,0.0003953171295866457,0.0004195063426961758,0.5505040997514246
32.5,0.00041932408111477993,0.00044015214410850824,0.5515270793433152
32.541666666666664,0.00043959810085688234,0.0004557773646679595,0.5526481638353955
32.583333333333336,0.0004549727142297944,0.0004653790172485827,0.5538376116743038
32.625,0.0004643850884854307,0.0004683361466492236,0.5550612251208992
32.666666666666664,0.0004672708550226265,0.00046444022095979386,0.5562825625076772
32.708333333333336,0.000463368965967783,0.0004539140678452901,0.5574651184567461
32.75,0.0004528872070234825,0.0004373941718427533,0.558574703267105
32.791666666666664,0.0004360653113515885,0.0004156550582875764,0.5595810796862736
32.833333333333336,0.00041362622574241126,0.00039002970604300066,0.5604591485097244
32.875,0.0003874594139079185,0.00036258591935513793,0.5611934045068367
32.916666666666664,0.00035978257181545784,0.00033521385232189053,0.5617791812502183
32.958333333333336,0.0003322526921040016,0.00030973926876219117,0.5622218142491681
33.0,0.0003068713755608451,0.00028793772767525793,0.5625364543476393
33.041666666666664,0.00028528841002394077,0.00027129878446745324,0.5627472545373507
33.083333333333336,0.00026907805780363245,0.0002609931292883553,0.5628856318030225
33.125,0.00025931328981275973,0.0002577263760841869,0.562988204945456
33.166666666666664,0.0002567241124754918,0.00026171364622368736,0.5630941758387347
33.208333333333336,0.00026143912439481197,0.0002726401489420059,0.5632425300448318
33.25,0.00027311069607033605,0.00028969183334672606,0.56346918156379
33.291666666666664,0.0002906324822240531,0.00031143660264972185,0.5638040583608598
33.333333333333336,0.00031240055022637163,0.00033620643876774563,0.5642681463695697
33.375,0.0003370574810641246,0.00036247685238426016,0.5648738912531273
33.416666666666664,0.00036316646383313976,0.0003884473017079303,0.5656246793726419
33.458333333333336,0.00038878130385164387,0.000412374296677848,0.5665139667461021
33.5,0.0004123787564924368,0.00043267652347754956,0.5675260946142647
33.541666666666664,0.00043229547273552837,0.0004480359802767514,0.5686372798900926
33.583333333333336,0.00044736510932180917,0.0004574623562281764,0.5698173596083578
33.625,0.0004565596507128848,0.00046034612423942863,0.5710317200048665
33.666666666666664,0.00045932108239617083,0.0004564873352853366,0.5722434360395179
33.708333333333336,0.00045540515702159883,0.00044610580779960094,0.5734156027717335
33.75,0.0004450096346096934,0.0004298258323483773,0.5745136150296032
33.791666666666664,0.00042837963162113837,0.0004084124250825549,0.5755068292773039
33.833333333333336,0.00040625351553592626,0.0003832182506896154,0.5763700125457752
33.875,0.0003805501446147181,0.00035624865420237,0.5770877740513727
33.916666666666664,0.0003533204882576176,0.00032933656167741617,0.5776553845387532
33.958333333333336,0.0003262889486801208,0.00030432464692185785,0.578078292975338
34.0,0.0003013607171373859,0.0002829152662472445,0.5783719504203256
34.041666666666664,0.00028023559718165595,0.0002666047692972924,0.5785607847786651
34.083333333333336,0.00026434645085204775,0.0002565190476357904,0.5786766380123493
34.125,0.00025485915345472795,0.0002533620020033477,0.5787565366068491
34.166666666666664,0.00025239390893035596,0.0002573379700484414,0.5788400883827541
34.208333333333336,0.0002571327831789819,0.00026813941952694,0.5789666822656522
34.25,0.0002687102588558828,0.00028496782736671015,0.5791725990555877
34.291666666666664,0.00028601960830267075,0.00030640100520472953,0.579488035730173
34.333333333333336,0.0003075091281513578,0.00033081339911237364,0.579934139477626
34.375,0.0003318299825343032,0.00035670193208731457,0.5805234769025635
34.416666666666664,0.00035756671443673115,0.0003822893820336002,0.5812594153705587
34.458333333333336,0.000382806138355008,0.0004058579392005065,0.5821352784003518
34.5,0.0004060285763626051,0.00042584934953615936,0.5831351681111526
34.541666666666664,0.0004256238174933353,0.0004409684385179374,0.5842349778670348
34.583333333333336,0.0004404128579493336,0.0004502355747525307,0.5854041941191637
34.625,0.0004494167533283778,0.00045305667585146314,0.5866077466511271
34.666666666666664,0.00045206018763063835,0.0004492312874310379,0.5878083057805182
34.708333333333336,0.00044813312133190907,0.0004389813967453901,0.588968552450686
34.75,0.00043781302636612354,0.0004229241049485943,0.5900535206513718
34.791666666666664,0.00042139400893682,0.00040183799537583123,0.5910323804509122
34.833333333333336,0.0003995888762822981,0.00037702550312898754,0.5918797996930264
34.875,0.00037424003293372863,0.0003504722875382434,0.5925801681820396
34.916666666666664,0.0003474573799182388,0.00032400414611344976,0.5931288386742324
34.958333333333336,0.0003208587518368735,0.00029939479196112615,0.5935314311757209
35.0,0.0002963772651925401,0.0002783581423630268,0.593803583646528
35.041666666666664,0.00027561473060124723,0.000262336636294035,0.5939700304151854
35.083333333333336,0.0002600747478961036,0.0002524572520174259,0.594062974956556
35.125,0.00025079875408698697,0.00024940011949593235,0.5941198226008734
35.166666666666664,0.00024847528993472327,0.0002533688172959974,0.594180581903858
35.208333333333336,0.000253226661681945,0.00026405661697074645,0.5942849929123077
35.25,0.000264707416123724,0.00028067629840001167,0.5944696386187153
35.291666666666664,0.00028183472289251463,0.0003018327735675149,0.5947649781829453
35.333333333333336,0.00030306778609572195,0.00032592392711175145,0.5951923319350658
35.375,0.0003270880566416513,0.00035146697927785367,0.5957643513688117
35.416666666666664,0.00035248953477025265,0.0003767075365685231,0.5964843802944741
35.458333333333336,0.0003773858870960255,0.0003999531619669699,0.5973456199439409
35.5,0.0004002749280309135,0.00041966582991666534,0.5983319572982055
35.541666666666664,0.00041957638503623554,0.0004345691372101022,0.5994189969711103
35.583333333333336,0.0004341214584388809,0.00044369675393459633,0.6005758792477716
35.625,0.00044294990840625846,0.000446463550046085,0.601767159342424
35.666666666666664,0.0004454979121659992,0.00044267300691492884,0.6029551233998239
35.708333333333336,0.000441561892930126,0.00043254720193087326,0.6041020919651338
35.75,0.0004313305026414652,0.000416702244819202,0.6051727873867533
35.791666666666664,0.00041508172775355136,0.0003958894803816487,0.6061361432671127
35.833333333333336,0.00039353936588265885,0.00037143562466005815,0.6069665783513316
35.875,0.00036858017261406234,0.0003452762309948719,0.6076486202581399
35.916666666666664,0.0003421595957066563,0.0003191888484953078,0.6081775892073791
35.958333333333336,0.00031598936062766605,0.0002949641531180738,0.6085591978890466
36.0,0.000291867398213329,0.0002742515780335187,0.6088093338355646
36.041666666666664,0.0002714905655588732,0.000258500262684985,0.6089530153411757
36.083333333333336,0.00025621204612896227,0.0002488031088425795,0.6090227275077684
36.125,0.00024716151323443913,0.0002458363034248852,0.6090562407820594
36.166666666666664,0.00024494407277657435,0.00024979786412532545,0.6090938859470144
36.208333333333336,0.00024970966644813174,0.0002603844211685397,0.609175733614537
36.25,0.000261105771363073,0.0002768143698187706,0.6093386466179114
36.291666666666664,0.000278059753388871,0.00029772646372496956,0.6096132682352651
36.333333333333336,0.0002990769581627626,0.00032153378389001305,0.610021175675552
36.375,0.0003228314137747509,0.00034676673506186585,0.610575034201175
36.416666666666664,0.0003479311955324422,0.00037169845894153094,0.61127815490771
36.458333333333336,0.0003725143488435155,0.0003946535536956989,0.6121236281622022
36.5,0.00039511859309673787,0.0004141216947850497,0.613095167645374
36.541666666666664,0.00041414385803517645,0.0004288319589700961,0.6141680993316049
36.583333333333336,0.0004284880361611793,0.00043783978825875973,0.6153112598615149
36.625,0.0004371515156340776,0.00044055981978161426,0.6164888674197253
36.666666666666664,0.0004396274563842442,0.0004368042593158077,0.617662866546256
36.708333333333336,0.00043567617170488145,0.00042679103628125994,0.618795227803029
36.75,0.0004255352342986836,0.0004111406662952574,0.6198504298463667
36.791666666666664,0.00040945276791380745,0.00039058666183394627,0.6207972206427771
36.833333333333336,0.0003881564160696631,0.0003664451220785479,0.6216098211820265
36.875,0.000363514601623451,0.00034063626024801515,0.6222727249984925
36.916666666666664,0.0003374380497413663,0.0003148998679441291,0.6227813424713238
36.958333333333336,0.0003116528088706364,0.00029101152457274156,0.6231414817339478
37.0,0.00028786100796163687,0.00027059770838645016,0.6233692125675684
37.041666666666664,0.0002677913955300613,0.00025508244020835843,0.6234898015942407
37.083333333333336,0.00025279944919866286,0.0002455522808986114,0.6235360340800046
37.125,0.0002439165111077401,0.0002426673536311014,0.6235459723620272
37.166666666666664,0.0002418021065514502,0.0002466212117352492,0.6235602488774724
37.208333333333336,0.00024658280329121286,0.00025711727230259596,0.6236191913602909
37.25,0.0002579023428995154,0.00027339023694518286,0.6237599387661256
37.291666666666664,0.00027471938172474235,0.0002940788030847551,0.6240134263098562
37.333333333333336,0.0002955262810373516,0.00031763461159367833,0.6244012010069284
37.375,0.00031905707077495694,0.000342595650896311,0.6249361093462411
37.416666666666664,0.0003438586180543418,0.0003672506235699945,0.625621388732152
37.458333333333336,0.0003682216350983982,0.0003899589210835277,0.6264500645541262
37.5,0.00039050962129788937,0.00040920624846741213,0.6274056259863138
37.541666666666664,0.0004093563916363257,0.00042375224309186755,0.6284632031014198
37.583333333333336,0.0004234761353200582,0.00043265382834014037,0.6295913275763735
37.625,0.0004320283493177984,0.0004353366173192006,0.6307539233724369
37.666666666666664,0.0004344233224611497,0.00043161576629701574,0.6319126207350619
37.708333333333336,0.0004304807315794089,0.0004217080379999318,0.6330291160807257
37.75,0.00042041139201900036,0.0004062296009312844,0.6340676597164062
37.791666666666664,0.0004044741328297751,0.00038590524426955307,0.6349968023362932
37.833333333333336,0.0003834095666390525,0.0003620476094012651,0.6357906787752059
37.875,0.00035905035022652863,0.0003365498171334269,0.6364337294130008
37.916666666666664,0.00033329713648472357,0.0003111270564550791,0.6369214288195519
37.958333333333336,0.00030781593609025053,0.00028753640101055524,0.6372596649117797
38.0,0.000284343409858478,0.0002673838054324716,0.6374646782957762
38.041666666666664,0.0002645636850946175,0.0002520820507409915,0.6375619442594318
38.083333333333336,0.00024978044730691705,0.000242697634556275,0.6375845049679626
38.125,0.0002410711287090462,0.00023988577320966035,0.6375706849646662
38.166666666666664,0.00023905165360503687,0.00024383773516527794,0.6375613965035047
38.208333333333336,0.00024384168109172876,0.00025425822246879126,0.6375972231926051
38.25,0.0002551001194797391,0.0002703876269861283,0.6377155331063693
38.291666666666664,0.000271787983846627,0.00029089016800835183,0.6379473337807151
38.333333333333336,0.00029243059225100214,0.00031422359426256985,0.6383144001650738
38.375,0.0003157289944510292,0.00033894210395869545,0.6388295227953443
38.416666666666664,0.0003403290895515883,0.00036337341454088844,0.6394960176618962
38.458333333333336,0.0003644328861836606,0.0003858554183787155,0.6403067941242555
38.5,0.00038652871193227173,0.00040492396736155415,0.6412452016443014
38.541666666666664,0.0004051556546056835,0.00041932591832861813,0.6422861713040401
38.583333333333336,0.0004191280372132019,0.0004281401757441293,0.6433980003180706
38.625,0.0004275636176897489,0.0004307920824594398,0.6445443378692658
38.666666666666664,0.0004298944695721823,0.0004271026353413923,0.6456865197507715
38.708333333333336,0.00042596549372993204,0.0004172921800487985,0.6467859965759736
38.75,0.00041595785446922,0.0004019650462473387,0.6478068390497602
38.791666666666664,0.0004001632693242347,0.0003818480044648566,0.6487173893956066
38.833333333333336,0.0003792965776441251,0.00035823736983725177,0.6494917279284904
38.875,0.00035518001946589105,0.0003330100086261388,0.6501142789618127
38.916666666666664,0.0003297144087227238,0.00030786361110750256,0.6505805408413107
38.958333333333336,0.0003044964905182203,0.00028453203605173077,0.6508964823452854
39.0,0.0002813119239338858,0.0002646085903049976,0.6510785004720931
39.041666666666664,0.0002617700614151694,0.0002494928900258861,0.6511522481166195
39.083333333333336,0.00024717894120354004,0.0002402354923986551,0.6511509975788984
39.125,0.00023862373237332923,0.0002374891571886903,0.6511132980359575
39.166666666666664,0.00023667640865605128,0.00024144050960316977,0.6510802920344684
39.208333333333336,0.00024148146828063453,0.0002517967017859556,0.651092784215106
39.25,0.0002526900437458452,0.00026780911984739756,0.6511883249455211
39.291666666666664,0.00026926949453701056,0.000288147611882865,0.6513981206883668
39.333333333333336,0.0002897515858379226,0.00031129187458659287,0.6517439556219492
39.375,0.0003128872974344016,0.00033581888144626135,0.6522387492678821
39.416666666666664,0.0003372940297316115,0.0003600420310493093,0.6528857505260924
39.458333333333336,0.0003611906289459058,0.0003823471757226623,0.6536777726505937
39.5,0.00038310480358523866,0.00040125359752681987,0.6545980408877242
39.541666666666664,0.0004015623570918506,0.000415542176333932,0.655621295650085
39.583333333333336,0.00041540075212527863,0.00042428299207563356,0.6567156212055304
39.625,0.0004237523802992055,0.00042691953083835233,0.6578444359901412
39.666666666666664,0.00042604407406903984,0.00042326470297884817,0.6589688955281288
39.708333333333336,0.0004221235863511591,0.0004135371811291237,0.6600502383773824
39.75,0.00041217542208593524,0.000398343422191882,0.6610523096179073
39.791666666666664,0.00039649985845367395,0.0003784036645113019,0.6619433909406478
39.833333333333336,0.0003758082477737671,0.0003550119196159492,0.6626974258761901
39.875,0.0003519219216189099,0.0003300155720304912,0.6632988742758005
39.916666666666664,0.0003266541448265981,0.0003051022823682374,0.6637431969242633
39.958333333333336,0.00030172251686313496,0.00028199377937579943,0.6640365057788763
40.0,0.0002787444858251486,0.00026227027784964075,0.6641952866273793
40.041666666666664,0.0002593974999972185,0.00024730916250197534,0.6642453770074696
40.083333333333336,0.0002450066846121534,0.00023816439820865867,0.6642202186177404
40.125,0.0002365579300538441,0.0002354750135895756,0.6641585705843787
40.166666666666664,0.00023468169254645512,0.00023942743018211208,0.6641017618978181
40.208333333333336,0.00023950571491165138,0.0002497334763269465,0.6640907941436659
40.25,0.0002506615979724724,0.00026564304188318196,0.6641633374262355
40.291666666666664,0.00026714770191431814,0.0002858490037330597,0.6643506792178849
40.333333333333336,0.0002875171486972472,0.00030884263598788137,0.6646747766351857
40.375,0.00031050024430072257,0.0003332038152655108,0.6651484791244241
40.416666666666664,0.00033476142963939984,0.0003572710452029891,0.6657751100297196
40.458333333333336,0.000358487469321956,0.0003794203915790857,0.6665474234654599
40.5,0.000380262747875036,0.0003982079014611638,0.6674484578685302
40.541666666666664,0.00039857017841263,0.0004123987696408176,0.6684528626531372
40.583333333333336,0.00041232278493828235,0.00042108978312664804,0.6695285179728013
40.625,0.00042058634237501986,0.0004237104845545579,0.6706386938650679
40.666666666666664,0.0004228587280161274,0.0004200880362571575,0.671744320256996
40.708333333333336,0.00041893774073596115,0.00041043328789235625,0.6728064688845928
40.75,0.00040904414220857126,0.00039534801683872064,0.6737888101011151
40.791666666666664,0.00039346558829051587,0.00037556537933264306,0.6746595035617652
40.833333333333336,0.0003729359740561944,0.0003523588202769188,0.6753925464940376
40.875,0.00034923062934888476,0.00032755580288745795,0.6759723388517552
40.916666666666664,0.00032417621208733627,0.0003028407361107549,0.676394357300785
40.958333333333336,0.00029941181067326823,0.00027991804896102446,0.6766647716312973
41.0,0.0002766515295004234,0.0002603555830076836,0.6768001787057172
41.041666666666664,0.0002574852233423899,0.0002455303343829449,0.6768265276861676
41.083333333333336,0.0002432091729730084,0.00023647614429196437,0.6767774328487655
41.125,0.00023488194958534933,0.00023383672327548954,0.6766917988196197
41.166666666666664,0.00023306253134014248,0.00023779384772034458,0.6766111265346272
41.208333333333336,0.00023789348009440673,0.0002480600865958844,0.6765765548555651
41.25,0.0002490243095598128,0.0002638940690414433,0.6766258834275869
41.291666666666664,0.0002654393103371913,0.0002839953752767749,0.6767905068093213
41.333333333333336,0.00028571008124447914,0.0003068713530321257,0.6770924009522602
41.375,0.0003085992114234361,0.00033110595480232417,0.67754457317495
41.416666666666664,0.000332706218832218,0.00035503863181053907,0.6781501739183743
41.458333333333336,0.00035633689867006193,0.0003770812233482177,0.6789019244089516
41.5,0.0003779561114749351,0.0003957659568401173,0.6797828262088187
41.541666666666664,0.0003961996951260301,0.0004098926780899637,0.6807673433526495
41.583333333333336,0.0004098427715492448,0.00041854125943513486,0.6818232615008353
41.625,0.00041807628845656427,0.00042116090271964693,0.6829136559321289
41.666666666666664,0.00042031858610349715,0.0004175700833955224,0.6839993459921027
41.708333333333336,0.00041642565430055807,0.0004079819140346912,0.6850412842095707
41.75,0.0004065726379510071,0.0003929904621010412,0.6860030017875387
41.791666666666664,0.0003910844778591635,0.0003733328059705772,0.686852570887344
41.833333333333336,0.000370677105440447,0.00035027439025401706,0.6875639619004025
41.875,0.0003471198598793659,0.0003256294752546249,0.688121570101074
41.916666666666664,0.00032222507116632217,0.0003010730672316944,0.6885208918661988
41.958333333333336,0.0002976247983413684,0.00027829997540016545,0.6887681514241112
42.0,0.00027501706494021376,0.0002588691593043882,0.6888800341996819
42.041666666666664,0.00025599113243736864,0.00024415008115641703,0.6888825916726752
42.083333333333336,0.00024182860838647702,0.0002351717009778069,0.688809552327947
42.125,0.00023358324095527802,0.00023257302910129703,0.6886999514892063
42.166666666666664,0.00023181369433105902,0.00023653690295758061,0.6885954054260047
42.208333333333336,0.0002366562551080312,0.000246776595413551,0.6885371658096512
42.25,0.0002477662610969915,0.00026255580649285333,0.6885631183906816
42.291666666666664,0.00026413180560064253,0.00028258306840399437,0.6887047214379868
42.333333333333336,0.0002843362783683038,0.0003053683164170253,0.6889840237009562
42.375,0.0003071267840673528,0.0003295104891472714,0.6894139549660123
42.416666666666664,0.0003311754217491305,0.00035336060393812064,0.6899977596803857
42.458333333333336,0.0003546832174782303,0.0003753139347088906,0.6907281075745619
42.5,0.000376261220283592,0.00039393986378428054,0.6915878756626508
42.541666666666664,0.0003943917619124266,0.0004080161413827373,0.6925514888220978
42.583333333333336,0.00040801667986046364,0.0004166475189792229,0.6935865738215029
42.625,0.00041619445907784203,0.000419267821522086,0.6946561530396229
42.666666666666664,0.00041844340751623474,0.0004157056078961091,0.6957208884481785
42.708333333333336,0.0004145517796399217,0.00040617091717611215,0.6967416046570952
42.75,0.00040475101348925037,0.0003912555437912475,0.6976818283008734
42.791666666666664,0.00038934180544986693,0.00037171037122754944,0.6985095839674382
42.833333333333336,0.0003690497507664611,0.00034875903036551715,0.6991988398647364
42.875,0.0003455663090825839,0.00032422594509451115,0.6997338292455977
42.916666666666664,0.000320821444011225,0.00029980175129604316,0.7001101648351522
42.958333333333336,0.00029632512031628526,0.0002771317446931661,0.7003341088534706
43.0,0.00027385404524730414,0.0002578071431138587,0.7004224019538501
43.041666666666664,0.0002549077463185344,0.00024316384078819136,0.7004011783041963
43.083333333333336,0.0002408542702637956,0.00023424705278150354,0.7003042249309848
43.125,0.00023265898554675524,0.00023168408046720133,0.7001706936061869
43.166666666666664,0.00023094296158536874,0.00023565675701417348,0.700042317672297
43.208333333333336,0.00023578857233872412,0.00024588075462801337,0.6999603773424927
43.25,0.00024688752597658005,0.00026162730985568756,0.699962828465601
43.291666666666664,0.00026322968930455584,0.00028160661783117506,0.70008119924713
43.333333333333336,0.00028338435314485886,0.00030433937299717323,0.7003375190625992
43.375,0.00030613484354858396,0.00032842560436353386,0.7007448050728252
43.416666666666664,0.0003301107369504252,0.00035221481049172376,0.7013062268606116
43.458333333333336,0.00035358700298735005,0.00037412838384886767,0.7020143972696357
43.5,0.00037508730884769,0.00039271171947935724,0.7028521932945169
43.541666666666664,0.0003932098553731205,0.00040677050032142143,0.703793937820656
43.583333333333336,0.0004067781670937387,0.0004153920798789354,0.7048072031310745
43.625,0.0004149663318143995,0.0004180273406621479,0.7058549068144739
43.666666666666664,0.0004172034141897653,0.00041449318136972083,0.7068976729187808
43.708333333333336,0.00041334926016092484,0.00040500452619439994,0.7078962639498765
43.75,0.00040357758397120854,0.0003901491157907876,0.7088141435531838
43.791666666666664,0.00038822767712689036,0.0003706733982363359,0.7096193099683191
43.833333333333336,0.0003680003548626305,0.00034780266996000243,0.7102857326127193
43.875,0.00034460312010377563,0.0003233557358803267,0.7107976287352763
43.916666666666664,0.0003199429003260396,0.00029901277490684684,0.7111506583900992
43.958333333333336,0.00029552833924536106,0.0002764206222686756,0.7113510973012378
44.0,0.00027313993116337946,0.00025716321494830203,0.7114157223046218
44.041666666666664,0.00025426094808435275,0.0002425753894930226,0.7113707272177034
44.083333333333336,0.00024026677099225004,0.0002336993331344671,0.7112499439138157
44.125,0.00023211630646514537,0.00023116275724969945,0.7110925729164369
44.166666666666664,0.00023042745424443892,0.00023514735055581894,0.7109403997524149
44.208333333333336,0.00023528823666676236,0.0002453698679279741,0.7108347406613539
44.25,0.0002463866151872628,0.0002611025368812967,0.7108135810236023
44.291666666666664,0.0002627109342484634,0.00028106333007992874,0.7109084471241971
44.333333333333336,0.0002828570549994003,0.0003037775325966133,0.7111414545159834
44.375,0.00030558967581992416,0.0003278426814046645,0.7115255537642041
44.416666666666664,0.000329556332468093,0.0003516163988695725,0.7120639219873065
44.458333333333336,0.0003529904794569567,0.00037351129634817016,0.7127491336113981
44.5,0.0003745091349893954,0.00039209311948773653,0.7135640592944181
44.541666666666664,0.0003925903720592213,0.000406149974021799,0.7144829841492442
44.583333333333336,0.00040618579560664235,0.0004147838911687898,0.7154734301981637
44.625,0.0004143605883462074,0.000417437097840106,0.7164982774141554
44.666666666666664,0.0004166282282087132,0.0004139310549435592,0.717518120550395
44.708333333333336,0.00041278270218172243,0.0004044762360009691,0.7184936926632133
44.75,0.0004030520943888049,0.0003896595072441229,0.7193884395011866
44.791666666666664,0.0003877405255708621,0.0003702375172844092,0.7201704426403822
44.833333333333336,0.0003675634678482381,0.00034741112853475955,0.7208134774654013
44.875,0.00034421315853690914,0.0003230102159704755,0.7213018750497266
44.916666666666664,0.0003195935403693844,0.00029870926991013485,0.721631301834844
44.958333333333336,0.00029522423864752635,0.0002761619540436229,0.7218080847829018
45.0,0.00027288357603791477,0.00025693776525071625,0.7218490142362333
45.041666666666664,0.0002540358485318806,0.0002423817935989736,0.7217802968930414
45.083333333333336,0.00024007409811730752,0.00023352741258513498,0.7216357950541621
45.125,0.00023194843228950063,0.0002310089567347084,0.7214546988917422
45.166666666666664,0.000230271944474226,0.0002350092099139635,0.7212787996706053
45.208333333333336,0.00023516034857899688,0.0002452442907488155,0.7211494580910356
45.25,0.0002462622805291864,0.0002609879608024509,0.7211046332955005
45.291666666666664,0.0002626073908233546,0.0002809598220748662,0.7211758860700866
45.333333333333336,0.00028275732438279495,0.00030368300646232575,0.7213852524089558
45.375,0.0003054974749120779,0.0003277621733113619,0.7217456865976382
45.416666666666664,0.0003294814683353383,0.0003515532406093721,0.7222604194925
45.458333333333336,0.0003529350762639041,0.00037346935629931056,0.7229219777450482
45.5,0.00037446950174559076,0.0003920731129351981,0.7237132118484588
45.541666666666664,0.00039257751501578617,0.000406156523528856,0.724608392937069
45.583333333333336,0.0004061984147913897,0.0004148174733418569,0.7255750509450225
45.625,0.000414398424983002,0.00041749674023859216,0.7265760860455389
45.666666666666664,0.0004166915747318058,0.00041401528872053934,0.7275720689086265
45.708333333333336,0.0004128701495334145,0.0004045863033829861,0.7285237421891056
45.75,0.0004031718667896259,0.000389793915200415,0.7293945676468887
45.791666666666664,0.00038786566058147856,0.000370372939129033,0.7301525284105916
45.833333333333336,0.000367692089576023,0.00034757144499332157,0.7307715789266602
45.875,0.00034439407194482665,0.0003231911561017688,0.7312361334137697
45.916666666666664,0.00031977492789324503,0.000298891262828195,0.7315417819071172
45.958333333333336,0.00029542097078835645,0.00027635370096442226,0.7316948035005068
46.0,0.0002730712259387301,0.00025713033148416374,0.7317120378703055
46.041666666666664,0.00025424675072119595,0.0002425821519837854,0.7316196633824812
46.083333333333336,0.00024026838337186352,0.0002337341448863578,0.7314515482770964
46.125,0.0002321624111531979,0.00023122587483746963,0.7312468747620975
46.166666666666664,0.00023048508150779254,0.00023524147837033566,0.731047371564474
46.208333333333336,0.00023538753564704326,0.0002455012698058873,0.73089437369498
46.25,0.00024651684776919334,0.000261274635244228,0.7308258413521154
46.291666666666664,0.0002628807796915245,0.0002812850470952588,0.7308732506030218
46.333333333333336,0.00028307963069399095,0.000304056789256767,0.7310586914975921
46.375,0.0003058668407060025,0.0003281856809890853,0.7313950899196996
46.416666666666664,0.00032989548131391475,0.00035203013927003325,0.7318856054418628
46.458333333333336,0.000353405041289511,0.0003739991393120449,0.7325227776080168
46.5,0.000374993278760036,0.0003926576599667743,0.733289499519157
46.541666666666664,0.0003931561506724636,0.0004067881427452236,0.7341600580804281
46.583333333333336,0.0004068255866267705,0.00041549291493071376,0.7351020113965205
46.625,0.00041507482240971306,0.0004182076567749814,0.7360782763514748
46.666666666666664,0.00041740698203156397,0.0004147534365766519,0.7370494989772434
46.708333333333336,0.0004136183152377201,0.0004053367159717939,0.7379764576426101
46.75,0.0004039327124137737,0.00039054997513701206,0.7388226443601231
46.791666666666664,0.0003886380925827763,0.0003711192186105767,0.7395561096365483
46.833333333333336,0.00036845369302909166,0.0003482962828622192,0.740150792816902
46.875,0.0003451302193234438,0.0003238932088269894,0.7405911417415662
46.916666666666664,0.00032049211370216034,0.0002995615671128875,0.7408727724293919
46.958333333333336,0.0002961096751361575,0.0002769949255961307,0.7410019555331941
47.0,0.00027371216952524796,0.0002577432950567167,0.740995507188329
47.041666666666664,0.00025487550837614365,0.000243174506313821,0.7408795936515442
47.083333333333336,0.00024086455242722484,0.00023431731729002374,0.7406880216484133
47.125,0.0002327410993781113,0.00023181254009818072,0.7404599129968925
47.166666666666664,0.00023107487926273985,0.0002358495112050083,0.7402369439183386
47.208333333333336,0.0002359868436199203,0.00024614557650086205,0.7400603924807937
47.25,0.0002471494253079305,0.0002619702515349713,0.7399681296623314
47.291666666666664,0.00026356655737827213,0.0002820492485159316,0.7399915932579675
47.333333333333336,0.0002838247405034104,0.0003048997828264313,0.7401528447769712
47.375,0.0003066963952843737,0.000329113617060228,0.7404648149003206
47.416666666666664,0.00033079227613682245,0.00035304288947521486,0.7409305833064646
47.458333333333336,0.0003544094012155101,0.00037510472706180173,0.7415427506519374
47.5,0.00037606442145030744,0.0003938403467146155,0.7422841916070156
47.541666666666664,0.0003943338034193467,0.0004080469323418295,0.7431292747597058
47.583333333333336,0.0004080621703591191,0.0004168085688390214,0.7440455859204311
47.625,0.0004163888505624729,0.00041956680051808976,0.7449961604235933
47.666666666666664,0.0004187576834957657,0.000416134175199583,0.7459416915489893
47.708333333333336,0.0004150106245701925,0.0004067254379593554,0.7468430551658575
47.75,0.0004053295445494022,0.00039191943758795324,0.7476638397970808
47.791666666666664,0.00039003138020964116,0.0003724597038356932,0.7483721368207205
47.833333333333336,0.000369818529081461,0.00034958707131854737,0.74894197969768
47.875,0.0003464428992613744,0.0003251183740168923,0.7493578159664187
47.916666666666664,0.00032174192432490303,0.0003007210941382777,0.7496152596585007
47.958333333333336,0.00029728079603337477,0.00027808578066998516,0.7497205628556862
48.0,0.0002748321277270233,0.0002587756105652869,0.7496905088011194
48.041666666666664,0.00025591024428153406,0.000244161277152369,0.7495511749754975
48.083333333333336,0.00024185675723388468,0.00023527680277114687,0.7493363051922414
48.125,0.00023370505194593736,0.00023276931149708254,0.7490849355142442
48.166666666666664,0.0002320178066445972,0.00023682769367946725,0.7488386334107746
48.208333333333336,0.00023695411543062496,0.0002471739035787534,0.748638578750992
48.25,0.00024816138609512007,0.0002630745541724953,0.748522578540827
48.291666666666664,0.0002646458656259232,0.00028324852515782255,0.7485219839563041
48.333333333333336,0.00028499756938753587,0.0003062108878559509,0.7486587839131394
48.375,0.0003079772468385644,0.00033054545788557805,0.748945884257668
48.416666666666664,0.0003321868812351244,0.0003545996742898342,0.749386348927129
48.458333333333336,0.000355930327941259,0.00037678343117208306,0.7499727984009332
48.5,0.0003777078408546525,0.00039563087198814614,0.7506881816032996
48.541666666666664,0.0003960949974574135,0.0004099349272752585,0.7515068970612513
48.583333333333336,0.00040992870524248507,0.0004187720813151687,0.7523966763344114
48.625,0.0004183388728111818,0.0004215803660910858,0.7533206551876666
48.666666666666664,0.0004207678021672349,0.00041817047514929024,0.7542396299850671
48.708333333333336,0.00041705744317541653,0.0004087571560498528,0.7551146020102609
48.75,0.0004073798284845936,0.00039391462389065245,0.7559092899492397
48.791666666666664,0.00039205616835757403,0.0003743974895642349,0.756591839650381
48.833333333333336,0.00037178547541020227,0.00035143737042157846,0.7571363839597924
48.875,0.0003483195188638463,0.0003268724288338465,0.7575273368572913
48.916666666666664,0.00032353708239646274,0.0003023717625046212,0.757760422198047
48.958333333333336,0.00029894434510056254,0.0002796301579300547,0.7578417775083993
49.0,0.00027640901813164693,0.0002602312900303374,0.7577881451780437
49.041666666666664,0.0002573709182180993,0.00024554476104557925,0.7576255247656064
49.083333333333336,0.00024325046933147576,0.0002366163572683937,0.7573875393454367
49.125,0.00023504359927196397,0.00023409935738320662,0.7571130928415506
49.166666666666664,0.00023333497036337776,0.00023818244863307124,0.7568436288877747
49.208333333333336,0.00023829131534509385,0.00024859072046583345,0.7566201885230643
49.25,0.0002495546519359632,0.0002645898949164498,0.7564804630508323
49.291666666666664,0.00026612849740088163,0.0002848866280870096,0.756455702532651
49.333333333333336,0.0002865973409129498,0.00030799167074654595,0.7565678040260118
49.375,0.00030970688623710836,0.0003324841811614253,0.7568296156289046
49.416666666666664,0.0003340879597505562,0.00035670249930582344,0.7572442227937004
49.458333333333336,0.00035797172381127926,0.0003790382915677535,0.7578042964386721
49.5,0.000379930077398656,0.00039803159344172244,0.7584928420477604
49.541666666666664,0.0003984423896662468,0.0004124527570545497,0.7592843598695956
49.583333333333336,0.0004124239889799961,0.0004213839832106342,0.7601467172802843
49.625,0.00042092555477729127,0.00042425069373346004,0.7610431802715807
49.666666666666664,0.0004234436849879826,0.00042086648194915256,0.7619347421249854
49.708333333333336,0.0004197584245474556,0.000411434411131027,0.76278255170733
49.75,0.0004100948082037527,0.0003965481399996947,0.7635504191229612
49.791666666666664,0.00039471873372156046,0.000376933811118597,0.764206656375426
49.833333333333336,0.00037436156455761336,0.00035386143612089744,0.7647254254891842
49.875,0.0003507939702388321,0.00032915754168622664,0.7650912712405029
49.916666666666664,0.0003258391722017942,0.0003045110102831374,0.7652997716492929
49.958333333333336,0.00030114080049503206,0.0002816351020664012,0.7653571554075712
50.0,0.00027841977561530437,0.0002621098961518721,0.7652800171379872
50.041666666666664,0.00025928232034060046,0.0002473275630317895,0.7650942488532512
50.083333333333336,0.0002450364153367804,0.00023833855925175937,0.764833339920728
50.125,0.00023675910790088876,0.00023580219611786746,0.7645360176008817
50.166666666666664,0.00023502773453358127,0.00023991471951282625,0.7642435576846589
50.208333333333336,0.00023999798237613927,0.0002503985701318465,0.7639968464751808
50.25,0.0002513345066426999,0.0002665191408981698,0.7638334211233528
50.291666666666664,0.00026802165494495733,0.00028696869515998125,0.7637844297006392
50.333333333333336,0.0002886270784099333,0.0003102498101612844,0.7638716197659596
50.375,0.000311911814947026,0.0003349347118690236,0.7641078445422618
50.416666666666664,0.0003364583753247493,0.0003593463516202524,0.7644961495158966
50.458333333333336,0.000360575411129974,0.0003818774487614907,0.765029252742885
50.5,0.0003826814995244591,0.0004010388633511808,0.7656902206553168
50.541666666666664,0.0004014166341767263,0.00041560697224459213,0.7664537248074019
50.583333333333336,0.00041551965602338583,0.0004246453084831926,0.7672877769542644
50.625,0.0004241695334978252,0.000427580683465812,0.768155829852256
50.666666666666664,0.00042675823357787173,0.00042421814508286653,0.7690190836808256
50.708333333333336,0.0004231296568985947,0.00041476259893378077,0.7698388871486316
50.75,0.0004134566360743928,0.000399810792639537,0.7705792363245393
50.791666666666664,0.00039803256527819436,0.00038008277449185646,0.7712086001232419
50.833333333333336,0.0003775576456560188,0.00035684774149704376,0.7717011815186526
50.875,0.0003538088150359426,0.0003319760725319439,0.7720415206696839
50.916666666666664,0.0003287307556565798,0.00030715334730014703,0.7722253250708533
50.958333333333336,0.00030379898308829256,0.0002840965838843889,0.7722586695684761
51.0,0.000280937483177468,0.0002644190307540201,0.7721580949776217
51.041666666666664,0.00026160075604858394,0.0002495135978475446,0.7719493270051317
51.083333333333336,0.0002472352963157604,0.00024044605552068878,0.7716656823665168
51.125,0.0002388643411688747,0.00023788402135207508,0.7713456973910697
51.166666666666664,0.00023708861347705878,0.00024202726186066593,0.7710304318586955
51.208333333333336,0.00024208405548745713,0.00025259920048423,0.770760575831755
51.25,0.0002534863239757333,0.00026885396967455256,0.770573462865388
51.291666666666664,0.0002703029962849862,0.0002894914708188369,0.7705000611515785
51.333333333333336,0.0002910917095105152,0.0003129841392658824,0.7705621380818211
51.375,0.00031456407221258913,0.0003378971926043535,0.7707723505872341
51.416666666666664,0.0003393609776835179,0.00036254747915423334,0.7711338041658216
51.458333333333336,0.00036367013769119874,0.0003852980792862378,0.7716392249206195
51.5,0.0003860546169197214,0.00040466675283618166,0.7722718638157996
51.541666666666664,0.00040495572103654246,0.00041940170435880427,0.7730064817207716
51.583333333333336,0.00041928016232615773,0.00042856715376544957,0.7738113421741047
51.625,0.00042804862613042815,0.00043157729491704916,0.774650098519775
51.666666666666664,0.00043075349438339585,0.00042823666685184227,0.7754841928956124
51.708333333333336,0.00042715741426486027,0.00041874645939135493,0.7762752072028778
51.75,0.00041746839584320836,0.0004036945726564286,0.7769873196827435
51.791666666666664,0.0004019707630592829,0.00038384038137590783,0.7775891217739808
51.833333333333336,0.00038139169729907283,0.00036042801368389943,0.778055125336712
51.875,0.0003574467252058552,0.00033533176537756506,0.7783697619806198
51.916666666666664,0.0003321324097890492,0.00031029659940622024,0.7785286963276287
51.958333333333336,0.00030700348816196373,0.0002870227407496683,0.7785380245055957
52.0,0.0002838947813343021,0.00026716095181870855,0.7784140994104223
52.041666666666664,0.0002643654784384788,0.0002521024152905112,0.7781825166594077
52.083333333333336,0.0002498436622067932,0.00024294293198223553,0.7778763375216754
52.125,0.000241348071595034,0.0002403488077600731,0.7775338876650068
52.166666666666664,0.00023954397385800907,0.00024452604700009973,0.7771960218256149
52.208333333333336,0.0002445404163112903,0.00025519657980072936,0.7769031476172414
52.25,0.00025603915946326275,0.00027161616025124275,0.7766924066474912
52.291666666666664,0.0002730112226307692,0.0002924644770946838,0.7765946174186165
52.333333333333336,0.0002939844511370353,0.0003161997851432766,0.7766313400823543
52.375,0.0003176909377571745,0.0003413790722804168,0.7768152015254313
52.416666666666664,0.00034275059526057977,0.000366299074348512,0.7771493155226026
52.458333333333336,0.000367325972411285,0.00038931167234221596,0.777626474419837
52.5,0.00038997473219062184,0.0004089116428995004,0.7782300332947744
52.541666666666664,0.0004091256625277869,0.00042384194726476364,0.7789349793464275
52.583333333333336,0.0004236504429917009,0.0004331486422395564,0.7797097611392155
52.625,0.00043259528001828517,0.0004362441853637953,0.7805183248343753
52.666666666666664,0.00043540465457541836,0.00043292525534512446,0.7813223773300297
52.708333333333336,0.0004318694031271503,0.00042339518934289886,0.7820838033275587
52.75,0.00042216114578390063,0.00040823466970381714,0.782767018053602
52.791666666666664,0.00040657044529455587,0.00038821019887943267,0.7833407343243216
52.833333333333336,0.0003858162421910682,0.0003645757133896333,0.783779567321483
52.875,0.00036166660834272165,0.00033924223133522026,0.7840680241579294
52.916666666666664,0.00033612052087577993,0.00031394503000729845,0.7842018982491129
52.958333333333336,0.00031069479292167095,0.00029042236572790226,0.7841870845498803
53.0,0.00028735520124445273,0.0002703398297997078,0.7840398557826974
53.041666666666664,0.0002675660878386563,0.00025510749317541535,0.7837855761804338
53.083333333333336,0.0002528640312154064,0.0002458323608555148,0.7834570836220156
53.125,0.00024423355129072656,0.0002431954740818918,0.783092414145045
53.166666666666664,0.0002423539478115717,0.00024740828904696395,0.7827321199180297
53.208333333333336,0.0002473907493347325,0.0002581941646980869,0.7824163682639026
53.25,0.0002589736607044141,0.0002747975556075425,0.7821820366813335
53.291666666666664,0.00027611642165412386,0.0002958850728144471,0.7820597498984398
53.333333333333336,0.000297320370719497,0.0003199016505548323,0.7820709074456793
53.375,0.00032129646397116633,0.00034538370807039046,0.7822281004125042
53.416666666666664,0.0003466305155896184,0.0003706097038293219,0.7825343770111961
53.458333333333336,0.00037154139548373937,0.00039392052072381034,0.7829826480731331
53.5,0.0003944618844220878,0.00041378319548701273,0.7835563729796484
53.541666666666664,0.0004139146458425563,0.00042893371505926115,0.7842307943590161
53.583333333333336,0.00042866222011786156,0.00043840064289824563,0.7849746166706965
53.625,0.00043780445333004735,0.00044158975965943875,0.7857520952518335
53.666666666666664,0.0004407310300649385,0.00043829074602808613,0.7865252446411929
53.708333333333336,0.0004372527429222758,0.00042870662965694176,0.7872562526005285
53.75,0.0004275254572374164,0.0004134272018794743,0.7879097815760676
53.791666666666664,0.00041183191728773344,0.00039320056416630424,0.7884548192622403
53.833333333333336,0.00039088333608268,0.0003693227769866598,0.7888660402859995
53.875,0.000366505187109213,0.00034370236923015923,0.789128182363859
53.916666666666664,0.00034063327760278545,0.0003181009017246396,0.7892368157545901
53.958333333333336,0.000314941296310674,0.0002943015751873637,0.789197880423849
54.0,0.0002912632408407255,0.00027395770152224217,0.7890274368897365
54.041666666666664,0.00027124485059348017,0.00025852843450967266,0.7887506292561774
54.083333333333336,0.00025628433981138255,0.00024911915740995856,0.7884000352497847
54.125,0.00024751853969235446,0.0002464320029851204,0.7880133636047142
54.166666666666664,0.00024556237212204477,0.0002506829908829998,0.7876308408404348
54.208333333333336,0.0002506092173656016,0.0002615951173012723,0.7872923376885349
54.25,0.00026232013306712803,0.00027841084441778785,0.7870344786554627
54.291666666666664,0.0002796458972991758,0.00029976482931241084,0.786887657384722
54.333333333333336,0.00030109265589600687,0.0003240936480064669,0.7868730576590989
54.375,0.00032537122329896024,0.00034991506805003643,0.7870032126386475
54.416666666666664,0.00035102817606922964,0.00037548619621376606,0.7872811643654477
54.458333333333336,0.000376298085389606,0.0003991286545383516,0.7876999121830768
54.5,0.00039953382180677236,0.00041928683799682183,0.788243095265503
54.541666666666664,0.0004193166163641614,0.0004346807664459617,0.7888861677839009
54.583333333333336,0.00043431956108239383,0.0004443264796170394,0.7895981667567348
54.625,0.0004436724368075202,0.0004476164939563034,0.7903436592968591
54.666666666666664,0.0004467378882205155,0.0004443380191092916,0.7910850169475026
54.708333333333336,0.00044331247045065046,0.0004346892801519659,0.7917847379865048
54.75,0.0004335767947802871,0.00041928080469850456,0.7924078613392164
54.791666666666664,0.0004177705197756041,0.00039882930344582035,0.7929236847696796
54.833333333333336,0.00039659684851420983,0.0003746585698380702,0.7933068681980127
54.875,0.0003719294738470971,0.00034871932441488563,0.7935422803178335
54.916666666666664,0.0003457347967343204,0.00032278074886634664,0.7936255132759698
54.958333333333336,0.00031971439224240335,0.000298659156535813,0.7935623819172754
55.0,0.00029566860045445673,0.0002780275611352701,0.7933687873608998
55.041666666666664,0.00027535876119876793,0.0002623677502413936,0.7930696206081528
55.083333333333336,0.00026015208790719973,0.00025281068836034465,0.792697126725768
55.125,0.0002511937867949462,0.0002500631155364889,0.7922886861972375
55.166666666666664,0.00024916560000956957,0.0002543547446201895,0.7918841574649264
55.208333333333336,0.00025422390125191927,0.0002654059393549598,0.7915230637497396
55.25,0.00026604846754289265,0.0002824459154614862,0.7912417227599056
55.291666666666664,0.0002835890599054741,0.0003041049212528828,0.7910702553759452
55.333333333333336,0.00030531648240516153,0.000328780056945736,0.7910297244297635
55.375,0.0003299116751236768,0.0003549777208297858,0.791132475752895
55.416666666666664,0.0003559630636584905,0.0003809357433652443,0.7913816114066584
55.458333333333336,0.0003815711317021477,0.0004049405706939266,0.7917701821758815
55.5,0.00040523385402652784,0.0004254295783904101,0.7922820648005047
55.541666666666664,0.0004253119875458348,0.00044109197404759194,0.792892960659549
55.583333333333336,0.00044064840900352747,0.00045093514874009063,0.7935722336179637
55.625,0.0004502113522540241,0.0004543377040090365,0.7942848488008866
55.666666666666664,0.0004534427457645165,0.00045108155203224016,0.794993567050307
55.708333333333336,0.00045007990319387894,0.00044136341310214565,0.7956612848391404
55.75,0.00044031097857271675,0.0004257861910093437,0.796253359821424
55.791666666666664,0.0004243641479320651,0.0004050902848973737,0.7967392395410365
55.833333333333336,0.00040296014490586265,0.0003806019093187279,0.7970939293744987
55.875,0.0003779718273750263,0.0003543010592453788,0.7973022870076312
55.916666666666664,0.0003514256674790053,0.0003279876918203109,0.7973599533114444
55.958333333333336,0.00032499637977787807,0.00030350301784951993,0.797272606591012
56.0,0.00030059163515968164,0.0002825491254078353,0.7970559503513878
56.041666666666664,0.0002799321207897317,0.00026663500664027723,0.7967345846322964
56.083333333333336,0.0002644322647809092,0.0002569073880124646,0.7963404119698504
56.125,0.0002552872411021822,0.00025409321654281725,0.7959104326720309
56.166666666666664,0.0002531599347415728,0.00025842801963651165,0.7954841112628442
56.208333333333336,0.00025823255467884734,0.00026962981251682657,0.7951005973555314
56.25,0.0002701946644413492,0.0002869264631393301,0.7947958546486585
56.291666666666664,0.0002879631710612666,0.0003089111722231211,0.794599759052778
56.333333333333336,0.000309986360426212,0.0003339640004677648,0.7945330811404526
56.375,0.00033493764715884447,0.00036057690076195936,0.7946081003089693
56.416666666666664,0.00036139976325976473,0.00038695778754515317,0.7948279387486494
56.458333333333336,0.00038742303052292,0.00041136491038980033,0.7951857621019545
56.5,0.00041149732693286634,0.0004322131952181283,0.7956656113390561
56.541666666666664,0.0004319570494123192,0.00044817151322814746,0.7962435171752151
56.583333333333336,0.00044761087092996143,0.0004582274476025101,0.7968892058368349
56.625,0.00045743444136231936,0.00046175267780671896,0.7975680327852305
56.666666666666664,0.00046082423574150756,0.0004585158645894059,0.798243202101233
56.708333333333336,0.00045753697084483625,0.00044871668398228167,0.7988780162074736
56.75,0.00044772119154618076,0.0004329561786947363,0.7994381820248668
56.791666666666664,0.0004316450726369781,0.0004120008503653022,0.7998935322171765
56.833333333333336,0.00040999909809239643,0.00038715952549583064,0.8002193299024194
56.875,0.00038463269337938097,0.0003604470232838511,0.8004004031707886
56.916666666666664,0.0003576906175028916,0.0003337309478481812,0.8004323382820092
56.958333333333336,0.0003308270251299531,0.0003088347965934479,0.8003207844639859
57.0,0.00030602505400906645,0.0002875325423617577,0.8000811636025172
57.041666666666664,0.00028494791717637507,0.0002713295309595718,0.7997377683019183
57.083333333333336,0.00026916406749259014,0.00026141556572486965,0.7993221405631523
57.125,0.0002597821245756441,0.00025852533649805854,0.7988708509371724
57.166666666666664,0.00025755177701483595,0.00026290473339594754,0.7984229495788142
57.208333333333336,0.00026264068233548257,0.00027427060088913805,0.7980171638866711
57.25,0.0002747380055841309,0.0002918394760044409,0.7976890787189814
57.291666666666664,0.00029275216013731185,0.0003141839546462914,0.7974682589362446
57.333333333333336,0.00031511002528986635,0.00033965266490884686,0.7973752812929268
57.375,0.00034044792237530327,0.0003667163882619537,0.79742224428009
57.416666666666664,0.00036735580321239984,0.00039355992598047446,0.7976123271594117
57.458333333333336,0.0003938334748599311,0.000418403096523043,0.7979387749414922
57.5,0.0004183607338091402,0.00043964586428952163,0.7983858625436093
57.541666666666664,0.00043922391985524355,0.0004559239359857652,0.79892994579538
57.583333333333336,0.00045524574027614676,0.000466215413603774,0.7995411581664442
57.625,0.00046533215525682427,0.0004698685913301763,0.8001853181722569
57.666666666666664,0.00046891274319782813,0.0004666519503989527,0.8008260623388934
57.708333333333336,0.00046568858792639026,0.0004567651608528669,0.8014271394437815
57.75,0.00045585488269884723,0.00044081239287299743,0.8019547255839471
57.791666666666664,0.0004396091002761666,0.0004195538429976727,0.8023789491571345
57.833333333333336,0.00041766621821131975,0.0003943220276133058,0.8026752185095076
57.875,0.0003919315601125066,0.0003671830467645182,0.8028285126168117
57.916666666666664,0.0003645628429830327,0.0003400051880969322,0.8028345087465116
57.958333333333336,0.0003372009309206996,0.00031467270053204573,0.8026986026651337
58.0,0.00031196888397272605,0.0002929777691763231,0.8024360415729872
58.041666666666664,0.0002904539723852956,0.00027646582521472754,0.8020707591951775
58.083333333333336,0.00027432434155468666,0.00026634124099766363,0.8016338905649284
58.125,0.00026471063422906285,0.0002633665794677352,0.80116155003025
58.166666666666664,0.00026233866442432457,0.00026778848392230173,0.8006923013560056
58.208333333333336,0.0002674482078399969,0.00027932974792181853,0.8002644065112143
58.25,0.00027968785141320896,0.0002971943807295055,0.7999130696416005
58.291666666666664,0.00029796312773492956,0.000319924195484336,0.7996674869422259
58.333333333333336,0.0003206831839751542,0.0003458499038590858,0.7995480163708525
58.375,0.0003464589992639253,0.00037340361156294445,0.7995666642434204
58.416666666666664,0.0003738264946185854,0.0004007411909805172,0.799726526305909
58.458333333333336,0.00040080823985243213,0.0004260631175441966,0.8000209946913209
58.5,0.0004258151569162024,0.0004477279506022185,0.800434610264691
58.541666666666664,0.0004471331000309243,0.00046435517070063354,0.8009440753274428
58.583333333333336,0.00046353453861797735,0.00047489829587483783,0.8015199347280673
58.625,0.00047392714770947054,0.0004786944919433127,0.8021285187695866
58.666666666666664,0.0004777023137037218,0.0004755002691628251,0.8027339780355048
58.708333333333336,0.00047456145552757733,0.00046551444582213506,0.8033005418438204
58.75,0.00046468472123602385,0.0004493448666120167,0.8037948050506719
58.791666666666664,0.00044826862935416415,0.0004277667556858826,0.8041872673743071
58.833333333333336,0.0004260268866113248,0.00040211203663506785,0.804453613436087
58.875,0.0003998610783820747,0.00037449433355521753,0.8045788560522414
58.916666666666664,0.0003720189396056058,0.0003468263958782901,0.8045587275079155
58.958333333333336,0.0003441491198096792,0.00032101090145939296,0.8043984624825272
59.0,0.0003184125744577396,0.0002988937028229949,0.8041130442560909
59.041666666666664,0.0002964338366122664,0.0002820378198117345,0.8037260627114979
59.083333333333336,0.00027994102714340235,0.00027168719156342105,0.8032681812862027
59.125,0.0002700438089594773,0.00026861674985348074,0.802775028211029
59.166666666666664,0.0002675421379394358,0.0002730841384718449,0.8022846619231863
59.208333333333336,0.00027265805992176954,0.00028481345715289364,0.801834844182714
59.25,0.00028504638608947285,0.00030299366929378456,0.8014603408155697
59.291666666666664,0.0003036144674319859,0.0003261448909125642,0.8011899874812722
59.333333333333336,0.00032671872067466863,0.0003525560278742735,0.801043895001003
59.375,0.0003529520521647135,0.00038063635680496877,0.8010339333714801
59.416666666666664,0.00038082105317310323,0.0004085080148816137,0.8011631389428231
59.458333333333336,0.0004083494098620478,0.0004343444340616692,0.8014250662402357
59.5,0.0004338612009265432,0.00045646284499581755,0.8018045151657628
59.541666666666664,0.00045568075377457377,0.0004734673594823364,0.8022785531625541
59.583333333333336,0.0004724819172069769,0.00048427976148032373,0.8028182168183933
59.625,0.0004832114183345861,0.00048822987655049985,0.8033903443891197
59.666666666666664,0.0004871976594883986,0.00048506336385705564,0.8039596456217012
59.708333333333336,0.0004841624412860272,0.0004749728733125206,0.8044909119245397
59.75,0.0004742520195804438,0.00045858523832391357,0.804951183167224
59.791666666666664,0.0004576480912234294,0.00043663419139183086,0.8053113397418702
59.833333333333336,0.00043504441144342354,0.00041052683941603536,0.8055472013794975
59.875,0.0004084447008999664,0.0003823973025379667,0.8056441255687531
59.916666666666664,0.00038005824211413176,0.00035418432949950543,0.8055976557303834
59.958333333333336,0.0003516854736285867,0.00032786533057469895,0.8054129692566695
60.0,0.00032534154439280936,0.00030527745770909004,0.8051047657512207
60.041666666666664,0.0003029348971326636,0.00028805655064031635,0.8046962380636599
60.083333333333336,0.0002859869436852223,0.00027745721718700747,0.8042175748379492
60.125,0.0002758039057164228,0.00027427868062733176,0.8037038729225308
60.166666666666664,0.00027315956540184533,0.0002787957168469535,0.8031926354422072
60.208333333333336,0.0002782726545076852,0.0002907249015583984,0.8027211094156548
60.25,0.0002908245747256364,0.00030923985071416973,0.8023235561527202
60.291666666666664,0.0003096968269647252,0.00033284239229916036,0.8020284233695683
60.333333333333336,0.00033320947340750385,0.00035977233422082393,0.8018555692481545
60.375,0.0003599220198657422,0.0003884154365238179,0.8018166563169807
60.416666666666664,0.00038835542134638145,0.0004168647105229685,0.8019147601682031
60.458333333333336,0.0004164335316930073,0.0004432454765157129,0.8021435608666839
60.5,0.0004425313231059181,0.00046585623463456,0.8024881550495682
60.541666666666664,0.0004648420951402091,0.000483258281131533,0.8029260000859751
60.583333333333336,0.00048211040290422317,0.0004943627016519942,0.8034286221642879
60.625,0.0004931719483841202,0.0004984738591755585,0.8039634229989373
60.666666666666664,0.0004974017732582305,0.0004953341141492245,0.8044956987533759
60.708333333333336,0.0004944588275989856,0.0004851302335569137,0.8049908054779634
60.75,0.00048450766237335263,0.00046849090135561515,0.8054163078125087
60.791666666666664,0.0004677028882054495,0.0004461665431131269,0.8057434440509337
60.833333333333336,0.00044475027329994533,0.00041957150889677665,0.8059484021053064
60.875,0.00041766463827867085,0.0003908880016825881,0.806016614219124
60.916666666666664,0.00038874027390060244,0.000362101035351857,0.8059436592178899
60.958333333333336,0.0003597354514563932,0.00033522226166839207,0.8057345224849953
61.0,0.00033285384550337514,0.00031213905886298145,0.805403627113017
61.041666666666664,0.00030988138362793234,0.0002945211182671191,0.8049737335422268
61.083333333333336,0.0002924879014759537,0.00028365001206376935,0.8044745339853382
61.125,0.00028200344490766357,0.00028035621299251647,0.8039405498974965
61.166666666666664,0.00027917576237684665,0.00028492073993271344,0.8034086945079681
61.208333333333336,0.00028429074989716,0.00029706008105638944,0.8029156522108775
61.25,0.00029702357142735806,0.000315936763933651,0.8024951745090283
61.291666666666664,0.00031620407923291753,0.0003400142406519847,0.802175290020292
61.333333333333336,0.0003401516256039909,0.00036749818264475035,0.801975547630446
61.375,0.0003673899530180078,0.00039674334550838906,0.8019074703647183
61.416666666666664,0.00039639566147856123,0.0004258029068037124,0.8019740893728885
61.458333333333336,0.00042509488509676546,0.000452771117933212,0.802169251094387
61.5,0.0004517734766074764,0.00047589991938308757,0.8024783241905626
61.541666666666664,0.0004746578318670777,0.0004937322597189612,0.8028792174875209
61.583333333333336,0.0004923809177557127,0.000505142691336424,0.8033439895828598
61.625,0.0005038342540278322,0.0005094283362401488,0.8038406177971872
61.666666666666664,0.0005082980873884889,0.0005063143665618281,0.8043350246293236
61.708333333333336,0.0005054727231035583,0.0004959902544722588,0.8047931821349567
61.75,0.0004954680366538958,0.00047908266299897444,0.8051831572660983
61.791666666666664,0.00047846384341021617,0.0004563603948950182,0.8054766873229228
61.833333333333336,0.0004551360020824753,0.0004292443001946885,0.8056502635010838
61.875,0.00042753216646346313,0.00039996865918870335,0.8056894524482009
61.916666666666664,0.0003980173487234378,0.0003705673837031727,0.8055898217276609
61.958333333333336,0.00036837485916508313,0.00034309173660037516,0.8053561994548561
62.0,0.0003408743859363813,0.0003194771793590951,0.8050026922536484
62.041666666666664,0.00031731944832925495,0.0003014308917547635,0.8045516234895661
62.083333333333336,0.0002994519318702097,0.00029026936026704754,0.8040321415624252
62.125,0.0002886215137620453,0.00028684872549807343,0.8034781576176775
62.166666666666664,0.00028560618917550777,0.00029146033656505095,0.8029259632401395
62.208333333333336,0.0002907192414822179,0.0003038211141939249,0.8024116355728659
62.25,0.0003036267598546484,0.00032307909353966634,0.8019683820417054
62.291666666666664,0.0003231426528899428,0.00034766103246317085,0.8016237868537734
62.333333333333336,0.00034754955170783805,0.0003757325621029603,0.8013970702223278
62.375,0.00037533579531670363,0.0004056155525555071,0.8012995799111347
62.416666666666664,0.0004049599639968579,0.00043532492228653936,0.8013343314603125
62.458333333333336,0.0004343053338220833,0.00046291349395336505,0.8014953419659551
62.5,0.0004616181276696574,0.00048659529226654336,0.8017682711356842
62.541666666666664,0.00048509304797769866,0.0005048807398165688,0.8021315038599492
62.583333333333336,0.0005033184632127373,0.0005166193864465711,0.8025576314485553
62.625,0.000515172970912631,0.0005210899510496212,0.8030152747231893
62.666666666666664,0.0005198998908790184,0.0005180040120394879,0.803471014216375
62.708333333333336,0.0005171951466836159,0.0005075511459330079,0.803891448353054
62.75,0.0005071403202174955,0.0004903587025296805,0.8042452365475439
62.791666666666664,0.0004899194812812999,0.00046721084579074915,0.8045045791095592
62.833333333333336,0.0004662005336260614,0.0004395475013325073,0.8046463151953457
62.875,0.00043805599310861766,0.0004096383289774035,0.8046561934315029
62.916666666666664,0.0004078911215810749,0.0003795816141855534,0.8045297121497277
62.958333333333336,0.00037759665551898724,0.0003514734879196892,0.8042715864363568
63.0,0.00034940736360223885,0.00032728950224644233,0.8038955742580544
63.041666666666664,0.0003252576588878396,0.0003087860826623024,0.803423531754379
63.083333333333336,0.0003068664560519804,0.0002973143139646132,0.8028840344574257
63.125,0.0002956629647850579,0.0002937537976564942,0.8023103566025508
63.166666666666664,0.0002924498048712255,0.0002984116066579367,0.8017381182672118
63.208333333333336,0.0002975445332571734,0.000311001799082483,0.8012027293680614
63.25,0.00031063260858732493,0.000330662961540169,0.8007368593087207
63.291666666666664,0.0003305082154935029,0.000355779144836676,0.8003676208150099
63.333333333333336,0.00035539512978495985,0.00038447037558669703,0.8001138785367593
63.375,0.0003837579293263135,0.0004150271746179288,0.7999867858632773
63.416666666666664,0.0004140355559501811,0.00044542352026963745,0.799989346466682
63.458333333333336,0.0004440590617821681,0.00047366711428410387,0.8001157308260974
63.5,0.0004720498367522201,0.0004979338981259316,0.8003519458129045
63.541666666666664,0.0004961396751038684,0.0005166990199269527,0.80067682919905
63.583333333333336,0.0005149094872750104,0.0005287841951385941,0.8010635840556065
63.625,0.0005271833356346935,0.0005334490868876858,0.8014814738198468
63.666666666666664,0.0005321983427983313,0.0005303951288462641,0.8018977774792184
63.708333333333336,0.0005296179337717278,0.0005198077457292539,0.8022797766139397
63.75,0.0005195311000001921,0.0005023247710008346,0.8025967340660496
63.791666666666664,0.0005020832244242567,0.0004787224812384337,0.8028213664815022
63.833333333333336,0.0004779387395496702,0.0004504692583106118,0.8029308481326272
63.875,0.00044921296596591207,0.00041989368708376896,0.802911102732568
63.916666666666664,0.0004183835379159961,0.00038914274899998663,0.8027576419519795
63.958333333333336,0.00038737306187944004,0.00036036158341939706,0.8024750058456702
64.0,0.0003584760159692377,0.0003355745987194013,0.8020766094882185
64.04166666666667,0.0003336732134525052,0.00031658434218449045,0.8015838179882633
64.08333333333333,0.00031473306714806677,0.0003047796514573927,0.8010246023974656
64.125,0.0003031311264811999,0.0003010690471171491,0.8004315562579565
64.16666666666667,0.0002996976080696802,0.000305772319760483,0.7998396016932301
64.20833333333333,0.0003047744012679381,0.00031860372380873597,0.7992834684037075
64.25,0.0003180485076001234,0.00033868579596160124,0.7987952098455994
64.29166666666667,0.00033828964813453576,0.00036436149763875047,0.7984014377498803
64.33333333333333,0.0003636816516301229,0.00039370459606210347,0.7981206573580899
64.375,0.00039264905161381084,0.00042497020215441126,0.7979638171154089
64.41666666666667,0.0004236137275244594,0.0004560893821948342,0.7979339054567514
64.45833333333333,0.00045435157467561604,0.0004850225618320066,0.7980252604476645
64.5,0.0004830532247952151,0.0005099048067995633,0.7982242358846015
64.54166666666667,0.0005077972399745156,0.0005291748827025896,0.7985101584279518
64.58333333333333,0.0005271369832884961,0.0005416257234955958,0.7988568505703608
64.625,0.0005398576261235097,0.0005464959538704032,0.7992342719546278
64.66666666666667,0.0005451755241468688,0.0005434756324798827,0.7996104254642864
64.70833333333333,0.0005427326793845653,0.0005327469950044375,0.7999533050238979
64.75,0.0005326079143940915,0.0005149544839576797,0.8002328166304248
64.79166666666667,0.0005149244364224815,0.000490875883329098,0.8004222108963083
64.83333333333333,0.0004903398000875951,0.0004620046681800355,0.8004990408879191
64.875,0.0004610060869204253,0.0004307262283009542,0.8004494218514886
64.91666666666667,0.00042947479073126286,0.00039924298489045723,0.8002688714515332
64.95833333333333,0.00039770927633540426,0.0003697505247445593,0.7999617536501952
65.0,0.000368065442008961,0.0003443257773435473,0.7995411238244434
65.04166666666667,0.0003425696863275195,0.0003248195022927308,0.7990278323797072
65.08333333333333,0.0003230470830915206,0.0003126610039639996,0.798449216335346
65.125,0.00031101826941516627,0.0003087878443671167,0.7978371612219993
65.16666666666667,0.00030734698351734955,0.000313535427235615,0.7972258482671519
65.20833333333333,0.0003123968148030289,0.0003266164566405649,0.7966492899128611
65.25,0.0003258593521916388,0.0003471369239370439,0.7961388958472838
65.29166666666667,0.0003464807977994803,0.00037339863852285665,0.7957207466370246
65.33333333333333,0.00037239833659546945,0.00040342508585747636,0.7954129657036122
65.375,0.00040199835703367865,0.0004354330441857497,0.7952262900328865
65.41666666666667,0.00043368100689387165,0.0004673096678298991,0.7951636819453958
65.45833333333333,0.00046517066757526107,0.0004969660557996006,0.7952196676273656
65.5,0.0004946159082557779,0.0005224937216892967,0.7953809361443324
65.54166666666667,0.0005200499149157795,0.0005422927957362634,0.7956273575411322
65.58333333333333,0.0005399839068848534,0.0005551274584737654,0.7959333701137978
65.625,0.0005531785409555927,0.0005602148152882878,0.7962696716551686
65.66666666666667,0.000558813760358987,0.0005572291274967195,0.7966050257744642
65.70833333333333,0.0005565229452586353,0.000546352584936102,0.7969081559165097
65.75,0.0005463715691642234,0.0005282489234769666,0.7971496675895661
65.79166666666667,0.0005284460728919356,0.0005036619921812213,0.7973033999122056
65.83333333333333,0.0005033923406963948,0.00047413750719538456,0.7973472270189325
65.875,0.00047341777147673917,0.0004421259068744397,0.7972675000988318
65.91666666666667,0.00044114813207242134,0.00040987002123530334,0.7970597762369559
65.95833333333333,0.0004086205476360199,0.00037963274617537965,0.7967282313332071
66.0,0.0003781390339387228,0.00035353550663588096,0.7962855390416443
66.04166666666667,0.00035194134046184625,0.00033348152553759885,0.795752029812764
66.08333333333333,0.0003318215801939958,0.0003209518563827971,0.7951543647753154
66.125,0.00031930332292958824,0.00031690297152302813,0.7945236953609991
66.16666666666667,0.00031539206052384977,0.00032169134396360416,0.7938934267936449
66.20833333333333,0.000320410050476761,0.00033503141908361976,0.7932968207100154
66.25,0.00033405147543460534,0.00035600736595972203,0.7927645955307382
66.29166666666667,0.0003550713081469258,0.00038287802711253337,0.7923222833951126
66.33333333333333,0.00038153575253776606,0.0004136178971805591,0.7919875930215813
66.375,0.00041179112982416867,0.00044640049734364224,0.7917710563741146
66.41666666666667,0.00044421848973299734,0.00047906725189338653,0.7916756033872104
66.45833333333333,0.0004764955396158499,0.0005094798442045292,0.7916959409184862
66.5,0.0005067103906688122,0.0005356802154235526,0.7918191415593973
66.54166666666667,0.0005328762175537957,0.0005560337693341794,0.7920255823710571
66.58333333333333,0.0005534242720022116,0.0005692684901699792,0.7922903961463825
66.625,0.0005671281437387521,0.000574582512831924,0.7925850115751337
66.66666666666667,0.0005730918497584414,0.000571635102540927,0.7928789921595341
66.70833333333333,0.0005709667659337254,0.0005606044127299655,0.7931418212238762
66.75,0.0005607592326124853,0.0005421526616441765,0.7933448321048906
66.79166666666667,0.0005426086093647211,0.0005170724174877326,0.7934624569060699
66.83333333333333,0.0005171057782363845,0.0004868665146275338,0.7934731106120823
66.875,0.00048644347223612225,0.0004540654205431901,0.7933631815413208
66.91666666666667,0.0004533986256665687,0.00042102056330216677,0.7931282958851416
66.95833333333333,0.0004200307909600903,0.0003899836288429965,0.7927724696010897
67.0,0.0003887682165984242,0.00036319102954327664,0.7923079774261651
67.04166666666667,0.0003617497488755194,0.0003425579561578407,0.7917545942154502
67.08333333333333,0.0003409963966059602,0.0003296330328576225,0.7911382806280306
67.125,0.0003279969458810545,0.00032539728202081057,0.7904894223693067
67.16666666666667,0.0003238214945880019,0.0003302302933295431,0.7898406299351816
67.20833333333333,0.00032878594106346604,0.00034383570462803817,0.7892243973754619
67.25,0.00034263345473033494,0.0003652850945298515,0.7886707004044072
67.29166666666667,0.00036405029635842883,0.00039278677176099496,0.7882044957238303
67.33333333333333,0.00039106695848079584,0.00042426150023620873,0.7878430699753697
67.375,0.00042199775879032443,0.00045784995473801903,0.7875966990052437
67.41666666666667,0.0004552162845157996,0.0004913438918385924,0.787468324139018
67.45833333333333,0.0004882974342101373,0.0005225381367332002,0.7874528318028178
67.5,0.0005193384798040364,0.0005494429725400354,0.7875376714786159
67.54166666666667,0.000546231256297351,0.0005703706859356409,0.7877037535408677
67.58333333333333,0.0005674668765540474,0.0005840264421412125,0.7879269210622357
67.625,0.0005816607572684452,0.0005895759023939203,0.7881793873158411
67.66666666666667,0.0005880051357163814,0.0005866696823064379,0.7884315354737214
67.70833333333333,0.000586027570705553,0.000575480522142642,0.7886536457612137
67.75,0.0005758197728548872,0.0005566895377332738,0.7888177820252702
67.79166666666667,0.0005573951861059422,0.0005310487829040688,0.7888989941514246
67.83333333333333,0.0005313750322455146,0.0005001406919105228,0.7888760597911649
67.875,0.0005000495545247923,0.00046655201217354593,0.7887357575189835
67.91666666666667,0.00046621721543322437,0.00043265049602310597,0.7884737030071425
67.95833333333333,0.0004319837884154061,0.00040081020123508733,0.788093694594962
68.0,0.00039982015106810806,0.00037326965438474053,0.7876076312426507
68.04166666666667,0.0003720545040494421,0.0003520431346394824,0.7870347084645566
68.08333333333333,0.0003505889662729996,0.0003386995137997183,0.7864001909053018
68.125,0.00033708114044220223,0.00033426273770325454,0.7857336450952757
68.16666666666667,0.0003326044632867186,0.0003391275332787496,0.7850668250666095
68.20833333333333,0.0003375119649232561,0.00035300163854264745,0.7844313841147519
68.25,0.0003515468289830185,0.00037494052623960933,0.7838565877801309
68.29166666666667,0.00037338122900191985,0.00040309811614351593,0.7833668234717963
68.33333333333333,0.0004009898243143721,0.0004353447873544991,0.782978901096913
68.375,0.00043262801333442596,0.00046976623350754375,0.7827028835831251
68.41666666666667,0.0004666277535446684,0.0005041049139714376,0.7825416388722015
68.45833333333333,0.0005005845779743259,0.0005361193183598662,0.7824902488642345
68.5,0.0005324119481311823,0.0005637461958831041,0.7825365476497755
68.54166666666667,0.0005601471528290886,0.0005852728535023806,0.7826620425095324
68.58333333333333,0.0005820061299709158,0.0005993615627566498,0.7828432517930574
68.625,0.0005967829868515649,0.0006051566720599082,0.7830532144212998
68.66666666666667,0.0006034780227551657,0.0006022988845012859,0.7832631500602693
68.70833333333333,0.0006017047642247015,0.0005909498663974669,0.7834442097743365
68.75,0.0005914635086891091,0.0005717965664802565,0.7835691942240803
68.79166666666667,0.0005727720732421091,0.0005455949768409654,0.7836137720567246
68.83333333333333,0.0005462577739384069,0.0005139566045440114,0.7835572251676014
68.875,0.0005142185987620567,0.0004795335946059693,0.7833865807625449
68.91666666666667,0.0004795582544754548,0.00044475961323949003,0.7830974901976867
68.95833333333333,0.0004444185639283275,0.0004120674045466711,0.7826935579022152
69.0,0.0004113650427221915,0.0003837587150499432,0.782186284417063
69.04166666666667,0.00038276136336742395,0.00036190606126172866,0.781594271869551
69.08333333333333,0.000360570841349801,0.000348124775406501,0.7809420484855817
69.125,0.00034653220530431834,0.0003434762506511536,0.7802583486714065
69.16666666666667,0.0003417408883638353,0.0003483734659300418,0.7795740583218055
69.20833333333333,0.0003465799339951407,0.00036252284715963904,0.7789199800037235
69.25,0.00036080409160123674,0.00038495978819966524,0.7783246082529806
69.29166666666667,0.0003830566127523309,0.0004137926259126692,0.777811693475858
69.33333333333333,0.00041126133756988,0.00044682971116203,0.7773976096566405
69.375,0.0004436218177867562,0.0004821108112617196,0.7770921558210709
69.41666666666667,0.00047845123747328124,0.00051732871787302,0.7768981648667197
69.45833333333333,0.0005132727410546528,0.0005501825291774634,0.7768109038047405
69.5,0.0005459776081100027,0.0005785600305406548,0.7768186052184095
69.54166666666667,0.0005745121193039412,0.000600704094789704,0.7769033671945632
69.58333333333333,0.0005970777388853161,0.0006152406445791551,0.7770424337175036
69.625,0.0006124189795251869,0.0006212909180294293,0.7772096730458248
69.66666666666667,0.000619502480239023,0.0006184797997209078,0.7773771740996201
69.70833333333333,0.0006179250528562064,0.0006069662990915892,0.777516949572762
69.75,0.0006076706738226043,0.0005874498348891914,0.7776025970424537
69.79166666666667,0.0005887217900185644,0.0005606664528450264,0.77761046833661
69.83333333333333,0.0005616862613156729,0.0005282721917220849,0.777520286641498
69.875,0.0005289057574520629,0.0004929864543680466,0.7773193916923294
69.91666666666667,0.0004933955694171981,0.0004573101054062284,0.7770034575368171
69.95833333333333,0.00045732733151754675,0.000423736387336165,0.7765759067965167
70.0,0.0004233359671326617,0.0003946315423439235,0.776047822231714
70.04166666666667,0.00039386373055380955,0.0003721258442862504,0.7754372166647878
70.08333333333333,0.0003709361393395124,0.00035788894058874513,0.7747678499894061
70.125,0.0003563249746757355,0.0003530170084850728,0.7740676022487312
70.16666666666667,0.0003511991065462157,0.0003579409082797639,0.773366465596562
70.20833333333333,0.00035596571399841906,0.0003723694151801384,0.7726943593542241
70.25,0.00037037641838735916,0.0003953222819669369,0.7720789808157427
70.29166666666667,0.0003930510568724822,0.00042484265266905073,0.771543430992232
70.33333333333333,0.0004218629407649931,0.00045868882115774977,0.7711036187305054
70.375,0.00045495996707003224,0.0004948535173830434,0.7707690765965275
70.41666666666667,0.0004906417575108692,0.0005309738810113504,0.7705425925258887
70.45833333333333,0.0005263550975543411,0.0005646916482353342,0.7704196281045392
70.5,0.0005599441144562797,0.0005938399217294241,0.7703888234443984
70.54166666666667,0.0005893212261069402,0.0006166179332324313,0.7704328715466644
70.58333333333333,0.0006126079572902672,0.0006316174963303349,0.7705297546417136
70.625,0.0006285332959228386,0.0006379305593146274,0.7706541980537058
70.66666666666667,0.0006360276516650279,0.0006351683873612626,0.7707791798221507
70.70833333333333,0.0006346463565875979,0.0006234853431508568,0.7708775892304445
70.75,0.0006243638575475955,0.0006035747346333375,0.770923822681176
70.79166666666667,0.0006051528035034108,0.0005762129509215044,0.7708949209263267
70.83333333333333,0.0005776061079642073,0.0005430505326756176,0.7707711921106284
70.875,0.0005440899135163051,0.0005068757679379149,0.7705402226162673
70.91666666666667,0.0005076931135485616,0.0004702690883129863,0.7701977299466592
70.95833333333333,0.0004706625274045216,0.000435784386778011,0.7697469482460036
71.0,0.0004357209484953806,0.0004058556868777574,0.7691985504924709
71.04166666666667,0.0004053452860169527,0.0003826763491058672,0.7685699173847291
71.08333333333333,0.00038163107064965437,0.00036796414359437963,0.7678840405623011
71.125,0.00036643961016697405,0.0003628562676488705,0.7671679246406004
71.16666666666667,0.00036096086754006015,0.0003678024710568226,0.766450636031007
71.20833333333333,0.00036563640013388487,0.0003825133270284483,0.7657611966279896
71.25,0.00038022773942676305,0.0004059854329607868,0.7651264722738367
71.29166666666667,0.00040332918075985155,0.0004362130978289738,0.7645688781142802
71.33333333333333,0.00043276063453289733,0.00047088763354023483,0.7641038732507066
71.375,0.00046661103953311677,0.0005079509741785066,0.763740686759201
71.41666666666667,0.0005031532982234218,0.000545002294354452,0.7634820811355227
71.45833333333333,0.0005397743576472316,0.0005795974416945661,0.763323712814513
71.5,0.0005743222943166583,0.0006095437384482792,0.7632546119264517
71.54166666666667,0.0006044869741711373,0.0006329679927714108,0.7632581051806997
71.58333333333333,0.0006285888889615116,0.0006484450980062796,0.7633129254182801
71.625,0.0006450684366068457,0.0006550267372427262,0.7633946795783637
71.66666666666667,0.0006530093738806314,0.0006523122573709373,0.7634772417378203
71.70833333333333,0.0006518140423248695,0.0006404547590675874,0.7635343693953812
71.75,0.0006415556648429203,0.0006201762890296702,0.7635413286213716
71.79166666666667,0.0006220895968880874,0.0005922051994718116,0.7634758966427132
71.83333333333333,0.000593990089548333,0.0005582379104311853,0.7633188618412478
71.875,0.0005596862171929216,0.0005211535389011631,0.7630581367417553
71.91666666666667,0.0005224249581026763,0.00048359835265472293,0.7626894909625528
71.95833333333333,0.00048436511644862256,0.00044817204339213157,0.7622159695159564
72.0,0.0004484999080578971,0.0004173990826120624,0.7616478305387643
72.04166666666667,0.000417148564401255,0.0003935250000107451,0.7610018203302429
72.08333333333333,0.0003926259159010343,0.0003783175690666695,0.7603001500362209
72.125,0.0003768531183506967,0.0003729624165577652,0.7595689225248039
72.16666666666667,0.0003709874144583062,0.00037792644294386437,0.7588362548502028
72.20833333333333,0.0003755544601973513,0.0003929198166459733,0.7581302525325686
72.25,0.00039032913266340296,0.00041691342549139156,0.7574769507889884
72.29166666666667,0.00041385485000088507,0.0004478624703230235,0.7568980299583692
72.33333333333333,0.0004439044030061497,0.0004833806312516239,0.7564085008857092
72.375,0.0004785281504957255,0.0005213685972393478,0.7560173109063072
72.41666666666667,0.0005159609646214494,0.000559357875563551,0.7557271486941826
72.45833333333333,0.0005534977659153671,0.000594855073625567,0.7555338575090282
72.5,0.0005889837679791356,0.0006256029055233319,0.7554269118541279
72.54166666666667,0.0006200238373138224,0.0006496938876997003,0.7553902149421862
72.58333333333333,0.0006448709291438002,0.0006656478385953314,0.7554033098903526
72.625,0.0006619949864895656,0.0006725117765909887,0.7554426277546051
72.66666666666667,0.0006703478844637459,0.0006698543434062862,0.7554830078676912
72.70833333333333,0.0006694130739748045,0.0006578321299807866,0.755499153525336
72.75,0.0006591180918921066,0.0006371413074626354,0.7554671498870783
72.79166666666667,0.00063939058395144,0.000608560842586474,0.7553654339212134
72.83333333333333,0.0006107674220027749,0.0005737979276891544,0.7551754497933397
72.875,0.0005757089277867121,0.0005357793396149609,0.7548854128704175
72.91666666666667,0.0005374916767186006,0.00049724350830881,0.7544911221027412
72.95833333333333,0.0004984555319490786,0.00046086313355693124,0.7539954589171729
73.0,0.00046155982335572036,0.00042922070079224933,0.7534082487228557
73.04166666666667,0.0004292590769993267,0.00040463061153678265,0.752745608499552
73.08333333333333,0.0004039089033548434,0.00038891491643610205,0.7520289455445965
73.125,0.0003875076800979405,0.000383301858893296,0.7512834428713191
73.16666666666667,0.0003812444450022212,0.0003882776926269524,0.7505362625730136
73.20833333333333,0.00038569869869822733,0.00040355174643125306,0.7498145599440026
73.25,0.00040064521171592955,0.00042807991034645327,0.7491435040588114
73.29166666666667,0.00042460473132261475,0.00045975804618577363,0.7485441090002339
73.33333333333333,0.00045528189795440846,0.0004961255576372265,0.7480308316565362
73.375,0.0004906646700149976,0.0005350454696652863,0.7476123385444197
73.41666666666667,0.0005289986394420651,0.0005739939638301436,0.7472912848990373
73.45833333333333,0.000567474572968368,0.0006104025640711248,0.7470636977989034
73.5,0.0006039220012823536,0.0006419703646712736,0.7469194692889375
73.54166666666667,0.0006358342754297962,0.0006667332308850224,0.7468431255226762
73.58333333333333,0.000661473827925687,0.000683179868572246,0.7468149719802072
73.625,0.0006792203554156728,0.0006903243617499353,0.7468123479833215
73.66666666666667,0.0006880207414064669,0.0006877249061847862,0.7468110138901713
73.70833333333333,0.000687319427175279,0.000675527440240241,0.7467866086093445
73.75,0.0006770425384149268,0.0006544535387067689,0.7467160706704904
73.79166666666667,0.0006570504623398097,0.0006252376043124105,0.7465786198320394
73.83333333333333,0.0006278824833500062,0.0005896493794629007,0.7463562186539556
73.875,0.0005920215386260805,0.0005506903396954254,0.7460374279148192
73.91666666666667,0.0005528864824693453,0.0005111599178893187,0.7456181370867663
73.95833333333333,0.0005128415774519108,0.0004738076744442479,0.7451010374183201
74.0,0.00047487372640571076,0.00044127684969193085,0.7444955270186674
74.04166666666667,0.000441638070338722,0.0004159535472633945,0.7438170942602643
74.08333333333333,0.000415439498384016,0.0003997196271237137,0.7430863242560658
74.125,0.00039835406902948543,0.0003938348651777829,0.7423274796114792
74.16666666666667,0.00039170611926731653,0.0003988153777495356,0.741566743632031
74.20833333333333,0.0003960269346213874,0.0004143694328571319,0.7408303050250672
74.25,0.00041113126300804787,0.0004394347941440045,0.7401424587025214
74.29166666666667,0.0004355165678295253,0.0004718415018275046,0.739523499943051
74.33333333333333,0.00046682774488648936,0.0005090717220012402,0.7389873836197607
74.375,0.0005029830612633294,0.0005489325624270096,0.7385424634099894
74.41666666666667,0.000542210974370068,0.0005888516025905687,0.738191366255488
74.45833333333333,0.000581659881764315,0.0006261780240154584,0.7379302929070817
74.5,0.0006190545116068466,0.0006585781817346304,0.7377495504805569
74.54166666666667,0.0006518531777078033,0.0006840164326082598,0.7376342922966335
74.58333333333333,0.0006783151839031818,0.0007009648657124843,0.7375656048254352
74.625,0.0006966671470193914,0.0007083932198350163,0.7375217177720578
74.66666666666667,0.0007059524655445769,0.0007058521129385934,0.7374793422965522
74.70833333333333,0.0007054731956302749,0.0006934810728317136,0.7374150497551258
74.75,0.0006952021752848926,0.0006719872007467078,0.7373066570436788
74.79166666666667,0.0006749528504351976,0.0006421622303540673,0.7371340790303664
74.83333333333333,0.0006452462104126137,0.000605745979398357,0.7368799682788707
74.875,0.0006086141937960696,0.0005658287205422127,0.7365331809769105
74.91666666666667,0.000568535464907961,0.0005252971464517238,0.7360896880623817
74.95833333333333,0.0005274248432585138,0.0004869453197997198,0.735551996584174
75.0,0.0004884890568606422,0.00045352045804586606,0.7349290876566682
75.04166666666667,0.00045417343127457843,0.0004274513602489161,0.7342357960889702
75.08333333333333,0.0004271306868754743,0.0004106798222397712,0.7334919088485504
75.125,0.0004094113679517686,0.0004045197553367601,0.7327207452131563
75.16666666666667,0.0004023072909927913,0.00040949888555503073,0.7319475031716475
75.20833333333333,0.0004064936000002394,0.00042532948491090435,0.7311974068931313
75.25,0.0004217592694111257,0.0004509296397565475,0.730493865397878
75.29166666666667,0.00044655550046434825,0.0004840660986437532,0.7298564214959206
75.33333333333333,0.0004784902321714581,0.0005221672396647807,0.7292985231264002
75.375,0.0005154342766045749,0.0005629763527347673,0.7288282512487562
75.41666666666667,0.0005555636665776875,0.0006038592542709539,0.7284481320076966
75.45833333333333,0.0005959600960253322,0.0006421216295382205,0.7281545659569882
75.5,0.0006343237650365161,0.0006753467645064658,0.7279382865230626
75.54166666666667,0.0006680415298218808,0.0007014757717792096,0.7277850590318066
75.58333333333333,0.0006952758960738091,0.0007189207831897659,0.7276767630461276
75.625,0.0007143073224172089,0.0007266414410196817,0.7275925188934674
75.66666666666667,0.0007240394406945049,0.000724160685738517,0.7275099896416763
75.70833333333333,0.0007238203903242572,0.0007116142608928747,0.7274066864095285
75.75,0.0007135773154176069,0.0006897383017346334,0.7272612895817845
75.79166666666667,0.0006930799878823206,0.0006592662748499681,0.727054532918787
75.83333333333333,0.0006628303071232732,0.0006220116311182663,0.7267695898969798
75.875,0.0006253782999073384,0.0005811306282608397,0.7263957050483566
75.91666666666667,0.0005843592867819105,0.00053957828284904,0.7259289287275513
75.95833333333333,0.0005422315883703068,0.0005002366340944781,0.7253716064093985
76.0,0.0005021624938401243,0.00046589305740359495,0.7247322975082872
76.04166666666667,0.00046692904672326825,0.00043906850098851985,0.7240252033395125
76.08333333333333,0.00043898430634109286,0.0004217583462958012,0.723269278506169
76.125,0.0004205369047492308,0.00041530756133532735,0.7224869143999711
76.16666666666667,0.0004130303142265514,0.00042027765398772334,0.7217023128502974
76.20833333333333,0.00041705788940223223,0.00043638067489391093,0.7209397115930197
76.25,0.0004324431757631314,0.00046250064130859956,0.7202216206340382
76.29166666666667,0.0004576624315653519,0.0004963825578597423,0.7195668472847904
76.33333333333333,0.0004902339074051521,0.0005353532602934771,0.7189883677140826
76.375,0.000527960045836723,0.0005771083108495437,0.7184939262733858
76.41666666666667,0.000568975500115479,0.0006189635027109024,0.7180859695011728
76.45833333333333,0.0006103451738388964,0.0006581506223886127,0.7177610957449456
76.5,0.0006496738036498491,0.0006922142067608938,0.7175104441863052
76.54166666666667,0.0006842830640279078,0.0007190240377263342,0.7173204158059641
76.58333333333333,0.0007123495797566214,0.0007369737649260799,0.7171736590962258
76.625,0.0007320043735911523,0.0007449816382760518,0.7170501875985348
76.66666666666667,0.0007422192772315523,0.0007425601134829729,0.7169286108287171
76.70833333333333,0.0007422486501653533,0.0007298432899170689,0.7167873816095502
76.75,0.0007320326055007715,0.000707565682825815,0.7166060786867127
76.79166666666667,0.0007112903292144932,0.000676467089204989,0.7163661575873906
76.83333333333333,0.0006805026986209569,0.0006383746682726518,0.7160514490583605
76.875,0.0006422717628714452,0.0005965265432114841,0.7156515338096763
76.91666666666667,0.0006002974451408237,0.0005539530629718047,0.7151625645133833
76.95833333333333,0.0005571164936591793,0.000513605925903612,0.7145867187849565
77.0,0.0005159905658297509,0.0004783446229807286,0.7139321386233651
77.04166666666667,0.0004797429333676182,0.00045075710049232684,0.7132123918290527
77.08333333333333,0.0004509065377587242,0.0004328966194812775,0.7124456159441978
77.125,0.0004317584849459787,0.0004261512371305568,0.7116532654532324
77.16666666666667,0.0004238033437657275,0.0004311062043651868,0.710858547838466
77.20833333333333,0.00042767238514010376,0.00044747676847486895,0.7100847253386248
77.25,0.00044318770956784117,0.00047412515526358795,0.7093533986527788
77.29166666666667,0.00046878846549305766,0.00050871945738497,0.7086826143748648
77.33333333333333,0.0005019802487283044,0.0005485610141010452,0.7080848578088148
77.375,0.0005404908105493261,0.0005912620742156698,0.7075675705187429
77.41666666666667,0.0005823914436898751,0.0006340861327597764,0.7071331296931949
77.45833333333333,0.0006247374594256886,0.0006741997075824821,0.706778318285284
77.5,0.0006650077064252224,0.0007090934390183621,0.7064946708714491
77.54166666666667,0.0007005439790799973,0.0007365865340816579,0.7062692095356137
77.58333333333333,0.0007294044514786969,0.0007550392059556826,0.7060853588775425
77.625,0.0007497195898198182,0.0007633348950658845,0.7059240210818303
77.66666666666667,0.0007604120814267667,0.0007609762985107206,0.7057647474353298
77.70833333333333,0.0007606816920403399,0.0007480802020693653,0.7055869125992926
77.75,0.000750479288151589,0.0007253814907297972,0.705370941986987
77.79166666666667,0.0007294877137281874,0.0006936807689733102,0.7050990911570552
77.83333333333333,0.0006982018058710085,0.0006547537665066906,0.704755876735477
77.875,0.000659203902795941,0.0006119396733594133,0.7043311779627506
77.91666666666667,0.0006162522273887678,0.0005683566993898784,0.7038212652108646
77.95833333333333,0.0005720461583843996,0.0005269865279059126,0.7032281441029369
78.0,0.0005299081759465972,0.0004908208227580441,0.7025595446675803
78.04166666666667,0.0004925098730307417,0.0004624580003877973,0.7018284054843331
78.08333333333333,0.00046286938383226125,0.00044404018435084257,0.7010520655534227
78.125,0.00044302449973794355,0.00043699954010053914,0.7002510335886519
78.16666666666667,0.00043456306814330817,0.000441930722689883,0.6994475320033531
78.20833333333333,0.0004382812995218531,0.000458560380930133,0.6986638471028863
78.25,0.0004539182568443164,0.0004857281207558299,0.6979206835238646
78.29166666666667,0.0004799034851181816,0.0005210432969768486,0.6972353437343635
78.33333333333333,0.0005137027349998512,0.0005617382665552314,0.6966197951791698
78.375,0.0005529783339221239,0.0006053740008865073,0.6960811761956248
78.41666666666667,0.0005957572346735253,0.0006491575289639227,0.6956217912919787
78.45833333333333,0.0006390596166163756,0.0006901890812131649,0.695238598907484
78.5,0.0006802795470939119,0.0007259060647941645,0.6949235372154748
78.54166666666667,0.0007167210816847571,0.0007540768211065735,0.6946642363376443
78.58333333333333,0.0007463800921539494,0.0007730265360902823,0.6944448859905571
78.625,0.0007673491912474918,0.000781609023831479,0.6942472659950255
78.66666666666667,0.0007785143131598274,0.0007793123975203305,0.6940518579881966
78.70833333333333,0.0007790455993684584,0.0007662465030615102,0.6938389660460709
78.75,0.0007688770936330924,0.0007431527838723096,0.6935898825191681
78.79166666666667,0.000747652640320781,0.0007108296919991107,0.6932876260882093
78.83333333333333,0.0007158502177017078,0.0006710760083032916,0.6929173361349531
78.875,0.0006760780233291886,0.0006273013928115468,0.6924692713960621
78.91666666666667,0.0006321803243720551,0.0005827032850611728,0.6919397898999249
78.95833333333333,0.0005869394479002045,0.0005403313934322547,0.6913307541242417
79.0,0.0005437399958949362,0.0005032480395523327,0.6906494935679296
79.04166666666667,0.0005053212471760021,0.00047411871580842083,0.6899083270272471
79.08333333333333,0.0004747831009955873,0.00045514344820877237,0.6891237939360587
79.125,0.00045422998561192384,0.0004477982778395876,0.6883154788422406
79.16666666666667,0.0004452994441141033,0.0004527014418665127,0.6875046212522025
79.20833333333333,0.00044883217898895433,0.0004695814009904706,0.686712537196596
79.25,0.00046458770749411286,0.0004972639391066583,0.6859590420023657
79.29166666666667,0.0004909696093450758,0.0005332974661873823,0.6852607297808428
79.33333333333333,0.0005253546302754496,0.0005748213063514495,0.6846289988329326
79.375,0.000565352749274308,0.0006193750667123605,0.6840707042347401
79.41666666666667,0.0006090251369170068,0.0006641026651207256,0.6835880800995484
79.45833333333333,0.0006532204028067142,0.0007060439378388268,0.6831782420861547
79.5,0.000695428606347344,0.0007425670107929433,0.6828335467246388
79.54166666666667,0.0007327421097764422,0.0007714133534370511,0.6825422042779061
79.58333333333333,0.0007631798105101942,0.0007908463196451418,0.6822891606716074
79.625,0.000784825539021122,0.0007997171776901508,0.6820570630988991
79.66666666666667,0.0007964274951218619,0.0007974799046295808,0.6818273049064806
79.70833333333333,0.0007972635844536329,0.0007842554652093309,0.6815811228781826
79.75,0.0007871410761771416,0.00076080136548046,0.681300692168788
79.79166666666667,0.000765714513256543,0.0007278454756398947,0.6809697543576186
79.83333333333333,0.0007333902464489117,0.000687269779840429,0.6805740524120323
79.875,0.0006928172123040593,0.0006425330387107131,0.6801041899444478
79.91666666666667,0.0006480036987106083,0.0005969281461033391,0.6795566602174646
79.95833333333333,0.0006017037879049291,0.0005535668408572759,0.6789332032670099
80.0,0.0005574808514800789,0.0005155697768655817,0.6782407554085059
80.04166666666667,0.0005180551486217622,0.0004856826013992026,0.6774910208051519
80.08333333333333,0.0004865775660786416,0.0004661480681450397,0.6766997563475037
80.125,0.0004653562435875444,0.00045849501743615165,0.675885637691409
80.16666666666667,0.0004559525226827912,0.00046336624739855563,0.6750689303295643
80.20833333333333,0.00045926523715929745,0.00048048490666411807,0.6742699912364662
80.25,0.0004751231884146029,0.0005086513297318867,0.6735077403484645
80.29166666666667,0.0005018590367152255,0.0005453821094762508,0.6727980310292343
80.33333333333333,0.0005368295274183338,0.0005877428176309132,0.6721518032477178
80.375,0.0005775874169186842,0.0006331975788263645,0.6715755995177843
80.41666666666667,0.0006220615608074371,0.0006788539668831357,0.6710715519290974
80.45833333333333,0.0006672473701748557,0.0007216851383868425,0.6706369636799099
80.5,0.0007103079667949657,0.0007590099567281555,0.6702645591849264
80.54166666666667,0.0007485591348580066,0.0007885089668542441,0.6699431516717895
80.58333333333333,0.0007797489601151628,0.0008084300602410331,0.6696584232702599
80.625,0.0008020470030775912,0.0008175756120676964,0.6693938639218873
80.66666666666667,0.0008141126339163967,0.0008153983698567508,0.6691317696900637
80.70833333333333,0.0008151974358868828,0.0008019988554829318,0.6688542478698632
80.75,0.0008051072426135183,0.0007781634736833757,0.6685443019570003
80.79166666666667,0.0007834507528196521,0.0007445911829449817,0.6681864741833621
80.83333333333333,0.0007506359403163061,0.0007032187641880229,0.6677670607311441
80.875,0.0007093219298687779,0.0006575605712834245,0.6672771364611234
80.91666666666667,0.0006636229825683364,0.0006109623746767883,0.6667132450836787
80.95833333333333,0.0006163085902746509,0.0005666317985392064,0.6660769845234137
81.0,0.0005709961424696586,0.0005277235929451293,0.6653749255592458
81.04166666666667,0.000530673844138134,0.0004970869399936212,0.6646181796938998
81.08333333333333,0.0004982486974232597,0.0004770025495778581,0.6638217247831986
81.125,0.0004762886020017594,0.00046903635375948014,0.6630033516869459
81.16666666666667,0.0004664603715234839,0.00047386846196434217,0.6621823706740928
81.20833333333333,0.0004695526889978475,0.0004912171099105185,0.6613781891789903
81.25,0.0004854966460376588,0.0005198703289940889,0.6606088816265275
81.29166666666667,0.0005126038608726768,0.0005572798504122707,0.659889585718549
81.33333333333333,0.0005481209669602396,0.0006004356412289203,0.6592307030767468
81.375,0.000589563558167847,0.000646776019310933,0.6586384997675574
81.41666666666667,0.000634907551666357,0.0006933394956217804,0.658115042298256
81.45833333333333,0.000680939938443809,0.0007370370453461765,0.6576577760051262
81.5,0.000724970362486881,0.0007751389365420525,0.657259817945568
81.54166666666667,0.0007640037601113611,0.0008052796131419245,0.6569105343293999
81.58333333333333,0.0007960151212140256,0.0008256656453958394,0.6565963269913668
81.625,0.0008188976997070127,0.0008350860790789288,0.656301504782898
81.66666666666667,0.0008314549787578784,0.0008329701691194049,0.6560092416772295
81.70833333333333,0.0008327916363306848,0.0008194198757970617,0.6557025424917656
81.75,0.0008227446147957755,0.0007951940658728926,0.6553652197241246
81.79166666666667,0.0008008813263303873,0.0007610343284405573,0.654982514637423
81.83333333333333,0.0007675872464217918,0.0007188887446275346,0.6545413891794089
81.875,0.0007255630629635067,0.0006723125344340649,0.654033279630076
81.91666666666667,0.0006789424070697998,0.0006247414050402386,0.653454819252235
81.95833333333333,0.0006306590952881001,0.0005794479661648841,0.6528074890014979
82.0,0.0005843442661933884,0.0005396595745399703,0.6520974894529443
82.04166666666667,0.0005429746839931134,0.0005082772403223797,0.6513353581634035
82.08333333333333,0.0005097139136611995,0.0004876437239503576,0.6505353249320553
82.125,0.0004870790937602711,0.00047937454211238343,0.6497143058349462
82.16666666666667,0.00047673384713062245,0.0004841609398718524,0.6488906849637874
82.20833333333333,0.0004796408787974875,0.0005017286037872261,0.6480829506183817
82.25,0.0004956635824224053,0.0005308480862923677,0.6473083249040312
82.29166666666667,0.0005230792491359423,0.000568909279290555,0.6465812228112411
82.33333333333333,0.0005591413521514326,0.0006128503696312484,0.6459115905273166
82.375,0.0006012880456793211,0.0006600491317427068,0.6453053992855837
82.41666666666667,0.0006474369103201379,0.0007074890668211016,0.6447646258720354
82.45833333333333,0.0006943238130893052,0.0007520329189924935,0.6442868695875605
82.5,0.0007392462912007657,0.0007908870848894463,0.6438656141160916
82.54166666666667,0.0007791222772275136,0.0008216551368247529,0.643490771378554
82.58333333333333,0.0008118541903912094,0.000842493949023654,0.6431494461740106
82.625,0.0008353811134914484,0.0008521801000051536,0.642826741705318
82.66666666666667,0.0008483539764157852,0.0008501196584145027,0.642506682903278
82.70833333333333,0.0008499739356993535,0.0008364155155054093,0.642173125885173
82.75,0.0008399510233091149,0.0008118223508059114,0.6418106896338057
82.79166666666667,0.0008179035129893216,0.0007770954978415834,0.641405316310039
82.83333333333333,0.0007841486037813221,0.0007341832086677705,0.6409445741263948
82.875,0.0007414218037273149,0.0006867139120364557,0.6404202634934394
82.91666666666667,0.0006939242138218475,0.0006381981872996023,0.63982913064649
82.95833333333333,0.0006446759601978952,0.0005919637266283147,0.6391725382157636
83.0,0.0005973780320543128,0.0005513138277387534,0.6384563364057299
83.04166666666667,0.000555026333742029,0.0005192027226764658,0.6376905070531196
83.08333333333333,0.0005209211127470547,0.000498032492871288,0.6368885547729786
83.125,0.0004975944570294634,0.0004894588527605851,0.6360665495545008
83.16666666666667,0.00048677218177000585,0.0004941943579901556,0.6352419701642115
83.20833333333333,0.0004894718680172378,0.000511970098084633,0.6344324090266229
83.25,0.0005055533217078289,0.0005415295651978977,0.6336542562200881
83.29166666666667,0.0005332790712195768,0.0005802234481118581,0.632921240693032
83.33333333333333,0.0005698588948200261,0.000624923435451798,0.632242836744729
83.375,0.0006126778226337441,0.0006729512847852005,0.6316247412128049
83.41666666666667,0.0006595953636828266,0.0007212419464033589,0.6310688492325486
83.45833333333333,0.0007073364902074447,0.000766601771041921,0.6305729047422837
83.5,0.0007531024749433042,0.0008061877121377367,0.6301307409396169
83.54166666666667,0.0007937837659359423,0.0008375560201898849,0.629732801905157
83.58333333333333,0.0008272573488966782,0.0008588376698835197,0.6293668646633125
83.625,0.0008513530107289058,0.0008687770009176233,0.6290188029648668
83.66666666666667,0.0008647845635166134,0.0008667719850693465,0.6286734620113024
83.70833333333333,0.0008666385352803899,0.0008529174013814941,0.6283155202335613
83.75,0.0008566824334565847,0.000827977071233665,0.6279303729143673
83.79166666666667,0.0008344434320245677,0.0007926921594991629,0.6275046469728233
83.83333333333333,0.0008002282743693457,0.0007490316982088227,0.6270264950065836
83.875,0.0007568175786515843,0.000700702123453393,0.6264880656558365
83.91666666666667,0.0007084977680309984,0.0006512679131726733,0.625886249208249
83.95833333333333,0.0006582997635535314,0.000604123597222925,0.6252222804141189
84.0,0.0006100339107347304,0.0005626311606354407,0.6245016772737868
84.04166666666667,0.000566776719133624,0.0005298138224335237,0.6237338869675899
84.08333333333333,0.0005317951136644254,0.0005081189475031458,0.6229317137224347
84.125,0.0005078010566354305,0.0004992426169791086,0.622110411285796
84.16666666666667,0.0004965348877931722,0.0005039255629981501,0.6212865822709019
84.20833333333333,0.0004990017168033687,0.0005218955803997275,0.6204769491786499
84.25,0.0005151369777192163,0.0005518823134761639,0.6196970941537716
84.29166666666667,0.0005431610338416414,0.0005911784462613296,0.6189600853977704
84.33333333333333,0.0005802397169500152,0.000636611127327275,0.618274953514032
84.375,0.0006236931072354419,0.0006854316869730257,0.6176471161860914
84.41666666666667,0.000671345813701157,0.0007345381209289714,0.6170783820313273
84.45833333333333,0.0007199081318615258,0.0007806840519125721,0.6165666380444979
84.5,0.0007664861093610822,0.0008209735199908178,0.6161060588640087
84.54166666666667,0.0008079517591553043,0.0008529181410923141,0.6156875980424789
84.58333333333333,0.0008421274231690458,0.0008746260501830383,0.6152996676884255
84.625,0.0008667766859793621,0.0008848083951067086,0.6149288915112129
84.66666666666667,0.0008806534701344389,0.0008828565873220149,0.6145609006595303
84.70833333333333,0.0008827276743500553,0.0008688531638292337,0.6141811604249652
84.75,0.0008728329051269128,0.0008435687616937932,0.6137758016827002
84.79166666666667,0.0008504068263883295,0.0008077520447185426,0.6133321360512703
84.83333333333333,0.0008157779542016189,0.0007633850371810275,0.612838880335127
84.875,0.0007717177536157187,0.0007142163930641332,0.6122885454745626
84.91666666666667,0.0007225694023590865,0.0006638963063920071,0.6116781057117653
84.95833333333333,0.0006714888863537352,0.0006158696326689202,0.611008708824908
85.0,0.0006222885558425259,0.0005735679552149597,0.6102855505619944
85.04166666666667,0.0005780825223645497,0.0005400599242705677,0.6095175670943839
85.08333333333333,0.0005423409223442649,0.0005178553343792455,0.6087168907904844
85.125,0.0005176742347180178,0.0005086872442971196,0.6078979899941162
85.16666666666667,0.0005059289782973525,0.0005133109474824673,0.6070766281720914
85.20833333333333,0.0005082067281667608,0.0005314641179383354,0.6062686912085853
85.25,0.0005243780770863981,0.0005618538636550526,0.6054889955001452
85.29166666666667,0.0005526734673711022,0.0006017325273479964,0.6047499634785843
85.33333333333333,0.0005902166988874574,0.000647852130502245,0.6040601715663707
85.375,0.0006342808396443221,0.0006974377869539472,0.603424784517075
85.41666666666667,0.0006826499953268865,0.0007473294461894197,0.6028455460276225
85.45833333333333,0.0007319810880668877,0.0007942235951464817,0.602320468941033
85.5,0.0007793516408059716,0.000835184323604278,0.6018440420063766
85.54166666666667,0.0008215550737010512,0.0008676835155778534,0.6014077049050341
85.58333333333333,0.0008563974959438569,0.0008897931155853691,0.6010004953498554
85.625,0.000881610536865558,0.0009002103479801907,0.6006097338079384
85.66666666666667,0.0008958759545764829,0.0008983069072293292,0.6002218093292631
85.70833333333333,0.0008982059025428471,0.0008841669843960877,0.599822946602122
85.75,0.0008883470482458666,0.0008585597132642411,0.599399995447375
85.79166666666667,0.0008657619108754219,0.0008222258526718886,0.5989408920835025
85.83333333333333,0.0008307274138433158,0.0007771733502908223,0.5984349035983262
85.875,0.0007860394633828929,0.0007272044341606945,0.5978748837244743
85.91666666666667,0.000736108125358671,0.0006760328306477094,0.597257920473721
85.95833333333333,0.0006841659401832735,0.0006271597047776684,0.5965850652287729
86.0,0.0006340680989820882,0.000584076523195304,0.5958612114274744
86.04166666666667,0.0005889853779657741,0.0005499059588703177,0.5950948084107388
86.08333333333333,0.0005524647283746338,0.0005272085007331102,0.5942973470176083
86.125,0.0005271561274262675,0.0005177537165778516,0.5934825451756428
86.16666666666667,0.0005149677593147933,0.0005223174980283212,0.5926653616272063
86.20833333333333,0.0005170360285134369,0.0005406404443000103,0.5918608800628835
86.25,0.0005332368767723013,0.0005714147269779324,0.5910831770541425
86.29166666666667,0.0005617903016268641,0.0006118425726578601,0.5903440603092129
86.33333333333333,0.0005997780721342483,0.0006586205726323612,0.5896516876562063
86.375,0.0006444171226233143,0.0007089306390518019,0.5890109684517943
86.41666666666667,0.0006934581663256865,0.0007595677932998554,0.5884235758571825
86.45833333333333,0.0007435297531667624,0.0008071748630140727,0.5878876476008674
86.5,0.0007916499855000243,0.0008487752874997591,0.5873979755712054
86.54166666666667,0.0008345623187462259,0.0008818000025820775,0.5869464612681418
86.58333333333333,0.0008700456251543857,0.0009042944433257654,0.586522725763274
86.625,0.0008957804239865621,0.0009149324510305805,0.5861147660796829
86.66666666666667,0.0009104317170997366,0.0009130746297371832,0.5857096860043967
86.70833333333333,0.0009129899630356818,0.0008988012028100971,0.5852944306934722
86.75,0.000903183112112266,0.0008728872559635946,0.5848565308037278
86.79166666666667,0.0008804365875594523,0.0008360590268917508,0.5843845296052568
86.83333333333333,0.0008450174109924166,0.0007903528535533011,0.583868217752117
86.875,0.0007997341463653107,0.0007396200447314534,0.58330077884114
86.91666666666667,0.0007490610219446619,0.0006876345694406094,0.5826794120502679
86.95833333333333,0.0006962933167145896,0.0006379528081537347,0.5820050797174682
87.0,0.0006453361829152117,0.0005941209543312402,0.5812823903466467
87.04166666666667,0.0005994177790774138,0.0005593157149672193,0.5805193316834724
87.08333333333333,0.0005621447898098539,0.0005361443080066365,0.5797267848957505
87.125,0.0005362205526159529,0.0005264118564338674,0.5789177545009415
87.16666666666667,0.0005236047825133642,0.0005309143449669578,0.578106433119193
87.20833333333333,0.0005254638089950823,0.000549393684423032,0.5773071388987615
87.25,0.0005416911373654417,0.0005805345079234968,0.5765332476578056
87.29166666666667,0.0005704863162571628,0.0006214761804468753,0.5757959856357385
87.33333333333333,0.0006088847727392126,0.0006688744099482745,0.5751030877802418
87.375,0.0006540573572232476,0.0007198694773740073,0.5744592301674011
87.41666666666667,0.0007037304523489027,0.0007712169755017971,0.5738660308076864
87.45833333333333,0.0007545313529165193,0.0008194988087248524,0.5733217408464782
87.5,0.0008033308121815967,0.0008617063568554098,0.5728214344600739
87.54166666666667,0.000846938921124659,0.000895225414456501,0.5723574521136175
87.58333333333333,0.0008830211440447913,0.0009180870727342693,0.5719199683490076
87.625,0.000909241043905518,0.0009289308404612866,0.5714976178374234
87.66666666666667,0.0009242859426111477,0.000927118342173322,0.5710781827493197
87.70833333333333,0.0009270322427085764,0.0009127130625367804,0.5706492881568018
87.75,0.0009173011288085371,0.0008865073444404628,0.5701991027172155
87.79166666666667,0.0008943908001032602,0.0008492166272614901,0.5697167624212167
87.83333333333333,0.0008585963069369054,0.0008028809842358425,0.5691925473946483
87.875,0.0008127520067865918,0.0007514253671977002,0.5686199456607275
87.91666666666667,0.0007613997913212383,0.0006986672515821084,0.567996287181297
87.95833333333333,0.0007078221984969996,0.0006482169864072893,0.5673224402349004
88.0,0.0006560545103475129,0.0006036696788171917,0.5666027488403735
88.04166666666667,0.0006093740773022886,0.000568263561720258,0.5658447663081374
88.08333333333333,0.0005713264351155494,0.0005446379749348109,0.5650587958114215
88.125,0.0005448409335959697,0.0005346356724027622,0.5642571685683366
88.16666666666667,0.0005318312072752802,0.0005390777340246594,0.5634533484634799
88.20833333333333,0.0005334517579754939,0.0005577015869182738,0.5626609313045968
88.25,0.0005497006299246002,0.0005891709895328104,0.5618926127211301
88.29166666666667,0.0005787230100987648,0.0006306066975409036,0.5611590683979601
88.33333333333333,0.0006175133798570102,0.000678600811861852,0.5604676677931149
88.375,0.0006632116027669218,0.0007302370515097513,0.5598228550975666
88.41666666666667,0.0007134520189567589,0.0007822458290748992,0.5592261730256509
88.45833333333333,0.0007649538600519815,0.0008311680934218457,0.5586759854777333
88.5,0.0008143677108736335,0.0008739442889593677,0.5581676329950186
88.54166666666667,0.0008586793512452637,0.0009079327883740316,0.5576938769575728
88.58333333333333,0.0008952673184390677,0.000931136478124778,0.5572454084361529
88.625,0.0009220087083909876,0.0009421733878968666,0.5568114658238823
88.66666666666667,0.000937361160281909,0.0009404002415549044,0.5563804636467646
88.70833333333333,0.0009403420550872292,0.0009258738404719198,0.5559406741655899
88.75,0.0009306083254533897,0.0008993670723655283,0.5554808687277717
88.79166666666667,0.0009075602608853775,0.0008616466690315819,0.5549907142954986
88.83333333333333,0.0008714488893219144,0.0008147367479609567,0.5544609932143366
88.875,0.0008251058293685725,0.0007625926274116381,0.5538854972682313
88.91666666666667,0.0007730367772146047,0.0007091038738485027,0.5532616329767165
88.95833333333333,0.0007187694667286052,0.000657921309444301,0.5525902086127101
89.0,0.0006662056175124436,0.0006127059896655036,0.551875312110811
89.04166666666667,0.0006187249548696844,0.0005767176802453581,0.5511240893549791
89.08333333333333,0.0005800875579346122,0.0005526647919109614,0.550346303131283
89.125,0.0005529844504293243,0.0005424095003580585,0.5495536463264644
89.16666666666667,0.0005395671244825541,0.000546785578697705,0.5487589025891534
89.20833333333333,0.000541032358900901,0.0005655431189517368,0.5479749815565823
89.25,0.0005572754701020026,0.0005973395609396618,0.5472139602408259
89.29166666666667,0.0005864979020527884,0.000639223798210606,0.5464859882277954
89.33333333333333,0.0006256524617837124,0.000687760042157245,0.5457980523244841
89.375,0.0006718053398173036,0.0007400054920647792,0.5451543971592959
89.41666666666667,0.0007226491905178955,0.000792638453209081,0.5445565074149077
89.45833333333333,0.0007747076414376095,0.0008421544495854468,0.5440028419786184
89.5,0.0008248283264949224,0.0008854643005928303,0.5434890015116083
89.54166666666667,0.0008696442405717326,0.0009198915526622444,0.5430081245540938
89.58333333333333,0.000906841306869232,0.0009434099271360527,0.542551394175001
89.625,0.0009339813593043189,0.0009546354155399253,0.5421086045666133
89.66666666666667,0.0009496767468560554,0.0009528928557480723,0.5416687780703704
89.70833333333333,0.0009528485913535046,0.00093825653538052,0.5412207854074699
89.75,0.0009431935545849849,0.0009115167867527772,0.5407539825062246
89.79166666666667,0.0009200517913430518,0.0008733910825410867,0.5402585589929604
89.83333333333333,0.0008836059657457342,0.0008259015596556224,0.5397257226692134
89.875,0.0008367240714330141,0.0007730960829914554,0.5391495074088722
89.91666666666667,0.0007839928095914508,0.0007189230029885911,0.5385274599270881
89.95833333333333,0.0007290806434320401,0.0006670553582967692,0.5378603238135
90.0,0.0006757336902543745,0.000621204707429804,0.5371519490749519
90.04166666666667,0.0006275820615355561,0.0005846703894561284,0.536409100923629
90.08333333333333,0.0005883009172553097,0.0005602149380743221,0.5356410302715889
90.125,0.0005606238950173427,0.0005497124103655783,0.5348588370508196
90.16666666666667,0.0005468815438931142,0.0005540263419210812,0.5340746635003096
90.20833333333333,0.0005481321962117379,0.0005729106641251255,0.5333007827542822
90.25,0.0005643604983294684,0.000604986082227534,0.53254868030431
90.29166666666667,0.0005937774877703937,0.0006472911252926573,0.5318279902066366
90.33333333333333,0.0006332703699633009,0.0006963582128894186,0.5311453914501747
90.375,0.0006798860073041641,0.0007491719678226491,0.5305049359480319
90.41666666666667,0.0007312910770735936,0.0008023701577899758,0.5299080305323568
90.45833333333333,0.0007838817452223779,0.000852460701294717,0.5293532223968106
90.5,0.0008344635755494177,0.0008962486623258609,0.528836357296102
90.54166666666667,0.0008800205684959499,0.0009310873501275762,0.5283509317028364
90.58333333333333,0.0009176843768597347,0.0009549057426654272,0.527888581099721
90.625,0.0009452230469968939,0.0009662970798765466,0.5274395645078305
90.66666666666667,0.0009611726802784086,0.0009645897798959516,0.5269935284421925
90.70833333333333,0.0009645572068349607,0.0009498434195387455,0.5265399611710162
90.75,0.0009549547684925693,0.0009228665049504502,0.5260686895035301
90.79166666666667,0.0009316633503489106,0.0008843375866096411,0.5255703838716764
90.83333333333333,0.0008949355463283137,0.0008363436465990416,0.5250366673761966
90.875,0.0008475854719897348,0.0007829376178958645,0.524461851049748
90.91666666666667,0.000794310418374412,0.000728114260598445,0.5238435735230745
90.95833333333333,0.0007386759295682418,0.0006756065527567429,0.5231825076937132
91.0,0.0006847213059943395,0.0006291571561438651,0.5224822943580665
91.04166666666667,0.0006358626845917552,0.0005921225250579699,0.5217493401363507
91.08333333333333,0.0005959481118162967,0.0005672763190928925,0.520992429915327
91.125,0.000567851436880298,0.0005565478951572031,0.520222104933283
91.16666666666667,0.0005536898370081333,0.0005608013056753,0.519449907276685
91.20833333333333,0.0005547690921330027,0.0005797886002362103,0.5186875085751442
91.25,0.0005710193797737322,0.0006121427960034253,0.5179458351751397
91.29166666666667,0.0006005931971196109,0.0006548466443193078,0.5172340810510312
91.33333333333333,0.0006403942433584908,0.000704379596572999,0.5165586059508164
91.375,0.0006874241343400495,0.0007577108225254154,0.5159232550890904
91.41666666666667,0.0007392377138660737,0.0008114615650443185,0.5153293923034922
91.45833333333333,0.0007924692348908162,0.0008620540297579883,0.5147756657882624
91.5,0.0008436433303662507,0.0009063219032234858,0.51425812628781
91.54166666666667,0.0008896173081311665,0.0009415355265565689,0.5137706093948206
91.58333333333333,0.0009277159817205552,0.000965631054465172,0.5133051751868366
91.625,0.000955688157394496,0.0009771775193888855,0.5128526342024409
91.66666666666667,0.0009719612256004287,0.0009755010710478512,0.5124030821508403
91.70833333333333,0.0009754725299955028,0.0009606448099941983,0.5119464725916174
91.75,0.0009658848042216953,0.0009334108443680155,0.5114731687422867
91.79166666666667,0.0009424649504425329,0.0008945213583657806,0.5109742957572277
91.83333333333333,0.0009054560711260015,0.0008460585399791335,0.5104418667521102
91.875,0.000857705378153505,0.0007920991904553812,0.5098704764584522
91.91666666666667,0.000803893177509547,0.0007366776401718238,0.5092578212233775
91.95833333333333,0.0007476590041683638,0.000683569221710125,0.5086045211577407
92.0,0.0006930606046852409,0.0006365652714343393,0.5079140170632837
92.04166666666667,0.0006435727119279116,0.000599053810754589,0.5071923872772697
92.08333333333333,0.0006031158711658396,0.000573850355331917,0.5064479783112146
92.125,0.0005745302613833202,0.000562905292262132,0.505690816289535
92.16666666666667,0.0005600367184071577,0.0005670985967622962,0.5049318873525702
92.20833333333333,0.0005609497679017707,0.0005861878951003465,0.5041823105534389
92.25,0.0005771729429130465,0.0006187723414741609,0.5034524894427129
92.29166666666667,0.0006069034505480505,0.0006618485488203079,0.5027511918979085
92.33333333333333,0.000646994278884087,0.0007118262269782884,0.5020844976538108
92.375,0.0006944225424202618,0.0007656433429247568,0.5014560786851187
92.41666666666667,0.0007466619804178296,0.0008198918143377953,0.5008672372552336
92.45833333333333,0.000800423621503187,0.0008709633246850473,0.5003167097235003
92.5,0.000852055464783761,0.0009156562086435074,0.4998007411697686
92.54166666666667,0.0008985675567253183,0.0009512225510971991,0.4993134817199196
92.58333333333333,0.0009370383241319166,0.0009755680833646595,0.4988473850929853
92.625,0.0009654144857946239,0.0009872599037821976,0.4983937070869849
92.66666666666667,0.000981904205566912,0.0009856022460163502,0.4979430241277256
92.70833333333333,0.0009856002496476874,0.0009706467363478512,0.4974857639883972
92.75,0.0009760078072334391,0.0009432023076975795,0.49701275247711213
92.79166666666667,0.0009525065829380624,0.0009039793331682296,0.4965155345737471
92.83333333333333,0.0009152562116730234,0.0008550720084702644,0.4959864787209094
92.875,0.000867097997870552,0.000800591197088167,0.495420410683396
92.91666666666667,0.0008127764612602494,0.0007446123251665379,0.4948151128593486
92.95833333333333,0.0007559817257942898,0.0006909491523698724,0.4941711531185386
93.0,0.0007007965648556736,0.0006434288708686942,0.4934917891419617
93.04166666666667,0.0006507330088072622,0.0006054772554562573,0.4927827958595441
93.08333333333333,0.0006097423063635056,0.0005799396260506501,0.49205211595052706
93.125,0.0005807276833295227,0.000568791869920935,0.4913092993225646
93.16666666666667,0.0005659214849194921,0.0005729278533007252,0.4905648179757358
93.20833333333333,0.0005666678723739622,0.0005921065892700687,0.48982927758538436
93.25,0.000582889812859276,0.0006249234310825386,0.4891126092702487
93.29166666666667,0.0006127620581355838,0.000668331267407407,0.4884231896312908
93.33333333333333,0.0006531107835632124,0.0007187104311002081,0.4877668172458793
93.375,0.0007008798582300983,0.0007729715466804242,0.48714700881963074
93.41666666666667,0.0007535412353681695,0.0008276786678709353,0.486565026812267
93.45833333333333,0.000807744431467154,0.0008791881412949439,0.48601966890370646
93.5,0.0008598573868559957,0.0009242732472670841,0.48550737697446117
93.54166666666667,0.0009067844128456052,0.000960157611632646,0.48502257952029393
93.58333333333333,0.0009456746765610601,0.0009847373572553326,0.48455808943503575
93.625,0.0009743467966998697,0.0009965562240811195,0.484105578617915
93.66666666666667,0.0009911084233773675,0.0009949263135234903,0.48365606070391975
93.70833333333333,0.0009949274161909576,0.0009798879751693789,0.48320041792366647
93.75,0.0009853863964706046,0.0009522361207499479,0.48272989263220273
93.79166666666667,0.0009617806677143324,0.0009127068230752992,0.48223639705026883
93.83333333333333,0.0009242787811772593,0.0008633811750799053,0.48171263858355895
93.875,0.0008757589934341804,0.0008084216539690375,0.48115366035362883
93.91666666666667,0.0008209685497181929,0.0007519332323027078,0.4805573262538487
93.95833333333333,0.0007636737038853532,0.0006977526966132814,0.4799241562087182
94.0,0.0007079338412071931,0.0006497605450260504,0.4792572381798102
94.04166666666667,0.0006573197310154121,0.0006113980143520477,0.4785620706570837
94.08333333333333,0.0006158701103701476,0.0005855527303030537,0.47784622406337934
94.125,0.0005864484390760407,0.0005742176818235255,0.4771188109954536
94.16666666666667,0.0005713483815195063,0.0005782994811655047,0.47638983201757595
94.20833333333333,0.0005719326092529139,0.00059755807128409,0.4756694202785659
94.25,0.0005881486472564622,0.0006305744548284183,0.47496706601663735
94.29166666666667,0.0006181210525612986,0.0006742765307758923,0.4742907708530437
94.33333333333333,0.000658703581698497,0.0007250338989416439,0.4736461126110182
94.375,0.0007068057720024866,0.0007797130725808428,0.47303645798964367
94.41666666666667,0.0007598850507468702,0.0008348372495021268,0.4724630160284517
94.45833333333333,0.0008144473692771321,0.0008867458114550035,0.4719246496640263
94.5,0.0008670527809442269,0.0009321905127488078,0.47141797667565255
94.54166666666667,0.0009143018103097584,0.0009683659109801393,0.47093768085168464
94.58333333333333,0.0009536366151906047,0.000993157587826149,0.470476906908392
94.625,0.0009825380233312682,0.0010050975178830543,0.4700277015689869
94.66666666666667,0.0009995696209287872,0.0010034857479912333,0.4695814896145206
94.70833333333333,0.0010034832022360976,0.0009883666188101239,0.469129555561393
94.75,0.0009940007327603735,0.0009605322926392102,0.4686635317835294
94.79166666666667,0.0009703004437281957,0.0009207183308963278,0.4681756715672426
94.83333333333333,0.0009325633012524336,0.0008710118136799215,0.4676589908208089
94.875,0.0008837149243059104,0.0008156100568557832,0.4671087299795485
94.91666666666667,0.000828494661927502,0.000758650550502528,0.4665228267515665
94.95833333333333,0.0007707332908678399,0.0007039987618121213,0.4659017589883597
95.0,0.0007144815793063739,0.0006555690905412221,0.4652484615441507
95.04166666666667,0.0006633795550234542,0.0006168306874416786,0.46456817938230377
95.08333333333333,0.0006214923081706596,0.0005907012125730208,0.4638681424267955
95.125,0.000591687275090164,0.0005791917798441442,0.4631570624962417
95.16666666666667,0.0005763208992785783,0.0005832210833483984,0.462444507772293
95.20833333333333,0.0005767663143516405,0.0006025514948358035,0.46174017861099637
95.25,0.0005929751973699096,0.0006357637239216226,0.4610531702741471
95.29166666666667,0.0006230709183812607,0.0006797464994051901,0.46039115630662025
95.33333333333333,0.0006638712804679102,0.0007308379169318704,0.4597594709650971
95.375,0.0007122467043221098,0.0007858813670979701,0.45916135204269903
95.41666666666667,0.0007656709174842901,0.0008413860597806814,0.4585979684833317
95.45833333333333,0.0008206004671251264,0.0008936618765526314,0.4580682479500487
95.5,0.0008736060191003313,0.0009394327216501246,0.4575689611532471
95.54166666666667,0.0009212130481973849,0.0009758750616863995,0.45709503432766585
95.58333333333333,0.0009608848316122472,0.0010008579429584717,0.45663990945712524
95.625,0.0009900565452985665,0.001012905181989543,0.4561959796158413
95.66666666666667,0.0010072847877611738,0.0010113079083701707,0.4557550355261173
95.70833333333333,0.0010113166558685656,0.0009961132692215976,0.45530873306147984
95.75,0.0010018505277655265,0.0009681081923500604,0.454849058001152
95.79166666666667,0.0009780655101655632,0.0009280400431606854,0.4543685725396055
95.83333333333333,0.0009401591367694461,0.0008779927026825988,0.45386060553343205
95.875,0.0008910171059357815,0.0008221752107508491,0.4533205332712438
95.91666666666667,0.000835327382670073,0.000764782424060942,0.4527463792367566
95.95833333333333,0.0007772365058171774,0.0007097082822060154,0.4521385900864609
96.0,0.0007203914425355032,0.0006608705934403472,0.45149995200293846
96.04166666666667,0.000668995857337963,0.0006217874508963147,0.45083548664865175
96.08333333333333,0.000626587703381165,0.0005954021602530541,0.450152101033425
96.125,0.0005964422286879032,0.0005837229217179091,0.4494581516722664
96.16666666666667,0.0005808872289377673,0.000587709524839002,0.4487628082928737
96.20833333333333,0.0005811525149762914,0.0006071043777615679,0.44807538002059577
96.25,0.0005973842231921766,0.0006405007598000321,0.4474046068182769
96.29166666666667,0.0006276040893165194,0.0006847391988251908,0.44675786480170027
96.33333333333333,0.0006685772436739433,0.0007361156856419248,0.44614024889400805
96.375,0.0007171962534978599,0.0007914936811508467,0.4455548821191716
96.41666666666667,0.0007709079799819083,0.000847356598141684,0.4450029163144819
96.45833333333333,0.0008262488104263798,0.0008999578505930848,0.44448333048384725
96.5,0.000879550096743173,0.000946028653392306,0.44399303327002426
96.54166666666667,0.0009275120182096283,0.000982707585866069,0.44352716518740254
96.58333333333333,0.0009674891156623079,0.001007866448733271,0.4430794417742215
96.625,0.0009968865877058165,0.0010200100093878935,0.44264256821729214
96.66666666666667,0.001014307770280529,0.001018425085962274,0.4422086718687905
96.70833333333333,0.0010184436123844439,0.0010031598252209237,0.44176974258183543
96.75,0.0010089995136928467,0.0009750040493857444,0.441318086160323
96.79166666666667,0.0009851458321715625,0.0009346955892733686,0.4408465572980623
96.83333333333333,0.000947053064682076,0.0008843338971406571,0.44034873299511934
96.875,0.0008976277014951617,0.000828149008690283,0.43982015900902555
96.91666666666667,0.0008415923299310711,0.0007703636219878809,0.43925891922888266
96.95833333333333,0.0007830989936017974,0.0007148969758238953,0.4386654263891903
97.0,0.0007258403983842365,0.0006656946820379563,0.43804233978686297
97.04166666666667,0.0006740314744556008,0.0006262984380006752,0.4373944702938863
97.08333333333333,0.0006312556422899245,0.0005996746612265189,0.4367284473609426
97.125,0.0006007931436016294,0.0005878489819531874,0.43605229375579174
97.16666666666667,0.000585016772249626,0.0005917887414970205,0.43537482288397594
97.20833333333333,0.0005851572514277092,0.0006112408396628062,0.43470498577067396
97.25,0.0006013694046898131,0.0006447836698033531,0.43405119093192573
97.29166666666667,0.0006316700706631766,0.0006892453110143484,0.4334205324473043
97.33333333333333,0.0006728176064958733,0.0007409034838921858,0.43281793112778155
97.375,0.0007216837967365532,0.0007965911517716396,0.43224639845183316
97.41666666666667,0.0007756970636617339,0.0008527656484576888,0.43170704739307947
97.45833333333333,0.0008313230459389743,0.0009056702342239053,0.4311989072833873
97.5,0.0008849699558897717,0.0009520058542484426,0.43071901768649096
97.54166666666667,0.0009332303784332737,0.000988905782473316,0.4302627105023807
97.58333333333333,0.0009734661407634428,0.0010142207966033765,0.42982395275975555
97.625,0.0010030993041965515,0.001026450270279728,0.42939573199639125
97.66666666666667,0.0010206768502743326,0.0010248774869672226,0.4289704769278395
97.70833333333333,0.0010249041578283009,0.0010095450704406355,0.42854048138180156
97.75,0.0010155046294299845,0.000981268855789639,0.42809834058178514
97.79166666666667,0.0009915821949498399,0.0009407393489455896,0.42763717612042895
97.83333333333333,0.000953323368505395,0.0008900860747576458,0.4271507784133791
97.875,0.000903612949632322,0.0008335639746611608,0.42663484871206375
97.91666666666667,0.0008473060462373089,0.0007754184757760456,0.42608753266503513
97.95833333333333,0.0007883557460020725,0.0007195921451083595,0.4255092047176502
98.0,0.000730840877526925,0.0006700647779801346,0.4249024212336249
98.04166666666667,0.0006785261515197202,0.0006303846949530158,0.42427179511512353
98.08333333333333,0.0006355256515424801,0.0006035415631129551,0.4236237124145637
98.125,0.0006047467119486481,0.0005915892551937041,0.4229658897860156
98.16666666666667,0.0005887290050257534,0.0005954797196050119,0.4223068205391463
98.20833333333333,0.0005888098388532331,0.0006149823685845646,0.421655128427883
98.25,0.0006049536348931903,0.0006486525844343407,0.4210189164135472
98.29166666666667,0.0006353336991190472,0.0006933166150998993,0.42040503328828793
98.33333333333333,0.0006766657654697976,0.0007452399104035902,0.4198182467382721
98.375,0.0007257572028943865,0.0008012016058144996,0.4192614655302226
98.41666666666667,0.0007800288625612328,0.0008576498616289868,0.41873575970743715
98.45833333333333,0.0008359011696961418,0.0009108285736053293,0.41824020728589567
98.5,0.0008898666981649071,0.0009574027985324071,0.4177719651402789
98.54166666666667,0.0009383795388110012,0.0009945008100384575,0.4173265437814895
98.58333333333333,0.0009788658254376982,0.0010199532237652033,0.4168981304541115
98.625,0.0010087041985791408,0.0010322617289133084,0.41647996755168537
98.66666666666667,0.0010264223462622762,0.0010306976724428496,0.4160647564892608
98.70833333333333,0.0010307375657153553,0.0010153066165908004,0.4156450650010368
98.75,0.0010213247415398405,0.000986880291902152,0.41521374357602897
98.79166666666667,0.0009973466049685684,0.000946170027563119,0.4147641474897469
98.83333333333333,0.0009589458518637109,0.0008952595790394874,0.4142902901267156
98.875,0.0009090340645059483,0.000838434715231854,0.4137879972269583
98.91666666666667,0.0008523649757852344,0.0007799719824789413,0.4132554619150365
98.95833333333333,0.000793209889281758,0.0007238302886646572,0.41269304075600466
99.0,0.0007352127178329585,0.0006739976707675893,0.41210317772948907
99.04166666666667,0.000682711031430873,0.0006340625607154364,0.41149032238082456
99.08333333333333,0.0006392849512970781,0.000607026422299386,0.41086062696997355
99.125,0.000608286551711034,0.0005949450104976811,0.41022154205741307
99.16666666666667,0.0005921217400793209,0.0005988019596013688,0.40958126809635276
99.20833333333333,0.0005920403846015029,0.0006183477405757693,0.40894814096722654
99.25,0.0006082169446452376,0.0006521351569326167,0.4083300006255327
99.29166666666667,0.0006386602140394153,0.0006969914323188737,0.4077334622333297
99.33333333333333,0.0006801101158475885,0.0007491291078166101,0.4071631425701171
99.375,0.0007294057196668825,0.0008053410503670008,0.4066218633546148
99.41666666666667,0.000783906279524568,0.0008620464981592308,0.4061106703266485
99.45833333333333,0.0008400499214043336,0.0009154645859992345,0.4056286800876018
99.5,0.0008942539531724137,0.0009622557256190393,0.4051731544244091
99.54166666666667,0.0009430175862193955,0.0009995270921154223,0.40473975920408106
99.58333333333333,0.0009837248312707196,0.0010251065051391883,0.40432288225832647
99.625,0.0010137338660542062,0.001037481995584882,0.40391599580882404
99.66666666666667,0.00103159389597614,0.001035927942264447,0.4035120446617468
99.70833333333333,0.0010359723276517536,0.0010204801858404843,0.403103842243199
99.75,0.0010265730302590518,0.000991932103401017,0.4026844724836983
99.79166666666667,0.001002520206728363,0.0009510490701720131,0.4022474945785737
99.83333333333333,0.0009639982027483975,0.0008999103691588084,0.4017871162751645
99.875,0.000913902551266992,0.0008428131550851299,0.4012992916087783
99.91666666666667,0.0008569272236496379,0.0007840603842106761,0.40078224587872147
99.95833333333333,0.0007975366164064367,0.0007276362376208498,0.40023631417252653
100.0,0.0007391797397345146,0.0006775268029215202,0.39966385184463693
100.04166666666667,0.0006864325025628129,0.0006373690096370236,0.39906915412535426
100.08333333333333,0.0006426741869829736,0.0006101500299164219,0.39845816968646763
100.125,0.0006115059063423436,0.0005979618652072976,0.3978381075482104
100.16666666666667,0.0005951233527393201,0.0006017832740557022,0.3972169072151427
100.20833333333333,0.0005949798397558002,0.000621364869344647,0.39660264435675485
100.25,0.0006111372710250277,0.0006552750902133425,0.3960029163435346
100.29166666666667,0.000641643524816734,0.0007002860079291458,0.3954241511009818
100.33333333333333,0.0006832296093006451,0.0007526176639188648,0.39487080891613213
100.375,0.0007326736700872508,0.0008090469145650586,0.39434563689762
100.41666666666667,0.00078737723944991,0.0008659832250294532,0.3938496650283763
100.45833333333333,0.0008437533478260727,0.0009196170386337109,0.393382044535249
100.5,0.0008981974383070448,0.0009666011541286964,0.3929401281850856
100.54166666666667,0.0009471643603036154,0.001004028806562611,0.39251972337811036
100.58333333333333,0.00098807351212462,0.001029716957632401,0.3921153965981803
100.625,0.001018245181939604,0.0010421556893226815,0.3917208222303591
100.66666666666667,0.0010361957210079167,0.0010406013892195376,0.3913291650633191
100.70833333333333,0.0010406710851798221,0.0010251070440581813,0.39093345588350326
100.75,0.0010312865164972176,0.000996482334879061,0.39052698709056743
100.79166666666667,0.0010072002845390767,0.0009554068934668054,0.3901035195932838
100.83333333333333,0.000968520220004241,0.0009040558359349117,0.38965738423220414
100.875,0.000918174258517163,0.0008467335848022016,0.3891846835186565
100.91666666666667,0.0008611410657365497,0.0007877209833871092,0.3886836840801463
100.95833333333333,0.0008012509362388135,0.0007310319258441793,0.3881546835488932
101.0,0.0007428796210004315,0.0006806904150269837,0.3875999697561414
101.04166666666667,0.0006896700847818382,0.000640327919628514,0.3870236919355516
101.08333333333333,0.0006457410360486051,0.0006129471075541009,0.3864316225252278
101.125,0.0006143714787276422,0.0006006627893397004,0.38583075351888996
101.16666666666667,0.0005978419201415039,0.0006044488471848445,0.38522879106870644
101.20833333333333,0.0005975877294045316,0.0006240631707186312,0.38463357662908193
101.25,0.0006137262173578433,0.0006580485879265467,0.38405248530086844
101.29166666666667,0.0006442752504012845,0.0007032038967148755,0.3834917610395607
101.33333333333333,0.0006859641545150835,0.0007557248722862272,0.3829557687588878
101.375,0.0007356012122892698,0.0008123566434444175,0.3824471707446428
101.41666666666667,0.0007904459852561067,0.0008694964187679094,0.3819669786554369
101.45833333333333,0.0008471224276052424,0.0009233250977541052,0.3815143793631862
101.5,0.0009016331252656781,0.0009704766762851086,0.3810867990350448
101.54166666666667,0.0009509546751916994,0.0010080446378947824,0.3806801800151769
101.58333333333333,0.000991897587160037,0.0010338349190927524,0.3802892397959728
101.625,0.0010223055221312974,0.0010463206686410016,0.3799078421917714
101.66666666666667,0.0010403152660900228,0.0010447779919474515,0.3795293402468978
101.70833333333333,0.0010448621001980555,0.0010292335244980228,0.37914696340630366
101.75,0.0010354937475266577,0.0010005278137251137,0.37875418759347473
101.79166666666667,0.0010113378233859948,0.0009592990612370999,0.37834494281741543
101.83333333333333,0.0009725531402257863,0.0009077552276038057,0.3779136995086663
101.875,0.0009220386937929267,0.0008502164930379572,0.37745666403781764
101.91666666666667,0.0008647881366760448,0.0007909797634723292,0.3769721367261346
101.95833333333333,0.0008046859599570777,0.0007340581795682128,0.37646040032911193
102.0,0.0007460616739252338,0.0006835053247268822,0.3759236661314508
102.04166666666667,0.0006925962651942561,0.0006429555483701627,0.37536596522009597
102.08333333333333,0.0006484797513591437,0.0006154330700959669,0.3747929071216033
102.125,0.0006169135189199096,0.000603061770209052,0.3742112906556805
102.16666666666667,0.0006002305333642494,0.0006068165030106059,0.37362861636241645
102.20833333333333,0.0005999191512745049,0.0006264602205972888,0.3730525190161937
102.25,0.0006160497844947531,0.000660539600475016,0.37249018543510487
102.29166666666667,0.000646649135703665,0.0007058210215230691,0.3719476986312228
102.33333333333333,0.000688447858024423,0.0007585033066307691,0.37142931435194343
102.375,0.0007381950571371874,0.0008153044038851033,0.37093764055978123
102.41666666666667,0.00079325412593413,0.0008726147911940262,0.3704736564905067
102.45833333333333,0.0008499976684109348,0.0009266165096609704,0.3700365777556083
102.5,0.0009048284372566981,0.0009739218365012123,0.3696239148561295
102.54166666666667,0.0009541814885615751,0.00101161175728623,0.36923171416164885
102.58333333333333,0.0009954038772093234,0.0010374878050472547,0.36885483949733694
102.625,0.00102584331178743,0.0010500222056044712,0.36848731211186714
102.66666666666667,0.0010440014462729703,0.0010484789152924556,0.3681226593495026
102.70833333333333,0.0010485550313205775,0.0010328953793618321,0.3677542808945382
102.75,0.0010391775206365372,0.0010040680449634627,0.3673758141883972
102.79166666666667,0.0010149828756952184,0.0009627509914368914,0.36698132931191224
102.83333333333333,0.0009761279127994,0.0009110542884493135,0.36656547481322166
102.875,0.0009255254231721323,0.0008533115463642473,0.366124497020161
102.91666666666667,0.0008679629269389268,0.0007938662646187783,0.36565673859280845
102.95833333333333,0.000807821112853588,0.0007367467515848046,0.36516247293943416
103.0,0.0007487807006051256,0.0006859990867051818,0.3646438384876968
103.04166666666667,0.0006952697881674292,0.0006452789105223471,0.36410476475051307
103.08333333333333,0.0006508903445503344,0.0006176395972727654,0.36355070848228993
103.125,0.0006191254283406868,0.0006051804865382828,0.36298830638875124
103.16666666666667,0.0006023697780599815,0.0006089118181099571,0.3624248723272355
103.20833333333333,0.0006019731156659871,0.0006285822939543753,0.3618678600481019
103.25,0.0006181094527334491,0.0006627468362062614,0.36132429183145065
103.29166666666667,0.0006487680477424903,0.000708148541087598,0.36080011784033034
103.33333333333333,0.0006906396582494937,0.0007609496280628158,0.36029947369408943
103.375,0.0007405005962985996,0.0008179025158445037,0.3598249154953625
103.41666666666667,0.000795660088908324,0.0008753829923831043,0.35937742231058006
103.45833333333333,0.0008526495000803027,0.0009295303916596888,0.35895623313008734
103.5,0.0009075631448279072,0.0009769726140787236,0.35855891817447866
103.54166666666667,0.0009571147614394316,0.0010147662844145833,0.3581816230239287
103.58333333333333,0.0009984585808925702,0.0010407225102887887,0.3578193350180594
103.625,0.0010289953194283698,0.0010532947678102886,0.35746621904243187
103.66666666666667,0.0010472495537732387,0.00105175411950232,0.35711595422549947
103.70833333333333,0.001051834506374715,0.0010361311528507102,0.35676209131579945
103.75,0.0010424839362313568,0.0010072473663998883,0.3563984159972378
103.79166666666667,0.001018245106186042,0.0009658064443691875,0.3560191324205823
103.83333333333333,0.0009792984969382856,0.0009139587227302207,0.35561899913977857
103.875,0.0009285576051126003,0.0008560432494017227,0.35519434049032805
103.91666666666667,0.0008708086349110397,0.0007964211592171708,0.35474352659166963
103.95833333333333,0.0008105331859407047,0.0007391224989432843,0.3542668168962602
104.0,0.000751255153778052,0.0006882016078835336,0.3537662918408025
104.04166666666667,0.000697593447972888,0.0006473406049006061,0.35324578636702
104.08333333333333,0.000653010533302942,0.0006195873282188196,0.35271063228943733
104.125,0.0006211265568168614,0.0006070591830055493,0.35216731622140746
104.16666666666667,0.0006042440425972278,0.000610765155059804,0.3516229893364615
104.20833333333333,0.0006037985269739535,0.0006304573149868509,0.35108494413767105
104.25,0.0006199212781027345,0.0006646886885963665,0.3505600533243567
104.29166666666667,0.0006506094151592085,0.0007101865650706879,0.3500541424599031
104.33333333333333,0.0006925656064793044,0.0007631112165977684,0.3495712645002555
104.375,0.0007425309632719159,0.000820200956491592,0.34911392681717074
104.41666666666667,0.0007978164302385659,0.0008778214859647813,0.34868309407596637
104.45833333333333,0.0008549521158781048,0.0009321031843135765,0.3482780283391337
104.5,0.0009100049021290485,0.0009796631845877606,0.34789635695852505
104.54166666666667,0.0009596972246903375,0.001017552127642138,0.34753431218884356
104.58333333333333,0.0010011537365500064,0.0010435757997692117,0.3471869909290606
104.625,0.0010317912522577485,0.00105618236366786,0.3468486841540989
104.66666666666667,0.0010501134950243955,0.0010546434886115335,0.34651320405652697
104.70833333333333,0.0010547320656569127,0.0010389856342897387,0.34617423556325433
104.75,0.0010453970423103486,0.0010100462437029022,0.34582569234125726
104.79166666666667,0.0010211298917755481,0.0009685021233598329,0.3454618986230896
104.83333333333333,0.0009820973428455496,0.0009165247155065437,0.34507769888184125
104.875,0.0009312078450959678,0.0008584617696093936,0.34466949711432054
104.91666666666667,0.0008734192797793869,0.0007986731419913519,0.34423569139733584
104.95833333333333,0.0008128076286163683,0.0007412071052398028,0.34377651946544807
105.0,0.0007535592157314303,0.0006901495370629064,0.34329402057444763
105.04166666666667,0.000699523363448993,0.0006491546817029516,0.3427919402798796
105.08333333333333,0.0006549552389837094,0.0006213020557806941,0.34227550551919445
105.125,0.00062287389440168,0.0006087191157729854,0.341751064467113
105.16666666666667,0.0006058833885032397,0.0006123953517489858,0.34122563073117235
105.20833333333333,0.0006054280014663431,0.0006321087670080678,0.34070635091506934
105.25,0.0006214744756740249,0.0006663732218546625,0.34019995937999675
105.29166666666667,0.0006522012919591959,0.000711963189876616,0.339712171496503
105.33333333333333,0.0006942411944590053,0.0007650142924231144,0.3392469872459312
105.375,0.0007443295733587178,0.0008222252877024014,0.3388068672326308
105.41666666666667,0.0007997162493765384,0.0008799608761773546,0.33839275207025865
105.45833333333333,0.0008569815185055065,0.0009343700850096095,0.33800392590464
105.5,0.0009121361882227232,0.0009820269420490262,0.33763807066999874
105.54166666666667,0.0009620192636818758,0.0010200083846097323,0.3372914929046253
105.58333333333333,0.0010034781257966655,0.001046085538096305,0.3369593876379979
105.625,0.0010343150140086066,0.001058726194828862,0.33663615691729865
105.66666666666667,0.0010525958985401524,0.0010571867314618324,0.3363157283208351
105.70833333333333,0.0010573146025065394,0.0010414967012312183,0.3359919056606627
105.75,0.0010479175252104376,0.001012480195530151,0.335658705803768
105.79166666666667,0.0010236185224301467,0.0009708427075141539,0.3353105566013234
105.83333333333333,0.0009845147104893541,0.0009187530753439956,0.33494238891022726
105.875,0.000933530569492075,0.0008605748569978039,0.3345506844677811
105.91666666666667,0.0008756476123636347,0.0008006487016778005,0.3341338556697798
105.95833333333333,0.0008148676828263744,0.0007430416174517954,0.3336921244484533
106.0,0.0007555047330473243,0.0006918512036965184,0.3332274875663775
106.04166666666667,0.000701316121424576,0.0006507485619733993,0.33274361623563903
106.08333333333333,0.0006565712049354886,0.0006228050614971312,0.3322456413853291
106.125,0.0006244345171274427,0.0006101680358148341,0.33173979498196526
106.16666666666667,0.0006073397311119058,0.0006138278972401378,0.33123296515621525
106.20833333333333,0.0006068192120808968,0.0006335555341818446,0.3307321754314978
106.25,0.0006228901166760869,0.0006678737158840691,0.3302440440141903
106.29166666666667,0.0006536268954244362,0.0007135355945237912,0.3297741893965423
106.33333333333333,0.0006957250133649199,0.0007666841624143763,0.32932655234730535
106.375,0.0007458903534247334,0.0008240004043862262,0.32890355548669775
106.41666666666667,0.0008014168675705416,0.0008818407126506635,0.32850612367118115
106.45833333333333,0.0008587150686471179,0.0009363485726257562,0.32813355879671763
106.5,0.0009140662463931323,0.000984101317777497,0.32778358919558026
106.54166666666667,0.0009639524650366432,0.0010221499314637848,0.32745258868328103
106.58333333333333,0.0010056105019984013,0.0010482803959008405,0.3271358349313056
106.625,0.001036416937419083,0.001060944278959904,0.32682782499748575
106.66666666666667,0.001054832412546095,0.001059404192282169,0.3265225905396492
106.70833333333333,0.0010595152305294523,0.001043690650309745,0.32621403825941236
106.75,0.0010501562792499968,0.0010146171123643515,0.325896286625279
106.79166666666667,0.0010258029165366627,0.0009729070942277869,0.32556384196798005
106.83333333333333,0.0009866531492373693,0.000920724448084007,0.3252117360355317
106.875,0.0009356157559600365,0.0008624207826447263,0.32483647985991
106.91666666666667,0.0008775309239578084,0.0008023714871236804,0.32443650793720935
106.95833333333333,0.0008167633845338935,0.0007446473157702662,0.3240120405206272
107.0,0.000757098853799046,0.0006933378630394161,0.3235650273062242
107.04166666666667,0.0007029414635541946,0.0006521313228812635,0.32309908396118125
107.08333333333333,0.000657996483754569,0.0006241196657217692,0.32261924442575907
107.125,0.0006257367860252304,0.0006114253148654763,0.3221316472567934
107.16666666666667,0.0006086305326235349,0.0006150736592409581,0.32164306922198993
107.20833333333333,0.0006080286844585964,0.0006348156878938815,0.3211604266475007
107.25,0.0006241255693758308,0.0006691928932895533,0.3206902449306673
107.29166666666667,0.0006549072477902476,0.000714924937903127,0.32023806271491567
107.33333333333333,0.0006970357480048782,0.0007681340473460619,0.3198077404352087
107.375,0.0007472583369072458,0.0008255396449111821,0.3194016733430559
107.41666666666667,0.0008028367890861206,0.0008834856404439337,0.3190207924314267
107.45833333333333,0.0008603085055022834,0.0009380780014412415,0.31866441281674396
107.5,0.0009156866362156057,0.0009859121452847643,0.31833029537344376
107.54166666666667,0.0009657042137234469,0.0010240211052142856,0.31801487348699653
107.58333333333333,0.0010074281582323032,0.0010501985760579464,0.31771349745676775
107.625,0.0010382884790599305,0.0010628825601885525,0.3174207492354853
107.66666666666667,0.0010567654296039074,0.001061342856712917,0.3171307492172885
107.70833333333333,0.0010614575986760359,0.001045602466370747,0.31683749269767203
107.75,0.0010521307611934473,0.0010165112042941529,0.31653518655256946
107.79166666666667,0.0010277766093824425,0.0009747331165662972,0.3162184267548677
107.83333333333333,0.0009885586902015663,0.0009224492253271912,0.31588228755144493
107.875,0.0009373912212605879,0.0008640365404251185,0.315523333002895
107.91666666666667,0.0008792775945662427,0.000803876792009396,0.31514001674499437
107.95833333333333,0.0008182696301964685,0.0007460428742543117,0.314732547099995
108.0,0.0007586583525900373,0.0006946368694193068,0.3143028494168564
108.04166666666667,0.0007042277670426874,0.000653349108846746,0.3138544745542218
108.08333333333333,0.000659274361528262,0.0006252634051108833,0.3133923926496994
108.125,0.0006269439682412015,0.0006125367415125095,0.31292264728160724
108.16666666666667,0.0006097091564467766,0.0006161630358875797,0.3124519231918753
108.20833333333333,0.000609118311432817,0.0006359167687237996,0.31198703992118226
108.25,0.0006251758228487353,0.0006703204149827557,0.31153443093032707
108.29166666666667,0.0006559643871722223,0.0007161087065560172,0.3110995615978188
108.33333333333333,0.0006981528806984886,0.0007694024495223928,0.31068625720991677
108.375,0.0007484456439759597,0.0008268915951906686,0.3102968837763356
108.41666666666667,0.0008041497883583669,0.0008849120424720821,0.3099323541280496
108.45833333333333,0.0008616041679851584,0.0009395854411206217,0.3095919963369512
108.5,0.0009171818241872523,0.000987486264221979,0.30927361130085884
108.54166666666667,0.0009671836246767304,0.0010256563282039334,0.3089736782343893
108.58333333333333,0.0010090252395540565,0.001051863346021195,0.3086876159545661
108.625,0.0010399481939242891,0.0010645751071773244,0.3084100746303763
108.66666666666667,0.0010584153671453437,0.001063027114518787,0.3081352554100306
108.70833333333333,0.0010631780121125175,0.0010472708225206097,0.3078572310384653
108.75,0.0010537741580585284,0.0010181032442752385,0.3075702783270887
108.79166666666667,0.0010293976253584322,0.000976269601977595,0.30726904954424195
108.83333333333333,0.0009901380651571342,0.000923925134499026,0.306948704760855
108.875,0.0009389574605432081,0.0008654322987027807,0.3066058382581372
108.91666666666667,0.0008806908034006124,0.0008051821956592151,0.30623891581503937
108.95833333333333,0.0008197266656568217,0.0007472581285788887,0.3058481407138657
109.0,0.000759840880125591,0.0006957609903691015,0.30543540029621974
109.04166666666667,0.0007054834688292142,0.0006543939802710545,0.30500420629854863
109.08333333333333,0.0006603378289825695,0.0006262578063957299,0.30455945351175345
109.125,0.0006279241460194889,0.0006134849088754817,0.3041071166353459
109.16666666666667,0.0006106938125738775,0.0006171048790482674,0.3036537951258375
109.20833333333333,0.0006100259345705702,0.0006368688627145623,0.30320622856020013
109.25,0.0006261045666058775,0.0006713110333808013,0.30277077842152283
109.29166666666667,0.000656921988220672,0.0007171533549465646,0.3023528478211296
109.33333333333333,0.0006991405210065816,0.0007704981765964617,0.30195620939451995
109.375,0.0007494908628924194,0.0008280548705516855,0.30158320560254176
109.41666666666667,0.0008052048929732458,0.0008861543790163844,0.3012347516115779
109.45833333333333,0.0008628463070165968,0.0009408940444359641,0.30091018781064943
109.5,0.0009183615363131888,0.000988856213834274,0.30060733664927214
109.54166666666667,0.0009685641782378497,0.0010270696473104763,0.3003227276791579
109.58333333333333,0.0010103847563372997,0.001053317759586973,0.30005183046772443
109.625,0.001041369686236356,0.0010660359441471694,0.29978936102988507
109.66666666666667,0.0010598986818885455,0.0010644936289826482,0.29952958533239726
109.70833333333333,0.001064624937484742,0.0010487110046762187,0.29926664407301357
109.75,0.0010552650388986915,0.0010195146063625528,0.29899487838509586
109.79166666666667,0.0010308409822729855,0.0009776361909971,0.29870900122584426
109.83333333333333,0.0009915620578623315,0.0009252190527232062,0.29840422261400273
109.875,0.0009403239129326945,0.0008666430013301292,0.29807717004361983
109.91666666666667,0.0008819297713827402,0.0008063123523659775,0.2977263161390162
109.95833333333333,0.0008209481286023972,0.0007483117048487761,0.29735186253808527
110.0,0.0007609195515576125,0.0006967324657294222,0.2969556706684432
110.04166666666667,0.0007065262689023327,0.000655306860128832,0.2965412099319848
110.08333333333333,0.0006612604054050279,0.0006271160277093883,0.2961133221405362
110.125,0.0006288222139423117,0.0006143141007987445,0.29567791362953655
110.16666666666667,0.0006115119637468834,0.0006179218947471185,0.2952415135284994
110.20833333333333,0.000610838048866237,0.0006376933866586953,0.2948107902656083
110.25,0.0006269003912351614,0.0006721655717560381,0.29439203916545564
110.29166666666667,0.0006577230796819964,0.0007180417479420992,0.2939906079153595
110.33333333333333,0.0006999835347215432,0.0007714470136207538,0.29361023630772576
110.375,0.0007503767804242566,0.0008290670634952986,0.2932532477551111
110.41666666666667,0.0008061878825160229,0.0008872258721967928,0.292920546751465
110.45833333333333,0.0008638275021061258,0.0009420258309615304,0.2926114834852862
110.5,0.0009194910090429708,0.00099004036839629,0.292323909870724
110.54166666666667,0.0009696707126560356,0.001028296574389155,0.29205438900503444
110.58333333333333,0.001011602258289404,0.0010545703642530493,0.2917984407737376
110.625,0.0010426014298680062,0.0010673048283375592,0.29155083497558565
110.66666666666667,0.001061158659909713,0.001065757234881383,0.2913058951155586
110.70833333333333,0.001065906380787392,0.0010499609820146087,0.291057820284708
110.75,0.0010565201771709277,0.0010207214982821255,0.2908010049560552
110.79166666666667,0.001032099098364597,0.000978810088058767,0.2905302148049687
110.83333333333333,0.0009927786503584161,0.0009263345721177406,0.29024070631251214
110.875,0.000941495115414549,0.0008676889711519455,0.2899291307959012
110.91666666666667,0.0008830224865561472,0.0008072877766608429,0.2895939721261113
110.95833333333333,0.0008219813733648402,0.0007492191954098552,0.2892354294481225
111.0,0.000761870928685289,0.0006975729530415361,0.2888553395502367
111.04166666666667,0.0007074114561312937,0.0006560927594677655,0.2884571385308358
111.08333333333333,0.00066206983445908,0.0006278577312962563,0.28804561774294163
111.125,0.0006295841703837159,0.0006150292579045989,0.28762662810920564
111.16666666666667,0.0006122256151328407,0.0006186257142224354,0.28720663695677423
111.20833333333333,0.0006115309246048417,0.000638405864776426,0.2867922520873731
111.25,0.0006275792895551225,0.0006728902270400123,0.28638970956285714
111.29166666666667,0.0006584073811660965,0.0007188109203514104,0.28600430688877065
111.33333333333333,0.0007007080318528597,0.0007722684585468152,0.2856397665623205
111.375,0.0007511618846013806,0.0008299440987688941,0.285298389673106
111.41666666666667,0.000807023848326401,0.0008881518964700243,0.28498106943347135
111.45833333333333,0.0008647018637435858,0.0009430028393080529,0.28468716576816744
111.5,0.0009204364759578783,0.0009910619830984526,0.2844145543785198
111.54166666666667,0.0009706535414170134,0.0010293545488158072,0.28415983009164775
111.58333333333333,0.0010126391397537752,0.001055651730459148,0.2839185546441234
111.625,0.0010436692950631771,0.0010683986158538416,0.28368554386570805
111.66666666666667,0.0010622535192089668,0.0010668499171467892,0.28345517179496715
111.70833333333333,0.0010670067746617895,0.001051036531539542,0.2832216871354642
111.75,0.0010576131305117483,0.0010217640633871574,0.2829795328384432
111.79166666666667,0.0010331576622798317,0.000979809697474843,0.2827235108108417
111.83333333333333,0.0009938112694966457,0.0009272897135867848,0.28244892144401385
111.875,0.000942495375014766,0.0008685900334271488,0.28215244441644216
111.91666666666667,0.0008839674301899727,0.0008081270720951375,0.28183257091656627
111.95833333333333,0.0008228630113801597,0.0007499991900352477,0.2814894918865465
112.0,0.0007626906415213406,0.0006982951720837903,0.2811250304569036
112.04166666666667,0.0007081670119402073,0.0006567681375461438,0.28074258501172705
112.08333333333333,0.0006627671821083997,0.0006284934200309041,0.28034691185844324
112.125,0.0006302372107905231,0.0006156429693477443,0.27994380792010604
112.16666666666667,0.0006128378037652221,0.0006192305770139214,0.27953969068992635
112.20833333333333,0.0006121298723908422,0.0006390162090091281,0.27914111393800844
112.25,0.0006281773576298699,0.0006735342685714938,0.27875426778925805
112.29166666666667,0.0006590350833439583,0.0007194849409985001,0.27838441702432054
112.33333333333333,0.0007013569983752894,0.0007729741825262727,0.2780352385083979
112.375,0.0007518263081400992,0.0008306890091083066,0.2777090222800046
112.41666666666667,0.0008077064389149179,0.0008889499870034833,0.27740666654509977
112.45833333333333,0.0008655016490092304,0.0009438439126973551,0.27712753881873387
112.5,0.0009212113411676279,0.0009919428846186205,0.2768695287866885
112.54166666666667,0.0009715287374423739,0.0010302628716058965,0.2766292621988969
112.58333333333333,0.0010135234474610581,0.001056583482944808,0.2764023331083167
112.625,0.0010445847038357315,0.0010693371048896424,0.27618359852725244
112.66666666666667,0.001063193142672345,0.0010677853429944721,0.27596747475544275
112.70833333333333,0.001067947325330405,0.0010519566841929685,0.2757482520856112
112.75,0.0010585703547180143,0.0010226787221210823,0.2755204153014632
112.79166666666667,0.0010340957195862518,0.0009806730374094848,0.27527880845544545
112.83333333333333,0.0009947121169651958,0.0009281065987538702,0.27501875828518746
112.875,0.0009433386504416171,0.0008693587668809984,0.2747369631049978
112.91666666666667,0.0008847810671756527,0.0008088485547138924,0.2744319291814132
112.95833333333333,0.0008236197291841085,0.0007506662353359265,0.2741038411767737
113.0,0.0007633949282839165,0.0006989167121299339,0.27375450583557154
113.04166666666667,0.0007088153684618271,0.0006573458364320747,0.27338729467612943
113.08333333333333,0.000663374580937273,0.0006290424707760542,0.2730069272657038
113.125,0.0006307905449240296,0.0006161686205313175,0.27261916188421986
113.16666666666667,0.000613373135725728,0.0006197492113715412,0.2722303679368837
113.20833333333333,0.000612633305053039,0.0006395403087469036,0.27184705499792833
113.25,0.0006286772756312651,0.0006740658439428668,0.27147537157651586
113.29166666666667,0.0006595319318269732,0.0007200371600848958,0.2711205426329748
113.33333333333333,0.0007018756862190435,0.0007735800373436071,0.27078623116436246
113.375,0.0007523939154780276,0.0008313370661729333,0.27047471729041317
113.41666666666667,0.0008083573101573567,0.0008896303586153415,0.2701868879529965
113.45833333333333,0.0008661086557592777,0.0009445677652698653,0.2699221155362244
113.5,0.0009219460896965982,0.000992696269438144,0.2696783102405902
113.54166666666667,0.000972249329807362,0.0010310483925095445,0.2694521190896022
113.58333333333333,0.0010142959458910522,0.0010573831560306438,0.26923916873745
113.625,0.001045392851610657,0.0010701471779812019,0.2690343505155456
113.66666666666667,0.00106400181814106,0.0010685930621307728,0.26883211606069396
113.70833333333333,0.001068768170947027,0.001052749990291634,0.2686267929025341
113.75,0.0010593925519625236,0.0010234584256171913,0.26841289456212736
113.79166666666667,0.0010349108981217627,0.0009814095157695969,0.2681853093922633
113.83333333333333,0.0009954627559154692,0.0009288012876045947,0.26793936258539486
113.875,0.0009440118176829615,0.0008700259269387032,0.2676718026126362
113.91666666666667,0.0008855870619272205,0.0008094682990255129,0.26738113863882906
113.95833333333333,0.0008241367363814907,0.0007512336513916146,0.26706753987534054
114.0,0.000764132341060244,0.0006994511512049327,0.2667328100444833
114.04166666666667,0.0007093034939122239,0.0006578473800986785,0.2663802922666689
114.08333333333333,0.0006638901190197744,0.0006295116358869115,0.2660146804266414
114.125,0.0006312861457976452,0.0006166241448832256,0.2656416938088421
114.16666666666667,0.0006138474784361905,0.0006201968973741719,0.2652676645888983
114.20833333333333,0.0006130614774800933,0.0006399900049453215,0.264899061445564
114.25,0.0006291198043669366,0.0006745376435993761,0.2645419956320431
114.29166666666667,0.0006599948141119351,0.0007205367412949095,0.26420166376505744
114.33333333333333,0.0007023537875079198,0.0007740986525668757,0.26388171342923755
114.375,0.0007529019774916849,0.0008318831203533057,0.26358440927766713
114.41666666666667,0.0008088322144775301,0.000890215405051838,0.263310634452988
114.45833333333333,0.0008667351107988501,0.0009451883032622192,0.2630597751314224
114.5,0.0009224797818417517,0.0009933422803183117,0.2628297476839972
114.54166666666667,0.0009729535336786683,0.001031719386620026,0.262617223492147
114.58333333333333,0.0010148982896507166,0.001058068120586042,0.262417852259611
114.625,0.001046117714729933,0.001070837121484946,0.26222655662700667
114.66666666666667,0.0010646645073294602,0.0010692806596617555,0.26203781660378916
114.70833333333333,0.0010694842963311151,0.001053425452779603,0.26184599252093665
114.75,0.0010600786361103834,0.0010241237413043808,0.26164562735035
114.79166666666667,0.0010355786081217584,0.0009820389320480218,0.26143164116302153
114.83333333333333,0.0009961341770331686,0.000929398939788052,0.26119937229068485
114.875,0.0009446436269774763,0.000870586200278465,0.26094559287579894
114.91666666666667,0.0008861722933070969,0.0008099936554370415,0.26066881230032524
114.95833333333333,0.0008246898354760053,0.0007517204583927239,0.26036920169411776
115.0,0.0007646454871249965,0.000699903441086017,0.260048551043308
115.04166666666667,0.0007097759249658555,0.0006582686151695791,0.2597101842320938
115.08333333333333,0.0006643308227552067,0.0006299093885965042,0.2593587698598663
115.125,0.0006316944748795433,0.0006170072758437198,0.2589999960378321
115.16666666666667,0.0006142296265098613,0.0006205743224501761,0.2586401624320673
115.20833333333333,0.0006134361489497612,0.0006403725916730138,0.2582857057661764
115.25,0.0006294806182194827,0.0006749239065052603,0.2579427052576175
115.29166666666667,0.000660356400829575,0.000720939463834483,0.257616330561554
115.33333333333333,0.0007027391920304372,0.0007745387847491681,0.25731022155122624
115.375,0.00075330513236827,0.0008323585625196918,0.2570266316760285
115.41666666666667,0.0008093331949304182,0.0008907146873599063,0.25676643837077723
115.45833333333333,0.0008671537116211524,0.0009457131271858615,0.25652902667945215
115.5,0.0009230581379196407,0.0009938962253826494,0.2563123317155878
115.54166666666667,0.0009734244124361294,0.0010322886345157157,0.25611304017740905
115.58333333333333,0.0010155237310344857,0.0010586501784396844,0.25592682515704346
115.625,0.0010466541803394603,0.0010714259376968676,0.25574862990672703
115.66666666666667,0.0010652861156002108,0.0010698649075598671,0.25557296513432487
115.70833333333333,0.0010700582637669875,0.00105400357775319,0.2553942156121873
115.75,0.0010606393297381811,0.0010246494319923445,0.25520695195656173
115.79166666666667,0.0010361394712977358,0.0009825890796874603,0.25500610210950686
115.83333333333333,0.0009967003782037102,0.0009299248567991237,0.2547870676857579
115.875,0.0009452507296804002,0.0008710634091140653,0.25454659381700073
115.91666666666667,0.0008865621269198951,0.0008104342351211405,0.2542832005050737
115.95833333333333,0.0008252985737744748,0.0007521411370514034,0.2539970658602304
116.0,0.0007649442512223045,0.0007002818108404474,0.2536899598897965
116.04166666666667,0.0007102524059999842,0.0006586216754413897,0.25336519804345353
116.08333333333333,0.000664692118835844,0.0006302455789143427,0.25302741962038633
116.125,0.0006320289161358457,0.0006173277176030442,0.2526822915361707
116.16666666666667,0.0006145297868012245,0.0006208905914765238,0.25233608358801246
116.20833333333333,0.0006137614434050465,0.0006406929712622024,0.2519952067995656
116.25,0.0006297945594781676,0.0006752585909772538,0.25166571764737516
116.29166666666667,0.0006606692158118373,0.0007212946303682806,0.2513527663024264
116.33333333333333,0.0007030691790428163,0.0007749032514097734,0.251059968273304
116.375,0.000753663026083446,0.0008327513483823595,0.2507895705999133
116.41666666666667,0.0008096874318849087,0.0008911417457120387,0.2505424572245664
116.45833333333333,0.000867599000020878,0.0009461624597618265,0.25031801633539963
116.5,0.0009234670850862283,0.0009943675497541295,0.2501141890253413
116.54166666666667,0.00097392051756492,0.0010327749811448329,0.24992767718391484
116.58333333333333,0.0010159891371166537,0.001059150113392872,0.2497541723477292
116.625,0.0010471632872479206,0.00107192628387353,0.2495886401677533
116.66666666666667,0.0010657913490454006,0.0010703662849652364,0.24942561169316438
116.70833333333333,0.0010705658429593012,0.0010544914148188918,0.24925949477414103
116.75,0.0010611394478344982,0.0010251240357323835,0.24908488107246637
116.79166666666667,0.0010365977531604047,0.0009830153775361454,0.24889671426340512
116.83333333333333,0.0009971187198636658,0.0009303343520170233,0.2486903988992179
116.875,0.0009456503241263974,0.0008714736031454162,0.24846272404298747
116.91666666666667,0.0008870521514206498,0.0008108199832361041,0.24821220857239928
116.95833333333333,0.0008256485583987787,0.0007524832781124712,0.2479390165550542
117.0,0.0007653704729638432,0.000700617613574298,0.2476449127970843
117.04166666666667,0.0007105196257392247,0.0006589205504966443,0.2473331991178247
117.08333333333333,0.0006650950112984697,0.0006305380068603757,0.24700849800874858
117.125,0.0006322672892556731,0.0006176080798355604,0.24667645115118375
117.16666666666667,0.000614830640978608,0.0006211624653503243,0.24634330855947817
117.20833333333333,0.0006140428700560956,0.0006409704031724361,0.24601545335290032
117.25,0.0006300395489656726,0.0006755403466286193,0.2456989204108085
117.29166666666667,0.0006609419054214367,0.0007215883283679911,0.24539883785850805
117.33333333333333,0.0007033614324135829,0.0007752304082739281,0.24511882241935762
117.375,0.0007539728158517203,0.0008330975600576975,0.24486111328943286
117.41666666666667,0.0008100428967430157,0.0008915016168496546,0.24462658264603065
117.45833333333333,0.0008679248956290685,0.0009465454684277414,0.24441462273430337
117.5,0.0009238723806274541,0.0009947683059878232,0.24422318899674658
117.54166666666667,0.0009742916881812848,0.0010331903044472957,0.24404899375669573
117.58333333333333,0.001016424238422571,0.0010595726724344787,0.24388774287737927
117.625,0.0010475830497775574,0.0010723538825496586,0.24373442043551508
117.66666666666667,0.001066226091462826,0.001070787638342485,0.24358357654338625
117.70833333333333,0.0010709960602168047,0.0010549074753038899,0.24342963721413538
117.75,0.0010615759670121925,0.0010255345193345307,0.24326721318853436
117.79166666666667,0.0010370235961013412,0.0009834071356414258,0.24309126246568233
117.83333333333333,0.0009975423790242624,0.0009307085093535848,0.2428972178272414
117.875,0.0009460502005631369,0.0008718135844421678,0.2426818560520384
117.91666666666667,0.0008873936454376029,0.0008111346773967702,0.2424437072951707
117.95833333333333,0.000825995899615814,0.0007527833341377402,0.24218293851391712
118.0,0.0007656604482891624,0.0007008877417374493,0.2419013055200969
118.04166666666667,0.0007108530457076455,0.0006591768487750513,0.24160209894032528
118.08333333333333,0.0006653012297359442,0.0006307757516597634,0.24128992001236668
118.125,0.0006325411408643559,0.0006178336240560983,0.24097039682793747
118.16666666666667,0.0006150577640118495,0.0006213906127650947,0.240649755713852
118.20833333333333,0.0006142415980986792,0.0006411985210116765,0.240334363928494
118.25,0.0006302847933585611,0.0006757801432890912,0.24003023932835885
118.29166666666667,0.0006611866599385533,0.0007218531354943143,0.23974250161779792
118.33333333333333,0.0007036003460010289,0.0007754927308834775,0.23947474129712157
118.375,0.0007542274098151647,0.0008333787675672105,0.2392291950660308
118.41666666666667,0.0008103012375697016,0.0008918106748063668,0.23900674156347076
118.45833333333333,0.0008682481753364412,0.0009468685617054802,0.23880677566857492
118.5,0.0009241761112912884,0.0009951088970001866,0.23862725580506947
118.54166666666667,0.0009746362874873186,0.0010335402216757766,0.23846490570649398
118.58333333333333,0.001016781288921602,0.0010599308812430724,0.2383154453172221
118.625,0.0010479369439442593,0.0010727145262134279,0.2381738711670931
118.66666666666667,0.0010665938558679898,0.001071144539171325,0.2380347510246604
118.70833333333333,0.0010713593508934484,0.0010552569979302578,0.23789252550428341
118.75,0.001061933925984019,0.0010258732382568965,0.23774182125676827
118.79166666666667,0.0010373843533894652,0.0009837412706831966,0.23757761357238066
118.83333333333333,0.0009978973458635695,0.0009310220840828196,0.237395351307207
118.875,0.0009463920454676658,0.0008720976179547285,0.2371918084524006
118.91666666666667,0.0008876551000481272,0.0008114020219909737,0.2369655167914997
118.95833333333333,0.0008263137245072932,0.0007530378010871778,0.23671664897827735
119.0,0.0007658902815749953,0.0007011139017535842,0.23644695434733076
119.04166666666667,0.0007111199066014575,0.0006593973383399042,0.23615970793770197
119.08333333333333,0.0006654965335769241,0.0006309766531809942,0.23585950602290026
119.125,0.0006327745498759911,0.0006180322710261914,0.23555195545770272
119.16666666666667,0.0006152343984314809,0.0006215827913058625,0.23524326825449876
119.20833333333333,0.0006144438700767069,0.0006413933018774781,0.234939794420942
119.25,0.0006304561461580961,0.0006759708306069644,0.23464753410665928
119.29166666666667,0.0006613528031748575,0.0007220548773587409,0.23437159027920804
119.33333333333333,0.0007037993351463106,0.0007757195961662283,0.23411555950545895
119.375,0.0007544553861007806,0.0008336258039319512,0.233881667370483
119.41666666666667,0.0008105247996714398,0.0008920703587039909,0.233670788722564
119.45833333333333,0.0008685332964981337,0.0009471453593422279,0.23348232400064556
119.5,0.0009244204134243179,0.0009953967615361765,0.23331423584330682
119.54166666666667,0.0009749675745899282,0.0010338395504128144,0.23316325699515575
119.58333333333333,0.0010170516712961724,0.0010602377092863201,0.23302511727535594
119.625,0.0010482743374465712,0.0010730204004354483,0.2328948279638849
119.66666666666667,0.0010669046197657687,0.0010714512782455455,0.23276696815366132
119.70833333333333,0.0010716753365327862,0.0010555538672640872,0.23263599303354016
119.75,0.0010622505978626939,0.0010261678073338045,0.23249654051025792
119.79166666666667,0.001037674375499538,0.0009840053860152842,0.23234359777306884
119.83333333333333,0.0009981683145147606,0.0009312748286585457,0.23217261233616496
119.875,0.0009466395454869418,0.00087234619103764,0.23198038843250923
119.91666666666667,0.0008879555100118971,0.0008116318131035931,0.2317654509405576
119.95833333333333,0.0008265257407004293,0.0007532430857233426,0.23152796971717632
120.0,0.0007661390485371386,0.0007013138675427008,0.23126968598512454
120.04166666666667,0.0007113012403782794,0.000659574688350568,0.23099387254851494
120.08333333333333,0.0006657141587739326,0.0006311510862193502,0.23070510904860947
120.125,0.0006329228290211348,0.0006181953992770259,0.23040899259469005
120.16666666666667,0.0006154218654851483,0.0006217452194506197,0.2301117198807169
120.20833333333333,0.0006145919398396854,0.0006415571712207795,0.22981962704443773
120.25,0.0006306380611133088,0.0006761555423570068,0.2295387047477565
120.29166666666667,0.0006615405199125424,0.0007222381861467905,0.22927404597456785
120.33333333333333,0.00070396930997882,0.0007759071657909085,0.2290292293828666
120.375,0.0007546275024022638,0.0008338251279783271,0.22880648234538184
120.41666666666667,0.0008107394336615344,0.0008922888688802291,0.22860668404575823
120.45833333333333,0.0008687234881476077,0.0009473769300894835,0.22842923293974843
120.5,0.000924679866612781,0.0009956413958709073,0.22827209662808517
120.54166666666667,0.0009751900467915716,0.0010340925498508694,0.22813201602079614
120.58333333333333,0.0010173307034485129,0.0010604948334028263,0.22800473079982403
120.625,0.0010485237840170674,0.0010732800639158347,0.2278852610079623
120.66666666666667,0.0010671776199939777,0.0010717081139505593,0.22776819741176904
120.70833333333333,0.0010719367456447305,0.0010558036630113976,0.22764800562476598
120.75,0.0010625087148241226,0.0010264095107633026,0.22751933536196295
120.79166666666667,0.0010379561351430454,0.0009842592381599125,0.22737718916001648
120.83333333333333,0.0009984347460892872,0.0009314993793373357,0.22721701844277192
120.875,0.0009468769201178199,0.0008725484839378632,0.2270356214491631
120.91666666666667,0.0008881665009939301,0.0008118209503721245,0.2268315378352703
120.95833333333333,0.0008267150108993162,0.0007534181759191568,0.22660493248177507
121.0,0.0007663407156823061,0.0007014791850714062,0.22635754653782159
121.04166666666667,0.0007114524148271162,0.0006597267821643869,0.22609264352936653
121.08333333333333,0.0006658948782899232,0.0006312961186960767,0.22581479565646392
121.125,0.0006330526818217261,0.000618333694576394,0.225529586636551
121.16666666666667,0.0006155703678761517,0.0006218803824100398,0.22524320235971412
121.20833333333333,0.0006147211392926865,0.0006416933412733579,0.2249619657055421
121.25,0.0006307451983210484,0.000676276545475284,0.22469185296585018
121.29166666666667,0.0006616560267947103,0.0007223820459026617,0.22443794866081318
121.33333333333333,0.0007040993617786306,0.0007760694948682865,0.2242038415671398
121.375,0.0007548031455054436,0.0008340023084656234,0.22399174631668273
121.41666666666667,0.0008108973577565162,0.0008924749966724437,0.22380253799643976
121.45833333333333,0.0008689403261203861,0.0009475747855411766,0.22363561973945228
121.5,0.0009248470176254424,0.0009958470129271734,0.22348896145463398
121.54166666666667,0.0009754412325430972,0.0010343067650114975,0.22335931174404924
121.58333333333333,0.0010175252741109284,0.0010607129493176593,0.2232424165692486
121.625,0.0010487738194930592,0.0010734983945629101,0.22313330489668426
121.66666666666667,0.0010673907162185336,0.001071924576830644,0.22302657683477423
121.70833333333333,0.00107217029374636,0.0010560140747109448,0.22291670784560075
121.75,0.001062728720857374,0.0010266173507320734,0.22279835540919285
121.79166666666667,0.0010381708415762975,0.0009844565570010057,0.22266653214060056
121.83333333333333,0.0009986452405789555,0.0009316833272306656,0.22251669418565873
121.875,0.0009470681709033468,0.0008727198522238594,0.22234564498835097
121.91666666666667,0.0008883522159622065,0.0008119797381406274,0.22215192682451923
121.95833333333333,0.0008268754828444177,0.0007535650538938969,0.22193570471110793
122.0,0.0007665028721341577,0.0007016158796161133,0.2216987162291305
122.04166666666667,0.0007115844675007284,0.0006598537475303342,0.22144421688472937
122.08333333333333,0.0006660401006743918,0.0006314168365250259,0.2211767729455085
122.125,0.0006331718021837562,0.0006184499359020534,0.22090195965079545
122.16666666666667,0.0006156887682016905,0.0006219946300448658,0.22062595199001456
122.20833333333333,0.0006148429630385975,0.0006418114266500804,0.22035506432048496
122.25,0.0006308691919453196,0.0006764153274196243,0.22009526945916388
122.29166666666667,0.0006618017715701789,0.0007225087188601882,0.21985163975302885
122.33333333333333,0.0007042395935561459,0.0007762018891138337,0.2196277453618493
122.375,0.0007549083706250165,0.0008341430885155256,0.21942581122569066
122.41666666666667,0.0008110601915071983,0.0008926289092359057,0.21924671345770383
122.45833333333333,0.0008690676606759012,0.0009477401663889026,0.21908985313834659
122.5,0.0009250585980540755,0.0009960220497360578,0.2189532076090403
122.54166666666667,0.0009755860267376109,0.0010344880241082302,0.2188335252742551
122.58333333333333,0.0010177422916275022,0.0010608970837608556,0.2187265627489873
122.625,0.0010489472303852705,0.0010736840950687659,0.21862735402560657
122.66666666666667,0.001067595747883754,0.0010721063582943393,0.21853050727966264
122.70833333333333,0.0010723525455427847,0.0010561903209048264,0.21843050454767765
122.75,0.0010629159221438383,0.0010267869836258423,0.21832201227121248
122.79166666666667,0.001038347474798765,0.0009846149195998437,0.21820004871308188
122.83333333333333,0.000998806115781707,0.0009318325301013774,0.21806007587879878
122.875,0.0009472221382166679,0.0008728607493320656,0.21789890311130397
122.91666666666667,0.0008885005449830692,0.000812112143468298,0.21771507437346305
122.95833333333333,0.0008270176572851239,0.0007536875471038157,0.21750875251685825
123.0,0.0007666300673663884,0.0007017294645155295,0.2172816721864272
123.04166666666667,0.0007117061815700534,0.0006599595861080062,0.21703708494447752
123.08333333333333,0.0006661468066101621,0.0006315164628261026,0.21677955028549573
123.125,0.0006332735848720943,0.0006185444832805326,0.21651463556275755
123.16666666666667,0.0006157845743218838,0.0006220890478298951,0.21624850720439678
123.20833333333333,0.0006149264923535439,0.000641903014483951,0.21598747049729375
123.25,0.0006309596318763049,0.0006765070537084195,0.2157374885757521
123.29166666666667,0.0006618966445170477,0.0007226206818252561,0.21550363822849894
123.33333333333333,0.0007043419622286107,0.0007763162092430788,0.21528947917109353
123.375,0.0007550379808020189,0.0008342634591362091,0.21509723169426195
123.41666666666667,0.000811158711285756,0.0008927622336256241,0.21492777569601584
123.45833333333333,0.0008692379423538881,0.0009478802536500098,0.21478051405688922
123.5,0.0009251633419507827,0.0009961694944544438,0.21465342163155676
123.54166666666667,0.0009757692759173892,0.0010346390790797549,0.21454325784668316
123.58333333333333,0.0010178885846427919,0.0010610527626957551,0.21444577826432365
123.625,0.001049117108016949,0.0010738377295984038,0.21435602546673424
123.66666666666667,0.0010677579792829164,0.0010722596119111716,0.21426861314864637
123.70833333333333,0.001072507864364257,0.0010563359437140282,0.21417802962819668
123.75,0.001063079545221402,0.0010269347552594235,0.21407894862813015
123.79166666666667,0.0010384864734106214,0.0009847433944367154,0.2139663926468981
123.83333333333333,0.0009989440987424386,0.0009319624170065026,0.21383582820043529
123.875,0.0009473474342680858,0.0008729837319858779,0.21368406978314117
123.91666666666667,0.0008886673992304586,0.000812223013339643,0.21350966470484717
123.95833333333333,0.0008270775090382965,0.0007537877201229537,0.2133127697530853
124.0,0.0007668050297378282,0.0007018251695591442,0.2130951232708981
124.04166666666667,0.0007117533541122365,0.0006600517658146718,0.2128599687641416
124.08333333333333,0.0006662502242784566,0.0006315974189144235,0.21261186358265058
124.125,0.0006334041670558664,0.0006186328606451106,0.212356366662263
124.16666666666667,0.000615826861267145,0.000622168714308398,0.2120996398121586
124.20833333333333,0.0006150394752166486,0.0006419845871331963,0.21184798012037895
124.25,0.0006310391959161175,0.0006765956137631882,0.21160734203721573
124.29166666666667,0.0006619529312772707,0.0007227002236442971,0.21138279348418063
124.33333333333333,0.0007044311479928541,0.0007764142443598372,0.2111779023955469
124.375,0.0007551371964110154,0.0008343691194664103,0.21099488470794817
124.41666666666667,0.0008112785561286921,0.0008928689615377339,0.21083461366230288
124.45833333333333,0.0008693320172981475,0.0009480008385032594,0.21069649576077368
124.5,0.0009253118001881382,0.0009962935178153992,0.21057851209149783
124.54166666666667,0.0009759022504105322,0.0010347725863613672,0.21047742080416126
124.58333333333333,0.0010180150460558594,0.0010611865035454805,0.21038898403025533
124.625,0.0010492903981064307,0.0010739750253870948,0.21030825125338098
124.66666666666667,0.001067882137378183,0.0010723923092866492,0.21022983931828215
124.70833333333333,0.001072670568972133,0.001056462315549061,0.2101482423158841
124.75,0.0010631685609327898,0.0010270238294704742,0.21005812752365208
124.79166666666667,0.0010385580690633184,0.0009848198663697176,0.20995452877374615
124.83333333333333,0.0009990102432533502,0.0009320508041856618,0.2098329167539779
124.875,0.0009474380573451273,0.0008730808804608973,0.2096901307661846
124.91666666666667,0.0008887704844085794,0.000812315026462026,0.2095246997054982
124.95833333333333,0.0008271813567122435,0.0007538726150962757,0.2093367815145715
125.0,0.0007668837788193268,0.0007019031808856718,0.20912811204393242
125.04166666666667,0.0007118414466753247,0.0006601235193351361,0.2089019319814501
125.08333333333333,0.0006663354794645712,0.0006316665453601782,0.2086627942184351
125.125,0.000633454844675465,0.0006186976398763137,0.2084162518734323
125.16666666666667,0.0006159016790522881,0.0006222341686202878,0.20816846187885882
125.20833333333333,0.000615104244094153,0.0006420507748656277,0.20792571553053552
125.25,0.0006310921635053575,0.0006766585269435579,0.20769396197789375
125.29166666666667,0.0006620127418317628,0.0007227672201601988,0.20747826350835835
125.33333333333333,0.0007044997659150537,0.0007764939029658796,0.20728219068577763
125.375,0.0007552129522051947,0.0008344583282080249,0.2071079593520005
125.41666666666667,0.0008113994171977923,0.000892961824319123,0.20695643684894918
125.45833333333333,0.0008693899703364615,0.0009480984292491903,0.20682702945582718
125.5,0.0009254602208579829,0.0009963992306604157,0.20671772213900577
125.54166666666667,0.0009759687214927784,0.0010348801017337858,0.2066252767909781
125.58333333333333,0.0010181742561135138,0.0010612945765896423,0.20654545916687272
125.625,0.0010493717134180372,0.001074082483814616,0.20647331978419306
125.66666666666667,0.0010680211911476899,0.0010724945857072258,0.20640348110714535
125.70833333333333,0.0010727650389078009,0.0010565676911420126,0.20633044158755048
125.75,0.0010632777033319886,0.0010271166446461874,0.20624887969615463
125.79166666666667,0.0010386644993499786,0.000984921838125154,0.20615381924577167
125.83333333333333,0.0009991175831858472,0.0009321426029913066,0.20604075771944502
125.875,0.0009475595253134906,0.0008731579651207655,0.20590650699641921
125.91666666666667,0.0008888001942510268,0.0008123870444056084,0.20574961208639111
125.95833333333333,0.0008273269849676102,0.0007539462037873501,0.2055702334968279
126.0,0.000766874694501059,0.0007019630825398341,0.2053701009893885
126.04166666666667,0.0007119927949487585,0.0006601815678001828,0.20515245397436935
126.08333333333333,0.000666332640731573,0.0006317213822254529,0.2049218374426727
126.125,0.0006335195166475434,0.0006187446950563,0.20468380354540025
126.16666666666667,0.0006159677766577652,0.0006222868974062044,0.20444450303825318
126.20833333333333,0.0006151285686172863,0.0006421029360133493,0.20421022530586552
126.25,0.000631152178328736,0.0006767044101019785,0.20398691581321146
126.29166666666667,0.0006620662984793128,0.0007228319798136351,0.20377963324485557
126.33333333333333,0.0007045521930738072,0.0007765543398576397,0.20359194390271274
126.375,0.000755288839753183,0.0008345280101119076,0.20342606041494002
126.41666666666667,0.0008114431109773685,0.0008930430632506399,0.20328285567750584
126.45833333333333,0.0008695298476578763,0.0009481822162531698,0.203161735362674
126.5,0.0009255030180170508,0.0009964888411470895,0.20306068536823577
126.54166666666667,0.0009761066171882329,0.0010349698774594982,0.2029764696303586
126.58333333333333,0.0010182538511614191,0.0010613893677717161,0.2029048552649914
126.625,0.0010494790705781382,0.0010741730691300163,0.20284089705037275
126.66666666666667,0.0010681246574244618,0.0010725871098134466,0.20277922057387326
126.70833333333333,0.0010728584184841023,0.0010566522429298222,0.20271432775333573
126.75,0.0010633756644644985,0.0010272025110412357,0.20264090132612514
126.79166666666667,0.0010387662548060432,0.0009850109462203622,0.20255397217840232
126.83333333333333,0.0009992085447985272,0.0009322186095555053,0.2024490285487433
126.875,0.0009476381432437257,0.0008732276113637982,0.2023229013840423
126.91666666666667,0.0008888766792805046,0.0008124506484421792,0.20217412315558528
126.95833333333333,0.0008273899645745995,0.0007540028167096084,0.20200285727059747
127.0,0.0007669423807997038,0.0007020181638920045,0.20181083268664046
127.04166666666667,0.0007120394661480892,0.000660230569681231,0.20160128806211203
127.08333333333333,0.0006664046079117443,0.0006317710416009259,0.2013787639773027
127.125,0.0006335536524943052,0.0006187901665422409,0.20114881107119817
127.16666666666667,0.0006160278896878366,0.000622331749609433,0.20091757461426424
127.20833333333333,0.0006151691588537653,0.0006421486365320807,0.2006913405220155
127.25,0.0006312087358983584,0.0006767644249052441,0.20047605343561445
127.29166666666667,0.0006621346209018886,0.000722881300404116,0.2002767682557404
127.33333333333333,0.000704600852984888,0.0007766048569594203,0.20009704193280434
127.375,0.0007553250852630312,0.0008345833197237245,0.19993909186794134
127.41666666666667,0.0008115201362578661,0.000893107772117439,0.19980379338194404
127.45833333333333,0.0008695769737418461,0.0009482530017143674,0.19969055194684657
127.5,0.0009256122928738526,0.000996563986331877,0.1995973537158131
127.54166666666667,0.0009761760406167844,0.0010350497020997517,0.19952096223736687
127.58333333333333,0.0010183576352106227,0.0010614685228698875,0.19945715137465994
127.625,0.0010495679452562244,0.0010742538198476466,0.19940097521989875
127.66666666666667,0.0010682125539828685,0.0010726633618144221,0.19934706348116485
127.70833333333333,0.0010729445438285834,0.00105672461308393,0.1992899197931164
127.75,0.0010634754424897214,0.0010272911375197437,0.19922423148551405
127.79166666666667,0.0010388698848426844,0.0009850879219337257,0.1991450375202962
127.83333333333333,0.000999298268846714,0.0009322785402655332,0.1990478200280568
127.875,0.0009476906390158694,0.0008732795946151728,0.19892940266085607
127.91666666666667,0.000888944109479508,0.0008125022508803594,0.19878833352805672
127.95833333333333,0.0008274304911426848,0.0007540490625601659,0.19862477337460893
128.0,0.0007670131142230004,0.0007020643547133676,0.19844044804778013
128.04166666666666,0.0007120589787141144,0.0006602715285049081,0.1982385947454045
128.08333333333334,0.0006664724620314951,0.0006318106430700574,0.19802375398807479
128.125,0.0006335760716904683,0.0006188271721261757,0.19780147092713918
128.16666666666666,0.000616069951291964,0.000622367205179798,0.19757788797335726
128.20833333333334,0.0006152019633282745,0.0006421836229547488,0.19735928670391223
128.25,0.000631233112912982,0.0006767969836323545,0.19715160847179747
128.29166666666666,0.000662179554762018,0.0007229286377082742,0.1969599127634846
128.33333333333334,0.0007046505007085455,0.0007766524402901136,0.19678774972278187
128.375,0.0007553860103757317,0.0008346327794585565,0.19663733488374197
128.41666666666666,0.0008115517498660661,0.0008931649901909142,0.1965095470368676
128.45833333333334,0.0008696762255440666,0.000948313804651307,0.19640379251495568
128.5,0.0009256418425772047,0.0009966282070645632,0.19631805408016803
128.54166666666666,0.0009762805448959614,0.001035115145735735,0.19624910272123794
128.58333333333334,0.0010184187843253908,0.001061536539759421,0.19619270833320337
128.625,0.0010496539338468998,0.0010743190117660385,0.19614392975964712
128.66666666666666,0.0010682848692264877,0.0010727284397894664,0.1960973980836696
128.70833333333334,0.0010730124359157641,0.0010567832183227947,0.19604761921980632
128.75,0.0010635508076738307,0.0010273548455977985,0.19598928407415447
128.79166666666666,0.001038923764059172,0.0009851363361505702,0.19591743233458717
128.83333333333334,0.0009993539953145948,0.0009323314014196084,0.19582754730621865
128.875,0.000947735564027777,0.0008733296526425853,0.1957164554286996
128.91666666666666,0.0008890337723404964,0.0008125451523648448,0.19558270792313537
128.95833333333334,0.0008274184218989274,0.0007540864054780375,0.19542645971048803
129.0,0.0007671226503642892,0.0007021016299378935,0.19524944207282913
129.04166666666666,0.0007120457291418753,0.0006603096430300121,0.19505488664535073
129.08333333333334,0.0006665162787583422,0.0006318402966276489,0.19484733519309455
129.125,0.0006336571638950961,0.0006188663786341451,0.19463232841549452
129.16666666666666,0.0006160629650082877,0.0006223987127244991,0.1944160082756404
129.20833333333334,0.0006152665582445223,0.0006422161460906127,0.19420465228563538
129.25,0.0006312635848990762,0.0006768320200144909,0.19400419700941704
129.29166666666666,0.0006621822052508906,0.0007229519517386047,0.1938196945461592
129.33333333333334,0.000704684020439839,0.0007766930660985619,0.19365470818827063
129.375,0.0007554320685939956,0.0008346787162811778,0.19351144957421007
129.41666666666666,0.0008116127901340622,0.0008932081771046376,0.19339079070894793
129.45833333333334,0.0008697127662122788,0.0009483680625747113,0.19329214145312829
129.5,0.0009257203605511037,0.0009966826158258183,0.19321348787902975
129.54166666666666,0.0009763501851384469,0.0010351768962705483,0.1931516003111644
129.58333333333334,0.0010184702878602418,0.0010615965139259072,0.19310224925080574
129.625,0.0010497602064866223,0.0010743825316437276,0.1930604989754278
129.66666666666666,0.0010683312904103748,0.0010727871900740847,0.19302097995443881
129.70833333333334,0.0010731052650782484,0.0010568379071182437,0.19297820065422427
129.75,0.001063577216867396,0.001027387185597821,0.1929268441760421
129.79166666666666,0.0010389452185431169,0.0009851556900537762,0.19286195802810388
129.83333333333334,0.000999365351569309,0.0009323524496332299,0.1927790230929788
129.875,0.0009477456421057436,0.0008733651327194437,0.1926748842870177
129.91666666666666,0.0008890920133844391,0.0008125814760922795,0.1925480853767051
129.95833333333334,0.0008274311031538544,0.0007541190908534275,0.19239877792244767
130.0,0.0007671753513410703,0.0007021293059601016,0.1922286934430013
130.04166666666666,0.0007120961963166072,0.000660341562976732,0.19204106180338903
130.08333333333334,0.000666504196240671,0.0006318654588026424,0.19184042423970532
130.125,0.0006337050018396183,0.0006188902077930169,0.19163231863070967
130.16666666666666,0.0006161064952934919,0.0006224265873107363,0.1914228846153061
130.20833333333334,0.0006152673087844636,0.0006422412455876689,0.19121839859648354
130.25,0.0006312968302712579,0.000676854427267822,0.19102479347651877
130.29166666666666,0.0006622103246735847,0.0007229770224825885,0.19084711984962507
130.33333333333334,0.0007047111863616876,0.0007767265145286035,0.1906889438023696
130.375,0.0007554572541702876,0.0008347176771793835,0.1905524785853314
130.41666666666666,0.0008116887464437796,0.0008932482638750917,0.19043859082834175
130.45833333333334,0.0008697196216216824,0.0009484091611763955,0.19034668889149006
130.5,0.0009258192516030421,0.0009967298516515874,0.19027476321917444
130.54166666666666,0.000976354828655552,0.0010352233735269004,0.1902195828766355
130.58333333333334,0.0010185752739412955,0.0010616427790407798,0.19017692287921975
130.625,0.0010497728136917668,0.001074427105918658,0.1901418438942657
130.66666666666666,0.0010684120140014388,0.001072827096462146,0.19010897987171102
130.70833333333334,0.001073131844961564,0.0010568811711792949,0.19007284058083018
130.75,0.0010636098848841849,0.0010274041622715467,0.19002811556454693
130.79166666666666,0.0010389722636018916,0.0009851952965229582,0.1899698421555152
130.83333333333334,0.0009994057465918449,0.0009323964437988623,0.18989353026315411
130.875,0.0009478367094460974,0.0008733911645023636,0.1897960012129174
130.91666666666666,0.0008890226775555528,0.000812604258166776,0.18967579641376814
130.95833333333334,0.0008275865503963382,0.0007541521529520141,0.18953308012674414
131.0,0.0007670715369900039,0.0007021465961102116,0.1893695734347809
131.04166666666666,0.0007122081872875535,0.0006603592056653684,0.18918851180461957
131.08333333333334,0.0006664993582656096,0.0006318837393770461,0.1889944289568819
131.125,0.0006337085903233989,0.000618904224685925,0.18879286455810526
131.16666666666666,0.000616115179305857,0.0006224428064055486,0.1885899561371778
131.20833333333334,0.0006152957233387628,0.0006422591217248669,0.18839197989159473
131.25,0.0006313171379673878,0.0006768835021102814,0.1882048705482516
131.29166666666666,0.000662245170782872,0.0007230118404917728,0.1880336829902985
131.33333333333334,0.0007047509403698338,0.0007767472132191896,0.18788196398798487
131.375,0.0007554918438770516,0.000834741035665924,0.18775192956633419
131.41666666666666,0.0008116807722406177,0.0008932855113282219,0.18764445836693017
131.45833333333334,0.000869816841388065,0.0009484459102588069,0.18755895826321223
131.5,0.0009258242044085241,0.0009967706695031009,0.18749341549302095
131.54166666666666,0.0009764355762007679,0.0010352624849646705,0.18744460013423378
131.58333333333334,0.0010186125523256166,0.0010616868668741376,0.18740828641856222
131.625,0.0010498238086578792,0.0010744656981967378,0.18737953905340032
131.66666666666666,0.0010684669484705952,0.0010728669913457037,0.1873529907264734
131.70833333333334,0.0010731690543535355,0.001056914034232515,0.18732315273680927
131.75,0.0010636591085184637,0.001027442613142716,0.18728471672618116
131.79166666666666,0.0010390206133633687,0.0009852339712616775,0.1872327255761359
131.83333333333334,0.000999461453101529,0.0009324286216549223,0.18716268987136814
131.875,0.0009478729427645619,0.0008734133441380476,0.1870714196949749
131.91666666666666,0.000889033925159605,0.0008126263405577701,0.18695746484614828
131.95833333333334,0.0008276204062234524,0.000754174617893006,0.18682099020407728
132.0,0.0007670889591336689,0.000702166247109107,0.18666371566955925
132.04166666666666,0.0007122348329435469,0.0006603783886743479,0.18648887713591922
132.08333333333334,0.0006665186399151353,0.0006319029994108996,0.18630100564892443
132.125,0.0006337277433041555,0.0006189216556975189,0.18610564185978343
132.16666666666666,0.0006161344201417487,0.00062245932980678,0.18590892004883114
132.20833333333334,0.0006153085205208792,0.000642276835646555,0.1857171162182688
132.25,0.0006313247158280712,0.0006768865469818724,0.18553616110121235
132.29166666666666,0.0006622388741241031,0.0007230209402910051,0.1853711026334906
132.33333333333334,0.0007047528460253348,0.0007767684793651973,0.18522550473426266
132.375,0.0007555217277846366,0.0008347720049677005,0.18510158023043244
132.41666666666666,0.0008117451687382181,0.0008933133076487395,0.18500019809667811
132.45833333333334,0.0008698138022965613,0.000948477669218403,0.1849207662747789
132.5,0.0009259052952817866,0.0009968049021570641,0.18486127623773105
132.54166666666666,0.0009764555589693368,0.0010353004891077045,0.18481849570119352
132.58333333333334,0.001018679159567489,0.001061722277732674,0.184788202901446
132.625,0.0010498708149556868,0.0010745034194134424,0.1847654603269462
132.66666666666666,0.0010685105502871038,0.0010729006181756445,0.1847449034456778
132.70833333333334,0.0010732150160022407,0.0010569469976380822,0.18472104412453452
132.75,0.001063707895886556,0.0010274816379995722,0.18468857596756766
132.79166666666666,0.0010390418476449294,0.0009852405454838973,0.18464253634392788
132.83333333333334,0.000999450898539156,0.0009324389102254527,0.1845784282465419
132.875,0.0009478633886563878,0.0008734383888908092,0.18449309102688677
132.91666666666666,0.0008891098123085398,0.0008126491854196761,0.18438506189194825
132.95833333333334,0.0008276042387649399,0.000754186111234839,0.18425450453546421
133.0,0.0007671379907459233,0.0007021876536342966,0.1841031372904029
133.04166666666666,0.0007122233370585703,0.0006603885919650115,0.18393419668986563
133.08333333333334,0.0006665635250182421,0.0006319189007085222,0.18375221142140571
133.125,0.000633713226320661,0.0006189329424181519,0.18356272157899967
133.16666666666666,0.0006161670466257665,0.0006224716001514645,0.18337186067394592
133.20833333333334,0.000615310521443623,0.0006422897273313045,0.18318590302102677
133.25,0.0006313528784524626,0.0006769137100870562,0.1830107823151082
133.29166666666666,0.0006622822190019276,0.0007230441033498894,0.18285154765990283
133.33333333333334,0.0007047773610047466,0.000776785584417963,0.18271175052251123
133.375,0.0007555334909592451,0.000834788252369437,0.1825936064323873
133.41666666666666,0.0008117647325176959,0.0008933384888402935,0.18249799144525194
133.45833333333334,0.0008698574718806033,0.0009485056433140232,0.18242431280745927
133.5,0.0009259332422969144,0.0009968355156791556,0.18237055993519294
133.54166666666666,0.0009765072116522637,0.0010353318714955756,0.18233350169147688
133.58333333333334,0.0010187187068725798,0.001061754129684727,0.1823089174365008
133.625,0.0010499119875377366,0.0010745342129030477,0.18229186844693337
133.66666666666666,0.001068545908099648,0.0010729273249844042,0.18227699183532
133.70833333333334,0.001073248497329355,0.0010569707871577701,0.18225879888001262
133.75,0.0010637298449408408,0.001027499819833283,0.18223198423194384
133.79166666666666,0.001039064413169122,0.0009852670740228605,0.18219158849101413
133.83333333333334,0.000999486496001776,0.0009324606288167504,0.18213312325366116
133.875,0.0009479013719206103,0.0008734495216643533,0.18205341091763982
133.91666666666666,0.0008890852802705191,0.0008126616643422316,0.18195099578596316
133.95833333333334,0.0008276479846921714,0.0007542047463417238,0.181826043539364
134.0,0.000767125406460741,0.0007021957938703735,0.18168027408230067
134.04166666666666,0.000712258851269809,0.0006604048328351337,0.18151691799221467
134.08333333333334,0.0006665477908747856,0.0006319273854308728,0.18134050958542916
134.125,0.0006337501061194243,0.0006189458365455626,0.18115658351302302
134.16666666666666,0.0006161582041462158,0.0006224822099231348,0.18097127450017986
134.20833333333334,0.0006153323179581375,0.0006423004929456301,0.1807908555068332
134.25,0.0006313405208306174,0.0006769072380961586,0.1806212560925755
134.29166666666666,0.000662264140945153,0.0007230489257655439,0.18046752293934953
134.33333333333334,0.0007047885716963066,0.0007768021451306699,0.18033322079461495
134.375,0.000755567652601071,0.000834811679471903,0.18022055925225178
134.41666666666666,0.0008117734757164312,0.0008933604950705419,0.18013040914941425
134.45833333333334,0.0008699221483747927,0.0009485317851264976,0.18006218221051828
134.5,0.000925932182790669,0.0009968619526539693,0.18001386668846642
134.54166666666666,0.0009765852298684195,0.001035360183568267,0.17998223285953058
134.58333333333334,0.0010187253597871723,0.001061783637494619,0.17996305802480525
134.625,0.0010499763027039155,0.001074560795475363,0.1799514062035048
134.66666666666666,0.0010685755233384088,0.0010729543396729869,0.17994191363300327
134.70833333333334,0.0010732855487853071,0.001056992642457362,0.17992909298646736
134.75,0.0010637724573762128,0.0010275339283286689,0.1799076389758242
134.79166666666666,0.001039103327772243,0.0009852827128695215,0.17987259908177597
134.83333333333334,0.0009994906534151226,0.000932465927369675,0.17981945632825103
134.875,0.0009478623109565788,0.0008734702386218583,0.17974506364360415
134.91666666666666,0.0008892124639175803,0.0008126790168300539,0.17964796772048802
134.95833333333334,0.000827530519437964,0.0007542104459540039,0.17952831828921323
135.0,0.0007672752996495521,0.0007022120257813851,0.17938784634192087
135.04166666666666,0.0007121963054870263,0.0006604204624759402,0.17922977804896478
135.08333333333334,0.0006665712388855006,0.0006319401090254557,0.1790586490491649
135.125,0.0006337776163136196,0.0006189601245016822,0.17887999349588068
135.16666666666666,0.0006161953054201343,0.0006224967914534373,0.17869994439634876
135.20833333333334,0.0006153315242385835,0.0006423117760426455,0.17852477239504438
135.25,0.0006313626404074076,0.0006769241884176619,0.17836040507794904
135.29166666666666,0.0006622997225854954,0.0007230628354728055,0.178211893620752
135.33333333333334,0.0007048055277566113,0.0007768180096042129,0.17808279631294682
135.375,0.0007555702101986821,0.0008348269806803858,0.17797532827419188
135.41666666666666,0.0008118308110578313,0.0008933783897760074,0.1778903593703472
135.45833333333334,0.0008698936394761951,0.0009485515616605427,0.1778272973919629
135.5,0.0009260303403716032,0.0009968849197436935,0.17778413526940873
135.54166666666666,0.000976548979405793,0.0010353856207095053,0.1777576405437351
135.58333333333334,0.0010187994026272069,0.0010618031764532366,0.17774359298203843
135.625,0.0010499883302326945,0.0010745873872752259,0.17773705402127787
135.66666666666666,0.0010686030343550338,0.0010729734435964333,0.17773266286969897
135.70833333333334,0.0010733225924995093,0.0010570125714848343,0.17772493085821447
135.75,0.0010637855561158093,0.001027550268185867,0.1777085552344723
135.79166666666666,0.001039142114763819,0.0009853097866167598,0.17767858234701064
135.83333333333334,0.0009995365052751588,0.0009324941082915597,0.1776305079008955
135.875,0.0009479019973301081,0.0008734830469745312,0.17756116528680208
135.91666666666666,0.0008891970444171294,0.0008126875029308829,0.17746910795854542
135.95833333333334,0.0008275795905013794,0.0007542181851269949,0.1773544896568139
136.0,0.0007672575232494887,0.0007022240887003084,0.1772190382558378
136.04166666666666,0.0007121760289835536,0.0006604219201663208,0.17706598089330933
136.08333333333334,0.0006666502501633314,0.0006319475590461861,0.17689985230494165
136.125,0.0006337534039367242,0.0006189684291364657,0.17672618507823293
136.16666666666666,0.0006161704353001267,0.0006224986695781233,0.17655111333349582
136.20833333333334,0.0006153704792245762,0.0006423188362851591,0.176380906684403
136.25,0.0006313396295903714,0.0006769205932929833,0.1762214900341588
136.29166666666666,0.0006622778477520327,0.0007230609562351584,0.17607791113551685
136.33333333333334,0.0007048064146569586,0.0007768270316173072,0.17595373816680707
136.375,0.0007556065347092997,0.0008348388278101615,0.17585118229435154
136.41666666666666,0.0008118086802307907,0.0008933919022735616,0.17577111174374743
136.45833333333334,0.0008699770624820289,0.0009485771915987469,0.17571293918323583
136.5,0.0009259847392367898,0.000996904836731704,0.17567465303007326
136.54166666666666,0.0009766818641196264,0.0010354161690283217,0.17565302186310391
136.58333333333334,0.0010187677070571423,0.0010618320429957597,0.17564382846537865
136.625,0.0010500893723264508,0.0010746152602820705,0.17564213568514966
136.66666666666666,0.0010686077419624015,0.0010729962583660487,0.17564257974491695
136.70833333333334,0.0010733690209686732,0.001057022851379442,0.17563966883415547
136.75,0.001063765903804139,0.0010275461219837539,0.17562809411099092
136.79166666666666,0.0010391198584066928,0.0009852962191002994,0.17560291409346543
136.83333333333334,0.000999524800379289,0.0009324864819770362,0.17555961570641984
136.875,0.0009478825868307523,0.0008734906255571485,0.17549505066048263
136.91666666666666,0.0008892257101681745,0.0008126969168045277,0.17540776442696723
136.95833333333334,0.000827555415163694,0.00075422720567891,0.17529790654115443
137.0,0.0007672919586993605,0.0007022280825269487,0.17516720715714337
137.04166666666666,0.0007122078994091922,0.0006604343611794713,0.1750188924634854
137.08333333333334,0.0006665983628652236,0.0006319527782766574,0.1748574973141937
137.125,0.0006337939169121591,0.0006189736831569943,0.17468855391548768
137.16666666666666,0.0006161969363714777,0.0006225090434470861,0.1745181951359236
137.20833333333334,0.0006153505261727785,0.0006423240815478432,0.1743526903947697
137.25,0.0006313776360400706,0.00067693853136545,0.17419796658271647
137.29166666666666,0.0006622988252126535,0.0007230714699398363,0.17405906993939743
137.33333333333334,0.0007048216054377008,0.0007768402066294942,0.17393956707710675
137.375,0.0007556053231778596,0.0008348545107501503,0.17384167182029187
137.41666666666666,0.0008118729605969825,0.0008934078118205317,0.17376625023228806
137.45833333333334,0.0008699492180699984,0.0009485891374611769,0.1737127109568872
137.5,0.0009260685142231975,0.000996925796924444,0.17367904824292688
137.54166666666666,0.000976635335682668,0.001035427756802797,0.1736620316190375
137.58333333333334,0.0010188585370747177,0.0010618496248762216,0.17365743793848584
137.625,0.0010500535677601787,0.0010746257164819853,0.17366033212179907
137.66666666666666,0.0010686715801429224,0.0010730112888210086,0.1736653504833426
137.70833333333334,0.001073357722456259,0.0010570435290799098,0.17366700623249284
137.75,0.0010638079949837553,0.001027552476633286,0.17365999405024715
137.79166666666666,0.0010391144797128268,0.000985304921840705,0.17363935381260803
137.83333333333334,0.0009995192577314685,0.0009324988724359062,0.17360060035989328
137.875,0.000947932760283975,0.0008734945622030932,0.17354056530549186
137.91666666666666,0.0008891684056598928,0.0008127006073401978,0.17345779717967977
137.95833333333334,0.0008276562506955466,0.0007542353029404956,0.17335245324635365
138.0,0.0007671937486673757,0.0007022323413595267,0.17322625614978632
138.04166666666666,0.0007122724844216119,0.0006604305347185417,0.17308243624267636
138.08333333333334,0.0006666034925634267,0.000631957190993061,0.17292552148168286
138.125,0.0006337590464700074,0.0006189703629157898,0.17276104795478897
138.16666666666666,0.0006162028401396519,0.0006225094168234,0.17259514732705927
138.20833333333334,0.0006153503093614112,0.0006423272716585825,0.1724340905513509
138.25,0.0006313750563132807,0.000676936913788231,0.1722838065987341
138.29166666666666,0.0006623063444820868,0.0007230852549450857,0.17214934186585598
138.33333333333334,0.0007048295816358506,0.0007768444458360127,0.17203425772848177
138.375,0.0007556314234472708,0.0008348630138087035,0.17194076619991705
138.41666666666666,0.0008118590148512592,0.0008934239498178507,0.17186974048399245
138.45833333333334,0.0008700153815005468,0.0009486039625975038,0.17182058881492918
138.5,0.0009260495756235157,0.0009969428994301916,0.17179130179225466
138.54166666666666,0.0009766967219663773,0.0010354435370347331,0.1717786509185521
138.58333333333334,0.0010188667229747695,0.0010618674267391312,0.17177841239973793
138.625,0.0010500825005239276,0.0010746402005644162,0.17178565028412468
138.66666666666666,0.0010686975910754667,0.0010730278775857006,0.17179500176120252
138.70833333333334,0.0010733742500652014,0.0010570542518740765,0.17180097992971366
138.75,0.0010638386175710081,0.0010275741186967498,0.17179828130994937
138.79166666666666,0.001039168054464286,0.0009853428070131986,0.1717819545614709
138.83333333333334,0.0009995728158455255,0.0009325158821614193,0.17174750454023543
138.875,0.0009479574488553321,0.0008734971769150595,0.17169175693492414
138.91666666666666,0.000889143505892431,0.0008127059174894181,0.17161326418860318
138.95833333333334,0.0008276916661773761,0.0007542417180084732,0.1715121872644407
139.0,0.0007671792494855498,0.0007022371995039766,0.17139024583356377
139.04166666666666,0.000712292760304785,0.0006604365663132902,0.17125067482749046
139.08333333333334,0.0006666065031261545,0.0006319637708770416,0.17109800004074793
139.125,0.0006337612797851853,0.0006189761777406887,0.17093775785011023
139.16666666666666,0.0006162149813458375,0.0006225138936581684,0.1707760793858003
139.20833333333334,0.0006153496505259043,0.0006423297397164918,0.1706192337628959
139.25,0.0006313729031456223,0.0006769359670287037,0.1704731474384203
139.29166666666666,0.0006622951609681131,0.00072307584790083,0.1703428669561537
139.33333333333334,0.0007048187175840653,0.0007768474265476307,0.1702319600966247
139.375,0.0007556276631310788,0.0008348729505119488,0.17014264177799057
139.41666666666666,0.000811901230524519,0.0008934338939928377,0.17007577850742742
139.45833333333334,0.0008699971953196999,0.0009486177416358908,0.1700307781979414
139.5,0.00092611140966627,0.0009969582579105476,0.17000563327441906
139.54166666666666,0.0009766921574751038,0.001035461483576213,0.16999711379228657
139.58333333333334,0.0010189114648398035,0.0010618839237874446,0.17000099753515346
139.625,0.0010501046721094918,0.0010746577530295098,0.17001234823127126
139.66666666666666,0.0010687252909463375,0.001073042808694527,0.17002580280450658
139.70833333333334,0.0010733985621189247,0.0010570685160266645,0.1700358752543243
139.75,0.0010638534565832077,0.0010275813807309278,0.170037260344632
139.79166666666666,0.0010391483299793862,0.000985321414213592,0.17002499911449065
139.83333333333334,0.000999539117347383,0.0009325113008453727,0.1699946009347405
139.875,0.0009479431688862827,0.0008735059454464008,0.16994290987454028
139.91666666666666,0.0008891843959924658,0.0008127118721662283,0.16986846467554897
139.95833333333334,0.0008276735352091297,0.0007542440568130333,0.1697714285731024
140.0,0.0007672029096465435,0.0007022413476895442,0.1696535189070362
140.04166666666666,0.000712281774712011,0.0006604384158225896,0.16951797014004544
140.08333333333334,0.0006666187732071243,0.0006319658900363064,0.16936930823191673
140.125,0.0006337632907690151,0.000618978028347841,0.16921307004188843
140.16666666666666,0.0006162152859317742,0.0006225159156173423,0.1690553856799293
140.20833333333334,0.0006153567630971152,0.000642334444747787,0.1689025260318598
140.25,0.0006313986709719099,0.000676959675742335,0.16876042170729755
140.29166666666666,0.0006623344839826346,0.0007230972574612722,0.168634119829304
140.33333333333334,0.0007048483935902139,0.0007768543836706517,0.16852717332505063
140.375,0.0007556360049733394,0.0008348763171879231,0.16844179892364805
140.41666666666666,0.0008119008534012372,0.0008934455454588543,0.16837887311015481
140.45833333333334,0.0008700274211522388,0.000948629764232858,0.16833780349688376
140.5,0.000926125955573326,0.0009969725377111688,0.16831657952774562
140.54166666666666,0.0009767233428077489,0.0010354758088063497,0.16831197128345418
140.58333333333334,0.0010189370356034958,0.0010618982419921333,0.16831975779380143
140.625,0.0010501266837815546,0.0010746712546449476,0.16833500089033127
140.66666666666666,0.0010687420479385515,0.0010730518197173652,0.16835233845814104
140.70833333333334,0.0010734124017992078,0.0010570748185068097,0.1683662825337068
140.75,0.0010638681234919943,0.0010275938655266764,0.16837153025961296
140.79166666666666,0.001039178669316012,0.0009853421401833417,0.16836312899097092
140.83333333333334,0.0009995689931497755,0.0009325259014567013,0.16833658188979697
140.875,0.0009479448814048843,0.0008735142290921108,0.16828872273703396
140.91666666666666,0.0008892295148228008,0.0008127164364312601,0.16821810654557398
140.95833333333334,0.0008276196866572774,0.0007542442684324707,0.1681248865546077
141.0,0.0007672757850799478,0.0007022489033757424,0.1680107895779762
141.04166666666666,0.0007122105745338531,0.000660443591718467,0.16787904264449047
141.08333333333334,0.0006666817361133643,0.0006319700646781539,0.16773417866952794
141.125,0.0006337630545358497,0.0006189885103613784,0.1675817290489678
141.16666666666666,0.0006162034410082689,0.000622519415903836,0.16742782677840923
141.20833333333334,0.0006153913108629223,0.0006423389548850154,0.1672787389536345
141.25,0.0006313770452513874,0.000676958839391317,0.16714039301098535
141.29166666666666,0.0006623248419547587,0.0007230955857332787,0.1670178379685588
141.33333333333334,0.0007048619985613872,0.0007768653582948516,0.16691463453187613
141.375,0.0007556592366826998,0.0008348866267699034,0.16683299593591738
141.41666666666666,0.00081190265290712,0.0008934528661317651,0.16677379467944797
141.45833333333334,0.0008700627292728722,0.0009486451979456776,0.16673644248396327
141.5,0.0009261214677483485,0.0009969853041201177,0.1667189264547017
141.54166666666666,0.0009767842628581,0.0010354934751003785,0.16671802068191538
141.58333333333334,0.0010189221483213069,0.0010619149266063211,0.16672949804762968
141.625,0.001050198306816791,0.0010746887886865185,0.1667484264981282
141.66666666666666,0.0010687399441245526,0.0010730694801656163,0.1667694407807141
141.70833333333334,0.001073456702788457,0.0010570855071737706,0.166787054066098
141.75,0.0010638592276310526,0.0010275896104809605,0.16679595434336392
141.79166666666666,0.0010391578377165775,0.0009853263083263392,0.16679119642224924
141.83333333333334,0.000999545001140986,0.0009325110860278728,0.1667682760681795
141.875,0.0009479205626372164,0.0008735152658835474,0.16672404675974167
141.91666666666666,0.0008892526845835381,0.0008127207886164528,0.16665705446241846
141.95833333333334,0.0008275915999888212,0.0007542479192704153,0.16656744975562815
142.0,0.0007673115266002251,0.0007022494251881819,0.16645696123302886
142.04166666666666,0.000712216276505577,0.0006604508053050914,0.1663288137558383
142.08333333333334,0.0006666410724235277,0.000631970231417123,0.16618754240393474
142.125,0.0006338104467554187,0.000618991098450261,0.16603867802301706
142.16666666666666,0.0006161992151026712,0.0006225241787323531,0.16588835218480533
142.20833333333334,0.0006153788077059215,0.000642341940078368,0.1657428342222668
142.25,0.0006313809678625247,0.0006769450736205434,0.1656080454954241
142.29166666666666,0.0006622922001480749,0.0007230792534088231,0.1654890294355563
142.33333333333334,0.0007048290298924459,0.0007768612060646525,0.16538936578419086
142.375,0.0007556590543380256,0.0008348959122979778,0.1653112651477252
142.41666666666666,0.0008119385449160703,0.0008934631642952062,0.16525559466286843
142.45833333333334,0.0008700583020180459,0.000948653777813123,0.16522176247472523
142.5,0.0009261686574804248,0.0009969975941066355,0.16520776062952344
142.54166666666666,0.0009767815566943698,0.0010355046951293122,0.16521035632119196
142.58333333333334,0.001018972673937555,0.0010619257681668637,0.1652253315931254
142.625,0.0010501870544011597,0.0010746975634361947,0.16524774560766886
142.66666666666666,0.0010687799235495957,0.001073077437670946,0.1652722375606328
142.70833333333334,0.0010734552263413906,0.0010570955854770062,0.16529332006016276
142.75,0.0010638839376931849,0.001027598894025516,0.16530568615494506
142.79166666666666,0.001039174759765703,0.0009853334899299951,0.16530438290143243
142.83333333333334,0.0009995416812591186,0.0009325135545714691,0.1652849074863892
142.875,0.0009479245904692193,0.0008735177185174689,0.16524411493874705
142.91666666666666,0.0008892541102862728,0.0008127234641900987,0.1651805518109487
142.95833333333334,0.0008276011720745071,0.0007542499775297294,0.1650943691376523
143.0,0.0007673112529966053,0.0007022521290072224,0.16498729499490097
143.04166666666666,0.0007122126493850219,0.0006604518616522007,0.16486255449552045
143.08333333333334,0.0006666523163368021,0.0006319721819733388,0.1647246822380489
143.125,0.0006338090639641292,0.000618993202938707,0.16457920914390983
143.16666666666666,0.0006162003992782851,0.0006225259077106999,0.16443226704570202
143.20833333333334,0.0006153853966880675,0.0006423432253285822,0.16429012447016375
143.25,0.0006313918272328963,0.0006769560159312289,0.16415870584567802
143.29166666666666,0.0006623162071972351,0.0007230944194214892,0.16404305801680907
143.33333333333334,0.0007048585099380343,0.0007768749167832102,0.16394674982386548
143.375,0.0007556725359303897,0.0008349035560785809,0.16387199617285098
143.41666666666666,0.0008119594063662427,0.0008934704394449892,0.16381966311948684
143.45833333333334,0.0008700665724455699,0.0009486641129163202,0.16378915926652118
143.5,0.0009261954970008562,0.000997009796458649,0.1637784794475149
143.54166666666666,0.0009767906603476721,0.0010355166498560255,0.16378439149988588
143.58333333333334,0.0010190033353509548,0.0010619384443749853,0.1638026730314826
143.625,0.0010502005698340678,0.001074708583862747,0.1638283869283988
143.66666666666666,0.001068798828924053,0.0010730841318788496,0.16385616967961064
143.70833333333334,0.0010734618180009428,0.0010570997044426333,0.16388053323661989
143.75,0.001063909304299729,0.0010276176853697737,0.1638961750178796
143.79166666666666,0.0010392095615074737,0.000985360309495741,0.1638981441247245
143.83333333333334,0.0009995917559053236,0.0009325363518736381,0.16388194128831796
143.875,0.000947956435188634,0.0008735217677020544,0.16384440301497397
143.91666666666666,0.0008892419969683169,0.0008127236045420193,0.16378408452897392
143.95833333333334,0.0008276202393389476,0.0007542514401539612,0.1637011396797344
144.0,0.0007672964413937774,0.0007022548387033725,0.163597295758402
144.04166666666666,0.0007122115764091305,0.0006604505649377577,0.1634757788628171
144.08333333333334,0.0006666828758195454,0.0006319744215878348,0.16334112236456605
144.125,0.0006337849319928433,0.0006189943247974481,0.16319885718886118
144.16666666666666,0.0006161987363492436,0.0006225241436189557,0.16305511574059198
144.20833333333334,0.0006153986573770663,0.0006423444059701058,0.162916165875631
144.25,0.0006313689227721332,0.000676947793162069,0.1627879310796356
144.29166666666666,0.0006623132181859539,0.0007230946463740837,0.1626754589687368
144.33333333333334,0.000704860676019861,0.0007768752152822954,0.16258231893913913
144.375,0.0007556909574439471,0.0008349055469570025,0.16251072422755958
144.41666666666666,0.000811928296492123,0.0008934770231738955,0.1624615433401588
144.45833333333334,0.0008701259711415897,0.000948677995397946,0.16243419071274803
144.5,0.0009261626282053982,0.0009970187024778106,0.16242665121425923
144.54166666666666,0.0009768772735597893,0.0010355361272462405,0.16243569630485563
144.58333333333334,0.0010189694746721844,0.0010619515944501707,0.1624571062507241
144.625,0.0010502817903903043,0.001074726692896611,0.16248594300977523
144.66666666666666,0.0010687794412232512,0.0010730934615478212,0.1625168419009277
144.70833333333334,0.001073508696739486,0.0010571003854009677,0.1625443105981876
144.75,0.001063852011758845,0.0010275911612766325,0.16256303968596209
144.79166666666666,0.001039162722643607,0.000985326099367252,0.16256808842837384
144.83333333333334,0.0009995603172825442,0.0009325224126107829,0.1625549540018332
144.875,0.0009479373478451071,0.0008735231012549176,0.1625204950101639
144.91666666666666,0.0008892430786183044,0.0008127257334848962,0.16246324745849197
144.95833333333334,0.0008276249224823631,0.0007542536517227971,0.16238336615332896
145.0,0.0007672955024158525,0.0007022554237752443,0.1622825785601154
145.04166666666666,0.0007122196147380471,0.0006604518055794989,0.1621641108170697
145.08333333333334,0.0006666808023840954,0.000631975584485301,0.1620324966773114
145.125,0.0006337787425989041,0.0006189944038640296,0.1618932665910744
145.16666666666666,0.0006162087960036838,0.0006225253938521663,0.16175255308122538
145.20833333333334,0.0006153974758868882,0.0006423450698174396,0.16161662347116743
145.25,0.0006313902029069765,0.0006769685183421262,0.16149140536346224
145.29166666666666,0.0006623414373666675,0.0007231095125653482,0.1613819482556813
145.33333333333334,0.0007048873461868247,0.0007768819352892138,0.16129180942245888
145.375,0.0007556978808052151,0.0008349088010721113,0.16122320786921396
145.41666666666666,0.0008119336399714903,0.000893485495692976,0.16117701450002403
145.45833333333334,0.0008701488503315481,0.0009486858829407359,0.16115264346877017
145.5,0.0009261769000809424,0.0009970287931237642,0.16114807961842553
145.54166666666666,0.0009768888768405593,0.0010355422852740836,0.1611600954120213
145.58333333333334,0.0010189888431140724,0.0010619610079543726,0.16118446550876872
145.625,0.0010502887354267342,0.001074731136396563,0.16121625565812808
145.66666666666666,0.0010688012792853408,0.0010731039881137887,0.16125009876824284
145.70833333333334,0.0010735161365541097,0.0010571137498676176,0.16128050847101744
145.75,0.0010638724207727305,0.0010275927267829642,0.16130217318956072
145.79166666666666,0.0010391642898943025,0.0009853270545139847,0.16131014502402985
145.83333333333334,0.0009995493301689913,0.0009325234696289138,0.1612999271370933
145.875,0.0009479453971506054,0.0008735245271826639,0.1612683783332748
145.91666666666666,0.0008892424069790562,0.0008127275676669482,0.16121403431891554
145.95833333333334,0.000827631935282557,0.000754254817791639,0.1611370503351246
146.0,0.0007672928128218133,0.000702257080982477,0.16103915323270906
146.04166666666666,0.0007122208941053635,0.0006604524531365158,0.16092356960564586
146.08333333333334,0.0006666878234929433,0.0006319768121204154,0.16079483301730202
146.125,0.0006337767893047866,0.0006189954156080145,0.16065847378970943
146.16666666666666,0.000616207665340892,0.0006225268247949638,0.1605206246766966
146.20833333333334,0.0006154004128994577,0.000642347144092123,0.16038755358552284
146.25,0.0006313793232527944,0.0006769570086695601,0.1602651855688496
146.29166666666666,0.0006623234603312278,0.0007231001603986496,0.16015856645719936
146.33333333333334,0.0007048770564856048,0.00077688598397668,0.16007126770902316
146.375,0.0007556999117781425,0.0008349202984545369,0.1600055042939667
146.41666666666666,0.0008119855621431454,0.0008934926645812443,0.159962140631103
146.45833333333334,0.0008701179521604365,0.000948691127159628,0.1599405882715967
146.5,0.0009262421282294736,0.0009970404532269716,0.15993884007443807
146.54166666666666,0.0009768587015579493,0.0010355494482855267,0.15995366251110346
146.58333333333334,0.001019056387277433,0.0010619708139366574,0.15998083512606412
146.625,0.001050261438769541,0.001074738052956454,0.16001541820610093
146.66666666666666,0.0010688483225027793,0.0010731110330960132,0.16005204830938136
146.70833333333334,0.0010735031099883565,0.0010571193316863499,0.16008523735983313
146.75,0.0010639104929783315,0.0010276086141248364,0.16010967993070546
146.79166666666666,0.001039206760165149,0.0009853626259814317,0.16012042444037106
146.83333333333334,0.000999593115751594,0.0009325372240976168,0.16011298364828752
146.875,0.0009479807289806147,0.000873521358720991,0.1600841877464396
146.91666666666666,0.0008891948052576027,0.0008127261000470342,0.16003258913727325
146.95833333333334,0.0008276890782520111,0.0007542588540408125,0.1599583475960857
147.0,0.0007672194632232696,0.0007022549883088364,0.1598631868731933
147.04166666666666,0.0007122954462655207,0.0006604509867820207,0.159750334136273
147.08333333333334,0.0006666371679542721,0.0006319780570790711,0.1596243189694862
147.125,0.0006337738415824365,0.0006189887828784156,0.1594906756487031
147.16666666666666,0.0006162317834652643,0.0006225272275803546,0.15935553422904306
147.20833333333334,0.0006153653509087685,0.000642343043549715,0.15922516330685615
147.25,0.000631390617234091,0.0006769536604538533,0.15910549020966952
147.29166666666666,0.0006623296450745727,0.0007231058288176492,0.15900156293409087
147.33333333333334,0.000704871347519042,0.0007768837590240536,0.1589169487659123
147.375,0.0007557079293372959,0.0008349218591001477,0.1588538596889115
147.41666666666666,0.0008119753470053555,0.0008935019503427767,0.15881316962204045
147.45833333333334,0.0008701603424179209,0.0009486984005184799,0.15879428673379148
147.5,0.0009262261429181086,0.0009970496838021198,0.15879519941167455
147.54166666666666,0.0009768911402976586,0.0010355569061187531,0.15881267934354834
147.58333333333334,0.0010190675680928829,0.0010619794993178336,0.1588425015635012
147.625,0.0010502738480628387,0.0010747447187401773,0.15887972741914463
147.66666666666666,0.001068865023796009,0.001073117496099975,0.1589189935562638
147.70833333333334,0.0010735092465737391,0.001057123891417628,0.158954811764223
147.75,0.001063937508612842,0.0010276266874276075,0.15898187880055129
147.79166666666666,0.001039230576908452,0.0009853765311634885,0.15899524531052694
147.83333333333334,0.000999612672835641,0.0009325409367546426,0.158990418215481
147.875,0.0009479865757828805,0.0008735201006762274,0.15896422761864373
147.91666666666666,0.0008891753167812527,0.000812727536437426,0.15891522778450468
147.95833333333334,0.0008277170054548207,0.000754260872364146,0.1588435797607814
148.0,0.0007672050918352253,0.0007022556922860612,0.15875100256533556
148.04166666666666,0.0007123087827767643,0.0006604532579897079,0.15864072990539876
148.08333333333334,0.0006666324951466864,0.0006319799420461214,0.15851728936112527
148.125,0.0006337767836911712,0.0006189908577287649,0.1583862146410345
148.16666666666666,0.0006162388127131305,0.000622529615113948,0.15825363652401292
148.20833333333334,0.0006153658447604501,0.0006423443087364082,0.15812582280021556
148.25,0.0006313996616314312,0.0006769611355791205,0.15800870135216802
148.29166666666666,0.0006623483562401204,0.0007231159058804217,0.1579073244556752
148.33333333333334,0.0007048837250990796,0.0007768850660530567,0.15782525109192486
148.375,0.0007557076254284885,0.0008349225075642248,0.15776469567191453
148.41666666666666,0.000811983532164092,0.0008935076608007267,0.15772653346744384
148.45833333333334,0.0008701657605561891,0.0009487054576586597,0.15771017382815106
148.5,0.0009262578477613953,0.0009970587009767709,0.15771360520570119
148.54166666666666,0.0009768865750074485,0.001035565778210456,0.15773359723024322
148.58333333333334,0.0010190955042032525,0.0010619896433592749,0.15776592458187352
148.625,0.0010502815806993516,0.0010747536208333276,0.15780565142020486
148.66666666666666,0.0010688847785881779,0.0010731237098647018,0.15784741155791815
148.70833333333334,0.00107351801860282,0.0010571290074738817,0.15788571712064203
148.75,0.001063929039024795,0.0010276163729295888,0.1579152629847761
148.79166666666666,0.0010392183146250141,0.0009853664259072996,0.15793109935829164
148.83333333333334,0.0009995936754835634,0.0009325384681564152,0.1579287360450155
148.875,0.0009479810350738804,0.0008735237499007342,0.1579050073529186
148.91666666666666,0.0008892028148569707,0.0008127286360042822,0.15785846461296135
148.95833333333334,0.0008276887482299459,0.0007542601807100591,0.15778926733973908
149.0,0.0007672311615287868,0.0007022575707631115,0.15769913804621885
149.04166666666666,0.000712293436561954,0.000660452103840778,0.15759130737234056
149.08333333333334,0.0006666485564880094,0.0006319802515380292,0.1574703012567914
149.125,0.000633771996267698,0.0006189902238885118,0.15734165634787828
149.16666666666666,0.0006162368967481052,0.0006225281148119073,0.15721150133192982
149.20833333333334,0.0006153664638270423,0.0006423443559572667,0.15708610529273082
149.25,0.000631405269560238,0.0006769692337395175,0.15697139712314254
149.29166666666666,0.0006623564370347124,0.0007231182157697866,0.156872429586808
149.33333333333334,0.000704890972800986,0.0007768871124413948,0.15679275650519478
149.375,0.0007557172818330392,0.0008349248401917671,0.15673459344948593
149.41666666666666,0.0008119739003617074,0.0008935141803440418,0.15669882209663594
149.45833333333334,0.0008702053854444883,0.0009487142661136811,0.15668484938725366
149.5,0.0009262364489609552,0.0009970660628498434,0.1566906606272363
149.54166666666666,0.0009769428033365333,0.0010355754014622972,0.15671302933471354
149.58333333333334,0.0010190840913968315,0.0010619980678871197,0.1567477277290902
149.625,0.0010503202540657003,0.0010747612711965822,0.15678981927313818
149.66666666666666,0.0010688844037017454,0.0010731327777578185,0.15683393862760672
149.70833333333334,0.0010735383262108135,0.00105713345543485,0.15687459787340333
149.75,0.0010639286308134594,0.0010276165661454381,0.1569064914109789
149.79166666666666,0.0010392148890298943,0.0009853665724469732,0.15692466749238485
149.83333333333334,0.000999601337580262,0.0009325412708373515,0.1569246412987104
149.875,0.0009479875794521753,0.0008735245441681297,0.1569032423452379
149.91666666666666,0.0008891970952396701,0.0008127288073912442,0.15685902380879105
149.95833333333334,0.0008276979386031269,0.0007542617923426025,0.15679214630690363
150.0,0.0007672213042613509,0.0007022573984973207,0.1567043315078156
150.04166666666666,0.0007123001344995395,0.0006604535521228815,0.15659880827692796
150.08333333333334,0.0006666388813387144,0.0006319801053403019,0.15648010626513986
150.125,0.0006337775454260591,0.0006189910865074841,0.15635375881457114
150.16666666666666,0.0006162343321325704,0.0006225291299966279,0.15622589656176725
150.20833333333334,0.0006153688007167686,0.0006423452987251076,0.15610278798234112
150.25,0.0006313922664539975,0.0006769541042331651,0.15599035990253446
150.29166666666666,0.0006623291988706503,0.0007231052225921865,0.15589365982231326
150.33333333333334,0.0007048759707148666,0.0007768902077759028,0.15581625706041333
150.375,0.000755718377119043,0.0008349353625604661,0.1557603681811161
150.41666666666666,0.0008120259320826508,0.000893518049909766,0.15572686186841314
150.45833333333334,0.0008701648734203957,0.0009487197561145666,0.15571514526310207
150.5,0.0009263073923040567,0.000997074504075845,0.15572321035308334
150.54166666666666,0.0009769048664715657,0.0010355842856366764,0.15574782538076057
150.58333333333334,0.0010191372009362486,0.001062004906110863,0.15578476701657845
150.625,0.001050311734728736,0.0010747707068310733,0.15582909514034007
150.66666666666666,0.001068914104756108,0.0010731389348745885,0.15587544632239986
150.70833333333334,0.001073543917147991,0.0010571415811597704,0.1559183323806529
150.75,0.0010639259608708643,0.0010276047791304963,0.15595244680735315
150.79166666666666,0.001039189098173525,0.0009853558856725052,0.15597283043642585
150.83333333333334,0.0009995821070208205,0.000932541005307826,0.15597501138634728
150.875,0.00094800227020959,0.0008735252368394564,0.15595582090868462
150.91666666666666,0.0008891694932944498,0.0008127273229039494,0.1559138032760361
150.95833333333334,0.0008277267052521889,0.0007542676641683164,0.15584912082790658
151.0,0.0007671997193827344,0.0007022515795815718,0.1557634957982901
151.04166666666666,0.0007123261471409675,0.0006604585676190764,0.15566015561217583
151.08333333333334,0.0006666065601010815,0.0006319752678643191,0.15554363319163478
151.125,0.0006338112589027333,0.0006189938872640067,0.15541945838652435
151.16666666666666,0.0006162054196211227,0.0006225289131061492,0.15529376423510863
151.20833333333334,0.0006153915915678167,0.0006423480286905504,0.15517282048445336
151.25,0.0006313913286101176,0.0006769589071219216,0.15506255332112756
151.29166666666666,0.000662336243471474,0.0007231133726550747,0.1549680118532051
151.33333333333334,0.000704898649132467,0.0007768951321692595,0.15489275944341097
151.375,0.0007557321206257534,0.0008349388423261161,0.15483901183482982
151.41666666666666,0.0008120107225826418,0.0008935245299598774,0.1548076436389714
151.45833333333334,0.0008702058400927805,0.0009487265523397788,0.15479806328986448
151.5,0.0009262882509592546,0.0009970822317814428,0.15480825817302404
151.54166666666666,0.000976951314039509,0.0010355915105611496,0.1548349994971985
151.58333333333334,0.0010191371566328122,0.0010620138740792106,0.154874062163683
151.625,0.001050334005801484,0.0010747762107022093,0.1549205062569236
151.66666666666666,0.0010689203066493588,0.0010731429491740879,0.15496896773003654
151.70833333333334,0.0010735500154787122,0.001057142743775868,0.15501395752290664
151.75,0.0010639779584356893,0.0010276481372485419,0.15505017333715754
151.79166666666666,0.0010392508149604251,0.0009853831388769814,0.15507266570545805
151.83333333333334,0.0009996210650774482,0.000932547760582836,0.15507693786557664
151.875,0.0009479839833845036,0.0008735301453558664,0.1550598231600336
151.91666666666666,0.0008892325252079303,0.0008127359675940831,0.15501988020278226
151.95833333333334,0.0008276689242943227,0.0007542566110493275,0.1549572679270841
152.0,0.0007672815589678539,0.0007022657251423232,0.15487370812431114
152.04166666666666,0.0007122220754868268,0.0006604560920853593,0.15477243014785588
152.08333333333334,0.0006667094097172619,0.0006319830785613479,0.15465796653056724
152.125,0.0006337975686704831,0.0006190027877369273,0.15453584823166316
152.16666666666666,0.0006162053414499039,0.000622532628619769,0.15441220767072536
152.20833333333334,0.0006154112574067095,0.0006423515500210156,0.1542933121436225
152.25,0.0006314022639181926,0.0006769663213032303,0.15418508750585885
152.29166666666666,0.0006623154465780047,0.0007230950973635474,0.1540925763911854
152.33333333333334,0.0007048735491061649,0.0007768893896936362,0.1540193502717676
152.375,0.0007557262079319818,0.0008349405976692349,0.15396762701616043
152.41666666666666,0.0008120202886882903,0.0008935286434009423,0.15393828038415264
152.45833333333334,0.0008702209006732498,0.0009487350560501355,0.15393071744720632
152.5,0.0009262987044673369,0.0009970887841428441,0.15394292782627925
152.54166666666666,0.0009769885536338933,0.0010356024521166074,0.15397167818866603
152.58333333333334,0.0010191252099113876,0.0010620224794329154,0.15401274644437912
152.625,0.0010503799862671608,0.0010747856416357924,0.1540611924329757
152.66666666666666,0.0010689127133044235,0.0010731515016912333,0.1541116510100011
152.70833333333334,0.0010735870590381034,0.0010571510051496104,0.15415863467218419
152.75,0.0010639722190977352,0.0010276499184685905,0.15419683748253457
152.79166666666666,0.001039231422911326,0.0009853548997296657,0.15422130972991563
152.83333333333334,0.0009995824354410376,0.0009325255269246492,0.1542275411117375
152.875,0.0009479342486561776,0.0008735261332575818,0.15421239720608704
152.91666666666666,0.0008892640362517395,0.0008127351872948902,0.15417442331259118
152.95833333333334,0.0008276202994345015,0.0007542603915178098,0.15411377231177034
153.0,0.0007673265756129682,0.0007022621223839195,0.15403217165691382
153.04166666666666,0.0007122277048993386,0.0006604608848701991,0.15393284680903832
153.08333333333334,0.0006666658377249694,0.0006319807715934996,0.15382033212048718
153.125,0.0006338192013825904,0.0006190012913081918,0.1537001581833038
153.16666666666666,0.0006162118868777862,0.0006225336497157784,0.15357845668819708
153.20833333333334,0.0006153976350826368,0.0006423512052924119,0.1534614958624428
153.25,0.000631397001487284,0.0006769573971201738,0.15335520029951072
153.29166666666666,0.0006623233880829864,0.000723108369441605,0.15326460615343435
153.33333333333334,0.0007048952931424724,0.0007769036801102397,0.15319330474693849
153.375,0.000755760923505145,0.0008349476764697593,0.15314350899716925
153.41666666666666,0.0008120037038563075,0.0008935349570978607,0.15311608113150682
153.45833333333334,0.0008702736125699485,0.0009487423161600624,0.15311043001580865
153.5,0.0009262564758037561,0.0009970921668082857,0.1531245441090749
153.54166666666666,0.0009770441056221825,0.0010356112639964845,0.15315519940734101
153.58333333333334,0.0010190934909343435,0.0010620268060635256,0.1531981640763534
153.625,0.001050422229254646,0.0010747913799524192,0.15324850365229278
153.66666666666666,0.0010688951793836913,0.001073154602110495,0.1533008494433699
153.70833333333334,0.0010736120443809343,0.001057154183370465,0.15334971566032587
153.75,0.00106395265412375,0.001027639088182059,0.15338979399101121
153.79166666666666,0.0010392203025172484,0.000985352362256847,0.15341613370136692
153.83333333333334,0.0009995848643559657,0.0009325295605453794,0.15342423325888968
153.875,0.0009479447870755636,0.0008735317704494408,0.15341095265058036
153.91666666666666,0.0008892749658306196,0.0008127351554241185,0.15337483953296105
153.95833333333334,0.0008276098724758928,0.0007542618685951975,0.15331604373146185
154.0,0.0007673327817287505,0.0007022613373461857,0.15323629442781636
154.04166666666666,0.0007122410135139882,0.0006604634334044789,0.1531388166164562
154.08333333333334,0.0006666496293240012,0.0006319807958127949,0.1530281452203868
154.125,0.0006338293408715838,0.0006190011491922502,0.1529098102194667
154.16666666666666,0.0006162163895098661,0.0006225344798130235,0.15278994309802085
154.20833333333334,0.0006153890584159567,0.0006423514675290596,0.1526748126498765
154.25,0.0006313988429300844,0.0006769577049908839,0.15257034140122655
154.29166666666666,0.0006623341285251511,0.0007231098535895029,0.15248157898558126
154.33333333333334,0.0007048932099502982,0.0007769016689191756,0.15241209527982577
154.375,0.0007557527153763659,0.0008349473961922645,0.15236410641265613
154.41666666666666,0.0008120245735718635,0.0008935350049959731,0.15233848193267943
154.45833333333334,0.0008702456602336446,0.0009487493895062409,0.15233463507350545
154.5,0.000926309433902434,0.0009971013294427377,0.1523505510260358
154.54166666666666,0.0009770316537891848,0.0010356218399493935,0.15238300123074464
154.58333333333334,0.001019137990992889,0.0010620366474356883,0.15242776146654843
154.625,0.0010504315996965278,0.0010748026696164466,0.15247989117884772
154.66666666666666,0.0010689212388625968,0.0010731617894452164,0.15253402457475163
154.70833333333334,0.0010736150525894983,0.0010571582655019526,0.1525846726204428
154.75,0.0010639700590687996,0.0010276499633930021,0.152626528314226
154.79166666666666,0.0010392481055314846,0.0009853618691644916,0.15265464666726253
154.83333333333334,0.0009996004754979412,0.0009325314755959008,0.15266451574291068
154.875,0.0009479386783486389,0.0008735284285447862,0.15265300026456505
154.91666666666666,0.0008892700215573454,0.0008127366374783982,0.15261864582986198
154.95833333333334,0.0008276129715188982,0.0007542616448835515,0.15256160541075678
155.0,0.0007673377617244008,0.0007022623116127144,0.15248360695958518
155.04166666666666,0.0007122405575373441,0.0006604642855287247,0.15238787617099753
155.08333333333334,0.0006666452923167776,0.0006319812762866846,0.15227894780871246
155.125,0.0006338324427074782,0.0006190016278518166,0.15216235182065524
155.16666666666666,0.0006162292575270397,0.0006225366899742301,0.15204422005717336
155.20833333333334,0.0006153853196854257,0.0006423529605528661,0.15193082117817422
155.25,0.0006314041765295166,0.0006769583727532345,0.15182807864658765
155.29166666666666,0.0006623312977447193,0.0007231105416794643,0.15174103162495328
155.33333333333334,0.00070489615072804,0.0007769050334950098,0.1516732631881174
155.375,0.0007557766224978541,0.0008349470671465769,0.15162698735133723
155.41666666666666,0.0008119928896684128,0.0008935363445425054,0.1516030695560803
155.45833333333334,0.0008702828593471537,0.0009487627730325937,0.1516009305388172
155.5,0.0009263135955173044,0.0009971015033432634,0.15161855430978968
155.54166666666666,0.0009770438060811412,0.001035633373693858,0.1516527037759328
155.58333333333334,0.001019157869933499,0.0010620405306038506,0.15169916097577185
155.625,0.001050434046658974,0.0010748124411981436,0.15175298400417062
155.66666666666666,0.0010689444410534159,0.0010731658912880775,0.15180880732269977
155.70833333333334,0.001073613853863826,0.0010571651419625653,0.15186114053575014
155.75,0.0010639605364139533,0.0010276318827225886,0.1519046751505777
155.79166666666666,0.001039235220948235,0.0009853556234998009,0.15193445959010674
155.83333333333334,0.0009995703941627788,0.0009325297737860325,0.15194599873330342
155.875,0.0009479507772574147,0.0008735315413688907,0.1519361521509349
155.91666666666666,0.0008892496211857933,0.0008127386894696733,0.15190346321616052
155.95833333333334,0.0008276679293801009,0.0007542609041446411,0.15184808517074513
156.0,0.0007672853235589508,0.0007022661528990845,0.15177174299239973
156.04166666666666,0.0007122374608343413,0.0006604573856328409,0.15167766621485973
156.08333333333334,0.0006667103899731141,0.0006319852133392673,0.15157038623741856
156.125,0.0006337758036383419,0.0006190021399955689,0.1514554344928015
156.16666666666666,0.0006162232407627754,0.0006225330450515608,0.1513389437015408
156.20833333333334,0.0006154134151301872,0.0006423536543182934,0.15122718110677072
156.25,0.0006313836235597307,0.0006769604323412454,0.15112607109828874
156.29166666666666,0.0006623410813201619,0.0007231124784054164,0.15104066257051463
156.33333333333334,0.0007049062452124464,0.000776905889429177,0.1509745242827631
156.375,0.0007557608269859939,0.0008349533046204637,0.15092987351200632
156.41666666666666,0.0008120406748357857,0.0008935433873708706,0.15090758181506395
156.45833333333334,0.0008702640901081468,0.0009487597487477712,0.15090705855337502
156.5,0.000926333988265289,0.0009971133001345682,0.15092629294410315
156.54166666666666,0.0009770503041774917,0.0010356329823407026,0.15096205430141818
156.58333333333334,0.0010191626808313732,0.0010620499711468628,0.15101011583273485
156.625,0.0010504546380654745,0.0010748143542476012,0.15106554063574787
156.66666666666666,0.0010689419755767228,0.0010731725295683252,0.15112296070166892
156.70833333333334,0.0010736307334577163,0.0010571648978965247,0.1511768868512213
156.75,0.0010639695373530897,0.0010276430841357474,0.1512220099326047
156.79166666666666,0.001039234958885545,0.0009853575000882688,0.15125338042986497
156.83333333333334,0.000999586465937574,0.0009325314772904179,0.1512665007097088
156.875,0.0009479468198004676,0.0008735329994968631,0.1512582287780605
156.91666666666666,0.0008892767631043966,0.0008127372933782477,0.1512271119032491
156.95833333333334,0.0008276160732553719,0.0007542629819906294,0.15117330175149887
157.0,0.000767336799389223,0.0007022634979985494,0.151098526577838
157.04166666666666,0.0007122369588688321,0.0006604640631725743,0.15100601108039033
157.08333333333334,0.000666655802402193,0.0006319824832275879,0.15090029015301157
157.125,0.0006338307518823572,0.0006190027229370959,0.15078689458688155
157.16666666666666,0.0006162183148338586,0.0006225359220843562,0.15067195543818634
157.20833333333334,0.0006153930282607437,0.0006423534429745319,0.15056174177282425
157.25,0.0006313984994978716,0.0006769563630689102,0.15046217499555228
157.29166666666666,0.000662318295738067,0.000723098790792881,0.15037829984715834
157.33333333333334,0.0007048789148757672,0.0007768993517721651,0.1503136981626369
157.375,0.0007557498755894251,0.0008349581819199626,0.15027058492579584
157.41666666666666,0.0008120746581475832,0.0008935496162814573,0.15024982818125526
157.45833333333334,0.0008702404714354344,0.0009487603988692084,0.15025083567781355
157.5,0.0009263810325653975,0.0009971198030363177,0.1502715980532403
157.54166666666666,0.0009770184137480628,0.0010356340442050395,0.15030888088044977
157.58333333333334,0.0010192169128638644,0.0010620543777554905,0.1503584628932112
157.625,0.0010504163533079963,0.001074815132616957,0.15041540093669073
157.66666666666666,0.0010689828932403948,0.0010731763587581245,0.15047433113854333
157.70833333333334,0.0010736122309035372,0.0010571688589806575,0.15052976402426074
157.75,0.0010639815195301015,0.0010276360648592765,0.15057639003213838
157.79166666666666,0.0010392246941942852,0.000985352653428557,0.15060925841190267
157.83333333333334,0.000999571387658266,0.0009325361452589916,0.15062387362494037
157.875,0.0009479611328788416,0.0008735343002850511,0.1506170994035183
157.91666666666666,0.0008892642826235718,0.00081273714636724,0.15058747239438214
157.95833333333334,0.0008276451331551601,0.0007542632883485079,0.15053514869546214
158.0,0.0007673072380817521,0.0007022650600624653,0.1504618554692071
158.04166666666666,0.0007122338340077145,0.0006604600329949402,0.1503708190859526
158.08333333333334,0.0006666984681757309,0.0006319840205518003,0.15026657307795832
158.125,0.0006337908597411013,0.0006190025254926711,0.15015464800265516
158.16666666666666,0.0006162197213639619,0.0006225338831685783,0.15004117643673925
158.20833333333334,0.0006154117348136875,0.0006423532036225792,0.14993242558220962
158.25,0.0006313976068343445,0.0006769708280533718,0.14983432254191442
158.29166666666666,0.0006623471443882331,0.0007231157011934057,0.149751913814972
158.33333333333334,0.0007049135609005068,0.0007769092390180536,0.1496887691389981
158.375,0.0007557659289355323,0.0008349587025370673,0.14964710365698997
158.41666666666666,0.000812056184091584,0.00089355144973229,0.1496277913786712
158.45833333333334,0.0008702707345467618,0.0009487680861354701,0.14963024351305163
158.5,0.0009263593187273457,0.0009971247208696971,0.14965244423857538
158.54166666666666,0.0009770654945111964,0.0010356436965440778,0.14969116699490037
158.58333333333334,0.0010191929995338256,0.0010620607541721176,0.14974218328599476
158.625,0.00105046620158918,0.0010748232516707241,0.14980055482258764
158.66666666666666,0.0010689662232139722,0.0010731811753295285,0.14986091419981598
158.70833333333334,0.00107364220701867,0.0010571713561154448,0.14991777277707585
158.75,0.0010639523432047881,0.0010276256848281288,0.14996581726542754
158.79166666666666,0.0010392219088679172,0.0009853513709669518,0.1500001008022874
158.83333333333334,0.000999579059551737,0.0009325324077723448,0.1500161291265839
158.875,0.0009479592514680584,0.0008735336622134933,0.15001076395421295
158.91666666666666,0.0008892469287709245,0.0008127398931198398,0.14998254433679983
158.95833333333334,0.0008276700660591979,0.0007542623272406701,0.14993162522926096
159.0,0.0007672944360076128,0.0007022674782789777,0.1498597317436152
159.04166666666666,0.0007122330194996369,0.0006604600651054099,0.14977009239851288
159.08333333333334,0.000666709202513566,0.0006319856297570782,0.14966724084547012
159.125,0.0006337926395288928,0.000619004190141282,0.1495567071951063
159.16666666666666,0.0006162151542961148,0.0006225346483966625,0.14944462405590372
159.20833333333334,0.0006154163304521286,0.0006423550170582151,0.14933725946671147
159.25,0.0006313894259650437,0.0006769611790056168,0.14924053615757718
159.29166666666666,0.0006623405026128964,0.0007231140043932293,0.1491595045989581
159.33333333333334,0.0007049105174299772,0.0007769101743172608,0.1490977338036621
159.375,0.0007557738569941753,0.0008349611641290035,0.14905744159483264
159.41666666666666,0.0008120575960740868,0.0008935542162989457,0.14903949910239456
159.45833333333334,0.0008702879229548459,0.0009487733996199296,0.1490433167446868
159.5,0.0009263610034969778,0.000997128842491585,0.1490668822120202
159.54166666666666,0.0009770819692713525,0.0010356496720163864,0.14910696566634687
159.58333333333334,0.0010191943026652453,0.0010620660824039682,0.14915933928853625
159.625,0.0010504855202229301,0.0010748293132613863,0.14921906572683752
159.66666666666666,0.0010689681523396756,0.001073184626669947,0.14928077677791365
159.70833333333334,0.0010736517205719178,0.0010571741236773619,0.1493389828388109
159.75,0.0010639895708162293,0.0010276544246934464,0.14938837543027692
159.79166666666666,0.0010392554143513113,0.0009853672387899943,0.14942400653176197
159.83333333333334,0.000999600556728783,0.0009325356551597554,0.14944137519845568
159.875,0.0009479503943186705,0.0008735344511842866,0.14943734043777257
159.91666666666666,0.0008892836045955547,0.0008127389642562108,0.14941045036786804
159.95833333333334,0.0008276103231313035,0.0007542645416252974,0.1493608569481883
160.0,0.0007673449979270759,0.0007022638909219689,0.14929028869356603
160.04166666666666,0.0007122525017560263,0.0006604672612118833,0.14920197064635196
160.08333333333334,0.0006666384131549574,0.000631983643850099,0.14910043768736583
160.125,0.0006338343399927708,0.0006190032941379276,0.14899122029385242
160.16666666666666,0.0006162413933890532,0.0006225388615569771,0.14888045001514766
160.20833333333334,0.0006153855130101892,0.0006423545525971814,0.1487743951359045
160.25,0.0006314102556387769,0.0006769628761367136,0.14867897990328735
160.29166666666666,0.0006623394442424658,0.0007231058316972877,0.14859924981271797
160.33333333333334,0.0007048886315885748,0.0007769028909549233,0.14853877914007496
160.375,0.0007557639286321054,0.0008349618215892278,0.14849978159556498
160.41666666666666,0.00081205884726791,0.0008935609171076296,0.1484831348264271
160.45833333333334,0.0008703055593859544,0.0009487756602138306,0.14848824840698485
160.5,0.0009263544336736878,0.0009971332496826212,0.14851310394698758
160.54166666666666,0.000977096333422397,0.0010356513714839524,0.14855447664728788
160.58333333333334,0.0010191949635941335,0.0010620697431202126,0.14860813459513503
160.625,0.0010504930917723911,0.0010748312990908082,0.14866914175438092
160.66666666666666,0.0010689736378151477,0.0010731866923684502,0.14873213005286445
160.70833333333334,0.0010736605724751996,0.0010571788595787066,0.14879161138886926
160.75,0.0010639571385732737,0.0010276281104594437,0.14884227614819076
160.79166666666666,0.0010392504021740387,0.0009853816016762295,0.14887917170749307
160.83333333333334,0.0009996166161715407,0.0009325566227724007,0.14889782443746405
160.875,0.0009480269671378546,0.0008735311203590166,0.1488950644252933
160.91666666666666,0.0008891764750056594,0.0008127321244964186,0.14886943464059876
160.95833333333334,0.0008277399124533796,0.0007542744788598383,0.1488211046836206
161.0,0.0007672088340400544,0.0007022554330162235,0.14875179226875998
161.04166666666666,0.000712336104611001,0.0006604642441160329,0.14866472754675542
161.08333333333334,0.0006666130978203154,0.000631979523140937,0.1485644430826207
161.125,0.0006338232137066511,0.0006189988314377408,0.1484564688110609
161.16666666666666,0.0006162122208062806,0.00062253362589557,0.14834693770602983
161.20833333333334,0.0006154012970625795,0.0006423522394846698,0.14824211936296994
161.25,0.0006314075534882566,0.0006769709315927514,0.1481479411447872
161.29166666666666,0.0006623575449536029,0.0007231257455517208,0.1480694553805416
161.33333333333334,0.0007049279528313524,0.0007769104040738503,0.14801021933807737
161.375,0.0007557674215379691,0.0008349643590335127,0.1479724542806176
161.41666666666666,0.000812086266089307,0.0008935634775989821,0.1479570357737152
161.45833333333334,0.0008702690299615454,0.0009487753870457534,0.14796337176990546
161.5,0.0009264191011239275,0.0009971388594355304,0.1479894502549686
161.54166666666666,0.0009770366723987956,0.0010356522493321183,0.1480320389593621
161.58333333333334,0.0010192701475927601,0.0010620728773421198,0.148086913182757
161.625,0.0010504364386053281,0.0010748321919662727,0.14814913113647737
161.66666666666666,0.0010690146020341713,0.0010731857519778376,0.14821332718848265
161.70833333333334,0.0010736276360329897,0.0010571765245935584,0.1482740106321518
161.75,0.00106399239270418,0.0010276403417955628,0.14832587565503855
161.79166666666666,0.0010392329928556856,0.0009853676360030174,0.14836396768788185
161.83333333333334,0.0009996034958510349,0.0009325465466359373,0.1483838138366525
161.875,0.0009480082758456482,0.0008735281233266574,0.14838224361269353
161.91666666666666,0.0008891806385474755,0.0008127339411963895,0.1483578036982287
161.95833333333334,0.0008277394379015777,0.000754273062102395,0.14831066214015068
162.0,0.0007672098807763802,0.0007022572640193642,0.14824253475756843
162.04166666666666,0.0007123347764581172,0.0006604629811781446,0.1481566535762787
162.08333333333334,0.000666616942336742,0.000631980890350901,0.1480575474161438
162.125,0.0006338173910715928,0.0006189987985427574,0.14795075009033862
162.16666666666666,0.0006162152113325293,0.0006225329342836814,0.14784239283868592
162.20833333333334,0.0006153971717355013,0.0006423525604457281,0.14773874566631887
162.25,0.0006314072778687911,0.0006769692310910745,0.14764573580869975
162.29166666666666,0.0006623498139665944,0.000723121406323835,0.14756841255556466
162.33333333333334,0.0007049222318244319,0.0007769071586844491,0.1475103396109344
162.375,0.0007557683495929573,0.0008349638410753086,0.1474737332653974
162.41666666666666,0.0008120731516443426,0.0008935650801492881,0.14745947122260025
162.45833333333334,0.0008703054207142301,0.0009487812429370957,0.14746696176927618
162.5,0.0009263916880850167,0.0009971424418225843,0.1474941933520172
162.54166666666666,0.0009770908632475356,0.001035658520696083,0.14753793281550096
162.58333333333334,0.0010192373445714069,0.001062079385665754,0.14759395446087847
162.625,0.001050484503792158,0.001074837110311136,0.14765731884756617
162.66666666666666,0.0010690041410661892,0.0010731946797095226,0.14772265838399865
162.70833333333334,0.0010736476936583851,0.001057177990375558,0.14778448304136663
162.75,0.0010639808053382427,0.0010276302195283277,0.14783748058796944
162.79166666666666,0.001039232445104342,0.0009853689169642974,0.14787670513715342
162.83333333333334,0.000999592989314632,0.0009325343129053676,0.14789766784925878
162.875,0.0009479757407661448,0.0008735356446575768,0.1478972181291689
162.91666666666666,0.0008892233513620137,0.0008127430999598874,0.14787390564676298
162.95833333333334,0.0008277141220512234,0.0007542644152808458,0.14782788288755525
163.0,0.0007672580591900786,0.0007022695080174376,0.14776087194878107
163.04166666666666,0.0007122620442543496,0.0006604593276056693,0.1476761060550765
163.08333333333334,0.0006667178181233414,0.0006319897230336876,0.14757811504284768
163.125,0.0006337709649095065,0.0006190048246172823,0.1474724312454385
163.16666666666666,0.0006162340689836383,0.0006225360205731415,0.14736518706349652
163.20833333333334,0.000615421204096227,0.0006423570350016145,0.14726264970013278
163.25,0.000631405001938665,0.0006769784127211536,0.1471707456579795
163.29166666666666,0.0006623642299631678,0.0007231258046901668,0.14709452459716238
163.33333333333334,0.000704934741557609,0.0007769181739219307,0.1470375514177998
163.375,0.0007557830812162606,0.0008349692376523661,0.147002044186899
163.41666666666666,0.0008120841551550957,0.0008935666100096448,0.14698887732250687
163.45833333333334,0.0008702976531703476,0.0009487853921778652,0.1469974614529501
163.5,0.0009264053555943792,0.0009971459325461881,0.14702578211157627
163.54166666666666,0.000977092237125788,0.0010356636635449215,0.14707061095073387
163.58333333333334,0.0010192445645925497,0.0010620837767819718,0.14712771757029064
163.625,0.0010504991671311838,0.0010748434018880337,0.14719216581483735
163.66666666666666,0.0010690086166303622,0.0010731995028975734,0.14725858699753902
163.70833333333334,0.001073662274319499,0.0010571816372539908,0.14732149123273197
163.75,0.001063992535332647,0.0010276415100358067,0.14737556403698188
163.79166666666666,0.0010392201007905558,0.0009853507329255849,0.14741586146941518
163.83333333333334,0.0009995770714157153,0.000932537956059694,0.14743788935036023
163.875,0.0009479673318246789,0.0008735375972714299,0.14743851143374329
163.91666666666666,0.0008892715374243332,0.0008127396259571182,0.1474162638793261
163.95833333333334,0.0008276472035928898,0.0007542662608055015,0.1473713023717788
164.0,0.0007673120243132018,0.0007022669913885143,0.14730535435714293
164.04166666666666,0.0007122430309935546,0.000660462174646968,0.14722164614896038
164.08333333333334,0.0006667013780503095,0.0006319860464686268,0.14712471119120202
164.125,0.0006337853488157662,0.0006190031923827353,0.1470200798556343
164.16666666666666,0.0006162281713032032,0.000622534283585831,0.1469138846749661
164.20833333333334,0.000615412973623218,0.0006423553447781666,0.14681239369615673
164.25,0.0006313814273880793,0.0006769569628759956,0.1467215307400001
164.29166666666666,0.0006623426191378313,0.0007231138480377294,0.1466463434859498
164.33333333333334,0.000704913763566812,0.0007769153456156193,0.14659040718296268
164.375,0.0007557899340099194,0.0008349709493511576,0.146555937921964
164.41666666666666,0.0008120755138056692,0.0008935675895548008,0.1465438054554065
164.45833333333334,0.0008703225630490025,0.0009487916963463057,0.14655342181344913
164.5,0.0009263928778945303,0.000997147354331283,0.14658277456004926
164.54166666666666,0.0009771319887731287,0.001035673740219037,0.14662862841916197
164.58333333333334,0.0010192301798929663,0.0010620873551009185,0.14668676289643
164.625,0.0010505313375256272,0.0010748518567387335,0.1467522364595125
164.66666666666666,0.001068998559535981,0.0010731982148108837,0.14681968136896476
164.70833333333334,0.0010736785754916283,0.0010571784798140125,0.14688360299922018
164.75,0.0010639860639286064,0.0010276545186046085,0.146938691546719
164.79166666666666,0.001039264185974826,0.0009853707777951195,0.14698001081001305
164.83333333333334,0.0009996166531462184,0.0009325409912058931,0.14700305400273317
164.875,0.0009479505307114789,0.0008735373767189717,0.14700468016758114
164.91666666666666,0.000889292929495452,0.0008127406775472345,0.14698343826877625
164.95833333333334,0.0008276046220153237,0.0007542678611131198,0.14693947835986718
165.0,0.0007673514128778278,0.0007022641700808849,0.146874531535114
165.04166666666666,0.0007122790085969255,0.0006604703616857729,0.1467918217132355
165.08333333333334,0.0006666219155578955,0.0006319867178234957,0.14669588360196695
165.125,0.0006338254852280226,0.0006190039182009656,0.14659224864591403
165.16666666666666,0.0006162623116906698,0.0006225408462808359,0.1464870478576089
165.20833333333334,0.0006153854280555217,0.0006423559675055546,0.1463865488549523
165.25,0.0006314080241621999,0.0006769665728591983,0.14629667806408067
165.29166666666666,0.0006623557583320705,0.0007231173603807727,0.14622247882862585
165.33333333333334,0.0007049226653587287,0.0007769210347837735,0.14616752990922854
165.375,0.0007557820648250565,0.0008349767369154345,0.1461340487699068
165.41666666666666,0.0008121144442568887,0.0008935712810827714,0.14612290039240192
165.45833333333334,0.0008702883193105817,0.0009487890976798683,0.14613349593584687
165.5,0.0009264416527982249,0.0009971521858980206,0.14616382700688726
165.54166666666666,0.0009770835161379125,0.0010356687767983858,0.14621065705673258
165.58333333333334,0.0010192784211336256,0.0010620897723006449,0.14626976385566556
165.625,0.0010504813773483934,0.0010748457408535528,0.1463362061117466
165.66666666666666,0.0010690368340080198,0.0010732013911870883,0.14640461538537122
165.70833333333334,0.0010736527958223043,0.0010571857376313202,0.1464695024917769
165.75,0.0010639950685842755,0.0010276370063634326,0.14652555913723697
165.79166666666666,0.0010392301069613627,0.000985368594772351,0.1465678297955134
165.83333333333334,0.0009996051748194807,0.000932548851296816,0.14659184271922682
165.875,0.0009480117572946952,0.0008735334027777474,0.1465944327851413
165.91666666666666,0.0008891893915442023,0.0008127359358752709,0.1465741463438912
165.95833333333334,0.0008277399704177916,0.0007542744703038577,0.1465311443266791
166.0,0.0007672139394301789,0.000702258671356011,0.14646714938961627
166.04166666666666,0.000712337239999765,0.0006604644329216825,0.1463853890200871
166.08333333333334,0.0006666186376045886,0.0006319809312324828,0.14629039647520184
166.125,0.0006338200640645213,0.0006189992935637233,0.14618770120681931
166.16666666666666,0.0006162169749373421,0.0006225354008149014,0.14608343670243795
166.20833333333334,0.0006154019099153948,0.0006423580420798305,0.14598387547447522
166.25,0.0006314247303825373,0.0006769736263723527,0.1458949451741226
166.29166666666666,0.0006623523386267182,0.000723121480184113,0.14582168743704454
166.33333333333334,0.0007049184631620851,0.0007769163988902072,0.1457676695832216
166.375,0.0007557839083870315,0.0008349765740554453,0.14573511478484286
166.41666666666666,0.0008121255568129805,0.0008935739958031689,0.14572489452124227
166.45833333333334,0.0008702728522435035,0.0009487904611341143,0.14573641583392713
166.5,0.0009264706046428327,0.000997154030303815,0.14576767046163205
166.54166666666666,0.0009770563019044522,0.0010356709522473034,0.1458154226980063
166.58333333333334,0.0010193082102389515,0.0010620897578179289,0.14587544790346996
166.625,0.0010504741090620314,0.0010748492005374461,0.1459428058354656
166.66666666666666,0.001069043960458024,0.0010732014524138496,0.14601212905985658
166.70833333333334,0.0010736561484025837,0.0010571882928056633,0.1460779278714388
166.75,0.0010640447887954284,0.0010276770408018387,0.14613489861199602
166.79166666666666,0.0010393003295328326,0.0009854006655697512,0.14617809199941836
166.83333333333334,0.0009996437582339632,0.0009325540810271513,0.14620301538016278
166.875,0.0009480052913431215,0.0008735318299071003,0.1462065055222035
166.91666666666666,0.0008892085362239118,0.0008127398294776948,0.14618711626382314
166.95833333333334,0.0008277254024850829,0.0007542698382871285,0.1461450115879616
167.0,0.0007672316883653357,0.0007022660612266799,0.14608191040552335
167.04166666666666,0.0007123151287362592,0.000660460676803892,0.14600104440055534
167.08333333333334,0.0006666656462900185,0.0006319892666924603,0.14590694178587651
167.125,0.0006337829252434432,0.0006189988808440943,0.14580513817249105
167.16666666666666,0.0006162567251537104,0.0006225361139055735,0.14570176266648574
167.20833333333334,0.0006153809996940798,0.0006423531789303202,0.14560308431449553
167.25,0.0006314106822855441,0.0006769687644270618,0.14551503041424008
167.29166666666666,0.0006623645407848512,0.000723123468297419,0.14544265230260606
167.33333333333334,0.0007049160018778231,0.0007769119203143526,0.1453895149425892
167.375,0.0007557789827624382,0.0008349712858360514,0.14535783423394194
167.41666666666666,0.0008120949876965002,0.0008935758000681506,0.14534848722895458
167.45833333333334,0.0008703244596299255,0.0009487937869483132,0.14536088242789386
167.5,0.0009264204773780589,0.0009971570681537964,0.1453930080582706
167.54166666666666,0.0009771185371648895,0.001035673845579073,0.1454416305431278
167.58333333333334,0.0010192694032868717,0.0010620946213627338,0.14550252420902263
167.625,0.0010505110746519852,0.0010748511129618794,0.14557074886228147
167.66666666666666,0.001069030873636673,0.0010732067243761937,0.14564093684722154
167.70833333333334,0.0010736670602334367,0.0010571870463019126,0.14570759776824754
167.75,0.0010639928887638142,0.0010276336129378149,0.14576541911119706
167.79166666666666,0.0010392362890921279,0.0009853700820808481,0.14580945353439828
167.83333333333334,0.0009995952830417825,0.0009325357254505465,0.14583521547701123
167.875,0.0009479800261032653,0.0008735380570367133,0.14583955378437785
167.91666666666666,0.0008892262308770582,0.0008127451363132616,0.14582101861466917
167.95833333333334,0.0008277221593154182,0.0007542667862145884,0.14577976213740232
168.0,0.0007672536155481256,0.0007022709202186697,0.14571750646929718
168.04166666666666,0.0007122772786920324,0.0006604603232350288,0.14563748505121415
168.08333333333334,0.0006667145685011431,0.0006319917518462821,0.1455442267197998
168.125,0.0006337706320858622,0.0006190057299597278,0.14544326449826728
168.16666666666666,0.0006162451157160159,0.0006225381949146083,0.14534073124772384
168.20833333333334,0.0006154180731022579,0.0006423585456382925,0.14524289351230543
168.25,0.0006313839638481514,0.0006769600445459421,0.14515567604478127
168.29166666666666,0.0006623480816946755,0.0007231179605939121,0.14508411500199683
168.33333333333334,0.0007049219855365993,0.0007769247714965475,0.14503180681742792
168.375,0.0007558085335189972,0.0008349796122480209,0.14500096500380594
168.41666666666666,0.0008120821329464234,0.0008935792609568566,0.14499245189385546
168.45833333333334,0.0008703731825508096,0.0009487988672690656,0.14500567443827184
168.5,0.0009263689939020151,0.0009971543683731632,0.1450386237451198
168.54166666666666,0.0009771746535192436,0.001035679851399141,0.14508807142113883
168.58333333333334,0.0010192189151263312,0.0010620924622338473,0.14514978632542094
168.625,0.0010505557788528196,0.0010748541460558977,0.14521883077022335
168.66666666666666,0.0010690015846561774,0.0010732041020224154,0.14528983560632402
168.70833333333334,0.001073697628777494,0.0010571912790979538,0.14535731261603524
168.75,0.0010640222579484336,0.0010276757378227133,0.1454159555392234
168.79166666666666,0.0010392678887446087,0.0009853680370667194,0.14546081696654478
168.83333333333334,0.000999614157891339,0.0009325374161974912,0.1454873865804676
168.875,0.0009479528192960742,0.0008735356984694634,0.1454925337529994
168.91666666666666,0.0008892836994138828,0.0008127428118161369,0.14547480263185517
168.95833333333334,0.0008276275523701767,0.0007542680814019305,0.14543434690548718
169.0,0.0007673450338549257,0.0007022677879801195,0.14537289452611216
169.04166666666666,0.0007122497279853523,0.0006604687612281929,0.14529367146570715
169.08333333333334,0.000666662948632209,0.0006319860193176943,0.14520121222678706
169.125,0.0006338384767309639,0.0006190062790432846,0.14510104689238687
169.16666666666666,0.0006162277422300574,0.0006225400382362553,0.14499930740712205
169.20833333333334,0.0006153987288097301,0.0006423570823419391,0.14490226271038278
169.25,0.000631427756360238,0.0006769793927486635,0.14481583893084732
169.29166666666666,0.0006623662281925358,0.0007231257200779092,0.144745083218758
169.33333333333334,0.0007049321541881611,0.0007769218463339478,0.14469356454415505
169.375,0.0007557938321278242,0.0008349769678786926,0.14466350031943395
169.41666666666666,0.0008121024583778691,0.0008935769618343887,0.14465576483614176
169.45833333333334,0.0008703219822228997,0.0009487986883889453,0.14466976902123646
169.5,0.000926428067074856,0.0009971604457034416,0.14470349740768862
169.54166666666666,0.0009771261070964214,0.0010356795693710055,0.14475372291419802
169.58333333333334,0.0010192701413395697,0.0010620987422654607,0.1448162132485167
169.625,0.0010505325686429852,0.001074857720791381,0.14488603274424752
169.66666666666666,0.001069030676591322,0.0010732112057921155,0.14495781206158964
169.70833333333334,0.0010736876466384652,0.0010571919967225236,0.14502606135784812
169.75,0.0010640217851901337,0.0010276648718944722,0.14508546810272904
169.79166666666666,0.0010392660637016447,0.000985374370808693,0.14513109081429604
169.83333333333334,0.000999612190510529,0.0009325416309652877,0.14515842681047808
169.875,0.0009479631034226293,0.0008735391876503347,0.14516433584732463
169.91666666666666,0.0008892975308913931,0.0008127434341874075,0.1451473663013307
169.95833333333334,0.0008276140108398305,0.000754268941738109,0.1451076698976053
170.0,0.0007673522951456267,0.0007022668856937431,0.14504697553331028
170.04166666666666,0.0007122649410537772,0.000660471169522614,0.14496850904344405
170.08333333333334,0.0006666372702530996,0.0006319875652185354,0.1448768040219222
170.125,0.0006338387659029848,0.0006190059813041847,0.14477739220431468
170.16666666666666,0.0006162542127938797,0.0006225420476596162,0.14467640459356093
170.20833333333334,0.0006153876420838907,0.0006423575588685266,0.144580109502898
170.25,0.0006314219670740897,0.0006769748064091878,0.14449443256809782
170.29166666666666,0.0006623713185756904,0.0007231272971338081,0.1444244229407148
170.33333333333334,0.0007049346156639962,0.0007769232801348605,0.14437364851646672
170.375,0.0007557975495050337,0.0008349774733535707,0.14434432739376235
170.41666666666666,0.0008121026791207931,0.0008935777979143725,0.144337334224479
170.45833333333334,0.000870327953236654,0.0009488000251369858,0.14435207739421024
170.5,0.0009264284902955056,0.00099716146476433,0.14438654449419827
170.54166666666666,0.000977136597889859,0.0010356819088512225,0.14443750469256725
170.58333333333334,0.0010192716686948785,0.0010620993074388046,0.14450073117269296
170.625,0.0010505316110204135,0.0010748574645373283,0.14457128351963963
170.66666666666666,0.0010690327768114508,0.0010732109733333952,0.14464379340572547
170.70833333333334,0.0010736872125474463,0.0010571925211720597,0.14471277151759787
170.75,0.0010640307208218572,0.0010276711651936582,0.14477290616493826
170.79166666666666,0.0010392619077458868,0.0009853670477928257,0.1448192578334368
170.83333333333334,0.0009996079296074269,0.0009325380825012783,0.14484731654112729
170.875,0.0009479551954432403,0.0008735362570622403,0.14485394963839676
170.91666666666666,0.0008892876777295985,0.000812743833715136,0.1448377011591573
170.95833333333334,0.000827628317175121,0.0007542687767654082,0.14479872462015103
171.0,0.000767346082772284,0.0007022685385845374,0.1447387480995462
171.04166666666666,0.0007122507827518513,0.0006604693217138682,0.14466099722170758
171.08333333333334,0.0006666653450483573,0.0006319866436105163,0.14457000685616278
171.125,0.0006338393599618634,0.000619006918121458,0.14447130696848107
171.16666666666666,0.0006162278993039936,0.0006225405469656168,0.14437102951401534
171.20833333333334,0.0006154004456459169,0.0006423577366642902,0.14427544349823399
171.25,0.0006314305093637414,0.0006769816918148707,0.1441904750621817
171.29166666666666,0.0006623711818509173,0.0007231287790621636,0.14412117247597164
171.33333333333334,0.0007049373950058628,0.0007769237068004592,0.14407110290792077
171.375,0.0007557964115834037,0.0008349782983145608,0.1440424843802353
171.41666666666666,0.0008121064271839622,0.0008935787907823358,0.14403619131605316
171.45833333333334,0.0008703241016038143,0.0009488003841479956,0.1440516345021679
171.5,0.0009264347308040008,0.0009971626776468772,0.14408679902794305
171.54166666666666,0.00097712764981038,0.0010356816049712165,0.14413845669902842
171.58333333333334,0.0010192772800912044,0.0010621013259499964,0.144202376296992
171.625,0.0010505342363622266,0.001074859855299092,0.14427362154984125
171.66666666666666,0.001069036782433456,0.0010732134877333836,0.144346823285561
171.70833333333334,0.0010736883383237659,0.0010571929068992204,0.14441649140796226
171.75,0.0010640140535824075,0.00102765392404861,0.14447731183375154
171.79166666666666,0.0010392425436690992,0.0009853619496324876,0.14452434088045213
171.83333333333334,0.0009995943011082246,0.0009325381193645878,0.14455308295046695
171.875,0.0009479648518811688,0.000873540477479212,0.14456039707169238
171.91666666666666,0.000889291258109403,0.000812744006442734,0.14454483051081543
171.95833333333334,0.0008276328074923265,0.000754269206832092,0.14450653420717352
172.0,0.0007673426641933583,0.000702269403827926,0.14444723662111222
172.04166666666666,0.0007122428144777794,0.0006604680163358858,0.1443701628271907
172.08333333333334,0.0006666808872105342,0.0006319872659901582,0.14427984740456942
172.125,0.0006338311438166059,0.0006190076358996675,0.144181821058671
172.16666666666666,0.0006162219239226536,0.0006225395639088993,0.14408221565841733
172.20833333333334,0.0006154112379572627,0.0006423575487584023,0.14398729966395307
172.25,0.0006314192609234459,0.0006769757995635988,0.14390299822713534
172.29166666666666,0.0006623564612542389,0.0007231228927660829,0.14383435979712583
172.33333333333334,0.0007049293537584553,0.0007769220631969158,0.14378495496800883
172.375,0.00075579877287217,0.000834978970205331,0.14375699999107716
172.41666666666666,0.0008121031474227652,0.0008935789701556879,0.1437513690726539
172.45833333333334,0.0008703300302200276,0.0009488018569898952,0.1437674734654888
172.5,0.0009264291850838482,0.0009971630899604492,0.14380329683703133
172.54166666666666,0.0009771421345189373,0.0010356843019826718,0.14385561203518754
172.58333333333334,0.0010192716159180793,0.0010621010964756775,0.14392018938133286
172.625,0.0010505419321935857,0.0010748604552669194,0.14399208989724743
172.66666666666666,0.0010690328696880093,0.0010732127447175268,0.14406594519499075
172.70833333333334,0.0010736958904808513,0.0010571951816922432,0.14413626580890604
172.75,0.001063994589300092,0.0010276448314324189,0.14419773821065981
172.79166666666666,0.0010392322946703044,0.0009853498163531129,0.1442454159236226
172.83333333333334,0.000999590410072928,0.0009325372048860293,0.14427480602577977
172.875,0.0009479682692783409,0.0008735378971720089,0.14428277103453566
172.91666666666666,0.0008892585631501035,0.0008127449713554541,0.14426784997139772
172.95833333333334,0.0008276786750739677,0.0007542686032935287,0.14423019857545816
173.0,0.0007673025401954862,0.0007022715742911981,0.1441715424160452
173.04166666666666,0.0007122519664308522,0.0006604634800411634,0.14409510996859315
173.08333333333334,0.0006667149975324961,0.0006319901259690263,0.14400543304519747
173.125,0.0006337857135335824,0.0006190063280384711,0.14390804353850642
173.16666666666666,0.0006162387213992196,0.0006225376707123118,0.14380907365870352
173.20833333333334,0.0006154149001741765,0.0006423574668086803,0.14371479022909273
173.25,0.0006314068210446594,0.0006769788794218352,0.1436311213935693
173.29166666666666,0.0006623691437479657,0.0007231271721277705,0.14356311679021094
173.33333333333334,0.0007049413568334375,0.0007769239923058674,0.14351434263550805
173.375,0.0007557970820752464,0.0008349793291505396,0.1434870167238741
173.41666666666666,0.0008121065205529104,0.0008935794377548893,0.14348201306283012
173.45833333333334,0.000870327398641716,0.0009488015194188229,0.14349874277883157
173.5,0.0009264351586178503,0.0009971635552258103,0.1435351910011623
173.54166666666666,0.0009771311616433803,0.001035682736540848,0.1435881295104594
173.58333333333334,0.0010192775981038597,0.0010621022551389665,0.14365332685362947
173.625,0.0010505379277701927,0.0010748609971287847,0.14372584700426713
173.66666666666666,0.0010690375693874603,0.0010732144395190191,0.1438003206869612
173.70833333333334,0.0010736918982383146,0.0010571941956614215,0.14387125788889474
173.75,0.0010640193215298232,0.001027659262535203,0.14393334504026742
173.79166666666666,0.0010392518965097316,0.000985366404738343,0.14398163870398448
173.83333333333334,0.0009996018046249252,0.0009325400813958213,0.14401164158442578
173.875,0.000947965921436603,0.0008735411552730648,0.14402021298287399
173.91666666666666,0.0008892957672759826,0.0008127447743912147,0.14400590036714722
173.95833333333334,0.0008276283060478472,0.0007542700261761687,0.14396885501468729
174.0,0.0007673489817519071,0.0007022695520403309,0.14391080557649685
174.04166666666666,0.0007122516338148283,0.0006604701128429044,0.14383497678152327
174.08333333333334,0.0006666666420047007,0.0006319878169340581,0.14374590391696648
174.125,0.0006338417720689627,0.0006190079437274408,0.14364911749223913
174.16666666666666,0.0006162282234418275,0.0006225411262051655,0.14355074890687872
174.20833333333334,0.0006154027242691851,0.0006423586136865015,0.14345706731224867
174.25,0.0006314094628157944,0.0006769621768284367,0.14337399452840516
174.29166666666666,0.0006623321265648588,0.0007231060844146604,0.14330657617213996
174.33333333333334,0.0007049017069189618,0.0007769153025206227,0.14325839378729482
174.375,0.0007557840363223052,0.0008349819155194857,0.1432316651900425
174.41666666666666,0.0008121347502902581,0.0008935803107640771,0.14322725811423553
174.45833333333334,0.0008703018071899496,0.0009487993141547223,0.14324457889230327
174.5,0.0009264655782002389,0.0009971640368700027,0.14328161942004777
174.54166666666666,0.000977095577524301,0.0010356803170921951,0.14333514611392403
174.58333333333334,0.0010193112789346993,0.0010621012489061574,0.14340093207837382
174.625,0.0010505009277231084,0.0010748580922800642,0.1434740373616165
174.66666666666666,0.0010690598020953327,0.0010732119431463506,0.14354909508945826
174.70833333333334,0.0010736738168406668,0.0010571963334978982,0.14362061513239896
174.75,0.0010640186516341463,0.0010276468486263828,0.14368328709370667
174.79166666666666,0.0010392432499957795,0.0009853583679651971,0.14373215908385292
174.83333333333334,0.0009995831408973971,0.000932543875676452,0.1437627406313202
174.875,0.0009479784188389268,0.0008735421732382812,0.14377189565302867
174.91666666666666,0.0008892778733436303,0.0008127443742701799,0.14375816097388439
174.95833333333334,0.0008276608149208695,0.0007542700083224947,0.14372169258983394
175.0,0.0007673201634248631,0.0007022711810782652,0.14366421749077057
175.04166666666666,0.0007122441676161238,0.000660465544286352,0.1435889623327299
175.08333333333334,0.0006667108327065007,0.0006319889902717462,0.1435004608663902
175.125,0.0006338012208089159,0.0006190074304566341,0.14340424357461617
175.16666666666666,0.0006162263543515613,0.0006225384837513279,0.14330644325923408
175.20833333333334,0.000615421636870378,0.00064235927977949,0.1432133282546383
175.25,0.0006314008535324957,0.0006769685944518884,0.14313082296229998
175.29166666666666,0.0006623542734320217,0.0007231222347557636,0.14306397450551753
175.33333333333334,0.000704934430720423,0.0007769268824819577,0.14301635986807587
175.375,0.0007558015050131027,0.0008349840956902394,0.1429901958362592
175.41666666666666,0.0008121285085459787,0.0008935796662541061,0.1429863483259253
175.45833333333334,0.0008703072228568681,0.0009487992968617482,0.14300422778971364
175.5,0.0009264606403682893,0.0009971637125223726,0.1430418263876785
175.54166666666666,0.0009771061667598327,0.0010356804579624663,0.14309590858218005
175.58333333333334,0.0010193047059863366,0.0010621005112020647,0.1431622506488903
175.625,0.001050502557587933,0.0010748569710212178,0.14323590997460406
175.66666666666666,0.0010690571650053065,0.0010732110212977593,0.14331151996305552
175.70833333333334,0.0010736697271996037,0.001057193701134547,0.14338359015288504
175.75,0.001064023801314606,0.0010276556686214197,0.14344681368625256
175.79166666666666,0.0010392728768874328,0.000985388757245647,0.14349624015724569
175.83333333333334,0.0009996336474011871,0.0009325559418670349,0.14352738672155202
175.875,0.0009480133428256587,0.0008735384297083017,0.1435370881208242
175.91666666666666,0.000889225907427044,0.0008127418301643991,0.14352389767452495
175.95833333333334,0.0008277171543357462,0.0007542731853015814,0.1434879753223361
176.0,0.0007672458794382392,0.0007022682343698582,0.14343104496058165
176.04166666666666,0.0007123189938606323,0.0006604631484903553,0.14335633413206697
176.08333333333334,0.000666660024552327,0.0006319896502258467,0.14326837227477274
176.125,0.000633794333978376,0.0006189997896137698,0.14317269417379552
176.16666666666666,0.0006162522940852697,0.0006225382923431972,0.14307542978544877
176.20833333333334,0.0006153850801551372,0.0006423541429799164,0.1429828478883322
176.25,0.0006314121222165668,0.000676966557690964,0.14290087622814346
176.29166666666666,0.0006623610156551752,0.0007231272679837679,0.1428345641496744
176.33333333333334,0.0007049266065604829,0.0007769210347424168,0.14278748240316144
176.375,0.0007558003480320766,0.0008349804990000838,0.14276184547305545
176.41666666666666,0.0008121070585768826,0.0008935824199994344,0.142758528286478
176.45833333333334,0.0008703360091060168,0.0009487977790099254,0.14277693868754943
176.5,0.0009264287902748619,0.0009971630291577905,0.14281506442159406
176.54166666666666,0.0009771161842273917,0.001035677029356427,0.14286967463722758
176.58333333333334,0.0010192997755748337,0.0010620985582058533,0.142936541798062
176.625,0.00105049222840085,0.0010748539270725866,0.14301072438165954
176.66666666666666,0.001069059699485962,0.0010732088846681946,0.14308685626671097
176.70833333333334,0.0010736603335489818,0.001057191861849403,0.14315944669062683
176.75,0.001064055057114593,0.0010276796577555695,0.14322319259715702
176.79166666666666,0.0010392983208066908,0.0009854021713766711,0.14327314554763224
176.83333333333334,0.0009996521772923476,0.0009325617760675613,0.1433048112649776
176.875,0.0009480097701693914,0.0008735426743954257,0.14331502577756763
176.91666666666666,0.0008892568780487782,0.0008127474438410508,0.14330234837334088
176.95833333333334,0.00082768926751965,0.0007542672316830912,0.14326693805572618
177.0,0.0007673036631703754,0.0007022754310056222,0.14321051698476675
177.04166666666666,0.0007122391919114517,0.000660465361228552,0.1431363144843092
177.08333333333334,0.000666725820773139,0.000631991372966072,0.14304886355187504
177.125,0.0006338158509734644,0.0006190109895934368,0.14295369505019034
177.16666666666666,0.0006162207674418216,0.0006225409317150753,0.14285694170698976
177.20833333333334,0.000615425636548016,0.0006423597960838877,0.14276487102622148
177.25,0.0006314175603294348,0.0006769731534583725,0.14268340890648162
177.29166666666666,0.0006623374276718542,0.0007231097779381608,0.14261759917408043
177.33333333333334,0.000704910197125614,0.0007769136909208543,0.1425710154449644
177.375,0.0007557884026034222,0.0008349786156350913,0.14254587693173157
177.41666666666666,0.0008121012916156824,0.0008935806481708328,0.14254305786924823
177.45833333333334,0.0008703389957185259,0.0009487993404739825,0.1425619671263092
177.5,0.0009264203374515457,0.0009971612576946966,0.142600590395044
177.54166666666666,0.000977141138381958,0.0010356799098956246,0.14265569690465285
177.58333333333334,0.0010192629516029218,0.0010620990343859543,0.14272305910262803
177.625,0.001050533640147103,0.0010748569738177182,0.14279773768628712
177.66666666666666,0.0010690325097521766,0.0010732097237433204,0.14287436460766764
177.70833333333334,0.0010736919154832715,0.0010571954845043563,0.14294745077091878
177.75,0.0010640205076131808,0.0010276649128382585,0.14301168985688126
177.79166666666666,0.0010392956429366807,0.000985398225814238,0.14306212973337676
177.83333333333334,0.0009996457259169016,0.0009325596247935436,0.14309428449604863
177.875,0.0009480135737619798,0.0008735404161983263,0.14310499186242445
177.91666666666666,0.0008892337721882856,0.0008127429079992767,0.14309280421526377
177.95833333333334,0.0008277136338102649,0.0007542731013915299,0.14305788273013786
178.0,0.0007672616423422336,0.0007022703481575825,0.14300194915192316
178.04166666666666,0.0007123067452650343,0.0006604636735041603,0.1429282345827147
178.08333333333334,0.0006666773501171451,0.0006319909852023001,0.14284126691163238
178.125,0.0006337834783728869,0.0006190023691402884,0.14274657992636944
178.16666666666666,0.0006162605986464564,0.0006225387054263171,0.1426503055503419
178.20833333333334,0.0006153917527740319,0.0006423587939394736,0.14255871260976213
178.25,0.000631417616133498,0.0006769711523673464,0.142477732148515
178.29166666666666,0.0006623805737418651,0.0007231280835842524,0.1424124070495657
178.33333333333334,0.0007049267971274176,0.0007769214571419999,0.14236630480185059
178.375,0.0007557828054055229,0.000834980730736634,0.14234164859283338
178.41666666666666,0.0008121327750743814,0.0008935793025775858,0.14233930757525887
178.45833333333334,0.0008702912791383851,0.0009487953253342527,0.1423586902631893
178.5,0.0009264685443206875,0.0009971601776462193,0.14239778651531854
178.54166666666666,0.0009770726659319977,0.0010356757807533559,0.1424533632999575
178.58333333333334,0.0010193160256920762,0.001062094755917609,0.1425211961308577
178.625,0.0010504797426218483,0.0010748542525069536,0.14259634177598357
178.66666666666666,0.001069061747323198,0.0010732091057139587,0.14267343532812987
178.70833333333334,0.0010736639366743603,0.0010571945804051094,0.14274698658479865
178.75,0.0010640096850140308,0.0010276400389946433,0.14281168853984222
178.79166666666666,0.0010392484448133257,0.0009853801722517228,0.1428625835259368
178.83333333333334,0.0009996228302503523,0.0009325581921869136,0.14289520274964781
178.875,0.0009480333255962076,0.0008735387784984072,0.14290637670919815
178.91666666666666,0.0008891932096332999,0.0008127402608490758,0.14289465255028777
178.95833333333334,0.0008277546553111249,0.0007542795875573542,0.14286019370084238
179.0,0.0007672207911244656,0.0007022627654669641,0.14280472072934572
179.04166666666666,0.0007123500915665457,0.0006604685424856871,0.1427314638931301
179.08333333333334,0.000666627098306711,0.0006319862435666768,0.14264495325075272
179.125,0.0006338310630615131,0.0006190028841911861,0.14255072222882884
179.16666666666666,0.0006162291438930903,0.000622539685367338,0.14245490191649995
179.20833333333334,0.0006154070954862717,0.0006423568912823732,0.142363762364868
179.25,0.0006314273690679601,0.0006769822666427778,0.14228323247748306
179.29166666666666,0.0006623698185903128,0.0007231303072361846,0.14221836275092353
179.33333333333334,0.0007049390637889486,0.0007769182264237452,0.1421727109268608
179.375,0.000755785459864045,0.0008349758899670449,0.14214849929565695
179.41666666666666,0.0008121133492215812,0.000893578825298781,0.14214660478899058
179.45833333333334,0.0008703012757190587,0.0009487937494157402,0.14216643463030681
179.5,0.0009264588324718723,0.000997158540503691,0.1422059772518452
179.54166666666666,0.0009770803857791451,0.0010356737284287045,0.1422619981759762
179.58333333333334,0.0010193081250609146,0.0010620943145458125,0.14233027411265198
179.625,0.0010504801209778546,0.001074852079167054,0.14240586272542785
179.66666666666666,0.0010690512604363393,0.001073204035399023,0.14248339771322097
179.70833333333334,0.0010736599527272114,0.0010571915992768947,0.14255738841926274
179.75,0.0010640225684926548,0.0010276550264163389,0.14262252896611843
179.79166666666666,0.001039254029381129,0.000985377188793463,0.14267386456244352
179.83333333333334,0.0009996220263621043,0.0009325544684606449,0.14270692176686975
179.875,0.0009480227986588432,0.0008735358239774367,0.14271853248936225
179.91666666666666,0.0008891963987482652,0.000812741248734377,0.14270724238520913
179.95833333333334,0.0008277536900025051,0.0007542793677215468,0.14267322012628872
180.0,0.0007672219371226122,0.0007022634654952078,0.1426181809438953
180.04166666666666,0.0007123468594840711,0.0006604683663727701,0.14254535771569277
180.08333333333334,0.0006666276757809581,0.0006319863258141713,0.14245927900218452
180.125,0.0006338268608883019,0.0006190038034458397,0.14236547881726938
180.16666666666666,0.000616226154559189,0.0006225380747982661,0.14227008857079496
180.20833333333334,0.0006154058990653964,0.0006423576050922536,0.14217937828861069
180.25,0.000631417719808652,0.0006769737957384374,0.1420992753896692
180.29166666666666,0.0006623534012471726,0.0007231185759505769,0.14203482804551112
180.33333333333334,0.0007049225880866795,0.000776921151355149,0.1419895999781857
180.375,0.000755787909906326,0.0008349795109889314,0.14196581410136938
180.41666666666666,0.0008121255862036255,0.0008935758405419179,0.1419643426248002
180.45833333333334,0.0008702872157791633,0.0009487942758542361,0.14198459355124468
180.5,0.0009264547169328471,0.0009971570012899569,0.14202455534011268
180.54166666666666,0.0009770837437603256,0.0010356738920310323,0.14208099686938783
180.58333333333334,0.0010192936460596124,0.0010620944680209948,0.1421496909475521
180.625,0.0010504946324281523,0.0010748532722769301,0.1422256980483937
180.66666666666666,0.0010690471654759418,0.0010732092586345286,0.14230365203868806
180.70833333333334,0.001073674047065464,0.0010571959957172091,0.1423780629725604
180.75,0.001064022373671662,0.0010276539663570733,0.1424436202241945
180.79166666666666,0.0010392561183655473,0.0009853670586973625,0.14249537253031383
180.83333333333334,0.000999596347035781,0.0009325473528721251,0.14252882667141906
180.875,0.0009479843183834069,0.0008735445935399988,0.14254084712704088
180.91666666666666,0.0008892818274248897,0.0008127465975663948,0.1425299707956747
180.95833333333334,0.0008276653073713595,0.0007542717857988441,0.1424963540573369
181.0,0.0007673220086118494,0.0007022731349158683,0.14244172405524336
181.04166666666666,0.0007122496579411458,0.0006604672753399659,0.14236930744223192
181.08333333333334,0.0006667134370601402,0.0006319911347581697,0.1422836377783974
181.125,0.000633803551023158,0.000619009281707978,0.14219024585312795
181.16666666666666,0.0006162331334007115,0.0006225403209005803,0.1420952643748122
181.20833333333334,0.000615425004146069,0.0006423599759435586,0.14200496072220167
181.25,0.0006314111964952998,0.000676978337036268,0.14192526216165974
181.29166666666666,0.0006623631056739403,0.0007231248581740421,0.14186121565865875
181.33333333333334,0.0007049349751267362,0.0007769220901941629,0.14181639148297387
181.375,0.0007557951860678664,0.0008349762435374224,0.14179300563904382
181.41666666666666,0.0008120948797469905,0.0008935737147989245,0.14179193239175472
181.45833333333334,0.0008703173636455587,0.0009487943277468988,0.14181258283209838
181.5,0.0009264134514417371,0.000997154014041278,0.14185294096455653
181.54166666666666,0.0009771231256132846,0.0010356743601217975,0.1419097798441876
181.58333333333334,0.0010192531087447386,0.001062091382383742,0.141978870384767
181.625,0.001050523707369477,0.0010748519945163002,0.1420552738239863
181.66666666666666,0.0010690193147575129,0.0010732066688762074,0.1421336222811486
181.70833333333334,0.0010736871550231606,0.001057192226960082,0.1422084266708048
181.75,0.0010639924429886687,0.001027644870276607,0.14227437368998636
181.79166666666666,0.0010392357617599038,0.0009853525729633548,0.1423265166466601
181.83333333333334,0.0009995964926435275,0.0009325405215675071,0.14236036226874277
181.875,0.0009479752828531873,0.0008735411789138315,0.142372772579013
181.91666666666666,0.0008892646122319505,0.0008127480165839129,0.14236228640204904
181.95833333333334,0.00082768521095569,0.0007542714099390239,0.14232905953882122
182.0,0.0007673070853438902,0.0007022741359777412,0.14227481752208346
182.04166666666666,0.0007122577667993035,0.0006604658358868642,0.14220278892708393
182.08333333333334,0.0006667193740633424,0.0006319924446650918,0.14211750554743846
182.125,0.0006337896184844656,0.0006190084718655648,0.1420244993434616
182.16666666666666,0.0006162444122833029,0.0006225395480118864,0.14192990255186527
182.20833333333334,0.0006154187537134565,0.0006423596235227782,0.14183998206862206
182.25,0.000631412706297758,0.0006769827530528385,0.14176066607666
182.29166666666666,0.0006623770665499665,0.0007231313726910276,0.1416970054818405
182.33333333333334,0.0007049459467705983,0.0007769240312856842,0.14165256383814534
182.375,0.0007557924386500236,0.0008349751354293079,0.14162955908157415
182.41666666666666,0.0008120962194407067,0.0008935723282524391,0.14162886535880112
182.45833333333334,0.0008703089111292567,0.0009487911569208037,0.14164989363940775
182.5,0.0009264167388681056,0.0009971514693510619,0.14169062996179835
182.54166666666666,0.0009771034296688756,0.0010356693528472552,0.14174784512678354
182.58333333333334,0.0010192555200971107,0.0010620896226975988,0.14181730963224287
182.625,0.001050510769256879,0.0010748495397672156,0.14189408714416302
182.66666666666666,0.0010690212640687873,0.0010732060829356995,0.14197280912853302
182.70833333333334,0.0010736760258867142,0.0010571887858212706,0.14204798582409559
182.75,0.001064006138299487,0.0010276478392246856,0.14211430261189767
182.79166666666666,0.0010392359435332224,0.0009853591821219396,0.14216681596623482
182.83333333333334,0.0009995938771298052,0.0009325462955289096,0.14220103165745107
182.875,0.0009479842379957769,0.00087354525670205,0.14221381309607406
182.91666666666666,0.000889285158763365,0.0008127467625192453,0.14220369639674268
182.95833333333334,0.000827662510333908,0.0007542726346503162,0.14217083740116318
183.0,0.0007673234179209058,0.0007022730451680358,0.1421169635156993
183.04166666666666,0.0007122543982612433,0.0006604676388529842,0.1420453011728337
183.08333333333334,0.000666712429283676,0.0006319913719697895,0.14196038404742783
183.125,0.0006337952570239687,0.0006190082775418594,0.14186774264543314
183.16666666666666,0.0006162383956560462,0.0006225392747532473,0.14177350951251166
183.20833333333334,0.0006154230684843226,0.0006423603655505345,0.14168395275453266
183.25,0.0006313940382354079,0.0006769646127860394,0.14160499681899352
183.29166666666666,0.0006623562708778059,0.000723121029099635,0.14154169046739112
183.33333333333334,0.0007049263818003666,0.0007769203177070025,0.14149760621795093
183.375,0.0007557954304633452,0.0008349741221904321,0.1414749607754233
183.41666666666666,0.0008120814359068976,0.0008935693650525211,0.14147462315572704
183.45833333333334,0.0008703201132287132,0.0009487908950661502,0.1414960081297392
183.5,0.0009263924583254042,0.000997147537636054,0.14153709890365707
183.54166666666666,0.0009771277945307107,0.0010356718531510964,0.14159466638313692
183.58333333333334,0.0010192302371459132,0.0010620860443419206,0.1416644864798424
183.625,0.001050525150029146,0.0010748491465361648,0.14174161819562991
183.66666666666666,0.0010690005202717136,0.0010731982526837845,0.14182069356939342
183.70833333333334,0.0010736787788122918,0.001057179329692398,0.14189621892076332
183.75,0.0010639699831533368,0.0010276403548437018,0.14196288449897757
183.79166666666666,0.0010392647405474517,0.0009853799784656705,0.14201574900504843
183.83333333333334,0.000999627852462272,0.0009325548642068817,0.14205032859556563
183.875,0.0009480052040534105,0.000873541657689846,0.14206345928248762
183.91666666666666,0.0008892404281013337,0.0008127448107605622,0.14205369122183995
183.95833333333334,0.0008277177802007426,0.0007542748342709968,0.1420211831519658
184.0,0.0007672630333427013,0.0007022714404093779,0.1419676567619783
184.04166666666666,0.0007123157397755851,0.0006604645452961963,0.14189634493757242
184.08333333333334,0.000666673631370568,0.000631991786475255,0.14181177255432395
184.125,0.0006337926053710073,0.0006190016998423088,0.14171947640361157
184.16666666666666,0.0006162577283345283,0.0006225388901063166,0.14162558584760226
184.20833333333334,0.0006153879559887647,0.0006423558945431995,0.14153637013814055
184.25,0.0006314246008554826,0.0006769793991205905,0.14145775823214798
184.29166666666666,0.0006623794390880312,0.0007231326056297119,0.1413948025204868
184.33333333333334,0.0007049297347354146,0.0007769143069776892,0.14135106152076454
184.375,0.0007557861347271356,0.0008349676377952268,0.14132875193570907
184.41666666666666,0.0008120670042242572,0.0008935711605892328,0.14132875626203822
184.45833333333334,0.0008703367223227661,0.0009487856571751263,0.14135048028876618
184.5,0.0009263722317276765,0.000997144438100271,0.14139191074669255
184.54166666666666,0.0009771096139188531,0.0010356600705581705,0.14144981834945164
184.58333333333334,0.0010192264870353181,0.0010620815452246806,0.14151997263908744
184.625,0.0010504914839685512,0.0010748390352598594,0.14159743788436208
184.66666666666666,0.0010690114270919123,0.0010731981150828723,0.1416768452359506
184.70833333333334,0.0010736599388921756,0.00105718484740095,0.14175270614086272
184.75,0.0010640274780700863,0.0010276654033939251,0.1418197119182124
184.79166666666666,0.0010392589920857954,0.0009853730584712332,0.141872915292451
184.83333333333334,0.0009996085041327682,0.0009325447027284102,0.1419078152687492
184.875,0.0009479749241921138,0.0008735449815377762,0.14192127168876248
184.91666666666666,0.0008893095269885177,0.0008127482315888019,0.1419118329483309
184.95833333333334,0.0008276264224609773,0.0007542738044554892,0.14187964927577862
185.0,0.000767357528577438,0.0007022712918004781,0.14182645008544417
185.04166666666666,0.0007122683757552703,0.0006604742924891492,0.1417554611464099
185.08333333333334,0.0006666560573716643,0.0006319902973092764,0.14167121644684638
185.125,0.0006338481988848217,0.000619009824813351,0.14157924694606647
185.16666666666666,0.0006162464023552813,0.0006225445719340735,0.14148568427049069
185.20833333333334,0.0006154002331682862,0.000642360245760277,0.14139679681560538
185.25,0.0006314292605971015,0.00067697682995335,0.1413185104054157
185.29166666666666,0.0006623642488245235,0.0007231225230514301,0.1412558719480222
185.33333333333334,0.000704927655707425,0.0007769218974226965,0.14121245366930552
185.375,0.0007557771484293112,0.0008349747047795399,0.1411904742250263
185.41666666666666,0.0008121179050021961,0.0008935659594177122,0.14119080117038574
185.45833333333334,0.0008702620839591282,0.0009487808904778669,0.14121284269190468
185.5,0.0009264364556497838,0.000997142181469109,0.1412545918742683
185.54166666666666,0.0009770407772596887,0.0010356568917799663,0.14131281554495068
185.58333333333334,0.001019273226563022,0.0010620772618169265,0.14138328708327494
185.625,0.0010504524533512438,0.0010748371627657886,0.14146106785827745
185.66666666666666,0.001069024344600765,0.00107319277481115,0.1415407909015899
185.70833333333334,0.0010736432364650732,0.0010571847083596607,0.1416169664726
185.75,0.0010640164106776925,0.0010276549689401421,0.14168428883766573
185.79166666666666,0.0010392544343529146,0.0009853790547973702,0.14173780274878525
185.83333333333334,0.0009996274268425469,0.0009325567810251856,0.14177303341579864
185.875,0.0009480269065481142,0.000873537605111402,0.14178681317071004
185.91666666666666,0.0008891998462444286,0.0008127430325752477,0.14177768622963008
185.95833333333334,0.0008277583871507883,0.0007542810004192778,0.14174582271652397
186.0,0.000767224606408162,0.0007022650961085645,0.14169293641996797
186.04166666666666,0.0007123505674816362,0.0006604697160152468,0.14162226165862238
186.08333333333334,0.000666630312836719,0.0006319878468471511,0.14153832609647624
186.125,0.0006338293385549805,0.0006190050258541801,0.14144666426279753
186.16666666666666,0.0006162294555810536,0.0006225395111093903,0.14135340737364244
186.20833333333334,0.000615407711501607,0.0006423588845958143,0.14126482552423553
186.25,0.0006314159514061695,0.0006769712896454341,0.14118684528716452
186.29166666666666,0.0006623567994934916,0.0007231273471491853,0.14112451320291483
186.33333333333334,0.0007049316212052328,0.0007769162353226894,0.14108140122656138
186.375,0.0007557836404346032,0.000834971513607701,0.1410597221219679
186.41666666666666,0.0008120768163014403,0.0008935663242477436,0.1410603505906708
186.45833333333334,0.0008703043291479738,0.0009487773363345195,0.1410826964884203
186.5,0.0009263774593017913,0.0009971377945059874,0.14112474570702585
186.54166666666666,0.0009770803313514293,0.0010356514204264192,0.14118326972570244
186.58333333333334,0.0010192335576020577,0.001062072785018518,0.14125404109502304
186.625,0.001050462288148821,0.0010748316827861137,0.14133211995267905
186.66666666666666,0.0010690088157582075,0.0010731920746642042,0.14141214074132588
186.70833333333334,0.0010736458299029485,0.0010571826786673253,0.14148861456675876
186.75,0.0010640051023230385,0.0010276499359893507,0.1415562336480542
186.79166666666666,0.0010392642598873588,0.00098538639631313,0.14161004722516993
186.83333333333334,0.0009996391259635264,0.0009325594793757772,0.14164557366308275
186.875,0.0009480210159463579,0.0008735418644618101,0.14165964432466313
186.91666666666666,0.0008892284992629601,0.0008127448037477001,0.14165081314360006
186.95833333333334,0.0008277350968161687,0.0007542769228166621,0.14161924197612372
187.0,0.0007672448458963964,0.0007022705257890802,0.1415666492283348
187.04166666666666,0.0007123305039016686,0.0006604668482455693,0.14149626673848956
187.08333333333334,0.0006666573869801588,0.0006319919015600687,0.14141262420685974
187.125,0.000633802987054395,0.0006190032316553776,0.14132125445253782
187.16666666666666,0.0006162546026523807,0.0006225405168049421,0.14122828889927624
187.20833333333334,0.0006153926290812334,0.0006423595163024098,0.14113999742767125
187.25,0.0006314295563979097,0.0006769721886001151,0.1410623104933546
187.29166666666666,0.0006623675659216713,0.0007231265128598012,0.14100027010441432
187.33333333333334,0.0007049149836768161,0.0007769151873086613,0.1409574448848224
187.375,0.0007557745987412178,0.0008349696772501213,0.14093605559412462
187.41666666666666,0.0008121031783474747,0.000893562431243583,0.1409369721063499
187.45833333333334,0.0008702577047190448,0.0009487729255069052,0.14095960210557937
187.5,0.0009264156624724178,0.0009971338877039718,0.141001936959588
187.54166666666666,0.000977024268721612,0.0010356470812979146,0.1410607437590797
187.58333333333334,0.001019256000408428,0.0010620683788267048,0.14113179747609142
187.625,0.0010504313641064333,0.0010748285532396478,0.14121015890793198
187.66666666666666,0.0010690173065520143,0.0010731888886857505,0.14129046159477404
187.70833333333334,0.0010736323624684903,0.0010571821463251742,0.14136721712586559
187.75,0.0010640110640163008,0.001027650302201092,0.14143511955007906
187.79166666666666,0.0010392537230017999,0.000985387153952811,0.14148921288830368
187.83333333333334,0.000999633440966262,0.0009325630408597055,0.14152501972428
187.875,0.0009480409097583358,0.0008735425574754129,0.1415393775580974
187.91666666666666,0.0008892047915555115,0.0008127433429797327,0.14153082597293293
187.95833333333334,0.0008277564901789142,0.0007542813996206202,0.14149953463149875
188.0,0.0007672261036296414,0.0007022657628859503,0.1414472204809069
188.04166666666666,0.000712350178650654,0.0006604703217747182,0.14137711497683816
188.08333333333334,0.0006666299846045309,0.0006319874982000213,0.14129375034501987
188.125,0.0006338301161069003,0.0006190045342759033,0.14120265609181185
188.16666666666666,0.0006162306655933717,0.0006225410851532997,0.14110996549183158
188.20833333333334,0.0006154081815168965,0.0006423632535445425,0.14102195121804534
188.25,0.0006314389579314735,0.0006769789715302542,0.14094454115525112
188.29166666666666,0.0006623622462635204,0.0007231254580642186,0.14088277656448792
188.33333333333334,0.000704917774994624,0.0007769147482795261,0.14084022381477723
188.375,0.0007557728944689277,0.0008349681134362797,0.140819105460673
188.41666666666666,0.0008121035604109899,0.0008935589038523642,0.14082029232252505
188.45833333333334,0.0008702370773229918,0.0009487692169125571,0.14084319178833174
188.5,0.0009264243163808421,0.0009971282783323634,0.14088579610661786
188.54166666666666,0.0009770048347270779,0.0010356430609033832,0.1409448701896939
188.58333333333334,0.0010192543194763215,0.001062062427913336,0.14101619103765028
188.625,0.0010504238518537377,0.0010748255039144928,0.14109481890266662
188.66666666666666,0.0010690053088082188,0.0010731845196218905,0.14117538791641634
188.70833333333334,0.001073631215256229,0.0010571790558826818,0.14125240909075845
188.75,0.00106402974024353,0.0010276700692476827,0.14132057939744483
188.79166666666666,0.0010393023636710147,0.00098540530239128,0.14137494797590663
188.83333333333334,0.000999656608878054,0.0009325625376713553,0.1414110238692524
188.875,0.0009480244929841414,0.0008735398452826257,0.14142564079005734
188.91666666666666,0.0008892189874877653,0.0008127465677398662,0.14141735283582305
188.95833333333334,0.0008277459802946097,0.0007542771108433396,0.14138632343609644
189.0,0.0007672398969853793,0.0007022716635767064,0.1413342704886924
189.04166666666666,0.0007123315282722653,0.00066046704678447,0.14126442731814465
189.08333333333334,0.0006666667446250088,0.000631993920571704,0.14118132257015642
189.125,0.0006337980441257139,0.0006190035459665188,0.14109049037172794
189.16666666666666,0.0006162647807674105,0.0006225418889232214,0.14099806093730533
189.20833333333334,0.0006153893979377481,0.0006423573126196051,0.14091030279822
189.25,0.000631430139755468,0.0006769822428219853,0.1408331448404801
189.29166666666666,0.0006623842228029624,0.0007231336121768419,0.1407716405568921
189.33333333333334,0.0007049281183790517,0.0007769117406507129,0.14072934555417463
189.375,0.0007557720853119987,0.000834959248730078,0.1407084771253521
189.41666666666666,0.000812050729849016,0.0008935577872307445,0.1407099172691274
189.45833333333334,0.0008702915945714518,0.0009487657320751821,0.1407330731698633
189.5,0.0009263463906389076,0.00099712399557711,0.1407759289779211
189.54166666666666,0.000977054487966931,0.0010356364177554918,0.1408352575425885
189.58333333333334,0.0010192054504536531,0.001062058458199136,0.14090683104720436
189.625,0.0010504329538057655,0.0010748182816343753,0.14098571073098817
189.66666666666666,0.0010689876993801085,0.001073182621397442,0.1410665311279041
189.70833333333334,0.0010736247558290812,0.001057173952553987,0.1411438030730925
189.75,0.0010640061322342294,0.001027654857486555,0.14121222146933704
189.79166666666666,0.0010392764874922486,0.0009853945295403928,0.141266836633447
189.83333333333334,0.000999646514792847,0.0009325607196972283,0.14130315952644873
189.875,0.0009480211086410272,0.0008735428298352416,0.1413180258341833
189.91666666666666,0.00088923594670486,0.0008127463257016767,0.14130998810343953
189.95833333333334,0.0008277230548699146,0.0007542761717277755,0.14127920631911633
190.0,0.0007672650218963214,0.000702273109809816,0.14122740247821117
190.04166666666666,0.0007123176800283816,0.0006604659376565104,0.14115780916547332
190.08333333333334,0.0006666790904142074,0.0006319934682830512,0.14107495163210046
190.125,0.0006337918080421016,0.0006190039350380683,0.14098436609931572
190.16666666666666,0.0006162630588810427,0.0006225400743570589,0.14089218273848053
190.20833333333334,0.0006153911543331443,0.0006423581294172317,0.14080467050938472
190.25,0.0006314207293749272,0.0006769745243304468,0.1407277571305367
190.29166666666666,0.0006623720540850304,0.0007231269174883359,0.14066649348345253
190.33333333333334,0.0007049148417376039,0.0007769073158536094,0.14062444295839852
190.375,0.0007557611278786195,0.0008349572499952791,0.1406038202865393
190.41666666666666,0.0008120555861344874,0.0008935524742318063,0.14060550125132573
190.45833333333334,0.0008702721357938605,0.0009487619134522977,0.1406288962289147
190.5,0.0009263515554249585,0.0009971189052310975,0.14067199304792496
190.54166666666666,0.0009770423422224498,0.0010356326465694196,0.1407315592479344
190.58333333333334,0.0010191900543983685,0.0010620541539582455,0.140803370961596
190.625,0.0010504366842359195,0.0010748154618189364,0.140882489204823
190.66666666666666,0.0010689707240995566,0.0010731797525896456,0.1409635480725379
190.70833333333334,0.0010736262089827075,0.0010571714642995604,0.14104105846842085
190.75,0.0010639774258211032,0.0010276309899379182,0.14110970881680615
190.79166666666666,0.0010392408895830772,0.0009853759841602062,0.14116455137420733
190.83333333333334,0.0009996105425166958,0.0009325439320581761,0.1412010983529485
190.875,0.0009479966872042444,0.0008735460265142589,0.14121619695145493
190.91666666666666,0.0008892419722555891,0.0008127524739181981,0.14120839690274734
190.95833333333334,0.0008277357934035999,0.0007542734715470324,0.1411778503817536
191.0,0.0007672673537067745,0.0007022771118737531,0.14112627962325802
191.04166666666666,0.000712288722407185,0.0006604660390275836,0.14105691810311485
191.08333333333334,0.0006667257706287298,0.0006319970856765513,0.14097429478705337
191.125,0.0006337810841574951,0.0006190108614501719,0.14088394277881364
191.16666666666666,0.0006162553401919083,0.0006225432718331027,0.14079199504987247
191.20833333333334,0.0006154280608584605,0.0006423637295627177,0.14070471826547015
191.25,0.0006314039240428912,0.0006769728082598226,0.14062803945020305
191.29166666666666,0.0006623618564392876,0.0007231215180189399,0.1405670013288173
191.33333333333334,0.0007049273263805399,0.0007769175458894732,0.14052518106332165
191.375,0.000755769756648496,0.0008349634769104021,0.14050479426189177
191.41666666666666,0.0008120765148657568,0.0008935474428247545,0.14050670599764734
191.45833333333334,0.000870233752209723,0.0009487569524792909,0.14053032729887727
191.5,0.0009263726919796475,0.0009971138270361286,0.14057365107757047
191.54166666666666,0.0009770040658018872,0.0010356269977570172,0.1406334427512432
191.58333333333334,0.0010192017566234078,0.001062047761569851,0.14070548070308583
191.625,0.0010504054278034907,0.0010748100907770617,0.14078482386777824
191.66666666666666,0.0010689760823515977,0.001073174342624145,0.14086610757259163
191.70833333333334,0.001073612606572373,0.0010571706235579835,0.14094384299137533
191.75,0.0010639845345537518,0.0010276386898864691,0.14101272331135498
191.79166666666666,0.0010392584819398853,0.0009853896759383658,0.1410677965466228
191.83333333333334,0.0009996521869482143,0.000932567261952238,0.14110459071681133
191.875,0.0009480468124753122,0.0008735392798730376,0.14111992398480172
191.91666666666666,0.0008891880500346168,0.0008127424085049525,0.14111234605698827
191.95833333333334,0.0008277664358578547,0.000754284530127471,0.14108202596406152
192.0,0.0007672240046177927,0.0007022644948733285,0.1410306816232914
192.04166666666666,0.0007123566900352797,0.0006604725293535311,0.14096154316900736
192.08333333333334,0.0006666296700642602,0.0006319881329698302,0.1408791426840908
192.125,0.0006338390267538049,0.0006190061054052455,0.14078901139643443
192.16666666666666,0.0006162325606465194,0.0006225424368193965,0.14069728169512397
192.20833333333334,0.0006154141727338201,0.0006423595668621729,0.14061022315328847
192.25,0.0006314328386836091,0.0006769862477411357,0.14053376484561672
192.29166666666666,0.000662373741124702,0.0007231310841680453,0.14047295775644023
192.33333333333334,0.0007049316559187099,0.000776909310721829,0.1404313559372924
192.375,0.0007557540306530249,0.0008349544892463526,0.14041118094031838
192.41666666666666,0.0008120631558558537,0.0008935456779867654,0.14041330920534562
192.45833333333334,0.000870220705064559,0.0009487500556107299,0.14043714796766013
192.5,0.000926374744726311,0.0009971078191765904,0.14048068688067417
192.54166666666666,0.000976964354170992,0.0010356189024511248,0.1405406936458134
192.58333333333334,0.0010192082293246994,0.0010620398311514878,0.14061294402102478
192.625,0.001050379033569535,0.0010748038795573944,0.14069249983387547
192.66666666666666,0.0010689672465257639,0.0010731655540348057,0.14077399530743764
192.70833333333334,0.0010736020757432575,0.00105716805187428,0.14085194207870202
192.75,0.001063980755059075,0.0010276391733543837,0.14092103390724542
192.79166666666666,0.0010392626904575095,0.0009853867933673774,0.14097632019283363
192.83333333333334,0.0009996363378310623,0.0009325622464042599,0.14101332027080193
192.875,0.0009480307782303548,0.0008735431999109827,0.1410288591159657
192.91666666666666,0.0008892265264515564,0.0008127457465166661,0.1410214928410511
192.95833333333334,0.0008277394041778231,0.0007542785692744034,0.14099138225287575
193.0,0.0007672461884307664,0.0007022713573474431,0.14094024710965924
193.04166666666666,0.0007123402791147223,0.0006604678611314392,0.14087132047720832
193.08333333333334,0.0006666552671288861,0.0006319927848356437,0.14078912809652927
193.125,0.0006338102612558082,0.0006190045315100555,0.14069920623611198
193.16666666666666,0.0006162535951426384,0.0006225414697343634,0.14060768493894818
193.20833333333334,0.0006153968481905768,0.0006423602108409657,0.14052083453210854
193.25,0.0006314347889218215,0.0006769769992827247,0.14044458482197986
193.29166666666666,0.0006623641421609581,0.0007231274306460863,0.1403839779416857
193.33333333333334,0.0007049105526464698,0.0007769082827468069,0.14034258313955736
193.375,0.0007557569236515541,0.0008349557425906573,0.14032261738323212
193.41666666666666,0.0008120678999830537,0.0008935417828814089,0.14032495139664838
193.45833333333334,0.0008702069638243022,0.0009487448018450254,0.14034899344694893
193.5,0.0009263635936941841,0.000997101168029314,0.14039273494502366
193.54166666666666,0.0009769572292333633,0.0010356126815850727,0.1404529424081565
193.58333333333334,0.0010191946287854833,0.0010620337830605298,0.14052539452416793
193.625,0.0010503680275937852,0.0010747983829450974,0.14060515094694004
193.66666666666666,0.0010689600739902784,0.001073162368929505,0.14068684756965597
193.70833333333334,0.0010735933449136784,0.0010571649573399807,0.1407649957071594
193.75,0.0010639997249753627,0.0010276538818208615,0.14083429137848066
193.79166666666666,0.0010392556184997035,0.0009853740819895992,0.14088977819015577
193.83333333333334,0.0009996172020008195,0.0009325545148452342,0.14092696854683948
193.875,0.0009480088462060991,0.0008735450914960456,0.14094271104403305
193.91666666666666,0.0008892500105894319,0.0008127482910604514,0.14093554585102241
193.95833333333334,0.0008277282951619274,0.0007542771153261698,0.14090563675866002
194.0,0.0007672579595520252,0.0007022722776064595,0.14085470136356945
194.04166666666666,0.0007123264401808882,0.0006604667721623405,0.14078597312551536
194.08333333333334,0.000666667037957765,0.0006319927330991135,0.14070397920415414
194.125,0.0006338015072132717,0.0006190043077805016,0.14061425479149864
194.16666666666666,0.0006162578030064739,0.0006225410532478408,0.14052293066203742
194.20833333333334,0.0006153971323719854,0.0006423603650231518,0.14043627682280582
194.25,0.0006314353258311631,0.0006769823725171532,0.14036022366513243
194.29166666666666,0.0006623779455610106,0.0007231278517470265,0.14029981654417248
194.33333333333334,0.0007049122375724639,0.0007769031910645718,0.14025861588642125
194.375,0.0007557437974739964,0.0008349474034484895,0.1402388391991351
194.41666666666666,0.0008120403209073863,0.0008935368731364012,0.1402413638342705
194.45833333333334,0.0008702241024646026,0.0009487407165724776,0.14026559701022878
194.5,0.0009263179435826456,0.0009970956490304597,0.14030952807395744
194.54166666666666,0.0009769755593045794,0.001035606013278576,0.14036992726254466
194.58333333333334,0.0010191505164778938,0.001062029623854259,0.14044256781553194
194.625,0.0010503780543777736,0.0010747921041879005,0.14052251495064574
194.66666666666666,0.0010689406155714603,0.0010731591717286523,0.1406044013712778
194.70833333333334,0.0010735906940604516,0.001057159818917722,0.1406827394569728
194.75,0.001063996530468864,0.0010276565541808035,0.14075222476962593
194.79166666666666,0.0010392672134268857,0.000985388400262004,0.14080790573954574
194.83333333333334,0.0009996446374908247,0.0009325654238406672,0.1408452916947257
194.875,0.0009480143222527233,0.0008735500605908373,0.1408612175477036
194.91666666666666,0.000889282848388741,0.0008127491697784813,0.1408542406808963
194.95833333333334,0.0008276766478012821,0.0007542743100285491,0.14082451489537973
195.0,0.0007673214662479794,0.0007022767671691122,0.14077376674284744
195.04166666666666,0.0007122580686565954,0.0006604690438773218,0.14070522325459842
195.08333333333334,0.0006667235645268857,0.000631994492792392,0.14062341726381428
195.125,0.0006337998642077475,0.0006190115412247028,0.14053388014698903
195.16666666666666,0.0006162440182096306,0.0006225417864545011,0.1404427445421016
195.20833333333334,0.0006154285371933898,0.0006423623439794368,0.1403562775770192
195.25,0.0006314097130537718,0.0006769784761672032,0.14028040541810027
195.29166666666666,0.0006623697863646333,0.0007231265151074958,0.14022017964506395
195.33333333333334,0.000704926049680808,0.0007769100094916666,0.1401791623160708
195.375,0.0007557547808370168,0.000834947492568896,0.14015956963914392
195.41666666666666,0.0008120254313710187,0.0008935305072553414,0.1401622755894617
195.45833333333334,0.0008702179111249828,0.0009487372456260383,0.14018669038014558
195.5,0.0009262964026046566,0.0009970880867666405,0.1402307998164054
195.54166666666666,0.0009769845005372733,0.0010356024162316852,0.1402913783428742
195.58333333333334,0.0010191202824834766,0.0010620217512612713,0.14036419888750087
195.625,0.001050389334934965,0.001074788729898372,0.1404443251110821
195.66666666666666,0.001068913358298024,0.0010731573431010826,0.1405263914905846
195.70833333333334,0.0010736024347507503,0.0010571581142025926,0.14060491052327434
195.75,0.0010639819472846462,0.0010276528886996432,0.14067457118959828
195.79166666666666,0.001039256761452506,0.0009853758738105278,0.14073043137627855
195.83333333333334,0.0009996224257100908,0.0009325492020380097,0.14076798475198787
195.875,0.0009479792812193179,0.0008735474511836222,0.14078408835951414
195.91666666666666,0.0008893147298665607,0.0008127507242615707,0.14077728999633304
195.95833333333334,0.0008276282443823968,0.0007542760439330824,0.14074774055904907
196.0,0.0007673645914900185,0.0007022730298588857,0.1406971695704115
196.04166666666666,0.0007122769767414841,0.0006604768045603401,0.14062880266714467
196.08333333333334,0.000666650523408801,0.0006319928210945235,0.14054717364010838
196.125,0.0006338495667389969,0.0006190112967388563,0.14045781419466433
196.16666666666666,0.0006162618279921461,0.0006225471003876424,0.14036685559075215
196.20833333333334,0.0006153991226727948,0.0006423629541569305,0.1402805663297199
196.25,0.0006314270160681218,0.0006769727648724618,0.14020487130486045
196.29166666666666,0.0006623687865075094,0.0007231203004634114,0.14014481975336338
196.33333333333334,0.0007049078348615945,0.0007769046563098457,0.1401039770928981
196.375,0.0007557317325813567,0.0008349466290538954,0.14008456173112854
196.41666666666666,0.0008120493275911778,0.0008935273885191484,0.1400874435336152
196.45833333333334,0.0008701703377824651,0.000948728064676726,0.1401120305272065
196.5,0.0009263379163791751,0.0009970806672739486,0.14015631524537261
196.54166666666666,0.000976905401858221,0.00103559151220995,0.14021706413708868
196.58333333333334,0.0010191566395391584,0.0010620117361685338,0.1402900549073487
196.625,0.0010503312597493896,0.0010747796598358352,0.14037035025284778
196.66666666666666,0.0010689253887046497,0.0010731475734982523,0.1404525851217359
196.70833333333334,0.0010735722615293711,0.00105715544567913,0.14053127268651758
196.75,0.0010639929708605494,0.0010276563134014175,0.1406011092502377
196.79166666666666,0.001039275582491001,0.0009853930785238246,0.1406571418575306
196.83333333333334,0.000999646248044396,0.000932567452883695,0.14069487943453388
196.875,0.0009480150571638694,0.0008735499122205741,0.14071115495348746
196.91666666666666,0.0008892841543304995,0.0008127494523886831,0.1407045261089898
196.95833333333334,0.0008276781400896112,0.0007542745870393567,0.14067514792508523
197.0,0.0007673218832482874,0.0007022770903456578,0.14062474645961548
197.04166666666666,0.000712257514291864,0.0006604693743724818,0.1405565488429125
197.08333333333334,0.0006667241327086742,0.0006319946896965507,0.14047508800234187
197.125,0.0006338035030824848,0.0006190121690118571,0.14038589528914333
197.16666666666666,0.0006162421515777754,0.0006225423777158636,0.1402951033913042
197.20833333333334,0.0006154302259414126,0.0006423626743710507,0.1402089793631857
197.25,0.0006314177202347258,0.0006769852886242317,0.14013345016850912
197.29166666666666,0.0006623738225378232,0.0007231284621434298,0.1400735670096954
197.33333333333334,0.0007049263741694936,0.000776907491866393,0.14003289037905814
197.375,0.0007557436595717284,0.0008349412046400345,0.14001363587059698
197.41666666666666,0.0008120122544608738,0.0008935211158033156,0.14001667708947785
197.45833333333334,0.0008701941988736892,0.0009487246200075001,0.14004142539879855
197.5,0.0009262762693174059,0.0009970737030375488,0.1400858679903528
197.54166666666666,0.0009769463257930271,0.0010355859895695714,0.14014677753607466
197.58333333333334,0.001019094488074279,0.0010620075482969784,0.14021992702855868
197.625,0.0010503587956074768,0.0010747758162652956,0.14030038278084492
197.66666666666666,0.0010688928441308482,0.0010731472732135939,0.1403827789055636
197.70833333333334,0.0010735819757199388,0.0010571498708223097,0.14046162786733166
197.75,0.0010639547192728192,0.0010276311052531222,0.1405316164926026
197.79166666666666,0.0010392219797971608,0.0009853586649570551,0.14058780106034915
197.83333333333334,0.00099959883885911,0.0009325499914606003,0.14062568301161982
197.875,0.00094799194560427,0.0008735487800237632,0.14064212269881352
197.91666666666666,0.0008892921107240469,0.0008127501105243635,0.14063565564512323
197.95833333333334,0.000827668533657458,0.0007542755754374936,0.14060643771930026
198.0,0.0007673303582812577,0.0007022758424064934,0.14055619632903368
198.04166666666666,0.0007122582808037556,0.0006604702219337491,0.14048815793296168
198.08333333333334,0.0006667165672217848,0.000631993766106414,0.140406856145116
198.125,0.0006338037115423302,0.0006190110656635775,0.14031782192694733
198.16666666666666,0.0006162416964467192,0.0006225417940052606,0.14022718762331438
198.20833333333334,0.0006154283309108515,0.0006423625511294825,0.1401412211678925
198.25,0.0006314086817193604,0.0006769757591821718,0.14006584857088958
198.29166666666666,0.0006623645974942427,0.0007231234976368296,0.1400061193989393
198.33333333333334,0.0007049160850196408,0.0007769044530865876,0.1399655972002072
198.375,0.0007557416969878174,0.0008349376057862003,0.13994649740750756
198.41666666666666,0.0008120003527018046,0.0008935155776352775,0.13994969354928846
198.45833333333334,0.000870192458840179,0.0009487193013789617,0.13997459361217987
198.5,0.0009262545903167677,0.00099706552114423,0.14001918909108085
198.54166666666666,0.000976948294872087,0.0010355800043126855,0.14008024865053745
198.58333333333334,0.0010190668504801545,0.001061999168048277,0.1401535501236492
198.625,0.0010503487311129137,0.0010747672417921149,0.14023415791989474
198.66666666666666,0.0010688736771719198,0.0010731387893245078,0.14031670463318827
198.70833333333334,0.001073577997912574,0.0010571474808786167,0.14039570496560874
198.75,0.0010639335553240402,0.001027624248405279,0.14046584736402706
198.79166666666666,0.0010392299876145835,0.0009853621212428747,0.14052218522785068
198.83333333333334,0.0009996057675871809,0.0009325468581450087,0.14056021920279815
198.875,0.0009479858013676612,0.0008735482763541201,0.14057680610916187
198.91666666666666,0.0008892963732529278,0.000812751311228216,0.14057048972975092
198.95833333333334,0.0008276542242641554,0.0007542756473007843,0.14054142142985632
199.0,0.0007673537911356325,0.0007022757595423598,0.14049132988419216
199.04166666666666,0.0007122522248220423,0.000660473775343774,0.14042344138174367
199.08333333333334,0.0006666945728840359,0.0006319923126773268,0.1403422898114708
199.125,0.0006338444722979451,0.000619013023313152,0.14025340560336866
199.16666666666666,0.000616230008610923,0.0006225446774925809,0.14016292126012858
199.20833333333334,0.000615419526699327,0.0006423621068899716,0.14007710500063486
199.25,0.000631426606858389,0.0006769785987075748,0.1400018814228185
199.29166666666666,0.0006623631449800594,0.0007231242766405051,0.13994230157507095
199.33333333333334,0.0007049107803780773,0.0007769027101665658,0.13990192746933208
199.375,0.0007557371777646794,0.0008349339926471563,0.13988297449894171
199.41666666666666,0.0008119931408808096,0.00089351056490126,0.139886316286192
199.45833333333334,0.0008701743020562919,0.0009487116370141337,0.13991136263319387
199.5,0.0009262420274387444,0.000997058010798102,0.13995610090989993
199.54166666666666,0.0009769253350194488,0.0010355704903474386,0.14001730494578818
199.58333333333334,0.0010190579992837606,0.001061989932907601,0.14009074978920463
199.625,0.0010503303212262612,0.001074760006434041,0.14017149924549627
199.66666666666666,0.0010688633644381483,0.001073134201001828,0.14025418903392764
199.70833333333334,0.001073565373356293,0.0010571427110384621,0.1403333325536984
199.75,0.001063963267246295,0.0010276479483272071,0.14040361962146353
199.79166666666666,0.0010392549312022259,0.000985377737041783,0.14046010868605943
199.83333333333334,0.0009996265346833852,0.000932550808855613,0.1404982901934046
199.875,0.0009479808710656719,0.0008735480233068424,0.14051502019143114
199.91666666666666,0.0008893175659029605,0.0008127513422109088,0.1405088465634477
199.95833333333334,0.000827626190214111,0.0007542767984686821,0.14047992018757557
200.0,0.0007673674700632556,0.0007022731532003981,0.1404299711713359
200.04166666666666,0.0007122845137138942,0.0006604777427164553,0.1403622245189231
200.08333333333334,0.000666643461025634,0.0006319938799330947,0.1402812142623012
200.125,0.0006338477709552041,0.0006190113018465341,0.14019247253863876
200.16666666666666,0.0006162692094966244,0.0006225476588677146,0.14010213010177627
200.20833333333334,0.0006153975945870005,0.0006423629222565846,0.1400164552153836
200.25,0.0006314331308188408,0.0006769826142269347,0.1399413748816428
200.29166666666666,0.0006623716334198205,0.00072312327035273,0.1398819336385137
200.33333333333334,0.0007049081775656137,0.0007769006092058971,0.13984169944535327
200.375,0.000755728233602146,0.0008349301704453653,0.13982288490324934
200.41666666666666,0.0008119838862090014,0.000893504974740512,0.1398263639956509
200.45833333333334,0.0008701631478976845,0.0009487048620019432,0.13985154713040862
200.5,0.0009262251127304343,0.0009970496820287651,0.13989642085465148
200.54166666666666,0.0009769127373180475,0.0010355624375592784,0.13995775990871678
200.58333333333334,0.0010190376167980308,0.001061981313917406,0.14003133954737998
200.625,0.0010503176887078842,0.001074752519190567,0.14011222397278572
200.66666666666666,0.0010688474738106556,0.001073127548485952,0.14019504868152458
200.70833333333334,0.0010735589522463404,0.0010571393629067304,0.14027432776109705
200.75,0.0010639413191061739,0.0010276364248056457,0.1403447508729431
200.79166666666666,0.0010392449297466565,0.0009853693089183287,0.14040137590563678
200.83333333333334,0.0009996190854950659,0.0009325463263073274,0.1404396918829169
200.875,0.0009479770970071769,0.0008735448097556207,0.14045655938591176
200.91666666666666,0.0008892967906750228,0.0008127518465086363,0.1404505213008372
200.95833333333334,0.0008276519986618326,0.0007542754430490338,0.14042173198932714
201.0,0.0007673576544169302,0.0007022762137769867,0.14037191876804703
201.04166666666666,0.0007122519277531208,0.0006604739336804725,0.14030430721597886
201.08333333333334,0.0006666889922292594,0.0006319928321805966,0.14022343192662345
201.125,0.0006338468818242396,0.0006190131602522152,0.14013482384220047
201.16666666666666,0.000616236380451699,0.0006225459854490342,0.14004461497260576
201.20833333333334,0.0006154164956954578,0.0006423634901972086,0.13995907398423088
201.25,0.0006314213865400625,0.0006769685388190445,0.13988412496076766
201.29166666666666,0.0006623451860220479,0.0007231184315428213,0.1398248061336233
201.33333333333334,0.0007049010425550734,0.0007769018842437867,0.13978470333419687
201.375,0.0007557416407028771,0.000834930790836048,0.13976602750889405
201.41666666666666,0.000811961257474723,0.0008935026469575505,0.13976964172210551
201.45833333333334,0.0008701912195063279,0.0009486968804332966,0.13979495441858
201.5,0.0009261721496271673,0.0009970390609071306,0.13983995896896445
201.54166666666666,0.000976928740488169,0.0010355516817931428,0.13990142683972356
201.58333333333334,0.001018991461359841,0.0010619701233633553,0.13997513433338732
201.625,0.00105031617950145,0.0010747419700376656,0.14005614534288505
201.66666666666666,0.0010688157039055778,0.0010731191926178518,0.14013909656756302
201.70833333333334,0.001073553440886415,0.001057134205246509,0.14021850244953274
201.75,0.0010639205161907094,0.0010276250454969598,0.14028905411254614
201.79166666666666,0.0010392190200110608,0.0009853585155233486,0.14034580252802104
201.83333333333334,0.000999606212843485,0.0009325510570267945,0.14038424719444603
201.875,0.0009479940940638036,0.0008735496602306634,0.14040124653415464
201.91666666666666,0.0008892947551458854,0.0008127503556910705,0.14039533868074663
201.95833333333334,0.0008276622767390468,0.0007542764029762473,0.1403666784416464
202.0,0.0007673419091154159,0.0007022759459959529,0.14031699356543528
202.04166666666666,0.0007122563416827952,0.0006604724398512347,0.14024951012459547
202.08333333333334,0.0006667066639660936,0.0006319932931554079,0.14016876251596277
202.125,0.0006338254835896716,0.0006190126465576491,0.14008028117417007
202.16666666666666,0.0006162322397197743,0.0006225434297459978,0.1399901986300882
202.20833333333334,0.0006154292540619537,0.0006423628243195169,0.1399047829970242
202.25,0.0006314256271580133,0.0006769855346123798,0.1398299600103928
202.29166666666666,0.0006623667027240486,0.0007231251739023228,0.1397707805000259
202.33333333333334,0.0007049106360575749,0.000776897528695501,0.1397308042854143
202.375,0.000755717479497171,0.0008349225840467507,0.13971224548987032
202.41666666666666,0.0008119663619317483,0.0008934936477448994,0.13971597757507917
202.45833333333334,0.0008701335150476767,0.00094868929868357,0.1397414120480758
202.5,0.0009261996268644805,0.0009970325129144094,0.1397865360675937
202.54166666666666,0.000976864653009345,0.001035541926287023,0.13984812444874226
202.58333333333334,0.0010190075433048006,0.001061963933411746,0.13992195035216018
202.625,0.0010502800050841011,0.0010747366707306873,0.1400030819791552
202.66666666666666,0.0010688228324828375,0.0010731157794780868,0.14008615470374855
202.70833333333334,0.0010735326647484883,0.001057128927372647,0.14016568220970418
202.75,0.0010639289894543115,0.0010276253522564385,0.14023635259011127
202.79166666666666,0.0010392144304378348,0.000985357255742692,0.14029322108047385
202.83333333333334,0.0009995997693039045,0.0009325503436088583,0.14033178669696939
202.875,0.000947991499210993,0.0008735494125914854,0.1403489087347992
202.91666666666666,0.0008892960850815218,0.0008127505293339662,0.1403431225519929
202.95833333333334,0.0008276656470096673,0.0007542763024443229,0.14031458380717926
203.0,0.0007673347627684691,0.000702276076485932,0.14026502019022707
203.04166666666666,0.0007122590801004546,0.0006604710461409603,0.1401976578995804
203.08333333333334,0.0006667147430127513,0.0006319939551299557,0.14011703066309045
203.125,0.0006338063953104846,0.0006190113471397503,0.140028669439714
203.16666666666666,0.0006162408240866647,0.000622542052281411,0.13993870641063286
203.20833333333334,0.0006154287097692833,0.0006423628591367539,0.13985340975963695
203.25,0.000631402903068911,0.0006769699626599339,0.139778704487786
203.29166666666666,0.0006623548771681545,0.0007231170769810524,0.13971963914344251
203.33333333333334,0.0007048968727991964,0.0007768933909733791,0.1396797786958208
203.375,0.0007557138079617357,0.00083491861472525,0.1396613370976087
203.41666666666666,0.0008119498903832186,0.0008934865856140967,0.13966518492005808
203.45833333333334,0.0008701339648214579,0.0009486833638204102,0.139690732844888
203.5,0.0009261703316053963,0.000997022490344974,0.13973597109904254
203.54166666666666,0.0009768661874434259,0.001035535028847958,0.13979767188609274
203.58333333333334,0.0010189732365351418,0.001061953823990458,0.1398716115021734
203.625,0.0010502782012361024,0.0010747293126449158,0.13995285675345384
203.66666666666666,0.0010687962123593607,0.0010731072497640103,0.1400360432139949
203.70833333333334,0.00107353128820624,0.0010571259942644972,0.14011568479116424
203.75,0.0010639266647698073,0.0010276339490250625,0.14018647441134013
203.79166666666666,0.0010392405949769252,0.00098536854039037,0.14024346211077998
203.83333333333334,0.000999616646353511,0.0009325478852137945,0.14028214468017225
203.875,0.0009479794578034542,0.0008735487019975366,0.1402993763263698
203.91666666666666,0.0008893077055108955,0.0008127517347330798,0.14029370357306023
203.95833333333334,0.0008276430213928171,0.0007542762509005218,0.14026527792532084
204.0,0.0007673626681250595,0.0007022755307262165,0.1402158279307716
204.04166666666666,0.0007122626106120662,0.0006604755674701869,0.14014857842628334
204.08333333333334,0.0006666761889398998,0.0006319929495673831,0.14006806479545958
204.125,0.0006338518631460521,0.0006190128022600865,0.13997981769170634
204.16666666666666,0.0006162383251650102,0.000622545954557881,0.13988996852771532
204.20833333333334,0.0006154120582592581,0.0006423635216002148,0.13980478656430897
204.25,0.0006314186299717971,0.0006769668633176827,0.13973019366393985
204.29166666666666,0.0006623306034190808,0.0007231008734979969,0.13967123404311008
204.33333333333334,0.0007048650410864724,0.0007768837006588673,0.1396314838052594
204.375,0.0007556887270157293,0.000834916853120954,0.13961315623988182
204.41666666666666,0.0008119747264111615,0.0008934819619104016,0.13961711784844752
204.45833333333334,0.0008700808984485949,0.0009486713887350085,0.13964277583509524
204.5,0.0009261961192032078,0.0009970145069259572,0.13968812442229736
204.54166666666666,0.00097679199092261,0.0010355199442190377,0.13974993366045857
204.58333333333334,0.001019002368959592,0.0010619433672684872,0.13982398118038689
204.625,0.0010502079616148722,0.001074716282117518,0.13990533247300982
204.66666666666666,0.0010688131425483857,0.0010730984150185354,0.13998862550613764
204.70833333333334,0.0010734924556295676,0.00105712132084083,0.14006837440326692
204.75,0.0010639297906598056,0.0010276234773511925,0.14013927272847887
204.79166666666666,0.0010392329150330985,0.0009853664046649358,0.14019637058467901
204.83333333333334,0.0009996008957610105,0.0009325491353863206,0.14023516154724322
204.875,0.0009479825932273441,0.0008735485743875139,0.14025250396644356
204.91666666666666,0.000889310966515455,0.0008127516142541444,0.14024693997121607
204.95833333333334,0.0008276430647559325,0.0007542767471902445,0.14021862294895104
205.0,0.0007673636927653118,0.0007022753144710148,0.1401692812776492
205.04166666666666,0.0007122633574346599,0.0006604759597248264,0.14010213993210255
205.08333333333334,0.0006666691010148816,0.0006319930739371763,0.14002173389526065
205.125,0.0006338560131903361,0.0006190129280011469,0.13993359435205496
205.16666666666666,0.0006162441113502069,0.0006225465376968154,0.13984385269307772
205.20833333333334,0.0006154069039138475,0.0006423626374888768,0.13975877736592965
205.25,0.0006314294752860712,0.0006769733921792845,0.13968429350909245
205.29166666666666,0.0006623570933183356,0.0007231164418642103,0.13962544965646706
205.33333333333334,0.0007048811731301556,0.0007768865714530067,0.13958580861595202
205.375,0.0007556836353158671,0.0008349119890919131,0.13956758657756183
205.41666666666666,0.0008119660270298055,0.0008934764003237254,0.13957165228092203
205.45833333333334,0.0008700565080569941,0.0009486619149180316,0.13959741440795373
205.5,0.0009261977303471615,0.000997003810131303,0.13964286647393712
205.54166666666666,0.0009767512868921761,0.0010355091875671812,0.1397047766283026
205.58333333333334,0.0010189981373387763,0.0010619306046280638,0.1397789256885098
205.625,0.0010501801304516403,0.0010747065796653742,0.1398603779799227
205.66666666666666,0.0010687971431689734,0.0010730885569778166,0.13994377144507747
205.70833333333334,0.001073477110366671,0.0010571155695674114,0.14002362118788994
205.75,0.0010639396296479224,0.001027638845675112,0.14009462519295765
205.79166666666666,0.001039258237002118,0.0009853903981271266,0.14015183013559432
205.83333333333334,0.0009996462585462277,0.00093256840297992,0.14019074042906335
205.875,0.0009480161415132599,0.000873550974559986,0.14020818649375938
205.91666666666666,0.0008892881484956697,0.000812750416453336,0.14020272556126523
205.95833333333334,0.0008276765184533387,0.000754275594615429,0.14017451236394116
206.0,0.0007673282806507552,0.0007022778877632488,0.14012527335592107
206.04166666666666,0.0007122566575635732,0.0006604706014622895,0.14005823553841582
206.08333333333334,0.000666725286209151,0.0006319951151397385,0.13997793189117438
206.125,0.0006338077462933878,0.0006190129735163155,0.13988989349923966
206.16666666666666,0.0006162400395520279,0.000622543644905565,0.1398002532621296
206.20833333333334,0.0006154318826547871,0.0006423633586545332,0.1397152782431256
206.25,0.0006314154534543145,0.0006769817103928135,0.13964089523958492
206.29166666666666,0.0006623592602680896,0.0007231178494345239,0.13958215195174437
206.33333333333334,0.000704893898129533,0.0007768869779228309,0.13954261076963406
206.375,0.0007556894256977317,0.0008349056932576584,0.13952448357841396
206.41666666666666,0.0008119235055796776,0.000893467798105835,0.13952864248348212
206.45833333333334,0.0008700796538028295,0.0009486572021788724,0.1395545002083634
206.5,0.0009261269075619865,0.0009969942757389362,0.13960004401786721
206.54166666666666,0.0009767929730621653,0.00103550182661484,0.13966205039412047
206.58333333333334,0.0010189239837916223,0.0010619235393537338,0.13973629241828744
206.625,0.0010502112492714521,0.0010747009630160326,0.13981784045829004
206.66666666666666,0.0010687557194709728,0.0010730863193166155,0.13990133074506364
206.70833333333334,0.0010734910572601267,0.0010571104796496921,0.13998127832120325
206.75,0.001063919413411328,0.00102763664444042,0.1400523744786413
206.79166666666666,0.0010392342345294878,0.0009853662467420973,0.1401096779183579
206.83333333333334,0.0009996215472631925,0.0009325462179534277,0.140148670969828
206.875,0.0009479726377566811,0.0008735448828795461,0.14016621417091457
206.91666666666666,0.000889302985695088,0.0008127522475958749,0.14016085065376022
206.95833333333334,0.0008276465534778457,0.0007542761608665557,0.1401327336808308
207.0,0.0007673603709095612,0.0007022758378046249,0.14008359122492386
207.04166666666666,0.0007122630236730655,0.0006604755711103427,0.14001664879529477
207.08333333333334,0.0006666807597852516,0.0006319928477570001,0.13993644179935347
207.125,0.0006338499098335234,0.0006190128994431942,0.1398485001231744
207.16666666666666,0.0006162379531552932,0.0006225461987706266,0.1397589558464592
207.20833333333334,0.0006154134500468156,0.0006423637860618065,0.1396740781373858
207.25,0.000631434410696503,0.0006769809879659509,0.1395997921474194
207.29166666666666,0.0006623641545309389,0.0007231205016464314,0.1395411453476286
207.33333333333334,0.0007048895532864032,0.0007768855680405323,0.13950169865320072
207.375,0.0007556856465286418,0.0008349004916675982,0.13948366515547503
207.41666666666666,0.0008119131435043806,0.0008934611297782596,0.13948791806654023
207.45833333333334,0.000870062936433936,0.0009486479380951772,0.13951386778319866
207.5,0.0009261085564544616,0.000996984027311846,0.1395595023163227
207.54166666666666,0.0009767756081734374,0.0010354913236448424,0.13962159772604266
207.58333333333334,0.0010189049819736265,0.001061911912604085,0.13969593102976313
207.625,0.0010501858410644801,0.001074689699162739,0.13977756861278254
207.66666666666666,0.0010687399167022007,0.0010730774893661392,0.1398611485598265
207.70833333333334,0.0010734741032400277,0.0010571043697871483,0.13994118631614372
207.75,0.0010639136447716526,0.0010276328380393065,0.14001237332584007
207.79166666666666,0.0010392264211450729,0.0009853636616984447,0.1400697682029731
207.83333333333334,0.000999615566341804,0.0009325451905016467,0.14010885331619402
207.875,0.0009479731527563948,0.0008735448394527682,0.1401264890299378
207.91666666666666,0.0008893023283557929,0.0008127521859293,0.14012121777694636
207.95833333333334,0.0008276489524830066,0.0007542762234261493,0.14009319298244033
208.0,0.0007673577631466233,0.0007022760266284899,0.14004414251066186
208.04166666666666,0.0007122601397856582,0.0006604748352438306,0.13997729187640467
208.08333333333334,0.0006666861379899586,0.0006319930982236378,0.13989717607781108
208.125,0.0006338452700560259,0.00061901304021032,0.13980932556104164
208.16666666666666,0.0006162362788334811,0.0006225458770073293,0.13971987223475385
208.20833333333334,0.0006154181622192565,0.0006423637912961808,0.13963508508104763
208.25,0.0006314191923370168,0.0006769680754438566,0.13956088782599874
208.29166666666666,0.0006623401369419377,0.0007231139794533089,0.1395023181921575
208.33333333333334,0.0007048819770871459,0.0007768863895237779,0.13946296013624795
208.375,0.0007556962398586705,0.0008349001897935183,0.13944502264450107
208.41666666666666,0.0008118842094627291,0.0008934573708777712,0.1394493672934347
208.45833333333334,0.000870092703046172,0.000948638785339843,0.13947540424840751
208.5,0.0009260463870307557,0.0009969709172016456,0.1395211261393765
208.54166666666666,0.000976794659514967,0.0010354794196351933,0.13958330759787005
208.58333333333334,0.0010188499973546867,0.0010618982024137426,0.13965772615429792
208.625,0.0010501849322937502,0.0010746774211673716,0.1397394479081069
208.66666666666666,0.0010687004830262268,0.0010730671621162259,0.13982311196300523
208.70833333333334,0.0010734718623835893,0.0010570993935768377,0.13990323481855643
208.75,0.0010638631733333685,0.0010276023869054103,0.1399745080664631
208.79166666666666,0.0010392283739594178,0.0009853765984292248,0.14003198290652508
208.83333333333334,0.0009996246827320256,0.0009325493104285533,0.1400711601626098
208.875,0.0009479934035752244,0.0008735481076198354,0.14008888311213144
208.91666666666666,0.0008892520750754812,0.0008127549013678107,0.1400837006647102
208.95833333333334,0.0008277381392068578,0.0007542752429572315,0.1400557654663297
209.0,0.0007672809821365074,0.0007022796948339466,0.14000679967805585
209.04166666666666,0.0007122744254607605,0.0006604688293173187,0.13994003666285618
209.08333333333334,0.0006667397374954904,0.0006319981068761754,0.1398600070230727
209.125,0.0006337926620852684,0.000619013666309733,0.13977224245637088
209.16666666666666,0.0006162444989063079,0.0006225446083991432,0.13968287592313886
209.20833333333334,0.0006154390419133057,0.0006423653218487139,0.13959817481666056
209.25,0.0006314159273749141,0.0006769787241799122,0.1395240654105467
209.29166666666666,0.0006623489069352525,0.0007231118474685283,0.13946559143255416
209.33333333333334,0.0007048796905386789,0.0007768809535555929,0.1394263198423909
209.375,0.00075566558450896,0.0008348951034534849,0.13940846357777792
209.41666666666666,0.0008119206759873064,0.0008934471185847647,0.13941288914789352
209.45833333333334,0.0008699978940753857,0.0009486274266020051,0.13943900594516562
209.5,0.0009261103659990211,0.0009969634470070388,0.13948480914035236
209.54166666666666,0.0009766846109050475,0.0010354655396069988,0.13954707021603316
209.58333333333334,0.0010188996082872916,0.0010618890177971027,0.1396215679003561
209.625,0.001050105739322922,0.0010746674537739677,0.13970336959949933
209.66666666666666,0.0010687260989401498,0.0010730566280821663,0.13978711434144045
209.70833333333334,0.001073424024008637,0.0010570923139686557,0.13986731707770142
209.75,0.0010639086992345393,0.0010276280246096059,0.13993867657312253
209.79166666666666,0.0010392419329739585,0.0009853849571669969,0.13999624096328372
209.83333333333334,0.0009996426812569979,0.0009325665914921491,0.14003551030097142
209.875,0.00094801280676913,0.0008735511472157893,0.1400533168731422
209.91666666666666,0.0008892911506715919,0.0008127505784380123,0.14004821601117512
209.95833333333334,0.0008276728836985475,0.0007542757904459305,0.14002036147682206
210.0,0.0007673328167212353,0.0007022777619356734,0.13997148040675247
210.04166666666666,0.0007122544357540999,0.0006604707809030352,0.13990479955908783
210.08333333333334,0.000666724818638024,0.0006319947317565553,0.1398248520532972
210.125,0.0006338102663257165,0.0006190129814659934,0.1397371689848954
210.16666666666666,0.000616237508447922,0.0006225431956840838,0.13964788314966942
210.20833333333334,0.0006154316396659148,0.0006423636112423706,0.13956326210414793
210.25,0.0006314111671267809,0.0006769766805853726,0.1394892317186921
210.29166666666666,0.0006623484187753759,0.0007231109893489888,0.13943083826066327
210.33333333333334,0.0007048776290926681,0.0007768784759015325,0.13939164669993048
210.375,0.0007556577113726329,0.0008348901841336864,0.13937386969764126
210.41666666666666,0.0008119070160421809,0.0008934397094671764,0.13937837322626315
210.45833333333334,0.0008699841322660872,0.0009486178293052294,0.13940456676802623
210.5,0.0009260891550561873,0.000996952398951847,0.13945044627050057
210.54166666666666,0.0009766625063563625,0.0010354535152838854,0.13951278269780418
210.58333333333334,0.0010188773319574197,0.0010618772063688115,0.13958735564763847
210.625,0.0010500826959161985,0.0010746566360685008,0.1396692325171521
210.66666666666666,0.0010687082462108558,0.0010730478790057954,0.13975305277693792
210.70833333333334,0.001073409255943538,0.0010570866380636137,0.1398333317998065
210.75,0.0010638944429478025,0.0010276195616692764,0.13990476785563738
210.79166666666666,0.00103923035349392,0.0009853801728737007,0.13996240804756332
210.83333333333334,0.000999636966555389,0.0009325662042756884,0.14000175579111968
210.875,0.0009480158107850669,0.0008735518283149985,0.1400196403044282
210.91666666666666,0.0008892863372777228,0.0008127509199067211,0.14001461782313662
210.95833333333334,0.0008276851171705932,0.000754275590949689,0.13998684207795026
211.0,0.0007673162822672132,0.0007022781218932873,0.13993803894079362
211.04166666666666,0.0007122651921128952,0.0006604692764312469,0.13987143605385102
211.08333333333334,0.0006667285237402062,0.0006319959489290149,0.1397915658597756
211.125,0.0006337930797452306,0.0006190117333941564,0.13970395998220653
211.16666666666666,0.0006162510048496196,0.0006225425605734077,0.1396147511607251
211.20833333333334,0.0006154293175037615,0.0006423637217643423,0.1395302067449867
211.25,0.0006313984380845031,0.0006769674792763503,0.13945625091840588
211.29166666666666,0.000662349079839098,0.0007231102179893398,0.13939793265760092
211.33333333333334,0.0007048703098262736,0.0007768733432468308,0.13935881417788923
211.375,0.000755656076205884,0.0008348810717184979,0.13934110686787107
211.41666666666666,0.0008118584427877896,0.000893430914917912,0.13934567991904573
211.45833333333334,0.0008700104261542619,0.0009486121722847762,0.13937194550499613
211.5,0.000926018622171446,0.0009969395510302046,0.13941789386945705
211.54166666666666,0.000976700674711626,0.001035446861294754,0.1394803001139102
211.58333333333334,0.0010188014278299578,0.0010618660288122177,0.1395549431705843
211.625,0.0010501165089669673,0.0010746504056224106,0.13963689155948486
211.66666666666666,0.001068657425948744,0.0010730430663940763,0.13972078419113643
211.70833333333334,0.0010734284142736614,0.0010570828419588505,0.13980113711788
211.75,0.0010638791062010033,0.0010276243497703438,0.13987264621925433
211.79166666666666,0.0010392249717163802,0.0009853630315785561,0.1399303636669855
211.83333333333334,0.0009996183120003462,0.0009325444019373979,0.13996977228916105
211.875,0.0009479710634147092,0.0008735446039377773,0.1399877302416091
211.91666666666666,0.0008892973965147878,0.0008127523205339004,0.1399827811854008
211.95833333333334,0.0008276544272248316,0.0007542760217226909,0.1399550780508188
212.0,0.0007673562506244551,0.0007022766587489097,0.1399063483406422
212.04166666666666,0.0007122543569106145,0.0006604739359783071,0.13983981786703673
212.08333333333334,0.0006666954545558673,0.0006319932031158956,0.13976002115500957
212.125,0.0006338394020967142,0.0006190130728542796,0.1396724888990018
212.16666666666666,0.0006162325781982359,0.0006225446861302763,0.1395833530939774
212.20833333333334,0.0006154229331960504,0.0006423631546488786,0.13949888237803806
212.25,0.0006314296208248426,0.0006769792550766557,0.139425003820372
212.29166666666666,0.0006623478800491261,0.0007231104739163577,0.13936675892375325
212.33333333333334,0.0007048665148940412,0.0007768733081749851,0.1393277148558238
212.375,0.0007556399716399707,0.0008348796078920275,0.1393100837016881
212.41666666666666,0.0008118835321282891,0.0008934244114111179,0.13931473008976003
212.45833333333334,0.0008699493270281392,0.0009485981369614546,0.13934106472301983
212.5,0.0009260484091001756,0.000996929403483996,0.1393870837436751
212.54166666666666,0.0009766185990585186,0.0010354292940195273,0.13944955762884545
212.58333333333334,0.0010188296896460327,0.0010618530267480662,0.13952426844060334
212.625,0.0010500382081750927,0.0010746350492015022,0.13960628286255336
212.66666666666666,0.0010686702502060801,0.0010730311326771424,0.13969024179526066
212.70833333333334,0.001073381349259663,0.001057073990562172,0.1397706607125477
212.75,0.0010638894153684542,0.001027624486968648,0.1398422399855375
212.79166666666666,0.0010392425345714124,0.0009853880426539596,0.13990002897964862
212.83333333333334,0.0009996477620796112,0.0009325673656454144,0.13993952174515442
212.875,0.0009480108024548543,0.0008735505770286245,0.1399575516839203
212.91666666666666,0.0008892948197440875,0.0008127502974359774,0.13995267292171404
212.95833333333334,0.0008276641223586311,0.0007542761350449629,0.13992503975086165
213.0,0.0007673437091711672,0.0007022771441965471,0.1398763799001811
213.04166666666666,0.0007122510937990939,0.000660472100434576,0.13980991935546794
213.08333333333334,0.0006667127376763721,0.0006319938441248176,0.13973019187373886
213.125,0.0006338280639747736,0.0006190135507506487,0.1396427286789916
213.16666666666666,0.0006162306972145127,0.0006225432036863009,0.13955366202244607
213.20833333333334,0.0006154311505388782,0.0006423628351015777,0.13946925966254095
213.25,0.0006314292241007591,0.0006769880004694235,0.13939544897111802
213.29166666666666,0.0006623621325390683,0.0007231193341570955,0.13933727855885025
213.33333333333334,0.000704878367546104,0.0007768707572900069,0.13929830297742765
213.375,0.0007556374084766472,0.0008348702868773461,0.13928073352971138
213.41666666666666,0.0008118433585907874,0.0008934163336741089,0.13928544283258054
213.45833333333334,0.000869958046201447,0.0009485896207457337,0.13931184257744794
213.5,0.0009260002878776751,0.0009969165642188995,0.13935792460021598
213.54166666666666,0.0009766269433605492,0.0010354183222567046,0.13942046059759675
213.58333333333334,0.001018774668804732,0.0010618422375716587,0.13949523299842823
213.625,0.001050045939563705,0.0010746260644977092,0.13957731098227333
213.66666666666666,0.0010686354779684078,0.0010730258995387807,0.13966133391880495
213.70833333333334,0.0010733829384415561,0.0010570672750598218,0.13974181858591045
213.75,0.001063821510277046,0.0010275759250181922,0.13981345358937405
213.79166666666666,0.001039191692536656,0.0009853689027153425,0.13987129373704252
213.83333333333334,0.0009996092122448832,0.0009325471316959876,0.1399108431714416
213.875,0.0009480027281839736,0.0008735480303916316,0.13992893707157264
213.91666666666666,0.0008892435563990193,0.0008127552715823224,0.13992412586460146
213.95833333333334,0.0008277470937245557,0.000754275952768542,0.1398965615066378
214.0,0.0007672635484213485,0.0007022789657669459,0.13984796567582247
214.04166666666666,0.0007122987822602283,0.0006604677966233238,0.13978157230912897
214.08333333333334,0.0006667287571804483,0.0006319992906723263,0.13970191005480212
214.125,0.0006337825518915227,0.0006190126247745848,0.13961451230425745
214.16666666666666,0.0006162590488338593,0.0006225450372206019,0.13952551203840308
214.20833333333334,0.0006154336168319559,0.0006423659550687401,0.13944117617070131
214.25,0.0006313962953850199,0.0006769662116637523,0.13936742891450168
214.29166666666666,0.0006623407730677192,0.0007231037186068942,0.13930931213465594
214.33333333333334,0.0007048526838267851,0.0007768633767351394,0.13927039591452256
214.375,0.0007556335596401672,0.000834864479786096,0.1392528888401325
214.41666666666666,0.0008118143678233456,0.0008934066102443588,0.13925765886650762
214.45833333333334,0.000869965477054091,0.0009485835003797599,0.13928411686106712
214.5,0.0009259527967186109,0.0009969025041783707,0.13933025856958017
214.54166666666666,0.000976636520344911,0.0010354114104276955,0.13939285117786077
214.58333333333334,0.0010187254796633148,0.0010618287876975416,0.13946768241668114
214.625,0.00105005297101936,0.0010746201529619765,0.13954981954076515
214.66666666666666,0.0010686016622776812,0.0010730152987230542,0.13963390358405622
214.70833333333334,0.001073385011788511,0.0010570598602013647,0.13971444913294195
214.75,0.0010638062227726801,0.001027581925635996,0.13978614563092392
214.79166666666666,0.0010391960502137106,0.000985353535797245,0.1398440519296284
214.83333333333334,0.0009996123599398004,0.0009325531697649349,0.1398836600282337
214.875,0.0009479875538020466,0.0008735499460871619,0.13990182260379638
214.91666666666666,0.0008892910095575406,0.0008127513236430385,0.139897074256429
214.95833333333334,0.0008276748720471181,0.0007542761805950891,0.13986957086593088
215.0,0.0007673361249369148,0.0007022773115779238,0.13982103987542946
215.04166666666666,0.0007122521231527983,0.0006604714484914471,0.1397547078579169
215.08333333333334,0.0006667197024088559,0.0006319940161804101,0.13967510884094828
215.125,0.0006338181071069092,0.0006190128822204133,0.13958777337404704
215.16666666666666,0.0006162324985379379,0.0006225435932595571,0.13949883419863668
215.20833333333334,0.0006154313137078303,0.0006423640276181114,0.1394145598148582
215.25,0.0006314021360386339,0.0006769655723410158,0.13934087244071425
215.29166666666666,0.000662334844207551,0.0007231042183335197,0.1392828186808369
215.33333333333334,0.000704849690407034,0.0007768607055101208,0.1392439639000198
215.375,0.0007556270975675042,0.0008348590943034451,0.1392265166338271
215.41666666666666,0.000811799988508781,0.0008933986113779982,0.13923134464765397
215.45833333333334,0.000869943195316856,0.000948572061034779,0.13925786171370333
215.5,0.0009259293466490433,0.0009968909145323538,0.13930405868207102
215.54166666666666,0.0009766140182794892,0.0010353986573233371,0.13936670725387404
215.58333333333334,0.001018698112878965,0.0010618166535688702,0.13944159457482913
215.625,0.0010500310144373917,0.001074608643122532,0.13952378812325766
215.66666666666666,0.0010685734618432396,0.0010730041353625428,0.13960792886910667
215.70833333333334,0.0010733697035699957,0.0010570499501632445,0.1396885294185136
215.75,0.0010638105769698806,0.001027595665686794,0.13976028461652806
215.79166666666666,0.001039201793321019,0.0009853592839456549,0.13981825469835685
215.83333333333334,0.0009996214187517358,0.0009325497305380469,0.13985792307690736
215.875,0.0009479749207920296,0.000873549457573439,0.1398761396674145
215.91666666666666,0.0008893136499405666,0.0008127513949241092,0.13987144996475184
215.95833333333334,0.0008276322590950418,0.000754277620697423,0.1398440036517481
216.0,0.0007673670110815447,0.0007022739805986614,0.13979553127092723
216.04166666666666,0.0007122795817505401,0.0006604775881126461,0.13972925779662274
216.08333333333334,0.000666654649088737,0.0006319935801503893,0.1396497173286734
216.125,0.0006338505182777683,0.0006190122109384117,0.13956244144192967
216.16666666666666,0.0006162593352353298,0.000622547615257517,0.13947356152124654
216.20833333333334,0.0006154036674040486,0.0006423639234443195,0.13938934621916907
216.25,0.0006314265742345569,0.0006769710329838215,0.13931571929070277
216.29166666666666,0.0006623379735207862,0.0007230987261452867,0.1392577250418174
216.33333333333334,0.0007048284027156057,0.0007768499173799254,0.13921892844071312
216.375,0.0007556050708395393,0.0008348514156453391,0.13920153385086984
216.41666666666666,0.0008117843837975095,0.0008933941209301942,0.13920641873018905
216.45833333333334,0.0008699336948790882,0.0009485583948562065,0.1392329932712205
216.5,0.0009258926243797933,0.0009968787898419961,0.13927924306260953
216.54166666666666,0.000976583999065889,0.0010353785403174147,0.13934194962466265
216.58333333333334,0.001018667004261825,0.0010618012170027112,0.13941688913410477
216.625,0.0010499953892164175,0.0010745899722327168,0.13949913446664683
216.66666666666666,0.0010685561225302984,0.0010729943224557328,0.1395833260966374
216.70833333333334,0.0010733526506303689,0.0010570520701975448,0.13966398329880728
216.75,0.0010638040430662823,0.0010275852919502258,0.13973580273442252
216.79166666666666,0.0010392080535844988,0.0009853729442578503,0.13979382816943198
216.83333333333334,0.000999630408182429,0.0009325609044210846,0.1398335683132398
216.875,0.0009480236410906232,0.0008735454705177694,0.13985184659059655
216.91666666666666,0.0008892398739339596,0.0008127479744227772,0.1398472133402724
216.95833333333334,0.0008277338835862072,0.0007542795750136778,0.1398198290025404
217.0,0.0007672533731814838,0.0007022732236079842,0.1397714153928683
217.04166666666666,0.0007123321915077791,0.0006604686410695714,0.1397052014039977
217.08333333333334,0.0006666631669240426,0.0006319936509648434,0.13962571744155836
217.125,0.0006338062800203195,0.0006190047291089262,0.13953849641977914
217.16666666666666,0.0006162570819209985,0.0006225420205647835,0.13944966980282647
217.20833333333334,0.0006153956180622523,0.0006423592091295252,0.13936550654616434
217.25,0.0006314165202953916,0.0006769663866098984,0.13929193286167488
217.29166666666666,0.0006623296539884732,0.0007230970881370906,0.1392339928254417
217.33333333333334,0.0007048271558974142,0.0007768500326309088,0.1391952504143792
217.375,0.0007555901356719695,0.0008348499021470683,0.13917791681587724
217.41666666666666,0.0008118130067937333,0.0008933839044186057,0.139182857506789
217.45833333333334,0.000869859861982098,0.0009485446283086095,0.13920948122492938
217.5,0.0009259327943026227,0.0009968676418371423,0.13925578357199103
217.54166666666666,0.0009764914465951761,0.0010353627495762738,0.1393185383258998
217.58333333333334,0.0010187012362282892,0.0010617882279380497,0.13939352790957343
217.625,0.0010499166919675424,0.0010745757995897103,0.13947582244511159
217.66666666666666,0.0010685703603394157,0.0010729851034990494,0.13956006388351477
217.70833333333334,0.0010733068571618612,0.0010570440303130453,0.13964077112266468
217.75,0.001063849219462515,0.0010276110080405772,0.13971264456081142
217.79166666666666,0.0010392287946990146,0.0009853887914121476,0.13977073180015642
217.83333333333334,0.00099965064738261,0.0009325668494892792,0.13981052741990618
217.875,0.0009480227288905962,0.0008735493614476959,0.13982885545909646
217.91666666666666,0.0008892675314701049,0.0008127539195333899,0.13982427276799064
217.95833333333334,0.0008277075526005937,0.0007542727811892437,0.13979693868802243
218.0,0.0007673066476689173,0.0007022806668070233,0.13974857454460723
218.04166666666666,0.0007122538956864602,0.0006604692448924138,0.13968241049366723
218.08333333333334,0.0006667369584546608,0.0006319964683981068,0.13960297863110105
218.125,0.0006338170617488546,0.0006190150827121064,0.13951581079432457
218.16666666666666,0.0006162303335610067,0.0006225445573153876,0.13942703944760512
218.20833333333334,0.0006154370011586229,0.0006423642462784845,0.13934293216485477
218.25,0.0006314286560406356,0.000676984567622842,0.13926941548006228
218.29166666666666,0.000662347221922214,0.0007231087296781001,0.1392115341600673
218.33333333333334,0.0007048489100773531,0.0007768532292279322,0.13917284539513244
218.375,0.0007555932584213521,0.0008348415800107621,0.13915555795604104
218.41666666666666,0.0008117731617179477,0.0008933737548054467,0.139160544224472
218.45833333333334,0.0008698677953085689,0.0009485363022912395,0.1391872147854751
218.5,0.0009258795627882883,0.0009968537985440278,0.13923356272776705
218.54166666666666,0.000976508016788486,0.001035352018143573,0.13929636303811346
218.58333333333334,0.0010186367699913166,0.0010617764493804983,0.1393713972742322
218.625,0.001049935433871164,0.0010745680446660945,0.13945373870087616
218.66666666666666,0.0010685237135993223,0.0010729792130888755,0.13953802829387973
218.70833333333334,0.0010733146882038302,0.0010570361428130046,0.13961878466630842
218.75,0.0010638015241110064,0.0010275853940685618,0.13969069940859719
218.79166666666666,0.0010391792016666904,0.0009853544760092228,0.1397488268162824
218.83333333333334,0.0009996036455107772,0.0009325465618606477,0.1397886553641312
218.875,0.000947981777625606,0.0008735489207324277,0.13980703243082793
218.91666666666666,0.0008893090792358209,0.0008127519823872138,0.1398025029244618
218.95833333333334,0.0008276448737237843,0.0007542764095475489,0.13977521767329032
219.0,0.000767359786814625,0.0007022757634773616,0.13972690536360993
219.04166666666666,0.0007122602662360689,0.000660475112813996,0.13966079098517495
219.08333333333334,0.0006666824784378177,0.0006319930582707501,0.1395814097018821
219.125,0.0006338490594713392,0.000619013080528194,0.13949429223708687
219.16666666666666,0.000616235962463258,0.0006225458518526707,0.1394055701766821
219.20833333333334,0.0006154154869714216,0.0006423639304173237,0.13932151280049906
219.25,0.0006314174599636502,0.0006769671797510069,0.13924804147752098
219.29166666666666,0.0006623170524185037,0.0007230905189416757,0.13919019813237257
219.33333333333334,0.0007048132097388357,0.000776841981583537,0.13915155535431356
219.375,0.0007555744468409213,0.0008348377974121745,0.13913431886376992
219.41666666666666,0.0008117782079981554,0.0008933663733618328,0.13913935469288394
219.45833333333334,0.000869826869110133,0.0009485221305367647,0.13916607216569454
219.5,0.0009258800525130481,0.0009968408787149107,0.13921246650589825
219.54166666666666,0.0009764522339333511,0.001035335146105411,0.13927531001144827
219.58333333333334,0.001018640634951237,0.0010617599659063857,0.1393503903304832
219.625,0.0010498712387614247,0.001074551308132466,0.13943277412691957
219.66666666666666,0.0010685235531331318,0.0010729662540436397,0.1395171071930567
219.70833333333334,0.0010732774707589495,0.0010570310443724267,0.13959790808468714
219.75,0.0010638018952248418,0.0010275799447528324,0.1396698728089951
219.79166666666666,0.0010391809930840549,0.000985353338355143,0.13972804930800203
219.83333333333334,0.000999594773519265,0.0009325518062072093,0.13976792665849502
219.875,0.000947992307294167,0.0008735493681060339,0.13978635783372093
219.91666666666666,0.0008892948929328686,0.0008127512535285395,0.13978187732085767
219.95833333333334,0.0008276696693625558,0.0007542760140321686,0.1397546412882536
220.0,0.0007673364163077641,0.0007022768168622847,0.13970637714125103
220.04166666666666,0.0007122532557285664,0.0006604712132155516,0.13964031131804613
220.08333333333334,0.0006667184530367955,0.0006319937388134819,0.13956097780424748
220.125,0.00063381576914659,0.000619012429866583,0.13947390717916766
220.16666666666666,0.000616233750375316,0.0006225433879829686,0.1393852322045815
220.20833333333334,0.0006154301790436103,0.0006423639333807049,0.13930122136951892
220.25,0.0006314117171230012,0.0006769735979492633,0.13922779925944204
220.29166666666666,0.0006623382295100935,0.0007231039374108462,0.13917001003580576
220.33333333333334,0.0007048398303963222,0.000776850319131403,0.1391314174258106
220.375,0.0007555773414107676,0.000834833723241163,0.1391142285443152
220.41666666666666,0.0008117663435491507,0.000893356106414874,0.1391193079839809
220.45833333333334,0.0008698042770125219,0.000948510830094476,0.13914606642957802
220.5,0.0009258566776987552,0.000996827984904819,0.13919250173235465
220.54166666666666,0.0009764206813182406,0.0010353205665720134,0.13925538740054
220.58333333333334,0.0010186143178604232,0.0010617462997763395,0.13933050761657878
220.625,0.0010498430127362636,0.001074537992892082,0.13941293296109256
220.66666666666666,0.0010684993663674272,0.0010729529538510728,0.1394973072174067
220.70833333333334,0.0010732539696717421,0.0010570203640972015,0.1395781489318621
220.75,0.0010638145731210874,0.001027597849172949,0.13965015992146468
220.79166666666666,0.0010392101964677937,0.0009853801583774831,0.1397083885293112
220.83333333333334,0.0009996413070310517,0.0009325662560202499,0.1397483249183916
220.875,0.0009480111695815682,0.0008735503331584075,0.1397667984182488
220.91666666666666,0.0008892934158288453,0.0008127500724273438,0.1397623623775464
220.95833333333334,0.0008276646227417298,0.0007542756707732859,0.13973517091138876
221.0,0.0007673416245138081,0.000702276986815331,0.13968695168993717
221.04166666666666,0.0007122502608968871,0.0006604715102988801,0.13962093082845214
221.08333333333334,0.0006667153805074977,0.0006319936437946609,0.13954164198891017
221.125,0.0006338238375482313,0.0006190131247335696,0.13945461631984543
221.16666666666666,0.0006162305397625985,0.0006225426793302252,0.13936598618239157
221.20833333333334,0.0006154310992710785,0.0006423627332444871,0.13928201942301283
221.25,0.0006314158177121162,0.0006769775773608834,0.1392086418265197
221.29166666666666,0.0006623442604256303,0.0007231068153194317,0.13915090108917796
221.33333333333334,0.0007048388367920148,0.0007768441570508031,0.139112350337901
221.375,0.0007555695032831936,0.0008348227401476751,0.1390951981414235
221.41666666666666,0.0008117234423089391,0.0008933465269718769,0.1391003161715799
221.45833333333334,0.0008698078056032524,0.0009485009625460511,0.13912711612573495
221.5,0.0009257998398733053,0.0009968134528833981,0.1391735877504601
221.54166666666666,0.0009764293591305643,0.0010353085272743739,0.13923651197448603
221.58333333333334,0.0010185528275501554,0.0010617322547070596,0.13931166962280495
221.625,0.001049852002797284,0.0010745274662515695,0.1393941337955449
221.66666666666666,0.001068455248684738,0.001072946476491092,0.13947854774114454
221.70833333333334,0.0010732602496740466,0.0010570143339362693,0.1395594313769444
221.75,0.0010637836851507463,0.0010275842704531035,0.1396314785665528
221.79166666666666,0.0010391806538112875,0.0009853589215790045,0.13968974528431602
221.83333333333334,0.0009996107045174248,0.0009325487103992442,0.13972971195053413
221.875,0.0009479799839664788,0.0008735485670976307,0.13974822583239546
221.91666666666666,0.0008893177778686163,0.0008127515953973278,0.13974383269414947
221.95833333333334,0.0008276295350815428,0.00075427708212657,0.13971668248639268
222.0,0.0007673659722797062,0.0007022736909030443,0.1396685053658601
222.04166666666666,0.0007122786253677633,0.000660477403335242,0.13960252660393138
222.08333333333334,0.000666652671853146,0.0006319934171576298,0.13952328014136367
222.125,0.000633850838062437,0.0006190119143172964,0.13943629769717494
222.16666666666666,0.0006162613189771552,0.0006225475657059066,0.13934771054142917
222.20833333333334,0.0006154010535298554,0.0006423635279533115,0.1392637872435374
222.25,0.0006314262495620579,0.0006769709168678689,0.13919045224314003
222.29166666666666,0.0006623417167461632,0.0007230970531354002,0.1391327511952449
222.33333333333334,0.0007048174215959457,0.0007768363385927222,0.13909424126688938
222.375,0.0007555385247084061,0.0008348187546193081,0.13907713261103294
222.41666666666666,0.0008117406297913641,0.0008933383735489826,0.1390822925461165
222.45833333333334,0.0008697501389660697,0.0009484862124056095,0.1391091304736457
222.5,0.0009258262284442936,0.0009967989641031726,0.13915564319634338
222.54166666666666,0.0009763431152929675,0.0010352907593996043,0.13921860296661198
222.58333333333334,0.0010185714762841684,0.0010617151572544566,0.13929379765517538
222.625,0.001049779681752954,0.0010745123932288313,0.13937629726241915
222.66666666666666,0.0010684588584858837,0.0010729335204098752,0.13946074748110196
222.70833333333334,0.0010732224284085894,0.0010570083673965259,0.13954166832001866
222.75,0.0010637636499896594,0.001027562320760679,0.13961375998539852
222.79166666666666,0.001039176019153767,0.0009853677667624177,0.1396720630627495
222.83333333333334,0.0009996127660445073,0.0009325603420390488,0.139712079055318
222.875,0.0009480281969266885,0.0008735480270318111,0.13973064415154285
222.91666666666666,0.0008892434966562822,0.0008127487293025222,0.13972629331045666
222.95833333333334,0.0008277305996313092,0.0007542786549942559,0.13969918919760768
223.0,0.0007672553262142923,0.0007022728054043869,0.13965105593637026
223.04166666666666,0.000712330212993318,0.0006604678711640602,0.13958512139625326
223.08333333333334,0.0006666667817818282,0.000631993618594448,0.13950591551904823
223.125,0.000633804505726818,0.0006190045238551722,0.13941897261734312
223.16666666666666,0.0006162616658012564,0.0006225432022032506,0.13933042357266515
223.20833333333334,0.0006153973138856759,0.0006423615988204248,0.13924653833968137
223.25,0.0006314416978754923,0.000676989200124479,0.1391732475562563
223.29166666666666,0.0006623711568581424,0.0007231130942949716,0.13911559749314992
223.33333333333334,0.0007048325514726601,0.0007768343744177306,0.13907712932868174
223.375,0.0007555289443854582,0.0008348079149199415,0.13906005624042053
223.41666666666666,0.0008117163700678574,0.0008933299626049334,0.13906525256422086
223.45833333333334,0.0008697346535038126,0.0009484728705896186,0.13909212658780937
223.5,0.0009257980014411809,0.000996785667640566,0.13913867347980283
223.54166666666666,0.0009763060472526092,0.0010352746578119263,0.1392016681640631
223.58333333333334,0.0010185420022047736,0.0010616981262243617,0.13927689705480822
223.625,0.0010497490671753582,0.0010744983407753547,0.13935943003103352
223.66666666666666,0.0010684174670293819,0.0010729161738239046,0.13944391411330137
223.70833333333334,0.001073209518619796,0.0010569987573160388,0.13952486841943168
223.75,0.0010637639431180564,0.0010275798428758633,0.13959699486092486
223.79166666666666,0.0010391922879101317,0.0009853562128688388,0.13965534244842687
223.83333333333334,0.0009996111736419167,0.0009325491457064728,0.1396953882681021
223.875,0.0009479699267410818,0.0008735486071445214,0.13971398224345746
223.91666666666666,0.0008893166944947386,0.0008127504682035984,0.1397096686136568
223.95833333333334,0.000827627874731434,0.0007542777589709361,0.13968259717576137
224.0,0.0007673660075910515,0.0007022730898603004,0.1396344998300559
224.04166666666666,0.0007122829338254108,0.0006604772985194706,0.13956859983528394
224.08333333333334,0.0006666484592463146,0.0006319936133941878,0.13948943191485477
224.125,0.0006338494094330232,0.0006190114539874948,0.1394025281227379
224.16666666666666,0.0006162616010939464,0.000622547152570713,0.1393140192230994
224.20833333333334,0.0006153999465318998,0.000642362888925723,0.1392301737929782
224.25,0.0006314261121209467,0.0006769716765148975,0.1391569167345102
224.29166666666666,0.0006623440570929826,0.0007230989034899395,0.1390992944515494
224.33333333333334,0.0007048125076901363,0.0007768305488281248,0.13906086138060905
224.375,0.0007555204897687214,0.0008348054344722815,0.13904382689951947
224.41666666666666,0.0008117083822091196,0.0008933194607361955,0.1390490582882426
224.45833333333334,0.0008697066064194223,0.0009484611206193065,0.1390759652874172
224.5,0.0009257777026658878,0.0009967704592014261,0.13912254499386936
224.54166666666666,0.0009762778839802214,0.0010352598359855665,0.139185571239923
224.58333333333334,0.0010185151675056409,0.0010616844509616318,0.1392608304541865
224.625,0.0010497251607116623,0.0010744846772438204,0.13934339602000154
224.66666666666666,0.001068406902266009,0.001072909058799607,0.13942791276191163
224.70833333333334,0.0010731860367590538,0.0010569931610307879,0.13950890232033195
224.75,0.0010637580420231043,0.001027570793641768,0.13958106550147847
224.79166666666666,0.001039167585965348,0.0009853539677044303,0.1396394435066966
224.83333333333334,0.0009996037027256088,0.0009325535562548916,0.13967953331262395
224.875,0.0009480085530236812,0.0008735457026287835,0.13969817167699405
224.91666666666666,0.000889252859719653,0.0008127494508965384,0.13969389587789025
224.95833333333334,0.0008277285618083134,0.000754277902355454,0.13966686909518147
225.0,0.0007672598928820439,0.0007022730028827431,0.13961880993199513
225.04166666666666,0.0007123264540162593,0.0006604675490326857,0.13955295053337965
225.08333333333334,0.0006666678855072105,0.000631993164325971,0.1394738193772881
225.125,0.0006338025984168606,0.0006190050437760381,0.13938695064885123
225.16666666666666,0.0006162579000400061,0.0006225414505383882,0.1392984756921136
225.20833333333334,0.0006153982200015736,0.0006423608571310821,0.1392146643380705
225.25,0.0006314364427869732,0.0006769827844634473,0.13914144707525156
225.29166666666666,0.000662354101704426,0.0007231057066240457,0.1390838663741193
225.33333333333334,0.0007048112219271914,0.0007768226411858642,0.1390454696662666
225.375,0.0007555126836808387,0.0008347931648241156,0.1390284647597404
225.41666666666666,0.0008116683148303947,0.0008933100291294165,0.13903372674267842
225.45833333333334,0.000869714055872199,0.0009484488882014573,0.1390606652747503
225.5,0.0009257090173075321,0.0009967570419426289,0.1391072729382476
225.54166666666666,0.0009762877981057671,0.0010352437076951377,0.13917032895320863
225.58333333333334,0.0010184556335346984,0.0010616721827637898,0.13924561721394715
225.625,0.0010497062544933488,0.0010744690827130196,0.13932821314501204
225.66666666666666,0.0010683799668711055,0.0010728992307973669,0.13941276032389496
225.70833333333334,0.001073165803214017,0.0010569831032958819,0.13949378101133827
225.75,0.001063722973932573,0.0010275466018720514,0.1395659745436155
225.79166666666666,0.0010391425833698779,0.0009853564720574651,0.1396243829785276
225.83333333333334,0.0009996109307278524,0.0009325580441626848,0.1396645142470284
225.875,0.0009480336113232558,0.0008735436311142857,0.139683188725543
225.91666666666666,0.0008892107335796703,0.0008127460206247219,0.13967894829804123
225.95833333333334,0.0008277603556490017,0.0007542825806721101,0.13965195605211758
226.0,0.0007672317062434547,0.0007022679172394799,0.13960393155067802
226.04166666666666,0.0007123554109600837,0.0006604710862498167,0.13953810673790754
226.08333333333334,0.0006666367793785725,0.0006319898081483214,0.1394590102010837
226.125,0.000633833472788713,0.0006190053513837556,0.13937217594501589
226.16666666666666,0.0006162373589199505,0.0006225426789684793,0.1392837350846557
226.20833333333334,0.0006154113711388899,0.0006423599386617501,0.1391999577780482
226.25,0.0006314352393743812,0.0006769876437094236,0.13912677320627997
226.29166666666666,0.0006623542762166477,0.0007231098521621211,0.13906923021069578
226.33333333333334,0.0007048250846478105,0.0007768227015741724,0.13903086638094564
226.375,0.000755509460305885,0.0008347866735203223,0.13901389189039604
226.41666666666666,0.0008116362015509534,0.0008933015690529897,0.1390191838280805
226.45833333333334,0.0008697118682832382,0.0009484357700370706,0.13904615265281794
226.5,0.0009256750765309522,0.0009967422866910445,0.1390927901766881
226.54166666666666,0.0009762534437908782,0.001035226091542398,0.13915587473381488
226.58333333333334,0.0010184327476223526,0.0010616557465023672,0.1392311906344423
226.625,0.0010496638761476344,0.001074453876015555,0.13931381397972206
226.66666666666666,0.001068362005447363,0.0010728862299206738,0.13939838936399898
226.70833333333334,0.001073139394059172,0.001056973995277213,0.13947943848745753
226.75,0.0010637383316852737,0.0010275643868946926,0.13955166344143038
226.79166666666666,0.001039183581435512,0.000985375098297418,0.1396101149113125
226.83333333333334,0.0009996298033814344,0.0009325595630343673,0.1396502788246714
226.875,0.0009480160037296256,0.0008735446229868535,0.13966898187200324
226.91666666666666,0.0008892536988937942,0.0008127485917758834,0.13966477227776342
226.95833333333334,0.0008277141106288586,0.0007542768161879358,0.13963781064259745
227.0,0.0007672780451405094,0.000702274912050928,0.1395898182108233
227.04166666666666,0.0007123006450093349,0.0006604672574921345,0.13952402459397747
227.08333333333334,0.0006666973280410188,0.0006319950765058557,0.13944496040715124
227.125,0.0006337842351938543,0.0006190042166031876,0.13935815952829084
227.16666666666666,0.0006162670514816474,0.0006225413297620969,0.13926975144178327
227.20833333333334,0.0006153936949489266,0.0006423595317952564,0.13918600553153768
227.25,0.000631425913264495,0.0006769807117676542,0.1391128520326383
227.29166666666666,0.0006623671122506004,0.0007231105274098003,0.1390553403706559
227.33333333333334,0.0007048133814369485,0.0007768195337767175,0.13901700810747758
227.375,0.000755499618565596,0.0008347791632497321,0.13900006389309696
227.41666666666666,0.0008116188941354106,0.0008932918036756145,0.13900538532570178
227.45833333333334,0.000869694320639349,0.0009484229660952459,0.13903238217869235
227.5,0.000925639222214242,0.0009967266574383955,0.1390790460074731
227.54166666666666,0.0009762385945819324,0.001035210282985242,0.13914215595125345
227.58333333333334,0.0010183967662177765,0.0010616398783346523,0.13921749815719658
227.625,0.0010496404985691826,0.001074439298939095,0.13930014729642984
227.66666666666666,0.001068335167291868,0.0010728745124031758,0.1393847494754114
227.70833333333334,0.0010731188624351518,0.001056965837580886,0.1394658267824413
227.75,0.0010637052531818451,0.0010275393197955868,0.13953807995930984
227.79166666666666,0.0010391329692275185,0.000985353468412786,0.13959655152695322
227.83333333333334,0.000999607203255365,0.0009325565400567204,0.1396367465790923
227.875,0.0009480270373405893,0.0008735445224341112,0.13965548075893056
227.91666666666666,0.000889232367862399,0.0008127466280705006,0.1396513029192621
227.95833333333334,0.0008277345776836174,0.0007542789219609274,0.13962437287134863
228.0,0.0007672505020500878,0.0007022714524115081,0.13957641277907204
228.04166666666666,0.0007123377723657231,0.0006604679114554136,0.13951065205593474
228.08333333333334,0.000666656661091426,0.0006319925239672222,0.13943161844426438
228.125,0.0006338139874762624,0.0006190037624246335,0.13934484816427917
228.16666666666666,0.0006162519386100613,0.0006225423271339611,0.1392564706542945
228.20833333333334,0.0006153986730068185,0.0006423602937559268,0.1391727565667093
228.25,0.0006314316303518111,0.0006769782398029913,0.13909963499398986
228.29166666666666,0.0006623488787723925,0.0007231076806030648,0.13904215246941087
228.33333333333334,0.0007048058742509303,0.0007768145264669932,0.13900385100125087
228.375,0.0007554877400243536,0.0008347738685389509,0.13898693892547442
228.41666666666666,0.0008116197012555779,0.0008932803750474534,0.13899228831250732
228.45833333333334,0.0008696440598854147,0.000948409126521568,0.13901931011083074
228.5,0.000925639248441537,0.0009967120816907317,0.13906599915226237
228.54166666666666,0.0009761764995119622,0.0010351942964319854,0.13912913344157618
228.58333333333334,0.0010183833232230047,0.001061621936111063,0.13920450030399362
228.625,0.001049600430388328,0.001074426287300702,0.1392871731125934
228.66666666666666,0.0010683081004174057,0.0010728613741716154,0.13937180057180415
228.70833333333334,0.0010731045832593632,0.001056958031943184,0.1394529036394262
228.75,0.0010637101511356234,0.0010275530864349508,0.13952518585884421
228.79166666666666,0.0010391484597055288,0.00098535791192457,0.1395836908404448
228.83333333333334,0.000999613285615865,0.0009325558039118281,0.13962391780782366
228.875,0.0009480256634881462,0.0008735405159694998,0.13964268441967817
228.91666666666666,0.0008892091001918547,0.0008127466650029931,0.13963853730063697
228.95833333333334,0.0008277577644811776,0.0007542808521943277,0.1396116378596162
229.0,0.0007672296143344788,0.0007022687735810993,0.13956370710651528
229.04166666666666,0.0007123537640477516,0.0006604699486551289,0.139497974918853
229.08333333333334,0.0006666451334608937,0.0006319926362226632,0.13941897030268716
229.125,0.0006338259547748034,0.0006190047645011024,0.13933222983594998
229.16666666666666,0.000616245766795723,0.0006225422752751862,0.13924388166613874
229.20833333333334,0.0006154023085287663,0.000642360151788026,0.1391601970256892
229.25,0.000631443101068003,0.0006769896167725421,0.13908710608953012
229.29166666666666,0.0006623552735113761,0.000723108475440562,0.13902965547081717
229.33333333333334,0.0007048091523492638,0.0007768116743550195,0.13899138141129944
229.375,0.0007554791860578068,0.000834765432197036,0.13897449222684505
229.41666666666666,0.0008115858489740193,0.000893271000866052,0.13897986597850928
229.45833333333334,0.0008696428874891736,0.0009483962858643168,0.13900691278575963
229.5,0.0009255925738639731,0.0009966965965493037,0.13905362518656816
229.54166666666666,0.000976161332564455,0.0010351772249692346,0.13911678262021554
229.58333333333334,0.0010183385495517359,0.0010616076239874203,0.13919217070951553
229.625,0.001049574388163258,0.0010744103029840483,0.13927486712057283
229.66666666666666,0.0010682857137038506,0.0010728509230256002,0.1393595178380867
229.70833333333334,0.0010730816463696581,0.0010569497386597188,0.13944064583690002
229.75,0.0010637006237897257,0.0010275490439528245,0.13951295371403252
229.79166666666666,0.001039165766599244,0.000985370083678116,0.13957149124638568
229.83333333333334,0.000999624399778018,0.000932558552181771,0.13961174427925038
229.875,0.0009480164567977451,0.0008735441014572451,0.13963053637588227
229.91666666666666,0.000889248702834723,0.0008127479295967832,0.13962641636470735
229.95833333333334,0.0008277166240788381,0.0007542765023949459,0.1395995434549895
230.0,0.000767274263086368,0.0007022743390928671,0.1395516394281398
230.04166666666666,0.000712303298818893,0.000660467140348715,0.13948593430831918
230.08333333333334,0.0006666905956927276,0.0006319942415019942,0.13940695902132527
230.125,0.0006337851963355654,0.0006190039446399838,0.13932024574932236
230.16666666666666,0.0006162655325105984,0.0006225408539008101,0.13923192558100497
230.20833333333334,0.0006153921905689353,0.0006423590664549361,0.1391482673002385
230.25,0.0006314125009898191,0.0006769651485962059,0.1390751991687424
230.29166666666666,0.0006623390400804478,0.0007230995862837393,0.13901776545100153
230.33333333333334,0.0007047832399183705,0.0007768091396231179,0.13897951875213369
230.375,0.0007554750170745945,0.0008347630374361234,0.1389626598247378
230.41666666666666,0.0008115779274937054,0.0008932602055912412,0.13896805850435637
230.45833333333334,0.0008696226159279878,0.0009483835733436869,0.1389951273898663
230.5,0.0009255526375503152,0.0009966806599079336,0.13904186117115877
230.54166666666666,0.0009761451902296854,0.0010351609668184346,0.1391050397677739
230.58333333333334,0.0010182956141196416,0.0010615906832199616,0.13918044939435828
230.625,0.0010495511933201085,0.0010743951611630928,0.139263166637442
230.66666666666666,0.0010682555677795367,0.001072839771404476,0.13934783943068269
230.70833333333334,0.001073064195908193,0.0010569417477719984,0.13942899099599618
230.75,0.0010636924126532143,0.0010275472851796897,0.13950132494146011
230.79166666666666,0.00103916323006255,0.000985374667409638,0.13955988971872307
230.83333333333334,0.0009996374669099316,0.0009325615425102108,0.1396001748930533
230.875,0.0009480297909528772,0.0008735410524738254,0.13961899558693316
230.91666666666666,0.0008892132953269651,0.0008127469514622723,0.1396149026277904
230.95833333333334,0.0008277533286570279,0.0007542786845479937,0.1395880571993481
231.0,0.0007672382574686095,0.0007022721511435939,0.13954017859306855
231.04166666666666,0.0007123378902457461,0.0006604683997403016,0.13947450055918634
231.08333333333334,0.0006666619456055875,0.0006319943064011685,0.1393955513104775
231.125,0.0006338022684025599,0.0006190044840295515,0.13930886451172128
231.16666666666666,0.0006162651266242479,0.0006225430600123803,0.13922057118524686
231.20833333333334,0.0006153908995573322,0.0006423580501489331,0.13913693945175196
231.25,0.0006314294792818114,0.0006769798460475173,0.13906389788317988
231.29166666666666,0.0006623530625325218,0.0007231060673085681,0.13900649686712507
231.33333333333334,0.0007047928052881392,0.000776803477179755,0.13896827473503204
231.375,0.0007554610994381012,0.0008347502832252129,0.13895143520606992
231.41666666666666,0.00081154459826077,0.0008932500270314631,0.13895685616428635
231.45833333333334,0.0008696054450081077,0.0009483695546792406,0.13898394769818373
231.5,0.0009255189320893383,0.000996664640295741,0.1390307012075701
231.54166666666666,0.0009761176818727897,0.0010351438637416113,0.1390938994185469
231.58333333333334,0.0010182665428963443,0.0010615742473799718,0.13916932859495149
231.625,0.001049520362451094,0.0010743800693197997,0.1392520655937292
231.66666666666666,0.0010682302032070969,0.0010728263859651774,0.13933675890445452
231.70833333333334,0.0010730405961986587,0.0010569325589096287,0.13941793207779363
231.75,0.0010636625618015859,0.0010275261122402021,0.13949028736196556
231.79166666666666,0.0010391164642917364,0.0009853512051576528,0.13954886702368127
231.83333333333334,0.0009996057167437375,0.0009325561186281496,0.13958917243228836
231.875,0.0009480307870209394,0.000873542239984574,0.13960802099040387
231.91666666666666,0.0008892085076158185,0.0008127453409109148,0.13960395452606156
231.95833333333334,0.000827758246002003,0.0007542812528421375,0.13957713584786863
232.0,0.000767230550469851,0.0007022677255277782,0.13952928429908024
232.04166666666666,0.0007123535296454149,0.0006604699593608202,0.1394636326571933
232.08333333333334,0.0006666377618668582,0.0006319899354465039,0.13938470837494663
232.125,0.0006338302862370804,0.0006190043865565852,0.1392980466028053
232.16666666666666,0.0006162379673431181,0.0006225419727661896,0.13920977752053318
232.20833333333334,0.0006154081106783977,0.0006423592214733057,0.13912617169959446
232.25,0.000631433142216008,0.0006769847915929549,0.1390531581690716
232.29166666666666,0.0006623407232528672,0.0007230989974370848,0.13899578319649608
232.33333333333334,0.0007047882352359242,0.0007767986017853697,0.13895758447362835
232.375,0.000755438836353189,0.0008347446296352105,0.13894077001120114
232.41666666666666,0.0008115566103490502,0.0008932376986247721,0.1389462131419773
232.45833333333334,0.0008695365357863801,0.0009483549415179707,0.13897332359601505
232.5,0.0009255426906504707,0.0009966488087329117,0.13902009753789396
232.54166666666666,0.0009760388694542222,0.001035128008601438,0.1390833134553341
232.58333333333334,0.0010182583794027366,0.0010615557823616764,0.13915876064141583
232.625,0.0010494815673910709,0.0010743670107597233,0.13924151600836976
232.66666666666666,0.0010681994524257379,0.0010728123040353353,0.1393262286557636
232.70833333333334,0.0010730297674044372,0.0010569267666992483,0.13940742254494157
232.75,0.0010636516511825995,0.001027528719975752,0.13947980012539832
232.79166666666666,0.0010391472023258998,0.0009853618478689857,0.1395384090294104
232.83333333333334,0.0009996138957981294,0.0009325571324581793,0.1395787383257001
232.875,0.0009480182194210934,0.0008735432567760118,0.1395976072545006
232.91666666666666,0.0008892414912198193,0.0008127468029744993,0.13959356332595677
232.95833333333334,0.0008277216305909518,0.0007542765753012776,0.13956676626023595
233.0,0.0007672663550071422,0.0007022733110205771,0.1395189377951901
233.04166666666666,0.0007123183922512078,0.0006604661750142061,0.13945331054244536
233.08333333333334,0.0006666785136375132,0.0006319935151489883,0.13937440980267185
233.125,0.0006337931416095227,0.000619003825236216,0.1392877718789655
233.16666666666666,0.0006162626082070115,0.0006225402234918958,0.13919952680689937
233.20833333333334,0.0006153911130915436,0.0006423579871783662,0.1391159436640514
233.25,0.0006314222522789834,0.0006769757967104325,0.1390429505476875
233.29166666666666,0.0006623383457660507,0.0007230946494764254,0.13898559416235837
233.33333333333334,0.0007047697304342251,0.0007767915604994791,0.1389474184878514
233.375,0.0007554268664069846,0.0008347354969002784,0.13893062467058034
233.41666666666666,0.0008115262965670952,0.0008932262728151519,0.13893608683477107
233.45833333333334,0.0008695370678385221,0.0009483423264128813,0.1389632150789065
233.5,0.0009254787524924818,0.0009966329761263916,0.13901000542948097
233.54166666666666,0.0009760413927682096,0.001035110950039066,0.13907323854170078
233.58333333333334,0.0010181959049363593,0.0010615415959144049,0.1391487016235204
233.625,0.001049466116916001,0.001074350611424275,0.13923147503401265
233.66666666666666,0.0010681704599461623,0.0010728031116947808,0.1393162057749908
233.70833333333334,0.0010730098911741466,0.0010569166554989786,0.1393974195597421
233.75,0.0010636362117526297,0.0010275194679460501,0.13946981846708995
233.79166666666666,0.0010391100149497853,0.000985350592443368,0.13952844423558294
233.83333333333334,0.0009996063844914032,0.0009325568377122445,0.1395687967987845
233.875,0.0009480306920838221,0.0008735420782951382,0.13958769251373307
233.91666666666666,0.0008892071721618684,0.0008127447620540326,0.13958367343582287
233.95833333333334,0.0008277569571310627,0.0007542810461803487,0.1395569012675266
234.0,0.0007672284921651759,0.0007022670359240508,0.13950909714676865
234.04166666666666,0.0007123528547898437,0.0006604698244306005,0.1394434917206935
234.08333333333334,0.0006666350837103882,0.0006319889503647399,0.13936461464159264
234.125,0.0006338299660507632,0.0006190041647901149,0.13927799904260826
234.16666666666666,0.0006162372077028084,0.0006225418407666165,0.13918977644124425
234.20833333333334,0.0006154079012641846,0.0006423589349656163,0.13910621686780236
234.25,0.0006314343654151795,0.0006769869553873856,0.13903324955987775
234.29166666666666,0.0006623453305575107,0.0007231010399355489,0.1389759225868342
234.33333333333334,0.0007047854325286639,0.000776792284990062,0.1389377680306467
234.375,0.0007554218173072586,0.0008347289302993309,0.13892099346523823
234.41666666666666,0.0008115000334453408,0.0008932170036229577,0.13892647410790226
234.45833333333334,0.0008695199605972738,0.0009483272510164793,0.1389536213189191
234.5,0.000925452216829803,0.0009966170240961322,0.13900042907718493
234.54166666666666,0.0009759942046613367,0.0010350918552424102,0.13906367843384876
234.58333333333334,0.0010181799018494494,0.0010615225876962162,0.13913915802685098
234.625,0.001049413922244241,0.0010743346071453394,0.13922194645380154
234.66666666666666,0.0010681500721200948,0.0010727879175852096,0.13930669370308987
234.70833333333334,0.001072982358810718,0.001056906595828547,0.13938792381193957
234.75,0.0010636436855316724,0.0010275319972290343,0.13946034216282402
234.79166666666666,0.0010391330121232135,0.000985354421658269,0.1395189946064434
234.83333333333334,0.0009996129980971984,0.0009325605829603812,0.13955936597396373
234.875,0.0009480032197518772,0.0008735486216650053,0.13957827665425937
234.91666666666666,0.0008892871383061725,0.0008127485545601567,0.13957427775715173
234.95833333333334,0.0008276705324565882,0.0007542732242073762,0.139547522598031
235.0,0.0007673254499264367,0.0007022758340234803,0.13949973824716644
235.04166666666666,0.0007122512966232463,0.0006604683883176588,0.13943415173787296
235.08333333333334,0.0006667228809400371,0.0006319931424721203,0.1393552959715951
235.125,0.0006338026127352224,0.0006190109654503753,0.13926870218573886
235.16666666666666,0.0006162364532072365,0.0006225412625621628,0.13918050311668564
235.20833333333334,0.0006154274353045117,0.0006423616803047419,0.13909696614127778
235.25,0.0006314069744888513,0.000676975060281031,0.13902401764232147
235.29166666666666,0.0006623204770542494,0.0007230854505103793,0.13896670053361965
235.33333333333334,0.0007047684156454426,0.0007767927309260156,0.1389285661736284
235.375,0.0007554132366602016,0.0008347282183818903,0.13891181706162478
235.41666666666666,0.0008115186238704424,0.0008932026269894547,0.1389173174276927
235.45833333333334,0.0008694506028768249,0.000948314147466748,0.13894447915730587
235.5,0.0009254561068339778,0.0009965999374688251,0.13899130119459382
235.54166666666666,0.0009759451645894673,0.001035077140396063,0.13905456431036414
235.58333333333334,0.001018152229215599,0.0010615051412724036,0.13913005842228413
235.625,0.0010493908004080813,0.0010743209512509657,0.1392128618574361
235.66666666666666,0.0010681200904150963,0.0010727761904514438,0.13929762522575606
235.70833333333334,0.0010729676743805841,0.0010569013653505242,0.13937887416059333
235.75,0.0010636068375718339,0.001027505152808733,0.13945131081722484
235.79166666666666,0.0010390951548572315,0.0009853407507648595,0.13950997520525787
235.83333333333334,0.000999590902485767,0.0009325525057431094,0.13955036804105958
235.875,0.0009480199073702152,0.0008735429167405852,0.13956930175635043
235.91666666666666,0.0008892322476785411,0.0008127451906787278,0.1395653237240309
235.95833333333334,0.0008277303408847147,0.0007542774012738973,0.1395385929370366
236.0,0.0007672489834201107,0.0007022701693994082,0.13949083128923562
236.04166666666666,0.0007123350698167017,0.0006604665696890271,0.1394252690235123
236.08333333333334,0.0006666543201376596,0.0006319913437786499,0.13934643304448655
236.125,0.0006338118765768641,0.0006190025550118062,0.1392598601271714
236.16666666666666,0.0006162493017714922,0.0006225411220732905,0.1391716794309419
236.20833333333334,0.0006153965156754705,0.0006423591127214122,0.1390881617131277
236.25,0.0006314289040243785,0.0006769766845843626,0.13901523600700788
236.29166666666666,0.0006623296143789131,0.0007230838965120023,0.13895794553278223
236.33333333333334,0.0007047591002583879,0.0007767871301454298,0.13891982857568022
236.375,0.0007553911812330671,0.000834718444385761,0.1389030942893054
236.41666666666666,0.0008115039303372885,0.0008931914249772071,0.13890861110036004
236.45833333333334,0.0008694187704476809,0.0009483004677530952,0.1389357883487167
236.5,0.0009254376898227955,0.000996581309322815,0.1389826264403676
236.54166666666666,0.0009759059829099213,0.0010350605695587788,0.13904590149768048
236.58333333333334,0.001018118371145118,0.00106148610708571,0.13912140939256612
236.625,0.0010493596973968316,0.0010743072098764557,0.13920422585557596
236.66666666666666,0.0010680936080582188,0.0010727651548314858,0.13928900433248098
236.70833333333334,0.0010729504813979435,0.0010568934929158608,0.13937026980851072
236.75,0.0010635908355987773,0.0010274982381757365,0.1394427246640864
236.79166666666666,0.0010390826166819156,0.000985333774497528,0.1395014080880089
236.83333333333334,0.0009995536725209127,0.0009325376053838071,0.13954180763983906
236.875,0.0009479962005404367,0.0008735449714510194,0.139560757006508
236.91666666666666,0.0008892468579531942,0.000812751805175298,0.13955679974678448
236.95833333333334,0.000827732342002274,0.000754273748640122,0.1395300871725276
237.0,0.00076725633968255,0.000702275130476074,0.1394823419888194
237.04166666666666,0.000712307733865621,0.0006604658688683436,0.139416797079907
237.08333333333334,0.0006667035027222757,0.0006319966408546454,0.1393379809266824
237.125,0.0006337751873499383,0.0006190073181915521,0.13925142736912025
237.16666666666666,0.0006162731358502892,0.0006225428915147837,0.139163268511321
237.20833333333334,0.0006154098339522433,0.0006423629541311552,0.13907977205179517
237.25,0.0006314066417980044,0.0006769728501477934,0.13900686475440038
237.29166666666666,0.0006623100515945493,0.0007230691789868233,0.13894958409406657
237.33333333333334,0.0007047399657023758,0.0007767738039336285,0.13891148178685792
237.375,0.0007553737920912012,0.0008347082885477599,0.13889476096081535
237.41666666666666,0.0008114577482927026,0.0008931816742607608,0.13890029194325376
237.45833333333334,0.0008694460686477417,0.0009482870040491359,0.13892748222714602
237.5,0.000925351445795957,0.000996566321033722,0.13897433196897646
237.54166666666666,0.0009759324980259485,0.0010350426219227972,0.13903762028776134
237.58333333333334,0.001018046377154918,0.0010614706375028993,0.13911314069645467
237.625,0.0010493589368911862,0.0010742899190630685,0.1391959699503954
237.66666666666666,0.0010680442847535484,0.0010727548159601224,0.13928076215337565
237.70833333333334,0.0010729499711630325,0.001056885975453717,0.13936204407046857
237.75,0.0010636051550083885,0.0010275233672006427,0.13943451799365603
237.79166666666666,0.0010391120768020877,0.000985342163782393,0.13949322921595542
237.83333333333334,0.0009995909742910277,0.0009325433682695673,0.13953364868911106
237.875,0.0009479747524217999,0.000873545602063678,0.13955261630532928
237.91666666666666,0.0008893072292035175,0.0008127489958154598,0.13954867615247557
237.95833333333334,0.0008276304662712429,0.0007542739671252882,0.13952197834634913
238.0,0.0007673595997682433,0.0007022720513116501,0.13947425210418773
238.04166666666666,0.0007122660309263536,0.0006604745803566984,0.13940872346922864
238.08333333333334,0.0006666578680924778,0.0006319906730252813,0.13932992637674302
238.125,0.0006338486145422233,0.0006190103513643452,0.13924339181243378
238.16666666666666,0.0006162503613840366,0.0006225454342999343,0.13915525165299714
238.20833333333334,0.0006154008809862153,0.000642360810582823,0.13907177407547722
238.25,0.0006314263534400799,0.0006769733827248299,0.13899888454088577
238.29166666666666,0.0006623191080448692,0.0007230819717738849,0.1389416242294982
238.33333333333334,0.0007047450134996372,0.0007767797446185956,0.13890354478538453
238.375,0.0007553747482359153,0.0008347042463465865,0.13888684752390373
238.41666666666666,0.0008114567085119842,0.000893170108610462,0.138892394471193
238.45833333333334,0.000869389888371171,0.000948269816304501,0.1389195998351269
238.5,0.000925354940804886,0.0009965498139883069,0.13896646299476123
238.54166666666666,0.0009758543498975685,0.0010350221637126671,0.13902976328669903
238.58333333333334,0.0010180468866480546,0.001061452339285959,0.1391052949576063
238.625,0.0010492898729771757,0.0010742719390273074,0.139188136294973
238.66666666666666,0.0010680356750044772,0.0010727361212439696,0.139272940283257
238.70833333333334,0.0010728998272806537,0.0010568727562717444,0.13935423313280493
238.75,0.0010635764259307404,0.0010274976602808955,0.13942671921654368
238.79166666666666,0.0010390780030178485,0.0009853327904159226,0.13948543776225897
238.83333333333334,0.0009995812685936651,0.0009325483742709163,0.13952588380433464
238.875,0.0009480085265212669,0.0008735423745522492,0.13954487318831163
238.91666666666666,0.0008892403986876184,0.0008127450881626743,0.1395409521586099
238.95833333333334,0.0008277222512186887,0.0007542759490048847,0.13951427832934846
239.0,0.0007672563830236053,0.0007022705173600197,0.13946657225947565
239.04166666666666,0.0007123265249983249,0.0006604652594349984,0.1394010666655992
239.08333333333334,0.0006666594935861776,0.0006319908235141432,0.13932228668980104
239.125,0.0006338048506217133,0.0006190017305412726,0.13923576946333346
239.16666666666666,0.0006162507584397734,0.000622540004673062,0.1391476443529265
239.20833333333334,0.0006153941509636743,0.0006423585939896061,0.13906418217351185
239.25,0.0006314376575972543,0.0006769863847715117,0.1389913130260022
239.29166666666666,0.0006623483303569737,0.0007230991090561811,0.13893408341678437
239.33333333333334,0.0007047576051445612,0.0007767721722679875,0.13889602215661487
239.375,0.0007553667162757685,0.0008346895272662946,0.13887933283486661
239.41666666666666,0.0008114044193805132,0.0008931609059309943,0.1388848926683561
239.45833333333334,0.0008693970520221492,0.000948254603633313,0.13891211228611539
239.5,0.0009252980415227869,0.000996533009522607,0.1389589866899698
239.54166666666666,0.0009758250936064114,0.0010350017948964432,0.13902229921592266
239.58333333333334,0.0010180072291672516,0.0010614342962720572,0.13909784064196315
239.625,0.001049247317286055,0.0010742543230666123,0.13918069287101298
239.66666666666666,0.0010680104756243096,0.0010727227390002134,0.1392655080942898
239.70833333333334,0.001072875910005181,0.0010568615328787722,0.13934681261983448
239.75,0.0010635765336630641,0.001027506127104856,0.13941931348504247
239.79166666666666,0.0010390945688827822,0.0009853441934231325,0.13947805369991362
239.83333333333334,0.0009995991553981656,0.0009325516161356506,0.13951852281900207
239.875,0.0009480182251361399,0.0008735379454622316,0.1395375324460541
239.91666666666666,0.0008892068804053902,0.0008127446563780445,0.1395336283500185
239.95833333333334,0.0008277524877042297,0.000754278073396608,0.13950697187103706
240.0,0.0007672290720262518,0.0007022678510057563,0.13945928205056488
240.04166666666666,0.0007123483154233892,0.0006604675751749205,0.13939379228785712
240.08333333333334,0.0006666430581089904,0.0006319909607295356,0.13931502883868074
240.125,0.0006338181642535393,0.0006190030991295055,0.13922852872885225
240.16666666666666,0.0006162441563270077,0.0006225401299605929,0.1391404206179892
240.20833333333334,0.0006153976255934608,0.0006423584926329506,0.13905697561152272
240.25,0.0006314352236604857,0.000676981391197967,0.13898412375843464
240.29166666666666,0.0006623259678481407,0.0007230862478905596,0.13892690553400697
240.33333333333334,0.0007047360431219501,0.0007767630719416737,0.13888885837984324
240.375,0.0007553455305557176,0.0008346820046370894,0.13887218473012328
240.41666666666666,0.0008114025568498269,0.0008931472134903779,0.13887775750106893
240.45833333333334,0.0008693459810132307,0.0009482403324323596,0.1389049875975663
240.5,0.0009252848678267323,0.0009965149775003539,0.138951872129683
240.54166666666666,0.0009757928086819909,0.0010349857079965951,0.13901519244994703
240.58333333333334,0.0010179685469349634,0.0010614159866400117,0.13909074410699448
240.625,0.0010492274950481377,0.001074239545355361,0.13917360588792999
240.66666666666666,0.0010679769314731796,0.001072711613811405,0.13925843240194397
240.70833333333334,0.001072859898047175,0.001056853618057946,0.13933975030104065
240.75,0.0010635897877307836,0.001027524354573861,0.1394122677385274
240.79166666666666,0.0010391377785540943,0.0009853684676571208,0.13947103545492592
240.83333333333334,0.0009996325444071037,0.0009325570558519229,0.13951152308777737
240.875,0.0009480119054250727,0.0008735384843501037,0.13953054837900547
240.91666666666666,0.0008892287997079491,0.0008127469391928112,0.13952665878426626
240.95833333333334,0.0008277246931939998,0.0007542737366625217,0.13950001577982024
241.0,0.0007672635591348912,0.0007022731412527522,0.13945234076037286
241.04166666666666,0.0007123000067266911,0.0006604653760372728,0.13938686518931223
241.08333333333334,0.0006666953400203648,0.0006319940477631038,0.13930811856404018
241.125,0.0006337780328808012,0.0006190033603832126,0.13922163448129038
241.16666666666666,0.000616267431823966,0.0006225397844876939,0.139133543009505
241.20833333333334,0.0006153927497468619,0.0006423584216502051,0.13905011321678798
241.25,0.0006314193450134197,0.0006769796720085242,0.1389772754060377
241.29166666666666,0.0006623387063442043,0.0007230845706725121,0.13892007330323003
241.33333333333334,0.000704735618619186,0.0007767605351281784,0.13888204061522091
241.375,0.0007553245787369591,0.0008346741803145095,0.13886538089684827
241.41666666666666,0.0008113889818947382,0.0008931354344459012,0.13887096615673064
241.45833333333334,0.0008693154867598234,0.0009482252055435874,0.13889820671516487
241.5,0.0009252622675037858,0.0009964978099141668,0.13894510121667356
241.54166666666666,0.0009757465763152077,0.001034967002146071,0.13900843088303252
241.58333333333334,0.0010179413220172682,0.001061397526147153,0.1390839909361351
241.625,0.001049189501911515,0.0010742229860716435,0.1391668619349218
241.66666666666666,0.0010679474501280278,0.0010726960881995028,0.13925169824879774
241.70833333333334,0.0010728369155024108,0.0010568456138955495,0.1393330276448507
241.75,0.001063534829490819,0.001027482750262289,0.13940555514848807
241.79166666666666,0.0010390626839324674,0.0009853289039750061,0.13946431949090526
241.83333333333334,0.0009995769257709923,0.0009325474472235637,0.13950481398704
241.875,0.0009480074385512011,0.0008735414065000134,0.13952385195569011
241.91666666666666,0.0008892375685548104,0.0008127442033460234,0.1395199793541648
241.95833333333334,0.0008277215177843988,0.000754275260404522,0.13949335382239955
242.0,0.0007672540873095775,0.0007022697758518519,0.13944569598925113
242.04166666666666,0.0007123260245658607,0.0006604646788121954,0.1393802386138131
242.08333333333334,0.0006666577002280824,0.0006319902478054503,0.1393015067228092
242.125,0.0006338041473605684,0.0006190011746879802,0.13921503752855297
242.16666666666666,0.0006162494875410335,0.0006225394576152099,0.1391269603326829
242.20833333333334,0.0006153930318547617,0.0006423579903584941,0.13904354595546095
242.25,0.0006314368555210058,0.0006769860543924208,0.13897072452004489
242.29166666666666,0.0006623436942118955,0.0007230950859049953,0.13891354210547327
242.33333333333334,0.0007047410407979361,0.0007767592932669977,0.1388755254712878
242.375,0.0007553299025549018,0.0008346654011288379,0.1388588767556438
242.41666666666666,0.0008113472096133465,0.0008931257307265118,0.13886447281709655
242.45833333333334,0.0008693179219121545,0.0009482096008031699,0.1388917245555763
242.5,0.0009252051252974825,0.0009964810268208385,0.13893862780533925
242.54166666666666,0.000975718190546267,0.001034946147917147,0.13900196702008535
242.58333333333334,0.0010179016136002785,0.0010613790822345433,0.1390775347301432
242.625,0.0010491445834020323,0.001074204792504485,0.1391604139768041
242.66666666666666,0.0010679214100358665,0.0010726817616368931,0.1392452590758443
242.70833333333334,0.0010728102702197405,0.0010568340101807202,0.13932659768529823
242.75,0.0010635283011895347,0.0010274847113275584,0.13939913685250216
242.79166666666666,0.0010390716405849322,0.0009853373088020852,0.13945791850057535
242.83333333333334,0.0009995921269212898,0.0009325508561487874,0.13949843460068398
242.875,0.0009480195839830217,0.0008735366639470796,0.13951749024302787
242.91666666666666,0.0008892003443675019,0.0008127428794523107,0.13951363249708376
242.95833333333334,0.0008277521146107707,0.0007542782234696829,0.13948702204283103
243.0,0.0007672242140761223,0.0007022655489504189,0.13943937948853985
243.04166666666666,0.0007123488782905275,0.0006604676317932387,0.13937393508687526
243.08333333333334,0.0006666376927551064,0.0006319895915569352,0.1392952174851615
243.125,0.0006338239464937051,0.0006190023967997213,0.13920876336686852
243.16666666666666,0.0006162373198290024,0.0006225396466472366,0.1391207007886545
243.20833333333334,0.0006154000976725549,0.0006423576097820277,0.13903730103024517
243.25,0.0006314317724180465,0.0006769830385087622,0.13896449370878397
243.29166666666666,0.0006623310082227812,0.0007230912166184053,0.1389073244284214
243.33333333333334,0.000704737337491949,0.0007767541320544457,0.13886932062782656
243.375,0.000755318079405959,0.0008346575796858583,0.13885268385459626
243.41666666666666,0.0008113243180771505,0.0008931135772686714,0.13885829031708424
243.45833333333334,0.0008692946506400715,0.0009481947266423143,0.13888555125386126
243.5,0.0009251698095653468,0.0009964631215946419,0.1389324625179257
243.54166666666666,0.0009756885974898759,0.0010349274917867406,0.13899580906587117
243.58333333333334,0.0010178593837543986,0.0010613613478036477,0.13907138342699524
243.625,0.0010491143000309778,0.0010741877201839558,0.13915427055938273
243.66666666666666,0.001067895043062049,0.0010726697295763638,0.13923912412033151
243.70833333333334,0.0010727868715104346,0.0010568245662483712,0.13932047283525348
243.75,0.0010635472382276763,0.001027507623956469,0.13939302541538262
243.79166666666666,0.0010391165189617942,0.0009853591024513153,0.1394518331926841
243.83333333333334,0.0009996185510496149,0.0009325548295240608,0.139492360146501
243.875,0.0009480003050782773,0.000873540036271207,0.13951142922721885
243.91666666666666,0.0008892549417650603,0.0008127456732919549,0.1395075835471872
243.95833333333334,0.0008276896514391316,0.0007542722536065581,0.13948098371292306
244.0,0.0007672961453125154,0.0007022726780453488,0.13943335322236292
244.04166666666666,0.0007122709845357036,0.0006604652560451999,0.13936792104167509
244.08333333333334,0.000666705998099139,0.0006319915707631384,0.13928921879085535
244.125,0.0006337759498806831,0.0006190036740387158,0.13920277793487706
244.16666666666666,0.0006162553053722443,0.0006225384996323211,0.13911473000160443
244.20833333333334,0.000615406667820549,0.0006423602722992348,0.1390313446154912
244.25,0.0006314108736670215,0.0006769796170318892,0.13895855260548565
244.29166666666666,0.0006623264209515023,0.0007230770810560314,0.13890139290248255
244.33333333333334,0.0007047243022885396,0.0007767466373769988,0.13886339943368256
244.375,0.0007552876440173247,0.0008346502809960646,0.13884677577029056
244.41666666666666,0.0008113285546074758,0.0008930991636923501,0.138852392312714
244.45833333333334,0.0008692380486241068,0.0009481801767572138,0.13887966001477012
244.5,0.0009251634190953345,0.0009964451322048379,0.13892657841947517
244.54166666666666,0.0009756456094643891,0.0010349110524153738,0.13898993029526577
244.58333333333334,0.0010178269359040393,0.001061342376918617,0.13906551165532197
244.625,0.0010490910512176391,0.0010741730183773564,0.13914840530895758
244.66666666666666,0.00106785735641289,0.001072655852138025,0.13923326719829074
244.70833333333334,0.0010727718545477502,0.0010568169869122409,0.13931462638659156
244.75,0.0010635168538886974,0.001027487722069472,0.13938719011881806
244.79166666666666,0.0010390808805720933,0.0009853440782951802,0.13944600235098156
244.83333333333334,0.0009996042360045077,0.0009325583449481064,0.13948654188412454
244.875,0.0009480031963003445,0.0008735461100263908,0.13950562019412785
244.91666666666666,0.0008892775199553096,0.0008127459377090944,0.13950178868928553
244.95833333333334,0.0008276696971545885,0.0007542706623765065,0.13947520090551976
245.0,0.0007673153106615038,0.0007022738069485179,0.1394275834589619
245.04166666666666,0.0007122504035701037,0.0006604661123740808,0.13936216372290927
245.08333333333334,0.0006667197044980866,0.0006319917248983748,0.1392834743336088
245.125,0.0006337953694897976,0.0006190090873548237,0.1391970465802185
245.16666666666666,0.000616235984191733,0.000622539874657236,0.1391090132823743
245.20833333333334,0.0006154237035634989,0.0006423596574994039,0.13902564132351614
245.25,0.0006314072741295903,0.0006769778861660028,0.1389528579364763
245.29166666666666,0.0006623123408231484,0.000723076057360808,0.1388957056299972
245.33333333333334,0.0007047166140317513,0.0007767482666680812,0.13885772509761973
245.375,0.0007552950858949052,0.0008346443399340503,0.13884111223379955
245.41666666666666,0.0008112986699974538,0.0008930853876291077,0.138846736361052
245.45833333333334,0.0008692279545731428,0.0009481677453676205,0.1388740103003621
245.5,0.0009251074126022194,0.000996426273704349,0.13892093406728376
245.54166666666666,0.0009756460555648785,0.00103489527458522,0.13898429081111274
245.58333333333334,0.0010177545747779295,0.0010613260574367793,0.13905987635683542
245.625,0.001049098051406573,0.0010741605603410132,0.13914277699879007
245.66666666666666,0.001067808002791837,0.0010726486096280297,0.13922764737259236
245.70833333333334,0.0010727753455768737,0.0010568079201644827,0.13930901751550717
245.75,0.0010634775764615176,0.0010274681480541598,0.13938158585951033
245.79166666666666,0.0010390451390352143,0.0009853211653072331,0.1394404050141452
245.83333333333334,0.0009995704605972005,0.0009325384082417673,0.13948094295282643
245.875,0.0009479707430852357,0.0008735432120003809,0.13950003186126336
245.91666666666666,0.0008892956983915625,0.0008127467890539313,0.1394962132778104
245.95833333333334,0.0008276375780028201,0.0007542713686204593,0.13946963711011517
246.0,0.0007673477762765113,0.000702271372653806,0.13942203218147647
246.04166666666666,0.0007122514127363198,0.0006604708848329948,0.1393566237547243
246.08333333333334,0.000666679232649943,0.0006319888875700721,0.13927794732856813
246.125,0.0006338394361337458,0.0006190093094845202,0.1391915326781959
246.16666666666666,0.0006162256791944303,0.0006225416508910439,0.1391035119268181
246.20833333333334,0.0006154099018162019,0.0006423596682059037,0.13902015409123145
246.25,0.0006314056751970156,0.0006769609097232698,0.13894738049776562
246.29166666666666,0.0006622747465952506,0.000723055605468257,0.13889022957162986
246.33333333333334,0.0007046744693122812,0.0007767348244059563,0.13885225705933807
246.375,0.0007552722780574373,0.0008346381301460841,0.138835657526201
246.41666666666666,0.000811300669840355,0.0008930748240600779,0.138841293684799
246.45833333333334,0.000869177155348258,0.0009481494877045478,0.13886857637107033
246.5,0.0009251011443753745,0.000996409215767693,0.1389155077458473
246.54166666666666,0.0009755693882039108,0.0010348727845363947,0.1389788714724217
246.58333333333334,0.001017753921729749,0.0010613050867784145,0.13905446355529139
246.625,0.0010490209943075763,0.0010741391551935848,0.13913736911266336
246.66666666666666,0.0010678003409948622,0.0010726297252609174,0.13922224505634131
246.70833333333334,0.0010727285813619417,0.001056798968096405,0.13930362167976476
246.75,0.0010635137886277673,0.0010274973234619983,0.13937620888060323
246.79166666666666,0.0010391060440434515,0.0009853636841601315,0.13943505393676608
246.83333333333334,0.0009996284599744255,0.0009325562582121175,0.139475625436832
246.875,0.0009480150329604601,0.0008735359828597855,0.13949473332154472
246.91666666666666,0.0008892159750780404,0.0008127444655486148,0.1394909254913251
246.95833333333334,0.0008277285982939811,0.0007542727878601053,0.1394643648086892
247.0,0.0007672517354709126,0.0007022711277743192,0.13941677198723343
247.04166666666666,0.000712309796626495,0.0006604636851918389,0.13935137938889278
247.08333333333334,0.0006666854611356556,0.0006319927080062286,0.1392727141264039
247.125,0.0006337771577090192,0.0006190023002154135,0.13918631141859616
247.16666666666666,0.0006162651686075534,0.0006225394230475427,0.1390983017225317
247.20833333333334,0.0006153872939774493,0.0006423565058831123,0.13901495290582527
247.25,0.0006314190575747204,0.0006769774320478859,0.1389421953836952
247.29166666666666,0.0006623363932412716,0.0007230833666226688,0.1388850756659316
247.33333333333334,0.0007047077295221898,0.0007767366892189013,0.13884711863011914
247.375,0.000755261331601612,0.0008346240295653354,0.13883052385620698
247.41666666666666,0.0008112508495561125,0.0008930651073878876,0.13883616622136788
247.45833333333334,0.0008691851820904684,0.0009481330446420536,0.13886345731460326
247.5,0.0009250408992509034,0.000996391659744939,0.1389103944043437
247.54166666666666,0.0009755433182382688,0.0010348511294890987,0.138973763897098
247.58333333333334,0.0010177122996998275,0.0010612858207390819,0.1390493605236602
247.625,0.001048973934512873,0.0010741195978661907,0.13913227127148967
247.66666666666666,0.0010677743067046366,0.0010726140965768172,0.13921715227618756
247.70833333333334,0.0010726970340103757,0.0010567859192366278,0.1392985338990433
247.75,0.0010634882463579818,0.0010274843857565902,0.13937112628978673
247.79166666666666,0.0010390836680916555,0.0009853469499622328,0.13942997778209615
247.83333333333334,0.0009996086980705,0.0009325569896615034,0.13947055253033908
247.875,0.000947988912836438,0.0008735435382196502,0.13948966862965292
247.91666666666666,0.0008892913259609868,0.000812743668793819,0.1394858728606945
247.95833333333334,0.0008276368056325192,0.0007542713997504075,0.13945932027956506
248.0,0.0007673456891489895,0.0007022705788541935,0.13941173965261489
248.04166666666666,0.0007122447975453284,0.0006604696002615716,0.13934635554338864
248.08333333333334,0.0006666828444204779,0.0006319881032177854,0.1392677025613014
248.125,0.0006338363946539629,0.0006190087515597953,0.13918131137197645
248.16666666666666,0.0006162212528059576,0.0006225402213397934,0.13909331401755926
248.20833333333334,0.000615411295067585,0.0006423584698959136,0.1390099792170678
248.25,0.0006314311148588131,0.0006769840188504152,0.13893723412164793
248.29166666666666,0.0006623237399229179,0.0007230798636178112,0.13888012573434458
248.33333333333334,0.000704701528415307,0.0007767327214907936,0.13884217935725238
248.375,0.0007552411858353323,0.0008346175996081659,0.13882559700799116
248.41666666666666,0.0008112658442360383,0.000893050924536834,0.13883124920204756
248.45833333333334,0.0008691011582393195,0.000948116781442767,0.13885854565874822
248.5,0.0009250651291361882,0.0009963713886649841,0.13890548853114937
248.54166666666666,0.0009754668864633187,0.0010348346064592566,0.1389688609218264
248.58333333333334,0.0010176874547596759,0.0010612613582754987,0.1390444631826562
248.625,0.0010489581328961173,0.0010741055968441487,0.13912737748620252
248.66666666666666,0.0010677171672194383,0.0010725975201233426,0.13921226390813057
248.70833333333334,0.0010726980691024462,0.0010567797106666192,0.13929365314597753
248.75,0.0010634339270880382,0.0010274562179488126,0.13936625336238775
248.79166666666666,0.001039072793931579,0.0009853446411276058,0.1394251102296018
248.83333333333334,0.0009995981354567335,0.0009325530650123115,0.13946569974944084
248.875,0.0009480106868646094,0.0008735380082973724,0.1394848291920867
248.91666666666666,0.0008892288877848527,0.0008127422685496882,0.1394810447344609
248.95833333333334,0.0008277146749474785,0.0007542722889697846,0.13945450696164435
249.0,0.0007672591206106702,0.0007022699738262195,0.13940693734037193
249.04166666666666,0.0007123044132063537,0.0006604630927817397,0.13934156752127602
249.08333333333334,0.0006666787014450592,0.000631990721517308,0.13926292538932222
249.125,0.000633780142765637,0.0006190010710037146,0.13917654489978304
249.16666666666666,0.0006162593645770963,0.0006225371877729403,0.1390885571147236
249.20833333333334,0.0006153854706368696,0.0006423556612048852,0.1390052305889259
249.25,0.0006314034996735016,0.0006769588047705086,0.13893249227188703
249.29166666666666,0.0006622989878139164,0.0007230698506745758,0.13887538251532883
249.33333333333334,0.0007046712524017119,0.0007767264064201553,0.13883744645677668
249.375,0.0007552478253813365,0.0008346122728099471,0.13882087286189357
249.41666666666666,0.0008112135551358611,0.0008930400851524968,0.1388265297377807
249.45833333333334,0.0008691345142393287,0.0009481027088541355,0.13885383218751635
249.5,0.0009249630889768889,0.000996354468834496,0.1389007783200012
249.54166666666666,0.0009754965367163755,0.0010348136704178045,0.13896415511563645
249.58333333333334,0.001017615818616945,0.0010612479095949293,0.13903975948884428
249.625,0.0010489257421037316,0.0010740852396090806,0.13912267846346066
249.66666666666666,0.0010677047556259763,0.0010725870589024743,0.1392075700112586
249.70833333333334,0.001072656944421477,0.0010567679198317682,0.1392889662969124
249.75,0.0010634255847128719,0.001027443496225871,0.13936157416482173
249.79166666666666,0.0010390211525115561,0.0009853309828494004,0.1394204343738678
249.83333333333334,0.0009995869792784758,0.0009325531229051843,0.13946103357393663
249.875,0.0009480266278596873,0.0008735379419362668,0.1394801786320974
249.91666666666666,0.0008891965870887093,0.000812739696798345,0.13947640653026827
249.95833333333334,0.0008277478763898529,0.0007542770890292911,0.1394498813776999
250.0,0.0007672194019760751,0.0007022629455982997,0.13940232425717494
250.04166666666666,0.0007123461089850059,0.0006604664195361742,0.13933696502625234
250.08333333333334,0.0006666273562837804,0.0006319856931152685,0.13925833386319827
250.125,0.0006338241558816794,0.0006190010077791979,0.13917196374871615
250.16666666666666,0.000616231137166802,0.0006225387126083696,0.1390839860996128
250.20833333333334,0.0006154011567316805,0.0006423556377277671,0.13900067096170454
250.25,0.0006314272786566093,0.0006769819748666182,0.13892794746867643
250.29166666666666,0.0006623133947372883,0.0007230751601889699,0.13887085979912372
250.33333333333334,0.0007046887294254107,0.0007767216185395952,0.13883293239008462
250.375,0.0007552187531665498,0.0008346000157914776,0.1388163656563361
250.41666666666666,0.0008112150374648555,0.0008930265331056393,0.13882203045364336
250.45833333333334,0.0008690590470615783,0.0009480852689525973,0.13884933766011914
250.5,0.0009249865256211827,0.0009963361961767114,0.1388962884841167
250.54166666666666,0.0009753988246145203,0.00103479479160917,0.13895966826903627
250.58333333333334,0.0010176136092086613,0.0010612239515038477,0.13903527708416077
250.625,0.00104887301146304,0.001074070286431248,0.1391181984092988
250.66666666666666,0.0010676609386626465,0.0010725683281154088,0.13920309425259442
250.70833333333334,0.0010726443606163631,0.0010567595627613768,0.13928449559681724
250.75,0.0010634031082902313,0.0010274394711894145,0.13935711088265954
250.79166666666666,0.0010390277997671521,0.000985330967050634,0.13941598089768972
250.83333333333334,0.0009995774701093466,0.0009325515574850806,0.13945658983192008
250.875,0.0009480248447385349,0.0008735373383663831,0.1394757442233582
250.91666666666666,0.000889197559817777,0.0008127398601665559,0.13947198291839977
250.95833333333334,0.0008277461390365196,0.0007542762909716796,0.13944546801931004
251.0,0.0007672201457926049,0.0007022631637954331,0.13939792056486724
251.04166666666666,0.0007123454616155712,0.0006604657742275952,0.1393325718054484
251.08333333333334,0.0006666294048733072,0.0006319862929250583,0.1392539501938597
251.125,0.0006338222708552818,0.0006190005799840686,0.1391675904942921
251.16666666666666,0.0006162322794662529,0.0006225383967951759,0.13907962286650946
251.20833333333334,0.0006153991503473794,0.0006423554635692166,0.1389963178944091
251.25,0.0006314249364455734,0.0006769785121167644,0.13892360439864565
251.29166666666666,0.0006623050772434041,0.0007230696555636405,0.138866524381421
251.33333333333334,0.0007046751279513712,0.0007767146470338142,0.13882860499161398
251.375,0.0007552059343336878,0.0008345909242464773,0.13881204501467567
251.41666666666666,0.0008111875837253844,0.0008930139090104067,0.13881771507452495
251.45833333333334,0.000869042563504986,0.0009480698343980436,0.13884502670949275
251.5,0.0009249400922434223,0.0009963180671081115,0.1388919807275266
251.54166666666666,0.000975376908954116,0.0010347747580717504,0.1389553634089171
251.58333333333334,0.0010175718952077618,0.001061207671020936,0.13903097334015807
251.625,0.0010488366915452432,0.0010740514382107358,0.13911389857948483
251.66666666666666,0.0010676455503785464,0.0010725566522647345,0.13919879825963802
251.70833333333334,0.0010726105608377065,0.0010567497722224106,0.13928020548308573
251.75,0.001063392329208136,0.0010274299094340672,0.1393528275640657
251.79166666666666,0.0010390242897077052,0.0009853335162886205,0.139411707275644
251.83333333333334,0.0009995877758183628,0.0009325534418072531,0.139452329599987
251.875,0.0009480292269610661,0.0008735358189268959,0.13947149425891003
251.91666666666666,0.000889190578787736,0.0008127391189060199,0.13946774119278757
251.95833333333334,0.0008277522499122532,0.0007542765998177175,0.13944123698336502
252.0,0.0007672175579614516,0.0007022632018746913,0.1393936974161833
252.04166666666666,0.0007123476533775551,0.0006604660014159997,0.1393283591348531
252.08333333333334,0.0006666260334896716,0.0006319865195115791,0.1392497467579363
252.125,0.0006338202269341354,0.0006190017582337008,0.13916339653607412
252.16666666666666,0.0006162320825566764,0.0006225379590441124,0.13907543896455302
252.20833333333334,0.0006153958988345193,0.0006423561492057165,0.13899214426888712
252.25,0.0006314148065535202,0.0006769651290583029,0.1389194393144569
252.29166666666666,0.0006622875141161752,0.0007230648394280587,0.13886236316060538
252.33333333333334,0.0007046614501169851,0.0007767126752511216,0.1388244527368998
252.375,0.0007552075867784415,0.0008345867317204682,0.1388079015822791
252.41666666666666,0.0008111604527585385,0.0008930022396711914,0.13881357768350086
252.45833333333334,0.0008690336283635478,0.0009480541570968288,0.1388408936897005
252.5,0.0009248786419702223,0.0009962998354252027,0.13888784955814473
252.54166666666666,0.0009753663663845453,0.0010347544353062825,0.13895123445084193
252.58333333333334,0.0010175194833627879,0.0010611883599658926,0.13902684739350948
252.625,0.0010488044188829084,0.0010740329133166672,0.13910977445620765
252.66666666666666,0.001067616561745903,0.0010725448617832638,0.13919467778505737
252.70833333333334,0.0010725851660745276,0.001056738585028978,0.13927608996710206
252.75,0.0010634027919399793,0.001027444115195735,0.13934872114374444
252.79166666666666,0.0010390405043349878,0.0009853391015437417,0.13940761549748754
252.83333333333334,0.0009995929756065466,0.0009325499260038365,0.13944824186619956
252.875,0.0009480022457614729,0.0008735378201047774,0.13946741005705457
252.91666666666666,0.000889242037662341,0.0008127417471221593,0.13946366540439423
252.95833333333334,0.0008276901704659823,0.0007542701798823,0.13943716644165663
253.0,0.0007672754882444417,0.0007022693802037445,0.13938963801809173
253.04166666666666,0.000712280535189296,0.0006604617583351285,0.13932430696895962
253.08333333333334,0.0006666952163606117,0.0006319895263049371,0.13924570446024723
253.125,0.0006337750669108332,0.0006190022858206446,0.13915936328633877
253.16666666666666,0.0006162566463355557,0.0006225359071567335,0.13907141550238494
253.20833333333334,0.0006154005212196666,0.0006423591549742819,0.1389881304347473
253.25,0.0006314014207919988,0.0006769687269996223,0.1389154388729684
253.29166666666666,0.0006623126776267228,0.0007230623830694464,0.13885837314907268
253.33333333333334,0.0007046642159970996,0.0007767095074659415,0.1388204703191641
253.375,0.0007551762324414048,0.0008345791990023588,0.13880392866040178
253.41666666666666,0.0008111633370631535,0.0008929875937528478,0.1388096108477552
253.45833333333334,0.0008689695674459825,0.0009480385514807422,0.13883692984535767
253.5,0.0009248894981130405,0.0009962795611652112,0.13888389016360195
253.54166666666666,0.0009752945010798441,0.0010347364814854408,0.1389472756338279
253.58333333333334,0.001017499229280413,0.0010611675668880602,0.13902288996185214
253.625,0.0010487658697134223,0.0010740177325650028,0.13910581932033503
253.66666666666666,0.0010675855507360258,0.0010725309722291287,0.1391907259400994
253.70833333333334,0.0010725687518590146,0.0010567305898640223,0.13927214354798745
253.75,0.001063377659743794,0.0010274291968456648,0.13934478243550602
253.79166666666666,0.001039024614970646,0.0009853301986039664,0.13940368044349294
253.83333333333334,0.0009995762794598776,0.0009325493141655911,0.13944431132403837
253.875,0.0009480044970853512,0.0008735390909953442,0.13946349303979388
253.91666666666666,0.0008892326226951559,0.0008127413727182637,0.13945975943315814
253.95833333333334,0.0008277112435845416,0.0007542704600461468,0.13943327165293434
254.0,0.000767253440743378,0.0007022677309935503,0.13938575115362445
254.04166666666666,0.000712304767659925,0.0006604615161807966,0.13932043000023545
254.08333333333334,0.0006666697969890675,0.0006319887380582416,0.13924183641349364
254.125,0.0006337813844139503,0.0006190002144385208,0.139155504066678
254.16666666666666,0.000616255368208618,0.0006225365733283246,0.13906756483524813
254.20833333333334,0.0006153871373879172,0.0006423564535934117,0.13898428769028295
254.25,0.0006314122643352165,0.0006769658681661138,0.138911603251025
254.29166666666666,0.0006623047024822611,0.0007230635509656118,0.13885454574620323
254.33333333333334,0.0007046466676433942,0.0007767041712665963,0.13881665126391726
254.375,0.0007551665620312706,0.0008345697269103397,0.1388001161984054
254.41666666666666,0.000811142715273938,0.000892975778781229,0.13880580381815794
254.45833333333334,0.0008689463793072073,0.0009480218204066784,0.13883312663073477
254.5,0.000924847249145964,0.0009962617003509559,0.13888008830539597
254.54166666666666,0.0009752576207553374,0.0010347157046850083,0.13894347581050867
254.58333333333334,0.0010174614147049825,0.0010611475671339742,0.1390190918100465
254.625,0.0010487252333626722,0.001073999230456386,0.1391020226379406
254.66666666666666,0.0010675546705732823,0.001072515644148575,0.13918693170345464
254.70833333333334,0.0010725431888552633,0.0010567194190009845,0.139268352715109
254.75,0.0010633718769998716,0.0010274316789428998,0.1393409979116974
254.79166666666666,0.0010390306126932456,0.0009853347740537343,0.13939990674712863
254.83333333333334,0.000999584930502331,0.0009325485898550025,0.13944055021395846
254.875,0.0009479996219363859,0.0008735368672943183,0.1394597358063877
254.91666666666666,0.0008892407889444007,0.0008127408586482063,0.139456008585015
254.95833333333334,0.0008276918751381246,0.0007542695745620658,0.13942952783894683
255.0,0.0007672701203340273,0.000702268458043948,0.13938201686720705
255.04166666666666,0.0007122823665244237,0.0006604610660322746,0.1393167031448629
255.08333333333334,0.0006666904108944006,0.0006319891058899916,0.1392381178949366
255.125,0.0006337737250884979,0.0006190005037820759,0.13915179453353327
255.16666666666666,0.0006162561049746666,0.0006225355340725208,0.139063863831615
255.20833333333334,0.0006153945778355364,0.0006423577439842509,0.13898059571100396
255.25,0.0006314108288509876,0.0006769763161556927,0.13890792194532628
255.29166666666666,0.000662316389214564,0.0007230622321012034,0.13885087658645906
255.33333333333334,0.0007046508997880866,0.0007766953352945032,0.13881298861558938
255.375,0.0007551444794755421,0.0008345559060009293,0.1387964544518195
255.41666666666666,0.0008111022323892579,0.0008929628188740081,0.1388021440678769
255.45833333333334,0.0008689401275441581,0.0009480065150650602,0.13882946938100693
255.5,0.0009247937063591407,0.000996243642787725,0.13887643274606087
255.54166666666666,0.0009752465419788173,0.001034696067980934,0.13893982113484088
255.58333333333334,0.0010174072356865206,0.0010611302645073088,0.13901543742394418
255.625,0.0010486993399979804,0.0010739809048390069,0.13909836999094788
255.66666666666666,0.0010675184940930817,0.0010725004059962517,0.13918328148599654
255.70833333333334,0.0010725172073650564,0.0010567080191703588,0.13926470599165283
255.75,0.0010633765923951158,0.0010274448542039502,0.1393373558830145
255.79166666666666,0.0010390341573092018,0.0009853360000669222,0.1393962761507914
255.83333333333334,0.0009995975337136816,0.0009325537733432467,0.13943692767443688
255.875,0.0009479888408358149,0.0008735404756446765,0.13945612035567292
255.91666666666666,0.0008892779580706956,0.0008127412032659985,0.1394524017634725
255.95833333333334,0.000827640694081236,0.0007542676975177339,0.13942592609749985
256.0,0.0007673329748982076,0.000702268945369486,0.13937842150542815
256.0416666666667,0.0007122382394200059,0.0006604663233903735,0.13931311357247303
256.0833333333333,0.0006666880754917904,0.00063198660170281,0.13923453687320697
256.125,0.0006338251606578913,0.0006190070549008134,0.13914822189978415
256.1666666666667,0.0006162172719675888,0.0006225379873974044,0.1390603007120751
256.2083333333333,0.0006154134464963256,0.000642356434066938,0.13897704151455575
256.25,0.0006314064717851292,0.000676965830028438,0.13890437004560918
256.2916666666667,0.0006622650517758512,0.0007230452074231633,0.13884732275716208
256.3333333333333,0.0007046229550904358,0.0007766869987992255,0.1388094383922945
256.375,0.000755144647950488,0.0008345489019105942,0.1387929078742544
256.4166666666667,0.0008110605359864369,0.0008929513391695474,0.13879859950494688
256.4583333333333,0.0008689460079014253,0.0009479922866031527,0.1388259277674585
256.5,0.0009247218483501989,0.0009962239257373417,0.13887289195722713
256.5416666666667,0.0009752543158526492,0.0010346775839987327,0.1389362810741672
256.5833333333333,0.001017332317666773,0.0010611101137943239,0.1390118981964425
256.625,0.0010486950828038698,0.001073963462004524,0.13909483151867424
256.6666666666667,0.0010674659006347782,0.0010724893629252253,0.13917974530018293
256.7083333333333,0.0010725193146608949,0.0010567021319017572,0.13926117580050468
256.75,0.0010633442789144284,0.0010274310464780995,0.13933383116910222
256.7916666666667,0.0010390020879187801,0.0009853129141777525,0.13939275503967824
256.8333333333333,0.0009995613249640283,0.0009325345138490143,0.13943340147115774
256.875,0.0009479594406674605,0.0008735387118352133,0.13945259907199814
256.9166666666667,0.000889295377082783,0.0008127423944588771,0.1394488886593085
256.9583333333333,0.0008276149233547684,0.0007542684978398115,0.13942241980911815
257.0,0.0007673491849718173,0.000702266204578843,0.1393749228564503
257.0416666666667,0.000712258074028141,0.0006604696073508287,0.13930962278540404
257.0833333333333,0.000666644887663898,0.0006319861167641956,0.13923105370794692
257.125,0.0006338381043480229,0.0006190055781125491,0.13914474690359746
257.1666666666667,0.0006162422207426486,0.0006225406710989961,0.13905683397138757
257.2083333333333,0.0006153912279757461,0.0006423564830877466,0.13897358324998288
257.25,0.0006314128038246324,0.0006769634809393593,0.1389009186644852
257.2916666666667,0.0006622695395934907,0.000723042348135659,0.13884387736670117
257.3333333333333,0.0007046077559035963,0.0007766817914054746,0.13880600003091748
257.375,0.0007551297587966348,0.0008345397638891227,0.13878947453897789
257.4166666666667,0.0008110398583680204,0.0008929388949522912,0.13879516989192622
257.4583333333333,0.0008689183256558928,0.000947976079435483,0.13882250121224599
257.5,0.0009246813871830377,0.0009962051726286059,0.13886946557969462
257.5416666666667,0.0009752182756051238,0.001034657440589097,0.1389328561997964
257.5833333333333,0.0010172868905684313,0.00106109080479237,0.13900847292889681
257.625,0.0010486585487226084,0.0010739450931364768,0.13909140768429237
257.6666666666667,0.001067433985904854,0.001072473893392212,0.13917632298632815
257.7083333333333,0.0010724940100777418,0.0010566911987743232,0.13925775632593568
257.75,0.001063336542840678,0.0010274329039096277,0.13933041749962474
257.7916666666667,0.0010390084700572363,0.0009853181892849135,0.13938935155675708
257.8333333333333,0.0009995697121312009,0.0009325363120521174,0.13943000699390476
257.875,0.0009479576070958413,0.0008735380864832603,0.1394492124225788
257.9166666666667,0.000889300541240216,0.0008127418874381841,0.13944550935965852
257.9583333333333,0.0008276028485734768,0.0007542689533420677,0.13941904731302476
258.0,0.000767351516399275,0.0007022646343898553,0.13937155829062148
258.0416666666667,0.0007122849608754712,0.0006604710174031802,0.13930626515961791
258.0833333333333,0.0006666228356725761,0.0006319870464504946,0.13922770372124588
258.125,0.00063382400504405,0.0006190044328853201,0.1391414047594832
258.1666666666667,0.0006162635347475449,0.0006225411861537954,0.1390534998348081
258.2083333333333,0.0006153866831477117,0.0006423563633556333,0.13897025649958428
258.25,0.0006314068478388627,0.0006769648687594757,0.13889760103775325
258.2916666666667,0.000662286623141246,0.0007230533082265196,0.1388405686740896
258.3333333333333,0.000704632879326103,0.0007766916776229227,0.13880270226543853
258.375,0.0007551234906987004,0.0008345370361921551,0.13878619067782014
258.4166666666667,0.0008110561267142587,0.0008929233649923993,0.13879189324827773
258.4583333333333,0.0008688410202294443,0.0009479582573586931,0.13881922430988472
258.5,0.0009247017317521504,0.0009961875318609944,0.13886619088098023
258.5416666666667,0.0009751205816958991,0.001034636082946528,0.13892958170270048
258.5833333333333,0.0010172964616233793,0.0010610710109495989,0.13900519825078472
258.625,0.0010485865091029846,0.0010739272797931855,0.13908813323256766
258.6666666666667,0.001067426295099178,0.001072456226870224,0.13917304987375467
258.7083333333333,0.0010724446311578086,0.0010566788597561904,0.1392544843648211
258.75,0.0010633088396104146,0.0010274068202184058,0.139327147634057
258.7916666666667,0.0010389744266416311,0.0009853137301075036,0.13938607781472354
258.8333333333333,0.0009995705820105554,0.0009325444064846628,0.13942675618241474
258.875,0.000948010803005807,0.0008735293403753078,0.1394459774676479
258.9166666666667,0.0008891821630462281,0.0008127363552359157,0.13944228173345988
258.9583333333333,0.0008277424724724956,0.0007542735544544193,0.13941583435159988
259.0,0.0007672102254603088,0.0007022598825638854,0.13936835567966302
259.0416666666667,0.0007123399033443973,0.0006604636361967596,0.13930307370295528
259.0833333333333,0.0006666239404712867,0.0006319841824382407,0.13922451969643004
259.125,0.0006338170811486606,0.0006189986352587196,0.13913822750039403
259.1666666666667,0.000616229104335526,0.0006225359607371273,0.13905032728738773
259.2083333333333,0.0006153925815149024,0.0006423534084790133,0.13896708932909205
259.25,0.0006314125589579761,0.0006769685502474091,0.13889444221890876
259.2916666666667,0.0006622802020769262,0.0007230483360784654,0.138837425302865
259.3333333333333,0.0007046191631516722,0.0007766823646452061,0.13879956261239912
259.375,0.0007551018169281131,0.0008345256777812922,0.13878305133682112
259.4166666666667,0.0008110409649087753,0.000892910769619368,0.13878875677408734
259.4583333333333,0.0008687962756673992,0.0009479424695598839,0.13881609065413203
259.5,0.0009246863296961281,0.0009961664171071055,0.13886305919371145
259.5416666666667,0.0009750704798624625,0.0010346175058677668,0.13892644803505216
259.5833333333333,0.0010172611740060487,0.0010610489419752443,0.13900206502789816
259.625,0.0010485487879130125,0.0010739116697140887,0.1390849993841741
259.6666666666667,0.001067396348465764,0.001072443411670909,0.1391699175469096
259.7083333333333,0.0010724257066107236,0.0010566706693171883,0.1392513554366462
259.75,0.0010632756503853795,0.001027386485482074,0.13932402271815664
259.7916666666667,0.0010389521076157766,0.0009853001309732795,0.13938295614131452
259.8333333333333,0.000999517415492884,0.0009325266540755275,0.13942362316527124
259.875,0.0009479775604028274,0.0008735361276311801,0.13944284356960676
259.9166666666667,0.0008892310953435859,0.0008127441160236919,0.1394391567009661
259.9583333333333,0.0008277145876822182,0.0007542658353220131,0.13941271408971873
260.0,0.0007672479615437958,0.0007022690468943682,0.13936523832734038
260.0416666666667,0.0007122841589613709,0.0006604592928866088,0.13929996241696374
260.0833333333333,0.0006667026309016256,0.0006319907134760727,0.13922141515725617
260.125,0.000633760834451699,0.0006190024987622948,0.1391351298653638
260.1666666666667,0.0006162560050793765,0.000622536662396304,0.13904723895559262
260.2083333333333,0.0006154085267281877,0.0006423576119266037,0.13896400994042435
260.25,0.0006313941037251484,0.0006769682797155194,0.13889136911601563
260.2916666666667,0.000662291249299676,0.0007230531470413062,0.13883435816970763
260.3333333333333,0.0007046323720028325,0.0007766778175471545,0.13879650377518907
260.375,0.0007550872102691414,0.0008345174721040253,0.1387799995741525
260.4166666666667,0.0008110247329763607,0.0008928987300171415,0.13878570954790798
260.4583333333333,0.0008687534731649491,0.0009479246513275637,0.1388130457845185
260.5,0.0009246704786107226,0.0009961465339047289,0.13886001551563934
260.5416666666667,0.000975018572935166,0.0010345973501770238,0.13892340550398596
260.5833333333333,0.0010172196692383307,0.0010610256772838266,0.13899902164786965
260.625,0.00104852969651347,0.0010738933903724289,0.13908195602745357
260.6666666666667,0.0010673324829791415,0.0010724233210630228,0.1391668740168237
260.7083333333333,0.001072420126680233,0.0010566583023547587,0.13924831217917943
260.75,0.0010632892494374395,0.0010274231688717674,0.13932098396600448
260.7916666666667,0.001038998965279826,0.0009853082747180502,0.1393799413028684
260.8333333333333,0.0009995763104170172,0.000932533506345205,0.13942061735936181
260.875,0.0009479439440209774,0.0008735336853852046,0.1394398461395455
260.9166666666667,0.000889296622403331,0.0008127400373910817,0.13943616343593226
260.9583333333333,0.0008276013036454207,0.0007542675440727068,0.13940972373334393
261.0,0.0007673445077902875,0.0007022633859674192,0.1393622555726624
261.0416666666667,0.0007122805516185757,0.0006604695029810317,0.13929698402845475
261.0833333333333,0.0006666248648105745,0.0006319857954176282,0.13921844368598738
261.125,0.0006338222160607263,0.0006190034683032037,0.1391321657702963
261.1666666666667,0.0006162581202650779,0.0006225398533379492,0.13904428179238235
261.2083333333333,0.0006153890579667424,0.000642357081827367,0.13896106030250757
261.25,0.0006314000357212677,0.0006769576386279211,0.13888842364551268
261.2916666666667,0.0006622600781004214,0.0007230322949624888,0.1388314074867537
261.3333333333333,0.000704588850645825,0.0007766660326394763,0.1387935544633247
261.375,0.0007550682368708036,0.0008345086544195208,0.13877705321830391
261.4166666666667,0.0008109945484500097,0.0008928855171374049,0.13878276459566108
261.4583333333333,0.0008687477546741872,0.0009479091316963375,0.13881010155780374
261.5,0.0009246076149021378,0.0009961297269377091,0.1388570698228867
261.5416666666667,0.0009750002172021172,0.0010345759847339361,0.13892045809232004
261.5833333333333,0.001017182340956064,0.0010610094316050043,0.13899607413013973
261.625,0.001048471983861294,0.0010738741566149205,0.13907900768368703
261.6666666666667,0.0010673371701305592,0.0010724158609294071,0.13916392710667813
261.7083333333333,0.0010723760134097474,0.001056650996556775,0.13924537006162888
261.75,0.0010632583667229722,0.0010273831936635335,0.1393180470838407
261.7916666666667,0.0010389508769811035,0.0009853128738491277,0.13937699393220152
261.8333333333333,0.0009995629894777173,0.0009325468840028444,0.13941769005730945
261.875,0.0009480197999107557,0.0008735324434038452,0.1394369337803683
261.9166666666667,0.0008891831565046902,0.0008127347395018873,0.13943325972311466
261.9583333333333,0.0008277397252642513,0.0007542725013024885,0.13940683278330068
262.0,0.0007672101277904789,0.0007022590985753718,0.13935937355536696
262.0416666666667,0.000712338705912506,0.000660462429530799,0.13929411261102595
262.0833333333333,0.0006666222119659499,0.000631982984279649,0.13921557903136164
262.125,0.0006338160325332421,0.0006189974069760789,0.13912930715341804
262.1666666666667,0.0006162259298339689,0.0006225351995436528,0.13904142718962192
262.2083333333333,0.0006153928069333594,0.0006423521808744912,0.138958209680445
262.25,0.0006314180155294093,0.0006769745806592243,0.13888558336118415
262.2916666666667,0.0006622828776413013,0.0007230518884919489,0.13882858828374012
262.3333333333333,0.0007046060011741349,0.000776662178475531,0.13879074411470485
262.375,0.0007550595482341046,0.0008344945728073004,0.13877424395846064
262.4166666666667,0.0008109576645387882,0.0008928740472201088,0.1387799569388859
262.4583333333333,0.0008687317185996921,0.0009478916249936309,0.1388072956315935
262.5,0.0009245673331537118,0.0009961117331052623,0.1388542638359401
262.5416666666667,0.0009749595212542527,0.0010345544368856872,0.13891765258692507
262.5833333333333,0.0010171458863641337,0.0010609899220045819,0.1389932666142863
262.625,0.0010484323535653118,0.0010738548413985617,0.13907620007028404
262.6666666666667,0.00106729795816238,0.0010723963203847992,0.13916111906983725
262.7083333333333,0.001072349632366048,0.0010566386136585696,0.13924256188578782
262.75,0.0010632396356514357,0.0010273788047638144,0.13931523986904043
262.7916666666667,0.0010389643614217743,0.0009853134760069988,0.13937419494580758
262.8333333333333,0.0009995647786159435,0.000932543866215854,0.1394148974529297
262.875,0.0009480013605885196,0.0008735316231605506,0.13943414181231112
262.9166666666667,0.0008892124353641943,0.000812736233269636,0.13943047246262877
262.9583333333333,0.0008277115573392535,0.0007542679786885414,0.1394040512901455
263.0,0.0007672327548774816,0.0007022634923338743,0.13935659806551964
263.0416666666667,0.0007123085607657546,0.0006604590735206655,0.13929134248286928
263.0833333333333,0.0006666543536272356,0.0006319860613594672,0.1392128153274616
263.125,0.0006337832646288943,0.0006189961081743945,0.13912654985163775
263.1666666666667,0.000616248473813579,0.0006225346994784643,0.1390386764759192
263.2083333333333,0.0006153784714975668,0.0006423535221873662,0.13895546535896375
263.25,0.000631428848402952,0.00067698253155243,0.13888284915023663
263.2916666666667,0.0006623122509230137,0.0007230580463400217,0.1388258648005849
263.3333333333333,0.0007046108064351668,0.0007766623183647878,0.1387880273433283
263.375,0.0007550366621715123,0.0008344869685632725,0.13877153284737395
263.4166666666667,0.0008109551545639437,0.0008928608898977599,0.13877724935211974
263.4583333333333,0.0008686787409243875,0.0009478749252067939,0.13880458876276808
263.5,0.0009245599848003328,0.000996090758110187,0.13885155752212303
263.5416666666667,0.0009749028078269776,0.0010345355254721656,0.13891494449874983
263.5833333333333,0.0010171054121961161,0.0010609656778366656,0.1389905581395322
263.625,0.0010484114843051175,0.0010738385071140217,0.13907348991920118
263.6666666666667,0.0010672445414723168,0.0010723799870788206,0.13915840878736968
263.7083333333333,0.0010723439247625184,0.0010566283318178223,0.13923985256461904
263.75,0.0010632345605709143,0.0010273936351583388,0.13931253563729623
263.7916666666667,0.0010390003367889242,0.0009853292124695444,0.13937150441808183
263.8333333333333,0.0009995841391492026,0.000932545201622593,0.1394122154137614
263.875,0.0009479961723676265,0.0008735285919759775,0.13943146726427993
263.9166666666667,0.0008892036487443738,0.000812737296162982,0.139427803528819
263.9583333333333,0.0008277152733036144,0.0007542667394544838,0.13940138696737128
264.0,0.000767234600993408,0.0007022647091487345,0.13935393867645277
264.0416666666667,0.0007123026751898036,0.0006604581531230892,0.13928868967585276
264.0833333333333,0.0006666712253546745,0.000631987439469291,0.13921016777059952
264.125,0.0006337693603430308,0.0006189975005857177,0.1391239082661919
264.1666666666667,0.0006162550028575034,0.0006225342220264899,0.13903604153971538
264.2083333333333,0.0006153768851293038,0.0006423513889852499,0.13895283539209452
264.25,0.0006313972260486181,0.0006769577580108087,0.13888021820088697
264.2916666666667,0.0006622707825133313,0.0007230357547935969,0.13882322932795824
264.3333333333333,0.0007045894185237451,0.0007766574105257495,0.13878539301276516
264.375,0.0007550313750245317,0.0008344818724950866,0.1387689015343515
264.4166666666667,0.0008109305525352546,0.0008928462234734772,0.13877461885702772
264.4583333333333,0.0008686655096259349,0.0009478610229980239,0.13880195670309303
264.5,0.0009245026428016624,0.0009960733177235789,0.1388489231776503
264.5416666666667,0.0009748877572458706,0.0010345157667401277,0.1389123088666086
264.5833333333333,0.0010170646288961474,0.0010609518872031077,0.13898791880168399
264.625,0.0010483671061346583,0.0010738210463941873,0.13907085023444296
264.6666666666667,0.0010672393582880416,0.0010723727143752404,0.13915577019708983
264.7083333333333,0.0010723032539191504,0.0010566182743749681,0.13923721756375265
264.75,0.0010632076906837316,0.001027356224071856,0.13930989886544065
264.7916666666667,0.0010389330532370102,0.0009853060513130912,0.1393688577927877
264.8333333333333,0.0009995282053246919,0.000932526792865362,0.13940956010246494
264.875,0.0009479845219577847,0.0008735337628714221,0.13942881145600056
264.9166666666667,0.00088921605622275,0.0008127426858975838,0.13942515577011577
264.9583333333333,0.0008277144470646058,0.0007542629103992943,0.13939874450622755
265.0,0.000767249471844171,0.0007022683334793707,0.13935129972632138
265.0416666666667,0.0007122651714901477,0.0006604575008139124,0.13928605483322848
265.0833333333333,0.0006667140983586747,0.0006319888668170442,0.13920753893871404
265.125,0.0006337690480737593,0.0006190038396867146,0.13912128521278003
265.1666666666667,0.0006162324130600322,0.0006225351368702771,0.13903342623042858
265.2083333333333,0.0006154183299409294,0.0006423560250540167,0.13895022910573915
265.25,0.0006313839048566553,0.000676960762094296,0.1388776181610728
265.2916666666667,0.0006622661056752459,0.0007230416240371987,0.13882063265762526
265.3333333333333,0.0007045878445373651,0.0007766534899933055,0.13878280178848842
265.375,0.0007550367291834417,0.0008344704117769037,0.13876631228962133
265.4166666666667,0.000810876905030874,0.0008928329333294794,0.13877202955926482
265.4583333333333,0.0008686751479112567,0.0009478465890528586,0.1387993677599137
265.5,0.000924423303788159,0.000996053967765264,0.1388463315638799
265.5416666666667,0.0009749057957863111,0.0010344983112269036,0.13890971461201443
265.5833333333333,0.0010169805209064887,0.0010609322761850363,0.1389853233970341
265.625,0.0010483676072939312,0.0010738029137897327,0.13906825434818545
265.6666666666667,0.001067179025961156,0.0010723571166662918,0.13915317370185315
265.7083333333333,0.0010723018042096623,0.0010566077019907212,0.13923462243745052
265.75,0.0010632198823491386,0.0010273925786700273,0.13930730936247346
265.7916666666667,0.0010389587844788007,0.0009853009180180701,0.13936629069834822
265.8333333333333,0.0009995589734754142,0.0009325304701207752,0.139406996180521
265.875,0.0009479416714146958,0.0008735306321037468,0.13942625577590417
265.9166666666667,0.0008892923859676625,0.0008127381089666593,0.13942260335537437
265.9583333333333,0.0008275956351716778,0.0007542652286255476,0.1393961941425601
266.0,0.0007673428533171007,0.000702261547266218,0.13934875668533328
266.0416666666667,0.0007122771718040158,0.000660467873459926,0.13928351555230709
266.0833333333333,0.0006666197021196412,0.0006319842333266278,0.13920500577415487
266.125,0.0006338172056201189,0.0006190018167722517,0.13911875842471028
266.1666666666667,0.000616257440240098,0.0006225382461503565,0.13903090500886806
266.2083333333333,0.0006153851991642886,0.0006423553607016215,0.13894771390062527
266.25,0.0006313984817706038,0.0006769589293046486,0.13887510833767078
266.2916666666667,0.0006622685045768458,0.0007230388190678287,0.1388181278148318
266.3333333333333,0.0007045758812023746,0.0007766481116052419,0.13878030110496292
266.375,0.0007550207063039947,0.000834461505935607,0.13876381480419106
266.4166666666667,0.0008108574623835737,0.000892819923839323,0.13876953378409532
266.4583333333333,0.0008686476532885493,0.0009478304884465638,0.13879687166667468
266.5,0.0009243886810039548,0.0009960348251203109,0.13884383486397878
266.5416666666667,0.0009748697649612947,0.0010344784221121858,0.13890721574494064
266.5833333333333,0.0010169383990564428,0.0010609128208972688,0.1389828223064641
266.625,0.0010483309228814669,0.0010737845328345616,0.13906575234515017
266.6666666666667,0.0010671462917344265,0.0010723416970847162,0.1391506710966579
266.7083333333333,0.0010722785252186527,0.0010565976829178731,0.13923212084793424
266.75,0.0010631698260830042,0.0010273586613215257,0.139304808667976
266.7916666666667,0.001038909949630576,0.0009852758913769018,0.1393637827327339
266.8333333333333,0.0009995265858346145,0.0009325251242842348,0.13940449126680934
266.875,0.0009479514786835852,0.0008735305874817487,0.13942375782454103
266.9166666666667,0.0008892548426424094,0.000812738561902266,0.1394201130180038
266.9583333333333,0.000827646970862229,0.0007542625565440885,0.13939371136466375
267.0,0.000767312394421706,0.0007022655778323228,0.13934627978618622
267.0416666666667,0.0007122308728079403,0.0006604608716859494,0.13928104540750091
267.0833333333333,0.0006666929153654305,0.0006319837322447139,0.13920254175094368
267.125,0.0006338013415840359,0.0006190028932502037,0.1391162996323851
267.1666666666667,0.000616214930248286,0.0006225333977865659,0.139028451097762
267.2083333333333,0.0006154106904981482,0.0006423528344508422,0.13894526398923007
267.25,0.0006313993019282853,0.0006769680837360528,0.13887266586538152
267.2916666666667,0.0006622607419024389,0.0007230376957646194,0.13881569225488408
267.3333333333333,0.0007045735242312409,0.0007766458050484053,0.13877787302656208
267.375,0.0007550002802494047,0.0008344563667544402,0.13876139401861334
267.4166666666667,0.0008108725776171192,0.0008928079288516631,0.1387671170725162
267.4583333333333,0.0008685665924602129,0.0009478108769847474,0.1387944569181372
267.5,0.000924412757049157,0.0009960151643281035,0.13884142157267945
267.5416666666667,0.0009747633012113178,0.0010344550257795778,0.13890480109195139
267.5833333333333,0.00101695079512967,0.001060888386870074,0.13898040754746888
267.625,0.001048250851285822,0.0010737663501580212,0.13906333366120932
267.6666666666667,0.0010671297060137765,0.0010723216133628995,0.1391482516531432
267.7083333333333,0.0010722358430384415,0.0010565871319106238,0.13922970055698725
267.75,0.0010632031654924416,0.001027387431775506,0.13930239713117848
267.7916666666667,0.0010389641699065492,0.0009852966664309322,0.13936138843108709
267.8333333333333,0.0009995548799568404,0.0009325274139395152,0.1394021041187765
267.875,0.0009479310859179205,0.0008735291734118754,0.13942137421419376
267.9166666666667,0.0008892855240484526,0.0008127368064719803,0.13941773282437178
267.9583333333333,0.0008275997220306292,0.0007542641099027138,0.1393913348492151
268.0,0.00076734189908471,0.0007022613002733366,0.13934390859263468
268.0416666666667,0.0007122664154630574,0.0006604664344029402,0.13927867836849397
268.0833333333333,0.0006666251610116905,0.0006319828789925962,0.13920017975547003
268.125,0.0006338272461898285,0.000619001129684806,0.1391139434053571
268.1666666666667,0.000616244325491757,0.0006225372217002059,0.13902610060116968
268.2083333333333,0.0006153818181483375,0.0006423536559945649,0.1389429201573262
268.25,0.00063140837128186,0.0006769670536844726,0.13887032715958575
268.2916666666667,0.0006622688066420394,0.0007230366399859135,0.13881335833694583
268.3333333333333,0.0007045706637568089,0.0007766415495671575,0.13877554329718628
268.375,0.0007549820612498136,0.0008344475896420348,0.1387590675184432
268.4166666666667,0.0008108502354512549,0.0008927949437868624,0.13876479191293659
268.4583333333333,0.0008685402672731694,0.000947794428295457,0.13879213150955344
268.5,0.0009243753942387196,0.0009959966184734876,0.13883909436901207
268.5416666666667,0.0009747250278182528,0.0010344345696274198,0.13890247212644263
268.5833333333333,0.0010169111880420705,0.0010608683144703267,0.13897807641626064
268.625,0.001048212411154613,0.0010737480103971938,0.13906100063497834
268.6666666666667,0.001067100040599642,0.0010723072685772574,0.13914591769621962
268.7083333333333,0.0010722108600677877,0.0010565766871394118,0.13922736708544753
268.75,0.0010631913346375883,0.0010273844223446021,0.13930006612018836
268.7916666666667,0.0010389634962383952,0.0009852980550728884,0.13935906359121586
268.8333333333333,0.0009995602026410032,0.0009325289959066671,0.13939978529738487
268.875,0.0009479307371438715,0.0008735291688042923,0.13941906069326176
268.9166666666667,0.0008892892262473104,0.0008127362241524832,0.13941542458421455
268.9583333333333,0.0008275925407610153,0.0007542640689282729,0.13938903147726106
269.0,0.0007673372478047791,0.0007022598629536824,0.13934160985270758
269.0416666666667,0.0007122784427777429,0.0006604667604772875,0.13927638514733362
269.0833333333333,0.000666616732860873,0.0006319835738132167,0.13919789129554339
269.125,0.000633812380692076,0.0006190004367954583,0.13911166014654794
269.1666666666667,0.0006162563294564846,0.000622536847107667,0.13902382273913844
269.2083333333333,0.00061538251369188,0.0006423538962465971,0.13894064742631995
269.25,0.00063140027962049,0.0006769630743397348,0.13886805852466622
269.2916666666667,0.0006622699533864071,0.0007230379130221993,0.13881109596355443
269.3333333333333,0.0007045643436594162,0.0007766349296386173,0.13877328341685127
269.375,0.000754978959102297,0.0008344349662393282,0.13875680600621756
269.4166666666667,0.0008107957751381159,0.0008927817727598895,0.1387625284616187
269.4583333333333,0.0008685535350482022,0.0009477801616593926,0.1387898675507923
269.5,0.0009242928702154748,0.000995978358906459,0.1388368263838
269.5416666666667,0.0009747381350422176,0.0010344155804719213,0.13890020275021406
269.5833333333333,0.001016832424659918,0.0010608531564846179,0.138975801901241
269.625,0.0010482151865577364,0.001073731698091001,0.13905872548495818
269.6666666666667,0.0010670569487881338,0.0010722998060049994,0.13914364236984675
269.7083333333333,0.0010722000089368156,0.0010565652104579538,0.139225094163916
269.75,0.0010631382940334947,0.0010273447199535123,0.13929778734811407
269.7916666666667,0.0010388965143319233,0.0009852801046913457,0.1393567733669402
269.8333333333333,0.0009995235713541788,0.0009325301836206685,0.1393974975199229
269.875,0.0009479567383161355,0.000873532474533348,0.13941678112995745
269.9166666666667,0.0008892679323192759,0.0008127355419359085,0.1394131520408039
269.9583333333333,0.0008276281376006102,0.000754262171963903,0.13938676583975085
270.0,0.0007673183489301521,0.0007022629047155968,0.13933935034423084
270.0416666666667,0.0007122302116564587,0.0006604607423786088,0.13927413133116057
270.0833333333333,0.0006666794841540497,0.0006319816979376534,0.13919564331184275
270.125,0.0006338090998443298,0.0006190018686997674,0.13910941666050872
270.1666666666667,0.0006162096060873528,0.0006225330778088939,0.1390215837045894
270.2083333333333,0.0006154059105260024,0.0006423517863224772,0.13893841260173517
270.25,0.0006314040335344435,0.0006769712495413274,0.1388658286647909
270.2916666666667,0.0006622613519638517,0.000723038020810275,0.1388088717277184
270.3333333333333,0.0007045599101513062,0.0007766303028309149,0.13877106427716432
270.375,0.0007549655275339571,0.0008344260978984551,0.13875458926182024
270.4166666666667,0.0008107795135411938,0.0008927689082106914,0.13876031335376648
270.4583333333333,0.0008685234282402967,0.0009477638466663053,0.13878765074263047
270.5,0.0009242656610274859,0.0009959591732989165,0.13883460937038095
270.5416666666667,0.0009747009112604548,0.0010343959952575058,0.13889798171066745
270.5833333333333,0.0010167953558114884,0.0010608332371979273,0.13897357897841237
270.625,0.0010481745525714877,0.0010737131623673667,0.13905650066181377
270.6666666666667,0.0010670273962327251,0.0010722838544444736,0.139141416297327
270.7083333333333,0.0010721756608933698,0.0010565544790798497,0.13922286843518356
270.75,0.0010630934376045697,0.0010273186326570844,0.13929556218809605
270.7916666666667,0.0010388904564007364,0.0009852903673990719,0.13935454549438162
270.8333333333333,0.0009995307812234958,0.0009325338317102237,0.1393952774428403
270.875,0.00094797469112639,0.0008735344396798065,0.13941456347944442
270.9166666666667,0.0008892569555690596,0.0008127350242148745,0.1394109388966939
270.9583333333333,0.0008276344607896967,0.0007542615922470159,0.13938455726724594
271.0,0.0007673151890815452,0.0007022630665957993,0.13933714635085945
271.0416666666667,0.0007122274352201887,0.0006604602642928177,0.13927193214662242
271.0833333333333,0.0006666804964167612,0.0006319815680872795,0.139193448912619
271.125,0.0006338120674408138,0.000619002082418097,0.1391072272340697
271.1666666666667,0.0006162089637891415,0.0006225338298451679,0.13901939945900066
271.2083333333333,0.0006154038269485695,0.0006423521014066551,0.1389362338397125
271.25,0.0006313992348868711,0.0006769640579901738,0.13886365457755034
271.2916666666667,0.0006622490029975804,0.0007230307513546367,0.13880669954341765
271.3333333333333,0.0007045453106672411,0.0007766268597236356,0.13876889632378078
271.375,0.0007549478419938675,0.0008344210523936683,0.13875242824703582
271.4166666666667,0.0008107866734146743,0.0008927565788853496,0.13875815558501586
271.4583333333333,0.0008684564398780293,0.0009477453710690968,0.13878549400618706
271.5,0.0009242692013357521,0.0009959401373170827,0.13883245177717463
271.5416666666667,0.000974613510045557,0.001034373876832931,0.13889582266896836
271.5833333333333,0.0010167931311991243,0.001060808834697101,0.1389714193852773
271.625,0.001048100682789109,0.0010736936534713685,0.13905433729218009
271.6666666666667,0.0010670084506644755,0.0010722639590864875,0.13913925106899444
271.7083333333333,0.0010721362808948018,0.0010565465608314728,0.13922070196845382
271.75,0.0010631341617880579,0.001027355008297095,0.13929340656921857
271.7916666666667,0.0010389461012328086,0.0009853171753751687,0.1393524104295514
271.8333333333333,0.0009995678039429142,0.0009325411835478145,0.13939315975313157
271.875,0.0009479811183303821,0.0008735279758397235,0.13941245235650712
271.9166666666667,0.0008892254798327845,0.0008127333110011781,0.13940883175991467
271.9583333333333,0.0008276707644617411,0.0007542617015635926,0.13938245674880326
272.0,0.0007672694516639556,0.0007022625551093615,0.13933505106816463
272.0416666666667,0.0007122584392742214,0.0006604555581041084,0.1392698440294475
272.0833333333333,0.0006666868095031419,0.000631982872271408,0.13919136598109302
272.125,0.0006337594012450314,0.0006189958158989753,0.13910514848801334
272.1666666666667,0.0006162398121861232,0.0006225306779206797,0.13901732432986785
272.2083333333333,0.0006153834991603758,0.0006423493393735535,0.13893416061779298
272.25,0.000631399817901761,0.0006769726601892648,0.13886158672583115
272.2916666666667,0.0006622827060957924,0.0007230433033822828,0.13880464613384455
272.3333333333333,0.0007045599678584626,0.0007766174646990807,0.13876684696862698
272.375,0.000754926149950052,0.0008344047093691354,0.13875037474944493
272.4166666666667,0.0008107263332778041,0.0008927472546078624,0.1387561010800242
272.4583333333333,0.0008684777398485409,0.0009477275399918042,0.13878344038721988
272.5,0.0009241986465875435,0.00099592306792991,0.1388303966215026
272.5416666666667,0.0009745877307879157,0.001034350166737502,0.1388937665996578
272.5833333333333,0.0010167569708399917,0.001060789945101165,0.13896935994417248
272.625,0.0010480533899917884,0.0010736726403143826,0.13905227581541404
272.6666666666667,0.0010669797546754992,0.001072247040559822,0.13913718735485725
272.7083333333333,0.0010721040691071327,0.0010565340930150757,0.13921863673518106
272.75,0.0010630930557730858,0.0010273281558018208,0.1392913394877203
272.7916666666667,0.0010389164703570152,0.0009853076486050492,0.13935034031119847
272.8333333333333,0.0009995526732000958,0.0009325409392003811,0.1393910947151089
272.875,0.0009479937371150941,0.0008735276834977538,0.1394103933822999
272.9166666666667,0.0008892088658273994,0.0008127314875292986,0.1394067768999163
272.9583333333333,0.0008276894695459739,0.0007542625440305471,0.13938040731404006
273.0,0.000767242885682997,0.0007022607281745463,0.13933300638291843
273.0416666666667,0.0007122876221259721,0.0006604544722947145,0.1392678053501181
273.0833333333333,0.0006666602684799858,0.0006319823583588244,0.13918933117034837
273.125,0.0006337671198847131,0.000618994216076137,0.13910311824799493
273.1666666666667,0.0006162440031885625,0.000622530273763286,0.13901529832363577
273.2083333333333,0.0006153758989392619,0.0006423502187566085,0.13893214021480862
273.25,0.0006313971978943847,0.0006769588918085092,0.13885957443416053
273.2916666666667,0.0006622676998143988,0.000723032254247893,0.1388026321681803
273.3333333333333,0.0007045282759486832,0.0007766130663848529,0.13876483563951347
273.375,0.0007549092628841437,0.0008344019731931023,0.13874837194791154
273.4166666666667,0.0008107427320723598,0.0008927322978301406,0.1387541012001146
273.4583333333333,0.0008684039297162935,0.0009477118482229306,0.13878143852461275
273.5,0.0009242053971607896,0.0009959021776315123,0.1388283935297729
273.5416666666667,0.0009745303906678652,0.0010343327756622172,0.13889175923905772
273.5833333333333,0.0010167226328492457,0.0010607693224144927,0.1389673493450872
273.625,0.0010480296584227642,0.0010736565980343537,0.1390502631325548
273.6666666666667,0.0010669459405323691,0.0010722351863040533,0.13913517328620734
273.7083333333333,0.0010720881437364517,0.0010565264948780026,0.13921662449307293
273.75,0.0010631061289675737,0.0010273441667192507,0.13928933377324343
273.7916666666667,0.001038916697855158,0.0009853029672580674,0.13934834047547245
273.8333333333333,0.000999557146301765,0.0009325437229236,0.13938909773502833
273.875,0.0009479746085921515,0.0008735320186263042,0.13940839699975974
273.9166666666667,0.0008892530111156941,0.0008127334088915344,0.13940478585780725
273.9583333333333,0.0008276393771908721,0.0007542587970380938,0.13937841828711403
274.0,0.0007673025513797053,0.0007022631165450135,0.139331021126626
274.0416666666667,0.0007122216261277029,0.0006604567979312284,0.13926582127664655
274.0833333333333,0.0006666982552025895,0.0006319814358445785,0.1391873518026694
274.125,0.0006337880783646009,0.0006190004929514285,0.13910114364825157
274.1666666666667,0.0006162093400168074,0.000622530154678815,0.1390133293863128
274.2083333333333,0.0006154075225439447,0.0006423508034386826,0.13893017679742037
274.25,0.0006313723625353279,0.0006769510388428688,0.138857608903298
274.2916666666667,0.0006622356169800157,0.0007230219739519049,0.13880066234525865
274.3333333333333,0.0007045207909148033,0.000776608153581762,0.13876286601394722
274.375,0.0007549175007458272,0.0008343907721654746,0.13874639987399953
274.4166666666667,0.0008106776925805298,0.0008927169028093842,0.13875212405788176
274.4583333333333,0.0008684270256331787,0.0009477005658232109,0.13877945939456218
274.5,0.0009241028699367198,0.0009958833219732039,0.13882640737593205
274.5416666666667,0.0009745786511193476,0.001034319771817417,0.13888976820970575
274.5833333333333,0.0010166176668477242,0.001060753295929689,0.13896535462186166
274.625,0.0010480504327709948,0.0010736429043776952,0.13904826685538654
274.6666666666667,0.0010668830762371104,0.001072220882116687,0.1391331768413654
274.7083333333333,0.001072082870292966,0.0010565055201409402,0.1392146252572077
274.75,0.0010630622318237558,0.0010273378205293091,0.13928732642105474
274.7916666666667,0.0010388888540292397,0.0009852836539452042,0.13934634192434278
274.8333333333333,0.0009995450354083305,0.0009325240914599982,0.139387089853431
274.875,0.0009479330224656876,0.0008735257798471764,0.13940639353383727
274.9166666666667,0.0008892825311852335,0.0008127334520895767,0.13940278532120084
274.9583333333333,0.0008275844683636363,0.0007542609765041211,0.1393764204146014
275.0,0.0007673337490437719,0.0007022573912130855,0.13932902719719142
275.0416666666667,0.000712272330883466,0.0006604643070275274,0.13926383049173732
275.0833333333333,0.0006666118654142875,0.0006319809864482474,0.13918536499539835
275.125,0.0006338088669151573,0.0006189983292801982,0.13909916198659197
275.1666666666667,0.0006162517043444227,0.0006225347992492576,0.1390113527805738
275.2083333333333,0.0006153784993873872,0.0006423518451144169,0.1389282056978368
275.25,0.0006313930897681908,0.000676957451116286,0.13885564441660786
275.2916666666667,0.0006622530465243442,0.0007230256775292046,0.1387987074255884
275.3333333333333,0.0007045219949387475,0.0007766052015754926,0.1387609157534325
275.375,0.0007548991804727807,0.0008343818744845867,0.13874445128273138
275.4166666666667,0.0008106678722034961,0.0008927049382253536,0.1387501779886997
275.4583333333333,0.000868385041250445,0.0009476827245919131,0.13877751269899882
275.5,0.0009240840391279574,0.0009958655061192117,0.1388244592325904
275.5416666666667,0.0009745141456261432,0.0010342951530271697,0.13888782021271617
275.5833333333333,0.0010165966063124267,0.001060733654785956,0.13896340230310583
275.625,0.0010479964849004412,0.0010736235577032736,0.1390463112326848
275.6666666666667,0.0010668644200681062,0.001072211643603299,0.1391312193858575
275.7083333333333,0.001072058252993995,0.0010565045677849863,0.1392126715458137
275.75,0.0010630613492669738,0.0010273245644897718,0.13928537765827895
275.7916666666667,0.0010388705005107447,0.0009852755785921226,0.13934438766858634
275.8333333333333,0.0009995185185678397,0.0009325219130708814,0.1393851378449634
275.875,0.0009479364612234026,0.0008735284602625014,0.13940444368102237
275.9166666666667,0.000889280270603003,0.0008127328457654095,0.1394008412324813
275.9583333333333,0.0008275926762392011,0.0007542605879433919,0.13937448016940027
276.0,0.0007673321238853516,0.0007022579306480099,0.13932709196067464
276.0416666666667,0.0007122458985771467,0.0006604623173503509,0.13926189998335253
276.0833333333333,0.0006666282535081296,0.0006319794553526513,0.13918343885105364
276.125,0.0006338247519678301,0.0006189987165348068,0.13909724012478136
276.1666666666667,0.0006162287640547277,0.0006225338672390819,0.13900943488576853
276.2083333333333,0.0006153776729718087,0.0006423498007673322,0.1389262916773074
276.25,0.0006313976178346661,0.0006769545704399327,0.13885373390560413
276.2916666666667,0.0006622316074494928,0.000723013271763469,0.13879679659991048
276.3333333333333,0.000704488240036194,0.0007765901222107827,0.13875900674537459
276.375,0.0007548767618987134,0.000834371185277627,0.13874254106354464
276.4166666666667,0.0008106338842986442,0.000892695614856145,0.13874826735721435
276.4583333333333,0.0008683837078596466,0.0009476660075228184,0.13877560243378
276.5,0.0009240290840549479,0.000995846132361111,0.1388225485149
276.5416666666667,0.0009744972361047317,0.0010342739396648508,0.13888590631122347
276.5833333333333,0.0010165503260615345,0.0010607120906683729,0.13896148721640678
276.625,0.001047955152504083,0.001073602360122261,0.13904439275987568
276.6666666666667,0.0010668305112509014,0.0010721954180639944,0.13912929839657742
276.7083333333333,0.0010720369838020782,0.0010564972970422248,0.1392107506036699
276.75,0.0010630489247657735,0.001027321410021904,0.13928346321152776
276.7916666666667,0.0010388706124684574,0.000985276157879768,0.13934247837047364
276.8333333333333,0.0009995169620370457,0.0009325210262296742,0.13938323303184608
276.875,0.0009479385261136257,0.0008735279928469024,0.13940254317408143
276.9166666666667,0.0008892731215173052,0.000812732543110673,0.1393989449821564
276.9583333333333,0.0008275972238891115,0.0007542595888093721,0.13937258832823765
277.0,0.0007673309338072683,0.0007022581904688201,0.13932520431477768
277.0416666666667,0.0007122366103575388,0.0006604612562994543,0.13926001663065318
277.0833333333333,0.0006666364103232389,0.0006319785926008745,0.13918155989825148
277.125,0.0006338245351946969,0.0006189987988413348,0.13909536517999307
277.1666666666667,0.0006162224494242214,0.0006225333022565376,0.13900756416288973
277.2083333333333,0.0006153804900833236,0.0006423485824136326,0.13892442477962097
277.25,0.0006314011267841203,0.0006769599558351752,0.1388518721903878
277.2916666666667,0.0006622412430256065,0.0007230211429250185,0.13879494198182105
277.3333333333333,0.0007045075965525023,0.0007765984753974817,0.13875715896855387
277.375,0.0007548645846800441,0.0008343682980166595,0.13874070292118443
277.4166666666667,0.0008106598432280449,0.0008926802600747113,0.1387464329826835
277.4583333333333,0.000868289264127124,0.0009476481282792771,0.13877376556527438
277.5,0.0009240647932083519,0.0009958278809717612,0.1388207105969122
277.5416666666667,0.0009743867010443151,0.0010342537091099196,0.1388840645123214
277.5833333333333,0.001016561710737913,0.0010606903578130632,0.13895964299337493
277.625,0.0010478803724340545,0.001073586259986289,0.13904254509392291
277.6666666666667,0.001066818001299754,0.0010721760290404465,0.13912744897078266
277.7083333333333,0.0010719932762917074,0.0010564851258122135,0.13920889869649888
277.75,0.0010630603821446922,0.001027335871308325,0.13928161394205504
277.7916666666667,0.0010389095845559082,0.000985284825439208,0.13934064411244676
277.8333333333333,0.0009995439140759604,0.0009325238563083954,0.1393814053013813
277.875,0.0009479206400595098,0.0008735240139637264,0.13940072139933243
277.9166666666667,0.0008892805532355241,0.0008127314825675558,0.13939712585653916
277.9583333333333,0.0008275804359285731,0.0007542597855066397,0.13937077325099154
278.0,0.0007673267620037263,0.0007022552915186434,0.13932339209425187
278.0416666666667,0.0007122774486176343,0.0006604632923679226,0.13925820833771307
278.0833333333333,0.0006666071411028724,0.000631981164159172,0.13917975493997065
278.125,0.0006337992440271187,0.0006189966488524413,0.1390935648188977
278.1666666666667,0.0006162531846072516,0.0006225332170331478,0.13900576817711593
278.2083333333333,0.0006153767439423252,0.0006423501806478071,0.13892263326890805
278.25,0.0006313942123646359,0.000676964708765185,0.13885008650884215
278.2916666666667,0.000662249306031824,0.0007230203834347234,0.1387931625390008
278.3333333333333,0.0007045108365262208,0.0007765933184855169,0.1387553827815268
278.375,0.000754849911181612,0.0008343594747834257,0.13873892757872508
278.4166666666667,0.0008106419518288916,0.0008926672054896023,0.138744657916938
278.4583333333333,0.0008682515260100031,0.0009476325641521483,0.13877198907343494
278.5,0.0009240451825206882,0.0009958083117124644,0.1388189325684472
278.5416666666667,0.000974343556067903,0.0010342348870410762,0.13888228386208723
278.5833333333333,0.0010165223754012417,0.0010606698906828538,0.13895785817109793
278.625,0.0010478561939450297,0.0010735689277035828,0.13904075773718858
278.6666666666667,0.0010667797336888498,0.0010721614998523926,0.13912565948915787
278.7083333333333,0.0010719765985552838,0.001056476700713714,0.1392071091625049
278.75,0.0010630141754716716,0.001027308605825231,0.1392798232686582
278.7916666666667,0.001038875239285554,0.0009852722908078135,0.13933884418478282
278.8333333333333,0.0009995145522662487,0.0009325204193404812,0.13937960614748682
278.875,0.0009479266007131229,0.0008735267377558962,0.1393989243562422
278.9166666666667,0.0008892693740459937,0.0008127310707372426,0.1393953342064098
278.9583333333333,0.0008275962146922281,0.0007542585782250227,0.13936898556690722
279.0,0.0007673297099114668,0.0007022572239880901,0.13932160953501582
279.0416666666667,0.0007122351534490458,0.0006604604312173621,0.13925642981962583
279.0833333333333,0.0006666334514718259,0.0006319778365729827,0.1391779810496452
279.125,0.0006338230273762268,0.0006189979401947972,0.13909179436728641
279.1666666666667,0.0006162214210280666,0.0006225325030652717,0.1390040013290971
279.2083333333333,0.0006153784336640726,0.0006423478950259193,0.13892086997515155
279.25,0.0006313988770323131,0.0006769584104088571,0.1388483252259955
279.2916666666667,0.00066223679266322,0.000723017975065459,0.1387914023583675
279.3333333333333,0.000704495046256407,0.0007765891781600127,0.13875362527468701
279.375,0.0007548389401740524,0.0008343509834812433,0.1387371723769076
279.4166666666667,0.0008106176207044488,0.0008926551189780431,0.13874290252756427
279.4583333333333,0.0008682347061536903,0.0009476161773480726,0.13877023243060338
279.5,0.0009239966651770998,0.0009957909586876417,0.1388171724740901
279.5416666666667,0.000974313240187231,0.0010342141935488541,0.1388805200229747
279.5833333333333,0.0010164851253087177,0.0010606515015211416,0.1389560917390096
279.625,0.0010478078910522398,0.0010735508944376942,0.13903898789516456
279.6666666666667,0.0010667566178992614,0.0010721474087770427,0.13912388778786006
279.7083333333333,0.0010719454752349368,0.001056465116460236,0.13920533651112885
279.75,0.0010630266959287843,0.0010273204753486979,0.13927805376985172
279.7916666666667,0.0010388923502419017,0.0009852798488753684,0.13933708822921154
279.8333333333333,0.0009995339643362475,0.0009325213569997802,0.13937785610706566
279.875,0.0009479188105387817,0.0008735225365774365,0.13939717999666798
279.9166666666667,0.0008892741379897418,0.0008127305275000551,0.13939359213319055
279.9583333333333,0.0008275821220851341,0.0007542583400665263,0.1393672474528859
280.0,0.0007673305254807143,0.0007022551867916307,0.13931987460061815
280.0416666666667,0.000712267145682932,0.0006604621953747731,0.13925469818691397
280.0833333333333,0.0006666066720161366,0.0006319790806303678,0.13917625303137843
280.125,0.0006338037530445584,0.0006189962857436564,0.13909007044339375
280.1666666666667,0.0006162494214900188,0.0006225328009662081,0.1390022816214306
280.2083333333333,0.0006153744968143493,0.0006423497492431474,0.13891915478494216
280.25,0.0006313957940091887,0.0006769636932049842,0.1388466149294718
280.2916666666667,0.0006622527035957976,0.0007230226571522461,0.13878970052233863
280.3333333333333,0.0007045005847005088,0.0007765830712899536,0.1387519259207493
280.375,0.0007548301937318793,0.0008343385667916945,0.13873547018183188
280.4166666666667,0.0008105719447846588,0.0008926421062548259,0.13874119816004005
280.4583333333333,0.0008682395617994465,0.0009476021272350952,0.13876852532645195
280.5,0.0009239322835874486,0.0009957727356420187,0.13881546216323032
280.5416666666667,0.0009743174500305079,0.001034196147610648,0.13887880562453145
280.5833333333333,0.0010164197303450695,0.001060635320717333,0.13895437274556702
280.625,0.0010478006288064466,0.0010735345082905265,0.13903726650343576
280.6666666666667,0.0010667195090929347,0.001072137701280001,0.1391221649813678
280.7083333333333,0.001071927267672705,0.0010564515090148339,0.13920361362682535
280.75,0.0010630118293475375,0.0010273145563182296,0.1392763263636466
280.7916666666667,0.0010388638095094377,0.0009852754307134218,0.1393353616945035
280.8333333333333,0.0009995262438970798,0.0009325206766473724,0.13937613316802516
280.875,0.0009479186390156929,0.0008735219314093579,0.13939546060456148
280.9166666666667,0.0008892810201455804,0.0008127298524539614,0.1393918766701416
280.9583333333333,0.0008275761594234899,0.0007542584470122434,0.13936553546723404
281.0,0.0007673230454061478,0.0007022536198892939,0.13931816597870847
281.0416666666667,0.0007122770294902788,0.0006604619629054807,0.139252993768276
281.0833333333333,0.000666603202888316,0.0006319799909213714,0.13917455196139067
281.125,0.000633794584326084,0.0006189953747335223,0.13908837342830083
281.1666666666667,0.0006162511776389073,0.0006225319965502364,0.13900058840839344
281.2083333333333,0.0006153756244557235,0.0006423490165628303,0.13891746506291727
281.25,0.0006313873046089757,0.0006769597755587925,0.13884492963082326
281.2916666666667,0.0006622398559613967,0.000723014274471243,0.13878801515301284
281.3333333333333,0.0007044885608884479,0.0007765781493493465,0.13875024329760094
281.375,0.000754809371435183,0.0008343335604588495,0.1387337935673297
281.4166666666667,0.0008105749748949029,0.0008926309212013697,0.13873952374204235
281.4583333333333,0.0008681824836419233,0.0009475836190849226,0.13876685054679122
281.5,0.0009239300491084965,0.000995755062425962,0.13881378547804676
281.5416666666667,0.0009742342669593021,0.0010341741870820138,0.1388771270938874
281.5833333333333,0.0010164124610376674,0.001060612323291193,0.1389526919047795
281.625,0.001047733090377671,0.0010735152990693922,0.13903558185382464
281.6666666666667,0.001066688315194698,0.0010721166057913903,0.1391204771800634
281.7083333333333,0.001071899655662925,0.001056444332267974,0.1392019239308306
281.75,0.0010629900182421523,0.0010273069522759087,0.13927464259217137
281.7916666666667,0.0010388728893726779,0.000985275582427872,0.1393336772908193
281.8333333333333,0.000999523112251263,0.0009325216275659206,0.13937445188338182
281.875,0.0009479188138041618,0.0008735248025322943,0.13939378148579532
281.9166666666667,0.0008892810016027842,0.0008127284460419155,0.13939020162215995
281.9583333333333,0.0008275733491777793,0.0007542583389093132,0.13936386405992568
282.0,0.0007673209036751908,0.0007022529367297715,0.13931649836684554
282.0416666666667,0.0007122804148508969,0.0006604617192819938,0.13925132973933435
282.0833333333333,0.0006666028260993433,0.000631979617224337,0.13917289169303926
282.125,0.000633793333067741,0.0006189948098349933,0.13908671684255247
282.1666666666667,0.0006162517668457549,0.0006225318285192906,0.13899893551124065
282.2083333333333,0.0006153721819134016,0.0006423478999470849,0.1389158154432127
282.25,0.0006313981288113247,0.0006769692495950739,0.13884328348758665
282.2916666666667,0.0006622561525298087,0.0007230242181410981,0.13878637780473177
282.3333333333333,0.0007044943233652664,0.0007765741971712084,0.13874860731531674
282.375,0.0007548086269696139,0.0008343190175545382,0.13873215331095298
282.4166666666667,0.0008105145782917607,0.0008926180817813007,0.13873788046002963
282.4583333333333,0.0008682022567746879,0.0009475707097331323,0.13876520594090436
282.5,0.0009238439111401578,0.0009957362143640002,0.13881213642896142
282.5416666666667,0.0009742528911348658,0.0010341558704527018,0.13887547550064436
282.5833333333333,0.0010163311542009633,0.0010605971867001227,0.1389510342066199
282.625,0.00104773703234479,0.0010734987185041084,0.13903392219157268
282.6666666666667,0.001066649910169972,0.0010721095920778385,0.13911881586047584
282.7083333333333,0.0010718914332174447,0.001056436048751071,0.13920026425329876
282.75,0.0010629422164421774,0.0010272753261114102,0.13927298410275593
282.7916666666667,0.001038836981795655,0.000985277800362265,0.13933201209755713
282.8333333333333,0.0009995193234548746,0.0009325293817575089,0.1393727972026941
282.875,0.0009479706207481696,0.0008735234891915126,0.13939213841282155
282.9166666666667,0.0008892009340640729,0.0008127267043647234,0.13938856484221887
282.9583333333333,0.0008276833523495787,0.0007542571757503168,0.13936223697435485
283.0,0.0007672274007994776,0.0007022553208790996,0.13931487652058233
283.0416666666667,0.0007122826262689411,0.0006604499702173428,0.13924971575530867
283.0833333333333,0.0006666458149373969,0.0006319778198923251,0.139171281934956
283.125,0.0006337619448325597,0.0006189898871567114,0.13908510934797355
283.1666666666667,0.0006162341915152033,0.0006225261377437451,0.13899732954831662
283.2083333333333,0.000615366777270889,0.0006423457119721708,0.13891421149598465
283.25,0.0006313912576184114,0.0006769541089521844,0.13884168533036229
283.2916666666667,0.0006622402742925752,0.0007230150091611946,0.13878477998116034
283.3333333333333,0.0007044605301100428,0.0007765645113136753,0.13874701321757935
283.375,0.0007547799461359023,0.0008343149580731564,0.13873056518196342
283.4166666666667,0.0008105357110649873,0.0008926067598211872,0.1387362961158157
283.4583333333333,0.0008681271864642612,0.0009475521477363244,0.13876362046504112
283.5,0.0009238658939774234,0.000995717951550118,0.1388105504270507
283.5416666666667,0.0009741600135997605,0.0010341355282535935,0.1388738847645024
283.5833333333333,0.001016339359162751,0.00106057440705406,0.13894944210206606
283.625,0.0010476640906175257,0.0010734805125951598,0.13903232605069296
283.6666666666667,0.0010666356915873373,0.001072091709935273,0.1391172168318652
283.7083333333333,0.0010718530873224613,0.0010564246784765187,0.1391986624822723
283.75,0.001062968057496048,0.001027296666222838,0.13927138594771746
283.7916666666667,0.0010388763713993765,0.0009853003221087456,0.13933042764115167
283.8333333333333,0.0009995501729126866,0.000932532681979037,0.13937122747641553
283.875,0.0009479761971432356,0.0008735163905793656,0.13939056976990508
283.9166666666667,0.0008891790144994924,0.000812726904771218,0.13938699640636726
283.9583333333333,0.000827692962369997,0.0007542563863568506,0.1393606704682813
284.0,0.0007672224294154904,0.0007022564041856129,0.13931331228392482
284.0416666666667,0.0007122779481688028,0.0006604498096593714,0.1392481543087314
284.0833333333333,0.0006666608520257953,0.0006319796750973478,0.13916972361239918
284.125,0.0006337505085333346,0.0006189897113301139,0.13908355512751153
284.1666666666667,0.00061624053607987,0.0006225266807604043,0.13899577917493944
284.2083333333333,0.0006153632252406136,0.0006423437521264901,0.13891266359144575
284.25,0.0006313978997407818,0.0006769697426469984,0.1388401392080289
284.2916666666667,0.0006622662976388093,0.0007230250943648395,0.13878324720060653
284.3333333333333,0.0007044836235409768,0.0007765616119423642,0.1387454834379348
284.375,0.0007547648047156933,0.0008343008767404286,0.13872903142653542
284.4166666666667,0.0008104897255391656,0.0008925967018573749,0.1387347599441336
284.4583333333333,0.0008681263752336853,0.0009475352682994004,0.13876208366280807
284.5,0.0009238175464198963,0.0009957009748155002,0.13880901103485077
284.5416666666667,0.0009741271379238341,0.0010341141951329066,0.13887234260654024
284.5833333333333,0.001016307314640951,0.0010605557741576494,0.13894789599425664
284.625,0.0010476216955606862,0.0010734621172279882,0.13903077680282763
284.6666666666667,0.0010665929442940057,0.0010720726917702206,0.1391156646416447
284.7083333333333,0.0010718336068280172,0.0010564132716480916,0.1391971075957783
284.75,0.0010629181888777949,0.0010272720057375672,0.13926982586984873
284.7916666666667,0.001038837731370885,0.000985276836789156,0.13932886068736136
284.8333333333333,0.0009995146260997712,0.0009325271207456451,0.1393696529930317
284.875,0.0009479644993507059,0.0008735212361011578,0.13938900121970776
284.9166666666667,0.0008892011717915555,0.0008127256101781191,0.13938543329256164
284.9583333333333,0.0008276756305583981,0.0007542562206284034,0.13935911127966433
285.0,0.0007672234647302004,0.0007022538702836243,0.139311759357879
285.0416666666667,0.0007122795058774366,0.0006604487959787049,0.13924660506732045
285.0833333333333,0.000666642044420704,0.0006319764662476289,0.13916817824501776
285.125,0.0006337620581070898,0.0006189876164319603,0.1390820127777432
285.1666666666667,0.0006162313626984714,0.0006225261017111581,0.13899423959039772
285.2083333333333,0.0006153652002522864,0.000642344841215953,0.13891112836379865
285.25,0.0006314018278169957,0.0006769690740714752,0.13883860964586617
285.2916666666667,0.0006622550982730194,0.0007230169634523263,0.13878171860929345
285.3333333333333,0.000704466240124188,0.0007765544595563,0.13874395659469932
285.375,0.0007547447183714481,0.0008342937701255653,0.13872750721786656
285.4166666666667,0.0008104909780015901,0.0008925824324090475,0.1387332363897068
285.4583333333333,0.0008680687488576458,0.0009475207521254021,0.13876055741685822
285.5,0.0009238086683368615,0.000995681795651092,0.13880748190738845
285.5416666666667,0.000974081156037961,0.0010340975285900481,0.1388708094172994
285.5833333333333,0.0010162638441536132,0.0010605350045099805,0.1389463596442962
285.625,0.0010476051252371079,0.001073446403033266,0.1390292369518854
285.6666666666667,0.0010665604181146105,0.0010720608265699524,0.13911412279877136
285.7083333333333,0.0010718152438514955,0.0010564064932304903,0.13919556628177623
285.75,0.0010628892703787403,0.0010272529676919589,0.13926828423009063
285.7916666666667,0.0010388284906675672,0.0009852710850802794,0.1393273175888327
285.8333333333333,0.0009994844074417643,0.0009325135806250634,0.13936810678589076
285.875,0.000947941462445342,0.0008735206992867367,0.13938745058332574
285.9166666666667,0.0008892108341346276,0.0008127310624158127,0.1393838862701675
285.9583333333333,0.0008276761006122384,0.000754251754257915,0.13935756599244134
286.0,0.0007672518490670971,0.000702259106707856,0.13931021271636584
286.0416666666667,0.000712222383703291,0.0006604497287201891,0.13924505904012105
286.0833333333333,0.0006667023615730989,0.0006319788637654407,0.13916663555426842
286.125,0.00063376793602221,0.0006189965446580913,0.13908047363667836
286.1666666666667,0.00061620326554211,0.0006225276224229423,0.13899270622736062
286.2083333333333,0.0006154026512670543,0.0006423470451414943,0.13890960054517673
286.25,0.0006313795975459496,0.0006769561005313189,0.13883708216947216
286.2916666666667,0.0006622175233917339,0.000723006484006482,0.13878018335098924
286.3333333333333,0.0007044535077332803,0.0007765562796032018,0.1387424243994565
286.375,0.0007547542387727148,0.0008342915080710446,0.1387259797495155
286.4166666666667,0.0008104739033348332,0.0008925690265539339,0.1387317080686648
286.4583333333333,0.0008680437941146251,0.0009475067258733308,0.13875902675293822
286.5,0.0009237677170891005,0.0009956640581032102,0.1388059480638902
286.5416666666667,0.0009740602689272808,0.0010340791188055106,0.1388692713497387
286.5833333333333,0.0010162235200082905,0.0010605183683382237,0.1389448178198439
286.625,0.0010475605575516688,0.0010734300231673305,0.13902769155468833
286.6666666666667,0.0010665441647893206,0.0010720489515734432,0.1391125757696921
286.7083333333333,0.0010717830276228005,0.0010563961610839511,0.13919401884607766
286.75,0.0010629256221503208,0.0010272822578604685,0.13926674262662395
286.7916666666667,0.0010388555697069704,0.0009852916659670698,0.13932579134510245
286.8333333333333,0.0009995381282185438,0.0009325299267495877,0.13936659544561097
286.875,0.0009479583530006234,0.0008735185036754053,0.13938594632506188
286.9166666666667,0.0008892113120861174,0.000812725083726005,0.1393823839646216
286.9583333333333,0.000827648800263914,0.0007542534476646373,0.1393560671315704
287.0,0.0007672620654515197,0.0007022554955619575,0.13930871975816908
287.0416666666667,0.0007122337331695249,0.0006604494121082903,0.13924357022499728
287.0833333333333,0.0006666773042145564,0.0006319765907124237,0.1391651504643445
287.125,0.000633749571775959,0.000618990210957987,0.1390789920424115
287.1666666666667,0.0006162241542828894,0.0006225237208595262,0.13899122618801996
287.2083333333333,0.0006153789499245814,0.0006423442271595594,0.13890812152274212
287.25,0.0006313724164932241,0.0006769538562008037,0.13883560479738996
287.2916666666667,0.0006622173336933036,0.0007229987096076629,0.13877871274119535
287.3333333333333,0.0007044458566942249,0.0007765473360938726,0.13874095324471689
287.375,0.0007547297165191836,0.0008342818277164951,0.13872450647016393
287.4166666666667,0.0008104561889719855,0.000892556263861665,0.13873023374686497
287.4583333333333,0.0008680182231281795,0.0009474927715888292,0.1387575488761963
287.5,0.000923737508272384,0.000995646573461367,0.13880446720654796
287.5416666666667,0.0009740273511254004,0.0010340612247171771,0.13886778770419955
287.5833333333333,0.0010161855474993128,0.0010605021631974547,0.1389433282940959
287.625,0.0010475337590134402,0.0010734146804811128,0.13902619944770137
287.6666666666667,0.0010665223668190895,0.0010720413888797014,0.13911108197612274
287.7083333333333,0.0010717613770868774,0.0010563876384207867,0.13919252593013076
287.75,0.001062896237669459,0.0010272571416136726,0.13926524691209485
287.7916666666667,0.0010388030698732158,0.000985251396549759,0.13932428755050377
287.8333333333333,0.0009994855095938637,0.0009325174388287609,0.1393650796076022
287.875,0.000947926621861261,0.0008735210043208993,0.1393844341315884
287.9166666666667,0.0008892484218956466,0.000812725410456328,0.13938087615676004
287.9583333333333,0.0008276084154734427,0.0007542526847544714,0.13935456118355743
288.0,0.0007673011547126788,0.0007022542818319565,0.1393072170677553
288.0416666666667,0.000712212136215984,0.0006604525180910585,0.13924206951100537
288.0833333333333,0.0006666651709221157,0.0006319739288276416,0.13916365298540637
288.125,0.0006337918255109697,0.0006189941334896108,0.13907749771763483
288.1666666666667,0.0006161943486225068,0.0006225251858178783,0.13898973589813776
288.2083333333333,0.0006153915117279691,0.0006423442526526272,0.1389066358591324
288.25,0.0006313839802199443,0.0006769601204957279,0.1388341220428827
288.2916666666667,0.0006622255945889319,0.0007230105007389711,0.1387772338976564
288.3333333333333,0.0007044511468736025,0.0007765449852813745,0.13873947668216452
288.375,0.0007547358258548587,0.0008342687079670139,0.13872302895786173
288.4166666666667,0.0008103901044825191,0.0008925447727346977,0.13872875346578772
288.4583333333333,0.0008680496174359416,0.0009474790755312857,0.13875606771043267
288.5,0.0009236452421176293,0.0009956285958689537,0.13880298208678685
288.5416666666667,0.0009740529537570502,0.0010340432651538274,0.13886629865613076
288.5833333333333,0.001016103891903204,0.0010604836556605103,0.13894183657630432
288.625,0.0010475331388906488,0.0010733961707104205,0.13902470474960452
288.6666666666667,0.0010664641217350368,0.0010720262267146833,0.1391095841423475
288.7083333333333,0.001071758557315919,0.001056377855599919,0.13919102696889352
288.75,0.0010628510165966824,0.0010272409161070075,0.13926375071884958
288.7916666666667,0.0010387869819276606,0.0009852640625900824,0.13932278968363454
288.8333333333333,0.000999506170873072,0.0009325262192515342,0.13936360014121318
288.875,0.0009479790627589951,0.000873515607548532,0.13938296169719117
288.9166666666667,0.0008891555748882216,0.0008127206906166089,0.13937940708103833
288.9583333333333,0.0008277119893009121,0.0007542583473647948,0.13935310045866967
289.0,0.0007671870149004377,0.0007022481207095357,0.1393057591693649
289.0416666666667,0.0007123135464203015,0.0006604503546894512,0.13924061938773014
289.0833333333333,0.0006666017042136037,0.0006319727845288768,0.13916220530280934
289.125,0.0006337899963104356,0.0006189872993466405,0.1390760532005085
289.1666666666667,0.0006162077028810946,0.000622524388928248,0.1389882930159763
289.2083333333333,0.0006153689127367044,0.0006423424571033012,0.138905195421842
289.25,0.0006313869412436212,0.0006769507688282784,0.13883268669661886
289.2916666666667,0.0006622107885671622,0.000723004270725102,0.13877579930679146
289.3333333333333,0.0007044270720700624,0.0007765362548542773,0.13873804672534903
289.375,0.0007547163159459785,0.0008342645555325308,0.13872160243470003
289.4166666666667,0.0008103936209747544,0.0008925357598608203,0.13872732914684086
289.4583333333333,0.0008679982716755904,0.00094746011398302,0.13875464315670188
289.5,0.0009236405529617387,0.0009956128474930962,0.13880155551452708
289.5416666666667,0.0009739735798024762,0.0010340205778746313,0.13886486944463278
289.5833333333333,0.0010161089610227234,0.001060464219843174,0.13894040454260043
289.625,0.0010474545947900705,0.0010733771611388316,0.1390232685786288
289.6666666666667,0.0010664604002588855,0.001072008306071893,0.13910814512866843
289.7083333333333,0.001071707484665428,0.0010563650409102221,0.13918958426518002
289.75,0.0010628934677446523,0.0010272719924998106,0.13926231050449903
289.7916666666667,0.0010388284570733,0.0009852835742899218,0.13932136510117554
289.8333333333333,0.0009995328075673977,0.0009325300023855563,0.13936217934956593
289.875,0.0009479566135897192,0.0008735194738428674,0.13938153662077116
289.9166666666667,0.0008892210492394937,0.000812727629129578,0.1393779821090919
289.9583333333333,0.000827634139150259,0.0007542473301533538,0.1393516729016222
290.0,0.000767291566600803,0.0007022575423609356,0.13930433284294286
290.0416666666667,0.0007121908833843366,0.0006604505225505822,0.1392391913159512
290.0833333333333,0.0006666717133933722,0.0006319744532685856,0.13916078049170602
290.125,0.0006338105924881019,0.000618996035541941,0.13907463193386044
290.1666666666667,0.0006161927244681946,0.0006225274447152655,0.13898687736742518
290.2083333333333,0.0006153807247939165,0.0006423444335774375,0.13890378506833992
290.25,0.0006313869540953543,0.0006769480054015067,0.13883127925696565
290.2916666666667,0.0006622009063830632,0.0007230003027652874,0.13877438388521074
290.3333333333333,0.0007044258415617634,0.0007765388094968924,0.1387366321172865
290.375,0.0007547245987580708,0.0008342581795217721,0.13872019317110562
290.4166666666667,0.0008103540100882324,0.000892524881325196,0.138725922376033
290.4583333333333,0.0008680159276253077,0.0009474465983642475,0.13875323381395843
290.5,0.000923556113361322,0.0009955943282005332,0.1388001423251101
290.5416666666667,0.0009739920108104915,0.001034002711948566,0.13886345425937385
290.5833333333333,0.0010160230598352982,0.0010604472569548432,0.1389389840816699
290.625,0.0010474527162417189,0.0010733591593501313,0.13902184586581395
290.6666666666667,0.0010664125547508738,0.00107199736261583,0.13910671955249573
290.7083333333333,0.0010716942200728187,0.0010563537151984353,0.13918815762507353
290.75,0.0010628612462497207,0.0010272566382167128,0.13926088232097258
290.7916666666667,0.0010388145120182647,0.0009852803590299397,0.13931993825911373
290.8333333333333,0.0009995327870950341,0.0009325244971029972,0.13936075683763013
290.875,0.0009479610263391002,0.0008735123571180259,0.139380121398102
290.9166666666667,0.0008891723260736841,0.000812722868988884,0.13937657106301984
290.9583333333333,0.0008276822386803012,0.0007542520824589444,0.13935026768031006
291.0,0.0007672192918945621,0.0007022530425091126,0.1393029321531391
291.0416666666667,0.0007122625729143633,0.0006604468221239426,0.13923779617098764
291.0833333333333,0.0006666581529668962,0.000631976480771715,0.13915938877019698
291.125,0.0006337435577547214,0.0006189864913535223,0.13907324328298773
291.1666666666667,0.0006162341894193434,0.0006225230649028283,0.13898548993811077
291.2083333333333,0.0006153589920042096,0.0006423409931726151,0.1389023972730371
291.25,0.0006313861054869244,0.0006769624514041389,0.1388298956242543
291.2916666666667,0.0006622398263443162,0.0007230057362487448,0.1387730215363729
291.3333333333333,0.0007044278812743689,0.0007765253907959658,0.1387352714561095
291.375,0.00075467502137023,0.0008342420299918052,0.13871882486233425
291.4166666666667,0.0008103427369123489,0.0008925124892374624,0.13872454879226667
291.4583333333333,0.0008679600349001279,0.0009474307140294523,0.13875185925202446
291.5,0.0009235684895690966,0.0009955786137257052,0.13879876589916404
291.5416666666667,0.0009739078784939832,0.001033983507252605,0.13886207331431175
291.5833333333333,0.0010160323591743147,0.0010604285587372505,0.13893760021217122
291.625,0.0010473872507627134,0.001073343848925127,0.13902045806839067
291.6666666666667,0.0010664017993355496,0.0010719811468271833,0.1391053295026294
291.7083333333333,0.001071663057615579,0.0010563450784616128,0.1391867658149912
291.75,0.0010628562665655607,0.0010272555109370452,0.13925949123058223
291.7916666666667,0.0010388029689510348,0.0009852675616741763,0.13931854655124254
291.8333333333333,0.000999516660500039,0.000932527281640158,0.1393593624039104
291.875,0.0009479406885474339,0.0008735198066038608,0.13937872682149205
291.9166666666667,0.0008892413545138883,0.0008127223332372004,0.1393751802980054
291.9583333333333,0.0008275995712749872,0.0007542501177479444,0.13934887659883552
292.0,0.0007673028604618825,0.0007022525361656925,0.13930154429373018
292.0416666666667,0.0007122051018656662,0.0006604515273411964,0.13923640923546485
292.0833333333333,0.0006666571111244432,0.0006319720249830033,0.1391580051116798
292.125,0.000633799651598937,0.000618993183811423,0.1390718624439684
292.1666666666667,0.0006161889982134237,0.0006225242464478177,0.13898411323469434
292.2083333333333,0.0006153837258705738,0.0006423428108805364,0.13890102602831547
292.25,0.0006313847068472482,0.0006769549700061146,0.13882852634780987
292.2916666666667,0.0006622124876724138,0.0007230004076148719,0.13877165057958218
292.3333333333333,0.0007044146576187159,0.0007765254698166405,0.13873390423005652
292.375,0.000754665546351022,0.0008342405386327004,0.13871746435323776
292.4166666666667,0.0008103692106331872,0.0008924988338001583,0.13872319108165984
292.4583333333333,0.0008678669338130276,0.0009474160276184806,0.13875049932183306
292.5,0.0009236060922619926,0.0009955578891597313,0.13879740504760063
292.5416666666667,0.0009738324965164441,0.001033969483049919,0.13886070804079012
292.5833333333333,0.0010159973101209435,0.001060404684852798,0.13893623176383013
292.625,0.0010473833732842473,0.0010733316760010874,0.13901908577971872
292.6666666666667,0.0010663306539802112,0.0010719636521712493,0.13910395458760944
292.7083333333333,0.0010716743509182566,0.00105633721011922,0.13918538981319015
292.75,0.0010628096372047493,0.0010272412135299545,0.1392581135917005
292.7916666666667,0.0010387711909396846,0.0009852419175316888,0.13931716830068552
292.8333333333333,0.000999490894258991,0.0009325130563453623,0.13935797552728593
292.875,0.0009479198357992129,0.0008735183307648304,0.13937734413509573
292.9166666666667,0.0008892493108982572,0.0008127213167623515,0.1393738014373807
292.9583333333333,0.0008275866682634457,0.0007542510867999259,0.13934750134714333
293.0,0.0007673040315537856,0.0007022499934856123,0.1393001727913232
293.0416666666667,0.0007122166959081652,0.0006604519805271539,0.13923504082676133
293.0833333333333,0.0006666398084852206,0.0006319707962161452,0.13915663974925155
293.125,0.0006338014377603756,0.0006189915055603289,0.13907050000426013
293.1666666666667,0.0006161929328209871,0.0006225241115443108,0.13898275354472944
293.2083333333333,0.0006153774439710686,0.0006423424195570343,0.13889966929765046
293.25,0.0006313794332703633,0.0006769513802814464,0.1388271703978668
293.2916666666667,0.0006622021572287671,0.00072299483616942,0.13877029198269922
293.3333333333333,0.0007044088817191098,0.0007765246927288436,0.1387325479553102
293.375,0.0007546642153349238,0.0008342342414242559,0.13871610970141846
293.4166666666667,0.0008103388973399749,0.0008924866074239073,0.13872183450129058
293.4583333333333,0.0008678616690594349,0.0009474019933446043,0.13874914050309248
293.5,0.0009235494325751148,0.0009955431003630067,0.13879604180470637
293.5416666666667,0.0009738145171998193,0.0010339499259239071,0.13885934048428797
293.5833333333333,0.0010159753885546497,0.0010603906620147352,0.1389348610498916
293.625,0.0010473235479787155,0.0010733144173659611,0.13901771146755978
293.6666666666667,0.0010663362041401598,0.0010719533080226801,0.13910257861930933
293.7083333333333,0.0010716294829620104,0.0010563291586740586,0.13918401377389286
293.75,0.0010628389940861604,0.001027257265933037,0.1392567423236167
293.7916666666667,0.001038806023728218,0.0009852527658990818,0.13931580949636582
293.8333333333333,0.000999503635094965,0.0009325090939730544,0.13935662056179288
293.875,0.0009478958787224596,0.0008735131874395828,0.13937598947036664
293.9166666666667,0.0008892589960221948,0.0008127218109376197,0.1393724477225225
293.9583333333333,0.0008275644017616059,0.0007542508192779843,0.13934614908046158
294.0,0.0007673099776988015,0.0007022475423479761,0.1392988220393706
294.0416666666667,0.0007122544262978481,0.0006604553366170024,0.13923369237359243
294.0833333333333,0.00066659541159342,0.0006319728881303856,0.13915529341855823
294.125,0.0006337920236863116,0.0006189900854590376,0.13906915719075644
294.1666666666667,0.0006162348868797065,0.0006225265056091868,0.13898141450661114
294.2083333333333,0.0006153620549257883,0.0006423433153049981,0.1388983336671744
294.25,0.0006313766414479925,0.0006769484991344203,0.13882583836681286
294.2916666666667,0.0006622121085061329,0.0007229945959966801,0.13876896436839797
294.3333333333333,0.0007044050842585393,0.0007765173003648797,0.1387312200804752
294.375,0.0007546559010152249,0.0008342222440907659,0.13871477793679543
294.4166666666667,0.0008102877748984911,0.0008924745627299194,0.1387204993682404
294.4583333333333,0.0008678747332198536,0.0009473898003216998,0.1387478033244798
294.5,0.0009234735799059511,0.0009955269341661846,0.13879469901753314
294.5416666666667,0.0009738295497324446,0.0010339335869630332,0.1388579952209682
294.5833333333333,0.0010159004500239408,0.001060377436287625,0.13893350941020624
294.625,0.0010473319297382678,0.0010733003667140982,0.13901635784330088
294.6666666666667,0.0010662958487196032,0.0010719477067449362,0.1391012233594812
294.7083333333333,0.0010716225488189288,0.001056319028345746,0.13918265932806476
294.75,0.0010627887421697584,0.001027219691284783,0.13925538034439527
294.7916666666667,0.0010387432049415695,0.0009852368604665233,0.13931443529017012
294.8333333333333,0.0009994712923521074,0.0009325116365786673,0.1393552473053658
294.875,0.0009479214127689833,0.0008735166635803438,0.13937462227950703
294.9166666666667,0.000889242095035451,0.0008127208047138893,0.13937108501414355
294.9583333333333,0.0008275928110022896,0.0007542492689520446,0.13934479075574427
295.0,0.0007672975152599944,0.0007022500731450095,0.13929746783790384
295.0416666666667,0.0007122080504399334,0.0006604502521086499,0.13923234178518235
295.0833333333333,0.0006666500036652834,0.0006319704625577728,0.13915394669429199
295.125,0.0006337952125602398,0.0006189913925344113,0.13906781285795333
295.1666666666667,0.0006161892531706314,0.0006225234075464483,0.13898007253692998
295.2083333333333,0.000615380500095838,0.0006423417222538799,0.13889699428536526
295.25,0.0006313770103681162,0.0006769513173485491,0.13882450155025639
295.2916666666667,0.0006621972860098564,0.0007229913448281356,0.13876762899938108
295.3333333333333,0.0007043969601468645,0.0007765155979588044,0.13872988889370258
295.375,0.0007546399137590458,0.0008342183970126567,0.1387134520367398
295.4166666666667,0.0008103023413524969,0.0008924639188724362,0.13871917571891879
295.4583333333333,0.0008678097577303847,0.0009473732328437413,0.1387464780950403
295.5,0.0009234918996055896,0.0009955095323299192,0.13879337406506995
295.5416666666667,0.0009737464009704971,0.0010339145648787312,0.13885666559005744
295.5833333333333,0.0010159072181103177,0.001060355523910814,0.13893217886609924
295.625,0.001047259347425642,0.0010732827625799823,0.13901502275856897
295.6666666666667,0.001066277858922716,0.001071926853100306,0.13909988511618457
295.7083333333333,0.001071587531603326,0.0010563112031201534,0.13918131818841661
295.75,0.0010628088416474515,0.0010272451847397313,0.13925404740724143
295.7916666666667,0.001038789137090773,0.000985246610084254,0.13931311673236968
295.8333333333333,0.000999493177903352,0.0009325054885711126,0.13935393229896884
295.875,0.0009478925186011855,0.0008735113040099361,0.139373306754925
295.9166666666667,0.0008892523577538778,0.0008127205732295064,0.13936977056236113
295.9583333333333,0.0008275671144645547,0.0007542492471473669,0.13934347803631758
296.0,0.0007673114036585463,0.0007022473776432904,0.139296157288983
296.0416666666667,0.0007122418231006522,0.0006604537574917238,0.1392310330199762
296.0833333333333,0.0006665997703118776,0.0006319708477386031,0.13915264030464475
296.125,0.0006338020649740537,0.0006189894855317328,0.13906650980474078
296.1666666666667,0.0006162223066195522,0.0006225256842388477,0.13897877274286857
296.2083333333333,0.0006153593766712571,0.0006423417971313496,0.138895697647821
296.25,0.0006313832297160384,0.0006769530145988771,0.13882320944711818
296.2916666666667,0.0006622075786207823,0.0007229902261679711,0.13876634036817012
296.3333333333333,0.0007043964923928893,0.0007765111510550018,0.13872860213439825
296.375,0.0007546215721225016,0.0008342105073327689,0.13871216579325935
296.4166666666667,0.0008102845558442983,0.0008924525479694492,0.13871788895071802
296.4583333333333,0.0008677826104728117,0.0009473591456582297,0.1387451893765094
296.5,0.0009234666706963773,0.0009954929045099881,0.13879208277543537
296.5416666666667,0.0009737106427616171,0.0010338973218791524,0.13885537088739358
296.5833333333333,0.0010158737347463127,0.0010603379075093333,0.13893088045052399
296.625,0.0010472299880865102,0.0010732672644944432,0.13901372113619456
296.6666666666667,0.00106624885066825,0.0010719142111375777,0.13909858108531323
296.7083333333333,0.0010715684814869488,0.0010563028469856453,0.13918001316118792
296.75,0.0010627834021866775,0.0010272312041436193,0.13925274173776825
296.7916666666667,0.0010387782988804017,0.0009852479351123626,0.13931180851181776
296.8333333333333,0.0009994871015737697,0.0009325090326465451,0.13935262701481693
296.875,0.0009478983633674553,0.0008735147899444039,0.13937200316505272
296.9166666666667,0.0008892593455520903,0.0008127194830314079,0.13936847037696218
296.9583333333333,0.0008275577338561958,0.000754249574276593,0.1393421799261272
297.0,0.0007673081544066722,0.000702245646597454,0.13929486174570171
297.0416666666667,0.0007122581750665124,0.0006604542972616904,0.13922974031304983
297.0833333333333,0.0006665888035124611,0.0006319717300592264,0.1391513500224212
297.125,0.0006337855405720651,0.0006189885852658809,0.13906522240575298
297.1666666666667,0.0006162359738139414,0.0006225254255115601,0.13897748845688862
297.2083333333333,0.0006153584022250433,0.0006423412456829235,0.1388944158086294
297.25,0.0006313654910019588,0.0006769382985725229,0.13882192752373387
297.2916666666667,0.0006621939163923373,0.000722985080401695,0.13876505618436943
297.3333333333333,0.0007043764872418896,0.0007765029011343417,0.1387273168504541
297.375,0.0007546234532030163,0.0008341990660224416,0.13871087724398098
297.4166666666667,0.0008102256675463662,0.0008924402318785042,0.13871659572180656
297.4583333333333,0.0008678140589783652,0.0009473488153891586,0.13874389286035743
297.5,0.0009233723265654679,0.0009954769083358275,0.1387907803344976
297.5416666666667,0.0009737515805736264,0.0010338836632696885,0.1388540646150583
297.5833333333333,0.0010157817628276924,0.0010603256260475612,0.13892956812921323
297.625,0.0010472531732150612,0.0010732545592325106,0.1390124073009564
297.6666666666667,0.0010662003135630464,0.0010719083301870488,0.1390972657921475
297.7083333333333,0.001071571148264967,0.0010562939583425314,0.13917869863723925
297.75,0.0010627472890243038,0.001027211583098554,0.13925142481857322
297.7916666666667,0.0010387415611753908,0.0009852376884157484,0.13931048713009944
297.8333333333333,0.0009994739955731017,0.0009325048171252978,0.13935130667207932
297.875,0.0009479120982868329,0.0008735133371173572,0.13937068836687205
297.9166666666667,0.0008892243044950733,0.0008127216412335776,0.13936715940979844
297.9583333333333,0.0008276031899235361,0.0007542452301694795,0.1393408734540308
298.0,0.000767293777439329,0.000702250875686463,0.13929355816870723
298.0416666666667,0.0007121922156460442,0.0006604476960629836,0.1392284402622483
298.0833333333333,0.0006666593842230964,0.0006319698237723905,0.1391500534088694
298.125,0.0006337925542457763,0.0006189909916492383,0.1390639281013279
298.1666666666667,0.0006161868082597623,0.000622522687876367,0.13897619659278018
298.2083333333333,0.000615379249310341,0.000642340558219293,0.13889312713239008
298.25,0.0006313806218484276,0.0006769531720651604,0.13882064400727184
298.2916666666667,0.0006621936715803549,0.0007229869327176336,0.13876378051517482
298.3333333333333,0.0007043801603810033,0.0007765024420693914,0.13872604615838277
298.375,0.0007546011161436386,0.0008341950452251885,0.1387096110900173
298.4166666666667,0.0008102509937728921,0.0008924304755836549,0.13871533309369458
298.4583333333333,0.0008677312032052845,0.0009473313777112374,0.1387426299638525
298.5,0.0009234101540275082,0.000995460542557212,0.13878951777349666
298.5416666666667,0.0009736453437789824,0.0010338631682970383,0.13885279937279713
298.5833333333333,0.0010158066488011868,0.001060303832035493,0.13892830162214612
298.625,0.0010471694815027282,0.0010732365180784124,0.13901113600792475
298.6666666666667,0.0010661942675509889,0.0010718893126320723,0.13909599124930547
298.7083333333333,0.001071528042948295,0.001056285548278142,0.13917742129928107
298.75,0.0010627528477437085,0.0010272181802189868,0.1392501503707057
298.7916666666667,0.001038761230416252,0.0009852413657852597,0.13930921925366413
298.8333333333333,0.000999477962152891,0.0009325062756648587,0.139350042166554
298.875,0.0009478959624066826,0.0008735134505944124,0.13936942375032146
298.9166666666667,0.0008892531328778566,0.000812718360932814,0.13936589670246882
298.9583333333333,0.0008275600412746865,0.0007542480566671246,0.13933961188007474
299.0,0.0007673088700256872,0.0007022453127751264,0.13929229959017467
299.0416666666667,0.0007122446510360611,0.0006604527663710433,0.13922718351870056
299.0833333333333,0.0006665917724108319,0.0006319697001157358,0.13914879914702075
299.125,0.0006337959327628071,0.0006189881403350104,0.13906267701969172
299.1666666666667,0.0006162236407221164,0.0006225244474384585,0.13897494847424308
299.2083333333333,0.0006153524992543219,0.0006423386291998543,0.1388918808019403
299.25,0.0006313823524902011,0.0006769535878586065,0.13881940119283195
299.2916666666667,0.0006622032819633177,0.0007229872950302195,0.13876254005094912
299.3333333333333,0.0007043815042030347,0.0007764993427358643,0.13872480772138104
299.375,0.0007545869334311935,0.0008341876710329465,0.1387083741323463
299.4166666666667,0.0008102324442649211,0.0008924196049834997,0.1387140956619288
299.4583333333333,0.0008677060799689358,0.0009473173550989895,0.13874139071039107
299.5,0.0009233820354031758,0.0009954445426976258,0.1387882757222073
299.5416666666667,0.0009736107792310713,0.001033846110931831,0.13885155365029211
299.5833333333333,0.0010157735008973928,0.0010602866801311594,0.1389270527045791
299.625,0.0010471371887131676,0.0010732213321431724,0.13900988376325585
299.6666666666667,0.001066163738807129,0.0010718760421912583,0.13909473653620805
299.7083333333333,0.001071508836893154,0.0010562762359373201,0.13917616512039008
299.75,0.001062741048546895,0.0010272156654710853,0.1392488945628793
299.7916666666667,0.001038757774876855,0.0009852406483774074,0.13930796618284208
299.8333333333333,0.0009994799211944941,0.0009325060994547967,0.13934879179998547
299.875,0.0009478943948354775,0.0008735128287022956,0.13936817613228603
299.9166666666667,0.0008892551665472463,0.0008127174359388068,0.13936465144228913
299.9583333333333,0.0008275552630674606,0.0007542477718083318,0.13933836939848662
300.0,0.0007673047400372539,0.0007022441736262063,0.13929105951184134
300.0416666666667,0.000712251340970295,0.0006604525721983595,0.13922594631065366
300.0833333333333,0.000666587270379585,0.0006319697916344334,0.13914756441081375
300.125,0.0006337859441977684,0.0006189874890176261,0.13906144494317052
300.1666666666667,0.0006162298549611958,0.0006225241095809014,0.13897371922505747
300.2083333333333,0.0006153544373720838,0.000642339341865828,0.138890654655663
300.25,0.0006313719171908,0.0006769456928500363,0.1388181769754593
300.2916666666667,0.0006621985262594606,0.000722986093686621,0.1387613154030189
300.3333333333333,0.0007043751925800186,0.0007764971748033401,0.13872358519058028
300.375,0.0007545836416425996,0.0008341810599777102,0.13870715274988105
300.4166666666667,0.0008102067898875726,0.0008924089215836077,0.13871287341369234
300.4583333333333,0.0008676950545968808,0.0009473037974292515,0.13874016665414382
300.5,0.0009233376463364214,0.0009954301822779955,0.13878704766444772
300.5416666666667,0.000973589619700127,0.0010338286197714996,0.13885032291496724
300.5833333333333,0.001015738291099642,0.001060271307140348,0.13892581841028553
300.625,0.001047101122743311,0.0010732055424540234,0.13900864624714865
300.6666666666667,0.0010661500527215217,0.0010718658967330966,0.1390934967320742
300.7083333333333,0.001071480588364244,0.0010562676463299035,0.13917492454740155
300.75,0.0010627272805739019,0.0010272027896884018,0.13924765430111993
300.7916666666667,0.0010387520683650645,0.0009852534201054558,0.13930672639527897
300.8333333333333,0.0009994889877941245,0.0009325131355810541,0.13934756470559634
300.875,0.0009479327709108268,0.0008735084705590878,0.13936695665177082
300.9166666666667,0.0008891921086528866,0.0008127162032471098,0.1393634347096135
300.9583333333333,0.0008276338423317674,0.0007542455028701259,0.13933715880809064
301.0,0.0007672429236215006,0.0007022478337174204,0.1392898523952762
301.0416666666667,0.000712223786072827,0.0006604423368467324,0.13922474428422446
301.0833333333333,0.0006666606845179409,0.0006319698135567797,0.13914636607822348
301.125,0.0006337335093359042,0.0006189826618187062,0.13906024868190794
301.1666666666667,0.0006162142958933524,0.0006225178037346097,0.13897252370027827
301.2083333333333,0.0006153649402588832,0.0006423389541934938,0.13888946034937974
301.25,0.0006313711071006109,0.0006769591773231238,0.13881698935541573
301.2916666666667,0.0006622118142428718,0.0007229866896502318,0.13876014188799426
301.3333333333333,0.00070437801134184,0.0007764828871388528,0.13872241136828345
301.375,0.0007545510539227755,0.0008341673266946955,0.13870597447805064
301.4166666666667,0.0008101852674184159,0.000892399623589848,0.1387116941301149
301.4583333333333,0.0008676681409392792,0.0009472893598643648,0.13873898621978556
301.5,0.0009233195946563275,0.0009954141254046502,0.13878586534349832
301.5416666666667,0.0009735475731609091,0.001033811851441236,0.1388491372015694
301.5833333333333,0.0010157105404272546,0.001060253714059086,0.1389246292031341
301.625,0.0010470757579081665,0.001073190871633252,0.13900745394471398
301.6666666666667,0.0010661124829544097,0.0010718518334081003,0.13909230183712298
301.7083333333333,0.001071468006219726,0.001056259458356985,0.13917372818777404
301.75,0.0010627067088524592,0.0010271989438398726,0.13924645728900592
301.7916666666667,0.0010387383456686983,0.0009852329280826163,0.13930552973271754
301.8333333333333,0.0009994679323689648,0.0009325029338987863,0.1393463590843902
301.875,0.0009478933210570487,0.0008735114542094416,0.1393657486066898
301.9166666666667,0.0008892455995589089,0.0008127165155489925,0.13936222939979218
301.9583333333333,0.000827561670582541,0.0007542458938214818,0.13933595277197688
302.0,0.0007673056278345436,0.0007022444014544393,0.13928864850192305
302.0416666666667,0.0007122271650274783,0.0006604503603162479,0.13922354049841243
302.0833333333333,0.0006665981857431348,0.0006319677830803819,0.1391451639914731
302.125,0.0006338016244289385,0.0006189871091273358,0.13905904979675504
302.1666666666667,0.0006162085814916721,0.0006225224005969355,0.1389713288930036
302.2083333333333,0.0006153523368076475,0.0006423372454744753,0.13888826928195228
302.25,0.000631377587068404,0.0006769463233025913,0.13881579615616763
302.2916666666667,0.0006621991314424694,0.0007229855607752714,0.13875894508475595
302.3333333333333,0.0007043581620773599,0.0007764830080982132,0.13872121780194288
302.375,0.0007545530914095368,0.0008341629716504148,0.1387047826642781
302.4166666666667,0.0008101631147648591,0.000892390691002674,0.13871050207644114
302.4583333333333,0.0008676633776284057,0.0009472753001050304,0.13873779264767439
302.5,0.0009232787900842478,0.0009953999505625,0.1387846694173542
302.5416666666667,0.0009735165275335713,0.0010337936241361589,0.13884793877377305
302.5833333333333,0.0010156879232349624,0.001060238337304665,0.1389234270140376
302.625,0.001047036908834431,0.0010731749810719228,0.13900624916655124
302.6666666666667,0.0010660960908342263,0.0010718404604251853,0.13909109420776045
302.7083333333333,0.001071441336320969,0.0010562504467088699,0.13917251915224563
302.75,0.001062675484549349,0.0010271724339294519,0.13924524813585196
302.7916666666667,0.0010386927242194042,0.000985221989983165,0.13930431412666908
302.8333333333333,0.0009994337674329443,0.0009325001089008151,0.1393451444373707
302.875,0.0009479128361517328,0.0008735101841139439,0.13936453931615406
302.9166666666667,0.0008892033845417739,0.0008127182263485609,0.13936102379973767
302.9583333333333,0.0008276305061361683,0.0007542424057341627,0.13933475237972595
303.0,0.0007672486626372488,0.0007022490256025083,0.13928745002588322
303.0416666666667,0.0007122022393535266,0.0006604414466821003,0.13922234594674296
303.0833333333333,0.0006666789438579112,0.0006319699555144332,0.13914397200840453
303.125,0.0006337522303552346,0.0006189880741569649,0.13905785964787057
303.1666666666667,0.0006161909799864594,0.0006225191366882933,0.1389701415305642
303.2083333333333,0.0006153861792104699,0.0006423387369874029,0.13888708470949981
303.25,0.0006313635211500486,0.0006769505640677419,0.13881461547152396
303.2916666666667,0.0006621836674901119,0.0007229790219447038,0.13875776430136463
303.3333333333333,0.0007043560267048333,0.0007764817467634656,0.1387200387240638
303.375,0.0007545477150724343,0.0008341583568354752,0.13870360678218346
303.4166666666667,0.0008101618350989202,0.0008923776718813895,0.13870932561806248
303.4583333333333,0.0008676140808878335,0.0009472641009006126,0.13873661361623985
303.5,0.0009232690698563013,0.0009953830248449309,0.13878348778905103
303.5416666666667,0.0009734898711412282,0.001033780354820263,0.13884675256570755
303.5833333333333,0.001015646713347142,0.0010602222726805433,0.13892223759108807
303.625,0.0010470160369510178,0.0010731624078484782,0.13900505619652284
303.6666666666667,0.0010660632848565551,0.0010718283775999237,0.13908989981911649
303.7083333333333,0.001071427441256635,0.0010562424305137212,0.13917132414687955
303.75,0.0010626977381711436,0.0010272005983973217,0.13924405555214295
303.7916666666667,0.0010387404119958329,0.000985237466873128,0.13930313535464378
303.8333333333333,0.0009994736157885493,0.0009325037662094149,0.1393439712677449
303.875,0.0009478880773897848,0.0008735098730243348,0.13936336556819182
303.9166666666667,0.0008892513235717547,0.0008127149401898755,0.13935985091886713
303.9583333333333,0.0008275472479499329,0.0007542455395916785,0.13933357882653535
304.0,0.0007672980886409256,0.0007022415326158409,0.13928627890588127
304.0416666666667,0.0007122549996421771,0.0006604508980615299,0.13922117612849627
304.0833333333333,0.0006665817841740281,0.0006319690993840437,0.13914280420502098
304.125,0.0006337757935853101,0.0006189850956474074,0.1390566953514271
304.1666666666667,0.0006162316100002609,0.0006225221232309609,0.13896897998596663
304.2083333333333,0.0006153522513568606,0.0006423379050094532,0.13888592574718042
304.25,0.0006313697118280888,0.0006769482946357307,0.1388134579300753
304.2916666666667,0.0006621989493079847,0.0007229836359778275,0.13875661114676652
304.3333333333333,0.0007043566546997742,0.0007764772421390107,0.1387188865290267
304.375,0.0007545409243314373,0.0008341474277117254,0.13870245171318168
304.4166666666667,0.000810112506571214,0.0008923670432293369,0.13870816706355174
304.4583333333333,0.0008676341481382204,0.0009472529110824382,0.13873545283880745
304.5,0.0009231987392342297,0.0009953687427299573,0.13878232310121852
304.5416666666667,0.0009735074999044314,0.001033765287521382,0.13884558402108202
304.5833333333333,0.0010155821133078732,0.0010602109336780628,0.1389210640872237
304.625,0.0010470117491350143,0.0010731480521995788,0.13900388103517852
304.6666666666667,0.0010660359620500678,0.0010718222161176314,0.13908872269130912
304.7083333333333,0.0010714117841590083,0.0010562307369502023,0.13917014656484034
304.75,0.0010626590799110423,0.0010271704141106483,0.13924287084464768
304.7916666666667,0.001038678942945766,0.0009852108475874016,0.13930194449897418
304.8333333333333,0.0009994421599852832,0.0009324968270766512,0.1393427802687253
304.875,0.0009478962562440888,0.0008735059407637016,0.13936218022193778
304.9166666666667,0.0008892191642782503,0.0008127161230689149,0.13935866899251792
304.9583333333333,0.0008275884734170172,0.000754241962072374,0.13933240135484617
305.0,0.0007672868164498995,0.0007022459117580947,0.13928510464307758
305.0416666666667,0.0007121908505602099,0.0006604446344755704,0.13922000491307088
305.0833333333333,0.0006666425796747575,0.0006319660712885297,0.13914163626487216
305.125,0.0006337876748360769,0.0006189871214401212,0.13905552926722012
305.1666666666667,0.0006161821227952242,0.0006225193439779232,0.1389678158765369
305.2083333333333,0.0006153702590617735,0.0006423368175951195,0.13888476433338773
305.25,0.0006313736958346285,0.0006769464168506924,0.13881230085736374
305.2916666666667,0.0006621797185071428,0.0007229774858453883,0.13875545242807272
305.3333333333333,0.0007043423517626944,0.0007764754206497981,0.13871773053326772
305.375,0.0007545278032227905,0.0008341445675101682,0.13870130046303025
305.4166666666667,0.000810124938040686,0.0008923574647049935,0.1387070180295435
305.4583333333333,0.0008675774165585815,0.0009472383032727229,0.13873430263903064
305.5,0.0009232056226617993,0.000995354056099915,0.1387811709909621
305.5416666666667,0.0009734350194272583,0.0010337481500021113,0.13884442960041915
305.5833333333333,0.0010155845638013562,0.0010601915483087305,0.13891990817949207
305.625,0.0010469536091711092,0.0010731335884693208,0.13900272069157443
305.6666666666667,0.001066018196359417,0.0010718057017392035,0.13908755984137405
305.7083333333333,0.0010713855058747197,0.0010562251746182236,0.13916898180595572
305.75,0.0010626932561223282,0.0010272056088930055,0.13924171530631466
305.7916666666667,0.001038744431068362,0.0009852364967984182,0.1393008064676685
305.8333333333333,0.000999485202691556,0.0009325016133901653,0.13934164833289467
305.875,0.0009478784293823425,0.0008735053216667976,0.13936104857337075
305.9166666666667,0.0008892476413844632,0.0008127140468817324,0.1393575387390254
305.9583333333333,0.0008275430544986163,0.0007542445683443073,0.13933127120627983
306.0,0.0007672939705940703,0.000702239887757794,0.13928397624494732
306.0416666666667,0.0007122610881454506,0.000660449761431565,0.13921887835710484
306.0833333333333,0.0006665787012968943,0.0006319687584412359,0.13914051131589908
306.125,0.0006337650317167449,0.0006189843206271537,0.1390544074260266
306.1666666666667,0.0006162295021985626,0.0006225209782446155,0.1389666971500489
306.2083333333333,0.0006153580937443028,0.0006423381561456568,0.13888364834132322
306.25,0.0006313559612482185,0.0006769415421108621,0.13881118601349107
306.2916666666667,0.0006621760548603025,0.0007229657052768606,0.13875433974581147
306.3333333333333,0.0007043256092000157,0.000776458675515544,0.1387166144114563
306.375,0.0007545039760389236,0.0008341317314907582,0.13870017756572833
306.4166666666667,0.0008100729266300593,0.0008923498132421497,0.13870589278269466
306.4583333333333,0.0008676132022124006,0.0009472269131810833,0.13873317527303025
306.5,0.0009231215466947227,0.0009953404743640168,0.1387800401382678
306.5416666666667,0.0009734550332125175,0.001033731437985578,0.13884329749130594
306.5833333333333,0.0010155159188689243,0.0010601798149234443,0.13891877073782138
306.625,0.0010469510086560292,0.00107311790114084,0.13900158136676866
306.6666666666667,0.0010659876959410181,0.0010717982569499534,0.13908641824765605
306.7083333333333,0.001071374723211128,0.0010562171066959213,0.13916784042879796
306.75,0.0010626664743240948,0.0010271875500602703,0.13924057251469893
306.7916666666667,0.001038712047471349,0.000985231337458277,0.1392996601006293
306.8333333333333,0.0009994625631375125,0.0009324981929923156,0.1393405026331452
306.875,0.0009478863651764648,0.0008735038271462109,0.13935990554206806
306.9166666666667,0.0008892394287363648,0.0008127142170044449,0.1393563976293458
306.9583333333333,0.0008275481573978058,0.0007542427913408169,0.13933013288154858
307.0,0.0007673009808800819,0.000702241014659747,0.13928284062739163
307.0416666666667,0.0007122391352041549,0.0006604489727531671,0.13921774491557104
307.0833333333333,0.0006665811258994274,0.0006319665069907927,0.13913938073995147
307.125,0.0006337799299354056,0.0006189843437389,0.13905327907956086
307.1666666666667,0.0006162252433792037,0.000622520933880837,0.13896557113454486
307.2083333333333,0.000615351271560198,0.0006423376617535945,0.13888252500984985
307.25,0.0006313667142855098,0.000676945235744909,0.13881006471356125
307.2916666666667,0.0006621898570815641,0.0007229767351055841,0.1387532244813853
307.3333333333333,0.0007043374899896764,0.0007764645982986269,0.13871550416424183
307.375,0.0007545078210877612,0.0008341268794426293,0.13869907102573995
307.4166666666667,0.0008100640705467721,0.0008923371557083089,0.13870478447091267
307.4583333333333,0.000867568413909724,0.0009472153324883346,0.13873206502135282
307.5,0.0009231198521597877,0.000995325244163297,0.13877892760549268
307.5416666666667,0.0009734202645311783,0.0010337189800653475,0.13884217920285014
307.5833333333333,0.0010154923396783703,0.0010601650945540923,0.13891764956342914
307.625,0.0010469269275290894,0.0010731065341325263,0.13900045770416947
307.6666666666667,0.0010659622931310595,0.001071788140446953,0.13908529286498567
307.7083333333333,0.0010713560480126747,0.0010562067440328647,0.1391667136591656
307.75,0.0010626209341822262,0.0010271550778067154,0.13923943874939085
307.7916666666667,0.0010386594016889561,0.0009852048308610236,0.13929851624533637
307.8333333333333,0.0009994333906537577,0.0009324937555235891,0.13933935846775383
307.875,0.0009478923026080675,0.0008735038831673206,0.13935876505810127
307.9166666666667,0.0008892130334618774,0.0008127141817217582,0.1393552610602095
307.9583333333333,0.0008275878583812748,0.0007542401742610792,0.1393290007539206
308.0,0.0007672802520076939,0.0007022445003085303,0.1392817113638647
308.0416666666667,0.0007121862483251452,0.0006604426113634676,0.1392166191196202
308.0833333333333,0.0006666468217903249,0.0006319646435016277,0.13913825790432865
308.125,0.0006337793155991204,0.000618985536639284,0.13905215815435515
308.1666666666667,0.0006161759198008614,0.0006225169010211142,0.13896445188162296
308.2083333333333,0.000615370556614471,0.0006423353003753752,0.13888140748495745
308.25,0.0006313770668088741,0.0006769532828524233,0.1388089517587104
308.2916666666667,0.0006621802601324045,0.0007229748622947171,0.13875211364783854
308.3333333333333,0.0007043314926685488,0.0007764633873653209,0.13871439695600538
308.375,0.0007544899284375632,0.0008341234521090467,0.13869796793642483
308.4166666666667,0.0008100853523888122,0.0008923274606985157,0.13870368419477222
308.4583333333333,0.0008674972307590108,0.0009472017609063006,0.1387309638029048
308.5,0.0009231457037281744,0.0009953098519022586,0.13877782536664945
308.5416666666667,0.0009733396398404774,0.001033703948117049,0.138841075512433
308.5833333333333,0.001015489337541708,0.0010601442765143332,0.1389165440935846
308.625,0.0010468855562409602,0.0010730936006479034,0.13899934810894518
308.6666666666667,0.0010659356776171666,0.0010717724095766791,0.13908418071786421
308.7083333333333,0.0010713406071439881,0.0010562038041100983,0.13916560017582125
308.75,0.0010626144589135445,0.0010271628586681928,0.13923833060376387
308.7916666666667,0.001038698127197694,0.000985221744374983,0.13929741412582305
308.8333333333333,0.0009994641046681795,0.0009325031609002324,0.13933826140227018
308.875,0.0009478980014339384,0.000873507173838362,0.13935767164564877
308.9166666666667,0.0008892213665643785,0.0008127119089882678,0.13935417014310506
308.9583333333333,0.0008275709547018691,0.0007542406559449857,0.13932791162176028
309.0,0.000767291050367492,0.000702242340606462,0.13928062465439703
309.0416666666667,0.0007121933111825042,0.0006604442331424504,0.13921553445583928
309.0833333333333,0.0006666210472765271,0.0006319637244675233,0.13913717531964048
309.125,0.0006337942664337324,0.0006189852159171498,0.13905107797087796
309.1666666666667,0.0006161866041305161,0.0006225187322891439,0.13896337441710097
309.2083333333333,0.0006153591364340516,0.0006423337056396033,0.13888033191606156
309.25,0.0006313743400421931,0.0006769482287758735,0.1388078764067175
309.2916666666667,0.0006621750256026655,0.0007229711933195067,0.1387510394007924
309.3333333333333,0.0007043226975293085,0.0007764590775793668,0.13871332374036624
309.375,0.0007544790481626748,0.0008341168557629342,0.13869689519887943
309.4166666666667,0.0008100672600970351,0.0008923182678509636,0.1387026107510978
309.4583333333333,0.0008674804991338083,0.0009471894582922925,0.13872988878078366
309.5,0.0009231177959903026,0.0009952963698834556,0.13877674794120387
309.5416666666667,0.0009733121347011,0.0010336885803054526,0.138839995190183
309.5833333333333,0.0010154652481487822,0.0010601302652676794,0.1389154604401623
309.625,0.0010468548730416909,0.0010730798285923146,0.1389982617878925
309.6666666666667,0.001065915030370335,0.0010717613578164037,0.13908309224093524
309.7083333333333,0.0010713198938652648,0.0010561958812717648,0.13916451060356294
309.75,0.0010626056836185451,0.0010271592769941682,0.13923724161691642
309.7916666666667,0.001038689150662541,0.0009852170783891446,0.139296325846335
309.8333333333333,0.0009994577669108654,0.000932501104007293,0.13933717453593117
309.875,0.0009478944116742783,0.000873506449488031,0.13935658691959668
309.9166666666667,0.0008892206842138964,0.0008127109347987444,0.1393530877708265
309.9583333333333,0.0008275710278320016,0.0007542403286255323,0.13932683171379107
310.0,0.000767286342835889,0.0007022416804798998,0.139279547238503
310.0416666666667,0.000712192074251898,0.0006604432665938994,0.13921445958686623
310.0833333333333,0.0006666270772668352,0.0006319629363151002,0.13913610303883225
310.125,0.000633788313919724,0.0006189843602525343,0.1390500079558379
310.1666666666667,0.0006161764779439247,0.0006225165771921601,0.13896230631460044
310.2083333333333,0.0006153619387668968,0.000642333582208164,0.13887926627702155
310.25,0.0006313562055883329,0.0006769361412725482,0.1388068103030015
310.2916666666667,0.0006621648600386372,0.0007229682711899335,0.1387499734210581
310.3333333333333,0.0007043116997259724,0.0007764521047636928,0.1387122563811475
310.375,0.0007544843060251453,0.0008341066122795106,0.1386958241903281
310.4166666666667,0.0008100107552443906,0.0008923084498712771,0.13870153638751764
310.4583333333333,0.0008675130509343447,0.0009471799163380749,0.13872881228359163
310.5,0.0009230286495626759,0.0009952839948202648,0.13877566560791785
310.5416666666667,0.0009733495067817601,0.0010336752589708538,0.1388389097062396
310.5833333333333,0.0010153960757566809,0.001060120864601745,0.13891437069165039
310.625,0.0010468583607229126,0.0010730673759576303,0.13899717018717192
310.6666666666667,0.0010658826942804326,0.0010717567985111499,0.13908199923127815
310.7083333333333,0.001071311291257511,0.001056185502029751,0.13916341777318206
310.75,0.0010626079848599335,0.0010271622517444238,0.13923614634332654
310.7916666666667,0.0010386691223262996,0.0009852181949986216,0.1392952324028272
310.8333333333333,0.0009994461636928312,0.0009324954476457756,0.1393360821202784
310.875,0.0009478853065640166,0.0008735048682599003,0.13935549270734623
310.9166666666667,0.000889242692308937,0.0008127106824614758,0.13935199467682496
310.9583333333333,0.0008275422695103532,0.0007542411096510311,0.13932573942194917
311.0,0.0007672922462098306,0.0007022384661696153,0.13927845669613936
311.0416666666667,0.0007122329989568127,0.0006604466182231219,0.13921337043938994
311.0833333333333,0.0006665799876303311,0.0006319638862827845,0.13913501586946797
311.125,0.0006337845660459856,0.0006189825361699266,0.13904892357131685
311.1666666666667,0.0006162123358345443,0.0006225188781609349,0.13896122483164422
311.2083333333333,0.0006153414847605895,0.0006423329599897819,0.13887818688652842
311.25,0.0006313712687489001,0.000676947643850093,0.1388057368888441
311.2916666666667,0.0006621795040512192,0.0007229697110520786,0.13874890372725499
311.3333333333333,0.0007043185652476192,0.0007764526116386414,0.13871119128331413
311.375,0.0007544589746078568,0.0008341041597941703,0.13869476459955535
311.4166666666667,0.0008100346663854378,0.0008922998383243421,0.13870047912288286
311.4583333333333,0.0008674407372049075,0.0009471656957514611,0.13872775410681779
311.5,0.0009230668403330274,0.0009952692269804043,0.1387746086584308
311.5416666666667,0.0009732579483227648,0.0010336594105793927,0.1388378492933412
311.5833333333333,0.0010154120635053395,0.0010601020355518332,0.1389133091298874
311.625,0.001046797494901803,0.001073053738374146,0.13899610496391954
311.6666666666667,0.0010658673007578957,0.001071739046559355,0.13908093143446554
311.7083333333333,0.0010712839000188794,0.001056179907265901,0.13916234749134251
311.75,0.0010625923503473007,0.0010271580684541423,0.13923508004189622
311.7916666666667,0.0010386859811878813,0.0009852172105258667,0.13929416901464842
311.8333333333333,0.0009994485521954142,0.0009324950576432702,0.13933502056894637
311.875,0.000947878158786846,0.0008735044482483612,0.1393544336751382
311.9166666666667,0.0008892342343693278,0.000812709853718538,0.13935093799821624
311.9583333333333,0.0008275465321443372,0.0007542400714762027,0.1393246853113347
312.0,0.0007672933469186912,0.000702238536927578,0.13927740489098547
312.0416666666667,0.000712223956765885,0.0006604457100925354,0.13921232083016416
312.0833333333333,0.0006665843455404734,0.0006319630363834583,0.13913396862553953
312.125,0.0006337895526058187,0.000618982278341673,0.13904787859500203
312.1666666666667,0.0006162032176775208,0.0006225178950941021,0.13896018192255274
312.2083333333333,0.0006153416332760853,0.0006423322417895643,0.1388771462215869
312.25,0.0006313802039557598,0.0006769556397513049,0.13880469858265493
312.2916666666667,0.0006621925746283729,0.0007229790954555329,0.13874787235801436
312.3333333333333,0.0007043224443779761,0.0007764481628864421,0.13871016005120718
312.375,0.0007544642437047275,0.0008340915525779427,0.13869372872465044
312.4166666666667,0.0008099732363959163,0.0008922913817457016,0.1386994398491115
312.4583333333333,0.0008674800852976314,0.0009471558551822658,0.13872671375996104
312.5,0.0009229772578902897,0.000995257414820263,0.13877356334228846
312.5416666666667,0.0009732864092324103,0.0010336445430013407,0.13883680292426484
312.5833333333333,0.0010153469180537492,0.0010600927183210815,0.13891225773011814
312.625,0.001046793164031533,0.001073040147401004,0.1389950519677384
312.6666666666667,0.0010658461043100867,0.0010717332233669697,0.1390798766295474
312.7083333333333,0.0010712691961035467,0.0010561711894081012,0.1391612929118717
312.75,0.001062610708935973,0.001027175632105447,0.13923402998519305
312.7916666666667,0.0010387177869682525,0.000985255278313957,0.1392931297478261
312.8333333333333,0.0009995004713661622,0.0009325096148950259,0.1393340035374593
312.875,0.0009479266578025492,0.0008734964620985206,0.139353423994574
312.9166666666667,0.0008891470584063035,0.0008127093845538998,0.13934992980166028
312.9583333333333,0.0008276482668637311,0.0007542382545912722,0.13932368277003843
313.0,0.000767203485005685,0.0007022418932340241,0.1392764040925739
313.0416666666667,0.0007122255209054699,0.0006604352420277134,0.13921132479595338
313.0833333333333,0.0006666518311099474,0.0006319660670942618,0.1391329743795447
313.125,0.0006337218993615962,0.0006189786381177958,0.13904688607278487
313.1666666666667,0.0006162102450005281,0.0006225128144116826,0.13895919059794992
313.2083333333333,0.0006153536383013223,0.000642333618728539,0.13887615631632294
313.25,0.0006313625559020838,0.0006769555275676829,0.13880371367137243
313.2916666666667,0.0006621998384083811,0.0007229768262334925,0.1387468968869753
313.3333333333333,0.0007043300068587034,0.0007764413828515484,0.13870918611075447
313.375,0.0007544317588502015,0.0008340853336231025,0.13869275506152434
313.4166666666667,0.0008099788498287677,0.0008922852751245707,0.1386984676692435
313.4583333333333,0.0008674303847109433,0.0009471408377869207,0.1387257411753732
313.5,0.0009230050271048987,0.0009952453229183681,0.13877259114571064
313.5416666666667,0.0009731983066516461,0.0010336288501725415,0.13883582761952745
313.5833333333333,0.0010153638996416212,0.0010600735280298069,0.13891128178214535
313.625,0.0010467389166067917,0.0010730273022776999,0.13899407211370177
313.6666666666667,0.0010658160795245977,0.0010717162822351063,0.13907889394871892
313.7083333333333,0.0010712528366429808,0.001056163814678776,0.13916030672306232
313.75,0.00106253733253587,0.0010271246189866292,0.1392330373391304
313.7916666666667,0.0010386599045925612,0.0009852230626071442,0.13929212151152448
313.8333333333333,0.000999444333289317,0.0009325041098281854,0.13933298522453016
313.875,0.0009479264641074197,0.0008735021401468322,0.1393524107284594
313.9166666666667,0.0008891589139573254,0.0008127069085069877,0.13934892121051318
313.9583333333333,0.0008276457269012762,0.0007542392193221971,0.13932267786308408
314.0,0.0007671921006389703,0.0007022387669863671,0.1392754025448209
314.0416666666667,0.0007122505022192499,0.0006604345439994259,0.13921032744139897
314.0833333333333,0.0006666171646101899,0.0006319634525727624,0.13913197927497714
314.125,0.000633732871167216,0.0006189760506304305,0.13904589253935976
314.1666666666667,0.0006162073934123538,0.0006225122923003325,0.13895819855973096
314.2083333333333,0.0006153398301652977,0.0006423316329772227,0.1388751660748462
314.25,0.0006313611830726405,0.0006769382940062355,0.13880272506265925
314.2916666666667,0.0006621776398381765,0.0007229672723149044,0.1387459002265974
314.3333333333333,0.0007042886658550872,0.0007764361308027128,0.1387081912285204
314.375,0.0007544313923836441,0.0008340831099395295,0.13869176273122336
314.4166666666667,0.0008099697049061265,0.0008922761867738186,0.13869747498858417
314.4583333333333,0.0008674205227363877,0.0009471309206188909,0.13872474653504904
314.5,0.0009229607355047025,0.0009952323402704552,0.13877159381408635
314.5416666666667,0.0009732040658782214,0.0010336152259918453,0.13883482669279457
314.5833333333333,0.0010153296956703583,0.0010600643028227034,0.13891027735811523
314.625,0.0010467097098383618,0.00107301350273419,0.1389930659338341
314.6666666666667,0.0010658205506465345,0.0010717107559482736,0.13907788607901123
314.7083333333333,0.0010712170718483163,0.0010561564706027544,0.13915929894497248
314.75,0.001062552253517915,0.0010271270458358302,0.13923203268959108
314.7916666666667,0.0010386363536061354,0.0009852253726290918,0.1392911177847128
314.8333333333333,0.0009994524419523574,0.0009325071264263726,0.13933199172247426
314.875,0.0009479491678729942,0.0008734980325292584,0.1393514195108714
314.9166666666667,0.0008891168352178281,0.0008127040036499096,0.13934793127885267
314.9583333333333,0.0008276804124343536,0.0007542427005534666,0.13932169118216228
315.0,0.0007671569298404397,0.0007022346451199725,0.13927441696463372
315.0416666666667,0.0007122843201381155,0.0006604370630908865,0.13920934422866055
315.0833333333333,0.0006665791343136892,0.0006319611839518538,0.1391309981332607
315.125,0.0006337595495905955,0.000618975775228456,0.13904491363962096
315.1666666666667,0.0006161906693476142,0.0006225130619190997,0.13895722163462673
315.2083333333333,0.0006153414629711635,0.0006423305366317399,0.13887419164537215
315.25,0.0006313655907943307,0.0006769386076042086,0.138801751014779
315.2916666666667,0.000662167751510849,0.0007229685981838387,0.13874493024947654
315.3333333333333,0.0007042902959321656,0.0007764341249072383,0.13870722332476365
315.375,0.0007544302076709394,0.0008340771989262868,0.13869079530573436
315.4166666666667,0.0008099533751408311,0.0008922678675463985,0.13869650724233834
315.4583333333333,0.0008673980390047848,0.0009471196203126466,0.13872377744703612
315.5,0.0009229454576033969,0.0009952204227059857,0.13877062274820934
315.5416666666667,0.0009731610649523448,0.0010336015357102384,0.13883385387825792
315.5833333333333,0.001015312820173266,0.001060048992162707,0.13890930218281938
315.625,0.001046681604707347,0.0010730022307438255,0.13899208774730906
315.6666666666667,0.0010657921248683167,0.0010716990460513647,0.13907690584114632
315.7083333333333,0.0010712058898207043,0.0010561499107055155,0.13915831764636916
315.75,0.0010625633216416158,0.0010271458376295394,0.13923105282214196
315.7916666666667,0.0010386711549471117,0.0009852307246171167,0.13929014674587648
315.8333333333333,0.0009994659064817197,0.0009325108760519993,0.1393310210590055
315.875,0.0009479142859601042,0.0008735038542981869,0.13935044414115794
315.9166666666667,0.0008891999677836477,0.0008127078006105528,0.13934695729992436
315.9583333333333,0.000827586552541626,0.0007542345817666022,0.13932071432740264
316.0,0.0007672601804182834,0.0007022411594590762,0.1392734422611111
316.0416666666667,0.0007121760838121176,0.0006604366803432578,0.13920836777487725
316.0833333333333,0.000666654463854074,0.0006319619512667285,0.1391300239676294
316.125,0.0006337583785821567,0.0006189823264278829,0.1390439417891273
316.1666666666667,0.0006161708369411691,0.0006225120054814433,0.13895625337130382
316.2083333333333,0.0006153715947884082,0.0006423313710686759,0.13887322600217972
316.25,0.0006313631237148535,0.0006769527235751297,0.1388007868161167
316.2916666666667,0.0006621714008027571,0.0007229683962012306,0.1387439681155541
316.3333333333333,0.0007043002455432007,0.000776433474216523,0.1387062625152106
316.375,0.000754420427326777,0.000834069754286798,0.1386898334235198
316.4166666666667,0.0008099368169803283,0.0008922564382560119,0.1386955432373864
316.4583333333333,0.0008673753988655919,0.0009471117498968642,0.1387228111055513
316.5,0.0009229133539074049,0.0009952073546735535,0.13876965174075226
316.5416666666667,0.000973165991293165,0.0010335920335408772,0.13883287925733637
316.5833333333333,0.0010152593689657565,0.0010600403276141564,0.1389083229091631
316.625,0.001046691312840756,0.0010729949633347163,0.13899110623431105
316.6666666666667,0.0010657687700244061,0.001071694555036564,0.13907592469263652
316.7083333333333,0.0010711907130143308,0.001056137672438658,0.13915733591667395
316.75,0.001062537538217807,0.001027123427441273,0.13923006221655446
316.7916666666667,0.0010386275174625705,0.0009852034739050324,0.1392891533866269
316.8333333333333,0.0009994246456504075,0.0009324949365965723,0.1393300153336164
316.875,0.0009478844074710128,0.000873501218584457,0.13934944225427598
316.9166666666667,0.0008892161965022487,0.0008127065947833538,0.13934595782617148
316.9583333333333,0.0008275600377367594,0.0007542361685126306,0.13931971655257994
317.0,0.0007672794615485248,0.000702237705665025,0.13927244699531674
317.0416666666667,0.0007121850668471002,0.0006604399336430415,0.13920737429244381
317.0833333333333,0.0006666158513696055,0.000631959657483539,0.13912903269740085
317.125,0.0006337846712139835,0.0006189812815865276,0.13904295278286646
317.1666666666667,0.0006161744569498963,0.0006225140908221172,0.13895526648339115
317.2083333333333,0.000615353408914747,0.0006423297809369987,0.13887224132392278
317.25,0.0006313717440594,0.0006769507298542485,0.1387998032696785
317.2916666666667,0.0006621701662379928,0.0007229671682495526,0.13874298571968255
317.3333333333333,0.0007042930184171772,0.0007764303485769691,0.13870528159813342
317.375,0.0007544113659763988,0.0008340639080400375,0.1386888532159396
317.4166666666667,0.0008099228511504904,0.0008922481191606515,0.13869456272413638
317.4583333333333,0.0008673602359309373,0.0009471015007103549,0.13872182905889002
317.5,0.0009228889490809564,0.0009951954603562676,0.13876866764618662
317.5416666666667,0.0009731438358918748,0.0010335790501921859,0.13883189313704258
317.5833333333333,0.0010152332463612911,0.0010600275979545755,0.1389073340001721
317.625,0.0010466687171073361,0.0010729833562642963,0.13899011500375227
317.6666666666667,0.0010657478798753908,0.0010716853280514408,0.13907493169302787
317.7083333333333,0.0010711769886363016,0.0010561315503645093,0.1391563423821911
317.75,0.0010625321189965968,0.001027124284818739,0.13922906978075095
317.7916666666667,0.0010386230113212844,0.00098520382043929,0.13928816293088728
317.8333333333333,0.0009994192366660597,0.000932488664590348,0.13932902527407517
317.875,0.0009478739651005757,0.00087349981568715,0.1393484504567003
317.9166666666667,0.0008892283489950497,0.0008127063546371186,0.13934496702255472
317.9583333333333,0.0008275418490737396,0.0007542363149713885,0.1393187268590337
318.0,0.0007672861457464186,0.0007022356681121894,0.13927145903669227
318.0416666666667,0.0007122106052362459,0.0006604423045718788,0.13920638760283333
318.0833333333333,0.0006665823684691776,0.0006319599892855492,0.13912804803028322
318.125,0.0006337868618814914,0.0006189797621078058,0.13904197066999627
318.1666666666667,0.000616194300384491,0.000622515094135626,0.13895428664723758
318.2083333333333,0.0006153372169310256,0.0006423295271227899,0.1388712636950886
318.25,0.0006313719959100541,0.0006769488566877673,0.13879882827707657
318.2916666666667,0.0006621880467695018,0.0007229710474905053,0.1387420182979146
318.3333333333333,0.0007042909260988025,0.0007764233763973933,0.13870431517644483
318.375,0.0007543913533171131,0.0008340553471201844,0.13868788632396267
318.4166666666667,0.000809905065195639,0.0008922436890040012,0.13869359658547387
318.4583333333333,0.000867346470798326,0.0009470878060297966,0.1387208634479982
318.5,0.0009228846954284196,0.0009951841319928208,0.13876770285634202
318.5416666666667,0.0009730836095385956,0.0010335630305729376,0.138830926490625
318.5833333333333,0.0010152410112047306,0.0010600109318890149,0.13890636671610207
318.625,0.0010466120550414112,0.0010729683112703304,0.1389891453940543
318.6666666666667,0.0010657140608879678,0.00107166745310671,0.13907395818273846
318.7083333333333,0.0010711701906679335,0.001056128737501437,0.1391553664103021
318.75,0.0010624898202774356,0.0010271073542264281,0.13922809832501262
318.7916666666667,0.0010386266876498667,0.0009852161785955152,0.13928718826622855
318.8333333333333,0.0009994344025038245,0.0009325011186682737,0.1393280684772021
318.875,0.0009479367260870937,0.0008734944382960186,0.13934750420030614
318.9166666666667,0.0008891188660139777,0.0008127020960261665,0.13934402284127684
318.9583333333333,0.0008276732279350977,0.0007542400198942694,0.1393177920197095
319.0,0.000767151400449194,0.0007022323238074725,0.13927052628669415
319.0416666666667,0.0007122773474331355,0.0006604350480030255,0.13920546091150904
319.0833333333333,0.0006665753362244683,0.0006319592559608432,0.1391271235602463
319.125,0.0006337554120445345,0.0006189735348518309,0.13904104735914286
319.1666666666667,0.00061618982124434,0.0006225117169733008,0.13895336366643407
319.2083333333333,0.0006153366968835041,0.0006423285313288499,0.1388703417272967
319.25,0.0006313701293369166,0.0006769449678543197,0.13879791023923085
319.2916666666667,0.0006621769393032422,0.0007229694531484408,0.13874110229745662
319.3333333333333,0.0007042803479520202,0.0007764193112076404,0.13870340166914635
319.375,0.0007543822368153092,0.0008340510195024562,0.13868697502657082
319.4166666666667,0.0008099088587940756,0.0008922346775405115,0.1386926856681362
319.4583333333333,0.0008673038247638925,0.0009470784167499292,0.13871995082736918
319.5,0.0009228848758935901,0.0009951718808980747,0.1387667885731362
319.5416666666667,0.0009730492160709108,0.0010335528418410997,0.13883000959043162
319.5833333333333,0.0010152114548842163,0.0010599966269404983,0.13890544803608348
319.625,0.0010466105001065407,0.0010729583830248752,0.13898822436694852
319.6666666666667,0.0010656896945912913,0.0010716600411141085,0.13907303553107944
319.7083333333333,0.0010711631647347568,0.0010561235932337423,0.13915444350086503
319.75,0.0010624979235360067,0.0010271216015687664,0.13922717768829507
319.7916666666667,0.0010386658349220233,0.000985231396659891,0.13928627869175467
319.8333333333333,0.000999459747284848,0.0009325013925394381,0.13932716341733345
319.875,0.0009479204456132023,0.000873491708524054,0.13934659776576022
319.9166666666667,0.0008891309860379222,0.0008127036080828535,0.1393431174089882
319.9583333333333,0.0008276498954992512,0.0007542356573300798,0.13931688506135942
320.0,0.0007671767408236954,0.0007022365304624972,0.13926962131952086
320.0416666666667,0.0007122442957232262,0.0006604317524214122,0.1392045575855079
320.0833333333333,0.0006666228176664054,0.0006319626359919765,0.13912622132973435
320.125,0.0006337188006081053,0.0006189733983878087,0.13904014745626705
320.1666666666667,0.0006162080038362883,0.0006225107772809443,0.13895246616742948
320.2083333333333,0.0006153302663670911,0.0006423270181107909,0.13886944480503424
320.25,0.0006313543818526709,0.0006769396064942264,0.1387970128291159
320.2916666666667,0.0006621704842550047,0.0007229563256301482,0.13874020386665484
320.3333333333333,0.0007042822055924281,0.0007764194124242216,0.1387025027292967
320.375,0.0007543663136092185,0.0008340503695659042,0.13868607863858076
320.4166666666667,0.0008099247261626756,0.0008922239076955063,0.13869179059386424
320.4583333333333,0.0008672513274917355,0.000947071518748566,0.1387190535036716
320.5,0.0009228830947925814,0.0009951560340381665,0.13876589000485698
320.5416666666667,0.0009730465112599064,0.0010335451065565967,0.13882910840943086
320.5833333333333,0.001015144427862104,0.0010599823094470237,0.13890454402032892
320.625,0.001046625268253249,0.001072948884479472,0.13898731811216752
320.6666666666667,0.0010656449676242914,0.0010716512290412,0.13907212748714995
320.7083333333333,0.0010711613232755924,0.0010561153959151306,0.13915353466930402
320.75,0.0010624869160210954,0.0010271214693511207,0.13922626908224114
320.7916666666667,0.0010386400233846366,0.0009852177339715184,0.13928536785068724
320.8333333333333,0.0009994597893172473,0.0009325067327986135,0.1393262507924784
320.875,0.0009479114181633018,0.0008735012470287875,0.13934568362281052
320.9166666666667,0.00088918507085062,0.0008127048830560708,0.13934220678421336
320.9583333333333,0.00082758721565083,0.0007542312720463237,0.13931597375363675
321.0,0.0007672502413272567,0.0007022389246496371,0.13926871142530484
321.0416666666667,0.0007121712632722829,0.0006604337683149083,0.13920364695732582
321.0833333333333,0.0006666526613283878,0.0006319599755248561,0.13912531312225412
321.125,0.000633751819106548,0.0006189802058764625,0.13903924101068746
321.1666666666667,0.0006161673814342361,0.0006225100228383475,0.13895156274690953
321.2083333333333,0.0006153680210071895,0.0006423293471069582,0.13886854555277778
321.25,0.000631354754255728,0.000676945857874917,0.13879611655219068
321.2916666666667,0.000662153425253444,0.0007229562500429658,0.1387393049538298
321.3333333333333,0.0007042704927931426,0.0007764186401789226,0.13870160665484585
321.375,0.0007543708084507882,0.0008340459950217863,0.13868518404870808
321.4166666666667,0.0008099050937604114,0.0008922161467597839,0.13869089454622585
321.4583333333333,0.0008672485457295669,0.000947061948011845,0.13871815593567532
321.5,0.0009228535175076485,0.000995147637979673,0.13876498940627677
321.5416666666667,0.0009730140412676926,0.0010335322193538916,0.13882820517407526
321.5833333333333,0.0010151491667117186,0.001059973077916907,0.13890363881565462
321.625,0.0010465713593320728,0.0010729397094792264,0.1389864102329846
321.6666666666667,0.0010656592744700902,0.0010716456349929401,0.13907121919979384
321.7083333333333,0.0010711336541128545,0.001056113188120848,0.1391526271942974
321.75,0.0010624734200992034,0.0010271046203827296,0.1392253605432581
321.7916666666667,0.0010386286527637927,0.0009851986202223607,0.13928445974669396
321.8333333333333,0.0009994228699849212,0.000932487131860663,0.13932532900496197
321.875,0.0009478726049567334,0.0008734962747036843,0.1393447651582773
321.9166666666667,0.0008891929749925767,0.0008127060040160641,0.1393412901782498
321.9583333333333,0.000827570649991206,0.0007542308902851231,0.1393150584680045
322.0,0.0007672740672304172,0.0007022373063669115,0.13926779737008518
322.0416666666667,0.0007121685466859242,0.0006604374245381227,0.1392027339301386
322.0833333333333,0.0006666164468815129,0.0006319578089155877,0.13912440223319134
322.125,0.0006337867375237971,0.0006189800650972156,0.13903833225882045
322.1666666666667,0.0006161756495598935,0.0006225136053261922,0.13895065628796796
322.2083333333333,0.0006153433862005451,0.0006423291437427452,0.1388676420774422
322.25,0.0006313576011785503,0.000676932483901357,0.1387952129910687
322.2916666666667,0.0006621424495001283,0.0007229501092424337,0.13873839920844147
322.3333333333333,0.000704242651301031,0.0007764035204338214,0.13870069928664389
322.375,0.0007543664952957403,0.0008340343340552898,0.138684270612381
322.4166666666667,0.0008098294643554315,0.0008922130294807665,0.13868997671813083
322.4583333333333,0.0008673222264986597,0.0009470529620411728,0.13871723873634878
322.5,0.0009227478787924195,0.0009951390697553767,0.13876406949622605
322.5416666666667,0.0009730635935938477,0.0010335174136565342,0.1388272843803952
322.5833333333333,0.0010150979956612643,0.0010599679952742983,0.13890271416119856
322.625,0.0010465559940957094,0.00107292460484506,0.13898548499917676
322.6666666666667,0.0010656486545283488,0.0010716401117506148,0.1390702920233793
322.7083333333333,0.001071110366507,0.001056104617986459,0.13915169977583325
322.75,0.001062510506994622,0.0010271340376758523,0.1392244384237926
322.7916666666667,0.0010386482203957929,0.0009852278573503355,0.1392835461574615
322.8333333333333,0.000999466240940822,0.0009325027218191084,0.13932443376002498
322.875,0.0009479061932481255,0.000873496810633178,0.1393438693339116
322.9166666666667,0.0008891749535181752,0.0008127065370422898,0.13934039409442375
322.9583333333333,0.0008275898075079909,0.0007542277718174751,0.13931416416240222
323.0,0.0007672580672706943,0.0007022396273619469,0.13926690432191438
323.0416666666667,0.0007121558870246825,0.0006604342570839474,0.13920184297204025
323.0833333333333,0.0006666366080138092,0.0006319584524221533,0.13912351278918206
323.125,0.0006337814761065602,0.0006189807597450774,0.1390374448794248
323.1666666666667,0.0006161662052808864,0.0006225128428696896,0.13894977094136335
323.2083333333333,0.0006153487029157764,0.0006423294624962848,0.13886675919435693
323.25,0.0006313566648191823,0.0006769320807266771,0.13879433333076518
323.2916666666667,0.000662143898265023,0.0007229510295423065,0.13873752040565568
323.3333333333333,0.0007042503636348964,0.0007764090609884443,0.13869982134432315
323.375,0.0007543676907688746,0.0008340319192226812,0.1386833958976542
323.4166666666667,0.0008098355812085943,0.0008922017424140555,0.13868910256075015
323.4583333333333,0.0008672815089337991,0.0009470458561787278,0.1387163602759805
323.5,0.0009227473399570499,0.000995128584054058,0.13876318803007948
323.5416666666667,0.0009730438238366016,0.0010335108584210982,0.1388263985957845
323.5833333333333,0.0010150709089264511,0.0010599579472875863,0.13890182585780927
323.625,0.0010465555289371719,0.0010729181548403382,0.1389845957015964
323.6666666666667,0.0010656176992098637,0.0010716333312177928,0.1390694019269776
323.7083333333333,0.0010711122849078366,0.0010560995557792252,0.13915080984623407
323.75,0.0010624805790765916,0.0010271193388080128,0.13922354376017823
323.7916666666667,0.0010386228969403314,0.0009852028081907948,0.13928265375400195
323.8333333333333,0.0009994306092213237,0.0009324844971463314,0.13932352836071124
323.875,0.0009478615364881495,0.000873492087110359,0.13934296606842875
323.9166666666667,0.0008892172802652729,0.0008127030619416462,0.13933949297705836
323.9583333333333,0.0008275261492237708,0.0007542327492601876,0.13931326367287436
324.0,0.0007672799232438341,0.0007022316112834218,0.13926600680455845
324.0416666666667,0.0007122212474954281,0.0006604403361073297,0.13920094688602516
324.0833333333333,0.000666564634916449,0.0006319584628207559,0.13912261847108395
324.125,0.0006337642217430114,0.0006189764338255685,0.13903655272900628
324.1666666666667,0.0006162099201089696,0.0006225130970105012,0.13894888063334762
324.2083333333333,0.0006153353027649889,0.0006423295916475699,0.13886587021230692
324.25,0.0006313542435554135,0.0006769405110844917,0.13879344598228166
324.2916666666667,0.0006621636072542197,0.000722956948806213,0.13873664074204395
324.3333333333333,0.0007042651333705762,0.0007764090647557443,0.13869894542224287
324.375,0.0007543541368114913,0.0008340273311229123,0.13868252104260187
324.4166666666667,0.0008098345551925749,0.0008921952476232954,0.13868822837619466
324.4583333333333,0.0008672498000535916,0.0009470355495838672,0.13871548572104997
324.5,0.0009227495736831333,0.0009951189311733308,0.1387623126547869
324.5416666666667,0.0009729950318581478,0.001033497953363089,0.13882552211959567
324.5833333333333,0.0010150752776072946,0.0010599466897297358,0.13890094763280364
324.625,0.0010465180705186575,0.0010729096979384695,0.13898371405411117
324.6666666666667,0.001065617917825875,0.0010716251142582909,0.13906851986668547
324.7083333333333,0.0010710785045695,0.001056089303848426,0.13914992587756253
324.75,0.0010624788435663875,0.0010271098619670602,0.13922265665556827
324.7916666666667,0.001038601902013939,0.0009851982221709664,0.13928176123084673
324.8333333333333,0.0009994124685514581,0.0009324845633636017,0.13932263672283116
324.875,0.0009478605879058935,0.0008734949086787376,0.13934207466461743
324.9166666666667,0.0008892262326320127,0.0008127015239750495,0.13933860409272095
324.9583333333333,0.0008275237756422985,0.0007542330411216791,0.13931237657824064
325.0,0.0007672740557178249,0.0007022303907843202,0.13926512147328116
325.0416666666667,0.0007122251759384841,0.0006604399523208715,0.13920006362356543
325.0833333333333,0.0006665622618922814,0.0006319581216575312,0.13912173702017347
325.125,0.0006337620079337158,0.0006189757566972341,0.13903567314783474
325.1666666666667,0.0006162088123400079,0.0006225126114878701,0.13894800288538592
325.2083333333333,0.0006153326186234066,0.0006423281145349955,0.1388649938006226
325.25,0.0006313390356881349,0.0006769229445743672,0.13879256849488283
325.2916666666667,0.0006621374559692539,0.0007229451904979257,0.1387357553016867
325.3333333333333,0.0007042376917545883,0.0007764028449922821,0.13869805812989036
325.375,0.0007543536817640086,0.0008340224929691042,0.1386816346710968
325.4166666666667,0.0008098049378066925,0.0008921875943086413,0.13868733897059432
325.4583333333333,0.0008672576229885163,0.0009470291869878824,0.13871459569512443
325.5,0.0009227008923931324,0.000995108283176351,0.1387614192212117
325.5416666666667,0.0009730101721360928,0.0010334903103289567,0.138824626740093
325.5833333333333,0.0010150210290344787,0.0010599369601860015,0.13890004925573066
325.625,0.0010465321726395495,0.001072901659269168,0.13898281511248475
325.6666666666667,0.0010655754227755613,0.0010716183110854023,0.13906761954433045
325.7083333333333,0.0010710938109228449,0.0010560891336312578,0.13914902671631674
325.75,0.0010624628181290095,0.0010271143241864708,0.13922176375669224
325.7916666666667,0.0010386164433612637,0.0009852022191530819,0.13928087160747704
325.8333333333333,0.0009994275069555628,0.000932484669171353,0.13932175003132086
325.875,0.0009478644744385361,0.0008734945188600695,0.1393411894184108
325.9166666666667,0.0008892178245025388,0.0008127015693986323,0.13933772100346334
325.9583333333333,0.0008275211275903873,0.0007542320591278169,0.13931149482938335
326.0,0.0007672776145920339,0.0007022302664281405,0.13926424185852113
326.0416666666667,0.0007122221725408312,0.0006604394553179917,0.13919918554496258
326.0833333333333,0.0006665619269621048,0.0006319572624655843,0.13912086101687798
326.125,0.0006337627791316476,0.0006189757374646892,0.13903479890311946
326.1666666666667,0.0006162056456897826,0.0006225123818076085,0.13894713057135902
326.2083333333333,0.000615330017502291,0.0006423268788975237,0.13886412305395401
326.25,0.0006313488238619516,0.0006769335498904048,0.13879170250056433
326.2916666666667,0.000662149795638876,0.0007229501780852721,0.13873489505256564
326.3333333333333,0.0007042522896503518,0.0007764067019521945,0.13869720305595745
326.375,0.0007543377702350212,0.0008340222494481786,0.1386807846514339
326.4166666666667,0.000809833234045501,0.0008921823046083537,0.13868649337415184
326.4583333333333,0.0008671918309224441,0.0009470170963753571,0.1387137501294679
326.5,0.0009227443634151238,0.0009950989395233604,0.13876057545066878
326.5416666666667,0.0009729207419776624,0.0010334761769794404,0.1388237812992873
326.5833333333333,0.0010150589736682718,0.001059922747737239,0.13889920456549143
326.625,0.001046454674008008,0.0010728894099631154,0.1389819671575078
326.6666666666667,0.00106558342353483,0.0010716044048288752,0.13906676945366106
326.7083333333333,0.0010710550114425117,0.0010560826408343498,0.1391481740797373
326.75,0.0010624824686734802,0.0010271270690945604,0.13922091405791204
326.7916666666667,0.0010386392462673406,0.0009852020589457735,0.13928003237314834
326.8333333333333,0.000999435997081436,0.0009324825782093308,0.13932091308653427
326.875,0.000947846424520098,0.0008734901905234364,0.13934035533350156
326.9166666666667,0.0008892162454526098,0.0008127005941735786,0.13933688814389453
326.9583333333333,0.000827520451439849,0.0007542316544055788,0.1393106640127281
327.0,0.0007672709620434211,0.0007022290658001902,0.1392634122512548
327.0416666666667,0.0007122260332600203,0.0006604388408418675,0.13919835823278118
327.0833333333333,0.0006665612350156696,0.0006319581090328787,0.13912003488180175
327.125,0.0006337571737097824,0.0006189745730680298,0.13903397489117428
327.1666666666667,0.0006162071489600046,0.0006225111346228373,0.13894630813092904
327.2083333333333,0.0006153317826360464,0.0006423274970127607,0.13886330272565894
327.25,0.0006313571730524308,0.0006769465325366667,0.13879088493341848
327.2916666666667,0.0006621626967529701,0.0007229553376364663,0.13873408600195555
327.3333333333333,0.0007042580307876796,0.000776401342637487,0.13869639499985315
327.375,0.0007543308185097185,0.0008340132190393716,0.1386799720518851
327.4166666666667,0.0008098032476297227,0.0008921758823564261,0.13868567866089554
327.4583333333333,0.0008671982885136429,0.0009470102439012957,0.13871293470522292
327.5,0.0009227021874274043,0.000995090284845646,0.1387597568161976
327.5416666666667,0.0009729301756829706,0.0010334674228453435,0.13882296092470967
327.5833333333333,0.0010150187911201097,0.0010599171128688576,0.1388983804017649
327.625,0.0010464615773150168,0.0010728828124622544,0.1389811418619359
327.6666666666667,0.0010655701552877359,0.001071602090574558,0.13906594437552672
327.7083333333333,0.0010710371156123159,0.0010560715876989403,0.13914734843201232
327.75,0.0010624209500209659,0.001027070085170699,0.13922007697526922
327.7916666666667,0.001038570849351302,0.0009852018325715959,0.13927917571504694
327.8333333333333,0.000999405580183196,0.0009324812487677751,0.13932005937321743
327.875,0.0009478917374741843,0.0008734928696188971,0.1393395035326276
327.9166666666667,0.000889152071216051,0.0008127041748638191,0.13933603958624335
327.9583333333333,0.000827612543998366,0.0007542268442852054,0.1393098200285964
328.0,0.0007672180662773491,0.0007022366739876708,0.13926256898960268
328.0416666666667,0.000712170224141309,0.0006604291119349599,0.13919751763102145
328.0833333333333,0.000666657218966164,0.0006319582913044358,0.13911919658601415
328.125,0.0006337439925248445,0.0006189781980720775,0.13903313746840343
328.1666666666667,0.0006161587191598778,0.0006225086939752617,0.13894547268327193
328.2083333333333,0.0006153622574254261,0.0006423277043799249,0.13886246980797767
328.25,0.0006313439904484554,0.0006769361258203304,0.13879005210785272
328.2916666666667,0.0006621422266818751,0.0007229505797003129,0.13873325239527437
328.3333333333333,0.0007042445878247149,0.0007763976875452331,0.13869556142594228
328.375,0.0007543297808022532,0.0008340090351469677,0.13867913967599027
328.4166666666667,0.0008097851801885311,0.0008921693692058507,0.1386848451926109
328.4583333333333,0.0008671979607300728,0.0009470031354147265,0.13871209983164395
328.5,0.0009226768664729325,0.00099508080261755,0.13875892168526632
328.5416666666667,0.0009729281352962191,0.001033458205931939,0.13882212335980224
328.5833333333333,0.0010149893889578395,0.0010599073768318384,0.13889754150612857
328.625,0.0010464474767188188,0.0010728724567904747,0.13898030217796425
328.6666666666667,0.0010655485273703667,0.0010715955281454107,0.1390651026760121
328.7083333333333,0.0010710363520944825,0.0010560695799309943,0.1391465073155373
328.75,0.001062437870791537,0.001027094597805575,0.13921924020698237
328.7916666666667,0.0010385914365294898,0.0009851932085792891,0.13927835324111176
328.8333333333333,0.0009994104920077193,0.0009324793227669187,0.13931923519357928
328.875,0.0009478536388360163,0.0008734885160089776,0.1393386810399147
328.9166666666667,0.0008892057146257482,0.0008127002536669903,0.13933521708527627
328.9583333333333,0.0008275260895128861,0.0007542296573884716,0.13930899625688772
329.0,0.0007672772980196895,0.0007022297103422315,0.13926174856973103
329.0416666666667,0.0007122081641968785,0.0006604375879356742,0.13919669732090703
329.0833333333333,0.000666562765095512,0.0006319555782475514,0.13911837813758407
329.125,0.0006337680498410833,0.0006189744965183381,0.13903232137888655
329.1666666666667,0.0006162023099021484,0.0006225114263521709,0.13894465827199481
329.2083333333333,0.0006153325522733971,0.0006423279948922781,0.138861657228646
329.25,0.0006313403541218599,0.0006769258616049768,0.13878924019473682
329.2916666666667,0.0006621376251102829,0.0007229427779998894,0.138732436440089
329.3333333333333,0.0007042287003672796,0.0007763929198961743,0.13869474476909008
329.375,0.0007543232900948567,0.00083400461226134,0.13867832306460917
329.4166666666667,0.0008097703826179407,0.0008921625131614531,0.13868402889180226
329.4583333333333,0.0008671988872797444,0.0009469971583588954,0.138711280994348
329.5,0.0009226439799769806,0.0009950717762363837,0.13875810097559418
329.5416666666667,0.0009729331174098453,0.0010334510213627038,0.13882130051420016
329.5833333333333,0.0010149505206187065,0.0010598990593851832,0.13889671634056067
329.625,0.0010464506539194338,0.0010728650153358577,0.13897947650330528
329.6666666666667,0.0010655189291038124,0.0010715889811362988,0.139064275994613
329.7083333333333,0.0010710407618960147,0.0010560678127541085,0.13914568129276586
329.75,0.001062393313725078,0.0010270693989569983,0.13921841544343608
329.7916666666667,0.0010385575131584173,0.000985176663580299,0.13927751778798078
329.8333333333333,0.0009993907840676766,0.0009324817067119559,0.13931839946103536
329.875,0.0009478768284365648,0.000873492582935384,0.1393378505252849
329.9166666666667,0.000889182377272429,0.0008126987495000637,0.13933438988540547
329.9583333333333,0.0008275611365237906,0.0007542278798504363,0.1393081729757326
330.0,0.0007672514113993247,0.000702232019609208,0.1392609272472432
330.0416666666667,0.0007121688738677341,0.0006604319189717669,0.1391958786694173
330.0833333333333,0.0006666239450324611,0.0006319544908756841,0.13911756173376547
330.125,0.0006337572028071213,0.0006189757385498684,0.1390315061998018
330.1666666666667,0.0006161580182039607,0.0006225075494624869,0.13894384426767775
330.2083333333333,0.0006153534016852571,0.0006423254156617392,0.13886084386401035
330.25,0.0006313447571403255,0.0006769364483203881,0.13878842908892033
330.2916666666667,0.000662133848050954,0.00072294466736748,0.13873163079910017
330.3333333333333,0.0007042337700163608,0.000776394645854795,0.13869394355824402
330.375,0.0007543096981466899,0.0008340043098075352,0.1386775265797724
330.4166666666667,0.0008097994094771343,0.0008921578609403274,0.13868323507499286
330.4583333333333,0.0008671286582518601,0.000946986636016413,0.138710488967314
330.5,0.0009226919342694174,0.0009950629135835162,0.13875730991376906
330.5416666666667,0.0009728435337319819,0.0010334392613101364,0.1388205101049656
330.5833333333333,0.001014985392065045,0.0010598845858621156,0.13889592599414516
330.625,0.001046395470928141,0.0010728557467599095,0.13897868299432434
330.6666666666667,0.0010655202842075246,0.0010715771150083837,0.1390634809328621
330.7083333333333,0.0010710136876811696,0.0010560646112922278,0.13914488457388974
330.75,0.0010624169774353866,0.001027089738087327,0.13921762296898643
330.7916666666667,0.0010386038965072891,0.0009851921265023006,0.13927673596904788
330.8333333333333,0.0009994103535521848,0.0009324805263317516,0.1393176209653983
330.875,0.0009478559385722568,0.0008734903594708626,0.13933707175333135
330.9166666666667,0.0008891875058826392,0.0008127004001161961,0.1393336126627922
330.9583333333333,0.0008275555461528866,0.0007542257921255575,0.13930739693204006
331.0,0.0007672642077764902,0.0007022326586178831,0.1392601523363487
331.0416666666667,0.0007121617180098388,0.0006604328347032465,0.1391951046440999
331.0833333333333,0.0006666086590727884,0.0006319537961283804,0.1391167890493549
331.125,0.0006337761401971515,0.0006189758796052893,0.13903073539884014
331.1666666666667,0.0006161613960207596,0.0006225086941592017,0.13894307532375555
331.2083333333333,0.0006153399264414882,0.000642324370796839,0.1388600768688185
331.25,0.0006313623360515164,0.0006769444489253113,0.13878766522135194
331.2916666666667,0.0006621484810872067,0.0007229508956236299,0.13873087212092103
331.3333333333333,0.0007042389663984389,0.0007763914218811782,0.13869318594954816
331.375,0.0007543061794757993,0.0008339963635339728,0.1386767654869477
331.4166666666667,0.000809764190305028,0.0008921522608524107,0.1386824719361557
331.4583333333333,0.0008671473294570233,0.0009469805357767537,0.1387097253309512
331.5,0.0009226377453725071,0.0009950562239833289,0.13875654234057794
331.5416666666667,0.000972863089931365,0.00103343085361422,0.1388197408216186
331.5833333333333,0.001014947115345295,0.0010598811369162589,0.13889515372294065
331.625,0.0010463956909501713,0.0010728500283177693,0.13897790951999223
331.6666666666667,0.0010655116318783638,0.001071575207961802,0.13906270810825416
331.7083333333333,0.0010709935569139957,0.0010560525460487974,0.13914411101646681
331.75,0.001062413366262274,0.0010270777694349883,0.13921684313712182
331.7916666666667,0.0010385646878626322,0.0009851825455588926,0.13927595293306924
331.8333333333333,0.0009993952646094144,0.0009324829674900355,0.13931683974200434
331.875,0.0009478617733261608,0.00087349102557053,0.1393362930793697
331.9166666666667,0.0008891974577049484,0.0008126970522243801,0.1393328355387549
331.9583333333333,0.0008275407485632963,0.0007542276761104049,0.1393066213261136
332.0,0.0007672622680398182,0.0007022295631635607,0.13925937908249925
332.0416666666667,0.0007121707990974456,0.0006604325474917688,0.13919433386825442
332.0833333333333,0.0006666015765370889,0.0006319525978843993,0.13911601988491284
332.125,0.0006337700895836213,0.0006189743828396468,0.13902996758839553
332.1666666666667,0.000616159541176322,0.0006225070297987832,0.13894230878449007
332.2083333333333,0.0006153406245989529,0.0006423230498410599,0.13885931117250533
332.25,0.0006313538021957102,0.0006769406602062589,0.13878689971786798
332.2916666666667,0.0006621472950652721,0.0007229518830447133,0.1387301087368232
332.3333333333333,0.0007042381050429817,0.0007763889566286223,0.1386924217627127
332.375,0.0007543091173086498,0.0008339905341463653,0.13867600130740038
332.4166666666667,0.0008097340804423525,0.0008921473318045974,0.13868170691612977
332.4583333333333,0.0008671604332358159,0.000946974018268157,0.13870896044131717
332.5,0.0009225986755714831,0.0009950481026547232,0.1387557763267512
332.5416666666667,0.0009728657456062969,0.0010334215655918163,0.13881897451435032
332.5833333333333,0.0010149158230896215,0.0010598723628376366,0.13889438609682497
332.625,0.001046382109607909,0.0010728394722723197,0.1389771414840258
332.6666666666667,0.0010654911228634347,0.0010715683215109732,0.13906193783664736
332.7083333333333,0.001070996197673055,0.0010560537005679662,0.13914334189154948
332.75,0.0010624442618901273,0.0010271163241003386,0.13921608630749766
332.7916666666667,0.0010386358454760642,0.000985228658276067,0.1392752122731347
332.8333333333333,0.0009994632990366716,0.0009324939931503084,0.13931611989275416
332.875,0.0009478952327120213,0.000873482884592659,0.13933557612840033
332.9166666666667,0.0008891251018202115,0.0008126970281841064,0.13933211845510954
332.9583333333333,0.0008276176320520248,0.0007542264197890168,0.1393059079969774
333.0,0.0007671882383434234,0.0007022314970168539,0.13925866642800436
333.0416666666667,0.0007121985756552513,0.0006604255442572262,0.13919362432310756
333.0833333333333,0.0006666356384654441,0.0006319564326944728,0.139115311487497
333.125,0.0006337029781758953,0.0006189696193705151,0.13902926069186097
333.1666666666667,0.0006161880200722858,0.0006225041286872264,0.1389416027415609
333.2083333333333,0.0006153401699658594,0.0006423249238151183,0.13885860614558607
333.25,0.0006313361980146086,0.0006769400933303179,0.1387862014104882
333.2916666666667,0.0006621489615076308,0.000722943747012319,0.1387294147914246
333.3333333333333,0.0007042345337412968,0.0007763791088007819,0.13869172896682241
333.375,0.0007542755800078291,0.000833986968311858,0.13867530909623454
333.4166666666667,0.0008097550431039599,0.0008921427117107527,0.13868101659970952
333.4583333333333,0.000867107913502785,0.0009469653482402939,0.138708269196024
333.5,0.0009226366766247327,0.0009950401542468015,0.138755086584487
333.5416666666667,0.0009728025771296305,0.0010334131605543421,0.13881828210080283
333.5833333333333,0.00101493798640247,0.0010598608109990736,0.1388936942179461
333.625,0.0010463415238930402,0.00107283295417371,0.13897644703395023
333.6666666666667,0.001065482558469676,0.0010715579955746903,0.13906124249771798
333.7083333333333,0.0010709786594606465,0.0010560499452610744,0.13914264501150658
333.75,0.0010624262376539549,0.0010271034508338875,0.13921538751202364
333.7916666666667,0.0010386063786854169,0.0009851903319193517,0.13927451086534906
333.8333333333333,0.0009994125334096835,0.000932473779940124,0.13931540052251518
333.875,0.0009478365693192328,0.0008734843132083717,0.13933485356848907
333.9166666666667,0.0008891992720598955,0.0008126965291597879,0.13933139691899069
333.9583333333333,0.0008275218190338667,0.0007542267773133627,0.13930518473558157
334.0,0.0007672685438364139,0.0007022272142565506,0.1392579448111335
334.0416666666667,0.0007121983127795091,0.000660434535111762,0.13919290176942256
334.0833333333333,0.0006665661198979829,0.0006319527852841313,0.1391145906487298
334.125,0.0006337694539241297,0.0006189723400077025,0.13902854181759894
334.1666666666667,0.0006161838356213397,0.0006225082661652634,0.1389408862809801
334.2083333333333,0.0006153253981296717,0.0006423238886643378,0.13885789245393823
334.25,0.0006313535018151156,0.000676938859379567,0.13878548545976968
334.2916666666667,0.0006621435610188667,0.0007229433052237221,0.13872869487169392
334.3333333333333,0.0007042301994450835,0.0007763865166133716,0.138691012624109
334.375,0.0007542801551278541,0.0008339891624761463,0.13867459783175076
334.4166666666667,0.0008097671854886336,0.0008921360425194256,0.13868030659502398
334.4583333333333,0.0008670754956936843,0.0009469604084740629,0.13870755806963847
334.5,0.0009226428403176034,0.000995031588945428,0.13875437500212565
334.5416666666667,0.0009727784059667065,0.0010334076919595733,0.13881756981603136
334.5833333333333,0.0010149089995321573,0.0010598500943606991,0.13889298107088882
334.625,0.0010463423224591586,0.0010728275807484254,0.13897573238670927
334.6666666666667,0.0010654605002179173,0.0010715529602296611,0.1390605270186571
334.7083333333333,0.0010709802393735004,0.0010560468389867166,0.13914192938465592
334.75,0.0010623753640433273,0.0010270686545431115,0.13921466780783742
334.7916666666667,0.0010385798547885678,0.000985182386953818,0.13927378265328608
334.8333333333333,0.0009994007299179435,0.0009324775224046269,0.1393146719290756
334.875,0.000947851861149908,0.0008734889908325122,0.13933412637598244
334.9166666666667,0.0008891961960772864,0.0008126959928536102,0.1393306727066722
334.9583333333333,0.0008275222432192961,0.0007542264789975398,0.13930446141348587
335.0,0.0007672683765529813,0.0007022264420197143,0.1392572226285317
335.0416666666667,0.0007121952409628068,0.0006604344377172846,0.13919218135498998
335.0833333333333,0.0006665592397064044,0.0006319532851212128,0.13911387116191262
335.125,0.0006337677982616806,0.0006189717124110085,0.13902782409644834
335.1666666666667,0.0006161903041742941,0.0006225081921379349,0.13894017018617466
335.2083333333333,0.0006153212846905023,0.000642323627582686,0.13885717784211396
335.25,0.0006313584618837248,0.0006769452813149419,0.13878477353449192
335.2916666666667,0.000662157168890616,0.0007229508637601038,0.13872798795547334
335.3333333333333,0.0007042360718550507,0.0007763843315465968,0.13869030710610084
335.375,0.0007542822987990328,0.0008339818574122733,0.13867388930629307
335.4166666666667,0.000809731337288902,0.0008921319306618926,0.1386795959622231
335.4583333333333,0.0008670996621528486,0.0009469546828847599,0.1387068472989102
335.5,0.0009225891835963968,0.000995026648953063,0.1387536610139213
335.5416666666667,0.0009727988759500266,0.0010333994478006852,0.1388168542511456
335.5833333333333,0.0010148905085338752,0.001059849827424369,0.1388922623571777
335.625,0.0010463334136600535,0.0010728213486404015,0.13897501352757707
335.6666666666667,0.0010654611323783745,0.0010715520641428852,0.13905980862269193
335.7083333333333,0.0010709683941747248,0.0010560442590667473,0.13914121312192573
335.75,0.001062372026632875,0.001027060900763442,0.13921395545420345
335.7916666666667,0.0010385571038676728,0.0009851903727338045,0.13927306602488462
335.8333333333333,0.0009994078746844387,0.0009324853097084949,0.13931397103649473
335.875,0.0009478969393890946,0.00087348395699674,0.13933343011439328
335.9166666666667,0.0008891216155681903,0.0008126926420692305,0.13932997738464364
335.9583333333333,0.0008276185721154294,0.000754226861806159,0.13930377199268457
336.0,0.0007671627663835623,0.0007022271094374978,0.13925653706552765
336.0416666666667,0.0007122291628550133,0.0006604238992016878,0.13919150062456573
336.0833333333333,0.0006665985308377764,0.0006319540207936244,0.1391131920628087
336.125,0.0006337137779872294,0.0006189652910645589,0.13902714574365746
336.1666666666667,0.0006161896559500951,0.0006225026994857025,0.1389394912957001
336.2083333333333,0.0006153182914143254,0.0006423204970569276,0.13885649805307004
336.25,0.0006313401327332621,0.0006769298112273143,0.13878409176925433
336.2916666666667,0.0006621324435450782,0.0007229394828252846,0.13872730087382246
336.3333333333333,0.0007042176209834571,0.0007763827041167433,0.13868962031698945
336.375,0.0007542739240731951,0.0008339827286439652,0.1386732072592415
336.4166666666667,0.0008097453171443344,0.0008921274055545147,0.1386789157670052
336.4583333333333,0.0008670667819389972,0.0009469479709548091,0.13870616653907775
336.5,0.0009226073668257687,0.0009950190113854243,0.13875298178377346
336.5416666666667,0.0009727568340177751,0.0010333917899190306,0.13881617399072171
336.5833333333333,0.0010148968981099297,0.0010598386109974241,0.13889158255282705
336.625,0.0010463037575095006,0.001072813139530773,0.13897433251912106
336.6666666666667,0.0010654463342168483,0.001071541511311513,0.1390591258394976
336.7083333333333,0.0010709525212430954,0.0010560385552431004,0.13914052782720718
336.75,0.0010623882566604221,0.0010270814271737768,0.1392132696378859
336.7916666666667,0.0010385855435841723,0.0009851853957715162,0.13927238986339496
336.8333333333333,0.0009994008572871541,0.0009324762208193366,0.13931328296920414
336.875,0.0009478417796709554,0.0008734874688592991,0.1393327397854223
336.9166666666667,0.0008892028397971668,0.0008126943151886809,0.13932928828008442
336.9583333333333,0.0008275143554332607,0.0007542258350452649,0.13930308006147102
337.0,0.0007672650055885835,0.0007022250844784388,0.13925584441454242
337.0416666666667,0.0007122021125887683,0.0006604337420770188,0.13919080567865577
337.0833333333333,0.000666557240524535,0.0006319517146240861,0.1391124988132851
337.125,0.0006337623066870602,0.0006189711324659827,0.13902645428577207
337.1666666666667,0.000616187033289202,0.0006225072556201081,0.13893880331668268
337.2083333333333,0.0006153192012236867,0.0006423210159320075,0.1388558129450082
337.25,0.0006313492133535542,0.0006769358802263823,0.13878341031734578
337.2916666666667,0.000662137866934135,0.0007229407162553152,0.13872662240302827
337.3333333333333,0.0007042202408084146,0.0007763811657570497,0.13868894325365028
337.375,0.0007542662392470576,0.0008339794099322097,0.13867253095786922
337.4166666666667,0.0008097419276680552,0.0008921227204372834,0.13867823982731478
337.4583333333333,0.0008670487612927365,0.000946942659761413,0.1387054902615087
337.5,0.0009226042977938214,0.0009950121219629723,0.1387523050271846
337.5416666666667,0.0009727405134361601,0.0010333858066166755,0.13881549679800317
337.5833333333333,0.0010148796358069715,0.0010598308631679055,0.13889090413959346
337.625,0.0010463002772069553,0.0010728074284741607,0.13897365338484435
337.6666666666667,0.0010654293254381561,0.0010715365567771765,0.13905844597486783
337.7083333333333,0.001070950027307899,0.001056035537163726,0.13913984794701326
337.75,0.0010623692346121703,0.0010270720249594965,0.13921258881320003
337.7916666666667,0.0010385760114785506,0.0009851819308816213,0.139271708798438
337.8333333333333,0.000999408234390732,0.0009324804607289184,0.13931260478875163
337.875,0.0009478554385395734,0.0008734875090670871,0.1393320666543083
337.9166666666667,0.000889185023216405,0.000812693661322631,0.1393286175873079
337.9583333333333,0.000827533001818816,0.0007542241862402513,0.1393024117198118
338.0,0.0007672592751252906,0.0007022266363636699,0.13925517787453706
338.0416666666667,0.00071216729557904,0.0006604302810080195,0.1391901410965047
338.0833333333333,0.0006665885332126394,0.0006319504642679929,0.13911183557702084
338.125,0.0006337684629018984,0.0006189720369859035,0.13902579219193625
338.1666666666667,0.0006161620094009738,0.0006225057775122185,0.13893814239071994
338.2083333333333,0.000615332816094467,0.0006423205426458227,0.13885515349457614
338.25,0.0006313471408222567,0.0006769333833774332,0.13878275120514771
338.2916666666667,0.0006621273717274357,0.0007229378695757623,0.1387259643990589
338.3333333333333,0.0007042109299597125,0.0007763784430472578,0.1386882859909512
338.375,0.0007542624062127053,0.0008339762956471631,0.13867187375655793
338.4166666666667,0.0008097354422738061,0.000892118567858529,0.13867758274458164
338.4583333333333,0.000867041129072657,0.0009469375909682144,0.1387048329209839
338.5,0.0009225922007735674,0.0009950063608104153,0.13875164695223938
338.5416666666667,0.0009727280405592366,0.001033379502635468,0.13881483809884956
338.5833333333333,0.0010148658776603884,0.0010598245233564081,0.13889024457880655
338.625,0.0010462868550464555,0.0010728020464226976,0.13897299286192558
338.6666666666667,0.0010654220789626453,0.0010715324055132487,0.13905778513937858
338.7083333333333,0.0010709409191179949,0.0010560323317813163,0.13913918726084765
338.75,0.0010623648907931535,0.0010270698313642756,0.13921192859030412
338.7916666666667,0.0010385773734130712,0.0009851836851548573,0.13927105016970703
338.8333333333333,0.0009994092005459344,0.0009324808796373613,0.13931194794028148
338.875,0.0009478550942257134,0.0008734868964384368,0.1393314111241474
338.9166666666667,0.000889183492220532,0.0008126933452827566,0.13932796325017147
338.9583333333333,0.0008275312728414493,0.0007542234756505094,0.13930175855974927
339.0,0.0007672604870455797,0.000702226265698188,0.13925452588170642
339.0416666666667,0.0007121683825163208,0.0006604303644092282,0.1391894901926784
339.0833333333333,0.0006665808220895729,0.0006319503122330706,0.1391111859169557
339.125,0.0006337711704546836,0.0006189715174565919,0.13902514410819147
339.1666666666667,0.0006161632013251678,0.0006225054853162414,0.1389374956408398
339.2083333333333,0.0006153267757683594,0.0006423209435075887,0.13885450861725607
339.25,0.0006313399320954163,0.0006769233456310347,0.138782106617819
339.2916666666667,0.0006621172366461039,0.0007229333945588063,0.13872531852103398
339.3333333333333,0.0007041878989881028,0.000776364062765659,0.13868763899383216
339.375,0.0007542635752202895,0.0008339666845460727,0.13867121996189694
339.4166666666667,0.0008096682013399135,0.0008921181241124035,0.13867692570694065
339.4583333333333,0.0008671166194638914,0.0009469336623441328,0.13870417749710093
339.5,0.0009224964681415047,0.0009950015891002561,0.13875098965727653
339.5416666666667,0.0009727906496199463,0.0010333712119387406,0.13881418070016896
339.5833333333333,0.0010148142690766106,0.0010598233611717124,0.13888958549831984
339.625,0.0010462869694030186,0.0010727926578912538,0.1389723340130265
339.6666666666667,0.0010654146613543792,0.0010715309907029672,0.13905712552117017
339.7083333333333,0.001070928380927095,0.0010560259846267585,0.13913852795952097
339.75,0.0010623931344811402,0.0010270889250226893,0.1392112736998695
339.7916666666667,0.0010385863206431904,0.0009852067730954227,0.13927039993701879
339.8333333333333,0.000999435096231359,0.0009324900338643699,0.13931131215511713
339.875,0.0009478830786882838,0.0008734857710205353,0.13933077375033415
339.9166666666667,0.0008891525978674767,0.0008126965483353177,0.13932732485729163
339.9583333333333,0.0008275721945190265,0.0007542182801388904,0.1393011216625501
340.0,0.0007672381088733379,0.0007022311132276546,0.1392538885784961
340.0416666666667,0.0007121391834168408,0.0006604260666957299,0.13918885434252015
340.0833333333333,0.0006666227041086689,0.0006319510409428572,0.13911055135281503
340.125,0.0006337655736969601,0.0006189735446981016,0.1390245107308506
340.1666666666667,0.000616150781803455,0.0006225054641934322,0.1389368640720647
340.2083333333333,0.0006153357040867979,0.0006423220167753195,0.1388538794848626
340.25,0.0006313408302585941,0.0006769233966833043,0.13878148059047135
340.2916666666667,0.0006621168735635116,0.000722933811510248,0.13872469236487409
340.3333333333333,0.0007041956443066876,0.0007763708182770853,0.1386870130328459
340.375,0.0007542674244865651,0.0008339669903998408,0.1386705980077124
340.4166666666667,0.0008096822449907554,0.0008921099023041853,0.13867630454056643
340.4583333333333,0.0008670828101033184,0.0009469309947594159,0.1387035521745415
340.5,0.0009225065177734191,0.0009949959781501737,0.13875036298100105
340.5416666666667,0.0009727804838546885,0.0010333702337135397,0.13881355062412157
340.5833333333333,0.0010147946500580019,0.0010598192185668253,0.13888895381451935
340.625,0.0010463011966141936,0.0010727919567428028,0.13897170285558724
340.6666666666667,0.0010653895881903683,0.001071528362687774,0.13905649487171556
340.7083333333333,0.0010709395527355894,0.0010560239777095866,0.1391378982947749
340.75,0.0010623298542356855,0.001027046036950134,0.139210637533501
340.7916666666667,0.0010385323955008575,0.0009851712525450465,0.13926975323097357
340.8333333333333,0.0009993772129801932,0.0009324702970532474,0.13931064946091512
340.875,0.0009478570111688574,0.0008734843485996513,0.13933011378200166
340.9166666666667,0.0008891619664532456,0.0008126949741758409,0.1393266680672718
340.9583333333333,0.0008275592871559163,0.0007542202325618118,0.13930046687764
341.0,0.0007672399492906167,0.0007022287499761886,0.13925323635202802
341.0416666666667,0.0007121468881441721,0.0006604261503649503,0.13918820348365896
341.0833333333333,0.0006666177651708263,0.0006319504331348675,0.13910990194734013
341.125,0.000633757468927544,0.0006189723699865354,0.13902386261704988
341.1666666666667,0.0006161470465510888,0.0006225040393092793,0.1389362170380293
341.2083333333333,0.000615339827866029,0.000642321014861286,0.13885323327584537
341.25,0.0006313324920016595,0.0006769239806727799,0.13878083339099176
341.2916666666667,0.0006621182277755307,0.0007229352753403002,0.13872404960659687
341.3333333333333,0.0007041997669253226,0.0007763704331250872,0.1386863717659173
341.375,0.0007542636600598952,0.0008339644262023636,0.13866995739601035
341.4166666666667,0.0008096772577315783,0.0008921070033692139,0.138675664222812
341.4583333333333,0.0008670649877219402,0.0009469253494469592,0.13870291404965873
341.5,0.0009225029881351208,0.0009949916187533387,0.13874972338922453
341.5416666666667,0.0009727524578138561,0.00103336266151582,0.138812912867341
341.5833333333333,0.0010147976715644711,0.0010598136516097505,0.13888831513492428
341.625,0.0010462820074408602,0.0010727874195284328,0.1389710628093038
341.6666666666667,0.001065388952340346,0.0010715259093435395,0.1390558549186346
341.7083333333333,0.001070924236149621,0.0010560191112375982,0.13913725833885923
341.75,0.0010623537523833217,0.0010270584927696556,0.13920999681474042
341.7916666666667,0.0010385394913362672,0.0009851754086337104,0.13926911820216548
341.8333333333333,0.0009993851911746614,0.0009324771365500943,0.13931001853606514
341.875,0.0009478537334840606,0.0008734848476968435,0.13932948545222854
341.9166666666667,0.0008891843626132716,0.0008126917100075519,0.13932604134619087
341.9583333333333,0.0008275284049862933,0.00075422212629278,0.1392998406795746
342.0,0.0007672537660457351,0.0007022248676997105,0.13925261207900938
342.0416666666667,0.0007121618623772474,0.0006604283466922436,0.13918758058863148
342.0833333333333,0.0006665878391591332,0.0006319487828195198,0.1391092803818114
342.125,0.0006337656396932581,0.0006189706085904581,0.13902324227796442
342.1666666666667,0.0006161579598342433,0.0006225042672274639,0.13893559782652595
342.2083333333333,0.0006153300884252811,0.0006423191397304734,0.1388526143804544
342.25,0.0006313433337428149,0.0006769305815522201,0.13878021742313848
342.2916666666667,0.0006621216866326731,0.0007229345415842919,0.1387234352290206
342.3333333333333,0.0007042007798415161,0.0007763721011398482,0.13868576090067458
342.375,0.0007542466608815784,0.0008339658503301789,0.138669351361489
342.4166666666667,0.0008097099180618605,0.0008921040702796305,0.1386750613731989
342.4583333333333,0.0008670112707191687,0.0009469193461779745,0.13870231116812212
342.5,0.0009225525311060347,0.000994985709290615,0.1387491235872962
342.5416666666667,0.000972687215197812,0.0010333571354144405,0.138812312421233
342.5833333333333,0.0010148250920426303,0.0010598030247799834,0.13888771621394058
342.625,0.0010462444039503955,0.0010727817414190272,0.13897046245244288
342.6666666666667,0.001065387957771882,0.0010715156380955622,0.13905525356332643
342.7083333333333,0.0010709112235726033,0.0010560199487967472,0.13913665602344885
342.75,0.001062347452804079,0.0010270625417033636,0.13920939974567895
342.7916666666667,0.0010385630130566696,0.0009851770005519023,0.1392685243770658
342.8333333333333,0.0009993992538739336,0.000932477092714644,0.13930942619581027
342.875,0.0009478485168869399,0.0008734845205517422,0.13932889416959415
342.9166666666667,0.0008891792099424662,0.0008126908773895582,0.13932545138644647
342.9583333333333,0.0008275283309345677,0.000754221646913825,0.13929925190548179
343.0,0.0007672539894589585,0.0007022243742232152,0.13925202451537935
343.0416666666667,0.0007121614028079617,0.0006604279786275222,0.13918699426940281
343.0833333333333,0.0006665870741169405,0.0006319482491695138,0.1391086953551781
343.125,0.0006337634424972208,0.0006189701610338197,0.13902265838433633
343.1666666666667,0.000616156764139394,0.0006225036426146856,0.1389350151198799
343.2083333333333,0.000615329890157372,0.0006423184312239149,0.13885203267417845
343.25,0.000631345666166237,0.0006769342787346398,0.1387796369992131
343.2916666666667,0.0006621248263645706,0.0007229357019442468,0.13872285772865184
343.3333333333333,0.0007042029757911068,0.0007763711499757361,0.13868518482616585
343.375,0.0007542411196012917,0.0008339634857305919,0.13866877586641185
343.4166666666667,0.0008097093482200724,0.0008921003654541711,0.13867448657268547
343.4583333333333,0.0008669965570263934,0.000946915971323807,0.1387017363468129
343.5,0.0009225502685735341,0.0009949804497303896,0.13874854852681565
343.5416666666667,0.000972676121846145,0.0010333535687423612,0.13881173671407804
343.5833333333333,0.001014803601173758,0.0010597964316777387,0.1388871408955099
343.625,0.0010462431635123958,0.001072778603609998,0.13896988616796133
343.6666666666667,0.0010653719971110086,0.0010715120654128673,0.13905467720391987
343.7083333333333,0.0010709124273700188,0.0010560167896142534,0.13913607961988164
343.75,0.0010623336740909163,0.0010270545490360377,0.13920882292743453
343.7916666666667,0.0010385588285444737,0.0009851755806060231,0.13926794804020384
343.8333333333333,0.0009993919029015505,0.0009324725264449717,0.13930884876455685
343.875,0.0009478401503798269,0.0008734834348982756,0.13932831489462139
343.9166666666667,0.000889188912715512,0.0008126907822423065,0.13932487246238365
343.9583333333333,0.0008275056778449891,0.0007542226353824279,0.1392986721591575
344.0,0.0007672597297526235,0.0007022215059528372,0.13925144567528128
344.0416666666667,0.0007122031394401595,0.0006604311438006391,0.1391864157480089
344.0833333333333,0.0006665443975998313,0.000631949785248441,0.139108117769819
344.125,0.0006337523377801938,0.0006189677489865575,0.13902208259702042
344.1666666666667,0.0006161918253114984,0.0006225050849483688,0.1389344408362007
344.2083333333333,0.0006153182767124415,0.0006423211557765944,0.13885146079767313
344.25,0.0006313266518422167,0.0006769198276805029,0.13877906608197807
344.2916666666667,0.0006621208063797895,0.000722936159891625,0.13872227696820513
344.3333333333333,0.000704192799489131,0.000776368759422574,0.13868460107481398
344.375,0.0007542760126663901,0.0008339538318240115,0.13866818567288536
344.4166666666667,0.000809616516657322,0.0008920948896337857,0.1386738901014991
344.4583333333333,0.0008670945550405408,0.0009469208160229316,0.13870113905381698
344.5,0.0009224406614744997,0.0009949727914991063,0.13874794890462827
344.5416666666667,0.0009727711810004051,0.0010333543283550675,0.1388111360685613
344.5833333333333,0.0010147333475481423,0.0010597959666200584,0.1388865372031624
344.625,0.001046283958825624,0.0010727766527940765,0.13896928459693417
344.6666666666667,0.001065345034732971,0.0010715123774654106,0.13905407604714676
344.7083333333333,0.0010709262163947101,0.0010560150022570361,0.13913548048065777
344.75,0.0010623250263964005,0.0010270558731543908,0.13920822379706624
344.7916666666667,0.0010385467733834291,0.0009851703704739795,0.13926735013471025
344.8333333333333,0.0009993866794269658,0.0009324663824518812,0.13930825255287604
344.875,0.0009478353763732821,0.0008734776905216317,0.13932772179550557
344.9166666666667,0.0008891530305942191,0.0008126931773379849,0.1393242806875444
344.9583333333333,0.0008275590315802002,0.0007542180676068358,0.1392980842811594
345.0,0.0007672333686775465,0.0007022268250088467,0.139250858372417
345.0416666666667,0.0007121471767288584,0.000660424400797811,0.13918583035805812
345.0833333333333,0.0006666169100965857,0.0006319487792345614,0.13910753390378966
345.125,0.0006337473540797237,0.0006189702811178826,0.1390214994573376
345.1666666666667,0.0006161439017350849,0.0006225011657150915,0.13893385853698453
345.2083333333333,0.0006153402071665616,0.0006423194836894445,0.13885087927863454
345.25,0.0006313345767860308,0.0006769282038490659,0.13877848672659557
345.2916666666667,0.000662119483991017,0.0007229335637010753,0.13872171158987098
345.3333333333333,0.0007041913542717146,0.0007763641508416093,0.13868403907761945
345.375,0.0007542287461131932,0.0008339583633728381,0.1386676310803405
345.4166666666667,0.0008097038913905957,0.0008920960634323529,0.13867334314289947
345.4583333333333,0.0008669777407377627,0.0009469082329091182,0.13870059354956307
345.5,0.0009225451216803308,0.0009949717201690905,0.13874740650158723
345.5416666666667,0.0009726560986382377,0.0010333455539877608,0.13881059439359422
345.5833333333333,0.0010147790838932504,0.0010597868737993279,0.1388859978231337
345.625,0.0010462424416831282,0.0010727704868665811,0.13896874318400337
345.6666666666667,0.0010653313049563938,0.0010715023282219344,0.13905353351808192
345.7083333333333,0.0010709140996804384,0.0010560094559336401,0.13913493516373696
345.75,0.0010622970470426632,0.0010270369016262182,0.13920767863628875
345.7916666666667,0.001038538417686825,0.000985184809986707,0.13926679817225662
345.8333333333333,0.0009993932705639592,0.0009324823816265974,0.13930771753698135
345.875,0.0009478986898366084,0.000873476533548526,0.13932719391555726
345.9166666666667,0.0008890841668327724,0.0008126862872296003,0.13932375266850786
345.9583333333333,0.0008276433127074619,0.0007542253206175554,0.13929756291452897
346.0,0.0007671200712276178,0.0007022188201300719,0.1392503391304593
346.0416666666667,0.0007122516394455075,0.0006604223347847939,0.1391853151094046
346.0833333333333,0.0006665565545751942,0.0006319487205988086,0.13910701945579715
346.125,0.0006337304933868999,0.0006189619068939486,0.13902098605673027
346.1666666666667,0.0006161721083889932,0.0006225004651948857,0.13893334459002576
346.2083333333333,0.0006153131360721466,0.0006423170698036646,0.13885036489166797
346.25,0.0006313530349362964,0.0006769375646168057,0.1387779766874432
346.2916666666667,0.0006621376750254742,0.0007229382594556488,0.1387212073316021
346.3333333333333,0.000704191151837915,0.0007763581108538946,0.1386835356249378
346.375,0.0007542218825991235,0.0008339513363632288,0.13866712474393553
346.4166666666667,0.0008096792032465833,0.0008920944347464502,0.1386728359843116
346.4583333333333,0.000866997627380664,0.0009469041833128592,0.13870008687551413
346.5,0.0009225134347996276,0.0009949708516775312,0.13874689821583405
346.5416666666667,0.0009726558044606728,0.0010333390098802107,0.13881008582781007
346.5833333333333,0.0010147970815542007,0.001059786664841217,0.13888548907243609
346.625,0.0010462073580463508,0.0010727656214955948,0.13896823430429964
346.6666666666667,0.001065358652105329,0.0010715014546660796,0.13905302504910833
346.7083333333333,0.0010708879984828211,0.0010560093378220706,0.13913442786394223
346.75,0.0010623360069401738,0.001027059769744333,0.13920717409893002
346.7916666666667,0.001038558069454022,0.0009851751612966312,0.1392663029564253
346.8333333333333,0.000999386357009879,0.0009324696247139832,0.1393072069724048
346.875,0.0009478318198005828,0.0008734816552751538,0.1393266758444573
346.9166666666667,0.0008891885517210869,0.0008126891041799046,0.13932323641525912
346.9583333333333,0.0008275066897775661,0.0007542205195292736,0.13929704038394075
347.0,0.0007672556314796552,0.000702220902173493,0.13924981690329713
347.0416666666667,0.0007121868909405376,0.0006604291971518977,0.13918479052438495
347.0833333333333,0.0006665529324534223,0.0006319474156899975,0.13910649610165302
347.125,0.000633757958807261,0.0006189674827191717,0.1390204639910344
347.1666666666667,0.0006161746281538002,0.0006225031909513396,0.13893282539858282
347.2083333333333,0.0006153124445227335,0.0006423169970426151,0.1388498474627164
347.25,0.0006313438842638889,0.0006769331426717536,0.13877745730501864
347.2916666666667,0.000662127935253345,0.0007229345114855499,0.13872068188366515
347.3333333333333,0.0007042004861599823,0.0007763671260194363,0.1386830128044511
347.375,0.0007542291068596374,0.0008339560294467747,0.13866660705536799
347.4166666666667,0.0008096893413267294,0.0008920904030371719,0.13867231922435566
347.4583333333333,0.0008669762649587188,0.000946902891296146,0.13869956968471064
347.5,0.0009225237110862077,0.0009949662592820528,0.13874638190737018
347.5416666666667,0.0009726477448148412,0.0010333376744881533,0.13880956963318972
347.5833333333333,0.001014780824809884,0.0010597821205450407,0.13888497242225725
347.625,0.0010462131922609776,0.001072763940360611,0.13896771761900434
347.6666666666667,0.0010653484292288517,0.001071499922997059,0.13905250860688906
347.7083333333333,0.0010708902409208635,0.0010560083011819357,0.13913391212905316
347.75,0.0010623069388795824,0.001027037132673936,0.1392066566938525
347.7916666666667,0.0010385582263498588,0.0009851909301601513,0.13926578073719365
347.8333333333333,0.0009993726492978476,0.00093246880794486,0.13930669110887792
347.875,0.0009478579546592583,0.0008734793806639932,0.13932616107822512
347.9166666666667,0.0008891302084093469,0.0008126935637111265,0.13932272347605731
347.9583333333333,0.0008275953305102304,0.0007542163417666308,0.13929653051925103
348.0,0.0007671965950136263,0.00070222763802065,0.1392493066522572
348.0416666666667,0.0007121467733332464,0.0006604205909289659,0.1391842821743958
348.0833333333333,0.00066663760611306,0.0006319495582721672,0.13910598848344616
348.125,0.000633736017347739,0.0006189705175543324,0.13901995715540785
348.1666666666667,0.0006161413894828289,0.0006225014978370096,0.1389323199870122
348.2083333333333,0.0006153406674839846,0.0006423198430339271,0.13884934510540273
348.25,0.0006313265916997762,0.0006769200477476307,0.1387769537887982
348.2916666666667,0.0006620884070413772,0.0007229156931531105,0.138720170063801
348.3333333333333,0.0007041631454913871,0.0007763551450176648,0.13868249689432846
348.375,0.0007542227780951073,0.0008339537737911945,0.13866609016932582
348.4166666666667,0.0008096823534451612,0.00089208914667082,0.13867180265263954
348.4583333333333,0.0008669836396421611,0.0009469003358305062,0.13869905332458188
348.5,0.0009225047484821921,0.0009949641104402076,0.138745865606276
348.5416666666667,0.0009726513444358559,0.001033333761251388,0.13880905221451115
348.5833333333333,0.001014782941642047,0.0010597822459901712,0.13888445485254353
348.625,0.0010461934158483152,0.0010727604877514103,0.13896720047465042
348.6666666666667,0.0010653642733425013,0.001071502043149769,0.13905199197268014
348.7083333333333,0.001070874769036311,0.001056006684488179,0.13913339709845277
348.75,0.0010623166480559349,0.0010270342010320866,0.13920614639584253
348.7916666666667,0.0010385270803766615,0.0009851888077510049,0.13926526904852862
348.8333333333333,0.0009993986580813376,0.000932484309016373,0.13930619447423037
348.875,0.000947908211821359,0.0008734750425578086,0.13932567388560474
348.9166666666667,0.000889071800594756,0.0008126840172965364,0.13932223516667216
348.9583333333333,0.0008276463589284577,0.0007542246299069051,0.1392960485451247
349.0,0.0007671145077117405,0.0007022173369800232,0.1392488271968333
349.0416666666667,0.000712251897325505,0.0006604215711540837,0.1391838061475262
349.0833333333333,0.0006665540134682112,0.0006319480647146038,0.13910551340874747
349.125,0.0006337290515879276,0.0006189610996286837,0.13901948324887456
349.1666666666667,0.0006161708930780161,0.0006224995169813897,0.13893184495447938
349.2083333333333,0.0006153113522093386,0.0006423161837278462,0.13884886853531825
349.25,0.0006313480784640679,0.0006769325280406987,0.13877648349431826
349.2916666666667,0.0006621318947947437,0.0007229355025515329,0.13871971562917507
349.3333333333333,0.0007041818121052693,0.0007763536575971723,0.13868204645637747
349.375,0.0007542164468229104,0.0008339461772249611,0.1386656370958203
349.4166666666667,0.0008096614495113159,0.0008920881828325201,0.138671349073529
349.4583333333333,0.0008669963641808605,0.0009468971164584372,0.13869860054459324
349.5,0.0009224848370865424,0.000994963212231346,0.1387454118855063
349.5416666666667,0.0009726493307520418,0.0010333296846995249,0.13880860000103054
349.5833333333333,0.0010147752569381883,0.0010597788302021869,0.13888400317357677
349.625,0.0010461847316714924,0.0010727571252121986,0.13896674840962636
349.6666666666667,0.0010653518330374903,0.0010714955116891563,0.13905153983280957
349.7083333333333,0.0010708701250845586,0.0010560029639264791,0.13913294373130516
349.75,0.0010623646832252382,0.0010270818913511396,0.13920569489754925
349.7916666666667,0.0010385827769462724,0.0009851850148141007,0.13926483910796958
349.8333333333333,0.0009994101216045314,0.0009324705087774033,0.1393057496735713
349.875,0.0009478189100095319,0.0008734768274365775,0.1393252218123157
349.9166666666667,0.0008891947338129103,0.0008126876596552739,0.1393217847196218
349.9583333333333,0.0008274875021167756,0.0007542209713215695,0.13929559000135236
350.0,0.0007672437645030503,0.0007022169560105457,0.13924836925402226
350.0416666666667,0.0007122335245868695,0.0006604292489616981,0.13918334556324208
350.0833333333333,0.0006665427043996753,0.0006319503282649015,0.13910505337162976
350.125,0.0006337133619181507,0.0006189655934437549,0.13901902453699858
350.1666666666667,0.000616194428779228,0.0006225016904047606,0.13893138938498942
350.2083333333333,0.0006153276616986881,0.0006423191877931671,0.138848415369346
350.25,0.0006313299499055493,0.0006769351431308956,0.13877602939152098
350.2916666666667,0.0006621284457437032,0.0007229356073888326,0.1387192577300246
350.3333333333333,0.0007041989887578474,0.0007763608348538731,0.1386815881115749
350.375,0.0007542360797802442,0.0008339461603454239,0.1386651788143579
350.4166666666667,0.0008096298095119226,0.0008920855070702383,0.13867088911348205
350.4583333333333,0.0008670276925534527,0.0009468979007171716,0.13869814128691765
350.5,0.0009224365698007433,0.00099496032556375,0.13874495059588784
350.5416666666667,0.0009726949079697364,0.0010333289964358115,0.1388081394378609
350.5833333333333,0.001014729616681325,0.001059780414871752,0.13888354036019368
350.625,0.0010462206502940702,0.001072756410068916,0.13896628709578884
350.6666666666667,0.001065333551961702,0.0010714994477239552,0.13905107936146294
350.7083333333333,0.0010708789446946744,0.0010559989650790645,0.1391324847738274
350.75,0.0010623009283800503,0.0010270298397598993,0.13920522660722912
350.7916666666667,0.0010384945207440866,0.0009851564470689013,0.13926434881342484
350.8333333333333,0.0009993545922907339,0.0009324679569120101,0.1393052549890119
350.875,0.0009478491453000085,0.0008734799372861017,0.13932473141662138
350.9166666666667,0.000889163279402908,0.0008126871015865631,0.13932129648439123
350.9583333333333,0.0008275341934187613,0.0007542175888545986,0.13929510556210434
351.0,0.0007672332289537112,0.0007022219308110255,0.13924788631221405
351.0416666666667,0.0007121497764160195,0.0006604231383319135,0.13918286473702365
351.0833333333333,0.000666603906131166,0.0006319456532145156,0.13910457468594506
351.125,0.0006337438402911554,0.0006189674615648378,0.13901854609626954
351.1666666666667,0.0006161407023405948,0.0006224993211450876,0.13893091108624478
351.2083333333333,0.0006153341599337091,0.0006423175078658426,0.1388479379703703
351.25,0.0006313262882565973,0.0006769241871055329,0.13877554949283916
351.2916666666667,0.000662108413786494,0.0007229295807383877,0.13871877566092752
351.3333333333333,0.0007041864860092327,0.0007763632268752196,0.13868110963741745
351.375,0.0007542295787607789,0.0008339513039397333,0.13866470648831733
351.4166666666667,0.0008096717908022488,0.000892084072863761,0.13867042045675923
351.4583333333333,0.0008669728749411527,0.0009468944022707735,0.13869767253972995
351.5,0.0009224954253602225,0.0009949578742034506,0.13874448552677118
351.5416666666667,0.000972634124383475,0.0010333267371333999,0.13880767380902984
351.5833333333333,0.0010147705231973731,0.0010597742582299488,0.13888307704461922
351.625,0.0010461849899613533,0.0010727537743579888,0.13896582333740753
351.6666666666667,0.0010653424605626604,0.001071492302561069,0.13905061552286668
351.7083333333333,0.001070867797096161,0.001056001816423533,0.13913202086169735
351.75,0.001062326836325018,0.0010270549382267223,0.13920477057444902
351.7916666666667,0.0010385503928908271,0.0009851723183026224,0.13926390332255265
351.8333333333333,0.0009993776309442078,0.0009324666758952201,0.1393048119662461
351.875,0.0009478251023141067,0.0008734788623580135,0.1393242851370228
351.9166666666667,0.0008891832908865735,0.0008126866954440168,0.13932085016556006
351.9583333333333,0.0008275026433933462,0.0007542182140293696,0.13929465881158534
352.0,0.000767252361679002,0.0007022189878462572,0.13924744014908738
352.0416666666667,0.0007121820845172775,0.0006604272551160354,0.13918241841821996
352.0833333333333,0.0006665497708466612,0.0006319456004546173,0.13910412884176557
352.125,0.0006337559492658302,0.0006189657470766041,0.13901810159166847
352.1666666666667,0.0006161700726832166,0.000622501403912582,0.13893046779084303
352.2083333333333,0.0006153090903983434,0.0006423152457499157,0.13884749470581836
352.25,0.0006313430600950095,0.0006769339371802528,0.1387751093832514
352.2916666666667,0.0006621280035449376,0.0007229356573958137,0.1387183396120574
352.3333333333333,0.0007041923185047223,0.000776359644759338,0.13868067176420043
352.375,0.0007542337457298585,0.0008339439801641627,0.13866426407395954
352.4166666666667,0.0008096262154690668,0.0008920830484791329,0.13866997570778933
352.4583333333333,0.0008670235257221186,0.0009468949893067731,0.13869722874775142
352.5,0.000922429702237303,0.0009949569731236643,0.1387440391448592
352.5416666666667,0.0009726882744064785,0.0010333253713588695,0.13880722887766167
352.5833333333333,0.0010147227285532687,0.001059776820017453,0.13888263056486905
352.625,0.00104621385354141,0.001072752993400966,0.1389653780789882
352.6666666666667,0.0010653274181905564,0.0010714965426062491,0.13905017123897676
352.7083333333333,0.0010708733259904386,0.0010559965463461305,0.13913157768550885
352.75,0.0010622982390702587,0.0010270287113434261,0.13920432083680073
352.7916666666667,0.0010384922468731478,0.0009851553325464161,0.13926344482154587
352.8333333333333,0.000999352340471392,0.0009324669061638143,0.13930435271704975
352.875,0.0009478464438527433,0.0008734789105041452,0.13932383076138444
352.9166666666667,0.0008891623467345886,0.0008126861180512269,0.1393203975081434
352.9583333333333,0.0008275310756602337,0.0007542168232138728,0.13929420826756647
353.0,0.000767232473788306,0.0007022210492324266,0.1392469908155965
353.0416666666667,0.0007121481294209403,0.0006604224464095717,0.13918197115636485
353.0833333333333,0.0006666017778266135,0.0006319448734416513,0.13910368289405192
353.125,0.0006337431790283609,0.000618966756769372,0.1390176561056093
353.1666666666667,0.0006161391677971911,0.0006224986075691665,0.13893002288687661
353.2083333333333,0.0006153325248392275,0.0006423166843706915,0.13884705151516205
353.25,0.0006313247300757043,0.0006769230338972364,0.13877466486302664
353.2916666666667,0.0006621072444333667,0.0007229293172066212,0.13871789264493772
353.3333333333333,0.0007041851169167667,0.0007763624915250936,0.1386802284744526
353.375,0.0007542279063048925,0.0008339497470321367,0.13866382690635246
353.4166666666667,0.0008096675044575352,0.0008920819780086959,0.13866954220909777
353.4583333333333,0.0008669693199799826,0.0009468919860169709,0.13869679547901653
353.5,0.0009224899121613932,0.0009949552219999755,0.1387436095134783
353.5416666666667,0.0009726287208607079,0.0010333238583544178,0.13880679889137396
353.5833333333333,0.0010147649577064881,0.0010597714561174064,0.13888220299592938
353.625,0.0010461793139422465,0.001072751122709157,0.13896495026556804
353.6666666666667,0.0010653381696481227,0.0010714900352854538,0.139049743527915
353.7083333333333,0.0010708632194988733,0.001055999872077564,0.13913115008082072
353.75,0.0010623225414704417,0.0010270525702391557,0.13920390101689703
353.7916666666667,0.001038547698698084,0.0009851712457391317,0.1392630351718521
353.8333333333333,0.0009993750925897883,0.0009324656338446473,0.1393039454315437
353.875,0.0009478265047449973,0.00087347693716607,0.13932342258250918
353.9166666666667,0.0008891639149506052,0.0008126879498143601,0.13931999029021475
353.9583333333333,0.0008275288505971073,0.0007542145680148366,0.13929380161012503
354.0,0.0007672438268802172,0.0007022220000271631,0.13924658448414265
354.0416666666667,0.0007121429021534125,0.0006604234161275657,0.13918156445059723
354.0833333333333,0.0006665869600105015,0.0006319446231844513,0.1391032767305437
354.125,0.000633759118446714,0.0006189669621320098,0.13901725108078236
354.1666666666667,0.0006161452170918031,0.0006225000306077313,0.13892961897329953
354.2083333333333,0.0006153216311168371,0.0006423154684334472,0.13884664841181185
354.25,0.0006313449672284716,0.0006769352458452123,0.13877426450223845
354.2916666666667,0.0006621242656638563,0.0007229352069462405,0.13871749820690207
354.3333333333333,0.0007041929693098648,0.0007763597551758221,0.13867983431211295
354.375,0.0007542245345297961,0.0008339447636215931,0.13866342911658436
354.4166666666667,0.0008096451001013364,0.0008920811783680627,0.13866914321737187
354.4583333333333,0.0008669918825271041,0.0009468922474538522,0.13869639721174065
354.5,0.0009224554421850059,0.0009949553338311622,0.13874320929707212
354.5416666666667,0.0009726596811040552,0.0010333237090009014,0.13880639887855997
354.5833333333333,0.0010147406043802926,0.0010597750189305741,0.13888180217473461
354.625,0.0010461965441066667,0.0010727526372656395,0.13896455012382403
354.6666666666667,0.0010653378862608514,0.0010714934082816526,0.1390493455397076
354.7083333333333,0.001070854440925216,0.001055991652142586,0.13913075215370016
354.75,0.0010623199558801493,0.001027040411064919,0.1392034965107843
354.7916666666667,0.0010385160126018137,0.0009851661582343026,0.13926262803096007
354.8333333333333,0.0009993667814021893,0.0009324698913315955,0.13930354027170577
354.875,0.0009478355021148696,0.0008734777296482796,0.13932301944765746
354.9166666666667,0.0008891717808765351,0.0008126852040999666,0.13931958773089195
354.9583333333333,0.000827514913271116,0.000754216241649296,0.1392933995569398
355.0,0.0007672443699804693,0.0007022192365573865,0.1392461836190329
355.0416666666667,0.0007121554159285874,0.000660423932362193,0.13918116482849632
355.0833333333333,0.0006665687204232936,0.0006319442993006569,0.13910287752977477
355.125,0.0006337591319602307,0.0006189657191262877,0.1390168527697257
355.1666666666667,0.0006161517183270404,0.000622499730289324,0.1389292213632109
355.2083333333333,0.0006153158773974006,0.0006423151698175597,0.13884625137662235
355.25,0.0006313280961039748,0.0006769171921683564,0.1387738661361605
355.2916666666667,0.000662097938629046,0.0007229205705176493,0.13871709337910212
355.3333333333333,0.0007041591245447014,0.000776347145026648,0.13867942703126065
355.375,0.0007542199941923804,0.0008339419949342334,0.13866301962786926
355.4166666666667,0.0008096156739158751,0.0008920838847958604,0.13866873297584742
355.4583333333333,0.0008670381277466255,0.0009468918275808433,0.13869598893243815
355.5,0.0009224142915677472,0.0009949544557776577,0.1387428030983257
355.5416666666667,0.0009726927434423894,0.0010333211317264104,0.13880599440660785
355.5833333333333,0.001014718744358985,0.0010597736486650817,0.13888139910840638
355.625,0.0010461952464294914,0.001072747178643426,0.13896414825098705
355.6666666666667,0.0010653309524952176,0.001071491767154562,0.1390489426694821
355.7083333333333,0.0010708625511337041,0.0010559960801771661,0.13913035096183496
355.75,0.0010623586291276738,0.0010270783128135301,0.13920310521279528
355.7916666666667,0.0010385560496091234,0.0009851777915400122,0.13926225121320115
355.8333333333333,0.000999387039066202,0.0009324650089885287,0.13930316559191008
355.875,0.0009478128107026785,0.0008734733024254432,0.13932264233992164
355.9166666666667,0.0008891913492160861,0.000812685029146816,0.1393192101898734
355.9583333333333,0.0008274840731575711,0.0007542181732470304,0.13929302071191646
356.0,0.0007672396990221258,0.0007022149118496618,0.13924580497487835
356.0416666666667,0.0007122195354275628,0.00066042688174837,0.13918078652209123
356.0833333333333,0.0006665349078327005,0.0006319473877131903,0.13910249959378096
356.125,0.0006337186160054868,0.0006189636854158902,0.13901647586026317
356.1666666666667,0.0006161889834294383,0.0006225001121224616,0.1389288458095805
356.2083333333333,0.0006153200851871703,0.0006423174640407148,0.13884587714139576
356.25,0.0006313127008374238,0.0006769184509982843,0.13877349404424077
356.2916666666667,0.0006621130581326319,0.0007229234716375447,0.13871672492692314
356.3333333333333,0.0007041759167139087,0.0007763489292279758,0.13867905932519886
356.375,0.0007542128788968823,0.000833941641138759,0.138662653087216
356.4166666666667,0.0008096221755095643,0.0008920833359494877,0.1386683686711889
356.4583333333333,0.0008670337102284563,0.0009468912049799465,0.13869562427029739
356.5,0.0009224171508953675,0.0009949549216034786,0.13874243898607652
356.5416666666667,0.0009726794803876336,0.0010333199589811772,0.13880563185094408
356.5833333333333,0.0010147258377118573,0.0010597734321376648,0.1388810370040181
356.625,0.0010461833526059486,0.001072746451330223,0.13896378706066234
356.6666666666667,0.001065336467070472,0.0010714929138837322,0.13904858213874183
356.7083333333333,0.0010708532552671044,0.0010559945549875615,0.13912999079713306
356.75,0.0010623306594353054,0.0010270478464152032,0.1392027413770747
356.7916666666667,0.0010385189554082618,0.000985163134922639,0.13926187480792362
356.8333333333333,0.0009993584676908436,0.0009324671238702404,0.139302787735991
356.875,0.0009478311909910879,0.000873476708464196,0.13932226804692885
356.9166666666667,0.0008891722447199347,0.000812683957376239,0.1393188379177689
356.9583333333333,0.000827513480242815,0.0007542158209205244,0.13929265151300985
357.0,0.0007672379759699132,0.0007022183199430191,0.1392454374515751
357.0416666666667,0.0007121506521180247,0.0006604221624919388,0.13918042069599135
357.0833333333333,0.0006665836853199643,0.0006319428030215231,0.1391021353755522
357.125,0.0006337484208424744,0.000618964805807281,0.13901611169895803
357.1666666666667,0.0006161386123615391,0.0006224972354096365,0.13892848137201919
357.2083333333333,0.0006153242146542774,0.0006423142251742289,0.1388455125471886
357.25,0.0006313115940030171,0.0006769108658385654,0.13877312648832513
357.2916666666667,0.0006620933746203703,0.0007229226238657431,0.13871635342674835
357.3333333333333,0.0007041707400235275,0.0007763553345533008,0.13867868865543007
357.375,0.0007542325202122104,0.0008339442034117407,0.13866228592406116
357.4166666666667,0.0008096245003699815,0.0008920791750664709,0.13866800036955457
357.4583333333333,0.0008670203206491664,0.0009468939912381316,0.1386952551776366
357.5,0.0009224259360811366,0.0009949535260084085,0.13874207004575545
357.5416666666667,0.0009726989073959719,0.0010333257381144926,0.13880526048778508
357.5833333333333,0.0010147047167772245,0.0010597749013949484,0.13888066575960795
357.625,0.0010462237487781172,0.001072751832108458,0.13896341756829017
357.6666666666667,0.001065312081391688,0.001071493892929851,0.13904821453131105
357.7083333333333,0.0010708813689442479,0.0010559966802568238,0.13912962537122037
357.75,0.0010623095909717759,0.0010270456600109867,0.13920237654463513
357.7916666666667,0.0010385121679109223,0.0009851573411751285,0.13926151146214671
357.8333333333333,0.000999359056778908,0.0009324624604465453,0.13930242252147512
357.875,0.0009478226778834696,0.0008734764672268514,0.13932190147337187
357.9166666666667,0.0008891866976194261,0.0008126824539351173,0.13931847115107399
357.9583333333333,0.0008274931418382623,0.0007542176622531795,0.13929228425587212
358.0,0.0007672348230192375,0.0007022149298400739,0.13924507051414203
358.0416666666667,0.0007121958601364945,0.0006604251716422988,0.1391800536576366
358.0833333333333,0.0006665396704756526,0.0006319441377476234,0.1391017687675155
358.125,0.0006337480194871859,0.0006189625389519436,0.1390157464141977
358.1666666666667,0.0006161689085816093,0.000622498931735524,0.13892811699730806
358.2083333333333,0.0006153058426319406,0.0006423146319366106,0.13884514908783455
358.25,0.0006313299619824756,0.0006769234441646934,0.13877276736725552
358.2916666666667,0.0006621212744440346,0.0007229313697404609,0.13871600191891836
358.3333333333333,0.0007041866854089545,0.0007763581871135372,0.13867834003258583
358.375,0.0007542250064949819,0.0008339442076273437,0.1386619386191834
358.4166666666667,0.000809636602106904,0.0008920802139244216,0.13866765496198935
358.4583333333333,0.0008670036210361818,0.0009468925766490814,0.13869491145738047
358.5,0.0009224481848142457,0.00099495468695291,0.13874172810337299
358.5416666666667,0.0009726733439071644,0.0010333240227683232,0.1388049200990997
358.5833333333333,0.0010147321338075399,0.0010597742808008306,0.13888032749760487
358.625,0.0010461982723861047,0.001072750781568694,0.1389630792022262
358.6666666666667,0.0010653317346888277,0.001071493199515481,0.13904787699264134
358.7083333333333,0.001070861866102516,0.0010559932190013603,0.13912928750189402
358.75,0.0010623411317064702,0.0010270648653611866,0.1392020383492339
358.7916666666667,0.0010385406681468895,0.0009851735437603035,0.13926118386875994
358.8333333333333,0.0009993832813133732,0.0009324639750154185,0.139302099599551
358.875,0.0009478116709124727,0.0008734720441979307,0.13932157859706407
358.9166666666667,0.0008891871424405641,0.0008126837710589884,0.1393181481623667
358.9583333333333,0.0008274826771476001,0.0007542168331257822,0.13929196075625022
359.0,0.0007672388592197274,0.0007022139367308804,0.13924474692599462
359.0416666666667,0.0007122184142505757,0.0006604260352343514,0.13917973046294846
359.0833333333333,0.0006665324860377119,0.0006319466878077229,0.13910144559925297
359.125,0.0006337130535265251,0.0006189629057929857,0.13901542395680297
359.1666666666667,0.000616188971383745,0.0006224991629973462,0.1389277960926589
359.2083333333333,0.0006153201805545637,0.0006423165484918836,0.1388448294926356
359.25,0.0006313189014054218,0.0006769262518165843,0.1387724497664911
359.2916666666667,0.0006621249121331984,0.0007229322461100732,0.13871569001289655
359.3333333333333,0.000704195019761841,0.0007763539715441694,0.13867802894558476
359.375,0.0007542093282319295,0.0008339434410720838,0.13866162862629003
359.4166666666667,0.0008096621947517309,0.000892082468940926,0.13866734929594085
359.4583333333333,0.00086696137118803,0.0009468900609982523,0.138694608143184
359.5,0.0009225011678707455,0.0009949541523133574,0.13874142772621736
359.5416666666667,0.0009726172142634095,0.001033323767277721,0.1388046221300726
359.5833333333333,0.0010147573100792067,0.0010597682799243192,0.13888003181597752
359.625,0.0010461910939116436,0.001072751155259149,0.1389627836665921
359.6666666666667,0.001065314675501944,0.001071487009258938,0.1390475811602925
359.7083333333333,0.0010708762046213792,0.0010559956300348382,0.13912899079913654
359.75,0.0010623349701014064,0.0010270740426096068,0.1392017484962733
359.7916666666667,0.0010385816513276906,0.000985201470163333,0.13926089502015396
359.8333333333333,0.0009994208453604542,0.0009324812490500542,0.13930182487409834
359.875,0.0009478478902653553,0.0008734751824181566,0.13932130398983752
359.9166666666667,0.0008891515595241096,0.0008126856351854022,0.13931787422989847
359.9583333333333,0.0008275221989095718,0.0007542103023576491,0.13929168862530342
360.0,0.0007672515731756923,0.0007022205970296596,0.13924447436673415
360.0416666666667,0.0007121324150339205,0.00066042284648599,0.13917945844178417
360.0833333333333,0.0006665604224302229,0.0006319430391419951,0.13910117445711506
360.125,0.0006337637889327777,0.0006189648457022552,0.13901515327576403
360.1666666666667,0.0006161719552645789,0.0006225012010648132,0.13892752589330487
360.2083333333333,0.0006153063634395258,0.0006423167965727278,0.13884456093333275
360.25,0.0006313368240391652,0.0006769316959839577,0.13877218317028672
360.2916666666667,0.0006621249599846051,0.0007229290076974627,0.13871542022168232
360.3333333333333,0.0007041942113162197,0.0007763599177940756,0.13867776135711463
360.375,0.0007542139948900555,0.000833948609325939,0.13866136465419293
360.4166666666667,0.0008096791567929353,0.000892080397626356,0.138667086116331
360.4583333333333,0.00086694858745591,0.000946893492051775,0.13869434495342967
360.5,0.0009225042063216918,0.0009949534752048855,0.1387411651827455
360.5416666666667,0.0009726286793800185,0.0010333273531575517,0.13880435977618824
360.5833333333333,0.0010147498759576763,0.0010597699146432202,0.13887977051739064
360.625,0.0010461987306853962,0.0010727536285123867,0.13896252337053172
360.6666666666667,0.0010653159027811559,0.0010714887373913717,0.1390473224164345
360.7083333333333,0.001070877956043318,0.001055997250097292,0.1391287339434523
360.75,0.0010623333346793766,0.0010270715521733453,0.139201490653398
360.7916666666667,0.0010385532860826135,0.00098517015151278,0.13926063724349644
360.8333333333333,0.0009993894186904157,0.000932460719396024,0.13930155324405066
360.875,0.0009478096375022379,0.0008734710238893406,0.13932103270637997
360.9166666666667,0.0008891786955935932,0.0008126829677376896,0.1393176033987878
360.9583333333333,0.0008274844940991912,0.0007542153620781692,0.13929141755878
361.0,0.0007672384615709702,0.0007022140120783989,0.1392442045629129
361.0416666666667,0.000712197109491637,0.0006604248618516463,0.13917918969497278
361.0833333333333,0.0006665351527326892,0.0006319449367086043,0.13910090574318865
361.125,0.0006337324549695116,0.0006189619387466594,0.1390148852824479
361.1666666666667,0.0006161811665364297,0.000622498543940479,0.13892725802375805
361.2083333333333,0.0006153069059331096,0.0006423146881861208,0.13884429204565094
361.25,0.0006313313560544876,0.0006769315455320704,0.13877191285025084
361.2916666666667,0.000662130075119156,0.0007229353123524622,0.138715152506314
361.3333333333333,0.0007041976113429704,0.0007763597281254956,0.1386774939732556
361.375,0.0007542237793584939,0.0008339450307707639,0.13866109436078716
361.4166666666667,0.0008096466479424337,0.0008920824786632667,0.13866681435389622
361.4583333333333,0.0008669935051423364,0.0009468943887004659,0.13869407451131588
361.5,0.0009224646854720509,0.0009949583453427167,0.1387408934431967
361.5416666666667,0.0009726613600784254,0.0010333270382294798,0.13880408952439544
361.5833333333333,0.0010147511526348726,0.0010597779276304616,0.13887949985778647
361.625,0.0010461974133350656,0.0010727547335824044,0.1389622543006367
361.6666666666667,0.0010653415959699852,0.0010714947646874955,0.13904705543801274
361.7083333333333,0.001070869444549287,0.0010560001242692816,0.13912847016434096
361.75,0.0010623076084109824,0.0010270364357644612,0.13920122859042897
361.7916666666667,0.001038523367395598,0.0009851780086721652,0.13926036276351808
361.8333333333333,0.0009993804792341589,0.0009324704137027339,0.13930129078305492
361.875,0.0009478650155056818,0.0008734703426314164,0.1393207739742763
361.9166666666667,0.0008891008193201745,0.0008126801750318467,0.13931734564098228
361.9583333333333,0.0008275875620095379,0.0007542144537291714,0.13929116508015033
362.0,0.0007671536478564007,0.0007022174004717575,0.13924395397111552
362.0416666666667,0.0007121914177056818,0.0006604142612159081,0.1391789421535737
362.0833333333333,0.000666589639698065,0.0006319445500184886,0.13910065992698856
362.125,0.0006336865665448711,0.0006189559729426202,0.13901463915394272
362.1666666666667,0.000616171807086421,0.000622493423320249,0.13892701034642846
362.2083333333333,0.0006152981065274378,0.0006423102193086107,0.13884404153506524
362.25,0.0006313142421730703,0.000676913661858613,0.13877166085591264
362.2916666666667,0.000662107636498343,0.0007229179474333013,0.13871489784988433
362.3333333333333,0.0007041793782243274,0.0007763561899098995,0.13867723586678393
362.375,0.0007542125405029885,0.0008339481472016868,0.1386608378166646
362.4166666666667,0.0008096687677282286,0.0008920833251033771,0.13866655997193722
362.4583333333333,0.0008669726880315594,0.000946895843598129,0.1386938206932344
362.5,0.0009224983317009493,0.0009949584915060277,0.13874064317378704
362.5416666666667,0.0009726395188273962,0.0010333293259769923,0.13880384008003252
362.5833333333333,0.001014770860543119,0.0010597765172309563,0.13887925249507227
362.625,0.0010461850771818564,0.001072756037334651,0.13896200808553782
362.6666666666667,0.001065346530077006,0.0010714937558584637,0.13904680964864258
362.7083333333333,0.0010708650020772785,0.001055998841945915,0.1391282234573186
362.75,0.0010623215013409008,0.0010270483160504183,0.13920098219183294
362.7916666666667,0.0010385530212942888,0.000985192533716933,0.13926012312649932
362.8333333333333,0.0009993961613077758,0.0009324736804450942,0.13930105661476516
362.875,0.0009478698814616115,0.0008734667225773029,0.13932054165078087
362.9166666666667,0.0008890829650086138,0.0008126808110018179,0.13931711270881855
362.9583333333333,0.0008276039390783992,0.0007542145695971324,0.13929093241615928
363.0,0.000767135501871023,0.000702217003394457,0.13924372151033876
363.0416666666667,0.0007122079744695851,0.0006604137192461001,0.13917871087302028
363.0833333333333,0.0006665856675596671,0.0006319455465800825,0.13910042796997454
363.125,0.0006336873466422087,0.0006189571104055415,0.13901440762145287
363.1666666666667,0.0006161756132868573,0.0006224941013120318,0.138926779839238
363.2083333333333,0.0006152978643187777,0.0006423104368613096,0.13884381196163764
363.25,0.0006313136120035962,0.0006769125847499015,0.138771431735526
363.2916666666667,0.0006621062122233597,0.0007229170712158671,0.13871466856631468
363.3333333333333,0.0007041782548890245,0.0007763561206114841,0.13867700702432256
363.375,0.0007542131549544768,0.0008339490030569274,0.1386606095993102
363.4166666666667,0.0008096701572081733,0.0008920845751719117,0.13866633254606184
363.4583333333333,0.0008669775877513585,0.0009468976602239084,0.13869359433780568
363.5,0.0009224972231042606,0.0009949609981451518,0.13874041747348595
363.5416666666667,0.0009726454419927531,0.001033331455253074,0.13880361579953995
363.5833333333333,0.001014773183367253,0.0010597792542826978,0.1388790295640064
363.625,0.001046189071630413,0.001072757648153241,0.13896178661488073
363.6666666666667,0.0010653547552687075,0.0010714964944736184,0.13904658936902167
363.7083333333333,0.0010708641878720824,0.0010560007127278378,0.13912800489307758
363.75,0.0010623082474820582,0.0010270329685183389,0.1392007635731026
363.7916666666667,0.00103850836086979,0.0009851766517976872,0.13925989531370248
363.8333333333333,0.0009993735525212289,0.000932473247648749,0.13930082673681948
363.875,0.0009478849375164385,0.000873468621470691,0.1393203152811498
363.9166666666667,0.0008890658254274497,0.0008126781460287358,0.13931688769361286
363.9583333333333,0.000827627197580276,0.0007542178699920338,0.13929071080434674
364.0,0.0007671097899358256,0.00070221240874744,0.13924349984141407
364.0416666666667,0.0007122363972590104,0.0006604161774883282,0.13917848976907335
364.0833333333333,0.0006665404741070983,0.000631941677026665,0.1391002082500648
364.125,0.0006337197013275176,0.0006189564076393399,0.13901418794071244
364.1666666666667,0.0006161567140353551,0.0006224947452252224,0.13892656015277974
364.2083333333333,0.0006153032556492336,0.0006423112842870063,0.13884359394735593
364.25,0.0006313344048345783,0.0006769255770185319,0.13877121770776446
364.2916666666667,0.0006621181009039185,0.0007229237419904799,0.138714460089456
364.3333333333333,0.0007041848612352655,0.0007763582147510997,0.1386768003995144
364.375,0.0007542107613003406,0.0008339498525636363,0.1386604046972983
364.4166666666667,0.0008096847046475745,0.0008920856355348056,0.13866612939705378
364.4583333333333,0.0008669642998901457,0.0009468999847856647,0.13869339261556182
364.5,0.0009225147724035786,0.0009949616265871616,0.13874021734928085
364.5416666666667,0.0009726446360603777,0.0010333355588704515,0.13880341724099796
364.5833333333333,0.0010147660553061681,0.0010597783013000057,0.13887883338395746
364.625,0.0010462127377356956,0.0010727603993430134,0.1389615914652419
364.6666666666667,0.0010653238327215301,0.0010714929521019171,0.13904639489725612
364.7083333333333,0.001070886570573181,0.0010560001441456456,0.13912780987313397
364.75,0.0010623189445368496,0.001027057370407099,0.13920056867324834
364.7916666666667,0.0010385362676542764,0.0009851663309615203,0.1392597108513331
364.8333333333333,0.000999374560462058,0.0009324608778874154,0.13930062696989653
364.875,0.0009478159171860364,0.0008734734578833876,0.1393201077211164
364.9166666666667,0.0008891788572395031,0.0008126808800069496,0.13931668042623943
364.9583333333333,0.0008274837478153173,0.0007542142171407364,0.13929049641045133
365.0,0.0007672137884192159,0.0007022101805741624,0.13924330840916166
