t_d,C_procesos,C_integrado,P5,P95
0.0,0.0,0.00013885880904346992,-7.4272887394509425e-06,0.0002574224861031307
0.041666666666666664,3.9755864125982056e-18,0.00014044108224579033,-1.2429870911915572e-05,0.0002591188899238454
0.08333333333333333,1.7412824921990196e-05,0.0001644374351626543,9.347112955593606e-06,0.0002920032152714448
0.125,0.000552081091214182,0.0006962774526816128,0.0005373693412508916,0.0008285890071619188
0.16666666666666666,0.0005459263778579399,0.0006932170546875915,0.0005273603123024438,0.0008222747114789596
0.20833333333333334,0.0005466277732386617,0.0006946099459321832,0.0005305150917479254,0.0008239720176536832
0.25,0.0005622934413657088,0.000709587649269156,0.0005477522799216194,0.0008427462842454076
0.2916666666666667,0.0005909682516591813,0.0007233932854437955,0.0005718106503177369,0.0008496859895053319
0.3333333333333333,0.0006294659827816208,0.0007355434298633324,0.0006037729405780391,0.0008845956686528282
0.375,0.0006748297331471923,0.000762361368477303,0.0006370761601450155,0.0009307470765071542
0.4166666666666667,0.0007247609601592556,0.0008046446084624073,0.000679124933051724,0.0009691350033150766
0.4583333333333333,0.000775925789863059,0.0008569982047754039,0.0007215606072813299,0.0010159169205850337
0.5,0.0008250069069159991,0.0008860933979591464,0.0007694768349454287,0.0010620676683459076
0.5416666666666666,0.0008689112743342333,0.0009390389952114125,0.0008149106671811785,0.0011059720357641419
0.5833333333333334,0.0009051630910230672,0.0009705481755869417,0.0008742907670297113,0.0011320391353487065
0.625,0.0009314584912838125,0.0009963388894417072,0.000905500482308325,0.0011660632821071887
0.6666666666666666,0.0009464347073177871,0.0010096080868067113,0.0009206296669380229,0.001184871226850917
0.7083333333333334,0.0009489479006010245,0.0010482589270809021,0.0009229833448962263,0.001186966569954909
0.75,0.0009387942831309365,0.0010474239439854512,0.0009143103449266234,0.0011856604702938714
0.7916666666666666,0.0009150572048362132,0.0010377764822581002,0.000884307639370514,0.0011615585435403987
0.8333333333333334,0.0008779120325309264,0.0010161733940062705,0.0008429649345718359,0.0011275060769683127
0.875,0.0008302840875270292,0.0009700105356879535,0.0008003378775753068,0.0010729964573741172
0.9166666666666666,0.000777083853763973,0.0009177065048167408,0.0007639777935622243,0.0010206445316322493
0.9583333333333334,0.0007216208895377197,0.0008622789700203927,0.0007144858575384899,0.0009663908595587239
1.0,0.0006680489609659216,0.0008125378512021222,0.0006610312466292465,0.0009133482941772751
1.0416666666666667,0.0006197995884905284,0.0007659796482069586,0.000608607998681647,0.0008666897963321218
1.0833333333333333,0.0005802725159464585,0.0007315766683192155,0.0005734450850831,0.0008422242345723002
1.125,0.0005525089677421926,0.0007025637619131982,0.0005390354988819404,0.0008167548207170635
1.1666666666666667,0.0005385589966774973,0.0006913740685831575,0.0005191313415510337,0.0008026452673256509
1.2083333333333333,0.000539420240528875,0.0006922961327047304,0.0005207062928940066,0.000804543762438124
1.25,0.0005550334287550711,0.000704950064147501,0.0005417305484140198,0.0008227086898300679
1.2916666666666667,0.0005835008075139509,0.0007215745344119741,0.0005655814872755447,0.0008299564823872355
1.3333333333333333,0.0006216229982599669,0.0007301042058788207,0.0005885631162930568,0.0008672416593423018
1.375,0.0006664827773010402,0.00075759296591263,0.0006287292042988634,0.000911106937466281
1.4166666666666667,0.0007158680574024899,0.0007953540871059684,0.0006702320302949584,0.0009484984183077129
1.4583333333333333,0.0007663124373785611,0.0008505592413119946,0.0007119472547968321,0.0009932662221903232
1.5,0.0008148181202290481,0.0008770903711813844,0.0007593575394375874,0.0010279094546470121
1.5416666666666667,0.0008580453736905822,0.0009288692988960324,0.0008040447665375274,0.001070778673853157
1.5833333333333333,0.0008936898991186325,0.0009593455946696573,0.0008628175751252767,0.0011064231992812075
1.625,0.0009195252789989681,0.0009864416307207994,0.0008935672700234805,0.0011399873256592798
1.6666666666666667,0.0009340383712241327,0.0010005902315953802,0.0009082333308443684,0.001158332146594198
1.7083333333333333,0.0009363254542344009,0.0010376306432415634,0.0009103608985296026,0.0011602013794252207
1.75,0.0009259996261605198,0.0010334357193423067,0.0009015156879562066,0.00115872306916039
1.7916666666666667,0.0009023390997799775,0.0010254222438735884,0.0008715895343142782,0.0011356292546401041
1.8333333333333333,0.0008654667149774681,0.001002300797478803,0.0008317578981214158,0.0011018495755707957
1.875,0.0008182964623502712,0.000952503087773061,0.000789588533501587,0.0010467391604537038
1.9166666666666667,0.0007656259224086057,0.000896327203700906,0.0007459488111511059,0.0009949169285332266
1.9583333333333333,0.0007108796088719193,0.0008451773062860465,0.0007037445768726896,0.0009424248435965158
2.0,0.0006580573972635606,0.0007919457880025175,0.0006510396829268855,0.0008887086766961218
2.0416666666666665,0.0006103661090759704,0.0007480925256217606,0.0005991745192670889,0.0008447688035797573
2.0833333333333335,0.000571567023652411,0.0007158214116986099,0.0005647395927890525,0.0008316186576852832
2.125,0.0005443771355547436,0.0006867438741063295,0.0005309036666944914,0.0008068618140177338
2.1666666666666665,0.0005307233842769166,0.0006742969511274134,0.000511295729150453,0.0007930484804131898
2.2083333333333335,0.0005317368703129723,0.000673986294007625,0.0005130229226781039,0.0007950992177103408
2.25,0.0005473435229129387,0.0006852399071922156,0.0005340406425718875,0.0008131248675594648
2.2916666666666665,0.0005755568487462996,0.0007042721591735883,0.0005576375285078933,0.0008096639203628664
2.3333333333333335,0.0006132715673135996,0.0007149050205015059,0.0005802116853466895,0.00084680319979139
2.375,0.0006576065797095381,0.0007456719273189006,0.0006198530067073613,0.0008909406245176579
2.4166666666666665,0.0007063650867100202,0.0007815679302156488,0.0006762601871588332,0.0009277053322581221
2.4583333333333335,0.0007561445301932094,0.0008389023819802519,0.0007017793476114803,0.0009718081996478504
2.5,0.0008039411867468031,0.0008652621162240321,0.0007484806059553424,0.0010170325211647671
2.5416666666666665,0.0008464772542804892,0.0009160823095057327,0.0007924766471274345,0.001059210554443064
2.5833333333333335,0.0008815293975910265,0.0009474164280142647,0.0008515188692493664,0.0010942626977536014
2.625,0.0009067922649483531,0.0009759736194812679,0.0008747984553398138,0.001127254311608665
2.6666666666666665,0.0009209140783244932,0.000989078249762152,0.0008951090379447289,0.0011452078536945585
2.7083333333333335,0.0009228889415928557,0.0010210351173135293,0.0008908885852550058,0.0011467648667836756
2.75,0.0009124313530146322,0.0010137648195142248,0.0008879474148103191,0.0011451547960145024
2.7916666666666665,0.0008888254653221522,0.0010045382990444597,0.0008580758998564529,0.001122115620182279
2.8333333333333335,0.000852228830762502,0.0009759491194093152,0.0008185200139064497,0.0010544253607561865
2.875,0.0008055611204150449,0.0009192183999710172,0.0007768531915663607,0.0009998174879188345
2.9166666666666665,0.0007535097631345051,0.0008579931834288956,0.0007342638084351996,0.0009486144386594832
2.9583333333333335,0.0006995161190732009,0.0008068258762981875,0.0006923810870739711,0.0008937212745583677
3.0,0.000647401320859341,0.0007608574788362807,0.0006403531841340918,0.0008407125210524725
3.0416666666666665,0.0006004939066403122,0.0007210302109364025,0.0005893023168314308,0.0007975565219046695
3.0833333333333335,0.0005623974296505563,0.0006874341738071809,0.0005555699987871978,0.0007851089844439989
3.125,0.0005356884030605491,0.0006602385294915798,0.0005216500300896852,0.0007608330022841099
3.1666666666666665,0.0005224323152712768,0.0006469814879682665,0.0005024397560342015,0.0007474173321681205
3.2083333333333335,0.0005236502682954137,0.000642668505605579,0.0005043714165499335,0.0007496725364533529
3.25,0.0005391749731510915,0.0006525765884762972,0.0005252767663108546,0.0007676162385581884
3.2916666666666665,0.0005671340169474149,0.0006792068239732967,0.000548649792598397,0.0007639010093245521
3.3333333333333335,0.0006044177552860469,0.0006943863495208432,0.0005707929692085252,0.0008054970207082415
3.375,0.000648201938527866,0.0007280885789394402,0.0006098834614150776,0.0008523925328770154
3.4166666666666665,0.0006963113286755396,0.0007656719873035167,0.0006656415250137409,0.0008885081237646711
3.4583333333333335,0.0007453760259160185,0.00082310910430859,0.0006892517820008449,0.0009318962449116892
3.5,0.0007924282549379806,0.0008530366646865137,0.0007364027700359082,0.0009763761388969743
3.5416666666666665,0.0008342642177918201,0.0009041133878386952,0.0007796987065281536,0.0010178540674954245
3.5833333333333335,0.0008686491263227407,0.0009353773500461526,0.0008380736938704687,0.001052238976026345
3.625,0.000893354288661991,0.0009634716213858329,0.00086079557494284,0.0010846728848633322
3.6666666666666665,0.0009070358533869013,0.0009771079677533979,0.0008806659088965254,0.00109684169226046
3.7083333333333335,0.0009087071517107087,0.0010028677164471043,0.000876141891262247,0.001101232892061747
3.75,0.0008980913140136364,0.0009927043596573762,0.0008730424716987116,0.0010994645721737251
3.7916666666666665,0.000874563172808396,0.0009828435152921195,0.0008432342062257448,0.0010765031428287412
3.8333333333333335,0.0008382570935169833,0.0009567888991694522,0.0008039833725503193,0.001040453623510668
3.875,0.0007921440259704824,0.0008968504724033301,0.0007612954168362846,0.0009864003934742722
3.9166666666666665,0.0007407577935123331,0.0008323974885259074,0.0007209469347024158,0.0009350252221276674
3.9583333333333335,0.0006875520942186917,0.0007850941901698397,0.0006798521581088502,0.0008817572497038584
4.0,0.0006362301428135421,0.0007398447933647803,0.0006271948670015635,0.0008295413430066738
4.041666666666667,0.0005900852546486117,0.0007021325177964391,0.0005783287607291186,0.000787147869912969
4.083333333333333,0.0005527260893834166,0.0006674023324927088,0.0005453337544094464,0.0007754376441768592
4.125,0.0005266172907769043,0.0006402606032079955,0.0005104790471320348,0.0007517618900004652
4.166666666666667,0.000513727880032449,0.0006245250266631478,0.0004937353207953737,0.0007387128969292926
4.208333333333333,0.0005151211073777388,0.0006192075392259895,0.0004955457664724014,0.000741143375535678
4.25,0.0005305935848409866,0.0006287488224437976,0.0005163988888408924,0.0007581976033384399
4.291666666666667,0.0005582668075689318,0.0006596529813043795,0.0005370968221567643,0.000755033799946069
4.333333333333333,0.0005950994584696798,0.0006751920132485532,0.0005585754215856352,0.0007961787238918743
4.375,0.0006383104354436008,0.0007148528792644881,0.0005973061972676626,0.00084250102979275
4.416666666666667,0.0006856943863748922,0.0007553043038341043,0.0006523388216499439,0.0008779282177062014
4.458333333333333,0.000734068277582561,0.000813883481952129,0.0006752582726042378,0.0009205884965782317
4.5,0.000780275134357504,0.0008448941923128476,0.000721563888392282,0.0009642230183164977
4.541666666666667,0.0008214251209640505,0.000894603865250826,0.0007629995220699633,0.0010050149706676548
4.583333333333333,0.0008550783322344397,0.0009240044367985798,0.0008218171387190182,0.001038668181938044
4.625,0.000879223735311263,0.000948164611425318,0.0008439792605289624,0.0010703505423804226
4.666666666666667,0.0008924311887076379,0.000961913683716854,0.0008633754831541124,0.0010822370275811967
4.708333333333333,0.000893787634106247,0.0009819275406750165,0.0008585366125946356,0.0010861215853251035
4.75,0.0008830729898388886,0.0009657595464039677,0.0008553383864608143,0.0010844462479989772
4.791666666666667,0.0008595987055315504,0.0009513256168088411,0.0008255839778857495,0.0010615386755518956
4.833333333333333,0.0008236404149303578,0.000921473846359441,0.0007866809329005441,0.001025111270491983
4.875,0.0007780601468634943,0.0008616652515151058,0.0007445257766661468,0.0009715538036930469
4.916666666666667,0.0007274528497740793,0.0007952314815801976,0.0007068334423018889,0.0009209575677151765
4.958333333333333,0.0006749618079882248,0.0007491099010402532,0.0006664533232161101,0.0008684042527991545
5.0,0.0006245113579262259,0.0007076218395572651,0.0006148834923788268,0.000813774769006167
5.041666666666667,0.0005793060276080208,0.0006733449010137442,0.0005672530445286704,0.000775605932198141
5.083333333333333,0.0005425539876811406,0.000641633753211643,0.0005348651635473132,0.0007616137710968522
5.125,0.0005170713418261721,0.0006159257575297381,0.0005027364796954509,0.0007414532303754959
5.166666666666667,0.0005046577902546941,0.0006038946244405955,0.0004858998096902712,0.0007288800964773007
5.208333333333333,0.0005061925283091742,0.0006011424718530394,0.0004866171874038369,0.0007314520857928762
5.25,0.0005216066492319466,0.0006120651540300108,0.0005071158526562893,0.0007484479570551628
5.291666666666667,0.0005490093493278476,0.0006462906196473765,0.00052783936391568,0.0007450136310307477
5.333333333333333,0.0005853523555680732,0.0006608293310159024,0.0005488283186840285,0.0007856689103160306
5.375,0.0006279135525295619,0.0006983265510671923,0.0005869093143536238,0.0008321041468787113
5.416666666666667,0.0006746281971401445,0.0007387872443214398,0.0006412726324151962,0.0008668620284714537
5.458333333333333,0.0007221370836530708,0.000793737234924477,0.0006629625816310843,0.0009086573026487415
5.5,0.0007676239527224852,0.0008295215112071598,0.0007089127067572631,0.0009515718366814788
5.541666666666667,0.0008079077864386587,0.0008763635697295365,0.0007495830862666811,0.000991497636142263
5.583333333333333,0.0008408891097408926,0.0009099058711570767,0.0008076279162254711,0.001024478959444497
5.625,0.0008644224283332913,0.000932898456354236,0.0008414383267477684,0.0010555492354024508
5.666666666666667,0.0008771414085875149,0.0009471718833181328,0.0008420499024009376,0.0010669472474610735
5.708333333333333,0.0008782289031883145,0.000966751941095995,0.0008495398134256535,0.001070562854407171
5.75,0.000867382015681047,0.0009499081017003975,0.0008396474123029727,0.0010687552738411358
5.791666666666667,0.0008440153654153145,0.0009364339880956204,0.0008100006377695136,0.0010459553354356596
5.833333333333333,0.0008083954340742692,0.0009017668028125322,0.0007714359520444555,0.0010098662896358944
5.875,0.0007633828086380217,0.0008439562782691413,0.0007294839413970111,0.0009568764654675743
5.916666666666667,0.0007135362150625505,0.0007786397499029488,0.0006929168075903602,0.0009070409330036478
5.958333333333333,0.0006618984528227729,0.0007330617052807048,0.0006533899680506583,0.0008553408976337025
6.0,0.0006123396576743345,0.0006914838775243219,0.0006024324236846842,0.0008016030687542756
6.041666666666667,0.000567993008258144,0.0006578766017077793,0.0005559400251787936,0.0007642929128482641
6.083333333333333,0.0005320258665066064,0.0006296748418200664,0.0005243370423727789,0.000751085649922318
6.125,0.0005071762533925467,0.0006043902618098225,0.0004928413912618255,0.0007349110162326143
6.166666666666667,0.0004951810270349491,0.0005919734287015521,0.0004764230464705262,0.0007227562075482996
6.208333333333333,0.0004969042332318758,0.000590428094669246,0.0004767600894850424,0.0007255166650063219
6.25,0.0005122464802765835,0.0006008447294262194,0.0004977556837009262,0.0007424406623905436
6.291666666666667,0.0005393340429999239,0.0006361145126494651,0.0005181640575877563,0.000735338324702824
6.333333333333333,0.0005751726402228062,0.000646959261154249,0.0005386486033387615,0.0007754891949707636
6.375,0.0006171039790299947,0.0006870126587554353,0.0005760997408540565,0.0008212945733791439
6.416666666666667,0.0006630701204009304,0.0007257827569979461,0.0006297145556759821,0.0008687755326883322
6.458333333333333,0.0007097461668892951,0.0007813601045677386,0.0006622394192481612,0.0008962663858849657
6.5,0.0007543845260935505,0.000816466868723805,0.0006956732801283285,0.0009383324100525442
6.541666666666667,0.0007938785589672958,0.0008630699743302217,0.0007486527692159742,0.0009774684086709003
6.583333333333333,0.0008261053548427991,0.0008972753984863539,0.0007928441613273776,0.0010255006993701947
6.625,0.0008490232509476595,0.0009198882023417037,0.0008260391493621367,0.001040150058016819
6.666666666666667,0.0008612506942238051,0.000937395428658655,0.0008261591880372279,0.0010510565330973639
6.708333333333333,0.0008620281105633665,0.0009541117733401215,0.0008333390208007056,0.0010527567237947064
6.75,0.0008510485852165263,0.0009309344158004365,0.0008233139818384519,0.0010508165053890982
6.791666666666667,0.0008277984512606541,0.0009152562829487693,0.0007868919523572642,0.0010281330832934824
6.833333333333333,0.0007925669418948942,0.0008710973906352092,0.0007487156886074915,0.0009900985456013037
6.875,0.0007482011420824622,0.0008102281057724614,0.000709486053368012,0.0009400894609244981
6.916666666666667,0.000699080413583328,0.0007540588008135838,0.0006715692348535485,0.0008925626729289187
6.958333333333333,0.0006484073816112627,0.0007106704553884598,0.000633007125581559,0.0008418273678266857
7.0,0.0005997320377453317,0.0006719314673522552,0.0005801882646177134,0.000792002369131619
7.041666666666667,0.0005562334713486433,0.000641886292826216,0.0005410302988277454,0.0007556618530170498
7.083333333333333,0.0005211780618038344,0.000611341474362839,0.0005065974664124179,0.0007465976398166363
7.125,0.0004969151561902183,0.0005832715180366938,0.0004756885228019082,0.0007276568393366323
7.166666666666667,0.0004853609312301544,0.0005737076420231041,0.0004597111794081425,0.0007159430320498512
7.208333333333333,0.00048729582860874016,0.0005709821855886517,0.0004602599136043177,0.0007160073585596197
7.25,0.0005025573084782139,0.000579702181562503,0.0004811747406449675,0.0007327290319966675
7.291666666666667,0.0005293194526581692,0.0006138352861770319,0.0005013758547143953,0.0007221320956310106
7.333333333333333,0.0005646341549411633,0.0006277271614287292,0.0005212183467995295,0.0007649282510936141
7.375,0.000605884198676658,0.000666368408603971,0.0005579881892431309,0.0008083725939788642
7.416666666666667,0.0006510728578001493,0.0007029966383614346,0.000610825521817612,0.0008583611494795612
7.458333333333333,0.0006969050181031077,0.0007607544229516512,0.0006464064627302996,0.0008850081164907885
7.5,0.0007406718201646206,0.0007930727614920124,0.0006750688029418095,0.0009258445492602353
7.541666666666667,0.0007793184253098545,0.0008388568672280153,0.0007290252780427092,0.0009644911544054691
7.583333333333333,0.0008108051661089582,0.0008688551206322255,0.0007706522013359476,0.001005933919835691
7.625,0.0008330560918213747,0.0008878857578833854,0.0008031802189782628,0.0010199163080898714
7.666666666666667,0.0008448143868057108,0.0008984703876328859,0.0008060477398794093,0.0010285565077589082
7.708333333333333,0.0008452593313445157,0.0009101537651890906,0.0008096784703242657,0.0010317213537751927
7.75,0.000834155593631893,0.0008850145880076517,0.0007995292189962296,0.001029656923003802
7.791666666666667,0.000811036132364806,0.0008736008583312958,0.0007756603538813435,0.0010071041735969714
7.833333333333333,0.0007762180250136457,0.0008390663198116202,0.0007414367960874277,0.0009691467534847165
7.875,0.000732524188908014,0.0007888663153210846,0.0007028791245547485,0.0009198096325147109
7.916666666666667,0.0006842050665855301,0.0007401205433443444,0.0006652383660615155,0.0008715015713037717
7.958333333333333,0.0006344814439670231,0.000698928622762897,0.0006275150428137839,0.00081907181943122
8.0,0.000586742912815128,0.0006606374410336336,0.000575680589421078,0.0007728274895740662
8.041666666666666,0.000544198392701899,0.0006308290179092828,0.0005372067098399242,0.000740712932853152
8.083333333333334,0.0005099615288795224,0.0005997464863409465,0.0005038536867621253,0.0007299526891555637
8.125,0.00048637026366618943,0.0005723071894149323,0.00047299555568365727,0.0007116421886087492
8.166666666666666,0.0004752719231238654,0.0005625768777107578,0.000458056026178318,0.0006981506382191629
8.208333333333334,0.00047738523008949383,0.0005614308568332442,0.0004587831699615359,0.0007006270018365192
8.25,0.0004925575946578073,0.0005705052213631217,0.0004797584034278806,0.0007172595599724067
8.291666666666666,0.0005189797047944204,0.0006060175485018183,0.0005001061312118312,0.0007088785062501084
8.333333333333334,0.0005537494529911764,0.0006138252350398461,0.000517799743306511,0.0007478577945162782
8.375,0.0005943260534732923,0.0006493811123704252,0.000557761022231677,0.0007909649785828254
8.416666666666666,0.0006386998798769503,0.0006867245692706243,0.0006075225682555976,0.0008401387013636892
8.458333333333334,0.0006836616136132784,0.0007405120791124147,0.0006421926381559706,0.0008659152418082862
8.5,0.0007265221344917648,0.0007730202267250552,0.0006699891416301383,0.0009058453933947064
8.541666666666666,0.0007643064387454349,0.0008146615647310892,0.0007230833158394744,0.0009436296976483765
8.583333333333334,0.0007950272531949072,0.0008475353745923879,0.0007697970196990652,0.00099015600692164
8.625,0.0008166066017725739,0.0008632520937296919,0.0007938367226598565,0.0010034668180410706
8.666666666666666,0.0008278857627682595,0.000875509582268509,0.0008072479623934884,0.0010116278837214569
8.708333333333334,0.0008280043461338899,0.0008868664351671721,0.0008014935094748245,0.0010144663685645668
8.75,0.0008167989570171754,0.000862464343297325,0.0007912426067426966,0.0010123002863890844
8.791666666666666,0.0007938437950701072,0.000849622164881613,0.000762007320527902,0.0009899118363022727
8.833333333333334,0.0007594343662785467,0.0008175662939064747,0.0007246176121157344,0.0009520730230129776
8.875,0.0007164177851458216,0.0007704968319096921,0.0006898488903502596,0.000901864411699078
8.916666666666666,0.000669003720551708,0.0007249589847462287,0.0006500370200276934,0.000854461408216509
8.958333333333334,0.0006201536080957728,0.0006883248676053417,0.0006131872069425336,0.0008029051665065292
9.0,0.0005734697674467168,0.0006510141745539096,0.0005632843530759074,0.0007577155271522145
9.041666666666666,0.0005318990314346,0.000626828143633435,0.0005234752239933837,0.0007299456325875946
9.083333333333334,0.0004984417465121197,0.0005963557326160718,0.0004913391053346569,0.0007185511525188362
9.125,0.00047560456987677296,0.0005695240910467312,0.0004612350628341751,0.000700994740550008
9.166666666666666,0.00046494016906156727,0.0005608800460012722,0.00044672947305595415,0.0006878507390435219
9.208333333333334,0.0004672306119304057,0.0005596121478551189,0.0004476337527423821,0.0006905042385640881
9.25,0.0004823241224372137,0.0005707715595827918,0.0004668586939326267,0.0007070579426384702
9.291666666666666,0.000508385093782366,0.00060889259446578,0.00048368579194241543,0.0007004724347339816
9.333333333333334,0.0005425998455282672,0.0006108905070653465,0.0005008244075862404,0.0007347829791559103
9.375,0.0005824628320717038,0.0006455005979482258,0.0005387411929302844,0.0007771765492837782
9.416666666666666,0.0006259943903975096,0.000682371800729879,0.0005895529076500601,0.0008250996865194747
9.458333333333334,0.0006700693315351476,0.0007340479843820275,0.000628209319892352,0.0008503977518326966
9.5,0.0007119963601287863,0.0007654855423461276,0.000654865956570822,0.0008889012809907178
9.541666666666666,0.0007489316525105261,0.0008047784745879074,0.0007067873166468116,0.0009258365733724576
9.583333333333334,0.0007788410947310929,0.0008354523144254637,0.0007517660267542343,0.0009715515104168157
9.625,0.0007997638952855259,0.0008519942407136577,0.0007660577179203809,0.0009841942251686408
9.666666666666666,0.0008105390776098169,0.0008610399480190246,0.000788188509040502,0.0009918513121776325
9.708333333333334,0.0008103401266884778,0.0008760861904226222,0.0007821165218348686,0.000994372262733773
9.75,0.0007990695522120855,0.0008522303335969613,0.0007724043706481098,0.0009921409951986126
9.791666666666666,0.0007762571892810273,0.0008383663779984216,0.0007385846466988837,0.0009698953441278111
9.833333333333334,0.000742293851814403,0.0008064797770583347,0.0007043271015182897,0.0009323843764327768
9.875,0.0006999663740380606,0.0007619007367034091,0.0006713643929561856,0.0008848219312593758
9.916666666666666,0.0006534722269041469,0.0007198572600710619,0.0006315619047576813,0.0008383388452370067
9.958333333333334,0.0006056053007397555,0.0006858196129760772,0.0005956952779640653,0.0007877657898185706
10.0,0.0005598761298061296,0.0006461870173143182,0.0005465124186582439,0.000743530820179686
10.041666666666666,0.000519366149778367,0.0006220648873592326,0.000509270904122556,0.0007168216815994203
10.083333333333334,0.0004867959593921248,0.0005875208690289375,0.00047802188000006747,0.0007019431797015008
10.125,0.0004645858199340175,0.0005598437586773616,0.0004447053274296547,0.0006823495306157826
10.166666666666666,0.00045439882973685893,0.0005514049274712426,0.0004345166955166512,0.0006697693305713617
10.208333333333334,0.0004569041316709936,0.0005505465438570368,0.0004390600589548198,0.0006726376891572243
10.25,0.00047185749711037246,0.0005616413053095499,0.00045981629329222985,0.000689051248164177
10.291666666666666,0.0004975567825516266,0.0006009573670319927,0.0004799532558832374,0.0006864751707211899
10.333333333333334,0.0005312023957511857,0.0006050553881068819,0.0004975934979761973,0.0007247295560675928
10.375,0.0005703423305369101,0.0006376187384895786,0.0005337678046461266,0.0007664000744377486
10.416666666666666,0.0006130385335611268,0.0006748696684055651,0.0005837441640643133,0.0008057222065200913
10.458333333333334,0.0006561726982118759,0.0007234703428969961,0.0006214597998197164,0.0008378566935425607
10.5,0.000697190418423361,0.000754406854446639,0.0006465776677715586,0.0008759440444619797
10.541666666666666,0.0007332103854671421,0.0007929222713093127,0.0006974748616306769,0.0009119640115057608
10.583333333333334,0.0007623331220574802,0.0008242700981456612,0.0007421198525772165,0.000949115044723754
10.625,0.0007825870192644399,0.000838901763674425,0.0007535312593805578,0.0009688660543242421
10.666666666666666,0.000792847016920601,0.0008479870590682215,0.000777014101257448,0.0009760079566651041
10.708333333333334,0.0007923643138313222,0.0008638621086632246,0.0007711737548725509,0.0009782451550533046
10.75,0.0007809984564134618,0.0008402600781955183,0.0007562982493968923,0.0009759186045766764
10.791666666666666,0.0007583747517519889,0.0008244260203943733,0.0007245757640819821,0.0009538616117754599
10.833333333333334,0.0007248778890560146,0.000791096300071831,0.0006916952797095281,0.0009168171188510757
10.875,0.0006832869003027548,0.0007469411345734227,0.0006586212034097402,0.0008699911627007571
10.916666666666666,0.0006376995791788601,0.0007043829730162098,0.0006200964909694257,0.0008244149026884071
10.958333333333334,0.0005908434945458593,0.0006696093724535548,0.0005848697559590294,0.0007748526888013617
11.0,0.0005461545497761439,0.0006264528625985759,0.0005367271228171185,0.0007316579453263875
11.041666666666666,0.0005066396682938373,0.0005993221024063308,0.0004999686473244708,0.0007121079777559698
11.083333333333334,0.00047495185091130007,0.0005638719259997567,0.0004694416099157876,0.0006842481644352768
11.125,0.0004534518290576513,0.0005375984086137899,0.0004368351749498334,0.0006657952797276014
11.166666666666666,0.0004437258126030968,0.0005325077697176883,0.00043034585988019694,0.0006559096809463297
11.208333333333334,0.00044640998331870667,0.0005316072111619378,0.0004316438674133963,0.0006566819403260286
11.25,0.0004612654494967504,0.0005434149194183467,0.0004522684461989089,0.0006737290079979304
11.291666666666666,0.0004865752065956008,0.0005846223586084176,0.0004739900847212365,0.0006811809282492894
11.333333333333334,0.0005196269337180043,0.0005932123562826098,0.0004932227637500583,0.0007137807378129334
11.375,0.0005580336045831312,0.0006265418437817847,0.0005281620328504757,0.0007540913484839697
11.416666666666666,0.0005998680630815196,0.0006644878989398424,0.000574285125069278,0.0007925517360404842
11.458333333333334,0.0006420719442883682,0.0007156326570529529,0.0006110704773807805,0.000823755939619053
11.5,0.0006821200580915407,0.0007445142642951027,0.0006483176493449662,0.0008608736841301594
11.541666666666666,0.0007172912026196809,0.0007841062826989417,0.0006852671102677875,0.0008960448286582996
11.583333333333334,0.0007455503601564398,0.000813011482665877,0.000707784664473077,0.0009323322828227136
11.625,0.0007651740140163575,0.0008291430537062013,0.0007398495825837088,0.0009514530490761598
11.666666666666666,0.0007749163361317586,0.0008380131353994462,0.0007627948519531773,0.0009579879232312886
11.708333333333334,0.000774145200847775,0.0008547628083121842,0.000756317689564943,0.0009600260420697576
11.75,0.0007626855580038873,0.0008296147379547319,0.0007413483986632571,0.0009576057061671018
11.791666666666666,0.0007402591812753761,0.0008145912369316926,0.0006945481076788458,0.0009357460412988471
11.833333333333334,0.0007072604703596602,0.0007773504500728657,0.000680679251789876,0.0008991997001547212
11.875,0.0006664374922736339,0.0007365722002325057,0.0006467902001746442,0.0008531417546716362
11.916666666666666,0.0006217764978979896,0.0006943735702796029,0.0006072513664994188,0.0008084918214075367
11.958333333333334,0.0005759285363900506,0.00065883174129792,0.0005730327546140842,0.0007599377306455531
12.0,0.0005323753219567225,0.0006151968149709618,0.0005259920955179983,0.0007178787175069662
12.041666666666666,0.0004937756016813602,0.0005865538622033462,0.0004901825375228572,0.0007036966884585114
12.083333333333334,0.00046298859866642357,0.000550894855160562,0.00046071670077167415,0.0006722849121904004
12.125,0.00044225828110520726,0.0005237615521439942,0.0004288799700981524,0.0006546017317751574
12.166666666666666,0.00043296311922933893,0.0005157147110716481,0.0004195831665064391,0.0006451469875725719
12.208333333333334,0.00043581344226787587,0.0005146017637138037,0.0004210473263625655,0.0006460853992751978
12.25,0.0004505609211664012,0.0005279600509877156,0.00043772437062138944,0.0006630244796675813
12.291666666666666,0.00047548190954652,0.0005731080181008999,0.0004628967876721557,0.0006746042922903744
12.333333333333334,0.0005079354296600947,0.0005851187473792133,0.0004811059960791461,0.0007017830217662665
12.375,0.0005455958974226941,0.0006160780276469162,0.0005157243256900386,0.0007416536413235326
12.416666666666666,0.0005865342546629695,0.0006532437889807197,0.0005609513166507278,0.000779217927621934
12.458333333333334,0.0006278320847657803,0.0007050855949318469,0.0005968306178581926,0.0008095160800964651
12.5,0.0006669015659630728,0.0007309308744837085,0.0006349235709582637,0.0008456551920016914
12.541666666666666,0.0007011691315619798,0.0007704367345276875,0.0006691450392100864,0.0008822472558140888
12.583333333333334,0.0007286414667675462,0.0007957969122172406,0.0006873677584893592,0.0009177478876473104
12.625,0.0007475730256539462,0.0008122272956327207,0.0007247785447494252,0.0009361765589272387
12.666666666666666,0.0007568396826133454,0.00081770016430756,0.0007357176096256439,0.0009422357679263659
12.708333333333334,0.0007557540759290537,0.0008329275425239803,0.0007379265646462217,0.000947080797298361
12.75,0.0007442523365339613,0.0008091899557436439,0.0007229151771933312,0.0009446183648445006
12.791666666666666,0.000722023047107444,0.0007934986311110493,0.0006763119735109138,0.0009229557872782398
12.833333333333334,0.0006895424197570106,0.0007575744397781741,0.0006629612011872264,0.0008869275296993964
12.875,0.0006495055953119909,0.0007174001122303841,0.0006298583032130011,0.0008446034281087267
12.916666666666666,0.0006057875726799803,0.000675443636780105,0.0005912624412814094,0.0008008964665882607
12.958333333333334,0.0005609802525637591,0.0006405558304180378,0.0005575110890089169,0.0007538421088516404
13.0,0.000518477703832493,0.0005990883353132373,0.000512106539299942,0.0007128337614151156
13.041666666666666,0.00048092762314218187,0.000570181603013962,0.0004773345589836789,0.0006997013719517119
13.083333333333334,0.0004510211192890107,0.0005367241224662007,0.0004487492213942613,0.0006667505449938045
13.125,0.0004309911736022089,0.0005104198299637639,0.00041761286259515404,0.0006497677364529758
13.166666666666666,0.0004221654487469534,0.0005019655265619417,0.00040878549602405353,0.0006407824292710032
13.208333333333334,0.000425185571061084,0.0005013699125561769,0.00041041945515577367,0.0006427931822690135
13.25,0.00043980730888023645,0.0005147454159127004,0.0004269707583352247,0.0006591474299483788
13.291666666666666,0.00046433586546331827,0.0005606289471294886,0.000451750743588954,0.0006703348107741349
13.333333333333334,0.0004961806593525628,0.000576140971819753,0.0004675445638778272,0.0006969048140256969
13.375,0.0005330776951352399,0.0006066599827691906,0.0005057137250928038,0.0007320200836597469
13.416666666666666,0.0005731429915139116,0.0006435228172122497,0.0005475600535016699,0.0007684517827223045
13.458333333333334,0.0006134832415733809,0.000693484283934057,0.0005824817746657932,0.0007980518815277343
13.5,0.0006516084917626574,0.0007192900696236628,0.0006196304967578483,0.0008332467624249445
13.541666666666666,0.0006849596860515475,0.0007566896672116792,0.000652935593699654,0.0008665979567138345
13.583333333333334,0.0007116342834262585,0.0007817886087716104,0.0006667709256387758,0.0009010413243419607
13.625,0.0007298912422297189,0.000798095728568657,0.0007070967613251979,0.0009200836100835201
13.666666666666666,0.0007386821515708775,0.0008004812456033147,0.0007157938611350733,0.0009286147617158152
13.708333333333334,0.0007373096794743366,0.0008137673114114897,0.0007194821681915046,0.000930051543741727
13.75,0.0007257602839867575,0.0007943116552106767,0.0007044231246461273,0.00092754145519538
13.791666666666666,0.0007037710033907743,0.0007777376812046746,0.0006601857977480078,0.0008905102752330957
13.833333333333334,0.000671837638917396,0.0007420174361534791,0.0006452564203476117,0.0008550292805313073
13.875,0.0006325821315218748,0.0007058895759521744,0.000612934839422885,0.0008105388057387273
13.916666666666666,0.0005897696220279548,0.0006640260680456291,0.000575244490629384,0.000767737357356352
13.958333333333334,0.000546076446509224,0.0006282829813236411,0.0005426072829543818,0.0007123913180202722
14.0,0.0005046188339636508,0.0005872540519679132,0.0004982476694310998,0.0006724279067694403
14.041666666666666,0.0004680489591148048,0.0005573254791793518,0.00046445589495630184,0.0006611872089227967
14.083333333333334,0.0004391194422704636,0.0005239055734467926,0.0004368475443757142,0.0006319591704975392
14.125,0.00041973295017401334,0.0004981306600385369,0.00040635463916695845,0.0006110922063041861
14.166666666666666,0.00041136719001706615,0.0004897847330063554,0.0003979633852730761,0.0006025668638205217
14.208333333333334,0.00041457567661325835,0.0004895278585301331,0.000399809560707948,0.0006037306971642131
14.25,0.00042906102944111665,0.0005016342640621231,0.0004162244788961049,0.0006200813017688741
14.291666666666666,0.0004531899764843741,0.0005464580554378648,0.0004406048546100098,0.000640228690478056
14.333333333333334,0.00048441607642075275,0.0005637963903608245,0.00045577998094601714,0.0006661799997767522
14.375,0.0005205343564873143,0.000596577104181015,0.0004931703864448782,0.000698559754035423
14.416666666666666,0.0005597476036843927,0.0006328662088342835,0.000534164665672151,0.0007340478018048626
14.458333333333334,0.0005991025518999658,0.000678870675592376,0.0005681010849923782,0.000762662598766396
14.5,0.000636302876200016,0.000704753298710519,0.0006043248811952069,0.00079693255377438
14.541666666666666,0.0006687452955441385,0.00074028030615329,0.0006367212031922451,0.0008293749731185025
14.583333333333334,0.0006946030665754887,0.0007664857308314961,0.0006497596057546676,0.0008630015144032678
14.625,0.0007122251368809853,0.0007816954847559566,0.0006894306559764643,0.000874029545953553
14.666666666666666,0.0007205276090258568,0.0007833659205363975,0.0006976592155567141,0.0008818011285923386
14.708333333333334,0.0007189198065044918,0.0007917536482438364,0.0007010922952216598,0.0008889851527784715
14.75,0.0007073281250837657,0.0007749114669256826,0.0006859909657431356,0.0008814072603629352
14.791666666666666,0.000685572626646253,0.0007583767838407387,0.0006496416272443377,0.000860218473785679
14.833333333333334,0.000654155962456106,0.000721660302987547,0.000635228950127173,0.0008232193001279276
14.875,0.0006157141804422762,0.0006855376926862151,0.0006037210945841377,0.0007795425507170391
14.916666666666666,0.0005738937282543319,0.0006438189164628916,0.0005656048012856825,0.0007377331596406393
14.958333333333334,0.0005312246383700779,0.0006098248828748372,0.0005286051201859936,0.0006928170321359862
15.0,0.0004908322746752571,0.0005715345643159473,0.000485310755513464,0.0006539188697359067
15.041666666666666,0.0004553424555388516,0.0005405729560496133,0.0004525990367511065,0.0006460521542410235
15.083333333333334,0.00042722628374932087,0.0005089396498690794,0.00042580403122532924,0.0006174439511149083
15.125,0.0004085853857376939,0.0004838440210731549,0.00039605672010139685,0.0005965280851156425
15.166666666666666,0.00040065669785753266,0.00047658670418265965,0.0003881025384843005,0.0005884398149087641
15.208333333333334,0.0004040048167691962,0.0004782041963163788,0.0003900883462346437,0.0005897432805679266
15.25,0.0004183543685263327,0.0004889172441687298,0.00040636746335207875,0.0006003983361474748
15.291666666666666,0.0004420757906117438,0.000533828500828981,0.0004306756194100831,0.0006211262055452145
15.333333333333334,0.0004726859234801954,0.0005538087782633518,0.0004506213377373271,0.0006462680380203157
15.375,0.0005080564415886031,0.0005900470718190253,0.0004872639812780343,0.0006889584157246984
15.416666666666666,0.0005463814434400283,0.0006243246999978869,0.0005197158089188027,0.0007151842352156912
15.458333333333334,0.0005847977654948957,0.0006664206345894871,0.0005535753977300198,0.000742860406016519
15.5,0.0006210318374891441,0.0006933375937059683,0.000587971145975351,0.0007761641087187011
15.541666666666666,0.0006526014028884142,0.0007253226172328679,0.0006204757645288565,0.0008077336741179712
15.583333333333334,0.0006776482505806383,0.0007504051935610602,0.0006318470365192118,0.0008405492920636103
15.625,0.0006946489102845394,0.0007643953780960714,0.000670896676139413,0.000859321179347225
15.666666666666666,0.000702471329263617,0.0007655801407164413,0.000678645182553869,0.0008577166772283797
15.708333333333334,0.0007006269068495829,0.0007732624062650668,0.0006818416423261455,0.0008586815089367982
15.75,0.0006890152750213942,0.0007587510826196054,0.0006668942454089447,0.0008510836661137993
15.791666666666666,0.0006675178958086441,0.0007446467799433317,0.0006309527261814169,0.0008301529987613058
15.833333333333334,0.0006366433278923819,0.0007110524125287026,0.0006169627904885128,0.0007936959213774392
15.875,0.0005990014051054906,0.0006761168805205432,0.0005862547941724162,0.0007508190311934891
15.916666666666666,0.0005581680643714598,0.0006339635941155749,0.0005503043656266197,0.000709996751571003
15.958333333333334,0.0005165242751378697,0.0005976522098063155,0.0005142339283878333,0.0006661059247170137
16.0,0.00047723210820318417,0.0005602513673760094,0.000472039760475439,0.0006283079590770694
16.041666666666668,0.00044273231265494636,0.0005277078958391011,0.0004402876429126751,0.0006209157483385179
16.083333333333332,0.00041550343892496854,0.0004971549100792386,0.00041441035783502494,0.0005938319188757316
16.125,0.00039754991772959796,0.0004720001653359536,0.0003853504235273489,0.0005734818729207822
16.166666666666668,0.0003900475166467787,0.00046589616220584656,0.0003778225287075945,0.0005659414462831858
16.208333333333332,0.0003935477179297769,0.0004665783451197179,0.0003799299964406983,0.0005672754375417431
16.25,0.00040775666238571274,0.0004769367865951939,0.0003960989286455068,0.0005833496337744816
16.291666666666668,0.00043107245127117544,0.0005225776877163376,0.0004198275685347766,0.0006031563511404369
16.333333333333332,0.000461064937938793,0.0005449043234923419,0.0004391556406611866,0.00062819605624654
16.375,0.000495664910188156,0.0005829632686463238,0.00047502773834284914,0.0006701158880918779
16.416666666666668,0.00053312561963735,0.0006147338638151838,0.0005066208063900663,0.0007019284114130128
16.458333333333332,0.0005705976997957734,0.0006269581832209567,0.0005372304984009293,0.0007286603403173967
16.5,0.0006059103433725732,0.0006430354917719096,0.0005707048182288122,0.0007610426146021302
16.541666666666668,0.0006365797987763986,0.0006740400359853292,0.0006023093267868728,0.0007917120700059556
16.583333333333332,0.0006608624945614518,0.0007018263858487528,0.0006127666912134754,0.0008237635360444239
16.625,0.0006772261069193894,0.0007166251151492648,0.0006512347640876583,0.000841898375982075
16.666666666666668,0.0006846070694666592,0.0007173483983182106,0.0006585688487479877,0.0008397858422577286
16.708333333333332,0.0006825255682598279,0.0007160814871807862,0.0006614620102903691,0.0008405801703470432
16.75,0.0006709057731970991,0.0007055400996964975,0.0006465456348980448,0.0008329741642895042
16.791666666666668,0.000649667385484138,0.000684345464243426,0.0006108020937616808,0.0008123024884367997
16.833333333333332,0.0006193537307020069,0.0006690652414901226,0.0005973730712029079,0.0007764063241870641
16.875,0.000582531802766638,0.0006363176741228685,0.000566754810093353,0.0007343494288546364
16.916666666666668,0.0005426509510986334,0.000609284489878435,0.0005346349013567543,0.0006944796382981766
16.958333333333332,0.0005020688413081195,0.0005823465418065741,0.000499626143561044,0.0006516504908872634
17.0,0.0004638396384598697,0.0005450761077066171,0.0004585796269011581,0.0006149154893337549
17.041666666666668,0.00043028890415539674,0.0005107063492340532,0.00042807011433112845,0.0006084723398389683
17.083333333333332,0.0004039927000181616,0.0004828436490662513,0.00040312549884622095,0.0005823211799689246
17.125,0.00038667983315932513,0.0004614447323078787,0.00037470621887507907,0.0005626117883505093
17.166666666666668,0.0003795880177983695,0.00045495246768749486,0.0003675889097771883,0.0005554819474347766
17.208333333333332,0.0003832523703238507,0.00045750798510947095,0.00036986052875277503,0.0005569800899358168
17.25,0.0003972936764249939,0.0004696613519835244,0.0003855682788538215,0.0005728866478137627
17.291666666666668,0.0004201911695678919,0.0004996214372821473,0.00040689387330347475,0.0005922750694371534
17.333333333333332,0.0004495870867253116,0.0005233005883280908,0.00042635866524751663,0.0006170587722576424
17.375,0.0004834543831429722,0.0005699589146995503,0.0004614980870974767,0.0006552322052663273
17.416666666666668,0.0005200204756912513,0.0005977791752873142,0.0004921965382437792,0.000687766736587377
17.458333333333332,0.0005565890765781186,0.0006136617486258712,0.000524202873078316,0.000729400681043996
17.5,0.0005909596823847811,0.0006346766405322884,0.0005561908943505444,0.0007450354227348008
17.541666666666668,0.0006207836480512183,0.0006633510116926759,0.0005869499131712168,0.0007906648832250294
17.583333333333332,0.0006442991416517808,0.0006910749049500589,0.0005966065920186246,0.0008061436522552155
17.625,0.0006600461933295453,0.0007059811650757255,0.0006344581042126344,0.0008220453066118641
17.666666666666668,0.000667005066150526,0.0007048426100645492,0.0006412820510603682,0.0008211273080620581
17.708333333333332,0.0006646963117167505,0.0007030701612649601,0.0006446065110245313,0.0008216943829244285
17.75,0.0006530992101804903,0.000697809328957064,0.0006322247544520104,0.0008141110703933581
17.791666666666668,0.0006321375357626823,0.0006806444737353123,0.0005967921589817396,0.0007937161078358067
17.833333333333332,0.0006023794605112536,0.0006658312625214498,0.0005837491020122842,0.0007701440836025306
17.875,0.0005663634009914739,0.0006396756001363545,0.0005528662727999348,0.000728893056685692
17.916666666666668,0.0005274264832410367,0.0006124139455894354,0.0005189063679886543,0.0006899672000467995
17.958333333333332,0.0004879121388957179,0.0005822157117639953,0.00048533072089619974,0.0006482058180810815
18.0,0.00045064255542413275,0.0005485592385980394,0.0004455473572281822,0.0006124304359042377
18.041666666666668,0.000418187094419559,0.0005149292323221377,0.000416213276433253,0.0006021979174385853
18.083333333333332,0.00039268087980344577,0.000488786720582955,0.0003920586504694674,0.0005591219057289547
18.125,0.00037600969028588565,0.0004678862984544322,0.0003642571958185117,0.0005400541914518158
18.166666666666668,0.0003693627073550574,0.0004627911716053806,0.0003576085711718385,0.0005333691829662103
18.208333333333332,0.0003731384537762578,0.0004648072920299404,0.00035996773202205424,0.0005349787193629699
18.25,0.0003870249025995291,0.0004765867345110414,0.000375544476866319,0.0005507304199630438
18.291666666666668,0.00040951904444297323,0.0005003525124625243,0.00039890714489040045,0.0005697154902869805
18.333333333333332,0.0004383049607075056,0.000527641117287543,0.0004199196531159805,0.0005935486249899984
18.375,0.00047142507363532346,0.0005696212140585889,0.00045281908992525797,0.0006382967634109799
18.416666666666668,0.0005071450524149199,0.0005915346384601365,0.0004829096026453216,0.000670314023286297
18.458333333333332,0.000542807903349728,0.000601655119637911,0.0005142151668022029,0.0007110422177908569
18.5,0.0005762619913735259,0.0006199122039986469,0.0005460083539764861,0.0007257604416987972
18.541666666666668,0.0006052552619723646,0.0006492263576914828,0.0005745074563231859,0.0007705592071214272
18.583333333333332,0.0006280143647244469,0.0006760016689672043,0.0005837898167210957,0.0007852815853031332
18.625,0.0006431828735380887,0.0006922056277801033,0.0006211837303418405,0.0008006046967956592
18.666666666666668,0.0006497174701874035,0.0006914682961467231,0.0006275834010179085,0.0007976777571934494
18.708333333333332,0.000647212350244674,0.0006891635311785446,0.0006364382947664751,0.0007962997703763065
18.75,0.0006356409340250735,0.0006857163673763063,0.0006157778179620717,0.0007887421431618958
18.791666666666668,0.0006149603068310902,0.0006668544798614528,0.0005805920373446855,0.0007684076804391523
18.833333333333332,0.0005857641799572321,0.0006497253572588203,0.0005674949167519894,0.0007334515414399788
18.875,0.0005505537951093715,0.000626929458588607,0.000536744188532225,0.0006934813805226469
18.916666666666668,0.0005125598576739808,0.0006010479911326945,0.0005037272640359909,0.0006554985041988009
18.958333333333332,0.0004740651308217551,0.0005717089358336303,0.00047117123443662944,0.0006152740841480524
19.0,0.00043782010489492234,0.0005392239162312528,0.0004320119858638356,0.0005799397732544402
19.041666666666668,0.0004063242155581411,0.0005040434383622682,0.0004037343855710237,0.0005713888454677758
19.083333333333332,0.0003816517631897438,0.0004804014780320151,0.0003804135218549541,0.0005468614373665701
19.125,0.00036561451318913816,0.00045859348553050933,0.0003526772038794568,0.0005271320265001408
19.166666666666668,0.00035935858930079235,0.00045244174463044025,0.00034698844111676205,0.0005208380770570178
19.208333333333332,0.0003632546784508413,0.0004549537080242308,0.0003494679446958264,0.0005225679561826258
19.25,0.0003769935172626105,0.00046542405697974734,0.00036500481917120005,0.0005376547023493212
19.291666666666668,0.00039908628277656816,0.0004846234589950909,0.0003882587537634145,0.0005572242602357999
19.333333333333332,0.0004272700879441686,0.0005123759809753525,0.00040857224205773774,0.0005804552838418858
19.375,0.0004596384520638721,0.0005507647235612045,0.0004426086503535291,0.0006258072598134401
19.416666666666668,0.0004945457710216224,0.0005762594462543642,0.00047009469179144325,0.000657011859866911
19.458333333333332,0.0005292963545074765,0.0005897931364087941,0.0005005193487844163,0.0006968277869225169
19.5,0.0005618998423416693,0.0006023671579468879,0.0005310304821430492,0.0007106954106408521
19.541666666666668,0.0005900381940472843,0.0006307712417116711,0.0005596215122112466,0.0007552443660473361
19.583333333333332,0.000612100992092171,0.0006570201693630025,0.0005682075679019607,0.0007686653306447688
19.625,0.000626687272615108,0.0006703194416869623,0.0006050192532320006,0.0007834062138465899
19.666666666666668,0.0006328316216265113,0.0006696463799794607,0.0006110286762701572,0.0007787334402477815
19.708333333333332,0.0006301390977920898,0.0006676999399527972,0.000619180773138356,0.0007789167457095059
19.75,0.0006185949767793698,0.0006628041875369993,0.0005987238941082817,0.0007704005498099473
19.791666666666668,0.0005982017980100485,0.0006452005159788774,0.0005638255619155574,0.0007503535355118658
19.833333333333332,0.0005695752264955219,0.0006253870236464871,0.0005519140086830041,0.0007159669518720238
19.875,0.0005351725034425818,0.0006080588849911208,0.00052115796494232,0.0006768044527496124
19.916666666666668,0.0004980859886498393,0.000580355578177279,0.0004895687975069549,0.0006397289990684145
19.958333333333332,0.0004606005160546583,0.0005484000896114984,0.00045799066187959234,0.0006002721464317447
20.0,0.000425367761732055,0.0005172870291258387,0.00042025166642868026,0.0005669950435896093
20.041666666666668,0.00039479661282376536,0.0004837138917538534,0.00039289880656436,0.0005583239197841889
20.083333333333332,0.00037091845194272595,0.00046106473506866795,0.00037037223433564827,0.0005345908031703412
20.125,0.0003555178681498699,0.00044546571480792225,0.0003432725825679005,0.0005169152513898463
20.166666666666668,0.0003496287568805304,0.00044125956425037326,0.0003379506324242121,0.0005106448682788493
20.208333333333332,0.0003536318612395269,0.00044342909293888674,0.00034053715121222397,0.0005127034521283451
20.25,0.0003672172226967148,0.000454773862630251,0.00035584416897545116,0.0005278784077834255
20.291666666666668,0.00038889420581381557,0.00047124329846118273,0.00037850601860336003,0.0005470321832730473
20.333333333333332,0.00041648971315628823,0.0004961123008345951,0.0003982312090725556,0.0005696749090540054
20.375,0.0004481647874574447,0.0005309550112910083,0.0004311663460321475,0.0006212592125336831
20.416666666666668,0.0004822469996358791,0.0005573294411555169,0.0004578272806907457,0.0006444697272489363
20.458333333333332,0.0005161395552950594,0.0005785569161711152,0.00048736254957199926,0.0006758937895139635
20.5,0.0005478813997741204,0.0005923879170800287,0.0005170120395755003,0.0007124824628970945
20.541666666666668,0.0005752101901641081,0.0006201693237516045,0.0005451376539185033,0.000732034055090946
20.583333333333332,0.0005966028577970736,0.0006464405659894331,0.0005527094336068634,0.0007529238351174399
20.625,0.0006106161556476139,0.0006602658255751477,0.0005889481362645065,0.0007734905021096978
20.666666666666668,0.0006164058727547556,0.0006582709686035662,0.0005946029273984015,0.0007623076913760258
20.708333333333332,0.0006135297298164086,0.0006578339160785097,0.0006025714051626748,0.0007623073777338246
20.75,0.0006020443972947771,0.0006528435033869992,0.0005821733146236889,0.0007538499703253546
20.791666666666668,0.0005819501039926046,0.0006345427526779848,0.0005475738678981135,0.0007341018414944219
20.833333333333332,0.0005538695079023148,0.0006103066861362239,0.0005362082900897971,0.0007002612332788167
20.875,0.000520236380022934,0.0005943746110615828,0.0005062218415226722,0.0006618683293299646
20.916666666666668,0.00048408804780271917,0.0005675679270152706,0.0004755708566598348,0.0006257310582212945
20.958333333333332,0.0004475401266143728,0.0005333424669084931,0.00044493027243930686,0.000586580844110193
21.0,0.0004133207839440558,0.0005016294657433633,0.00040820468864068106,0.000554317152920344
21.041666666666668,0.0003836410104343621,0.00046891335660319955,0.00038144710359939353,0.0005465374045135196
21.083333333333332,0.0003605401924493401,0.0004467727931038467,0.0003544624692010323,0.0005235816307956892
21.125,0.0003457390166910711,0.0004293798822460354,0.0003334937311091017,0.0005065054870497814
21.166666666666668,0.0003402044415034587,0.00042413857951804175,0.00032852631704714043,0.0005005896400205115
21.208333333333332,0.00034430501294436134,0.00042540147174614356,0.0003320649346536779,0.0005027456909519135
21.25,0.0003577233585076793,0.00043638091301183193,0.00034635030478641566,0.00051838454359439
21.291666666666668,0.0003790118724254778,0.0004507478720841913,0.00036862368521502225,0.0005371498498847095
21.333333333333332,0.000406044231506893,0.0004789066483975988,0.00038778572742316036,0.000559130613949064
21.375,0.00043702589135418833,0.0005152656758844079,0.00042002744992889114,0.0006093501043343584
21.416666666666668,0.0004702888653363621,0.0005450492164965219,0.0004458691463912287,0.0006325115929494192
21.458333333333332,0.0005033845884199173,0.0005678925311940823,0.00047460758269685723,0.0006628792962645813
21.5,0.000534223062447806,0.0005814817227709976,0.0005033537022491859,0.0006988241255707801
21.541666666666668,0.0005608632159416525,0.0006068294154341292,0.0005311269408292504,0.0007174275544942502
21.583333333333332,0.0005815277988260137,0.0006316115913107045,0.0005445428839915282,0.0007378487761463801
21.625,0.000595048875382641,0.0006437574050193056,0.0005733808559995336,0.000757923221844725
21.666666666666668,0.000600476750423459,0.0006427662152564763,0.0005772165338518855,0.0007463785690447292
21.708333333333332,0.0005974423592103171,0.0006420073460293991,0.0005864840345565833,0.0007462200071277331
21.75,0.0005859972921983787,0.0006355652780363133,0.0005661262095272905,0.0007378028652289562
21.791666666666668,0.0005662093811299811,0.0006156896975205028,0.0005433701974577046,0.0007183611186317984
21.833333333333332,0.0005387026738575756,0.0005911632136067418,0.0005210414560450578,0.0006850943992340775
21.875,0.0005058179037078783,0.0005719940208475519,0.0004918033652076165,0.0006474498530149088
21.916666666666668,0.0004705663866607725,0.0005443588149647957,0.00046204919551788814,0.0006122093970793478
21.958333333333332,0.00043494860491381825,0.0005091658771412555,0.0004323387507387523,0.0005739893224096385
22.0,0.0004017156275391142,0.00047936469858873707,0.00039659953223573945,0.0005427119965154024
22.041666666666668,0.0003728632662018344,0.00044568500419553365,0.00037066935936686587,0.0005357596602809919
22.083333333333332,0.0003505405484397506,0.0004258476049192256,0.00034446282519144276,0.0005113070187984609
22.125,0.00033631371127340126,0.0004124904556912577,0.00032406842569143187,0.0004970801816321115
22.166666666666668,0.0003311039207945927,0.00040945848556684527,0.00031942579633827443,0.0004914891193116454
22.208333333333332,0.00033530606372055634,0.0004112908309401113,0.0003230659854298729,0.0004937467417281085
22.25,0.0003485557499098108,0.0004228949389035295,0.0003371826961885472,0.0005092169349965216
22.291666666666668,0.0003694495460150419,0.00043873197822369024,0.00035906135880458634,0.0005275875234742735
22.333333333333332,0.00039593342862751456,0.0004658897324381063,0.0003762176533285625,0.0005490198110696856
22.375,0.000426248868691843,0.0005008069233961971,0.0004092504272665458,0.0005868577623260272
22.416666666666668,0.0004587355775508244,0.0005328923402857558,0.0004343746213091499,0.0006209583051638815
22.458333333333332,0.0004910043523652063,0.0005524453797461227,0.0004622273466421462,0.0006504990602098703
22.5,0.000521082131253563,0.0005700911277625736,0.0004895006924612122,0.0006779059961804009
22.541666666666668,0.0005469360764392007,0.0005908816407999553,0.0005171998013267986,0.0007035004149917985
22.583333333333332,0.0005669970908751522,0.0006158558713970852,0.0005342886588104742,0.0007233180681955185
22.625,0.0005800010431884601,0.0006283770659013505,0.0005583330238053527,0.0007311600703045581
22.666666666666668,0.00058510010459536,0.0006285209583396753,0.0005618398880237865,0.0007310019232166302
22.708333333333332,0.0005819296682880996,0.0006269629805825691,0.0005709713436343657,0.0007307073162055156
22.75,0.0005705514545128489,0.0006212411363174598,0.0005507812705638702,0.0007223570275434264
22.791666666666668,0.0005510533690477659,0.0006032717651246088,0.0005282141853754894,0.0007032051065495832
22.833333333333332,0.0005240810158492646,0.0005780655355803604,0.0005064197980367469,0.0006704727412257665
22.875,0.0004919676211849353,0.0005550469889585331,0.00047795308268467354,0.0006335995704919658
22.916666666666668,0.00045754216241197354,0.0005262924733466827,0.00044871229988836076,0.0005991851728305487
22.958333333333332,0.0004228874800656269,0.0004884523448681728,0.0004194584966938664,0.0005619281975614471
23.0,0.0003905080140852793,0.0004583562389709736,0.0003850792474011762,0.0005315043830615675
23.041666666666668,0.0003625568845377958,0.00042569690736357673,0.0003601643787838603,0.0005254532786169533
23.083333333333332,0.00034093269159767665,0.0004100016376305138,0.00033449842354000685,0.000501699161956387
23.125,0.0003272398023551131,0.00040034374812862453,0.00031463797196378175,0.0004877217899797158
23.166666666666668,0.0003223633075255412,0.0003958062557634448,0.00031032863825986094,0.0004824640233084864
23.208333333333332,0.0003266454130010839,0.0003984213672816671,0.0003140487899010384,0.00048480160827452844
23.25,0.0003397385599407663,0.00041037961322514703,0.00032800896141014065,0.000500399745027477
23.291666666666668,0.00036025482834276467,0.00042267031282430334,0.000349360183316343,0.0005183928058019963
23.333333333333332,0.0003861898015997925,0.0004463107928282691,0.00036647402630084045,0.0005392761840419635
23.375,0.0004158508253252944,0.00047806878701276486,0.0003988523838999972,0.0005764597189594785
23.416666666666668,0.00044760617058293257,0.0005123648160837863,0.0004232452143412581,0.0006098288981959897
23.458333333333332,0.00047908883671691235,0.0005347861227739311,0.00045031183099385224,0.0006385835445615764
23.5,0.0005083952944610277,0.0005500157607380105,0.000476813855668677,0.0006649596330136255
23.541666666666668,0.0005335443982405528,0.0005703907014109038,0.0005038081231281507,0.0006901087367931505
23.583333333333332,0.0005529866550974042,0.0005916132495352959,0.0005202782230327262,0.0007093076324177706
23.625,0.0005655244345198198,0.0006052471696246867,0.0005438564151367124,0.0007166834616359178
23.666666666666668,0.000570304623813276,0.0006077585778978387,0.0005470444072417025,0.0007162064424345462
23.708333333333332,0.0005670110933218452,0.0006105466402970308,0.0005560527686681114,0.0007157887412392612
23.75,0.000555715308969294,0.0006056700348701506,0.0005359451250203153,0.0007075208819998715
23.791666666666668,0.0005365175782018814,0.0005880412501797083,0.0005136783945296049,0.0006886693157036987
23.833333333333332,0.0005100678189290812,0.0005641248843379515,0.0004924066011165635,0.0006564595443055831
23.875,0.00047867822443310455,0.0005405832406683046,0.00046466368593284284,0.0006203101737401351
23.916666666666668,0.0004450726912184336,0.0005135210950105877,0.0004362428286948208,0.0005867157016370088
23.958333333333332,0.00041134897894297537,0.000473277796930932,0.00040790167691179713,0.000550105213704688
24.0,0.00037978991151729356,0.00044482199168369054,0.00037436114483319045,0.0005205017977594743
24.041666666666668,0.0003526646070639259,0.00041369262240029396,0.0003502721013099904,0.0005152765184089759
24.083333333333332,0.0003317682875846407,0.00039869419723056,0.0003253340195269709,0.0004922502752092434
24.125,0.00031855424179384246,0.0003902965779040517,0.0003059524114025111,0.0004788145399035048
24.166666666666668,0.0003139907282010905,0.00038618415235655687,0.00030195605893541024,0.0004740914439840357
24.208333333333332,0.00031835812176052785,0.00038946919342307935,0.00030576149866048236,0.0004762926275190321
24.25,0.0003312770843708527,0.0004029233764986474,0.00031954748584022704,0.0004919382694575634
24.291666666666668,0.0003514272794859113,0.00041420352083427017,0.00034053263445948966,0.000509565256945143
24.333333333333332,0.00037684572516920745,0.00043818465366974213,0.0003571299498702554,0.0005299321076113785
24.375,0.00040587138708723626,0.0004693738410527088,0.0003883640967096629,0.0005664802807214203
24.416666666666668,0.000436921268724832,0.0005049817091273631,0.00041256031248315753,0.0005991439963378892
24.458333333333332,0.00046764391447350176,0.0005290940177014099,0.00043887244155912166,0.0006271386223181658
24.5,0.0004962357251052082,0.000539261868368732,0.00046465428631285754,0.000652800063657806
24.541666666666668,0.0005206827589703521,0.0005597843154566434,0.0004909440762269242,0.0006755204780449015
24.583333333333332,0.0005395660496032349,0.0005788257493744146,0.0005048856464680608,0.0006941604074455528
24.625,0.0005516397828523137,0.0005909409332376077,0.0005299638230295004,0.0006983396762448639
24.666666666666668,0.0005561394561366841,0.0005950759269531709,0.0005328712991254046,0.0007003146552799058
24.708333333333332,0.0005527296479680996,0.0005991629960966551,0.0005417633828746597,0.0006997806764074671
24.75,0.0005415126519475972,0.0005945782497020432,0.0005217424679986187,0.0006915916055001262
24.791666666666668,0.0005226100141712298,0.0005775625770566896,0.0004997708304989533,0.0006730351321949987
24.833333333333332,0.0004966811962307433,0.0005525612585543146,0.0004790199784182255,0.0006413463021291967
24.875,0.000465999808532762,0.0005268304220360554,0.0004519852700325003,0.0006059051383617442
24.916666666666668,0.00043317412636001645,0.0005003556672074024,0.0004243442638364037,0.0005730905173005433
24.958333333333332,0.0004003237013338963,0.0004602339161246073,0.00039687639930271806,0.0005373533166175605
25.0,0.00036960392171342334,0.00043338170470724096,0.0003641751550293202,0.0005085891884775555
25.041666666666668,0.00034323124486177674,0.00040265973199095655,0.0003408387391078412,0.0005023530016643591
25.083333333333332,0.00032300415022011136,0.0003885895494654794,0.00031656988216244156,0.00047999598330224636
25.125,0.0003102916308231145,0.0003819769116520912,0.0002976898004317831,0.00046706177439030915
25.166666666666668,0.00030600235545139644,0.0003762102768266351,0.00029396768618571617,0.00046261291669187393
25.208333333333332,0.0003104294161530387,0.00038230042590926697,0.0002978165536498079,0.00046487376736907527
25.25,0.00032318581410960826,0.0003958191949400668,0.0003114399761757973,0.0004803568446538513
25.291666666666668,0.000342985364002459,0.00040733533027137296,0.00033207447957285204,0.0004976331869192231
25.333333333333332,0.0003679127597752075,0.0004301404372827976,0.00034818074507307015,0.0005192725227393301
25.375,0.00039633579160315867,0.00046015437036509303,0.00037881226182239993,0.0005524855515137949
25.416666666666668,0.00042669925936988587,0.000496011651485744,0.0004003580330942359,0.0005875961321221828
25.458333333333332,0.00045670686433239117,0.0005200880568741198,0.0004278102295301834,0.0006144749526990067
25.5,0.00048460214502864,0.0005299787318059937,0.000453004466833104,0.0006394398641031894
25.541666666666668,0.0005083943871992171,0.000546863810761122,0.0004785185207617462,0.0006632321062737665
25.583333333333332,0.0005267462413194384,0.000565164900739216,0.000492049598781079,0.0006813405991617562
25.625,0.0005383820948826988,0.0005780796431690619,0.0005166898956567001,0.000685081988275249
25.666666666666668,0.0005426296920325291,0.0005841915949726911,0.0005193615350212497,0.000686804891175751
25.708333333333332,0.0005391098236390625,0.0005876929963228195,0.0005288235975897746,0.0006861608520784302
25.75,0.0005279725324244446,0.0005831376795734259,0.0005081861090722807,0.0006780514859769737
25.791666666666668,0.0005093486965891406,0.0005646573576609124,0.0004861038290320449,0.0006597738146129095
25.833333333333332,0.0004839422063474016,0.0005395384361996899,0.0004658753046500646,0.0006286073122458549
25.875,0.00045391555919825193,0.0005159207431378525,0.00043480675149391884,0.0005930337388293479
25.916666666666668,0.0004219136485362094,0.0004894151244615017,0.00041249052717321237,0.0005611388813228812
25.958333333333332,0.0003897790918934303,0.0004469474758267645,0.00038586185723394495,0.0005260215569792083
26.0,0.0003599669339161819,0.0004217244436507842,0.00035406823460377166,0.000498165050482428
26.041666666666668,0.0003342784544762404,0.00039369585083968875,0.0003314549144915527,0.0004926130610809366
26.083333333333332,0.00031467490282119403,0.00037925427873155307,0.0003077707021352171,0.0004708795857054429
26.125,0.0003024306181301308,0.00037290901521069126,0.0002893588551104923,0.00045841361149943937
26.166666666666668,0.00029840880509965904,0.0003650052448448921,0.00028354286701781563,0.0004542322161422504
26.208333333333332,0.0003029016897447048,0.0003715779397341716,0.00028959030676707837,0.00045655889076285527
26.25,0.0003155122255556401,0.0003884352215861557,0.00030306786714743347,0.0004774221046088125
26.291666666666668,0.00033496707702232063,0.00040187083195055367,0.00032464710333361734,0.0004943537484480141
26.333333333333332,0.00035940359090094656,0.0004207912846533823,0.00033381060852876316,0.00050469328915314
26.375,0.00038725133026188015,0.00044749828260288245,0.0003694978046553718,0.0005368950397234969
26.416666666666668,0.00041695513132125297,0.00048321952144803884,0.0003902605830087762,0.0005726650816035378
26.458333333333332,0.000446307064605144,0.0005084536099302886,0.00041701053049121004,0.0005987922384577165
26.5,0.0004734907480956764,0.0005189507949380458,0.000441498643659534,0.0006230455526561827
26.541666666666668,0.0004967317468033504,0.0005360283891718628,0.00046645592131659306,0.0006462865513638566
26.583333333333332,0.0005145121983798831,0.0005519195218643616,0.00047920083172169856,0.0006638236417081579
26.625,0.0005257928931744455,0.0005615011244769738,0.000503503542108795,0.0006436243436571571
26.666666666666668,0.0005297647131236974,0.0005648459490305746,0.0005027743710819126,0.0006454529150982505
26.708333333333332,0.0005261777756962235,0.0005695154158602389,0.0005155382276101088,0.0006447963469628427
26.75,0.0005151361337039673,0.0005637183798863482,0.0004922577450902545,0.0006367826300837481
26.791666666666668,0.0004967957626116214,0.0005483437532760056,0.0004706036095510372,0.0006187884234626419
26.833333333333332,0.0004718546349351904,0.0005245452403966116,0.0004510842177996297,0.0005934490362286933
26.875,0.0004424915866067174,0.000497825491243032,0.000420679517492294,0.0005593262118307491
26.916666666666668,0.0004111894283250063,0.0004676802479646673,0.0003988192754866542,0.0005281311067046137
26.958333333333332,0.0003798916339932845,0.0004259697588623094,0.000370864802443136,0.0004938505446719983
27.0,0.000350755971838194,0.00040037687460671,0.00034057638233538296,0.0004666705339973757
27.041666666666668,0.00032584928760894205,0.00037476136276662987,0.0003187913529153667,0.00046378588833121125
27.083333333333332,0.0003067994933669401,0.0003601305721792795,0.00029566089797207555,0.000442606170368762
27.125,0.00029497989559276424,0.00035335222093569376,0.0002776737378642381,0.0004341841309371468
27.166666666666668,0.00029122848969659603,0.00034925885878567877,0.00027232648867362563,0.0004302731427142614
27.208333333333332,0.0002957568268219718,0.00035511696162767207,0.00027840938090321833,0.00043263526981519623
27.25,0.0003082063756682878,0.00037432034189829465,0.0002917259543189542,0.0004441922501322178
27.291666666666668,0.0003273435839586118,0.00038834942038539703,0.00031547665880923506,0.00046080625079506263
27.333333333333332,0.0003513294512445135,0.0004031809424241071,0.0003241895174116566,0.0004796524262623186
27.375,0.0003786374327356948,0.00042853468824672616,0.0003585411669609356,0.0005064094773052346
27.416666666666668,0.00040771598724794334,0.000465178863691225,0.000382038548324196,0.0005415542726381513
27.458333333333332,0.0004364229567729833,0.0004919763224713207,0.00040712642265904937,0.0005670026362691108
27.5,0.0004629905631821909,0.0005030390864508748,0.00043088953626140616,0.0005908832346184836
27.541666666666668,0.00048563895238680954,0.0005196487712922852,0.0004553631269000522,0.0006127975350221287
27.583333333333332,0.0005029496599625775,0.0005354506054355702,0.0004700068336883414,0.0006301082425978966
27.625,0.0005138494868315468,0.0005453384885156032,0.0004915601357658963,0.0006299622722849623
27.666666666666668,0.0005175952262979835,0.0005490486475807245,0.0004906048842561987,0.0006315647632432407
27.708333333333332,0.0005139310194703789,0.000555073691509956,0.0005032914713842642,0.0006308309257077021
27.75,0.0005029672891037031,0.0005509028675266387,0.0004800572285120445,0.0006228951204541879
27.791666666666668,0.00048491006606382457,0.0005353751219146506,0.0004587179130032404,0.000605184061885549
27.833333333333332,0.00046044550403429816,0.0005106910169799379,0.0004396750868987375,0.0005803212402985051
27.875,0.0004317127292830274,0.0004825481456098888,0.00040950964947266387,0.0005468286894777631
27.916666666666668,0.0004010938963148162,0.00045143454416688854,0.000388332732780524,0.0005163169096651277
27.958333333333332,0.000370525538185542,0.0004093471133383026,0.0003611076959394534,0.0004827657838349597
28.0,0.00034212967629223493,0.0003853176325698093,0.0003315590760934837,0.0004563255734221206
28.041666666666668,0.0003178745097719416,0.0003614771896065251,0.0003104255643824261,0.00045621164901133175
28.083333333333332,0.00029936622592078427,0.00034730381025683497,0.0002878366198299796,0.0004353623946769196
28.125,0.0002879727171482177,0.0003407430579344935,0.00027027554872375144,0.0004273664442469136
28.166666666666668,0.00028444648869601735,0.0003371999232421417,0.00026378690743057736,0.00042368063346799606
28.208333333333332,0.00028901569389752505,0.0003423402634405,0.0002712772372828315,0.0004260836286450628
28.25,0.00030132888384602253,0.00036331864891598817,0.00028445745180074884,0.00043750425006426586
28.291666666666668,0.00032015200644323357,0.0003765499775167478,0.0003078940705979167,0.0004538041650339979
28.333333333333332,0.00034370391372707366,0.00039167012316281756,0.00031845804497564434,0.0004724274272619997
28.375,0.0003704902100622883,0.0004171855340750372,0.00035039394428752914,0.0004965435896025321
28.416666666666668,0.0003989958708063822,0.00045459307204314336,0.0003733184318826349,0.0005350582767763986
28.458333333333332,0.0004270767965876946,0.00048021550666234477,0.0003978680301719457,0.0005576564760838221
28.5,0.000453074804764114,0.0004923829057573419,0.00042097377784332924,0.0005809674762004066
28.541666666666668,0.00047516051519643144,0.0005089889971000993,0.00044374750545287414,0.0006023190978317507
28.583333333333332,0.0004920381885694624,0.0005254729948308166,0.00045792917304370034,0.0006212113600167266
28.625,0.0005025796590891215,0.0005332512791512001,0.00047912411877194496,0.000618692444542537
28.666666666666668,0.0005061261438071198,0.0005358369679625474,0.00047986367759523656,0.0006200956807523769
28.708333333333332,0.0005023919301475827,0.0005425244942360545,0.0004905861928099419,0.0006192918363849059
28.75,0.0004915284866925782,0.0005389472293983601,0.0004674522368493936,0.000611456318043063
28.791666666666668,0.0004737345603081771,0.0005235682425276002,0.00044637621799606685,0.0005940085561299016
28.833333333333332,0.0004497164842444907,0.0004992007036178015,0.000427779877857404,0.0005695922205086976
28.875,0.00042156696493750496,0.0004710189212353023,0.00039819769587561536,0.0005366829251322407
28.916666666666668,0.00039161563238658163,0.0004412101852432793,0.0003776882796007634,0.0005068386457368931
28.958333333333332,0.0003617330588778888,0.0004009677152399096,0.00035203414112315704,0.0004739733045273065
29.0,0.0003340253627797178,0.00037779638795622694,0.0003231736870723234,0.00044822125990960345
29.041666666666668,0.0003103871304449024,0.0003551312735359387,0.00030265710954674376,0.00044872426968429254
29.083333333333332,0.0002923988342114117,0.000342989756501832,0.0002805881526119638,0.000428395002967547
29.125,0.00028139019292980935,0.0003360636630117774,0.0002634119489966999,0.00042078392002850524
29.166666666666668,0.0002780774234709854,0.00033200131427526484,0.0002571367666969022,0.00041728487032201186
29.208333333333332,0.0002826855588455742,0.00033833023568394623,0.0002646660267222375,0.00041972679567215976
29.25,0.0002948566557580564,0.0003601659535516301,0.0002777041482041395,0.00043100532405534743
29.291666666666668,0.000313380440203769,0.00037286361070273206,0.00030084142884980895,0.00044700590087358097
29.333333333333332,0.00033652886432289293,0.00038784676561732205,0.0003110019200628204,0.00046522567993686673
29.375,0.0003628300574160843,0.0004139162117940668,0.00034240948697961403,0.00048692395834180386
29.416666666666668,0.000390782460498171,0.0004480934125414306,0.00036482394606578047,0.0005268181685472352
29.458333333333332,0.0004182960523317671,0.00047200625750463515,0.0003879210966644921,0.0005488490339069423
29.5,0.00044374301540941525,0.0004837024136183901,0.00041047579923710444,0.0005713656276925243
29.541666666666668,0.0004653182114108752,0.0004991596665991731,0.0004339052016673179,0.0005924500961252421
29.583333333333332,0.0004817802825687197,0.0005152328348053581,0.0004476712670429576,0.0006093101311942022
29.625,0.0004919949754034591,0.0005218559428382782,0.00046849620593321476,0.0006061482822423506
29.666666666666668,0.0004953582370822295,0.0005242784565474865,0.0004704749125710218,0.0006093010761065343
29.708333333333332,0.0004915666558627393,0.0005314684735465057,0.00047976091852509857,0.0006022806057014121
29.75,0.0004808118694836203,0.0005282997100340085,0.00045673561964043564,0.0005948808092234052
29.791666666666668,0.00046327130168754356,0.0005151144130928788,0.0004359129593754333,0.0005776864058985682
29.833333333333332,0.00043966827815436867,0.0004912584435770147,0.00041773167176728195,0.0005536851228078758
29.875,0.00041206671077983895,0.0004611163082433062,0.0003919306313455306,0.0005213237793638748
29.916666666666668,0.0003827469536947963,0.0004313610835681776,0.00037205279053655933,0.0004921110754344079
29.958333333333332,0.0003535249001867159,0.00039164029577175557,0.00034705917205956537,0.0004599062542254338
30.0,0.0003264355501117198,0.0003680085836933598,0.00031881706403190667,0.00043477255563090564
30.041666666666668,0.0003033921717222687,0.0003463174550286574,0.0002988953404516913,0.00043257104274325113
30.083333333333332,0.0002858994388696241,0.00033553615307400193,0.0002773219468977575,0.0004127373394073517
30.125,0.0002752259697911449,0.0003282627789292565,0.0002604809154856167,0.00040546142867143307
30.166666666666668,0.0002721248377836376,0.00032520198413817027,0.0002544173706371357,0.0004022007143372086
30.208333333333332,0.00027676688173591135,0.0003301859595109425,0.0002619805392401559,0.00040467654826504147
30.25,0.00028879670237696883,0.00035136339794968,0.0002748773844506332,0.0004158138003768043
30.291666666666668,0.00030705145757647055,0.0003639679902825147,0.00029552261962044815,0.00043154534794882695
30.333333333333332,0.00032981250761475196,0.0003794092064930522,0.0003091493059267892,0.0004526771295389781
30.375,0.0003556467122887704,0.0004063862311868518,0.0003362363152502378,0.00047390841952474236
30.416666666666668,0.0003830980796147569,0.00043871623935239843,0.000358149738580304,0.0005091993702911211
30.458333333333332,0.0004100712441077084,0.0004635330317280404,0.0003807064618383711,0.0005323064332110131
30.5,0.0004350061306898792,0.0004731372710744419,0.00040277809291023215,0.0005543109505011177
30.541666666666668,0.0004561069713273004,0.0004887661064472904,0.00042570413498168073,0.0005749210635697968
30.583333333333332,0.00047218187009358514,0.0005060418139143747,0.00043908302796576067,0.0005913939262471972
30.625,0.0004821003764060609,0.0005106591095992244,0.0004596117803337542,0.0005906729301234529
30.666666666666668,0.0004852918141564004,0.0005118720850327468,0.00046141866304313033,0.0005933268352712551
30.708333333333332,0.00048145506575537553,0.0005191144669546874,0.0004706595018156725,0.0005924204561622964
30.75,0.00047079073005140606,0.0005177011571018514,0.0004499476698358027,0.0005851111103594391
30.791666666666668,0.000453492736123539,0.0005055599329443094,0.00042936758343901005,0.0005681592809028117
30.833333333333332,0.0004302998203860503,0.0004813435175409732,0.00041159640362654486,0.0005445681056078054
30.875,0.000403230729321991,0.00045041410302199903,0.00038322681138949614,0.000512739238474275
30.916666666666668,0.00037448248847781287,0.00042143201847515035,0.00036392048682138935,0.0004840980507856725
30.958333333333332,0.0003458705595653238,0.00038036798469125914,0.0003370600327157942,0.0004525033541722897
31.0,0.0003193937954367238,0.0003581807295836598,0.00030943051063453164,0.00042798224152415775
31.041666666666668,0.00029688020785033646,0.0003366217519196727,0.00029003857785738,0.0004261264276487012
31.083333333333332,0.00027983124077857587,0.0003256303572050083,0.0002689089500843302,0.00040673649009368573
31.125,0.00026950605919384615,0.00031799669426481206,0.0002524162061659389,0.0003998088668515166
31.166666666666668,0.00026657986563473135,0.0003161067574590214,0.0002465002512415262,0.0003967230909656846
31.208333333333332,0.0002712510728983924,0.00032068728052861976,0.00025411993168025787,0.0003992280882049048
31.25,0.00028315941791300857,0.0003428773095091851,0.00026689530126429385,0.00041026319566769983
31.291666666666668,0.00030113992080372154,0.00035579676720217925,0.0002872662841253201,0.00042572049093093375
31.333333333333332,0.00032355090125208,0.0003726095135579279,0.0003004107393399247,0.00044222727129531754
31.375,0.0003489665456410715,0.00040027057889444826,0.00032707918837834637,0.0004631144901640848
31.416666666666668,0.0003759262190497126,0.00043341257165340266,0.0003502927292513706,0.000497913747013118
31.458333333333332,0.0004024140377901074,0.000457581260110198,0.0003686082646657873,0.0005205354641804534
31.5,0.00042686260591944685,0.00046456633649354404,0.00039215760791560725,0.0005420536630177267
31.541666666666668,0.00044753724194728504,0.0004814424697976499,0.00040796560628152497,0.0005622375714768228
31.583333333333332,0.00046324424543342865,0.0004982985195856183,0.00042515675979056455,0.000578342538874082
31.625,0.00047289990765590377,0.0005020389389693326,0.0004434451253821262,0.000577107258092089
31.666666666666668,0.00047593003210789626,0.0005034768268642669,0.000449818503258313,0.0005795253607735145
31.708333333333332,0.00047206044172419114,0.0005114974905591584,0.0004616968823747261,0.0005785861396818754
31.75,0.00046148634577779924,0.000510972044282181,0.0004410463648791633,0.0005713670336365957
31.791666666666668,0.0004444245648497077,0.0004991571542741851,0.000420888222708274,0.000554651417179744
31.833333333333332,0.00042161215424661806,0.00047452850599882573,0.00040349754803020786,0.0005314407470191368
31.875,0.0003950316834703072,0.0004444817987250915,0.0003756165760809076,0.0005001005001733546
31.916666666666668,0.00036682949568614105,0.0004155575758333705,0.0003568563045728128,0.00047200536554476417
31.958333333333332,0.00033878532717659824,0.00037455660739713856,0.0003330405710943564,0.0004410303710651028
32.0,0.0003128684009445095,0.000352437583914281,0.0003056849813213672,0.0004170690963134821
32.041666666666664,0.0002908541497417792,0.0003318892338558673,0.0002867923849278726,0.00041144478237131564
32.083333333333336,0.0002742253814670857,0.00032124575066210616,0.00026608295595188986,0.0003924750436133672
32.125,0.00026420413746327707,0.0003143132038063759,0.00024989414961441967,0.00038585135795211916
32.166666666666664,0.00026144473579576866,0.0003126537162913804,0.00024414498658161335,0.00038293237395789357
32.208333333333336,0.0002661424069439073,0.00031585020120169697,0.0002517911309048226,0.00038383793636064
32.25,0.00027793139377745523,0.00033660030395862335,0.00026444714230779035,0.0003947343546648934
32.291666666666664,0.000295667399988339,0.00034871965589670483,0.00028457362848898735,0.00041902355186293244
32.333333333333336,0.0003177493059225724,0.0003647548387291603,0.000297252016592507,0.00043966028113990126
32.375,0.0003427687011941924,0.0003945152493213018,0.0003238101221017951,0.00045534268872702964
32.416666666666664,0.000369285150662259,0.000427167972558893,0.00034658043903424476,0.0004921979846977093
32.458333333333336,0.0003953171295866457,0.00044974534343573936,0.00036446905990592394,0.0005119878693397719
32.5,0.00041932408111477993,0.0004561193130548917,0.0003860010103796367,0.00053306445157584
32.541666666666664,0.00043959810085688234,0.00047428336224476385,0.00040298416863472067,0.0005500836247791962
32.583333333333336,0.0004549727142297944,0.0004892863297011567,0.00041941861831652153,0.0005720116072938259
32.625,0.0004643850884854307,0.0004924578370178548,0.0004374636959412445,0.000564377633314392
32.666666666666664,0.0004672708550226265,0.0004908519932124409,0.00044252123594287876,0.0005666513780810206
32.708333333333336,0.000463368965967783,0.0004981748732367255,0.00045183392665856234,0.0005656798583182433
32.75,0.0004528872070234825,0.000498826810240538,0.00043127574616509093,0.000558553089275055
32.791666666666664,0.0004360653113515885,0.0004905852979627753,0.00041135748925039914,0.0005420773580744007
32.833333333333336,0.00041362622574241126,0.0004674991144599947,0.00039276436339134337,0.000519240012907706
32.875,0.0003874594139079185,0.0004376959531022426,0.00036687282655876324,0.0004875701285674932
32.916666666666664,0.00035978257181545784,0.00041074650253129905,0.0003486379007423739,0.00046000033963060826
32.958333333333336,0.0003322526921040016,0.0003697047449849138,0.00032533645606200415,0.00042948769221825834
33.0,0.0003068713755608451,0.0003457809604528197,0.0002985164759779471,0.0004052417329968797
33.041666666666664,0.00028528841002394077,0.0003215954140494197,0.00028005516525027844,0.0004000487047205392
33.083333333333336,0.00026907805780363245,0.0003107479576469542,0.0002597641523286809,0.000381497382016976
33.125,0.00025931328981275973,0.0003037062996860579,0.00024383182200414668,0.0003751301723686639
33.166666666666664,0.0002567241124754918,0.00030114842839036636,0.00023825288330158085,0.0003723814127046788
33.208333333333336,0.00026143912439481197,0.0003025352658986459,0.0002476939549949431,0.000374930214599558
33.25,0.00027311069607033605,0.0003209357978610252,0.000260232551239887,0.0003857092177457876
33.291666666666664,0.0002906324822240531,0.0003323556150727063,0.00028031718409137363,0.0004097841948866599
33.333333333333336,0.00031240055022637163,0.0003501202355048279,0.00029266890078165467,0.00043010708623171377
33.375,0.0003370574810641246,0.0003827388551972753,0.000318666224655892,0.0004454270293849752
33.416666666666664,0.00036316646383313976,0.00041401469339517096,0.0003410290748892902,0.0004855310008249846
33.458333333333336,0.00038878130385164387,0.0004356990858964196,0.0003608690972390353,0.0005011243340398272
33.5,0.0004123787564924368,0.00044320695373952147,0.00037765897781066806,0.0005217914173885539
33.541666666666664,0.00043229547273552837,0.0004618774733833397,0.0004042302976952191,0.0005412174060629034
33.583333333333336,0.00044736510932180917,0.0004759233305402355,0.0004117928330541123,0.0005629323763333399
33.625,0.0004565596507128848,0.00048029714725918155,0.0004360245076617122,0.0005550805694893453
33.666666666666664,0.00045932108239617083,0.0004793169231257003,0.0004365162986554532,0.0005572299794020642
33.708333333333336,0.00045540515702159883,0.0004846793885110895,0.0004460261037339157,0.0005562444233195583
33.75,0.0004450096346096934,0.0004858293949433804,0.0004255541597728394,0.000549203890808765
33.791666666666664,0.00042837963162113837,0.00047885403333413446,0.00040562176284637683,0.0005328280877490119
33.833333333333336,0.00040625351553592626,0.000457029637477532,0.0003873416065112862,0.0005103037121062822
33.875,0.0003805501446147181,0.000428074063251087,0.0003619135105919907,0.00047984056511560274
33.916666666666664,0.0003533204882576176,0.0004009823241701236,0.0003439534037835052,0.000452717961914078
33.958333333333336,0.0003262889486801208,0.00036177486472903364,0.00031986987041880937,0.0004227036546356875
34.0,0.0003013607171373859,0.0003367657702698265,0.000298605144444702,0.00039973107457342053
34.041666666666664,0.00028023559718165595,0.0003147957949871296,0.0002767799390069651,0.00039499589187825445
34.083333333333336,0.00026434645085204775,0.00030470605298209367,0.0002568101319760677,0.0003767657750653913
34.125,0.00025485915345472795,0.0002974895931500238,0.00024115527224508634,0.00037067603601063204
34.166666666666664,0.00025239390893035596,0.0002954883139977289,0.0002357002663554165,0.0003680512091595429
34.208333333333336,0.0002571327831789819,0.0002972101001547427,0.000243387613779113,0.0003706238733837279
34.25,0.0002687102588558828,0.00031436515608879417,0.00025580826200434357,0.00038130878053133435
34.291666666666664,0.00028601960830267075,0.000325704589157701,0.0002757043101699913,0.0004051713209652775
34.333333333333336,0.0003075091281513578,0.00034372665553024454,0.0002877774787066409,0.0004251976852135877
34.375,0.0003318299825343032,0.00037725908397675113,0.0003131358283048498,0.00044001771009903866
34.416666666666664,0.00035756671443673115,0.0004095941077346577,0.0003354293254928816,0.00046796820492655503
34.458333333333336,0.000382806138355008,0.00043227326848452807,0.00035489393174239944,0.000495131189600079
34.5,0.0004060285763626051,0.0004393342477430177,0.00037130879768083636,0.00051542325831561
34.541666666666664,0.0004256238174933353,0.00045886952848059646,0.00039755864245302606,0.0005345277718775981
34.583333333333336,0.0004404128579493336,0.0004713768192952278,0.00040484058168163673,0.0005440170784588434
34.625,0.0004494167533283778,0.00047642524280948773,0.0004288816102772052,0.0005477558513487232
34.666666666666664,0.00045206018763063835,0.00047468904050144956,0.0004292554038899207,0.0005499511056934194
34.708333333333336,0.00044813312133190907,0.0004792685135534998,0.00043875406804422593,0.0005489544086867564
34.75,0.00043781302636612354,0.0004803308089900268,0.0004183575515292695,0.0005419893036220829
34.791666666666664,0.00042139400893682,0.0004724412502706884,0.0003986361401620584,0.0005258244861215812
34.833333333333336,0.0003995888762822981,0.00044909644254463317,0.00038067696725765807,0.0005036210939095418
34.875,0.00037424003293372863,0.0004208322505369218,0.0003556033989110012,0.000473512474491501
34.916666666666664,0.0003474573799182388,0.00039394367758615223,0.0003380902954441264,0.00044683687463158687
34.958333333333336,0.0003208587518368735,0.00035633249602720147,0.0003141544050757803,0.00041725547884932787
35.0,0.0002963772651925401,0.00033197241823356826,0.000293324876280043,0.00039472964368546243
35.041666666666664,0.00027561473060124723,0.0003102978543066263,0.00027186225620674326,0.0003903570463547334
35.083333333333336,0.0002600747478961036,0.00030052021917671733,0.0002522177607792203,0.0003724760931663349
35.125,0.00025079875408698697,0.0002931676264618095,0.00023679805665753227,0.0003665976576997788
35.166666666666664,0.00024847528993472327,0.0002912745051390484,0.00023499525814940642,0.0003641146112207979
35.208333333333336,0.000253226661681945,0.00029271302631965555,0.000239184676062263,0.0003666997729435787
35.25,0.000264707416123724,0.0003091182648517892,0.00025150860305237166,0.0003772879588560632
35.291666666666664,0.00028183472289251463,0.00032051133383151684,0.00027122260854002203,0.0004009684566120091
35.333333333333336,0.00030306778609572195,0.0003374668616492961,0.0002830393204311919,0.0004207563431579518
35.375,0.0003270880566416513,0.00037049955874922944,0.00030809708619238473,0.0004352757842063867
35.416666666666664,0.00035248953477025265,0.00040290849981255804,0.00033005532960658996,0.0004628910252600765
35.458333333333336,0.0003773858870960255,0.0004262638711156162,0.0003494736804834169,0.0004917255271530415
35.5,0.0004002749280309135,0.00043376543140754236,0.0003679236897330932,0.0005096696099839183
35.541666666666664,0.00041957638503623554,0.00045233024398208836,0.0003915112099959263,0.000530427851069572
35.583333333333336,0.0004341214584388809,0.00046318826343352766,0.00039854918217118406,0.0005376586017855194
35.625,0.00044294990840625846,0.0004674904242351413,0.0004206485479069832,0.0005412219292637324
35.666666666666664,0.0004454979121659992,0.0004651579013344494,0.00042257666771052324,0.0005433217530659089
35.708333333333336,0.000441561892930126,0.00047007958143996045,0.0004320663789276845,0.0005423161031221019
35.75,0.0004313305026414652,0.00047052347527608415,0.0004117585670898528,0.0005354397027345532
35.791666666666664,0.00041508172775355136,0.00046228474069807203,0.00039220739826403145,0.0005194451277754413
35.833333333333336,0.00039353936588265885,0.00043943792040611763,0.00037441377457336615,0.0004975045063470311
35.875,0.00036858017261406234,0.000411857432224575,0.000354418187597801,0.0004677855370089633
35.916666666666664,0.0003421595957066563,0.00038678412749957637,0.0003325788289478912,0.000441472013257133
35.958333333333336,0.00031598936062766605,0.00035134332226155327,0.0003090713315819202,0.0004123190104772491
36.0,0.000291867398213329,0.0003272577373651628,0.00028859098097745994,0.00039015269954338
36.041666666666664,0.0002714905655588732,0.00030586964168225747,0.00026744786417783414,0.0003862328813123594
36.083333333333336,0.00025621204612896227,0.0002975062400588212,0.0002483011350455437,0.00036861339139919355
36.125,0.00024716151323443913,0.00029057244101007455,0.00023310689183844913,0.00036296041684723095
36.166666666666664,0.00024494407277657435,0.0002887886667911046,0.00023141011702472225,0.00036058339406264903
36.208333333333336,0.00024970966644813174,0.0002904642771883476,0.00023561375686191442,0.00036318277770976544
36.25,0.000261105771363073,0.000306983067263397,0.00024785303432518535,0.0003736863140954122
36.291666666666664,0.000278059753388871,0.000318636240602361,0.0002673937150698431,0.0003971934871083655
36.333333333333336,0.0002990769581627626,0.0003340486131125463,0.0002789945685316972,0.00041676551522499243
36.375,0.0003228314137747509,0.00036696538868856215,0.00030197985746516204,0.000430952064176615
36.416666666666664,0.0003479311955324422,0.000399824095951585,0.00032573148325317923,0.0004691476117834959
36.458333333333336,0.0003725143488435155,0.00042312485197141587,0.0003448366351153067,0.000496052289760932
36.5,0.00039511859309673787,0.0004295858652675758,0.0003630018476833173,0.0005153282008109727
36.541666666666664,0.00041414385803517645,0.00044754951321133134,0.00038633461550369934,0.0005342607020917847
36.583333333333336,0.0004284880361611793,0.0004592453825619323,0.0003931716924023146,0.0005429071824319189
36.625,0.0004371515156340776,0.0004637068015400947,0.00041482801683141886,0.0005463055394156527
36.666666666666664,0.0004396274563842442,0.0004608961504238371,0.00041680053434014314,0.0005483333002082551
36.708333333333336,0.00043567617170488145,0.0004664678857599433,0.0004262749801138149,0.0005473123848209585
36.75,0.0004255352342986836,0.00046891794503702895,0.0004060361815340137,0.0005379133952284308
36.791666666666664,0.00040945276791380745,0.00046281142220397554,0.00038692939202344566,0.0005210682116992334
36.833333333333336,0.0003881564160696631,0.00044053148629436933,0.0003694789999294228,0.0004993736002975715
36.875,0.000363514601623451,0.0004136980582241518,0.00034980079177624206,0.00046997200978188806
36.916666666666664,0.0003374380497413663,0.00038917157450751616,0.00032923427846713805,0.00044400251105537915
36.958333333333336,0.0003116528088706364,0.0003558769504611986,0.00030684013954536274,0.00041523450248375556
37.0,0.00028786100796163687,0.00033095854340264744,0.00028672841533028393,0.000393398353055224
37.041666666666664,0.0002677913955300613,0.00030887186337865037,0.0002659587174167015,0.0003889301925594784
37.083333333333336,0.00025279944919866286,0.0002996494717223215,0.0002468622583629237,0.00037159727574482507
37.125,0.0002439165111077401,0.0002928543138448433,0.0002318356099594295,0.00036611189599646286
37.166666666666664,0.0002418021065514502,0.00029114560797623796,0.0002302418710472775,0.0003638379091134558
37.208333333333336,0.00024658280329121286,0.0002926110166089135,0.00023446061395267497,0.0003664523958287775
37.25,0.0002579023428995154,0.0003077083281198374,0.00024662332610930716,0.0003768793669077855
37.291666666666664,0.00027471938172474235,0.00031945430249230805,0.00026653352146936,0.0004028626388076097
37.333333333333336,0.0002955262810373516,0.00033396346404092466,0.00027741761165396567,0.0004230799239505596
37.375,0.00031905707077495694,0.0003644573066869099,0.0003001792347130476,0.0004370428070277992
37.416666666666664,0.0003438586180543418,0.0003966767989045417,0.00032320590576922174,0.0004613256029867731
37.458333333333336,0.0003682216350983982,0.00041751138685137463,0.0003413625571283969,0.0004918156071890385
37.5,0.00039050962129788937,0.0004251569426209005,0.00035918616801863416,0.000512789848997293
37.541666666666664,0.0004093563916363257,0.0004411480360946358,0.00038219324532873955,0.000529613734290043
37.583333333333336,0.0004234761353200582,0.00045241561913210925,0.0003887931659053895,0.0005352113013999695
37.625,0.0004320283493177984,0.00045576155196515246,0.00041033822485933563,0.0005412309071540447
37.666666666666664,0.0004344233224611497,0.0004528948087705872,0.00041471509589630285,0.0005430932329159465
37.708333333333336,0.0004304807315794089,0.0004572182264511665,0.0004216075164743917,0.0005420810113262719
37.75,0.00042041139201900036,0.0004618732418973745,0.00040158751165065415,0.0005327536195795335
37.791666666666664,0.0004044741328297751,0.0004568767224854923,0.00038279992240110007,0.000517162524861548
37.833333333333336,0.0003834095666390525,0.0004346170548851727,0.000365581315960499,0.0004965552157352899
37.875,0.00035905035022652863,0.0004089200686370108,0.00034618570584100646,0.0004670670208296234
37.916666666666664,0.00033329713648472357,0.00038485908309636603,0.0003246726234242588,0.0004414208602433941
37.958333333333336,0.00030781593609025053,0.0003516101706006106,0.0003030889827947065,0.0004129568921480273
38.0,0.000284343409858478,0.000327405917036936,0.00028275161055684453,0.00039139225174590294
38.041666666666664,0.0002645636850946175,0.00030483782362663474,0.0002620800981300197,0.0003871431809058243
38.083333333333336,0.00024978044730691705,0.00029554245975109894,0.000243350293510335,0.0003696076461146459
38.125,0.0002410711287090462,0.0002888342785548645,0.0002284972645998927,0.00036429588585933553
38.166666666666664,0.00023905165360503687,0.0002868680307635921,0.00022699845514002128,0.0003621237426655099
38.208333333333336,0.00024384168109172876,0.0002883244970114485,0.00023122652879234797,0.00036474756012776075
38.25,0.0002551001194797391,0.0003020361631860292,0.00024336189601925038,0.00037511342998647665
38.291666666666664,0.000271787983846627,0.00031454347150561854,0.00026314291692096413,0.0004009675274279618
38.333333333333336,0.00029243059225100214,0.00032925810451905674,0.000276348037332394,0.00042108440543782487
38.375,0.0003157289944510292,0.00035882760484431036,0.00029639195171883933,0.0004339593843555042
38.416666666666664,0.0003403290895515883,0.00039091542286134423,0.00031921717059618773,0.00045843225118558713
38.458333333333336,0.0003644328861836606,0.00041016789305795513,0.0003371146015433788,0.0004875900867295215
38.5,0.00038652871193227173,0.0004170924817856066,0.0003553236355608209,0.0005079767134385833
38.541666666666664,0.0004051556546056835,0.00043263114259720764,0.00037924915834215765,0.0005245807710663088
38.583333333333336,0.0004191280372132019,0.0004435366939776379,0.00038094266340600607,0.0005300309771000211
38.625,0.0004275636176897489,0.0004469044603983926,0.0004058984352291415,0.0005359339493329031
38.666666666666664,0.0004298944695721823,0.00044496731722815813,0.0004093380830918696,0.0005377321538338871
38.708333333333336,0.00042596549372993204,0.000448197030160237,0.0004164579420880359,0.000536733547283703
38.75,0.00041595785446922,0.0004550470077624364,0.00039783458803940966,0.0005274678558366611
38.791666666666664,0.0004001632693242347,0.00044800077557248204,0.0003762327316881144,0.0005120194351629155
38.833333333333336,0.0003792965776441251,0.00042789266103902503,0.00036369062625598534,0.0004916100005472704
38.875,0.00035518001946589105,0.0004027954414980072,0.00034457824800229986,0.0004623421432496302
38.916666666666664,0.0003297144087227238,0.00037835528956188297,0.0003236938555166289,0.0004371797101142506
38.958333333333336,0.0003044964905182203,0.0003458159104004108,0.0003023924129031665,0.0004089790242088534
39.0,0.0002813119239338858,0.00032290503982464414,0.00028235334635146205,0.0003884198512689564
39.041666666666664,0.0002617700614151694,0.0003019488285481054,0.00026191969616978127,0.00038424455590021627
39.083333333333336,0.00024717894120354004,0.00029262903014927715,0.000243330350207922,0.000367312465205332
39.125,0.00023862373237332923,0.0002863980752395895,0.00022863143106513977,0.00034749781462570754
39.166666666666664,0.00023667640865605128,0.0002842920023883913,0.00022720477299199973,0.00034539782281861327
39.208333333333336,0.00024148146828063453,0.0002857253589887527,0.0002321321315620698,0.0003480366724187555
39.25,0.0002526900437458452,0.00029869066298296177,0.0002442176358661725,0.00035786477675256125
39.291666666666664,0.00026926949453701056,0.0003120251738545074,0.00026389024319216375,0.0003834686803415708
39.333333333333336,0.0002897515858379226,0.00032610433567665186,0.0002770623640843952,0.0004040488912441447
39.375,0.0003128872974344016,0.00035607788211290805,0.00029696146165042047,0.0004162632791590613
39.416666666666664,0.0003372940297316115,0.0003871308528154277,0.00031956405585957987,0.00044117796318212727
39.458333333333336,0.0003611906289459058,0.00040538576932734756,0.0003390461008492962,0.0004703113273008069
39.5,0.00038310480358523866,0.0004124631141114737,0.00035541616731280245,0.0004892951326480737
39.541666666666664,0.0004015623570918506,0.0004280055572775178,0.00037884477071976484,0.0005073464260098287
39.583333333333336,0.00041540075212527863,0.0004386094804546687,0.00037159274709613416,0.0005124214534177818
39.625,0.0004237523802992055,0.0004419570371732969,0.0004027197917002044,0.0005186098839114407
39.666666666666664,0.00042604407406903984,0.0004402979512860051,0.0004061202814503336,0.0005210632318405193
39.708333333333336,0.0004221235863511591,0.0004430835056449504,0.00041324862857086936,0.0005200731134147048
39.75,0.00041217542208593524,0.0004500371085868107,0.0003946847495177313,0.0005110086772399041
39.791666666666664,0.00039649985845367395,0.00044274702420866666,0.00036601533451121964,0.0004956792780788825
39.833333333333336,0.0003758082477737671,0.0004224650520249605,0.00036083489024723377,0.00047483115675532654
39.875,0.0003519219216189099,0.00039780400423011526,0.00034195274401692513,0.0004473504533560067
39.916666666666664,0.0003266541448265981,0.00037449635483287677,0.0003212661854821096,0.0004220474676526528
39.958333333333336,0.00030172251686313496,0.0003428493997130329,0.00029997166466743633,0.00039467943964955216
40.0,0.0002787444858251486,0.000320722758831082,0.00028041850210433125,0.00037365706009203373
40.041666666666664,0.0002593974999972185,0.0003002910039755937,0.0002604545926593285,0.0003676004379277548
40.083333333333336,0.0002450066846121534,0.0002914936886828107,0.00024732219311937185,0.0003508686520594349
40.125,0.0002365579300538441,0.0002852962996427529,0.0002271982226072611,0.0003458174558436861
40.166666666666664,0.00023468169254645512,0.0002835319369050727,0.00022584265074400997,0.00034378855024648074
40.208333333333336,0.00023950571491165138,0.0002847133557259218,0.00022928050992679572,0.00034644636258723604
40.25,0.0002506615979724724,0.00029717348764897624,0.0002421891900927997,0.0003562217745166521
40.291666666666664,0.00026714770191431814,0.0003102690121264815,0.00026176845056947133,0.00038173233125634204
40.333333333333336,0.0002875171486972472,0.00032422807551238847,0.0002748279269437198,0.00040229871109647905
40.375,0.00031050024430072257,0.0003541454633325235,0.0002945744085167414,0.00041436169032576484
40.416666666666664,0.00033476142963939984,0.00038542556213682955,0.0003170314557673682,0.0004391308273902981
40.458333333333336,0.000358487469321956,0.0004029966147471352,0.00033634294122534647,0.0004680936319772397
40.5,0.000380262747875036,0.0004105600524887378,0.0003525741116025998,0.0004869385412382535
40.541666666666664,0.00039857017841263,0.0004254221348611459,0.0003758525920405442,0.0005048397116309907
40.583333333333336,0.00041232278493828235,0.00043571401071364386,0.0003685147799091379,0.0005098289505311681
40.625,0.00042058634237501986,0.00043870140597078856,0.0003995537537760188,0.0005068566900033507
40.666666666666664,0.0004228587280161274,0.0004377340224042207,0.0004029349353974211,0.000508663003436702
40.708333333333336,0.00041893774073596115,0.0004392225378375747,0.0004100627829556714,0.000507672385448602
40.75,0.00040904414220857126,0.00044521639331163534,0.00039155346964036734,0.0005010030233630069
40.791666666666664,0.00039346558829051587,0.00043892613203673004,0.00036298106434806156,0.00048577063391619114
40.833333333333336,0.0003729359740561944,0.0004188697237815259,0.00035796261652966106,0.00046505964570702765
40.875,0.00034923062934888476,0.0003945157424561293,0.00034007442906274014,0.00043643060044728593
40.916666666666664,0.00032417621208733627,0.00037239152037618216,0.0003187882527428478,0.00041148323634131325
40.958333333333336,0.00029941181067326823,0.0003421933050674859,0.0002976609584775696,0.00038428243488760765
41.0,0.0002766515295004234,0.00031987644089320267,0.0002783255457796061,0.0003624328687479832
41.041666666666664,0.0002574852233423899,0.00029968396898795327,0.00025854231600449986,0.00035738728068796384
41.083333333333336,0.0002432091729730084,0.00029103568938499753,0.00024552468148022685,0.00034077025983532747
41.125,0.00023488194958534933,0.00028503088252119217,0.0002255222421387663,0.000335719038018289
41.166666666666664,0.00023306253134014248,0.00028337976704823146,0.00022422348953769734,0.0003338685084552058
41.208333333333336,0.00023789348009440673,0.0002843108573003147,0.00022766827510955107,0.0003365332471850291
41.25,0.0002490243095598128,0.00029637117533080806,0.00024055190168014015,0.00034628360551903017
41.291666666666664,0.0002654393103371913,0.0003099047963948159,0.0002600600589923445,0.00036938255074288117
41.333333333333336,0.00028571008124447914,0.00032266874129196045,0.00027302085949095173,0.00039008590815900723
41.375,0.0003085992114234361,0.0003529797712543018,0.0002944547683057524,0.0004016586504911565
41.416666666666664,0.000332706218832218,0.0003838605108410038,0.00031675763762648387,0.0004272104806649423
41.458333333333336,0.00035633689867006193,0.0004013070758026331,0.0003366553382609093,0.0004612400643148533
41.5,0.0003779561114749351,0.0004090865959715474,0.000353677289504677,0.0004747667689199786
41.541666666666664,0.0003961996951260301,0.00042231649973112134,0.00037563268463336317,0.0004981662946989639
41.583333333333336,0.0004098427715492448,0.0004337528536423448,0.0003682156875964026,0.000498242398316448
41.625,0.00041807628845656427,0.0004373601717994943,0.0003991787382691775,0.0005047051698123213
41.666666666666664,0.00042031858610349715,0.00043608866717862864,0.00040284222370444325,0.0005064813952514981
41.708333333333336,0.00041642565430055807,0.00043751992408111565,0.0004099981267399207,0.0005055188327406251
41.75,0.0004065726379510071,0.00044400332719181254,0.0003915293956024555,0.0004988900528328689
41.791666666666664,0.0003910844778591635,0.00043587502298844856,0.0003630629216041661,0.0004837480572122651
41.833333333333336,0.000370677105440447,0.0004151237431166909,0.00035816671560137057,0.0004635593741837719
41.875,0.0003471198598793659,0.0003905147516209559,0.0003404266272806782,0.00043449845835783846
41.916666666666664,0.00032222507116632217,0.00036906246701497327,0.0003197414259260263,0.0004097107228003705
41.958333333333336,0.0002976247983413684,0.0003407346344148268,0.00029835774381906885,0.00038267404993577915
42.0,0.00027501706494021376,0.0003182375898100845,0.0002791748788927955,0.0003609770315678448
42.041666666666664,0.00025599113243736864,0.00029817774336256427,0.00025953202277287775,0.0003560718171630139
42.083333333333336,0.00024182860838647702,0.00028947531495376834,0.0002466279145670946,0.0003395683226288674
42.125,0.00023358324095527802,0.00028293035975849885,0.00022727613402359018,0.00033459895676828897
42.166666666666664,0.00023181369433105902,0.00028128416035368245,0.00022545845020201298,0.0003327982988261936
42.208333333333336,0.0002366562551080312,0.00028207918650431885,0.00022891484779657468,0.00033547464957872484
42.25,0.0002477662610969915,0.0002933075824065739,0.00024177765089071794,0.0003452041844362801
42.291666666666664,0.00026413180560064253,0.00030657977208791787,0.00026123635192919486,0.0003682536733864037
42.333333333333336,0.0002843362783683038,0.0003204789986988062,0.00027455137071896897,0.0003888907326629032
42.375,0.0003071267840673528,0.0003504731346179367,0.0002936639159708285,0.00040036485051514443
42.416666666666664,0.0003311754217491305,0.00038302881526433753,0.00031590841556455575,0.000426038217309281
42.458333333333336,0.0003546832174782303,0.00039975442467516005,0.00033490560027931636,0.00045994491685044794
42.5,0.000376261220283592,0.0004074267022448471,0.0003519823983133339,0.0004734304114560617
42.541666666666664,0.0003943917619124266,0.0004205320316556006,0.00036986993882791183,0.0004967168952127866
42.583333333333336,0.00040801667986046364,0.00043186515082685553,0.0003626160437332903,0.0004964163066276669
42.625,0.00041619445907784203,0.0004350075188751353,0.00039352335671612415,0.0005028233404335991
42.666666666666664,0.00041844340751623474,0.0004342876479694944,0.0003972722783504525,0.0005046062166642356
42.708333333333336,0.0004145517796399217,0.0004357337042018007,0.0003979981495283667,0.0005036449580799887
42.75,0.00040475101348925037,0.0004418186625088267,0.00038524045211944075,0.0004970684283711122
42.791666666666664,0.00038934180544986693,0.0004331506871842446,0.0003568529301736115,0.0004820053848029685
42.833333333333336,0.0003690497507664611,0.000412469774367385,0.00035213560256156233,0.00046193201950978595
42.875,0.0003455663090825839,0.0003872096817119101,0.00033446931811807393,0.0004329449075610564
42.916666666666664,0.000320821444011225,0.000367050111267707,0.0003139340404051068,0.0004083070956452733
42.958333333333336,0.00029632512031628526,0.00033935755197814297,0.000292666852580109,0.000381374371910696
43.0,0.00027385404524730414,0.00031670765042177704,0.0002736206459860092,0.0003598140118749352
43.041666666666664,0.0002549077463185344,0.000296657329647634,0.00025405742344016674,0.00035498843104417966
43.083333333333336,0.0002408542702637956,0.00028797628769369386,0.00024126236323053648,0.00033844560474068677
43.125,0.00023265898554675524,0.00028197550742141045,0.00022196066540119069,0.000333526321594267
43.166666666666664,0.00023094296158536874,0.0002805678615419375,0.000220196504242446,0.00033177918631500415
43.208333333333336,0.00023578857233872412,0.00028097120953056204,0.00022365595181339087,0.00033385931194800783
43.25,0.00024688752597658005,0.00029168188720384545,0.0002365077025564298,0.00034354219106623945
43.291666666666664,0.00026322968930455584,0.0003052799670806714,0.00025594302241923147,0.00036656829884068777
43.333333333333336,0.00028338435314485886,0.00031940605168687965,0.00026771543073080743,0.000387155549189829
43.375,0.00030613484354858396,0.0003496603016019608,0.0002882807622381829,0.0003986064820410598
43.416666666666664,0.0003301107369504252,0.0003818612392293051,0.0003104399724000282,0.0004242071045552599
43.458333333333336,0.00035358700298735005,0.00039850186443302576,0.0003294056274226138,0.0004580822744042518
43.5,0.00037508730884769,0.00040620797130314236,0.0003464047285116096,0.00047180321717215794
43.541666666666664,0.0003932098553731205,0.00041920952543718387,0.0003686880322886057,0.0004950817058254787
43.583333333333336,0.0004067781670937387,0.00043047658679831036,0.00036137753096656533,0.0004947245110129402
43.625,0.0004149663318143995,0.0004336227889075511,0.0003922952294526816,0.0005011419303221547
43.666666666666664,0.0004172034141897653,0.00043288065931780957,0.0003960322850239831,0.0005029129404897644
43.708333333333336,0.00041334926016092484,0.0004342675765015073,0.0003967956300493698,0.000501676010645676
43.75,0.00040357758397120854,0.0004406631230528445,0.0003840670226013989,0.0004951285708977546
43.791666666666664,0.00038822767712689036,0.00043155762472787376,0.0003557388018506349,0.00048012482852467607
43.833333333333336,0.0003680003548626305,0.0004100033388449271,0.00035108620665773175,0.00046011619565063957
43.875,0.00034460312010377563,0.00038555478609624233,0.00033445297575398683,0.0004312152906269324
43.916666666666664,0.0003199429003260396,0.0003657636552520436,0.00031305549671992145,0.0004066621240047721
43.958333333333336,0.00029552833924536106,0.00033792663332585455,0.0002918700715091848,0.000379811162884456
44.0,0.00027313993116337946,0.0003153915935475471,0.0002732000756510539,0.0003583334698356948
44.041666666666664,0.00025426094808435275,0.00029568969434818476,0.0002534106252059851,0.0003535583745603688
44.083333333333336,0.00024026677099225004,0.00028705592368158384,0.0002406748639589909,0.00033722322698501124
44.125,0.00023211630646514537,0.00028086494364881596,0.00022141798631958082,0.00033234876402852713
44.166666666666664,0.00023042745424443892,0.00027970964539413766,0.00021968099690151618,0.00033062880048994426
44.208333333333336,0.00023528823666676236,0.00028035157498492255,0.0002231556161414291,0.00033332337288782674
44.25,0.0002463866151872628,0.0002908590705915899,0.00023630033551608198,0.00034304128027692226
44.291666666666664,0.0002627109342484634,0.00030444597975819344,0.00025542426736313903,0.00036604954378459533
44.333333333333336,0.0002828570549994003,0.0003187623159880917,0.00026718813258534886,0.00038662825104437043
44.375,0.00030558967581992416,0.0003487370673413938,0.0002877355945095231,0.00039806131431240006
44.416666666666664,0.000329556332468093,0.00038070259487158387,0.000309885567917696,0.0004236527000729277
44.458333333333336,0.0003529904794569567,0.0003971819547501073,0.00032880910389222046,0.00045748575087385847
44.5,0.0003745091349893954,0.0004055257211840834,0.0003476183661136184,0.0004712250433138633
44.541666666666664,0.0003925903720592213,0.0004184478904252078,0.0003680685489747065,0.0004949529500803215
44.583333333333336,0.00040618579560664235,0.0004296433824839442,0.000360785159479469,0.0004941321395258438
44.625,0.0004143605883462074,0.00043314969705989225,0.0003916447119790496,0.0005005361868539626
44.666666666666664,0.0004166282282087132,0.00043243370940517997,0.00039545709904293097,0.0005023377545087123
44.708333333333336,0.00041278270218172243,0.00043394048370059353,0.0003962290720701674,0.0005011094526664737
44.75,0.0004030520943888049,0.00044001473376473286,0.0003834967590135554,0.000494603081315351
44.791666666666664,0.0003877405255708621,0.00043115941125880004,0.00035525165029460663,0.0004801284045373899
44.833333333333336,0.0003675634678482381,0.0004096289884790068,0.00035064931964333933,0.00045967930863624715
44.875,0.00034421315853690914,0.00038524965031107983,0.00033406301418712034,0.00043082532906006584
44.916666666666664,0.0003195935403693844,0.00036544834689013244,0.00031270613676326624,0.00040631276404811686
44.958333333333336,0.00029522423864752635,0.00033833238359849086,0.0002915659709113501,0.0003795070622866213
45.0,0.00027288357603791477,0.00031517159445237637,0.0002729437205255892,0.00035807711471023
45.041666666666664,0.0002540358485318806,0.0002956069027166576,0.00025318552565351297,0.00035333327500789666
45.083333333333336,0.00024007409811730752,0.0002870828744455803,0.0002404821910840484,0.0003369089973381287
45.125,0.00023194843228950063,0.00028067419141978114,0.00022125011214393605,0.00033218088985288236
45.166666666666664,0.000230271944474226,0.00027953125757053463,0.00021952548713130327,0.00033035173394779137
45.208333333333336,0.00023516034857899688,0.00028022368689715706,0.00022302772805366363,0.00033319548480006126
45.25,0.0002462622805291864,0.00029087337524402127,0.00023617600085800556,0.00034291694561884584
45.291666666666664,0.0002626073908233546,0.00030453897345605283,0.00025532072393803025,0.00036594600035948655
45.333333333333336,0.00028275732438279495,0.00031860582324482974,0.0002670884019687435,0.0003865285204277651
45.375,0.0003054974749120779,0.00034875780840377247,0.00028764339360167683,0.0003979691134045538
45.416666666666664,0.0003294814683353383,0.0003808964236112562,0.0003098107037849413,0.00042334933132526475
45.458333333333336,0.0003529350762639041,0.00039696265655178196,0.0003287537006991679,0.00045700318981913506
45.5,0.00037446950174559076,0.0004059196627406724,0.00034757873286981374,0.00047118541007005863
45.541666666666664,0.00039257751501578617,0.0004180314127555138,0.0003680556919312714,0.0004945129351752155
45.583333333333336,0.0004061984147913897,0.00042965600166869155,0.0003607977786642163,0.0004941447587105912
45.625,0.000414398424983002,0.00043318753369668686,0.0003916825486158442,0.0005005740234907572
45.666666666666664,0.0004166915747318058,0.00043256097672642534,0.00039552044556602354,0.0005024011010318049
45.708333333333336,0.0004128701495334145,0.00043429941173573207,0.00039631651942185944,0.0005011969000181658
45.75,0.0004031718667896259,0.0004409328180057552,0.00038361653141437635,0.0004947228537161719
45.791666666666664,0.00038786566058147856,0.00043117191809588626,0.0003553767853052231,0.00048025353954800635
45.833333333333336,0.000367692089576023,0.00040975761020679174,0.00035077794137112426,0.00045957942574912383
45.875,0.00034439407194482665,0.0003855195813959248,0.00033424392759503785,0.0004310062424679834
45.916666666666664,0.00031977492789324503,0.0003655263974598594,0.0003127914674973656,0.00040649415157197755
45.958333333333336,0.00029542097078835645,0.00033852911573932097,0.0002917627030521802,0.0003797037944274514
46.0,0.0002730712259387301,0.00031514315849680524,0.00027313137042640453,0.0003582647646110454
46.041666666666664,0.00025424675072119595,0.000295781448875679,0.0002533964278428283,0.000353544177197212
46.083333333333336,0.00024026838337186352,0.0002873805065694994,0.0002406764763386044,0.0003371032825926847
46.125,0.0002321624111531979,0.0002808518142531844,0.00022146409100763333,0.0003323948687165796
46.166666666666664,0.00023048508150779254,0.00027978375735721213,0.00021973862416486978,0.00033056487098135793
46.208333333333336,0.00023538753564704326,0.0002803184918244398,0.00022325491512171,0.00033342267186810764
46.25,0.00024651684776919334,0.00029109775848426014,0.00023643056809801252,0.00034317151285885274
46.291666666666664,0.0002628807796915245,0.00030451424479208583,0.00025559411280620014,0.00036621938922765644
46.333333333333336,0.00028307963069399095,0.0003185580599766244,0.0002674107082799395,0.0003868508267389611
46.375,0.0003058668407060025,0.0003490787206122386,0.00028801275939560145,0.0003983384791984784
46.416666666666664,0.00032989548131391475,0.00038160701160274243,0.00031022471676351774,0.0004237633443038412
46.458333333333336,0.000353405041289511,0.0003981130946909567,0.00032922366572477475,0.0004579003127064128
46.5,0.000374993278760036,0.0004066630988598033,0.000348102509884259,0.00047170918708450393
46.541666666666664,0.0003931561506724636,0.0004194442336184371,0.0003686343275879488,0.0004955187286935638
46.583333333333336,0.0004068255866267705,0.00043032961671272117,0.00036140505353293554,0.000494771930545972
46.625,0.00041507482240971306,0.00043398829343479974,0.00039235894604255526,0.0005012504209174683
46.666666666666664,0.00041740698203156397,0.0004335124382359154,0.0003962159558991201,0.0005031165083315631
46.708333333333336,0.0004136183152377201,0.00043547218043369946,0.00039706468512616503,0.0005019450657224714
46.75,0.0004039327124137737,0.000441657729835554,0.0003843773770385242,0.0004954836993403197
46.791666666666664,0.0003886380925827763,0.0004323078149968339,0.0003540409216329302,0.00048106157493752345
46.833333333333336,0.00036845369302909166,0.00041118333013901836,0.0003515395448241929,0.0004609759076863225
46.875,0.0003451302193234438,0.00038665458249909134,0.000334980074973655,0.0004323772683307306
46.916666666666664,0.00032049211370216034,0.0003666184829142999,0.0003135086533062809,0.0004078293855707095
46.958333333333336,0.0002961096751361575,0.000339661504079013,0.00029245140739998126,0.00038115892673056825
47.0,0.00027371216952524796,0.0003163860448736284,0.0002737723140129224,0.00035967213615287907
47.041666666666664,0.00025487550837614365,0.00029695762792238145,0.000254025185497776,0.0003550889350183789
47.083333333333336,0.00024086455242722484,0.00028823573513371895,0.0002412726453939657,0.00033848270989767523
47.125,0.0002327410993781113,0.00028174404466202934,0.00022204277923254675,0.0003337568151911223
47.166666666666664,0.00023107487926273985,0.0002806919774276232,0.0002203284219198171,0.00033193792698593444
47.208333333333336,0.0002359868436199203,0.00028121450487539405,0.00022385422309458702,0.0003349379800072039
47.25,0.0002471494253079305,0.00029241942909836506,0.00023706314563674965,0.00034458734864721915
47.291666666666664,0.00026356655737827213,0.00030633112457413445,0.00025627989049294776,0.0003676884251640333
47.333333333333336,0.0002838247405034104,0.00031960782758809914,0.00026815581808935896,0.0003883791947980098
47.375,0.0003066963952843737,0.0003498838478123289,0.00028884231397397267,0.00039993446173216537
47.416666666666664,0.00033079227613682245,0.00038238314989353885,0.00031112151158642544,0.00042542656708206475
47.458333333333336,0.0003544094012155101,0.0003989859321430014,0.0003302280256507739,0.00045967110058772775
47.5,0.00037606442145030744,0.0004077655843493356,0.0003534093197245708,0.0004732336126227771
47.541666666666664,0.0003943338034193467,0.0004206544609529648,0.000374294524108257,0.0004971496642884487
47.583333333333336,0.0004080621703591191,0.00043161428578063053,0.0003701077266721024,0.0004964617971263224
47.625,0.0004163888505624729,0.0004353370276624435,0.00039744652636964625,0.0005030177319182299
47.666666666666664,0.0004187576834957657,0.00043504095146380584,0.0004068887919510344,0.0005049204926437667
47.708333333333336,0.0004150106245701925,0.0004373872110406347,0.00040292431347989556,0.0005041038030102595
47.75,0.0004053295445494022,0.00044371932942782283,0.0003902415281954108,0.0004976469594312641
47.791666666666664,0.00039003138020964116,0.00043388647638895625,0.0003599015282810531,0.0004831856871314848
47.833333333333336,0.000369818529081461,0.0004127961850996395,0.0003573081392423846,0.0004624722932098776
47.875,0.0003464428992613744,0.00038854542167926894,0.00034069651327740786,0.00043382149773984693
47.916666666666664,0.00032174192432490303,0.00036830401323688036,0.0003191622222948459,0.00040922757595895134
47.958333333333336,0.00029728079603337477,0.0003418171957178128,0.0002980137415110752,0.0003823300476277855
48.0,0.0002748321277270233,0.00031831406874328384,0.0002792834854285745,0.00036079209435465443
48.041666666666664,0.00025591024428153406,0.0002987643126450347,0.00025945113461704316,0.00035612367092376925
48.083333333333336,0.00024185675723388468,0.0002899766032484566,0.00024665606341450226,0.0003394749147043351
48.125,0.00023370505194593736,0.00028348010581422854,0.00022739794501424953,0.0003347207677589483
48.166666666666664,0.0002320178066445972,0.00028238529495790626,0.00022566256251555118,0.00033288085436779176
48.208333333333336,0.00023695411543062496,0.000283270027124759,0.0002292127081191684,0.00033590525181790854
48.25,0.00024816138609512007,0.00029405209514632755,0.0002463058668849862,0.00034559930943440874
48.291666666666664,0.0002646458656259232,0.00030853735476145936,0.0002617504119544755,0.00036876773341168434
48.333333333333336,0.00028499756938753587,0.00032100962575995403,0.000274157185706537,0.0003898582356708925
48.375,0.0003079772468385644,0.0003511709737168015,0.0002945143787420401,0.0004012153132863561
48.416666666666664,0.0003321868812351244,0.00038405474902845313,0.0003169198750505497,0.0004268211721803667
48.458333333333336,0.000355930327941259,0.000400760181624938,0.00033615271074234507,0.0004608334935860504
48.5,0.0003777078408546525,0.00041015650814039126,0.0003532609276686125,0.0004745184982996959
48.541666666666664,0.0003960949974574135,0.00042267157188836664,0.0003760557181463238,0.0004985523245990892
48.583333333333336,0.00040992870524248507,0.0004337441190318398,0.00039218727588314386,0.0004979697982822621
48.625,0.0004183388728111818,0.00043663425845049693,0.00039902736540523383,0.0005046092204395126
48.666666666666664,0.0004207678021672349,0.00043655294856585953,0.00040996176960138216,0.0005065720775878095
48.708333333333336,0.00041705744317541653,0.00043848393646348356,0.00040252370186546723,0.0005057920878880573
48.75,0.0004073798284845936,0.00044564595929062956,0.00038984438191094984,0.0004993387096390292
48.791666666666664,0.00039205616835757403,0.00043785909822681055,0.0003765316635848132,0.0004848519415519914
48.833333333333336,0.00037178547541020227,0.00041651518747605145,0.00035681211788366894,0.0004642606121585476
48.875,0.0003483195188638463,0.0003935643291628134,0.000339942073976641,0.00043551948996224747
48.916666666666664,0.00032353708239646274,0.0003716011186169591,0.00031805306626221295,0.0004108441066504397
48.958333333333336,0.00029894434510056254,0.0003436132789692928,0.0002971934929048639,0.00038381496931490195
49.0,0.00027640901813164693,0.00032006155112489654,0.000278376578159799,0.0003621903573792067
49.041666666666664,0.0002573709182180993,0.0003001316506182609,0.0002584280108802093,0.00035740571748026323
49.083333333333336,0.00024325046933147576,0.0002913569923258611,0.00024556597783869424,0.0003406899994218548
49.125,0.00023504359927196397,0.0002845291936234276,0.000226252694666877,0.0003358806877049036
49.166666666666664,0.00023333497036337776,0.00028354998550905524,0.00022449592856093258,0.000334019390706501
49.208333333333336,0.00023829131534509385,0.000284482487837884,0.00022806611036023817,0.00033706382435230617
49.25,0.0002495546519359632,0.0002962333391138339,0.0002452153350524302,0.00034835750795653516
49.291666666666664,0.00026612849740088163,0.00031147833119755627,0.0002607492460560348,0.00037007173780657145
49.333333333333336,0.0002865973409129498,0.00032342087551526135,0.0002725976899060509,0.0003912793798162352
49.375,0.00030970688623710836,0.0003534868365133458,0.0002937810504531272,0.00040276632530482874
49.416666666666664,0.0003340879597505562,0.00038508262379142766,0.00031635798587852456,0.0004384087592339013
49.458333333333336,0.00035797172381127926,0.00040237775743395094,0.00033573113892490844,0.0004727400253742447
49.5,0.000379930077398656,0.00041207457770850225,0.0003530201965251591,0.00048660587076187356
49.541666666666664,0.0003984423896662468,0.00042433604359163544,0.0003762525344757383,0.0005103647893610313
49.583333333333336,0.0004124239889799961,0.0004360013797903182,0.0003943553525441205,0.0005099301545728819
49.625,0.00042092555477729127,0.0004395859068467861,0.0003998282952061887,0.0005159414579019586
49.666666666666664,0.0004234436849879826,0.0004393927624736304,0.00041263765242212987,0.0005183205806928444
49.708333333333336,0.0004197584245474556,0.00044164119827492436,0.0004052246832375063,0.0005175656895443835
49.75,0.0004100948082037527,0.0004496024884910576,0.0003925593616301089,0.0005084587365031531
49.791666666666664,0.00039471873372156046,0.0004409527964515533,0.0003791942289487996,0.0004942466188488933
49.833333333333336,0.00037436156455761336,0.00041990319915465014,0.00035938820703108003,0.0004731936132050017
49.875,0.0003507939702388321,0.00039664723982838504,0.0003424165253516268,0.00044608023990931107
49.916666666666664,0.0003258391722017942,0.0003733689373271108,0.00031998420631937347,0.00042123249502784896
49.958333333333336,0.00030114080049503206,0.0003449305835253384,0.00029938994829933343,0.00039409772328144926
50.0,0.00027841977561530437,0.0003210055028394364,0.00028038733564345644,0.00037228741343494194
50.041666666666664,0.00025928232034060046,0.0003006982072533857,0.00026033941300271043,0.00036761800018772674
50.083333333333336,0.0002450364153367804,0.0002917917377044811,0.00024735192384399884,0.00035077682601212184
50.125,0.00023675910790088876,0.0002848630241359351,0.00023180775054297206,0.00034606940214859585
50.166666666666664,0.00023502773453358127,0.00028399597918064563,0.00022618869273113612,0.00034422670115856566
50.208333333333336,0.00023999798237613927,0.00028520700002236356,0.0002297727773912836,0.00034728503766521266
50.25,0.0002513345066426999,0.0002975866845218502,0.0002469951897591669,0.00035865190894513295
50.291666666666664,0.00026802165494495733,0.0003138279193900792,0.0002626424036001105,0.00038281994998388
50.333333333333336,0.0002886270784099333,0.00032515362811873965,0.00027462742740303435,0.0004032125220713261
50.375,0.000311911814947026,0.0003554758254221457,0.00029598597916304483,0.0004152877966716857
50.416666666666664,0.0003364583753247493,0.00038679313252847135,0.00031872840145271764,0.0004402937105077118
50.458333333333336,0.000360575411129974,0.00040514614541677915,0.0003383348262436032,0.0004748582483925569
50.5,0.0003826814995244591,0.00041477774774441724,0.00035577161865096217,0.000488871828587294
50.541666666666664,0.0004014166341767263,0.00042796708190264896,0.00037930101545881535,0.0005128535695711282
50.583333333333336,0.00041551965602338583,0.0004387251173563277,0.000398455001571445,0.000512540357315889
50.625,0.0004241695334978252,0.0004422972485689524,0.00040986724034437825,0.0005186999723221098
50.666666666666664,0.00042675823357787173,0.0004417803256078513,0.000415952201012019,0.0005211496649823508
50.708333333333336,0.0004231296568985947,0.00044559413906226605,0.0004085959155886454,0.0005204514575951401
50.75,0.0004134566360743928,0.0004557189489960554,0.0003969566679521584,0.0005113351000734106
50.791666666666664,0.00039803256527819436,0.0004465280958012304,0.0003849577076548612,0.0004970749861051446
50.833333333333336,0.0003775576456560188,0.0004246408702171251,0.00036202593074047664,0.00047651799771113813
50.875,0.0003538088150359426,0.000401048005474599,0.0003443295873677286,0.00044922338811415253
50.916666666666664,0.0003287307556565798,0.0003768802838512879,0.0003222431959125527,0.0004368073341529304
50.958333333333336,0.00030379898308829256,0.0003480547259021379,0.0003014155370309875,0.0004089512589428952
51.0,0.000280937483177468,0.00032288439136383165,0.0002822724493440137,0.000387000474065291
51.041666666666664,0.00026160075604858394,0.0003023362539732421,0.0002620252548490875,0.0003836196928896992
51.083333333333336,0.0002472352963157604,0.00029261574297519995,0.0002489182109613725,0.00036665896398509077
51.125,0.0002388643411688747,0.000284958594334106,0.0002332803899493516,0.0003615307464318177
51.166666666666664,0.00023708861347705878,0.0002844865641456037,0.00022761697781300725,0.0003596436911172791
51.208333333333336,0.00024208405548745713,0.00028537130239413775,0.0002312262566409951,0.0003627272217917664
51.25,0.0002534863239757333,0.0002970242689529695,0.000248514413230594,0.00037464773989551284
51.291666666666664,0.0002703029962849862,0.00031466122540665584,0.000264291151078533,0.0003990870852180083
51.333333333333336,0.0002910917095105152,0.0003272658090636855,0.0002764594646420099,0.000415848831080726
51.375,0.00031456407221258913,0.0003579117899620234,0.00029709510723086355,0.0004323324322950582
51.416666666666664,0.0003393609776835179,0.00039024669779930295,0.00032023390538034953,0.0004566124571073163
51.458333333333336,0.00036367013769119874,0.00040851285179597537,0.00034003245437369116,0.00048643188358874693
51.5,0.0003860546169197214,0.00041922591794791046,0.00035579638716299174,0.0005058859935252035
51.541666666666664,0.00040495572103654246,0.0004321522956821092,0.00038003454218854,0.0005247762921454805
51.583333333333336,0.00041928016232615773,0.0004431948747874182,0.00040113793860089815,0.0005301425711241992
51.625,0.00042804862613042815,0.00044832790666946514,0.00041524471246246386,0.0005364207724602512
51.666666666666664,0.00043075349438339585,0.0004465067813737024,0.00041788607594082504,0.0005389866332934133
51.708333333333336,0.00042715741426486027,0.0004516358764111211,0.0004105622870781928,0.000538320922466944
51.75,0.00041746839584320836,0.0004625248009851015,0.0003983442945600527,0.0005290467870710115
51.791666666666664,0.0004019707630592829,0.00045274631184862534,0.0003862717722750285,0.0005142223835462764
51.833333333333336,0.00038139169729907283,0.00043026356442195845,0.0003635521389084518,0.0004940803330257334
51.875,0.0003574467252058552,0.00040644067086398865,0.0003450902824823175,0.00046500430363790695
51.916666666666664,0.0003321324097890492,0.0003820222288941596,0.00032304089019065223,0.0004397970413766768
51.958333333333336,0.00030700348816196373,0.0003524394502595679,0.0003019971664241684,0.00041209667856892076
52.0,0.0002838947813343021,0.0003266164718939959,0.0002825965257816381,0.0003898986867744794
52.041666666666664,0.0002643654784384788,0.0003072437069236064,0.00026264573995719414,0.0003874316938058526
52.083333333333336,0.0002498436622067932,0.00029696301859692724,0.00024894501405144125,0.000370008396413625
52.125,0.000241348071595034,0.0002892058345092945,0.00023410557397767233,0.0003648690236773326
52.166666666666664,0.00023954397385800907,0.0002884527241411587,0.00022783186232543237,0.000362953598317585
52.208333333333336,0.0002445404163112903,0.0002901188911653018,0.0002314421415963031,0.0003660381294349552
52.25,0.00025603915946326275,0.0003020508580506284,0.0002487751139313526,0.00037805512220239786
52.291666666666664,0.0002730112226307692,0.0003191745046300449,0.00026470724263754524,0.00040264985838314694
52.333333333333336,0.0002939844511370353,0.0003318079022201802,0.00027870219439665635,0.0004195961195266017
52.375,0.0003176909377571745,0.0003626280118328353,0.00029564161252839977,0.0004363138446589992
52.416666666666664,0.00034275059526057977,0.00039536265414647864,0.00032209788297545976,0.00046129260724082417
52.458333333333336,0.000367325972411285,0.0004159004888878846,0.0003421626491118258,0.0004909199445019253
52.5,0.00038997473219062184,0.0004288312643492157,0.00036031020411981846,0.0005122549598900254
52.541666666666664,0.0004091256625277869,0.0004402358123653738,0.000384663690350065,0.0005293830051815042
52.583333333333336,0.0004236504429917009,0.0004519400117669952,0.0004073612250171682,0.0005343201579438181
52.625,0.00043259528001828517,0.0004573875807139532,0.0004219726146401531,0.0005403387467650934
52.666666666666664,0.00043540465457541836,0.00045526741033055564,0.0004190597008930202,0.0005430935813263061
52.708333333333336,0.0004318694031271503,0.000461032768570968,0.00041745552423031514,0.0005424886991701043
52.75,0.00042216114578390063,0.0004733513691951805,0.00040524363641461936,0.0005331953248525742
52.791666666666664,0.00040657044529455587,0.0004617048595688581,0.00039217960088681257,0.0005181858890799818
52.833333333333336,0.0003858162421910682,0.00043823915727476525,0.00036843589047072766,0.0004974417438862917
52.875,0.00036166660834272165,0.000413681824613135,0.0003466932027317608,0.0004681240165011587
52.916666666666664,0.00033612052087577993,0.0003887882031018731,0.0003274882079476635,0.00044268498218979276
52.958333333333336,0.00031069479292167095,0.00035793350231563804,0.0003061476778541562,0.0004142764865347901
53.0,0.00028735520124445273,0.0003302477506492448,0.0002865499086526316,0.00039184760989079224
53.041666666666664,0.0002675660878386563,0.00030981614957110423,0.0002665232126517118,0.00038842784234992554
53.083333333333336,0.0002528640312154064,0.00029921986492626666,0.0002516915169009179,0.00037149896052253494
53.125,0.00024423355129072656,0.00029127417455214835,0.00023544728026630507,0.00036626603894041564
53.166666666666664,0.0002423539478115717,0.00029089265981654055,0.0002290980628719352,0.0003642268531345436
53.208333333333336,0.0002473907493347325,0.00029249959380410115,0.00023274870121268553,0.00036739308378888705
53.25,0.0002589736607044141,0.00030514251778608105,0.00025016584176544413,0.00038051116184716196
53.291666666666664,0.00027611642165412386,0.00032251109892913885,0.0002662349119632777,0.0004084457759446664
53.333333333333336,0.000297320370719497,0.0003349074876601023,0.00028034246454365424,0.00042238969373752875
53.375,0.00032129646397116633,0.0003667014704137305,0.0002975514893069278,0.0004402991172971316
53.416666666666664,0.0003466305155896184,0.00040008427261697,0.0003244308033103555,0.0004655227350624879
53.458333333333336,0.00037154139548373937,0.0004218562170676231,0.0003438080694114536,0.0004950793364011559
53.5,0.0003944618844220878,0.0004348826260761877,0.00036400406421711906,0.0005166860809482675
53.541666666666664,0.0004139146458425563,0.0004463388608675757,0.00038686757007036564,0.0005340314898991646
53.583333333333336,0.00042866222011786156,0.0004571497345774458,0.0004115797100091635,0.0005403488521431018
53.625,0.00043780445333004735,0.0004621086609320151,0.00042653569172802433,0.0005357494093995707
53.666666666666664,0.0004407310300649385,0.0004614746975722852,0.000423592784248375,0.0005385548709648482
53.708333333333336,0.0004372527429222758,0.00046920753586406695,0.0004220455718912753,0.0005380069531142517
53.75,0.0004275254572374164,0.00047857465638315795,0.0004097893121099276,0.0005313075925425538
53.791666666666664,0.00041183191728773344,0.0004616633259401002,0.0003964737876804617,0.0005161953173096232
53.833333333333336,0.00039088333608268,0.00043641163374704653,0.00037225762835059543,0.0004952567940143674
53.875,0.000366505187109213,0.00041041110343555717,0.0003502864254865081,0.00046571055150411395
53.916666666666664,0.00034063327760278545,0.0003862736353200375,0.0003307556086629249,0.0004399456951532622
53.958333333333336,0.000314941296310674,0.00035341444934778205,0.0003081841579754799,0.00041391480228413397
54.0,0.0002912632408407255,0.00032617455849167043,0.00028831412364438815,0.0003885036057235289
54.041666666666664,0.00027124485059348017,0.00030645847040566354,0.00026809661568606355,0.0003820051515229195
54.083333333333336,0.00025628433981138255,0.0002969069260358599,0.0002537348300123573,0.0003685227878425801
54.125,0.00024751853969235446,0.00028852836513388783,0.00023828409349888058,0.0003631545460661126
54.166666666666664,0.00024556237212204477,0.00028812170966170615,0.0002318583120133559,0.00036103879616908573
54.208333333333336,0.0002506092173656016,0.0002898043067779213,0.00023562656168311594,0.00036409351377188524
54.25,0.00026232013306712803,0.0003029417017060839,0.0002531717065677194,0.0003764442358608219
54.291666666666664,0.0002796458972991758,0.0003197174303966847,0.00026942378004789094,0.0004019488111532223
54.333333333333336,0.00030109265589600687,0.0003334671778284696,0.0002812888210246671,0.0004152799759899374
54.375,0.00032537122329896024,0.0003663335384735416,0.0003014021017890414,0.00043349187370082435
54.416666666666664,0.00035102817606922964,0.00040069269287305875,0.00032859397090556695,0.0004613723064856967
54.458333333333336,0.000376298085389606,0.00042435014356070747,0.0003483302664329205,0.0004889540233829211
54.5,0.00039953382180677236,0.00043867334706003554,0.0003688415087174039,0.0005089285037597771
54.541666666666664,0.0004193166163641614,0.0004517442687267219,0.000392035047707571,0.0005286185346595397
54.583333333333336,0.00043431956108239383,0.0004634772129990897,0.00041728062890151167,0.0005351912673464042
54.625,0.0004436724368075202,0.00046907527895559994,0.0004266878643847582,0.0005416844700399149
54.666666666666664,0.0004467378882205155,0.000469028868966941,0.00042715789919670955,0.0005446288062832965
54.708333333333336,0.00044331247045065046,0.0004770933481717973,0.00042814887734746583,0.0005441337578054977
54.75,0.0004335767947802871,0.000485722107666963,0.00041588422758061423,0.0005374260072482958
54.791666666666664,0.0004177705197756041,0.00046934439896974446,0.00040245596809614824,0.0005222009969603653
54.833333333333336,0.00039659684851420983,0.000444656644649972,0.00037801471870994115,0.0005033712974764675
54.875,0.0003719294738470971,0.00041858988162709026,0.0003557542901522081,0.00047120191540486945
54.916666666666664,0.0003457347967343204,0.00039164627697405274,0.00033590070572227574,0.0004451142914476685
54.958333333333336,0.00031971439224240335,0.0003584516225616576,0.000313237134855025,0.00041875497537873467
55.0,0.00029566860045445673,0.0003305936792769265,0.00029294351158149146,0.00039297604250013147
55.041666666666664,0.00027535876119876793,0.00031162181993016753,0.00027243455461472334,0.00038611906212820724
55.083333333333336,0.00026015208790719973,0.00030083865649444463,0.0002578266064315465,0.00037239053593839734
55.125,0.0002511937867949462,0.00029269270717397573,0.00024218336892484432,0.0003668297931687043
55.166666666666664,0.00024916560000956957,0.0002922911115247746,0.0002362543710657488,0.0003646420240566106
55.208333333333336,0.00025422390125191927,0.0002939902370587541,0.000239926509125688,0.0003677081976582029
55.25,0.00026604846754289265,0.00030779996294194616,0.00025731260233380555,0.0003801725703365865
55.291666666666664,0.0002835890599054741,0.0003263863181454715,0.0002734834033689476,0.0004058919737595206
55.333333333333336,0.00030531648240516153,0.0003401797805580713,0.0002856291082485801,0.0004195038024990921
55.375,0.0003299116751236768,0.0003742514162477556,0.00030594255361375794,0.00043809940268841225
55.416666666666664,0.0003559630636584905,0.00040769015267413597,0.0003335288584948278,0.0004691067854833283
55.458333333333336,0.0003815711317021477,0.0004313763017716344,0.0003536033127454622,0.0004959107717591638
55.5,0.00040523385402652784,0.0004450811549408703,0.00037454154093715937,0.0005146285359795326
55.541666666666664,0.0004253119875458348,0.0004591856906560457,0.0003979295201671349,0.0005362305307420426
55.583333333333336,0.00044064840900352747,0.0004709175610310239,0.0004236094768226453,0.0005442526295130372
55.625,0.0004502113522540241,0.0004766310878952578,0.00043322677983126205,0.0005482233854864187
55.666666666666664,0.0004534427457645165,0.00047683679000910215,0.0004338627567407106,0.0005513336638272976
55.708333333333336,0.00045007990319387894,0.00048597766400911274,0.0004348154113685848,0.0005509191694918385
55.75,0.00044031097857271675,0.0004958609180561848,0.00042261841137304385,0.0005441781699838379
55.791666666666664,0.0004243641479320651,0.00047972803304733506,0.0004090495962526092,0.0005288126040599386
55.833333333333336,0.00040296014490586265,0.00045394787390421447,0.00038437801510159396,0.0005097525728112325
55.875,0.0003779718273750263,0.00042671023189943863,0.0003617966436801373,0.00047726224787591093
55.916666666666664,0.0003514256674790053,0.0003987195762520552,0.0003415915764669607,0.0004508231411354657
55.958333333333336,0.00032499637977787807,0.00036473132929855894,0.0003190953070525641,0.00042405494185732167
56.0,0.00030059163515968164,0.00033564372529750673,0.0002984594630820927,0.00039791705614846865
56.041666666666664,0.0002799321207897317,0.0003159831047252684,0.0002773047304255003,0.00039071040066228336
56.083333333333336,0.0002644322647809092,0.00030469538231748725,0.0002624035995250691,0.0003795777524587129
56.125,0.0002552872411021822,0.0002968263914300656,0.0002465736394518935,0.0003709412264190527
56.166666666666664,0.0002531599347415728,0.00029620271128020083,0.00024054552201756518,0.0003686543377317261
56.208333333333336,0.00025823255467884734,0.0002973599448135387,0.0002442319787724292,0.0003717348300282433
56.25,0.0002701946644413492,0.0003119952660623532,0.0002617556154520752,0.00038433674617815533
56.291666666666664,0.0002879631710612666,0.0003303350822973113,0.00027815433074455324,0.00041028406385842546
56.333333333333336,0.000309986360426212,0.00034451531444740723,0.0002905958024894437,0.0004237985099184035
56.375,0.00033493764715884447,0.00037816920747848185,0.0003127236199538932,0.00044314335366669224
56.416666666666664,0.00036139976325976473,0.00041129463454022406,0.0003392623743159152,0.0004745244277855371
56.458333333333336,0.00038742303052292,0.00043485788855335543,0.0003594552115662345,0.0005017806495230484
56.5,0.00041149732693286634,0.00044786841414483467,0.00037843647345954935,0.0005209099878289835
56.541666666666664,0.0004319570494123192,0.0004627672739807832,0.0004057489086008903,0.0005428935715516393
56.583333333333336,0.00044761087092996143,0.00047467074888122245,0.00043057193874907927,0.0005512330703825835
56.625,0.00045743444136231936,0.00048075390783268977,0.00044221608638766004,0.0005554644535378264
56.666666666666664,0.00046082423574150756,0.0004816756245706257,0.00044124424671770164,0.0005587331327474009
56.708333333333336,0.00045753697084483625,0.0004915203762526346,0.0004422724790195421,0.0005583762371427958
56.75,0.00044772119154618076,0.000498752853489099,0.00043002862434650787,0.0005515883829573018
56.791666666666664,0.0004316450726369781,0.00048396376517540515,0.00041633052095752226,0.0005360935287648516
56.833333333333336,0.00040999909809239643,0.00045906958446037776,0.0003894670149616999,0.0005167544897555886
56.875,0.00038463269337938097,0.00043173487304229354,0.0003665075563580642,0.0004839231138802656
56.916666666666664,0.0003576906175028916,0.0004041942438136665,0.00034607893989187547,0.000457088091159352
56.958333333333336,0.0003308270251299531,0.00036936179534415996,0.00032314836580566765,0.0004298855872093967
57.0,0.00030602505400906645,0.00034432794450639666,0.000302115295332506,0.00040335047499785346
57.041666666666664,0.00028494791717637507,0.0003243298053384783,0.0002805429402131722,0.00039654649120761674
57.083333333333336,0.00026916406749259014,0.0003143263014791392,0.0002653578156377786,0.0003851298493290839
57.125,0.0002597821245756441,0.00030645144914558955,0.0002492909363263839,0.0003762564040512046
57.166666666666664,0.00025755177701483595,0.00030607317775735237,0.00024315977769185683,0.00037460977059992803
57.208333333333336,0.00026264068233548257,0.0003085348788691764,0.0002468625198300929,0.0003777065482798173
57.25,0.0002747380055841309,0.000326132717138466,0.0002645213699958854,0.0003904436779158758
57.291666666666664,0.00029275216013731185,0.00034486975295316074,0.0002809933664941707,0.00041663664352940946
57.333333333333336,0.00031511002528986635,0.0003597763285606579,0.00029398066470917773,0.0004304857653769966
57.375,0.00034044792237530327,0.00039160954935486836,0.00031801495629481984,0.00045021721947808977
57.416666666666664,0.00036735580321239984,0.0004237370226721073,0.0003446510915843856,0.00048204405833311096
57.458333333333336,0.0003938334748599311,0.0004498613295089822,0.0003651254437324918,0.0005077400956430532
57.5,0.0004183607338091402,0.0004596963386359912,0.0003847325576516585,0.0005321011042702002
57.541666666666664,0.00043922391985524355,0.00047435044095525523,0.0004068355622459108,0.0005524735627475616
57.583333333333336,0.00045524574027614676,0.0004879316754514458,0.0004318205586022509,0.0005629804143983176
57.625,0.00046533215525682427,0.0004954340100716361,0.00044372755078915126,0.0005676384839148829
57.666666666666664,0.00046891274319782813,0.000497539554827498,0.0004485593987947478,0.0005709341148732702
57.708333333333336,0.00046568858792639026,0.0005090523501725972,0.00044943959003931417,0.0005706403288938985
57.75,0.00045585488269884723,0.0005158670121956117,0.00043717780943739246,0.000563834548779517
57.791666666666664,0.0004396091002761666,0.0004980819679718388,0.0004233245395412691,0.0005482619956160267
57.833333333333336,0.00041766621821131975,0.00047043449345944777,0.00039830561504037887,0.0005302519478074499
57.875,0.0003919315601125066,0.00044159733268645505,0.00037497790305094546,0.0004970523185463292
57.916666666666664,0.0003645628429830327,0.00041258532421160275,0.00035412264533177224,0.000469790654572431
57.958333333333336,0.0003372009309206996,0.0003761252796495948,0.0003306937515561698,0.00044208983093308113
58.0,0.00031196888397272605,0.00035048767418910544,0.0003092610276444954,0.000415124642894451
58.041666666666664,0.0002904539723852956,0.0003304755844078733,0.0002872643488104819,0.00040706259019078516
58.083333333333336,0.00027432434155468666,0.0003203106794138739,0.00027168956965963075,0.00039524822543465316
58.125,0.00026471063422906285,0.0003118297922516806,0.0002553909259395583,0.00038614301574809606
58.166666666666664,0.00026233866442432457,0.00031196174607458745,0.0002491181450611011,0.00038361146361664064
58.208333333333336,0.0002674482078399969,0.00031626322361229513,0.0002528415252943629,0.00038672887939155564
58.25,0.00027968785141320896,0.0003350956065363755,0.0002706731181732933,0.00039960832935217794
58.291666666666664,0.00029796312773492956,0.00035514844904302434,0.00028737581405154403,0.00042606241673425117
58.333333333333336,0.0003206831839751542,0.00037090172954901205,0.00029822083889790056,0.00044154341375369593
58.375,0.0003464589992639253,0.0003977282167473221,0.00032152156872712113,0.00046060694378693864
58.416666666666664,0.0003738264946185854,0.00042975730333774426,0.00033439673160176446,0.0005046746229054294
58.458333333333336,0.00040080823985243213,0.0004572205722100688,0.00036914250528139445,0.0005189296662427782
58.5,0.0004258151569162024,0.0004675995655302628,0.00038922927731512236,0.0005410062140144822
58.541666666666664,0.0004471331000309243,0.0004815611598445358,0.0004117870389779932,0.000561833429560462
58.583333333333336,0.00046353453861797735,0.0004969153081268348,0.00043733738472661097,0.0005847882372892328
58.625,0.00047392714770947054,0.0005044556037783793,0.00044955057102432695,0.0005778074333577051
58.666666666666664,0.0004777023137037218,0.000506475260761187,0.00045457699708317085,0.0005812976423693399
58.708333333333336,0.00047456145552757733,0.000518559318596454,0.0004554034928260707,0.0005855461769119717
58.75,0.00046468472123602385,0.0005230394223685558,0.00044312760843340904,0.0005786973677335798
58.791666666666664,0.00044826862935416415,0.0005055506189122242,0.0004291040290781067,0.0005629351741334368
58.833333333333336,0.0004260268866113248,0.0004768810239965733,0.00040360051267309614,0.0005430003669259163
58.875,0.0003998610783820747,0.00044783390769739345,0.0003798416505532258,0.0005093695875343587
58.916666666666664,0.0003720189396056058,0.0004190462819159908,0.00036074835779375365,0.0004816345019134654
58.958333333333336,0.0003441491198096792,0.00038060548553401794,0.0003345761696778616,0.0004523808340932745
59.0,0.0003184125744577396,0.00035590674493891304,0.0003129248529504591,0.00042633446613306287
59.041666666666664,0.0002964338366122664,0.0003346379740021534,0.00029046434785840293,0.00042169804158658425
59.083333333333336,0.00027994102714340235,0.0003243879739358764,0.00027700335029348915,0.0004095724399229723
59.125,0.0002700438089594773,0.00031672206566626514,0.0002604211957151155,0.00040018371937811407
59.166666666666664,0.0002675421379394358,0.000315898677176644,0.00025401871362135505,0.0003975224660313554
59.208333333333336,0.00027265805992176954,0.00032065521581182033,0.0002577484724212783,0.0004006462603729318
59.25,0.00028504638608947285,0.00033857093697351446,0.0002757287478946999,0.0004138071348446352
59.291666666666664,0.0003036144674319859,0.00035918309259696477,0.0002927242487937431,0.0004313448867162767
59.333333333333336,0.00032671872067466863,0.00037534305458590073,0.00030898478280277903,0.0004472100807381795
59.375,0.0003529520521647135,0.0004022790255733061,0.00033006726813809476,0.0004714651999689335
59.416666666666664,0.00038082105317310323,0.0004348632284459187,0.0003434439366664677,0.0005157829441729059
59.458333333333336,0.0004083494098620478,0.00046262007237777376,0.00037679209513125415,0.0005305845989653524
59.5,0.0004338612009265432,0.0004748161081895929,0.000401716312180446,0.0005531660207377817
59.541666666666664,0.00045568075377457377,0.000488722071847785,0.0004251709210270443,0.0005744948460170702
59.583333333333336,0.0004724819172069769,0.0005063771888427374,0.00045348953200496066,0.0005986195906872594
59.625,0.0004832114183345861,0.0005127112563857579,0.00046603961033879265,0.0005912054666957794
59.666666666666664,0.0004871976594883986,0.0005165284444725573,0.0004665493030920402,0.0005949812400350053
59.708333333333336,0.0004841624412860272,0.0005285035568488762,0.0004674814388087131,0.0005948763911247
59.75,0.0004742520195804438,0.0005319796021678148,0.00045517186700202154,0.0005879938945322781
59.791666666666664,0.0004576480912234294,0.000513611656483539,0.0004409604511715645,0.0005720631954344541
59.833333333333336,0.00043504441144342354,0.0004852704588971955,0.0004150949977293874,0.0005517664511897668
59.875,0.0004084447008999664,0.00045647722925266346,0.0003907700717934966,0.0005177017694840023
59.916666666666664,0.00038005824211413176,0.0004291590073868904,0.0003716389168406248,0.0004894223638537433
59.958333333333336,0.0003516854736285867,0.0003901516805385893,0.00034475086596811764,0.0004596657473439339
60.0,0.00032534154439280936,0.0003655087847121797,0.0003221986216079079,0.0004330119954998846
60.041666666666664,0.0003029348971326636,0.0003445999198906541,0.00029931020710117915,0.0004282372825200698
60.083333333333336,0.0002859869436852223,0.0003346709930247193,0.0002829171053334956,0.00041555100768741
60.125,0.0002758039057164228,0.00032721681256294333,0.0002660491309702475,0.0004058764673576773
60.166666666666664,0.00027315956540184533,0.00032496775021071534,0.0002601103372015401,0.00040307254471638266
60.208333333333336,0.0002782726545076852,0.0003310046385165983,0.00026383726312496946,0.00040615216571437154
60.25,0.0002908245747256364,0.000349641104862704,0.00027814158540146865,0.0004195179747034165
60.291666666666664,0.0003096968269647252,0.0003694317598394357,0.00029795781717570065,0.00043735989747163364
60.333333333333336,0.00033320947340750385,0.0003842344452622208,0.0003149718199536427,0.00045952161312781036
60.375,0.0003599220198657422,0.0004092055957103787,0.0003360270624411858,0.00048401592079146176
60.416666666666664,0.00038835542134638145,0.0004442036918961537,0.0003499681314418083,0.0005254796995874525
60.458333333333336,0.0004164335316930073,0.00047041202550881893,0.000383866043564276,0.0005469865132681825
60.5,0.0004425313231059181,0.0004837560344899257,0.00040937626096188316,0.0005701539353890271
60.541666666666664,0.0004648420951402091,0.0004994528190806155,0.000433322088994742,0.000591973979854576
60.583333333333336,0.00048211040290422317,0.0005177789771629422,0.00046210784430426925,0.0006096402515297056
60.625,0.0004931719483841202,0.0005247736408230592,0.0004749899669903891,0.0006073252552230116
60.666666666666664,0.0004974017732582305,0.0005301299610910523,0.0004757432434639345,0.0006113446122825353
60.708333333333336,0.0004944588275989856,0.0005412496801421304,0.00047676765172373386,0.0006113320359153565
60.75,0.00048450766237335263,0.0005424024346587534,0.0004621943201673491,0.0006044087958028851
60.791666666666664,0.0004677028882054495,0.0005231545776211517,0.00044778205852600336,0.0005879501861062217
60.833333333333336,0.00044475027329994533,0.0004943482234634996,0.00042156766995832793,0.0005673045067360363
60.875,0.00041766463827867085,0.00046790973079108717,0.0003967568195446197,0.0005327805984734065
60.916666666666664,0.00038874027390060244,0.00043994282921981686,0.00037708775899951424,0.0005039632872509139
60.958333333333336,0.0003597354514563932,0.0003999703727606699,0.00033533551951582546,0.0004735746167824402
61.0,0.00033285384550337514,0.0003747814987844133,0.00032647773309089245,0.00044638318822115016
61.041666666666664,0.00030988138362793234,0.00035222143205874555,0.00030302350396886667,0.00044276412490709536
61.083333333333336,0.0002924879014759537,0.00034199654144892986,0.00028620872551773593,0.0004312102336965491
61.125,0.00028200344490766357,0.0003332216042669526,0.000269015480533907,0.00042123427476732574
61.166666666666664,0.00027917576237684665,0.0003310217879255664,0.0002661265341765414,0.00041824700990979164
61.208333333333336,0.00028429074989716,0.00033624172945772673,0.0002704372879851308,0.00042132852932225405
61.25,0.00029702357142735806,0.0003551509874720549,0.00028347932038139763,0.000434875239623546
61.291666666666664,0.00031620407923291753,0.00037480971195408746,0.00030357995570101014,0.00045302541795823396
61.333333333333336,0.0003401516256039909,0.00038769358026894524,0.00032102885840724687,0.0004664904632452497
61.375,0.0003673899530180078,0.0004135490831755429,0.0003429127796717894,0.0004915105518646796
61.416666666666664,0.00039639566147856123,0.0004515593322343791,0.0003562165601136847,0.0005335466376405845
61.458333333333336,0.00042509488509676546,0.0004782094936184895,0.0003944914275988244,0.0005556745645928929
61.5,0.0004517734766074764,0.0004932378023790202,0.00041978460371496753,0.0005794227868115376
61.541666666666664,0.0004746578318670777,0.0005087033237345307,0.0004462680456039268,0.0006018164145023968
61.583333333333336,0.0004923809177557127,0.0005268908149282916,0.00047344364968517533,0.0006199374643021475
61.625,0.0005038342540278322,0.000535910365100908,0.0004868184618856271,0.0006180142587876759
61.666666666666664,0.0005082980873884889,0.0005402595935080736,0.0004877048481236094,0.000622267624333746
61.708333333333336,0.0005054727231035583,0.0005518379621071512,0.0004889477364798326,0.0006223726293408815
61.75,0.0004954680366538958,0.0005532124013384836,0.00047432088369941835,0.0006153958680043806
61.791666666666664,0.00047846384341021617,0.0005325225895499359,0.00045970920298229605,0.0005987378392319407
61.833333333333336,0.0004551360020824753,0.0005039911414602836,0.00043311958799238393,0.0005777169334395185
61.875,0.00042753216646346313,0.0004766894917577079,0.00040779053698093807,0.0005426481266581989
61.916666666666664,0.0003980173487234378,0.0004486716166704932,0.00038753102307387564,0.0005132403620737492
61.958333333333336,0.00036837485916508313,0.00040683623146856306,0.0003464215452943269,0.00048221402449113017
62.0,0.0003408743859363813,0.00038208176491715765,0.00033095760874129917,0.0004544037286541563
62.041666666666664,0.00031731944832925495,0.0003589441336431652,0.00031074264417883243,0.0004489855623893567
62.083333333333336,0.0002994519318702097,0.0003472364418758108,0.00029345383142063514,0.0004381742640908051
62.125,0.0002886215137620453,0.0003396656912216571,0.00027591462489693193,0.00042785234362170747
62.166666666666664,0.00028560618917550777,0.00033829028334168593,0.0002734199659545323,0.00042467743670845275
62.208333333333336,0.0002907192414822179,0.00034463198210275446,0.0002771468550788319,0.0004277570209073119
62.25,0.0003036267598546484,0.00036425159108648684,0.0002962373139613259,0.00044147842805083634
62.291666666666664,0.0003231426528899428,0.00038537112642238235,0.00031195260728668486,0.0004599639916152592
62.333333333333336,0.00034754955170783805,0.00039778857612755175,0.0003293946565614363,0.00047070134856457593
62.375,0.00037533579531670363,0.00042318381766000713,0.00035202481122201127,0.0004994563941633755
62.416666666666664,0.0004049599639968579,0.00046020350392173795,0.0003659470518835074,0.0005421109401588811
62.458333333333336,0.0004343053338220833,0.000490198656518529,0.0004048680655756683,0.0005648850133182108
62.5,0.0004616181276696574,0.0005051852837653239,0.00042960024978242243,0.0005892674378737186
62.541666666666664,0.00048509304797769866,0.0005200383305365125,0.0004567032617145478,0.0006122516306130178
62.583333333333336,0.0005033184632127373,0.0005379284768577577,0.00048555552170947096,0.0006306654779913086
62.625,0.000515172970912631,0.0005495699971244169,0.0004981571787704259,0.0006310716407017708
62.666666666666664,0.0005198998908790184,0.0005537834582508805,0.0004993066516141389,0.0006355880928535716
62.708333333333336,0.0005171951466836159,0.0005664459545116649,0.0005006701600598902,0.0006358137179502351
62.75,0.0005071403202174955,0.0005655059125625656,0.00048599316726301805,0.0006287868165972763
62.791666666666664,0.0004899194812812999,0.0005446610057005377,0.00047116484085337975,0.0006119121421323204
62.833333333333336,0.0004662005336260614,0.0005153691255080536,0.00044575989571087206,0.0005905001300124006
62.875,0.00043805599310861766,0.0004893727347902612,0.00042007171331628185,0.0005548906183326493
62.916666666666664,0.0004078911215810749,0.00046337125478821973,0.00039779580662745287,0.0005248327999606824
62.958333333333336,0.00037759665551898724,0.00042223363159972266,0.0003560681086347335,0.0004931544858743303
63.0,0.00034940736360223885,0.0003967239306089783,0.00033988159710309683,0.00046586496638014374
63.041666666666664,0.0003252576588878396,0.0003729589081190016,0.00031907186543335723,0.00045676326096611656
63.083333333333336,0.0003068664560519804,0.0003621502977125867,0.00030125936629834594,0.00044539929651826244
63.125,0.0002956629647850579,0.00035348902197110675,0.0002888785922571148,0.00043470430289040677
63.166666666666664,0.0002924498048712255,0.0003509415976143971,0.00028065459234619014,0.0004313315606498572
63.208333333333336,0.0002975445332571734,0.0003572535483238866,0.00028436315754972754,0.0004343928209279541
63.25,0.00031063260858732493,0.00037405698314107885,0.00030366584536788843,0.0004482947850291995
63.291666666666664,0.0003305082154935029,0.0003936960148798307,0.00031974293687674744,0.00046868362252586057
63.333333333333336,0.00035539512978495985,0.0004115505047370433,0.00033338666546438593,0.00047814638812457684
63.375,0.0003837579293263135,0.00043974559237879235,0.0003589973728338491,0.0005095971932022814
63.416666666666664,0.0004140355559501811,0.000480526170398637,0.0003750226438368306,0.0005744652901372473
63.458333333333336,0.0004440590617821681,0.000510182456075742,0.00041462179353575306,0.0005963008744025091
63.5,0.0004720498367522201,0.0005217442960927523,0.00044175721755815447,0.0006213612800804949
63.541666666666664,0.0004961396751038684,0.0005390707777342227,0.0004677498888407175,0.0006454511184321431
63.583333333333336,0.0005149094872750104,0.0005561810650433377,0.0004971017717663042,0.0006662355194152302
63.625,0.0005271833356346935,0.0005681776444851316,0.0005101098739234468,0.0006654443978846523
63.666666666666664,0.0005321983427983313,0.0005742888696024112,0.0005077515343592796,0.0006702489372337034
63.708333333333336,0.0005296179337717278,0.0005873024757151015,0.0005130929471480021,0.0006814078107200248
63.75,0.0005195311000001921,0.0005864762141343268,0.0005008730585261682,0.0006743489020616505
63.791666666666664,0.0005020832244242567,0.0005663075935686751,0.0004859684419368046,0.0006517211922501394
63.833333333333336,0.0004779387395496702,0.0005395178792400644,0.00045995653579529737,0.0006245218903430737
63.875,0.00044921296596591207,0.0005132497782818953,0.0004340814301019339,0.0005883311455970081
63.916666666666664,0.0004183835379159961,0.0004913868920090135,0.0004109914843724644,0.0005576087707026678
63.958333333333336,0.00038737306187944004,0.00044607370988125513,0.0003687915464705414,0.0005252144466418475
64.0,0.0003584760159692377,0.00041814805435711237,0.00035323113966049657,0.000497095616382267
64.04166666666667,0.0003336732134525052,0.0003900161837144284,0.0003317218147069105,0.0004832113311348259
64.08333333333333,0.00031473306714806677,0.00037799851121706553,0.0003133894808807349,0.00047366391349677576
64.125,0.0003031311264811999,0.00036925293791286064,0.0003005811486621444,0.00045895122261147475
64.16666666666667,0.0002996976080696802,0.0003655018173163193,0.0002923708606896106,0.00045614527207112396
64.20833333333333,0.0003047744012679381,0.00037193766438724284,0.000296061490705458,0.0004591885971615309
64.25,0.0003180485076001234,0.0003899664883383429,0.0003157846558182636,0.00047689584012231104
64.29166666666667,0.00033828964813453576,0.0004052124584131069,0.0003293013168042035,0.0004976502112472066
64.33333333333333,0.0003636816516301229,0.00042749489170091715,0.00034345013459597214,0.0005095036145746903
64.375,0.00039264905161381084,0.0004595098561018534,0.0003696654424077696,0.0005483628257873567
64.41666666666667,0.0004236137275244594,0.0004984492147333685,0.0003866320561075896,0.0005893263762255686
64.45833333333333,0.00045435157467561604,0.0005247357234198648,0.00042504143068093636,0.0006118763018100002
64.5,0.0004830532247952151,0.000532629142864972,0.000453160564650436,0.0006378909438697645
64.54166666666667,0.0005077972399745156,0.000549248252784012,0.00047977840776592507,0.0006623915978168335
64.58333333333333,0.0005271369832884961,0.0005657689687152145,0.0005099264196194417,0.0006817313411308139
64.625,0.0005398576261235097,0.0005790049292118122,0.0005245556428191859,0.0006861215337789695
64.66666666666667,0.0005451755241468688,0.0005856379901642742,0.0005194318024660413,0.0006892961832941701
64.70833333333333,0.0005427326793845653,0.0005950668727285277,0.0005265610147976664,0.0006897837078239328
64.75,0.0005326079143940915,0.0005942635669686473,0.0005145843986791087,0.0006826868679466206
64.79166666666667,0.0005149244364224815,0.0005750035817775293,0.0004994441796940706,0.0006653495544462504
64.83333333333333,0.0004903398000875951,0.0005470295343737318,0.0004730083614954488,0.0006377101010788848
64.875,0.0004610060869204253,0.0005202046691601874,0.00044628048896939976,0.0006009114167494074
64.91666666666667,0.00042947479073126286,0.0004986806051285157,0.00042267599602711535,0.0005694871737158207
64.95833333333333,0.00039770927633540426,0.000458571707490659,0.0003795976935548127,0.0005363378112956978
65.0,0.000368065442008961,0.00043001657911006255,0.000363290498328527,0.0005074721926198765
65.04166666666667,0.0003425696863275195,0.0004002170713783828,0.00034108822021023186,0.0004928949542077263
65.08333333333333,0.0003230470830915206,0.00038735131477543106,0.00032217342945249584,0.0004827650796381157
65.125,0.00031101826941516627,0.00037995808379171734,0.00030893822422441787,0.0004676255157433272
65.16666666666667,0.00030734698351734955,0.0003752736735878713,0.0003003025938110222,0.0004637946475187933
65.20833333333333,0.0003123968148030289,0.0003826228034614172,0.000303966261914291,0.00046681101069662173
65.25,0.0003258593521916388,0.0003957752429233456,0.0003236117398129644,0.00048470668471382644
65.29166666666667,0.0003464807977994803,0.0004081003966874103,0.00033750870587233333,0.0005029399978580556
65.33333333333333,0.00037239833659546945,0.00043244505184161525,0.00035028899388307646,0.0005182202995400369
65.375,0.00040199835703367865,0.0004662510442285682,0.0003790309872308227,0.0005577121312072246
65.41666666666667,0.00043368100689387165,0.0005056992260438612,0.00039671557488018714,0.0005973790667830359
65.45833333333333,0.00046517066757526107,0.0005327340070865147,0.0004358530408800926,0.0006226953947096452
65.5,0.0004946159082557779,0.0005407316845120777,0.0004647799319598684,0.0006511802468083756
65.54166666666667,0.0005200499149157795,0.0005611659973637345,0.0004932617545379031,0.0006763708922361459
65.58333333333333,0.0005399839068848534,0.0005777182467328449,0.000522773343215799,0.0006963048842052198
65.625,0.0005531785409555927,0.0005941128476789478,0.0005378765576512689,0.000701169068089101
65.66666666666667,0.000558813760358987,0.0006005607882141338,0.0005330700386781596,0.0007046610389843369
65.70833333333333,0.0005565229452586353,0.0006075648134695377,0.0005403512806717364,0.0007053005931760514
65.75,0.0005463715691642234,0.0006061519964314453,0.0005283480534492406,0.0006981771421948009
65.79166666666667,0.0005284460728919356,0.0005866504891779299,0.0005129658161635247,0.0006805978103937529
65.83333333333333,0.0005033923406963948,0.0005605179345332037,0.00048673829844190255,0.0006524892611657328
65.875,0.00047341777147673917,0.0005332090615361114,0.0004583212237775427,0.0006150497207837697
65.91666666666667,0.00044114813207242134,0.0005095445909236267,0.00043434933736827383,0.0005828871345350277
65.95833333333333,0.0004086205476360199,0.00047041189549706117,0.000392169311234909,0.000548975702074362
66.0,0.0003781390339387228,0.00044245133442557654,0.0003733640902582888,0.0005203368374201001
66.04166666666667,0.00035194134046184625,0.0004101360024277686,0.00035045987434455863,0.0005057567628845206
66.08333333333333,0.0003318215801939958,0.00039680469095317305,0.00033094792655497104,0.0004950297312830587
66.125,0.00031930332292958824,0.00038988162509747727,0.00031722327773883984,0.00047940072380021686
66.16666666666667,0.00031539206052384977,0.0003839435743037732,0.0003083476708175224,0.0004753298790677612
66.20833333333333,0.000320410050476761,0.0003908934419505251,0.0003119794975880231,0.00047831440091282147
66.25,0.00033405147543460534,0.00040520082565721364,0.0003318038630559309,0.0004963889624992606
66.29166666666667,0.0003550713081469258,0.00041558701815341625,0.00034609921621977884,0.0005150206627479687
66.33333333333333,0.00038153575253776606,0.0004407726748599727,0.00035942640982537306,0.000529084334960382
66.375,0.00041179112982416867,0.0004744617733568584,0.0003888237600213127,0.0005692315234757631
66.41666666666667,0.00044421848973299734,0.0005107207226686112,0.0004048845173353644,0.0006096431691002101
66.45833333333333,0.0004764955396158499,0.0005391558134807289,0.0004471779129206814,0.0006363985649278291
66.5,0.0005067103906688122,0.0005489827654772658,0.0004769833368575451,0.0006632747292214101
66.54166666666667,0.0005328762175537957,0.0005711455434691153,0.0005060880571759193,0.0006894405561063934
66.58333333333333,0.0005534242720022116,0.0005892550165070681,0.0005355923381697601,0.000709745249322578
66.625,0.0005671281437387521,0.0006069604331400756,0.0005518261604344283,0.0007151186708722604
66.66666666666667,0.0005730918497584414,0.0006132972944358576,0.000547348128077614,0.0007189391283837913
66.70833333333333,0.0005709667659337254,0.0006178019226367563,0.0005547951013468265,0.0007197444138511414
66.75,0.0005607592326124853,0.0006159701139796493,0.0005427357168975025,0.0007125648056430628
66.79166666666667,0.0005426086093647211,0.0005972591418086897,0.0005290369330010408,0.0006951686643338536
66.83333333333333,0.0005171057782363845,0.0005702381232076678,0.0004952647178759467,0.0006662026987057226
66.875,0.00048644347223612225,0.0005466701880509678,0.0004713469245369258,0.0006280754215431528
66.91666666666667,0.0004533986256665687,0.0005212263010793291,0.0004465998309624212,0.000595137628129175
66.95833333333333,0.0004200307909600903,0.0004818634267500561,0.00040367340180473966,0.0005606704281325399
67.0,0.0003887682165984242,0.0004556793199239662,0.0003839932729179902,0.0005312505028139091
67.04166666666667,0.0003617497488755194,0.0004231678395470419,0.0003602682827582318,0.0005158496540323014
67.08333333333333,0.0003409963966059602,0.00040812715685610947,0.0003401227429669354,0.0005015876673750352
67.125,0.0003279969458810545,0.0004033477157509628,0.0003259169006903061,0.0004883788294857907
67.16666666666667,0.0003238214945880019,0.0003977545332902939,0.00031677710488167455,0.00048404379586602095
67.20833333333333,0.00032878594106346604,0.000402509474497892,0.0003203553881747281,0.00048697477423363406
67.25,0.00034263345473033494,0.0004142215652933595,0.0003403858423516605,0.0005049709417949902
67.29166666666667,0.00036405029635842883,0.0004289612539376096,0.00035521635911645,0.0005239996509594718
67.33333333333333,0.00039106695848079584,0.00045540476528673786,0.0003745885876126992,0.0005460990555869496
67.375,0.00042199775879032443,0.0004923424424450147,0.0004006819097487886,0.0005798741381790092
67.41666666666667,0.0004552162845157996,0.0005258251739147336,0.0004127108229513013,0.0006206409638830124
67.45833333333333,0.0004882974342101373,0.0005539699955111413,0.00045897980751496883,0.0006482004595221165
67.5,0.0005193384798040364,0.0005671919475764794,0.0004896114259927692,0.0006759028183566342
67.54166666666667,0.000546231256297351,0.00059297222988553,0.0005082581037939423,0.0007027955948499487
67.58333333333333,0.0005674668765540474,0.0006141911041464725,0.0005496349427215959,0.0007237878538744138
67.625,0.0005816607572684452,0.0006309687077198711,0.0005663587739641214,0.0007300872701390439
67.66666666666667,0.0005880051357163814,0.000635619141934856,0.0005678923858798504,0.0007339069543376516
67.70833333333333,0.000586027570705553,0.0006380686495664877,0.0005698559061186541,0.0007348052186229691
67.75,0.0005758197728548872,0.0006350741518174548,0.0005577962571399044,0.0007276253458854647
67.79166666666667,0.0005573951861059422,0.0006133511380149346,0.0005438235097422619,0.0007099552410750747
67.83333333333333,0.0005313750322455146,0.000585315127171171,0.0005003645086986247,0.0006804719527148526
67.875,0.0005000495545247923,0.0005642386523364287,0.0004849530068255959,0.0006416815038318229
67.91666666666667,0.00046621721543322437,0.0005392039142708806,0.00045973109210980525,0.000610880193450766
67.95833333333333,0.0004319837884154061,0.0005036604459770869,0.00041615287169061805,0.0005726234255878557
68.0,0.00039982015106810806,0.0004765992611351548,0.00039535787876840244,0.0005415246848997857
68.04166666666667,0.0003720545040494421,0.0004433512910804805,0.00037088570931288284,0.0005261544092062242
68.08333333333333,0.0003505889662729996,0.000424913578427731,0.0003500718574433368,0.0005111802370420746
68.125,0.00033708114044220223,0.0004155695812961569,0.0003353576400608158,0.0004974630240469384
68.16666666666667,0.0003326044632867186,0.00041092489716055376,0.0003259166183897532,0.0004928267645647376
68.20833333333333,0.0003375119649232561,0.0004151644856937828,0.0003294379568438802,0.0004957007980934242
68.25,0.0003515468289830185,0.0004269197398887814,0.00034965576141370605,0.0005138429755805801
68.29166666666667,0.00037338122900191985,0.00044438054250993387,0.00036376528359084254,0.0005333305836029628
68.33333333333333,0.0004009898243143721,0.0004716833271325903,0.00038451145344627546,0.0005560219214205259
68.375,0.00043262801333442596,0.0005068220588565239,0.00041131216429289016,0.0005905043927231108
68.41666666666667,0.0004666277535446684,0.0005417032714453013,0.0004241222919801701,0.0006320524329118811
68.45833333333333,0.0005005845779743259,0.0005688498728802308,0.00046754903561595674,0.0006628215171540039
68.5,0.0005324119481311823,0.0005807666867681418,0.0005026938585175753,0.0006889762866837801
68.54166666666667,0.0005601471528290886,0.0006078723100179323,0.0005222829228103223,0.0007167114913816864
68.58333333333333,0.0005820061299709158,0.0006301438566819882,0.0005641741961384643,0.0007383271072912821
68.625,0.0005967829868515649,0.0006446609393429512,0.0005814810035472411,0.0007452094997221635
68.66666666666667,0.0006034780227551657,0.0006507372747211796,0.0005833652729186346,0.000749379841376436
68.70833333333333,0.0006017047642247015,0.0006527591914767507,0.0005848530605936506,0.0007504824121421176
68.75,0.0005914635086891091,0.0006519035505145327,0.0005734544899804667,0.0007432690817196866
68.79166666666667,0.0005727720732421091,0.0006312853353513872,0.0005592003968784288,0.0007276660420789403
68.83333333333333,0.0005462577739384069,0.0006045886448058386,0.000515247250391517,0.000695354694407745
68.875,0.0005142185987620567,0.0005844818228768789,0.0004991220510628603,0.0006558505480690873
68.91666666666667,0.0004795582544754548,0.0005589433374770224,0.0004730721311520357,0.0006242212324929964
68.95833333333333,0.0004444185639283275,0.0005243725806700458,0.0004294467762923758,0.0005850582011007772
69.0,0.0004113650427221915,0.0004981806713998656,0.0004069027704224859,0.0005530695765538692
69.04166666666667,0.00038276136336742395,0.0004657734263910851,0.0003815925686308647,0.0005423101718087657
69.08333333333333,0.000360570841349801,0.0004486197114935609,0.00035989578662974316,0.0005211621121188761
69.125,0.00034653220530431834,0.0004356858057174554,0.0003448087049229319,0.0005069140889090546
69.16666666666667,0.0003417408883638353,0.00043002143086557347,0.0003350530434668699,0.0005019631896418544
69.20833333333333,0.0003465799339951407,0.0004332484351474868,0.00033850592591576475,0.0005047687671653088
69.25,0.00036080409160123674,0.000447631743175527,0.0003589130240319243,0.0005231002381987983
69.29166666666667,0.0003830566127523309,0.00046329716446437126,0.00037343219133227276,0.0005430059673533739
69.33333333333333,0.00041126133756988,0.00048788051346298274,0.00039478296670178334,0.0005653205379537088
69.375,0.0004436218177867562,0.0005245245930089117,0.0004231017574527977,0.0006042307114209403
69.41666666666667,0.00047845123747328124,0.0005555835426180868,0.00044651305706287705,0.000643875916840494
69.45833333333333,0.0005132727410546528,0.0005797873273679496,0.0004794330818567441,0.0006754726439921531
69.5,0.0005459776081100027,0.0005942402387318224,0.0005162595184963957,0.0007025419466626005
69.54166666666667,0.0005745121193039412,0.0006225732890629603,0.0005366478892851749,0.000731076457856539
69.58333333333333,0.0005970777388853161,0.0006471833168994866,0.0005812098356836548,0.0007533987162056825
69.625,0.0006124189795251869,0.0006642307799856011,0.000597116996220863,0.0007635780066412849
69.66666666666667,0.000619502480239023,0.000668586865234308,0.0005993897304024919,0.0007654042988602933
69.70833333333333,0.0006179250528562064,0.0006713451223394954,0.0006010733492251554,0.0007667027007736224
69.75,0.0006076706738226043,0.0006697861332582332,0.0005896616551139619,0.0007594762468531818
69.79166666666667,0.0005887217900185644,0.0006487710140903534,0.0005751501136548841,0.000743578722613218
69.83333333333333,0.0005616862613156729,0.0006185170820587542,0.0005285498698150191,0.000710783181785011
69.875,0.0005289057574520629,0.000597324633653215,0.0005138092097528664,0.0006705377067590934
69.91666666666667,0.0004933955694171981,0.0005726593016465596,0.00048225476900272233,0.0006379625553907085
69.95833333333333,0.00045732733151754675,0.0005389220524876344,0.00044235554388159505,0.0005989762636063994
70.0,0.0004233359671326617,0.0005126338570498593,0.0004188736948329561,0.0005649718225247275
70.04166666666667,0.00039386373055380955,0.00047796966436221565,0.00039265603741969545,0.0005540434518764174
70.08333333333333,0.0003709361393395124,0.0004618144502110701,0.00037026108461945455,0.0005321583229898535
70.125,0.0003563249746757355,0.00045057434007818206,0.0003546014742943491,0.0005173377711617379
70.16666666666667,0.0003511991065462157,0.00044330856216979325,0.0003500427672904804,0.0005120523207055009
70.20833333333333,0.00035596571399841906,0.00044599780191357803,0.0003534232115602732,0.0005147854600498532
70.25,0.00037037641838735916,0.0004607899537318579,0.0003684853508180467,0.0005355616256884145
70.29166666666667,0.0003930510568724822,0.00047850752063649277,0.00038342663545242405,0.0005531331533901151
70.33333333333333,0.0004218629407649931,0.0005042525329186316,0.00040538456989689645,0.000575922141148822
70.375,0.00045495996707003224,0.0005404707177208375,0.00043443990673607376,0.0006155688607042163
70.41666666666667,0.0004906417575108692,0.0005707551299189845,0.00045870357710046505,0.0006555696802167626
70.45833333333333,0.0005263550975543411,0.0005924030357775621,0.0004915463497486201,0.0006885550004918414
70.5,0.0005599441144562797,0.0006104280358082024,0.0005302260248426727,0.0007167679793831176
70.54166666666667,0.0005893212261069402,0.0006337081321542241,0.0005691508048914423,0.0007458855646595379
70.58333333333333,0.0006126079572902672,0.0006607204950911924,0.0005976087360244939,0.0007689289346106335
70.625,0.0006285332959228386,0.0006767039905943114,0.000613199952333469,0.0007796923230389365
70.66666666666667,0.0006360276516650279,0.0006811969584334617,0.000615883541543451,0.0007819294702862981
70.70833333333333,0.0006346463565875979,0.0006840985129111058,0.0006177632926715012,0.0007834240045050139
70.75,0.0006243638575475955,0.0006849115377963421,0.0006058545330888392,0.000776169430578173
70.79166666666667,0.0006051528035034108,0.0006648817892258458,0.0005909730817470055,0.0007600097360980644
70.83333333333333,0.0005776061079642073,0.00063680053518797,0.0005618413344624273,0.0007267030284335453
70.875,0.0005440899135163051,0.0006123643961919063,0.0005283853204243837,0.0006857218628233357
70.91666666666667,0.0005076931135485616,0.0005953725909665182,0.0004962369106389804,0.0006535557356283169
70.95833333333333,0.0004706625274045216,0.0005627980308158358,0.00046381977831812894,0.0006138487824425854
71.0,0.0004357209484953806,0.000534641339309091,0.00043056665246796297,0.0005788941268366574
71.04166666666667,0.0004053452860169527,0.0004954799272469147,0.00040344556915512656,0.0005658330375386191
71.08333333333333,0.00038163107064965437,0.0004767549025427587,0.0003802639922018845,0.0005443905772492065
71.125,0.00036643961016697405,0.0004629857688494767,0.0003640240860578756,0.0005321004798206217
71.16666666666667,0.00036096086754006015,0.0004557067830563697,0.0003591125045566128,0.0005228340602266799
71.20833333333333,0.00036563640013388487,0.0004576833144068051,0.00036301788596883837,0.000525697814227594
71.25,0.00038022773942676305,0.00047478063456380006,0.0003782292998455041,0.0005467085828340634
71.29166666666667,0.00040332918075985155,0.0004923138223284861,0.00039348104699767615,0.000563721049491701
71.33333333333333,0.00043276063453289733,0.0005245911243954682,0.00041605855132268344,0.0005878333668542543
71.375,0.00046661103953311677,0.0005649048895440125,0.00044678409732696955,0.0006301052710100292
71.41666666666667,0.0005031532982234218,0.0005926047955015927,0.00047139938698855264,0.0006687841029554037
71.45833333333333,0.0005397743576472316,0.0006120111214759753,0.0005051498790170458,0.0007026771426108205
71.5,0.0005743222943166583,0.0006310487113556129,0.0005442730808899105,0.0007318490412695848
71.54166666666667,0.0006044869741711373,0.0006535031465673122,0.0005864280592483917,0.0007617541947498237
71.58333333333333,0.0006285888889615116,0.000682253069970754,0.0006132899041676431,0.0007856127483079665
71.625,0.0006450684366068457,0.0006991880831509411,0.0006294353294893809,0.0007991128015656721
71.66666666666667,0.0006530093738806314,0.0007016214571769764,0.0006325655002309594,0.0008009696608866772
71.70833333333333,0.0006518140423248695,0.0007056663972208969,0.0006351466078693537,0.0008026501586270613
71.75,0.0006415556648429203,0.0007109779558070418,0.0006235546127423643,0.0007964055701503019
71.79166666666667,0.0006220895968880874,0.0006925121554630955,0.0006085258871324935,0.0007799908617595448
71.83333333333333,0.000593990089548333,0.0006643076271507788,0.000581290975196792,0.0007461313422944751
71.875,0.0005596862171929216,0.0006356283300353653,0.0005445976361018116,0.0007043624987767562
71.91666666666667,0.0005224249581026763,0.0006116445702827567,0.0005106212113947741,0.0006689913399057431
71.95833333333333,0.00048436511644862256,0.0005779528398868009,0.000478156698022459,0.0006464975645960779
72.0,0.0004484999080578971,0.0005440044270323491,0.0004439616240312908,0.0006107578122582402
72.04166666666667,0.000417148564401255,0.0004992086188068417,0.00041556132592503636,0.0005973045280435087
72.08333333333333,0.0003926259159010343,0.00047946344271782926,0.0003915713158388719,0.000580790858642575
72.125,0.0003768531183506967,0.00046356275091125775,0.00037475007262720576,0.0005679194241463329
72.16666666666667,0.0003709874144583062,0.00045639682472089474,0.00036945152986046635,0.0005564529161306152
72.20833333333333,0.0003755544601973513,0.0004586109369773576,0.00037255225394189974,0.0005495925917114575
72.25,0.00039032913266340296,0.00047040194981583434,0.0003879127686207989,0.0005707866934911004
72.29166666666667,0.00041385485000088507,0.0004896089934508007,0.00040158569242265826,0.0005885296481418888
72.33333333333333,0.0004439044030061497,0.0005266298817794331,0.0004241455512094752,0.0006054679325559431
72.375,0.0004785281504957255,0.0005718781672062699,0.00045777366905377394,0.0006484048842671411
72.41666666666667,0.0005159609646214494,0.0006020476391206771,0.0004805096432240641,0.0006861690593781799
72.45833333333333,0.0005534977659153671,0.0006267094136947001,0.0005198642084137837,0.0007209778409037043
72.5,0.0005889837679791356,0.0006456986129182176,0.000555466612671751,0.0007510878049568105
72.54166666666667,0.0006200238373138224,0.000670490662040396,0.0005997572325710685,0.0007818683479172572
72.58333333333333,0.0006448709291438002,0.0006984005663645589,0.00062593438852791,0.0008064720785150036
72.625,0.0006619949864895656,0.0007167084060360956,0.0006436243657710128,0.000824686905136001
72.66666666666667,0.0006703478844637459,0.0007189897807188687,0.0006462664549920522,0.0008244701263752781
72.70833333333333,0.0006694130739748045,0.0007231149138406823,0.0006491080836972669,0.0008274676760620198
72.75,0.0006591180918921066,0.0007254236718870437,0.000637479483969529,0.0008211864829845118
72.79166666666667,0.00063939058395144,0.0007050827900093288,0.0006221735192103449,0.0008047308819969379
72.83333333333333,0.0006107674220027749,0.0006764171213431168,0.0005944149526657326,0.0007705252105806683
72.875,0.0005757089277867121,0.0006386555129194089,0.0005607826546523288,0.0007275265538747106
72.91666666666667,0.0005374916767186006,0.0006097889704497598,0.0005261820056549674,0.0006911994030258314
72.95833333333333,0.0004984555319490786,0.0005757138393842247,0.0004920823001601539,0.0006512240782708228
73.0,0.00046155982335572036,0.0005405138798811605,0.000456856725966353,0.0006131056979498438
73.04166666666667,0.0004292590769993267,0.0004954791636236632,0.00042773040030034964,0.0005987030110353606
73.08333333333333,0.0004039089033548434,0.00047330640762682796,0.00040291286506992266,0.0005797872157283323
73.125,0.0003875076800979405,0.00045133650316642654,0.00038488528750374966,0.0005662873555255249
73.16666666666667,0.0003812444450022212,0.00044635805747971196,0.0003791892135336814,0.0005544233163064784
73.20833333333333,0.00038569869869822733,0.0004483078748076603,0.00038225730404727704,0.0005593962629877497
73.25,0.00040064521171592955,0.00046253248713102257,0.0003978238916487668,0.0005807622053190432
73.29166666666667,0.00042460473132261475,0.00048455192478157283,0.0004121529829373706,0.0005982229658155397
73.33333333333333,0.00045528189795440846,0.0005191205123142236,0.00043466357974370314,0.0006180794610414502
73.375,0.0004906646700149976,0.0005607716343366846,0.0004694356484939708,0.0006671917205004065
73.41666666666667,0.0005289986394420651,0.0005891784040319111,0.0004925075574461794,0.0007002632650783329
73.45833333333333,0.000567474572968368,0.000624474192589408,0.0005336729948875834,0.0007360111788362425
73.5,0.0006039220012823536,0.0006495526220563279,0.0005699681088654447,0.000774859767335702
73.54166666666667,0.0006358342754297962,0.0006842262554031221,0.000615141032826319,0.0007987353169127683
73.58333333333333,0.000661473827925687,0.0007433491361064222,0.0006444006722955025,0.0008241315081764276
73.625,0.0006792203554156728,0.0007615753099105976,0.0006627131196828257,0.0008460769919939789
73.66666666666667,0.0006880207414064669,0.0007618969701061479,0.0006672599681356983,0.0008431995141975364
73.70833333333333,0.000687319427175279,0.0007729634675809975,0.000668433263929732,0.0008453740292624943
73.75,0.0006770425384149268,0.0007647333111813918,0.0006568445861735482,0.0008391109295073319
73.79166666666667,0.0006570504623398097,0.000750692015950722,0.0006409377921467109,0.0008223907603853077
73.83333333333333,0.0006278824833500062,0.0007161715524132818,0.0006129706696941631,0.0007876402719278997
73.875,0.0005920215386260805,0.0006729925602958366,0.000579547738583966,0.0007438391647140789
73.91666666666667,0.0005528864824693453,0.0006286654595642317,0.0005464174936938699,0.0007065942087765762
73.95833333333333,0.0005128415774519108,0.0005918229932583137,0.0005049905265624268,0.000665488567001715
74.0,0.00047487372640571076,0.0005550398814619335,0.0004699447490983404,0.0006264196009998342
74.04166666666667,0.000441638070338722,0.0005190022989536663,0.000439883513721742,0.0006110820043747559
74.08333333333333,0.000415439498384016,0.0004994147230125221,0.00041487727091780936,0.000593898990733901
74.125,0.00039835406902948543,0.0004809343381602252,0.0003960837051652331,0.0005771337444570697
74.16666666666667,0.00039170611926731653,0.00047076421138403824,0.0003900029165287153,0.0005648849905715737
74.20833333333333,0.0003960269346213874,0.0004744325406417347,0.00039293756870037563,0.0005697244989109098
74.25,0.00041113126300804787,0.0004905045439575767,0.0004086619716708237,0.0005912482566111614
74.29166666666667,0.0004355165678295253,0.00053049132141181,0.00042569514162024106,0.0006071259875503233
74.33333333333333,0.00046682774488648936,0.0005636290780537496,0.0004498790447957852,0.0006296253079735311
74.375,0.0005029830612633294,0.0005966960035920668,0.0004840541618375325,0.0006795101117487383
74.41666666666667,0.000542210974370068,0.0006257572960928231,0.0005080200144694123,0.0007134756000063358
74.45833333333333,0.000581659881764315,0.0006677590485885291,0.0005509499839282196,0.0007504560140064296
74.5,0.0006190545116068466,0.0006937397236202669,0.0005872454528199056,0.000789992277660195
74.54166666666667,0.0006518531777078033,0.0007299450602904292,0.0006329988527979748,0.0008150137455650155
74.58333333333333,0.0006783151839031818,0.0007627958677479121,0.0006610867398077354,0.0008409728641539225
74.625,0.0006966671470193914,0.0007798259923272776,0.0006800046228212824,0.0008699747798300708
74.66666666666667,0.0007059524655445769,0.0007802185108263532,0.0006850364038085463,0.0008676969652076471
74.70833333333333,0.0007054731956302749,0.0007909995803668549,0.0006864317439194659,0.0008700935245894909
74.75,0.0006952021752848926,0.0007817497042261428,0.0006746750516094661,0.000863721562609671
74.79166666666667,0.0006749528504351976,0.0007671658707822253,0.0006585110088080508,0.0008523038926674598
74.83333333333333,0.0006452462104126137,0.0007292907141371622,0.0006285124237718826,0.0008170147431772716
74.875,0.0006086141937960696,0.0006874399000777039,0.0005958112223199073,0.0007724425640708325
74.91666666666667,0.000568535464907961,0.0006415898572296536,0.0005635308849195613,0.0007342539354019561
74.95833333333333,0.0005274248432585138,0.0006045551311163365,0.0005192446209349817,0.0006931470103874957
75.0,0.0004884890568606422,0.0005654482544774272,0.00048323090811922383,0.00065204567564153
75.04166666666667,0.00045417343127457843,0.0005306158446049803,0.00045208970322355044,0.0006356281094973767
75.08333333333333,0.0004271306868754743,0.0005086550011017175,0.0004262392879752197,0.0006148761122165019
75.125,0.0004094113679517686,0.000490006608634293,0.00040822983446439794,0.0006002017875661173
75.16666666666667,0.0004023072909927913,0.00048097596842351144,0.0004016929186310717,0.0005874969064838129
75.20833333333333,0.0004064936000002394,0.00048297753865178273,0.0004044930644561093,0.0005922019084765262
75.25,0.0004217592694111257,0.0004987881332143435,0.00042037880845078316,0.0006138870072010036
75.29166666666667,0.00044655550046434825,0.0005389236319786545,0.000437661482298786,0.0006301756643719106
75.33333333333333,0.0004784902321714581,0.0005676869294271867,0.00046246894012447594,0.0006473159668602189
75.375,0.0005154342766045749,0.00060265432410477,0.0004974327852225,0.000687307063495361
75.41666666666667,0.0005555636665776875,0.0006351076386365793,0.0005208073131699138,0.0007323256985587622
75.45833333333333,0.0005959600960253322,0.0006766791697415674,0.0005663328946982207,0.0007702536346122537
75.5,0.0006343237650365161,0.0007062454651887251,0.0006037062436374717,0.0008111672549019867
75.54166666666667,0.0006680415298218808,0.0007467829983061035,0.00065031474362426,0.0008366995040239
75.58333333333333,0.0006952758960738091,0.0007781492476855175,0.0006791604936842299,0.0008636743439015881
75.625,0.0007143073224172089,0.0007957258733556977,0.0006987578399249672,0.0008829519750353969
75.66666666666667,0.0007240394406945049,0.0007980200914537169,0.0007042364206643416,0.0008960661660571059
75.70833333333333,0.0007238203903242572,0.0008118542303063559,0.000705906477325656,0.0008987229449830042
75.75,0.0007135773154176069,0.0007979057016069336,0.0006941632334480477,0.0008927872459092315
75.79166666666667,0.0006930799878823206,0.0007853340780757286,0.00067009698172019,0.0008751535078597227
75.83333333333333,0.0006628303071232732,0.0007504177658304549,0.0006395250107506749,0.0008393213176330709
75.875,0.0006253782999073384,0.000707960057481486,0.0006115347438739794,0.0007939291479272412
75.91666666666667,0.0005843592867819105,0.0006593785636549753,0.0005785050614227529,0.0007548002350210456
75.95833333333333,0.0005422315883703068,0.0006226959234210314,0.0005332017206760169,0.0007126762332444286
76.0,0.0005021624938401243,0.0005831661922934871,0.0004960546997279481,0.0006704415903661519
76.04166666666667,0.00046692904672326825,0.0005486659693040117,0.0004639956733014824,0.0006531062026912064
76.08333333333333,0.00043898430634109286,0.0005242721075694961,0.00043724326207008045,0.0006407664335126852
76.125,0.0004205369047492308,0.000506089443209921,0.0004170877240801727,0.0006233552114220175
76.16666666666667,0.0004130303142265514,0.0004961890390438411,0.00041014829468314436,0.0006127999778691272
76.20833333333333,0.00041705788940223223,0.0004992236819330895,0.0004127897066764147,0.000614794084936957
76.25,0.0004324431757631314,0.000517742022193868,0.0004288241763985163,0.0006520139020823368
76.29166666666667,0.0004576624315653519,0.0005589474592360316,0.0004465007662181021,0.0006657088808383263
76.33333333333333,0.0004902339074051521,0.0005837917141106443,0.00047204187701080727,0.0006897536119115632
76.375,0.000527960045836723,0.0006152710993419705,0.0005076909072729606,0.0007282207915087427
76.41666666666667,0.000568975500115479,0.0006452012140338511,0.000534123089917944,0.0007669894864167082
76.45833333333333,0.0006103451738388964,0.0006897883614965356,0.0005807179725117849,0.0008134245037098773
76.5,0.0006496738036498491,0.0007229645385925565,0.0006190918074873989,0.0008317203917794513
76.54166666666667,0.0006842830640279078,0.0007627290875128341,0.000666212132239854,0.0008817268295139862
76.58333333333333,0.0007123495797566214,0.0007958086358951862,0.0006962341773670423,0.0009017566206723236
76.625,0.0007320043735911523,0.000814414882014114,0.0007164548910989106,0.0009215660171857386
76.66666666666667,0.0007422192772315523,0.0008168060180652469,0.000722416257201389,0.0009311713546720938
76.70833333333333,0.0007422486501653533,0.0008330622797391035,0.0007243347371667521,0.0009340765569020407
76.75,0.0007320326055007715,0.0008166621918533272,0.0007126185235312122,0.0009331934060063785
76.79166666666667,0.0007112903292144932,0.0008055155129911614,0.0006883073230523625,0.0009153147192058779
76.83333333333333,0.0006805026986209569,0.0007642797175353386,0.0006571974022483586,0.0008809794583839316
76.875,0.0006422717628714452,0.0007238725182085855,0.0006284282068380861,0.0008348083601445248
76.91666666666667,0.0006002974451408237,0.000676366088797053,0.0005944432197816661,0.0007947241426331357
76.95833333333333,0.0005571164936591793,0.0006372590229943043,0.0005479905691751281,0.000753330370926327
77.0,0.0005159905658297509,0.0005973914859094791,0.0005099796805518996,0.0007108166471326117
77.04166666666667,0.0004797429333676182,0.0005621327268977674,0.0004768095599458323,0.0006922735643567213
77.08333333333333,0.0004509065377587242,0.0005354852573808053,0.0004491654934877118,0.0006685920860626468
77.125,0.0004317584849459787,0.0005180889729209806,0.00042836226507542564,0.0006504802127510957
77.16666666666667,0.0004238033437657275,0.0005068107698661605,0.0004209213242223205,0.0006394177989927184
77.20833333333333,0.00042767238514010376,0.0005106436774332285,0.0004234280544353764,0.0006412533722592438
77.25,0.00044318770956784117,0.0005282515406834201,0.0004395687102032261,0.0006602990652970786
77.29166666666667,0.00046878846549305766,0.000568111725734163,0.0004576268001458079,0.0006744810733665347
77.33333333333333,0.0005019802487283044,0.0005909319589481053,0.00048378821833395966,0.000696963428402798
77.375,0.0005404908105493261,0.0006223228561148804,0.0005184298605252604,0.0007391627216408372
77.41666666666667,0.0005823914436898751,0.0006505182359415146,0.0005475390334923402,0.0007798452835809261
77.45833333333333,0.0006247374594256886,0.0006999097073112717,0.0005941997227624391,0.0008272566428864913
77.5,0.0006650077064252224,0.0007342332380574464,0.0006344257102627722,0.000846503563798855
77.54166666666667,0.0007005439790799973,0.0007739785575796785,0.0006824730472919434,0.0008951030999424073
77.58333333333333,0.0007294044514786969,0.0008122420801186326,0.0007133294935348021,0.0009159268477707305
77.625,0.0007497195898198182,0.0008312865427695033,0.0007341701073275765,0.000936396588790736
77.66666666666667,0.0007604120814267667,0.0008363539941866943,0.0007406090613966034,0.000943531823992231
77.70833333333333,0.0007606816920403399,0.0008489298825108151,0.0007427677790417386,0.0009466772639019499
77.75,0.000750479288151589,0.0008352259585729931,0.0007310652061820298,0.0009481416676498175
77.79166666666667,0.0007294877137281874,0.0008275805513952664,0.0007055941722299187,0.0009276797688444947
77.83333333333333,0.0006982018058710085,0.0007819712891015012,0.0006745255597502393,0.0008928462307589058
77.875,0.000659203902795941,0.0007466947055813141,0.000645360346762582,0.0008459081651939433
77.91666666666667,0.0006162522273887678,0.0006959673459100851,0.0006107056503252047,0.0008048465900060026
77.95833333333333,0.0005720461583843996,0.000654702703958829,0.0005629202339003484,0.0007594073736191684
78.0,0.0005299081759465972,0.0006141937503899052,0.0005238972906687459,0.0007158815952170791
78.04166666666667,0.0004925098730307417,0.0005812797645871065,0.0004895764996089558,0.0006961878419874659
78.08333333333333,0.00046286938383226125,0.0005510241509723329,0.00046112833956124885,0.000671702270103805
78.125,0.00044302449973794355,0.0005346086707562338,0.0004396282798673905,0.0006528935655106817
78.16666666666667,0.00043456306814330817,0.0005215457081838032,0.0004316810485999011,0.0006442725515893291
78.20833333333333,0.0004382812995218531,0.0005260018228049638,0.00043403696881712576,0.0006459573148600231
78.25,0.0004539182568443164,0.0005425816555918543,0.00045029925747970133,0.0006626823693721336
78.29166666666667,0.0004799034851181816,0.0005822937042283203,0.0004687418197709318,0.0006773556732986219
78.33333333333333,0.0005137027349998512,0.0006028087954677014,0.0004958068051810696,0.0007096464948998078
78.375,0.0005529783339221239,0.0006343359582496392,0.0005309173838980581,0.0007493257468001445
78.41666666666667,0.0005957572346735253,0.000662477817234887,0.0005609048244759904,0.0007908865763510861
78.45833333333333,0.0006390596166163756,0.0007120291793473569,0.0006062609261223988,0.000839254301863688
78.5,0.0006802795470939119,0.0007485982666216022,0.0006496975509314618,0.0008617383682253669
78.54166666666667,0.0007167210816847571,0.0007869210347414597,0.0006986501498967032,0.0009112802025471671
78.58333333333333,0.0007463800921539494,0.000825495758937186,0.0007303051342100546,0.0009329024884459832
78.625,0.0007673491912474918,0.0008456276899019185,0.0007518401532009344,0.0009540261902184096
78.66666666666667,0.0007785143131598274,0.0008530402784705018,0.0007587112931296641,0.0009616340557252916
78.70833333333333,0.0007790455993684584,0.0008663924600181738,0.0007611316863698572,0.0009650411712300685
78.75,0.0007688770936330924,0.0008563249630998927,0.0007494630116635332,0.0009665024368891432
78.79166666666667,0.000747652640320781,0.0008460162786093497,0.0007214981449917851,0.0009458446954370884
78.83333333333333,0.0007158502177017078,0.0007992431842846232,0.0006938254923422587,0.0009104946425896051
78.875,0.0006760780233291886,0.0007602072014698323,0.0006589961241950666,0.0008657062612821262
78.91666666666667,0.0006321803243720551,0.00070645975499199,0.0006226106108693268,0.0008207746869892898
78.95833333333333,0.0005869394479002045,0.0006662263588677487,0.0005747355666052899,0.0007736010718140954
79.0,0.0005437399958949362,0.0006271678552397962,0.0005346511538062213,0.0007297134151654181
79.04166666666667,0.0005053212471760021,0.0005963690987063476,0.0004993099169433527,0.0007089992161327263
79.08333333333333,0.0004747831009955873,0.0005646267300821691,0.00046996409991371143,0.0006821849445980446
79.125,0.00045422998561192384,0.0005491399447508865,0.0004477558089305073,0.0006611976883305666
79.16666666666667,0.0004452994441141033,0.0005386970225971702,0.0004393394677598328,0.0006550089275601242
79.20833333333333,0.00044883217898895433,0.0005438151796366814,0.0004415098914733635,0.0006565081943271243
79.25,0.00046458770749411286,0.0005595800153077316,0.0004578907513186343,0.0006733518200219301
79.29166666666667,0.0004909696093450758,0.0005979854093534113,0.0004747895392038011,0.0006886618240608121
79.33333333333333,0.0005253546302754496,0.0006117820020418817,0.0005008877320685397,0.0007212983901754062
79.375,0.000565352749274308,0.0006448512360732056,0.0005365888450921144,0.0007661676895221167
79.41666666666667,0.0006090251369170068,0.0006714087693257338,0.0005722217384808625,0.0008041544785945676
79.45833333333333,0.0006532204028067142,0.0007215906589268886,0.0006167102808281655,0.0008534150880540267
79.5,0.000695428606347344,0.0007631703242454473,0.0006602733830486263,0.0008768874274787989
79.54166666666667,0.0007327421097764422,0.0007991818637213927,0.0007107490330486839,0.0009273012306388522
79.58333333333333,0.0007631798105101942,0.0008420583910218205,0.0007435168405727102,0.000949702206802228
79.625,0.000784825539021122,0.0008593123627783265,0.0007656050694899928,0.0009716172686316673
79.66666666666667,0.0007964274951218619,0.000867920677653624,0.0007732759244220997,0.000979547237687326
79.70833333333333,0.0007972635844536329,0.0008799470701871952,0.0007759866237790924,0.0009832591563152429
79.75,0.0007871410761771416,0.0008710099842973706,0.0007643639465316431,0.0009847664194331924
79.79166666666667,0.000765714513256543,0.0008590926081340864,0.0007330557475315443,0.0009639065683728502
79.83333333333333,0.0007333902464489117,0.0008122280276782747,0.000700880900071073,0.0009280346713368091
79.875,0.0006928172123040593,0.0007758979424426111,0.0006700189672878149,0.0008824454502569969
79.91666666666667,0.0006480036987106083,0.0007235961262970931,0.0006351701468113352,0.0008351277381862928
79.95833333333333,0.0006017037879049291,0.000681859695031408,0.00058607568192357,0.0007865167066421327
80.0,0.0005574808514800789,0.0006440953561929999,0.0005449677847049196,0.0007416055655738735
80.04166666666667,0.0005180551486217622,0.0006174216875105207,0.0005086195937026684,0.0007357557380000744
80.08333333333333,0.0004865775660786416,0.0005847911716990552,0.0004783343403103213,0.0007032248321481321
80.125,0.0004653562435875444,0.0005697001093940232,0.0004552998963292884,0.0006825459694569857
80.16666666666667,0.0004559525226827912,0.0005612575063498849,0.00044656832164207625,0.0006758840292796108
80.20833333333333,0.00045926523715929745,0.000562498666201158,0.0004485187249572622,0.000677163275648266
80.25,0.0004751231884146029,0.0005735302317809817,0.0004648440616622849,0.0006941093240932188
80.29166666666667,0.0005018590367152255,0.0006100676791517927,0.00047909525090480547,0.0007089094494667248
80.33333333333333,0.0005368295274183338,0.0006198126086550937,0.0005047081485468014,0.0007313029641767402
80.375,0.0005775874169186842,0.0006529659878513171,0.0005416763994858545,0.0007765536519898057
80.41666666666667,0.0006220615608074371,0.000681613580862399,0.0005781110491206567,0.0008153421973083106
80.45833333333333,0.0006672473701748557,0.0007327123296452548,0.0006235901349456709,0.0008497878554216895
80.5,0.0007103079667949657,0.0007776100545006904,0.0006686350905900862,0.0008899180827497333
80.54166666666667,0.0007485591348580066,0.0008110144562051963,0.0007200484052240865,0.0009259571858634895
80.58333333333333,0.0007797489601151628,0.0008555292115387868,0.000753568337271517,0.0009649273297184323
80.625,0.0008020470030775912,0.0008727450247438377,0.0007763233776466405,0.0009874947059993722
80.66666666666667,0.0008141126339163967,0.0008812629540806736,0.0007844434103104726,0.0009958883497930967
80.70833333333333,0.0008151974358868828,0.0008909125054028445,0.0007868874293175044,0.0009998489810597287
80.75,0.0008051072426135183,0.0008830094147788147,0.0007784565580558828,0.001001388559180805
80.79166666666667,0.0007834507528196521,0.000867144093942978,0.0007485898703971111,0.0009802987812471953
80.83333333333333,0.0007506359403163061,0.0008229342204934849,0.0007187272671575847,0.0009439363385154393
80.875,0.0007093219298687779,0.0007886266270320106,0.0006881951230671282,0.0008976925319769695
80.91666666666667,0.0006636229825683364,0.0007320725762270127,0.0006524608688836578,0.0008513380913759621
80.95833333333333,0.0006163085902746509,0.0006843334557137293,0.0006021154977506768,0.0008017125783437957
81.0,0.0005709961424696586,0.0006476000088144005,0.0005611493129691596,0.0007557119258953945
81.04166666666667,0.000530673844138134,0.0006194116668071078,0.0005239045264937006,0.0007489655028483875
81.08333333333333,0.0004982486974232597,0.0005858369154999347,0.0004926717089295997,0.0007132632282184024
81.125,0.0004762886020017594,0.0005686074640047696,0.0004688984920181637,0.0006940693972031419
81.16666666666667,0.0004664603715234839,0.000562674821332649,0.00045976625977851946,0.0006869829474522446
81.20833333333333,0.0004695526889978475,0.0005609796475236366,0.00046147241407047256,0.0006879235510880821
81.25,0.0004854966460376588,0.0005716656263928992,0.000477883756560001,0.0007049556053175407
81.29166666666667,0.0005126038608726768,0.000606131314260841,0.000495665803319618,0.0007201270972254421
81.33333333333333,0.0005481209669602396,0.0006191295178784946,0.0005218253163460684,0.0007450242901040279
81.375,0.000589563558167847,0.0006523284818861914,0.0005592418442351689,0.0007909596796243503
81.41666666666667,0.000634907551666357,0.0006813351700479847,0.0005962212111056735,0.0008306180745526122
81.45833333333333,0.000680939938443809,0.0007405068165556172,0.000637673739400112,0.0008658987617316529
81.5,0.000724970362486881,0.0007896009217841385,0.0006838948969783394,0.0009069988164826588
81.54166666666667,0.0007640037601113611,0.0008257382300996532,0.0007348882178090299,0.0009433270190143027
81.58333333333333,0.0007960151212140256,0.0008721853490805758,0.0007692296857019688,0.0009831186987147539
81.625,0.0008188976997070127,0.0008906658560878012,0.0007948868424706058,0.0010078872354270818
81.66666666666667,0.0008314549787578784,0.0008983175382707728,0.0008034985233464981,0.0010151559025320372
81.70833333333333,0.0008327916363306848,0.0009115869868036191,0.0008061943979558502,0.0010197767068683044
81.75,0.0008227446147957755,0.0009013735782723329,0.0007972027615276371,0.0010209511392605208
81.79166666666667,0.0008008813263303873,0.0008889370890022794,0.0007677354265837624,0.000999654562655389
81.83333333333333,0.0007675872464217918,0.0008414920438546403,0.0007390657115465075,0.0009628128525183836
81.875,0.0007255630629635067,0.0008001794910207301,0.0007057464255713055,0.0009147275456778914
81.91666666666667,0.0006789424070697998,0.0007439324566929787,0.0006690524767929777,0.000868496332930866
81.95833333333333,0.0006306590952881001,0.0006891862488171608,0.0006174608018241917,0.0008179019004106856
82.0,0.0005843442661933884,0.0006551563802556482,0.0005744974366928894,0.0007708988666725649
82.04166666666667,0.0005429746839931134,0.0006263471960346056,0.00053620536634868,0.0007611480969726916
82.08333333333333,0.0005097139136611995,0.0005917972840605897,0.0005041369251675394,0.000724610198725667
82.125,0.0004870790937602711,0.000575445663802365,0.00047968898377667544,0.0007047416432309784
82.16666666666667,0.00047673384713062245,0.0005681624702658986,0.0004700688441630729,0.000697138177328708
82.20833333333333,0.0004796408787974875,0.0005654254952695042,0.0004680504087062702,0.0006980117408877221
82.25,0.0004956635824224053,0.0005773523239186982,0.0004796168380682831,0.0007151225417022872
82.29166666666667,0.0005230792491359423,0.0006120583196770396,0.0004970711672216989,0.0007306024854887076
82.33333333333333,0.0005591413521514326,0.0006292969007717499,0.0005237756771760768,0.0007573208454997479
82.375,0.0006012880456793211,0.0006634540567322101,0.0005621898511344277,0.0008032558555894062
82.41666666666667,0.0006474369103201379,0.0006999570166557743,0.0006017072025394859,0.0008431474332063932
82.45833333333333,0.0006943238130893052,0.000758263220772904,0.0006419875896844237,0.0008851321065698223
82.5,0.0007392462912007657,0.000809003652311907,0.0006891008013310394,0.0009271242153892165
82.54166666666667,0.0007791222772275136,0.0008482087954632146,0.0007428452909287283,0.0009647033237904434
82.58333333333333,0.0008118541903912094,0.0008947340901478774,0.0007759987305179679,0.0010048072380846105
82.625,0.0008353811134914484,0.000915201949925364,0.0008023002318938569,0.0010302201194041906
82.66666666666667,0.0008483539764157852,0.0009207092824597336,0.0008113274966432203,0.0010379709455563102
82.70833333333333,0.0008499739356993535,0.0009373535632723668,0.0008143066729633342,0.001042808476429646
82.75,0.0008399510233091149,0.0009247291008346321,0.0008053391456797918,0.0010440070179665332
82.79166666666667,0.0008179035129893216,0.0009125013341818367,0.0007756875888815121,0.0010225262195069965
82.83333333333333,0.0007841486037813221,0.0008660625521026975,0.0007543663767036424,0.000985559964505263
82.875,0.0007414218037273149,0.0008166816298995387,0.0007128286857228984,0.0009367720410690487
82.91666666666667,0.0006939242138218475,0.0007575449729293198,0.0006754898053392606,0.0008908734893410968
82.95833333333333,0.0006446759601978952,0.0006999711058857951,0.0006255201860444878,0.0008381045199478298
83.0,0.0005973780320543128,0.0006676102818063127,0.0005790852857711763,0.0007901183871608385
83.04166666666667,0.000555026333742029,0.000639452389023909,0.0005398231612211311,0.0007793855013489564
83.08333333333333,0.0005209211127470547,0.0006040747157605582,0.0005069102693769301,0.0007420031524388714
83.125,0.0004975944570294634,0.0005854779608312082,0.00048177049216940323,0.0007177198443976785
83.16666666666667,0.00048677218177000585,0.0005819415122467171,0.0004716733239259918,0.0007096393498655992
83.20833333333333,0.0004894718680172378,0.0005816310648028927,0.0004729868469908133,0.0007117296089193164
83.25,0.0005055533217078289,0.0005981375692969672,0.0004962877252819955,0.0007288991597995549
83.29166666666667,0.0005332790712195768,0.0006331620100250354,0.0005141627605629224,0.0007365174053521158
83.33333333333333,0.0005698588948200261,0.0006521483116726883,0.0005413729291960863,0.0007742466013911973
83.375,0.0006126778226337441,0.0006847919831928281,0.0005661768152405203,0.0008189122233444921
83.41666666666667,0.0006595953636828266,0.0007229603003639831,0.0006212583521670497,0.0008595724773697448
83.45833333333333,0.0007073364902074447,0.0007813454947322074,0.0006618920380601521,0.0008965619042959515
83.5,0.0007531024749433042,0.0008308948739069401,0.0007098487563311669,0.0009393975197397449
83.54166666666667,0.0007937837659359423,0.0008727642395247415,0.0007643985508947461,0.0009801158469745607
83.58333333333333,0.0008272573488966782,0.0009199134923138654,0.000798216279445915,0.0010186275171980693
83.625,0.0008513530107289058,0.0009457010937130752,0.0008251639003889035,0.0010446091372496378
83.66666666666667,0.0008647845635166134,0.0009531418013975687,0.0008346498550016377,0.001054423991252645
83.70833333333333,0.0008666385352803899,0.0009767718566098412,0.0008378630438019597,0.0010618294484738878
83.75,0.0008566824334565847,0.0009672983896525733,0.0008289623270848507,0.0010607608867095096
83.79166666666667,0.0008344434320245677,0.0009509534397624183,0.0007991192791743472,0.001039088597137749
83.83333333333333,0.0008002282743693457,0.0008985104695365793,0.000777844276365221,0.0010016620936887932
83.875,0.0007568175786515843,0.0008439247013417561,0.0007351162319047569,0.0009521902745888247
83.91666666666667,0.0007084977680309984,0.0007871481808836411,0.0006969551308060004,0.0009054695021457541
83.95833333333333,0.0006582997635535314,0.0007247828620994427,0.0006460357606577131,0.0008517507818989725
84.0,0.0006100339107347304,0.0006852064615609916,0.0005839636038045339,0.0007997673455349098
84.04166666666667,0.000566776719133624,0.0006557402948473339,0.0005584653178703151,0.0007759521984630431
84.08333333333333,0.0005317951136644254,0.0006197645833697188,0.0005246760415518898,0.000746517358759152
84.125,0.0005078010566354305,0.0006001004704296312,0.0004988688630329593,0.0007245735697129018
84.16666666666667,0.0004965348877931722,0.0005922582975736737,0.0004883278012067471,0.0007131478185439262
84.20833333333333,0.0004990017168033687,0.0005917985330299324,0.0004894084670345332,0.0007166105583481247
84.25,0.0005151369777192163,0.0006051987402656775,0.0005065310720300999,0.0007370414914964721
84.29166666666667,0.0005431610338416414,0.000641213457421184,0.000524044723184987,0.0007460646444575797
84.33333333333333,0.0005802397169500152,0.0006610989347434013,0.0005517537513260753,0.0007864083495131266
84.375,0.0006236931072354419,0.0006907361654341472,0.0005772258561327806,0.0008299275079461898
84.41666666666667,0.000671345813701157,0.0007313007126268659,0.0006330088021853801,0.0008713229273880752
84.45833333333333,0.0007199081318615258,0.0007909009188059894,0.0006729708781633934,0.0009091335459500327
84.5,0.0007664861093610822,0.0008385528639804178,0.0007235467809555401,0.0009527811541575229
84.54166666666667,0.0008079517591553043,0.0008826529747592004,0.0007785665441141081,0.0009942468039517449
84.58333333333333,0.0008421274231690458,0.0009282311922327368,0.0008130863537182826,0.0010334975914704368
84.625,0.0008667766859793621,0.0009552614023018667,0.0008405875756393597,0.0010600328125000941
84.66666666666667,0.0008806534701344389,0.000960914789131416,0.0008505187616194631,0.0010721112112010741
84.70833333333333,0.0008827276743500553,0.0009855409794174014,0.0008539521828716251,0.0010796998646319792
84.75,0.0008728329051269128,0.0009764536174424413,0.0008451127987551787,0.0010769113583798378
84.79166666666667,0.0008504068263883295,0.0009581076094062493,0.000813589871987269,0.0010550519915015109
84.83333333333333,0.0008157779542016189,0.0009076777633335176,0.0007933939561974943,0.0010172117735210663
84.875,0.0007717177536157187,0.0008512532380038104,0.0007512396189995236,0.000967090449552959
84.91666666666667,0.0007225694023590865,0.000798920745770588,0.0007123931041283378,0.0009213220624657827
84.95833333333333,0.0006714888863537352,0.0007390320785957577,0.000659224883457917,0.0008649399046991764
85.0,0.0006222885558425259,0.0006997084265802232,0.0005962182489123294,0.0008120219906427052
85.04166666666667,0.0005780825223645497,0.0006706326142940514,0.0005697711211012407,0.0007724270598068282
85.08333333333333,0.0005423409223442649,0.0006330901935063645,0.0005352218502317293,0.0007576773887219404
85.125,0.0005176742347180178,0.0006126313725620185,0.0005094017318522637,0.000737027927771885
85.16666666666667,0.0005059289782973525,0.0006030344481983447,0.0004977218917109274,0.0007225419090481066
85.20833333333333,0.0005082067281667608,0.000601357070653334,0.0004984555325075302,0.0007280905376991555
85.25,0.0005243780770863981,0.0006139198560705394,0.0005157721713972817,0.0007462825908636539
85.29166666666667,0.0005526734673711022,0.0006514333975310164,0.0005335571567144478,0.0007455158524868889
85.33333333333333,0.0005902166988874574,0.0006717222593266668,0.0005617307332635176,0.000797148042124806
85.375,0.0006342808396443221,0.0007027847468269955,0.0005883256480440767,0.0008405152403550702
85.41666666666667,0.0006826499953268865,0.0007444831371549865,0.0006443129838111096,0.0008826271090138046
85.45833333333333,0.0007319810880668877,0.0008070049920317018,0.000684331521235327,0.0009212065021553946
85.5,0.0007793516408059716,0.0008511428569264976,0.0007243167849387592,0.0009656466856024123
85.54166666666667,0.0008215550737010512,0.0008980207980698134,0.0007913080630081594,0.0010078501184974918
85.58333333333333,0.0008563974959438569,0.0009432744733961196,0.0008273564264930937,0.001048175981712563
85.625,0.000881610536865558,0.0009704016065826162,0.0008554214265255556,0.00107486666338629
85.66666666666667,0.0008958759545764829,0.000976790103414583,0.0008657412460615072,0.0010877420131104334
85.70833333333333,0.0008982059025428471,0.0010070501569873764,0.0008694304110644169,0.0010951780928247711
85.75,0.0008883470482458666,0.000997779911011695,0.0008574554527072671,0.0010924255014987914
85.79166666666667,0.0008657619108754219,0.0009783501788651762,0.0008289449564743615,0.0010704070759886032
85.83333333333333,0.0008307274138433158,0.0009297487593971502,0.0008110291769023409,0.0010329239438370004
85.875,0.0007860394633828929,0.0008758435092300268,0.0007565500382018993,0.0009821748699943703
85.91666666666667,0.000736108125358671,0.0008265469006464099,0.0007263777988060468,0.000934845743755797
85.95833333333333,0.0006841659401832735,0.0007746640785338064,0.0006721984264473124,0.0008783796692029517
86.0,0.0006340680989820882,0.0007331124726397957,0.0006082942812117489,0.0008245642444565046
86.04166666666667,0.0005889853779657741,0.0007003107932288451,0.0005809704658623224,0.0007840926260822899
86.08333333333333,0.0005524647283746338,0.0006627505789033992,0.0005456421454219556,0.0007674262147879189
86.125,0.0005271561274262675,0.0006397483633376761,0.0005170802430463651,0.0007472725311543719
86.16666666666667,0.0005149677593147933,0.0006289943224707724,0.0005047993453238248,0.0007323434007397844
86.20833333333333,0.0005170360285134369,0.0006272456044504381,0.0005054814513400579,0.0007376825487200688
86.25,0.0005332368767723013,0.0006396715840112723,0.0005249274602430421,0.0007559041012237944
86.29166666666667,0.0005617903016268641,0.0006706913147848903,0.0005448476925309433,0.000755395397416888
86.33333333333333,0.0005997780721342483,0.0006906191151137051,0.000573465808071042,0.0008059316629877895
86.375,0.0006444171226233143,0.0007200783356702742,0.0006022959789632831,0.0008506515233340622
86.41666666666667,0.0006934581663256865,0.0007586956975045898,0.0006578069158730593,0.0008934352800126047
86.45833333333333,0.0007435297531667624,0.0008201924651571308,0.0006985659473983513,0.0009327551672552693
86.5,0.0007916499855000243,0.0008587782370329897,0.0007370399368652341,0.000977945030296465
86.54166666666667,0.0008345623187462259,0.0009107782423470604,0.0008070010691164837,0.0010208573635426665
86.58333333333333,0.0008700456251543857,0.0009532618401541068,0.000843690316766772,0.0010641580247907907
86.625,0.0008957804239865621,0.000982049734986789,0.0008722770747097093,0.0010874302791626642
86.66666666666667,0.0009104317170997366,0.0009892895872850387,0.0008829827696479104,0.0011057069154490125
86.70833333333333,0.0009129899630356818,0.0010253496247159967,0.0008869002326204013,0.0011110373792652325
86.75,0.000903183112112266,0.0010144681541449149,0.0008749772776368162,0.0011072615653651909
86.79166666666667,0.0008804365875594523,0.0009958120090984345,0.0008463053942215415,0.0010850817526726337
86.83333333333333,0.0008450174109924166,0.0009539152254736746,0.0008253191740514417,0.0010472139409861013
86.875,0.0007997341463653107,0.0009024599294894974,0.000770244721184317,0.000995869552976788
86.91666666666667,0.0007490610219446619,0.0008508086956427177,0.0007398955995026493,0.0009486358872514315
86.95833333333333,0.0006962933167145896,0.0007975298984821488,0.0006848907070892403,0.0008905070457342678
87.0,0.0006453361829152117,0.0007546707123747975,0.0006192503602322435,0.0008358323283896281
87.04166666666667,0.0005994177790774138,0.000717294897890373,0.0005919677710845738,0.0007935584497335537
87.08333333333333,0.0005621447898098539,0.0006832670238571732,0.0005558871109677873,0.0007771062762231389
87.125,0.0005362205526159529,0.0006603149100264736,0.0005267095723466621,0.0007563369563440573
87.16666666666667,0.0005236047825133642,0.0006519575312978617,0.0005140012726330075,0.0007409804239383555
87.20833333333333,0.0005254638089950823,0.0006547330958518885,0.000514474135932315,0.0007834504084411439
87.25,0.0005416911373654417,0.0006666528165623247,0.0005339466249467942,0.0008025356879660081
87.29166666666667,0.0005704863162571628,0.0006946193582457832,0.0005541086112718537,0.0008004649138262403
87.33333333333333,0.0006088847727392126,0.0007102535838799023,0.0005831374127866181,0.0008501717084513726
87.375,0.0006540573572232476,0.0007363709167179475,0.0006128087659694226,0.0008905743682208076
87.41666666666667,0.0007037304523489027,0.0007734436237861475,0.0006686441060068871,0.0009360047651345778
87.45833333333333,0.0007545313529165193,0.0008338987853231314,0.0007117839720200401,0.0009729002174639966
87.5,0.0008033308121815967,0.0008707644960629857,0.0007471597997036544,0.0010187693074370078
87.54166666666667,0.000846938921124659,0.0009227789918975612,0.0008199425756055285,0.00106237741638007
87.58333333333333,0.0008830211440447913,0.0009630645442445263,0.0008572307397677894,0.001106239957897989
87.625,0.000909241043905518,0.0009947625822157636,0.0008863025987392769,0.0011300343495405907
87.66666666666667,0.0009242859426111477,0.0010034896821154013,0.0008909408662430925,0.0011486675551772164
87.70833333333333,0.0009270322427085764,0.0010416463358937675,0.0009015074164039075,0.0011564298437779087
87.75,0.0009173011288085371,0.0010326197926661903,0.000889660198443699,0.0011527297669012436
87.79166666666667,0.0008943908001032602,0.001018173910257545,0.0008624760316372813,0.0011303861500562232
87.83333333333333,0.0008585963069369054,0.0009819023611788952,0.0008394629741065421,0.0010981329161700196
87.875,0.0008127520067865918,0.0009364923381986232,0.0007820092660580405,0.0010462274926374988
87.91666666666667,0.0007613997913212383,0.0008870283004684197,0.0007522343688792257,0.0009976151445465595
87.95833333333333,0.0007078221984969996,0.0008343142834872982,0.0006964195888716503,0.0009393760067561075
88.0,0.0006560545103475129,0.0007876720931084673,0.0006315814391869215,0.000883890735061359
88.04166666666667,0.0006093740773022886,0.0007462142592476011,0.0006019240693094486,0.0008408548271978581
88.08333333333333,0.0005713264351155494,0.0007123660026109246,0.0005650298578759279,0.0008236280007682641
88.125,0.0005448409335959697,0.0006846286628378718,0.000535329953326679,0.0008022974165635038
88.16666666666667,0.0005318312072752802,0.0006767590769775158,0.0005222276973949235,0.0007888218959273399
88.20833333333333,0.0005334517579754939,0.0006788896638214494,0.0005224620849127266,0.0007914383574215553
88.25,0.0005497006299246002,0.0006942306852029149,0.0005419172191083978,0.0008107199590060115
88.29166666666667,0.0005787230100987648,0.0007155596003652634,0.0005623453051134557,0.0008087016076678424
88.33333333333333,0.0006175133798570102,0.0007292566572531366,0.0005917184250473119,0.0008581007242482922
88.375,0.0006632116027669218,0.0007554808811235424,0.0006219934339016709,0.0008997286137644819
88.41666666666667,0.0007134520189567589,0.0007921734208522898,0.0006783656726147433,0.000950193859112222
88.45833333333333,0.0007649538600519815,0.0008482598268066253,0.0007201309293713529,0.0009833227245994588
88.5,0.0008143677108736335,0.0008832758320008142,0.0007780219079614035,0.0010298062061290445
88.54166666666667,0.0008586793512452637,0.0009341048229553294,0.0008316830057261332,0.0010854079618577957
88.58333333333333,0.0008952673184390677,0.0009725342060317723,0.0008694769141620658,0.0011297762476493865
88.625,0.0009220087083909876,0.0010053705442779476,0.0008990702632247464,0.0011573576035698858
88.66666666666667,0.000937361160281909,0.001015832757489359,0.0009040160839138537,0.0011741562376562861
88.70833333333333,0.0009403420550872292,0.0010557162597565701,0.0009148172287825603,0.0011819613318326883
88.75,0.0009306083254533897,0.001050569046188157,0.0009029673950885516,0.0011773400716045728
88.79166666666667,0.0009075602608853775,0.0010369091679622274,0.0008756454924193985,0.0011548457261954615
88.83333333333333,0.0008714488893219144,0.0010054237230835133,0.0008523155564915512,0.001126743141281938
88.875,0.0008251058293685725,0.0009617961842105582,0.0008131448244438284,0.0010709299184761972
88.91666666666667,0.0007730367772146047,0.0009141447228839439,0.0007638713547725921,0.0010217396437777325
88.95833333333333,0.0007187694667286052,0.0008596996413180131,0.0007073668571032558,0.0009628107883255196
89.0,0.0006662056175124436,0.0008079187640169357,0.0006444773142322311,0.0009065293555640962
89.04166666666667,0.0006187249548696844,0.0007601350860872845,0.0006075333650608029,0.0008626932181030603
89.08333333333333,0.0005800875579346122,0.000723062681527785,0.0005725526995919526,0.0008342892081802962
89.125,0.0005529844504293243,0.0006953778620672412,0.0005422351890569954,0.0008109099753207414
89.16666666666667,0.0005395671244825541,0.000686510228927735,0.0005287253334991591,0.0007984578977275832
89.20833333333333,0.000541032358900901,0.0006889327912769983,0.0005292417302542713,0.0008012252549286892
89.25,0.0005572754701020026,0.0007052509628875604,0.000548253778182762,0.0008173724354073906
89.29166666666667,0.0005864979020527884,0.0007253657889759912,0.0005687637572384586,0.0008289640129596727
89.33333333333333,0.0006256524617837124,0.0007361438610604678,0.0005986192258709759,0.0008742754582403175
89.375,0.0006718053398173036,0.0007631241580466418,0.0006391904214753566,0.0009219119166940593
89.41666666666667,0.0007226491905178955,0.0008013973083258118,0.0006829318891884975,0.0009726022145174174
89.45833333333333,0.0007747076414376095,0.0008572299790640281,0.0007298847107569809,0.0010170459329970313
89.5,0.0008248283264949224,0.000894113773601955,0.0007909321707321201,0.001064236248762278
89.54166666666667,0.0008696442405717326,0.0009450291702496583,0.0008426478950526021,0.0011090521628390883
89.58333333333333,0.000906841306869232,0.0009852844457883252,0.0008810509025922301,0.0011541442783740018
89.625,0.0009339813593043189,0.0010141432812693933,0.0009110429141380778,0.0011837908432264666
89.66666666666667,0.0009496767468560554,0.001030146404744713,0.0009119169814834544,0.001199151135885256
89.70833333333333,0.0009528485913535046,0.0010652985153719874,0.0009229090760442902,0.0012071471797537874
89.75,0.0009431935545849849,0.0010605966834918983,0.0009155526242201467,0.001203417759503477
89.79166666666667,0.0009200517913430518,0.001045491818377904,0.0008881370228770728,0.001178630439847857
89.83333333333333,0.0008836059657457342,0.0010131351384391897,0.0008632343518123328,0.001150193400900479
89.875,0.0008367240714330141,0.0009682768211759164,0.000823682907938045,0.0010969707639544907
89.91666666666667,0.0007839928095914508,0.0009211317333781383,0.0007735891060464002,0.001044818829046356
89.95833333333333,0.0007290806434320401,0.0008649133396129527,0.0007126129145558095,0.0009852451179207318
90.0,0.0006757336902543745,0.0008118548994278514,0.000653046474313375,0.0009281805811978042
90.04166666666667,0.0006275820615355561,0.0007630522918190567,0.0006151521906236364,0.000879804912960235
90.08333333333333,0.0005883009172553097,0.0007272181077204892,0.0005807660589126501,0.0008546257203927709
90.125,0.0005606238950173427,0.0006985766033788671,0.0005498746336450137,0.0008296959721167714
90.16666666666667,0.0005468815438931142,0.0006894339981953552,0.0005366994436464364,0.0008182016820186775
90.20833333333333,0.0005481321962117379,0.0006913858998141218,0.0005365639327826496,0.0008204482451313033
90.25,0.0005643604983294684,0.0007091189562931854,0.0005553388064102278,0.0008368206430619294
90.29166666666667,0.0005937774877703937,0.0007284723096582157,0.0005760433429560639,0.0008483667515690551
90.33333333333333,0.0006332703699633009,0.0007392889949127419,0.0006062371340505644,0.0008912654811276895
90.375,0.0006798860073041641,0.0007699464158140092,0.0006472710889622171,0.0009393646988887034
90.41666666666667,0.0007312910770735936,0.0008054528675311034,0.0006915737757441956,0.0009910667148367758
90.45833333333333,0.0007838817452223779,0.0008623203844309797,0.0007394233115854124,0.0010262200367817996
90.5,0.0008344635755494177,0.0008993002564832044,0.0008005674197866155,0.0010738714978167734
90.54166666666667,0.0008800205684959499,0.0009517713167520762,0.0008525550340574171,0.0011194284907633056
90.58333333333333,0.0009176843768597347,0.000994397104019235,0.0008918939725827328,0.0011649873483645045
90.625,0.0009452230469968939,0.0010240869515727165,0.0009158235688038121,0.0011950325309190415
90.66666666666667,0.0009611726802784086,0.001038732936050236,0.0009257974053890115,0.0012106470693076094
90.70833333333333,0.0009645572068349607,0.0010771133684305278,0.0009272461231627674,0.0012188557952352433
90.75,0.0009549547684925693,0.0010725588490957446,0.0009273138381277312,0.0012151789734110617
90.79166666666667,0.0009316633503489106,0.0010560680889961462,0.0008997485818829316,0.0011902419988537158
90.83333333333333,0.0008949355463283137,0.0010251581199223472,0.0008745639323949122,0.0011604780450358107
90.875,0.0008475854719897348,0.0009881192247533097,0.0008347506830056157,0.0011078321645112115
90.91666666666667,0.000794310418374412,0.0009394147239234676,0.0007839067148293614,0.0010551364378293172
90.95833333333333,0.0007386759295682418,0.0008822439243340929,0.0007213803617487976,0.0009948404040569334
91.0,0.0006847213059943395,0.0008238257820580518,0.0006704471708129587,0.0009371681969377692
91.04166666666667,0.0006358626845917552,0.0007710677505163387,0.0006234328136798356,0.0008880855360164341
91.08333333333333,0.0005959481118162967,0.0007349370797658506,0.000588413253473637,0.0008622729149537577
91.125,0.000567851436880298,0.0007081019257104712,0.0005555952798187118,0.0008346997093734376
91.16666666666667,0.0005536898370081333,0.0006999455826587882,0.0005435077367614555,0.0008250099751336966
91.20833333333333,0.0005547690921330027,0.0007037390198281443,0.0005432008287039144,0.0008270851410525679
91.25,0.0005710193797737322,0.0007179422693027272,0.0005619976878544916,0.0008409502967040586
91.29166666666667,0.0006005931971196109,0.0007392641795585657,0.000582859052305281,0.0008551824609182722
91.33333333333333,0.0006403942433584908,0.0007518093568941815,0.0006135860449091589,0.0008983893545228793
91.375,0.0006874241343400495,0.000782345040399409,0.0006548092159981024,0.0009480026342014116
91.41666666666667,0.0007392377138660737,0.0008184031515996051,0.0006985568567375435,0.0009979684151820082
91.45833333333333,0.0007924692348908162,0.0008744733053330712,0.000751125445274307,0.001034807526450238
91.5,0.0008436433303662507,0.0009107135462209755,0.0008046030629027607,0.0010830512526336063
91.54166666666667,0.0008896173081311665,0.0009642206972012906,0.0008594494734451706,0.0011290252303985222
91.58333333333333,0.0009277159817205552,0.0010082508641671907,0.0009019255774435533,0.001175018953225325
91.625,0.000955688157394496,0.0010408676514965262,0.0009262886792014141,0.001206764656396452
91.66666666666667,0.0009719612256004287,0.0010509259381578458,0.0009365859507110316,0.0012267801006671654
91.70833333333333,0.0009754725299955028,0.0010910298777964808,0.0009359004924925821,0.0012299629075279673
91.75,0.0009658848042216953,0.0010901299150596255,0.0009367510723060173,0.0012208098387227965
91.79166666666667,0.0009424649504425329,0.0010759716572091788,0.0009188659719513093,0.0011946692025823203
91.83333333333333,0.0009054560711260015,0.0010467961348682648,0.0008853780009415694,0.0011646241734684806
91.875,0.000857705378153505,0.0010050034813018005,0.000846446365344288,0.0011120273894056742
91.91666666666667,0.000803893177509547,0.0009533862010619649,0.0007936748870693607,0.0010583448005994339
91.95833333333333,0.0007476590041683638,0.0009031117493315312,0.0007293998805497874,0.0010047464331581998
92.0,0.0006930606046852409,0.0008423472537046655,0.000680208704479978,0.0009569016684191342
92.04166666666667,0.0006435727119279116,0.0007784551526983504,0.000631142841015992,0.000907189736143054
92.08333333333333,0.0006031158711658396,0.000744460004488564,0.00059558101282318,0.000880834847093764
92.125,0.0005745302613833202,0.0007132920769246249,0.0005643739749957397,0.0008527727066669231
92.16666666666667,0.0005600367184071577,0.0007167948958152902,0.0005483477224712226,0.0008427510293231843
92.20833333333333,0.0005609497679017707,0.0007209515371928191,0.0005514813751466881,0.0008446599896117993
92.25,0.0005771729429130465,0.00073621563036942,0.000568151250993806,0.0008584980326338361
92.29166666666667,0.0006069034505480505,0.0007562242722251695,0.0005891693057337206,0.0008962236696886155
92.33333333333333,0.000646994278884087,0.000771200426887892,0.0006201860804347551,0.0009374696681729863
92.375,0.0006944225424202618,0.0008010270511574314,0.0006618076240783148,0.0009871721719113087
92.41666666666667,0.0007466619804178296,0.0008382534663236635,0.0007109629983293875,0.0010379645759807368
92.45833333333333,0.000800423621503187,0.0008907400962745857,0.0007606556080615797,0.0010723391658266483
92.5,0.000852055464783761,0.0009274108263653206,0.000813015197320271,0.0011214981710222587
92.54166666666667,0.0008985675567253183,0.000977035615355075,0.0008683997220393224,0.0011680102629638162
92.58333333333333,0.0009370383241319166,0.00102648761138047,0.0009112479198549147,0.0012143760796078287
92.625,0.0009654144857946239,0.0010577696942276854,0.000936015007601542,0.001246005718894383
92.66666666666667,0.000981904205566912,0.001067637661099933,0.000946528930677515,0.0012665469632262777
92.70833333333333,0.0009856002496476874,0.0011121689658251596,0.0009520640127778185,0.0012694569785656777
92.75,0.0009760078072334391,0.0011149380571270902,0.0009468740753177611,0.001266673589485084
92.79166666666667,0.0009525065829380624,0.0010998313811674122,0.0009289076044468388,0.0012409716327017335
92.83333333333333,0.0009152562116730234,0.0010705881621667693,0.0008951781414885914,0.001210685111639386
92.875,0.000867097997870552,0.0010311353202525284,0.000855838985061335,0.0011602893668679244
92.91666666666667,0.0008127764612602494,0.0009776201233012614,0.0008019466484211763,0.0011054804407359547
92.95833333333333,0.0007559817257942898,0.0009158768391167293,0.0007417994110679453,0.0010456225869214732
93.0,0.0007007965648556736,0.0008547236945640876,0.0006857029721539255,0.000999646424933665
93.04166666666667,0.0006507330088072622,0.0007882849050270773,0.0006376916154964559,0.0009466142113056811
93.08333333333333,0.0006097423063635056,0.0007538262163034187,0.0006000890299327019,0.0009151145040073441
93.125,0.0005807276833295227,0.000720994996390857,0.0005699598745430554,0.0008865539427341129
93.16666666666667,0.0005659214849194921,0.0007249368108845552,0.0005536209665846702,0.0008739833202243127
93.20833333333333,0.0005666678723739622,0.0007333643712725877,0.0005565879572199927,0.0008758724881303492
93.25,0.000582889812859276,0.000749380872413624,0.0005732565985411488,0.0008931949315662948
93.29166666666667,0.0006127620581355838,0.0007684364105487668,0.0005944163909223671,0.0009026227376542805
93.33333333333333,0.0006531107835632124,0.0007840098591167186,0.0006256910627149937,0.00094084155479129
93.375,0.0007008798582300983,0.0008154584952954772,0.0006676534174892646,0.0009916435171815382
93.41666666666667,0.0007535412353681695,0.0008510855541231349,0.0007170307139571933,0.0010420992128702552
93.45833333333333,0.000807744431467154,0.0009035662241360477,0.0007664269859755226,0.0010769153577297936
93.5,0.0008598573868559957,0.0009421861654324867,0.000819158846463569,0.0011265554750336721
93.54166666666667,0.0009067844128456052,0.0009933012174066708,0.0008749583052306728,0.0011734825010232815
93.58333333333333,0.0009456746765610601,0.0010375324278196233,0.0009182259993551215,0.0012138555013658033
93.625,0.0009743467966998697,0.0010694297690162786,0.0009495213642593246,0.0012440658768447601
93.66666666666667,0.0009911084233773675,0.0010774477679076169,0.0009542713936074556,0.0012648790280818645
93.70833333333333,0.0009949274161909576,0.001117886924829059,0.0009599294244405738,0.0012679119921540794
93.75,0.0009853863964706046,0.0011185864653114107,0.0009501797026214443,0.0012651800257673811
93.79166666666667,0.0009617806677143324,0.0011058286718609216,0.000937570166824222,0.0012393735645231348
93.83333333333333,0.0009242787811772593,0.0010771654643819178,0.0009036229448845029,0.0012088355281887535
93.875,0.0008757589934341804,0.0010380817550160236,0.0008638884582260766,0.0011580782094766841
93.91666666666667,0.0008209685497181929,0.0009803448145237344,0.0008087266398524379,0.001097077196203815
93.95833333333333,0.0007636737038853532,0.0009162829550598655,0.0007487834285692543,0.0010375064646654737
94.0,0.0007079338412071931,0.0008565772985749742,0.0006913193105998503,0.000985883183184403
94.04166666666667,0.0006573197310154121,0.0007877614445051273,0.0006427573997990112,0.0009350450334738714
94.08333333333333,0.0006158701103701476,0.0007506175089764509,0.0006046958960337493,0.0009063714864129799
94.125,0.0005864484390760407,0.0007224452537351449,0.0005747691893847891,0.0008747330197236203
94.16666666666667,0.0005713483815195063,0.0007243698918790998,0.0005575269252790898,0.0008598232741152807
94.20833333333333,0.0005719326092529139,0.0007324756634616446,0.0005603317561933498,0.0008614034126426903
94.25,0.0005881486472564622,0.00075026433840807,0.0005702734784187302,0.000880250802165197
94.29166666666667,0.0006181210525612986,0.0007679869542845366,0.0005991738110973288,0.0008941310171507337
94.33333333333333,0.000658703581698497,0.0007832423905400731,0.0006321125675505405,0.0009325836379973131
94.375,0.0007068057720024866,0.0008140208806515223,0.0006735793312616529,0.0009837187160246649
94.41666666666667,0.0007598850507468702,0.0008511416533599815,0.0007243213759506151,0.0010363075356033939
94.45833333333333,0.0008144473692771321,0.0009029916453354415,0.0007731654490220951,0.0010714828028942098
94.5,0.0008670527809442269,0.0009442120374012742,0.0008279362701340108,0.0011216153764763413
94.54166666666667,0.0009143018103097584,0.000992015751043057,0.0008824757026948259,0.0011688644058418728
94.58333333333333,0.0009536366151906047,0.0010362358622573804,0.0009161308512293338,0.0012170258202791392
94.625,0.0009825380233312682,0.0010678557887481438,0.0009464123042977105,0.0012518784094784803
94.66666666666667,0.0009995696209287872,0.0010761426033095173,0.0009526755044035429,0.0012625692484378231
94.70833333333333,0.0010034832022360976,0.0011161512042700435,0.0009615996128972468,0.001276089084201541
94.75,0.0009940007327603735,0.0011199830672468428,0.0009600958401033042,0.0012690027423409413
94.79166666666667,0.0009703004437281957,0.001107955768464584,0.0009457402232688561,0.0012421701605017836
94.83333333333333,0.0009325633012524336,0.0010807357117410548,0.0009075389054393652,0.001211396868228713
94.875,0.0008837149243059104,0.0010421829433137973,0.000866943746505851,0.0011595332079293924
94.91666666666667,0.000828494661927502,0.0009872939979005645,0.0008086722807497793,0.001104603308413124
94.95833333333333,0.0007707332908678399,0.0009227621758894718,0.0007491738656179003,0.0010520757146325497
95.0,0.0007144815793063739,0.0008627344872553808,0.0006910797588507315,0.000992430921283584
95.04166666666667,0.0006633795550234542,0.0007917332632359277,0.000624981673170074,0.0009411048574819136
95.08333333333333,0.0006214923081706596,0.0007553885840657169,0.000586338843690105,0.0009119936842134918
95.125,0.000591687275090164,0.0007254403309852923,0.0005552870788712482,0.0008799718557377438
95.16666666666667,0.0005763208992785783,0.0007302145774728592,0.0005562460326657025,0.0008650358184096489
95.20833333333333,0.0005767663143516405,0.0007372682310292302,0.000556202683244801,0.0008664771442767129
95.25,0.0005929751973699096,0.0007560491307104564,0.0005728582670989124,0.0008843281624757842
95.29166666666667,0.0006230709183812607,0.0007726370829572067,0.0006018819154840256,0.0009065905459552851
95.33333333333333,0.0006638712804679102,0.0007914457167440231,0.000635529035179547,0.0009377513367667263
95.375,0.0007122467043221098,0.0008226910998911624,0.0006785744872222855,0.0009883818959604807
95.41666666666667,0.0007656709174842901,0.0008612050409161902,0.0007297575231188059,0.0010420934023408139
95.45833333333333,0.0008206004671251264,0.0009156506043818742,0.0007724329492816224,0.0010807896493819906
95.5,0.0008736060191003313,0.0009523018618278845,0.0008254855903850859,0.0011281686146324458
95.54166666666667,0.0009212130481973849,0.001000319376752016,0.0008804440360860484,0.0011757756437294994
95.58333333333333,0.0009608848316122472,0.0010448755562828494,0.0009213217607430393,0.0012261712425054847
95.625,0.0009900565452985665,0.0010750022945791807,0.0009487020301902065,0.0012612941372504816
95.66666666666667,0.0010072847877611738,0.0010845182908840818,0.0009539181239229227,0.0012721816210749127
95.70833333333333,0.0010113166558685656,0.001120952279266182,0.000962960519216708,0.001285819743638712
95.75,0.0010018505277655265,0.001130803400278477,0.0009658883282005201,0.0012787497431507972
95.79166666666667,0.0009780655101655632,0.001118927613060007,0.0009514479827982866,0.0012549861813836406
95.83333333333333,0.0009401591367694461,0.0010916958168235668,0.0009154423892519723,0.0012208899095504286
95.875,0.0008910171059357815,0.0010505236834094695,0.000874184914727097,0.0011687325953639665
95.91666666666667,0.000835327382670073,0.0009976108455089637,0.0008155050014923503,0.0011133332349603981
95.95833333333333,0.0007772365058171774,0.0009300304855884335,0.0007556770805672377,0.0010604761353865903
96.0,0.0007203914425355032,0.0008701967534884911,0.0006969118839495172,0.0010002379903174164
96.04166666666667,0.000668995857337963,0.0007968867247861392,0.0006291879886296503,0.0009486183656011254
96.08333333333333,0.000626587703381165,0.0007615644683356183,0.0005913020395179129,0.0009189862852287004
96.125,0.0005964422286879032,0.0007305517688788035,0.0005600031340714326,0.000892412932791223
96.16666666666667,0.0005808872289377673,0.0007364781286393739,0.0005599269664342065,0.0008702952117803838
96.20833333333333,0.0005811525149762914,0.0007431513248308088,0.0005590430897826397,0.0008714046110077054
96.25,0.0005973842231921766,0.0007657610213601027,0.0005772672929211794,0.0008906343941027544
96.29166666666667,0.0006276040893165194,0.0007812795653681494,0.0006065119952536091,0.0009130209226952469
96.33333333333333,0.0006685772436739433,0.0008005398568005064,0.0006402533170449979,0.0009443545057774626
96.375,0.0007171962534978599,0.0008317543346079045,0.0006835240363980355,0.000994433067576025
96.41666666666667,0.0007709079799819083,0.0008688473389420197,0.0007353022339120185,0.001049227670643135
96.45833333333333,0.0008262488104263798,0.0009255968305643879,0.0007780812925828757,0.0010928027258577352
96.5,0.000879550096743173,0.0009592193355655478,0.0008314296680279276,0.0011360098980799905
96.54166666666667,0.0009275120182096283,0.0010081280266569406,0.0008852502045474519,0.0011839718195464457
96.58333333333333,0.0009674891156623079,0.00105041401450601,0.0009279260447931,0.0012327755265555454
96.625,0.0009968865877058165,0.0010815786296363712,0.0009555320725974565,0.0012681241796577316
96.66666666666667,0.001014307770280529,0.0010944540759130752,0.00096244977349937,0.0012792046035942678
96.70833333333333,0.0010184436123844439,0.001128976126613202,0.0009701033412388387,0.0012929467001545902
96.75,0.0010089995136928467,0.0011408112228837497,0.0009730373141278403,0.0012858987290781175
96.79166666666667,0.0009851458321715625,0.001128722901411223,0.0009585283048042859,0.0012665340307594281
96.83333333333333,0.000947053064682076,0.0011021858905735356,0.0009223363171646021,0.0012277838374630586
96.875,0.0008976277014951617,0.0010631806131753618,0.0008827040906512077,0.0011746435996024688
96.91666666666667,0.0008415923299310711,0.0010081098003961466,0.0008217699487533484,0.0011195981822213963
96.95833333333333,0.0007830989936017974,0.000936035209417591,0.0007615395683518578,0.001066242631127179
97.0,0.0007258403983842365,0.000877093562056051,0.0007023608397982505,0.0010056869461661495
97.04166666666667,0.0006740314744556008,0.000798490978715256,0.0006355703872460016,0.0009536539827187632
97.08333333333333,0.0006312556422899245,0.0007657179897538797,0.0005959699784266724,0.0009305114248321977
97.125,0.0006007931436016294,0.0007346037752850946,0.0005643540489851587,0.000896675523207691
97.16666666666667,0.000585016772249626,0.0007421528151861857,0.0005640565097460652,0.0008812819557869803
97.20833333333333,0.0005851572514277092,0.0007438247374275598,0.0005630478262340575,0.0008754093474591232
97.25,0.0006013694046898131,0.000769188444969863,0.0005812524744188158,0.0008945556918252435
97.29166666666667,0.0006316700706631766,0.0007847214989723623,0.0006105779766002663,0.0009170869040419041
97.33333333333333,0.0006728176064958733,0.0008061580176403913,0.0006444936798669279,0.0009485948685993926
97.375,0.0007216837967365532,0.000837103850752216,0.0006880115796367289,0.0009989206108147182
97.41666666666667,0.0007756970636617339,0.0008725468400160637,0.0007401217399804182,0.0010540167543229607
97.45833333333333,0.0008313230459389743,0.0009287193282286885,0.0007831555280954702,0.0010978769613703297
97.5,0.0008849699558897717,0.0009621502256322404,0.0008387581075392569,0.001141429757226589
97.54166666666667,0.0009332303784332737,0.001010472765395556,0.0008909685647710973,0.001189690179770091
97.58333333333333,0.0009734661407634428,0.0010545663717440336,0.0009339030698942349,0.001240570864987284
97.625,0.0010030993041965515,0.0010863869044370326,0.0009617447890881915,0.0012692890989882202
97.66666666666667,0.0010206768502743326,0.001096634825131442,0.0009688188534931736,0.0012855736835880715
97.70833333333333,0.0010249041578283009,0.0011292330417557702,0.0009765638866826958,0.0012943594484382008
97.75,0.0010155046294299845,0.001144597899282204,0.000981965202964604,0.0012924038448152552
97.79166666666667,0.0009915821949498399,0.001130514462723098,0.0009649646675825634,0.0012747321627557722
97.83333333333333,0.000953323368505395,0.0011020581021609231,0.0009286370433764953,0.0012344325233215147
97.875,0.000903612949632322,0.0010609620174715938,0.000888689338788368,0.0011806288477396291
97.91666666666667,0.0008473060462373089,0.001006416210744931,0.0008274836650595862,0.0011253118985276342
97.95833333333333,0.0007883557460020725,0.000932679090791029,0.0007659811050251566,0.0010714993835274542
98.0,0.000730840877526925,0.0008781162269210141,0.0007073613189409391,0.0010106874253088382
98.04166666666667,0.0006785261515197202,0.0007985444014854716,0.0006399213648029439,0.0009581486597828825
98.08333333333333,0.0006355256515424801,0.0007664961025573981,0.0006002399876792279,0.0009346931095874951
98.125,0.0006047467119486481,0.0007354980216090652,0.0005683076173321774,0.0009006290915547098
98.16666666666667,0.0005887290050257534,0.0007428448127657585,0.0005677687425221927,0.0008849058640658496
98.20833333333333,0.0005888098388532331,0.0007461220787453178,0.0005665567141524045,0.0008796204823087815
98.25,0.0006049536348931903,0.0007707365299191645,0.0005848367046221931,0.0008933463123525469
98.29166666666667,0.0006353336991190472,0.0007834890904922143,0.000614241605056137,0.0009207505324977747
98.33333333333333,0.0006766657654697976,0.0008077058845181057,0.0006483418388408522,0.0009524430275733169
98.375,0.0007257572028943865,0.0008403502690771147,0.0006668002076325283,0.0010029940169725515
98.41666666666667,0.0007800288625612328,0.000876186000590667,0.0007192666153028961,0.0010587269352575965
98.45833333333333,0.0008359011696961418,0.0009329510379988495,0.0007625467282756167,0.001102455085127497
98.5,0.0008898666981649071,0.0009681804975030241,0.0008212474571064554,0.0011463264995017243
98.54166666666667,0.0009383795388110012,0.0010144144828187257,0.0008709308015718036,0.0011948393401478184
98.58333333333333,0.0009788658254376982,0.0010581405781042883,0.0009078513160130501,0.0012459705496615395
98.625,0.0010087041985791408,0.00108983808886611,0.0009421627598937596,0.0012748939933708095
98.66666666666667,0.0010264223462622762,0.0011025239668974378,0.0009493774259040961,0.001291319179576015
98.70833333333333,0.0010307375657153553,0.0011326603880671307,0.0009572103709927288,0.0013001928563252552
98.75,0.0010213247415398405,0.0011457501282428606,0.0009568403343349857,0.0012982239569251112
98.79166666666667,0.0009973466049685684,0.0011321702842050278,0.0009454442994392579,0.001279451636327253
98.83333333333333,0.0009589458518637109,0.0011042048075894928,0.0009079325741296857,0.0012400550066798306
98.875,0.0009090340645059483,0.0010544176487424619,0.0008679332011033763,0.0011860499626132554
98.91666666666667,0.0008523649757852344,0.0009909357633662026,0.0008070350108085933,0.0011312424157766195
98.95833333333333,0.000793209889281758,0.0009217870176084586,0.0007452896785043317,0.0010772251145081996
99.0,0.0007352127178329585,0.0008695897401105987,0.0006861875894464621,0.0010159308533159315
99.04166666666667,0.000682711031430873,0.0007938150850387535,0.0006183452405127114,0.0009632051273950953
99.08333333333333,0.0006392849512970781,0.000760324547711123,0.0005784537176333154,0.0009287479428541509
99.125,0.000608286551711034,0.000731171546126642,0.0005463018872940529,0.0009041689313170957
99.16666666666667,0.0005921217400793209,0.0007392917468009168,0.0005455770093776948,0.0008889128204023662
99.20833333333333,0.0005920403846015029,0.0007417225049864451,0.0005441094907174663,0.0008837226157581111
99.25,0.0006082169446452376,0.0007646924829765947,0.00056255444457373,0.0008974812098056541
99.29166666666667,0.0006386602140394153,0.0007813322737662225,0.000591390867417887,0.0009240770474181428
99.33333333333333,0.0006801101158475885,0.000802659050232162,0.0006109396047553761,0.0009558873779511078
99.375,0.0007294057196668825,0.0008330306716832234,0.0006704487244050244,0.0010066425337450476
99.41666666666667,0.000783906279524568,0.000867755509313752,0.0007231440322662312,0.0010602598039191108
99.45833333333333,0.0008400499214043336,0.0009235285792403011,0.0007669890237327778,0.0011055589003884413
99.5,0.0008942539531724137,0.0009595903927907608,0.0008256347121139621,0.001150713754509231
99.54166666666667,0.0009430175862193955,0.0010056507115393863,0.0008772203697415182,0.0011994773875562128
99.58333333333333,0.0009837248312707196,0.0010490084473909753,0.0009127103218460716,0.0012515765207010295
99.625,0.0010137338660542062,0.0010795281086410757,0.0009427771869637552,0.0012799236608458749
99.66666666666667,0.00103159389597614,0.0010915617378115202,0.0009546174754299405,0.0012964907292898789
99.70833333333333,0.0010359723276517536,0.0011182442273938488,0.0009656579550532679,0.0013054276182616535
99.75,0.0010265730302590518,0.0011282840273688075,0.0009576733826491273,0.0013036640347765043
99.79166666666667,0.001002520206728363,0.0011162562456452719,0.0009509114449480219,0.0012851804141613345
99.83333333333333,0.0009639982027483975,0.0010888375304840677,0.0009129849250143724,0.001245557072660228
99.875,0.000913902551266992,0.001048118578670833,0.00087280168786442,0.001190918449374299
99.91666666666667,0.0008569272236496379,0.000990541976056844,0.0008115972586729968,0.001135804663641023
99.95833333333333,0.0007975366164064367,0.0009211545404981477,0.0007496164056290103,0.0010785572001499452
100.0,0.0007391797397345146,0.0008712098748411186,0.0006901546113480182,0.0010198978752174875
100.04166666666667,0.0006864325025628129,0.0007933865632694666,0.0006074806147581796,0.0009737837992217731
100.08333333333333,0.0006426741869829736,0.0007576686664155811,0.000581842953319211,0.0009329341361440898
100.125,0.0006115059063423436,0.0007317110766032312,0.0005495212419253624,0.0009073882859484052
100.16666666666667,0.0005951233527393201,0.000741250745564924,0.000548578622037694,0.0008908461500186645
100.20833333333333,0.0005949798397558002,0.0007427847883464663,0.0005470489458717636,0.0008924509885634454
100.25,0.0006111372710250277,0.0007601962882188372,0.00056547477095352,0.0009011984937894874
100.29166666666667,0.000641643524816734,0.0007790909794926966,0.0005943741781952058,0.0009270603581954615
100.33333333333333,0.0006832296093006451,0.0008021676563146596,0.000602744217830449,0.0009590068714041644
100.375,0.0007326736700872508,0.0008308161993113687,0.0006614886549254366,0.0010099104841654158
100.41666666666667,0.00078737723944991,0.0008660288766749111,0.0007103260809853483,0.0010641804789401636
100.45833333333333,0.0008437533478260727,0.0009200022922873492,0.000754403538948292,0.0011092623268101802
100.5,0.0008981974383070448,0.0009530365961795089,0.0008119296327742551,0.0011546572396438622
100.54166666666667,0.0009471643603036154,0.0009958079776938447,0.0008636989063949388,0.0012037388922800604
100.58333333333333,0.00098807351212462,0.0010377604971489919,0.0009039337643513845,0.0012559252015549298
100.625,0.001018245181939604,0.0010708058130036685,0.0009341123132828171,0.0012844349767312728
100.66666666666667,0.0010361957210079167,0.0010845124651956,0.0009460627838518422,0.0013010925543216556
100.70833333333333,0.0010406710851798221,0.0011069242518849096,0.000954968524249148,0.001310126375789722
100.75,0.0010312865164972176,0.0011166741240458192,0.0009701720795803193,0.00130837752101467
100.79166666666667,0.0010072002845390767,0.001104227261946654,0.0009558322657616181,0.0012898604919720483
100.83333333333333,0.000968520220004241,0.001077169101504761,0.0009182296682368763,0.0012500790899160714
100.875,0.000918174258517163,0.001037605570305359,0.0008787434795388705,0.00119519015662447
100.91666666666667,0.0008611410657365497,0.0009763927026572637,0.0008208925411111568,0.0011400185057279348
100.95833333333333,0.0008012509362388135,0.0009096133354276461,0.0007584121658126354,0.001082271519982322
101.0,0.0007428796210004315,0.0008637704323175181,0.0006954572561247327,0.0010235977564834046
101.04166666666667,0.0006896700847818382,0.0007890195575662431,0.0006142469508292807,0.0009760614692424802
101.08333333333333,0.0006457410360486051,0.0007509336330351387,0.0005886732156268558,0.0009360009852097213
101.125,0.0006143714787276422,0.000728607071316109,0.0005598918093687158,0.0009102538583337039
101.16666666666667,0.0005978419201415039,0.0007378114254187728,0.0005588021844979325,0.0008935647174208483
101.20833333333333,0.0005975877294045316,0.0007400623993793838,0.0005587024551715489,0.0008940989660138587
101.25,0.0006137262173578433,0.0007566485565479498,0.0005728373085062951,0.0009037874401223029
101.29166666666667,0.0006442752504012845,0.0007787616752792602,0.0006058390565010042,0.000929692083780012
101.33333333333333,0.0006859641545150835,0.0008009293200734903,0.0006246914995926731,0.0009617414166186028
101.375,0.0007356012122892698,0.0008292569821806578,0.0006836289336752414,0.0010128380263674348
101.41666666666667,0.0007904459852561067,0.0008644344057038547,0.0007326075633393307,0.001068007872267575
101.45833333333333,0.0008471224276052424,0.0009179492845513139,0.0007702353500087679,0.00111263140658935
101.5,0.0009016331252656781,0.0009530473393292065,0.0008142873029298292,0.0011580929266024956
101.54166666666667,0.0009509546751916994,0.0009963450578464907,0.0008664112044799638,0.0012075292071681443
101.58333333333333,0.000991897587160037,0.00103756778359498,0.0009066798225837425,0.0012597492765903469
101.625,0.0010223055221312974,0.0010716161961252003,0.0009374483587471643,0.0012884953169229661
101.66666666666667,0.0010403152660900228,0.0010947381727684162,0.0009494421687003498,0.0013052120994037617
101.70833333333333,0.0010448621001980555,0.0011147844750093408,0.0009775798277831514,0.0013143173908079554
101.75,0.0010354937475266577,0.0011262468828711748,0.000984268819554096,0.0013157385006838968
101.79166666666667,0.0010113378233859948,0.001116282123582599,0.0009654783808388893,0.0012939980308189663
101.83333333333333,0.0009725531402257863,0.0010885932635709568,0.000932152097402758,0.0012548706576588314
101.875,0.0009220386937929267,0.0010509320892169432,0.0008924974237589705,0.0011990545919002339
101.91666666666667,0.0008647881366760448,0.0009899017039194107,0.0008281980079769177,0.0011436655766674298
101.95833333333333,0.0008046859599570777,0.0009217415627146344,0.000771736698475236,0.0010857065437005862
102.0,0.0007460616739252338,0.000869118708111264,0.0007085288179938713,0.001026779809408207
102.04166666666667,0.0006925962651942561,0.000801086961836694,0.000627062640186035,0.000978987649654898
102.08333333333333,0.0006484797513591437,0.0007603980918278068,0.000597337260581925,0.0009387397005202599
102.125,0.0006169135189199096,0.0007377375297706934,0.0005683591792055138,0.0009160809769649246
102.16666666666667,0.0006002305333642494,0.0007467386894040992,0.0005671161273652085,0.0008959533306435938
102.20833333333333,0.0005999191512745049,0.0007498583753131612,0.0005669592066860528,0.0008964303878838321
102.25,0.0006160497844947531,0.0007601150133969551,0.0005810862052877356,0.0009093960856981662
102.29166666666667,0.000646649135703665,0.0007891738102260279,0.0006141382714479153,0.0009281974043819183
102.33333333333333,0.000688447858024423,0.0008102620898530981,0.0006347608791260238,0.0009717347831125316
102.375,0.0007381950571371874,0.0008380768381157022,0.0006921481081676896,0.0010154318712153523
102.41666666666667,0.00079325412593413,0.0008742342978937501,0.0007411526596106914,0.0010708160129455982
102.45833333333333,0.0008499976684109348,0.000925505147677669,0.0007675130717639981,0.0011155066473950426
102.5,0.0009048284372566981,0.0009585579123826982,0.0008174826149208492,0.0011689095146030903
102.54166666666667,0.0009541814885615751,0.000999663489957039,0.0008720607909494651,0.00121075602053802
102.58333333333333,0.0009954038772093234,0.0010369946720875044,0.0009074229443898034,0.0012686000526771694
102.625,0.00102584331178743,0.001075886932395939,0.0009409861484032969,0.0012920331065790988
102.66666666666667,0.0010440014462729703,0.0010991130170326948,0.0009547798696446175,0.0013088982795867092
102.70833333333333,0.0010485550313205775,0.0011191750886442226,0.0009836955320052991,0.0013180103219304774
102.75,0.0010391775206365372,0.0011252763036479175,0.0009879525926639755,0.0013292342872011005
102.79166666666667,0.0010149828756952184,0.0011231532209214547,0.0009636521151904893,0.00129764308312819
102.83333333333333,0.0009761279127994,0.0010948207296311264,0.0009302555520187482,0.0012576676778486378
102.875,0.0009255254231721323,0.001058102376702162,0.0008903300753338248,0.0012025413212794394
102.91666666666667,0.0008679629269389268,0.0009960188422351982,0.0008313727982397996,0.0011515492733841877
102.95833333333333,0.000807821112853588,0.0009287864959174974,0.0007763876728842628,0.0010860409400663832
103.0,0.0007487807006051256,0.0008727322096202709,0.0007140116759117458,0.0010266980795573851
103.04166666666667,0.0006952697881674292,0.000804876293459217,0.0006313965095386887,0.0009788604160973578
103.08333333333333,0.0006508903445503344,0.0007625924193179453,0.0005997478537731158,0.0009375142387945002
103.125,0.0006191254283406868,0.0007365075469835567,0.000570571088626291,0.0009185253961692257
103.16666666666667,0.0006023697780599815,0.0007471802667101412,0.0005692553720609407,0.0008983250851228498
103.20833333333333,0.0006019731156659871,0.0007508129375201648,0.000569013171077535,0.0008987168620588381
103.25,0.0006181094527334491,0.0007650789430508547,0.0005830021740192545,0.0009116882637203857
103.29166666666667,0.0006487680477424903,0.0007958342899417311,0.0006162571834867406,0.0009275155598900301
103.33333333333333,0.0006906396582494937,0.0008162514142428299,0.000637327427149824,0.0009711258268068887
103.375,0.0007405005962985996,0.0008440614939634953,0.0006944536473291018,0.001014936653846051
103.41666666666667,0.000795660088908324,0.0008766767461767507,0.0007435586225848854,0.0010696434670052716
103.45833333333333,0.0008526495000803027,0.0009280751608231689,0.0007704725517289605,0.001115357722533697
103.5,0.0009075631448279072,0.0009571511186781258,0.0008122407200334509,0.001168843465643586
103.54166666666667,0.0009571147614394316,0.0010024075274262542,0.0008675239191846803,0.0012108885368851629
103.58333333333333,0.0009984585808925702,0.0010399246800205787,0.0009025010456144429,0.0012688410071283473
103.625,0.0010289953194283698,0.001084229072289771,0.0009393743757097698,0.0012923713649879694
103.66666666666667,0.0010472495537732387,0.0010990125245662103,0.0009489386298255898,0.0013093326378549087
103.70833333333333,0.001051834506374715,0.0011311054884413317,0.0009789223471406176,0.0013184760477525457
103.75,0.0010424839362313568,0.0011346445713802614,0.0009867664763878142,0.001329726953563851
103.79166666666667,0.001018245106186042,0.001128935556010393,0.0009666394787007298,0.0012980915643869444
103.83333333333333,0.0009792984969382856,0.001098270034924606,0.0009328436208814561,0.00125803750545681
103.875,0.0009285576051126003,0.0010614321959250192,0.0008927797419981153,0.001202772746689194
103.91666666666667,0.0008708086349110397,0.0010051912237274932,0.0008315101229819709,0.0011543949813563005
103.95833333333333,0.0008105331859407047,0.00093464089219849,0.0007785172306952017,0.0010887530131534998
104.0,0.000751255153778052,0.00087688580604908,0.0007156881794076196,0.0010291725327303115
104.04166666666667,0.000697593447972888,0.0008113157881741788,0.0006322131501876254,0.0009811840759028165
104.08333333333333,0.000653010533302942,0.0007644155581246942,0.0006012855272495457,0.0009396344275471078
104.125,0.0006211265568168614,0.0007422819126059375,0.0005719897018262879,0.00092044270862573
104.16666666666667,0.0006042440425972278,0.0007505154208052377,0.0005705471213220093,0.0009001993496600961
104.20833333333333,0.0006037985269739535,0.0007581702896261643,0.0005702560671093238,0.0009005422733668045
104.25,0.0006199212781027345,0.0007721554060911328,0.0005840992847296647,0.0009135000890896711
104.29166666666667,0.0006506094151592085,0.0008025443226821656,0.0006165915317469367,0.0009293569273067483
104.33333333333333,0.0006925656064793044,0.0008219474465268278,0.000638670860103457,0.0009730517750366994
104.375,0.0007425309632719159,0.0008533394918375769,0.0006959014990262404,0.0010169670208193674
104.41666666666667,0.0007978164302385659,0.0008870195516659053,0.0007451324486389497,0.0010711002170146356
104.45833333333333,0.0008549521158781048,0.0009370346268856858,0.0007766775559812273,0.001117660338331499
104.5,0.0009100049021290485,0.0009652829440612942,0.000813126932994388,0.0011712852229447271
104.54166666666667,0.0009596972246903375,0.0010095997018906555,0.000868550838095382,0.001213471000136069
104.58333333333333,0.0010011537365500064,0.0010469070165824961,0.0009036406569316748,0.0012664883656255369
104.625,0.0010317912522577485,0.001096133047995283,0.0009405722087287359,0.001295167297817348
104.66666666666667,0.0010501134950243955,0.0010994976405708876,0.0009502470267365422,0.0013121965791060655
104.70833333333333,0.0010547320656569127,0.0011403904835518704,0.0009818199064228154,0.0013213736070347435
104.75,0.0010453970423103486,0.0011412774355339546,0.000989679582466806,0.0013275922624825963
104.79166666666667,0.0010211298917755481,0.0011339495331126254,0.0009695546866788099,0.0013009763499764505
104.83333333333333,0.0009820973428455496,0.0011029642714899769,0.0009356424667887201,0.001260136760043196
104.875,0.0009312078450959678,0.0010670366442697297,0.0008954299819814828,0.0012054229866725614
104.91666666666667,0.0008734192797793869,0.0010098047772894862,0.0008419374684271336,0.0011570056262246477
104.95833333333333,0.0008128076286163683,0.000939721431926885,0.0007807916733708653,0.0010910274558291633
105.0,0.0007535592157314303,0.0008804775501349843,0.0007180754763791753,0.0010383337953784278
105.04166666666667,0.000699523363448993,0.0008130047630961464,0.0006368878335441093,0.0009831139913789215
105.08333333333333,0.0006549552389837094,0.0007650855964557604,0.000603230232930313,0.0009414953172082048
105.125,0.00062287389440168,0.0007409720791536771,0.0005737370394111066,0.0009221900462105485
105.16666666666667,0.0006058833885032397,0.0007526611670992567,0.0005721864672280212,0.0009017548795464376
105.20833333333333,0.0006054280014663431,0.0007535833661435174,0.0005718855416017134,0.0009021078640840467
105.25,0.0006214744756740249,0.0007697821050853852,0.0005856524823009551,0.0009219104873556994
105.29166666666667,0.0006522012919591959,0.0007980913889663584,0.0006181834085469242,0.0009309488041067358
105.33333333333333,0.0006942411944590053,0.0008154056048723572,0.0006489496986064618,0.0009747273630164004
105.375,0.0007443295733587178,0.0008510221484611509,0.0006977001091130423,0.0010187656309061691
105.41666666666667,0.0007997162493765384,0.0008840279989659202,0.0007470322677769222,0.001073000036152608
105.45833333333333,0.0008569815185055065,0.0009343896956474621,0.0007811566057580568,0.0011200681229940378
105.5,0.0009121361882227232,0.0009621586187471098,0.0008152582190880628,0.0011723715725911541
105.54166666666667,0.0009620192636818758,0.0010062712746229444,0.0008708728770869202,0.0012157930391276071
105.58333333333333,0.0010034781257966655,0.0010429114558069914,0.0009083878192779596,0.0012688127548721962
105.625,0.0010343150140086066,0.0010929003140399535,0.0009419832256189053,0.0012976910595682062
105.66666666666667,0.0010525958985401524,0.0010989007400003528,0.0009490327948481202,0.0013146789826218223
105.70833333333333,0.0010573146025065394,0.001136947711938702,0.0009837909473427013,0.0013239561438843704
105.75,0.0010479175252104376,0.0011396054422239952,0.0009924936091158644,0.0013290678089354377
105.79166666666667,0.0010236185224301467,0.0011318004451559612,0.0009714469939124845,0.001304774922985192
105.83333333333333,0.0009845147104893541,0.0010989772756900289,0.0009374635110116006,0.0012625541276870004
105.875,0.000933530569492075,0.0010656275400556883,0.000897156382956666,0.0012077457110686687
105.91666666666667,0.0008756476123636347,0.0010072471211845118,0.0008450151427559505,0.0011592339588088955
105.95833333333333,0.0008148676828263744,0.0009358562749582514,0.0007822554041599475,0.0010930875100391695
106.0,0.0007555047330473243,0.0008734796878735797,0.0007181448619111711,0.0010393194004960037
106.04166666666667,0.000701316121424576,0.0008080180180687655,0.0006454969089376641,0.0009849067493545045
106.08333333333333,0.0006565712049354886,0.0007563247560361806,0.0006029700670981941,0.000943111283159984
106.125,0.0006244345171274427,0.0007323271383103269,0.0005726001496307574,0.0009140462024483691
106.16666666666667,0.0006073397311119058,0.0007433843561149188,0.0005717666780527892,0.0009032112221551037
106.20833333333333,0.0006068192120808968,0.0007507656935854842,0.0005750250850499038,0.0009001318347277442
106.25,0.0006228901166760869,0.0007677639606848955,0.0005888164561366539,0.0009223662161594434
106.29166666666667,0.0006536268954244362,0.0007966159994991188,0.0006216367132880525,0.000932374407571976
106.33333333333333,0.0006957250133649199,0.0008181989943717911,0.0006521818503460131,0.0009762111819223148
106.375,0.0007458903534247334,0.0008533582069053181,0.000696354544921638,0.0010203264109721849
106.41666666666667,0.0008014168675705416,0.0008898473121523435,0.0007481365625500014,0.0010747006543466112
106.45833333333333,0.0008587150686471179,0.0009387485579035726,0.0007822938324787441,0.0011218016731356492
106.5,0.0009140662463931323,0.0009671378640217647,0.0008168854975865173,0.0011743016307615632
106.54166666666667,0.0009639524650366432,0.0010116410168990058,0.0008722097550207638,0.001221811549441167
106.58333333333333,0.0010056105019984013,0.001048838238403029,0.0009104303298747375,0.001270945131073932
106.625,0.001036416937419083,0.0010960747812456422,0.000948256254962644,0.0012997929829786825
106.66666666666667,0.001054832412546095,0.0011050036291956047,0.0009535240995036658,0.001316915496627765
106.70833333333333,0.0010595152305294523,0.001138557120680467,0.000987739908199251,0.0013293105205470696
106.75,0.0010501562792499968,0.0011432779224068575,0.0009964806959890603,0.001331306562974997
106.79166666666667,0.0010258029165366627,0.0011364554689574635,0.0009715608038684914,0.001306959317091708
106.83333333333333,0.0009866531492373693,0.001102583502402187,0.0009419466060141765,0.0012646925664350156
106.875,0.0009356157559600365,0.0010697034560689014,0.0009015862256791882,0.0012098308975366302
106.91666666666667,0.0008775309239578084,0.0010142191630492098,0.0008492431106046849,0.0011611172704030692
106.95833333333333,0.0008167633845338935,0.0009390092617381617,0.0007849888664327701,0.0010949832117466887
107.0,0.000757098853799046,0.0008737954950692487,0.000717428961826397,0.0010409135212477254
107.04166666666667,0.0007029414635541946,0.0008076237779794477,0.0006504291863773024,0.000986532091484123
107.08333333333333,0.000657996483754569,0.000757455311301197,0.0006059186214496214,0.0009445365619790644
107.125,0.0006257367860252304,0.0007183258022230036,0.0005733755534161869,0.0009161454289502
107.16666666666667,0.0006086305326235349,0.0007455632698883154,0.0005745807550967653,0.0009077232183305388
107.20833333333333,0.0006080286844585964,0.0007467423762912882,0.0005762345574276034,0.000902138264709487
107.25,0.0006241255693758308,0.0007702892725467128,0.0005900519088363977,0.0009236016688591872
107.29166666666667,0.0006549072477902476,0.0008005647563155365,0.0006228324049407243,0.0009336547599377874
107.33333333333333,0.0006970357480048782,0.0008201342522258921,0.0006534925849859715,0.0009775219165622732
107.375,0.0007472583369072458,0.0008561473035401371,0.0006967589726050182,0.0010216943944546973
107.41666666666667,0.0008028367890861206,0.000892746696748237,0.0007495564840655804,0.0010761205758621903
107.45833333333333,0.0008603085055022834,0.000939931296060859,0.0007838872693339097,0.0011244949182676377
107.5,0.0009156866362156057,0.0009667331118996193,0.000818539643699553,0.0011759220205840365
107.54166666666667,0.0009657042137234469,0.001015241967743415,0.0008739615037075674,0.0012280308254977589
107.58333333333333,0.0010074281582323032,0.001051721170148293,0.0009077715127786194,0.0012727627873078337
107.625,0.0010382884790599305,0.001096657313991046,0.000944013596984705,0.00130166452461953
107.66666666666667,0.0010567654296039074,0.0010878920188744125,0.0009538274946455296,0.0013188485136855774
107.70833333333333,0.0010614575986760359,0.001140205880324169,0.0009829724711689137,0.0013357204160634414
107.75,0.0010521307611934473,0.0011456010933956168,0.0009984889342230733,0.0013332810449184474
107.79166666666667,0.0010277766093824425,0.0011394125139934615,0.0009735344967142712,0.0013093827250331986
107.83333333333333,0.0009885586902015663,0.0011027976997454796,0.0009438521469783735,0.0012665981073992126
107.875,0.0009373912212605879,0.0010720905342219542,0.0009033616909797396,0.0012116063628371814
107.91666666666667,0.0008792775945662427,0.001019032058003231,0.0008509897812131192,0.0011628639410115036
107.95833333333333,0.0008182696301964685,0.0009356483283832392,0.0007866805252002095,0.0010964894574092636
108.0,0.0007586583525900373,0.0008738724950829685,0.0007180249048182561,0.0010424730200387167
108.04166666666667,0.0007042277670426874,0.0008059901955747065,0.0006500853197681967,0.0009877345789529456
108.08333333333333,0.000659274361528262,0.0007468705628285504,0.0006057686681894338,0.0009458144397527574
108.125,0.0006269439682412015,0.0007141942996263127,0.0005658618346235258,0.0009173526111661711
108.16666666666667,0.0006097091564467766,0.0007327755655515978,0.0005727878575530882,0.0008995448812864538
108.20833333333333,0.000609118311432817,0.0007434361043254619,0.0005735826025857826,0.0009031440756640372
108.25,0.0006251758228487353,0.0007722360565529271,0.0005925458526423404,0.0009246519223320917
108.29166666666667,0.0006559643871722223,0.0007977763133368167,0.0006238895443226991,0.0009347118993197622
108.33333333333333,0.0006981528806984886,0.0008276788249377841,0.0006546097176795819,0.0009786390492558836
108.375,0.0007484456439759597,0.0008648398887139441,0.0007026346109648509,0.0010228817015234112
108.41666666666667,0.0008041497883583669,0.0009016603368693213,0.0007489793466585417,0.0010774335751344366
108.45833333333333,0.0008616041679851584,0.0009487056704998286,0.0007851829318167847,0.0011265492282717274
108.5,0.0009171818241872523,0.0009761153467154895,0.0008200348316711997,0.0011774172085556832
108.54166666666667,0.0009671836246767304,0.0010250930812557544,0.000875440914660851,0.0012313155570802905
108.58333333333333,0.0010090252395540565,0.0010599830189707074,0.0009108772611574648,0.0012743598686295872
108.625,0.0010399481939242891,0.0011050458657103086,0.0009456733118490637,0.0013033242394838887
108.66666666666667,0.0010584153671453437,0.001109966631577145,0.0009554774321869658,0.0013204984512270137
108.70833333333333,0.0010631780121125175,0.0011622036723951846,0.0009846928846053956,0.0013374408294999232
108.75,0.0010537741580585284,0.0011692866292628,0.0010006335800191023,0.0013349244417835285
108.79166666666667,0.0010293976253584322,0.0011624470894890477,0.0009766641797473532,0.0013117623885304031
108.83333333333333,0.0009901380651571342,0.0011250221626285983,0.0009454315219339414,0.0012699262588714917
108.875,0.0009389574605432081,0.0010924460319656929,0.0009049279302623598,0.0012131726021198017
108.91666666666667,0.0008806908034006124,0.0010396478769899933,0.0008503274402633394,0.0011642771498458731
108.95833333333333,0.0008197266656568217,0.0009585117851545626,0.0007879938611533856,0.0010979464928696167
109.0,0.000759840880125591,0.0008942437054381561,0.0007238957636449284,0.0010436555475742703
109.04166666666667,0.0007054834688292142,0.0008233823042396468,0.0006513410215547236,0.0009889902807394724
109.08333333333333,0.0006603378289825695,0.0007628604177466269,0.0006018528164511506,0.0009438446408928277
109.125,0.0006279241460194889,0.00073107517331799,0.000568842900499177,0.0009183327889444585
109.16666666666667,0.0006106938125738775,0.0007442705089293662,0.0005687931944875982,0.0009005295374135547
109.20833333333333,0.0006100259345705702,0.0007596713871319768,0.0005744902257235358,0.0009040516988017904
109.25,0.0006261045666058775,0.0007914366561962051,0.0005934745963994826,0.0009225473997749968
109.29166666666667,0.000656921988220672,0.0008151479958314065,0.0006255321525642341,0.0009356695003682119
109.33333333333333,0.0006991405210065816,0.0008427825145215619,0.0006555013011979136,0.0009796266895639766
109.375,0.0007494908628924194,0.0008814386179561806,0.0007044928071971507,0.001023926920439871
109.41666666666667,0.0008052048929732458,0.0009213789102387158,0.0007503989483170838,0.0010784886797493155
109.45833333333333,0.0008628463070165968,0.00096525969116201,0.0007864250708482231,0.0011277913673031657
109.5,0.0009183615363131888,0.000991751731838514,0.0008212145437971361,0.0011785969206816196
109.54166666666667,0.0009685641782378497,0.001042600534949121,0.0008705569532435512,0.0012326961106414098
109.58333333333333,0.0010103847563372997,0.0010798040857519587,0.000912236777940708,0.001278873134052617
109.625,0.001041369686236356,0.0011194224014126944,0.0009460555789182982,0.0013047457317959556
109.66666666666667,0.0010598986818885455,0.0011075384070864899,0.0009569607469301676,0.0013135190334195234
109.70833333333333,0.001064624937484742,0.0011550270908306695,0.0009845993358038397,0.0013378428184249
109.75,0.0010552650388986915,0.001171580579818522,0.0010024321091548598,0.0013364153226236915
109.79166666666667,0.0010308409822729855,0.0011644224066714452,0.0009718430216834874,0.0013132057454449564
109.83333333333333,0.0009915620578623315,0.0011277531756764818,0.0009468555146391387,0.001271905427650976
109.875,0.0009403239129326945,0.0010941573746516926,0.0009062943826518462,0.001214539054509288
109.91666666666667,0.0008819297713827402,0.0010447243538173616,0.0008519309052891303,0.001165516117828001
109.95833333333333,0.0008209481286023972,0.0009635537605140031,0.0007891087305769989,0.0010991679558151923
110.0,0.0007609195515576125,0.000896540466811521,0.0007257874123927901,0.001044734219006292
110.04166666666667,0.0007065262689023327,0.0008210183287928174,0.0006522950908161292,0.0009900330808125907
110.08333333333333,0.0006612604054050279,0.0007630721520792868,0.0006047762809709727,0.0009447672173152861
110.125,0.0006288222139423117,0.0007316232861951498,0.0005697409684219998,0.0009192308568672813
110.16666666666667,0.0006115119637468834,0.0007396767851697842,0.0005716122337579679,0.0009021446461906039
110.20833333333333,0.000610838048866237,0.0007565317431794756,0.0005744809592969888,0.0009048638130974572
110.25,0.0006269003912351614,0.0007936276013737338,0.0005942704210287665,0.0009194746597038064
110.29166666666667,0.0006577230796819964,0.0008166143380259022,0.0006266915749357192,0.0009364705918295362
110.33333333333333,0.0006999835347215432,0.0008437499855711112,0.0006563443149128752,0.0009804697032789382
110.375,0.0007503767804242566,0.0008843129883753832,0.000706325571343709,0.0010323225009562973
110.41666666666667,0.0008061878825160229,0.0009239157268272885,0.0007515263039753679,0.0010794716692920925
110.45833333333333,0.0008638275021061258,0.0009668305566711424,0.0007873452525291269,0.0011279948100088874
110.5,0.0009194910090429708,0.0009942975079588537,0.0008226516648225128,0.0011797263934114018
110.54166666666667,0.0009696707126560356,0.0010436464094617645,0.0008719570314107064,0.0012335046738188166
110.58333333333333,0.001011602258289404,0.0010862966535068739,0.0009150155812556329,0.0012845581633745093
110.625,0.0010426014298680062,0.0011112945242028854,0.0009472873225499483,0.0013091312240673923
110.66666666666667,0.001061158659909713,0.0011070559212139988,0.0009582207249513352,0.0013192465388104794
110.70833333333333,0.001065906380787392,0.0011375734080880065,0.0009879226009751742,0.00133912426172755
110.75,0.0010565201771709277,0.0011818778343524918,0.001003628522073502,0.0013376704608959278
110.79166666666667,0.001032099098364597,0.0011649186056705188,0.0009746624391379193,0.001313877898284942
110.83333333333333,0.0009927786503584161,0.0011303937566505273,0.0009480721071352233,0.0012731220201470607
110.875,0.000941495115414549,0.0010945986882043,0.0009074655851337007,0.0012232199199757319
110.91666666666667,0.0008830224865561472,0.0010437257728276481,0.0008545383832288141,0.001166608833001408
110.95833333333333,0.0008219813733648402,0.0009653801979193235,0.0007902607355942135,0.0011070584012723731
111.0,0.000761870928685289,0.0008948355278979115,0.0007276856361351879,0.0010456855961339683
111.04166666666667,0.0007074114561312937,0.000808288769496589,0.0006503270753375892,0.0009909182680415518
111.08333333333333,0.00066206983445908,0.0007628311832170567,0.0006055857100250248,0.0009455766463693382
111.125,0.0006295841703837159,0.0007314635186698362,0.0005705029248634039,0.0009161242486082113
111.16666666666667,0.0006122256151328407,0.0007394380097008894,0.0005685843033278838,0.0009028582975765611
111.20833333333333,0.0006115309246048417,0.0007445600648212748,0.0005723023136686747,0.0009055566888360619
111.25,0.0006275792895551225,0.0007919956005918361,0.0005949493193487276,0.0009201535580237677
111.29166666666667,0.0006584073811660965,0.0008182351941856434,0.0006127248631745882,0.0009476359197449967
111.33333333333333,0.0007007080318528597,0.0008454321168546691,0.0006570688120441917,0.0009811942004102547
111.375,0.0007511618846013806,0.0008871531812300074,0.0007071106755208331,0.0010331076051334214
111.41666666666667,0.000807023848326401,0.0009278792299158725,0.0007539380459606479,0.0010803076351024706
111.45833333333333,0.0008647018637435858,0.0009657277730513947,0.0007882196141665869,0.0011281695803254696
111.5,0.0009204364759578783,0.000994988157332045,0.0008236275541259943,0.0011810502423614461
111.54166666666667,0.0009706535414170134,0.0010446702884001158,0.000878975660804736,0.0012344875025797944
111.58333333333333,0.0010126391397537752,0.0010955589597069985,0.0009160099072497955,0.0012855950448388805
111.625,0.0010436692950631771,0.0011103968054862398,0.0009482660400029511,0.0013030501354418728
111.66666666666667,0.0010622535192089668,0.001109738454209612,0.0009608177931076564,0.0013203413981097332
111.70833333333333,0.0010670067746617895,0.001134049205605164,0.0009890229948495716,0.001328608174411469
111.75,0.0010576131305117483,0.0011854593585037012,0.0010047214754143226,0.0013391417962718855
111.79166666666667,0.0010331576622798317,0.0011648124341185858,0.000981756803686206,0.001314236870879299
111.83333333333333,0.0009938112694966457,0.0011332940000179988,0.0009491047262734529,0.0012741546392852903
111.875,0.000942495375014766,0.0010952040830488315,0.000908396353554808,0.0012242201795759488
111.91666666666667,0.0008839674301899727,0.0010423736894058675,0.0008554833268626396,0.0011675537766352335
111.95833333333333,0.0008228630113801597,0.0009654847893216601,0.000791142373609533,0.0011069801270893744
112.0,0.0007626906415213406,0.0008921800071372762,0.0007285053489712394,0.00104650530897002
112.04166666666667,0.0007081670119402073,0.0008064378456196703,0.0006461033119539119,0.0009916738238504655
112.08333333333333,0.0006627671821083997,0.0007628498272854755,0.0005916016638635225,0.0009462739940186579
112.125,0.0006302372107905231,0.0007317666305382232,0.0005711559652702111,0.0009167772890150185
112.16666666666667,0.0006128378037652221,0.0007396033830226771,0.0005691964919602653,0.0009034704862089425
112.20833333333333,0.0006121298723908422,0.0007442550576143463,0.0005679219422620844,0.0009061556366220624
112.25,0.0006281773576298699,0.0007868529821613997,0.0005955353255173019,0.0009206678100788446
112.29166666666667,0.0006590350833439583,0.0008188323729512165,0.00061335256535245,0.0009482636219228586
112.33333333333333,0.0007013569983752894,0.0008439423279839217,0.0006577177785666214,0.0009818431669326843
112.375,0.0007518263081400992,0.000888042824918022,0.0007077750990595517,0.0010337720286721398
112.41666666666667,0.0008077064389149179,0.0009317134922015135,0.0007546206365491648,0.0010809902256909876
112.45833333333333,0.0008655016490092304,0.0009676594160154302,0.0007908584886178524,0.0011289693655911143
112.5,0.0009212113411676279,0.0009965942426364417,0.0008244024193357439,0.0011818251075711957
112.54166666666667,0.0009715287374423739,0.0010480166811977405,0.0008754699241161133,0.001235362698605155
112.58333333333333,0.0010135234474610581,0.0010971604057084233,0.0009157814700963897,0.0012864793525461634
112.625,0.0010445847038357315,0.001111425587178935,0.0009491814487755055,0.0013039655442144272
112.66666666666667,0.001063193142672345,0.001112551888783384,0.000960702817434612,0.0013202360851258634
112.70833333333333,0.001067947325330405,0.0011343729538577554,0.0009899973018087497,0.0013295487250800846
112.75,0.0010585703547180143,0.0011858585983304255,0.0010051292889223017,0.0013400990204781513
112.79166666666667,0.0010340957195862518,0.0011686297839877558,0.0009826948609926258,0.0013205194142232553
112.83333333333333,0.0009947121169651958,0.0011378956663131397,0.0009452278786063983,0.0012750554867538403
112.875,0.0009433386504416171,0.0010970413287460818,0.0009092396289816591,0.0012250634550028
112.91666666666667,0.0008847810671756527,0.0010445415742109828,0.0008582055442130502,0.0011683674136209136
112.95833333333333,0.0008236197291841085,0.0009688505962796701,0.0007918990914134818,0.0011077368448933233
113.0,0.0007633949282839165,0.0008958683961135076,0.0007283944200068389,0.0010470297876688942
113.04166666666667,0.0007088153684618271,0.0008044238096059695,0.0006487525565728957,0.0009923221803720852
113.08333333333333,0.000663374580937273,0.0007656094487416826,0.0005922090626923958,0.0009468813928475312
113.125,0.0006307905449240296,0.0007336028125687118,0.0005717092994037177,0.000917330623148525
113.16666666666667,0.000613373135725728,0.0007417706762479013,0.0005697318239207711,0.0009040058181694485
113.20833333333333,0.000612633305053039,0.0007474903193082742,0.0005704262630216451,0.0009066590692842593
113.25,0.0006286772756312651,0.0007915167337058127,0.0005960352435186971,0.00092116772808024
113.29166666666667,0.0006595319318269732,0.0008226014147904844,0.0006138494138354649,0.0009487604704058733
113.33333333333333,0.0007018756862190435,0.0008496083151964542,0.0006578462755774451,0.0009822658627324072
113.375,0.0007523939154780276,0.000894238952782996,0.0007075913078850607,0.0010343396360100682
113.41666666666667,0.0008083573101573567,0.0009365549268491204,0.0007545201092791843,0.0010816410969334265
113.45833333333333,0.0008661086557592777,0.0009706057895124809,0.0007907140968554803,0.0011295763723411616
113.5,0.0009219460896965982,0.0010016166794408253,0.0008243857693522948,0.001183659664376989
113.54166666666667,0.000972249329807362,0.0010470311608475752,0.000875439117968682,0.0012414277770076791
113.58333333333333,0.0010142959458910522,0.001096426596681086,0.0009160961137629339,0.0012862069145289099
113.625,0.001045392851610657,0.0011143449153540558,0.0009491960399593963,0.0013047736919893527
113.66666666666667,0.00106400181814106,0.001114942262810931,0.0009614148458193661,0.0013210447605945786
113.70833333333333,0.001068768170947027,0.001135723542419398,0.0009908181474253717,0.0013303695706967066
113.75,0.0010593925519625236,0.0011841264657510217,0.001005951486166811,0.0013413709328183715
113.79166666666667,0.0010349108981217627,0.0011665287067284696,0.0009835100395281368,0.0013213345927587663
113.83333333333333,0.0009954627559154692,0.001140092254077297,0.0009457782103350216,0.0012758061257041138
113.875,0.0009440118176829615,0.001099074037186699,0.0009097124890013534,0.0012257366222441443
113.91666666666667,0.0008855870619272205,0.001048328032964125,0.0008573043360537105,0.0011691734083724814
113.95833333333333,0.0008241367363814907,0.0009690307846257414,0.0007922157913892138,0.0011082538520907055
114.0,0.000764132341060244,0.0008937780692343676,0.0007289315255615163,0.0010477672004452218
114.04166666666667,0.0007093034939122239,0.0008027870180566097,0.0006490403748016422,0.0009928103058224821
114.08333333333333,0.0006638901190197744,0.0007676108568395296,0.0005916473845300063,0.0009473969309300327
114.125,0.0006312861457976452,0.0007374702093047282,0.000572101501890008,0.0009178262240221406
114.16666666666667,0.0006138474784361905,0.0007446083554080676,0.0005700058594095834,0.0009044801608799109
114.20833333333333,0.0006130614774800933,0.0007477962021087728,0.0005707510370613739,0.0009070872417113135
114.25,0.0006291198043669366,0.0007862019448144692,0.0005954005560094779,0.0009216102568159113
114.29166666666667,0.0006599948141119351,0.0008234078724162674,0.0006157723352782572,0.0009492233526908353
114.33333333333333,0.0007023537875079198,0.0008513391644854477,0.0006561860173972197,0.0009827439640212835
114.375,0.0007529019774916849,0.000895927866276629,0.000708099369898718,0.0010318530565407923
114.41666666666667,0.0008088322144775301,0.0009377656138823032,0.0007549950135993577,0.0010821160012535998
114.45833333333333,0.0008667351107988501,0.0009720537811358792,0.0007913405518950527,0.0011302028273807339
114.5,0.0009224797818417517,0.001002676871280398,0.0008249194614974484,0.0011850667346829848
114.54166666666667,0.0009729535336786683,0.001048944893542746,0.0008764509701355828,0.0012421319808789855
114.58333333333333,0.0010148982896507166,0.001095656053400859,0.0009100778000878457,0.001286809258288574
114.625,0.001046117714729933,0.0011177947015517246,0.0009506620565482866,0.001304453618661381
114.66666666666667,0.0010646645073294602,0.001120333904254371,0.0009704117010759188,0.0013217074497829787
114.70833333333333,0.0010694842963311151,0.0011367428933566955,0.0009907873219686318,0.0013310856960807946
114.75,0.0010600786361103834,0.001183378387252388,0.0010017651909996336,0.0013428156644874458
114.79166666666667,0.0010355786081217584,0.0011657274615789511,0.0009841777495281324,0.001322002302758762
114.83333333333333,0.0009961341770331686,0.0011410030416454788,0.000946449631452721,0.0012764775468218131
114.875,0.0009446436269774763,0.0010984778273470783,0.0009101945982493608,0.0012263684315386592
114.91666666666667,0.0008861722933070969,0.0010455046636114135,0.0008578895674335869,0.0011697586397523578
114.95833333333333,0.0008246898354760053,0.0009683841098681961,0.0007928068764853204,0.0011088069511852202
115.0,0.0007646454871249965,0.0008898950685099231,0.000726293821784929,0.001045285705027041
115.04166666666667,0.0007097759249658555,0.00080384042050659,0.0006490816492970796,0.0009932827368761136
115.08333333333333,0.0006643308227552067,0.0007697130998023647,0.0005944562290291114,0.000947837634665465
115.125,0.0006316944748795433,0.00073773152738631,0.0005738566124706194,0.0009152012867898015
115.16666666666667,0.0006142296265098613,0.0007473177152718807,0.0005703880074832543,0.0009009937442531076
115.20833333333333,0.0006134361489497612,0.0007482224976171026,0.0005724724900297554,0.0009005600821662701
115.25,0.0006294806182194827,0.0007767164138466408,0.0005945523038026634,0.0009219710706684575
115.29166666666667,0.000660356400829575,0.0008232277233270273,0.0006161339219958971,0.0009495849394084752
115.33333333333333,0.0007027391920304372,0.0008486087118656662,0.0006565714219197371,0.0009831293685438008
115.375,0.00075330513236827,0.0008960096923645118,0.0007085025247753031,0.0010322562114173776
115.41666666666667,0.0008093331949304182,0.0009373762892448672,0.0007554959940522458,0.001082616981706488
115.45833333333333,0.0008671537116211524,0.0009709412990170631,0.0007916094526708476,0.001130621428203036
115.5,0.0009230581379196407,0.0010049265122826388,0.0008254978175753373,0.0011856450907608736
115.54166666666667,0.0009734244124361294,0.0010502075325873879,0.000876952271281618,0.0012375550624762
115.58333333333333,0.0010155237310344857,0.0010977863556415344,0.0009107369977621772,0.0012874346996723431
115.625,0.0010466541803394603,0.0011200406917461067,0.0009511985221578138,0.0013049900842709082
115.66666666666667,0.0010652861156002108,0.0011335720744842187,0.0009710670656372316,0.0013223290580537293
115.70833333333333,0.0010700582637669875,0.0011387067378172187,0.0009913917117930781,0.001331659663516667
115.75,0.0010606393297381811,0.001184955379905448,0.0010023258846274313,0.0013433763581152435
115.79166666666667,0.0010361394712977358,0.00116611222662803,0.0009847386127041099,0.001317515368774493
115.83333333333333,0.0009967003782037102,0.0011425783287231607,0.0009470158326232626,0.0012770437479923547
115.875,0.0009452507296804002,0.0010973859461025257,0.0009108017009522846,0.001226975534241583
115.91666666666667,0.0008865621269198951,0.0010433950446320974,0.0008581357015392081,0.0011701484733651559
115.95833333333333,0.0008252985737744748,0.0009670350610057949,0.0007934156147837899,0.0011094156894836896
116.0,0.0007649442512223045,0.0008767298828601529,0.0007260505336344443,0.0010455844691243492
116.04166666666667,0.0007102524059999842,0.0008040179887475501,0.0006495581303312082,0.0009937592179102422
116.08333333333333,0.000664692118835844,0.0007691991883225512,0.0005970862721910829,0.0009481989307461022
116.125,0.0006320289161358457,0.0007369421165472542,0.0005741910537269218,0.0009155357280461039
116.16666666666667,0.0006145297868012245,0.0007473422195541678,0.0005707850766089423,0.0009012939045444707
116.20833333333333,0.0006137614434050465,0.0007471846233486123,0.0005727977844850406,0.0009008853766215554
116.25,0.0006297945594781676,0.0007732270149851716,0.0005946035612558067,0.0009222850119271424
116.29166666666667,0.0006606692158118373,0.0008243959126389012,0.0006248598177377781,0.0009498977543907374
116.33333333333333,0.0007030691790428163,0.0008504350265632119,0.0006565953902042376,0.00098345935555618
116.375,0.000753663026083446,0.0008989902127914701,0.0007088604184904791,0.0010346286939444985
116.41666666666667,0.0008096874318849087,0.0009385096525874616,0.0007561646212133315,0.0010829712186609785
116.45833333333333,0.000867599000020878,0.0009724776214885035,0.0007920547410705732,0.0011310667166027617
116.5,0.0009234670850862283,0.0010070093582806691,0.0008259067647419249,0.001185276285543654
116.54166666666667,0.00097392051756492,0.0010494632292840577,0.0008774483764104087,0.0012384295496401278
116.58333333333333,0.0010159891371166537,0.001087947177179422,0.0009101631786015128,0.0012879001057545113
116.625,0.0010471632872479206,0.0011218106370226748,0.0009600755514249889,0.0013075137799913135
116.66666666666667,0.0010657913490454006,0.001137412963642517,0.0009715722990824215,0.0013196446656737327
116.70833333333333,0.0010705658429593012,0.001143548669431364,0.0010002334570535444,0.0013325456247441176
116.75,0.0010611394478344982,0.001165403483367181,0.001001285528549968,0.0013430987238277534
116.79166666666667,0.0010365977531604047,0.0011682546526306033,0.0009856981434977269,0.0013179736506371618
116.83333333333333,0.0009971187198636658,0.0011434684561642584,0.0009474341742832182,0.0012774620896523104
116.875,0.0009456503241263974,0.0010966242856469846,0.0009112012953982818,0.0012273751286875803
116.91666666666667,0.0008870521514206498,0.0010456008426185963,0.000858410291639088,0.0011706384978659107
116.95833333333333,0.0008256485583987787,0.0009701906829367963,0.0007944429957457479,0.0011097656741079936
117.0,0.0007653704729638432,0.0008791224402245212,0.0007212752859620895,0.001046010690865888
117.04166666666667,0.0007105196257392247,0.0008079469234741521,0.0006527328808156087,0.000994026437649483
117.08333333333333,0.0006650950112984697,0.0007707610254160287,0.0006068645244687863,0.0009486018232087279
117.125,0.0006322672892556731,0.0007388736552399113,0.0005744294268467492,0.0009157741011659313
117.16666666666667,0.000614830640978608,0.0007491235159245112,0.0005724327122850391,0.0008985614924076172
117.20833333333333,0.0006140428700560956,0.0007503097053527867,0.0005730792111360897,0.0009011668032726045
117.25,0.0006300395489656726,0.0007721786463143371,0.0005912914665268386,0.0009225300014146473
117.29166666666667,0.0006609419054214367,0.000822115243866247,0.0006256974249097922,0.0009501704440003368
117.33333333333333,0.0007033614324135829,0.000849835260354121,0.0006566722091741293,0.0009837516089269466
117.375,0.0007539728158517203,0.0008988055593963328,0.0007091702082587534,0.0010349384837127727
117.41666666666667,0.0008100428967430157,0.0009380108942823077,0.0007453350939459062,0.0010833266835190854
117.45833333333333,0.0008679248956290685,0.0009712362880160115,0.0007923806366787637,0.0011313926122109522
117.5,0.0009238723806274541,0.0010075071748705015,0.0008263120602831507,0.001184981989764002
117.54166666666667,0.0009742916881812848,0.0010508820112113057,0.0008733430736967534,0.0012394508134376046
117.58333333333333,0.001016424238422571,0.0010873251650727245,0.0009109059282030245,0.001285798225255554
117.625,0.0010475830497775574,0.0011290154709374628,0.0009604953139546258,0.0013079335425209503
117.66666666666667,0.001066226091462826,0.0011380239635665561,0.0009723146897954413,0.0013197804035264377
117.70833333333333,0.0010709960602168047,0.0011537956911064286,0.001000663674311048,0.0013326768374369007
117.75,0.0010615759670121925,0.0011594062740666253,0.0010017220477276623,0.0013312191704940913
117.79166666666667,0.0010370235961013412,0.0011693146816346396,0.0009861239864386634,0.0013183994935780984
117.83333333333333,0.0009975423790242624,0.001145196196657754,0.0009434081214935508,0.0012853954117974962
117.875,0.0009460502005631369,0.0010954607477179233,0.0009116011718350213,0.0012277750051243198
117.91666666666667,0.0008873936454376029,0.0010433330783073003,0.0008588350206742184,0.0011778371925776016
117.95833333333333,0.000825995899615814,0.0009658690346639703,0.0007878818276070584,0.0011101130153250288
118.0,0.0007656604482891624,0.0008774920726174877,0.0007249324883790216,0.001046300666191207
118.04166666666667,0.0007108530457076455,0.000807476261886124,0.0006530663007840294,0.0009943598576179036
118.08333333333333,0.0006653012297359442,0.0007684872917967856,0.0006070707429062607,0.0009488080416462024
118.125,0.0006325411408643559,0.0007386245566450639,0.0005741876677756363,0.0009160479527746142
118.16666666666667,0.0006150577640118495,0.0007474059054305448,0.0005726598353182806,0.0008987886154408585
118.20833333333333,0.0006142415980986792,0.0007514465627070252,0.0005732658772725001,0.000901365531315188
118.25,0.0006302847933585611,0.0007706389257768891,0.000593537599017091,0.0009227752458075359
118.29166666666667,0.0006611866599385533,0.0008193051985453274,0.0006259421794269088,0.0009503313824977831
118.33333333333333,0.0007036003460010289,0.0008504173145561861,0.0006569943577797525,0.000994471548945753
118.375,0.0007542274098151647,0.0009000220235856893,0.0007095742847404651,0.0010351930776762172
118.41666666666667,0.0008103012375697016,0.000938662814336631,0.0007455934347725921,0.0010910946873303605
118.45833333333333,0.0008682481753364412,0.0009682572732372685,0.0007927039163861364,0.001131715891918325
118.5,0.0009241761112912884,0.0010067611522391832,0.000826615790946985,0.0011852857204278362
118.54166666666667,0.0009746362874873186,0.0010512709692722774,0.0008736876730027872,0.0012402451278393494
118.58333333333333,0.001016781288921602,0.0010831066787408568,0.0009112042533484614,0.0012770757763689812
118.625,0.0010479369439442593,0.0011327108029178725,0.0009611568564169222,0.0013082874366876522
118.66666666666667,0.0010665938558679898,0.0011380091424300707,0.0009727128765891793,0.0013201481679316015
118.70833333333333,0.0010713593508934484,0.0011581388222052544,0.0010010269649876917,0.0013334898432092552
118.75,0.001061933925984019,0.0011562313680748624,0.0010020800066994889,0.0013315771294659178
118.79166666666667,0.0010373843533894652,0.0011706521371578705,0.000986395595984619,0.0013187602508662223
118.83333333333333,0.0009978973458635695,0.0011470275364836129,0.00094527175538995,0.0012857503786368033
118.875,0.0009463920454676658,0.0010926223590896013,0.0009119430167395502,0.0012281168500288485
118.91666666666667,0.0008876551000481272,0.0010438698868962793,0.0008590964752847427,0.0011771387349898078
118.95833333333333,0.0008263137245072932,0.0009678678383596767,0.0007881996524985377,0.0011103470241968377
119.0,0.0007658902815749953,0.0008811713642586391,0.0007251623216648545,0.00104653049947704
119.04166666666667,0.0007111199066014575,0.0008056247365799838,0.0006533331616778414,0.0009946267185117156
119.08333333333333,0.0006654965335769241,0.0007701913124573133,0.0006069139272935884,0.0009490033454871823
119.125,0.0006327745498759911,0.0007413429823282176,0.0005744210767872715,0.0009162813617862494
119.16666666666667,0.0006152343984314809,0.0007483048751563845,0.0005723329209642895,0.0008989652498604901
119.20833333333333,0.0006144438700767069,0.0007516093765544205,0.0005734681492505278,0.0009015678032932157
119.25,0.0006304561461580961,0.0007721474350598236,0.000579039619911977,0.0009229465986070709
119.29166666666667,0.0006613528031748575,0.0008186777975925466,0.000626108322663213,0.0009504975257340872
119.33333333333333,0.0007037993351463106,0.0008521368043067164,0.0006571933469250343,0.0009946705380910346
119.375,0.0007544553861007806,0.0009022141167092407,0.000709802261026081,0.0010354210539618332
119.41666666666667,0.0008105247996714398,0.0009405672647096307,0.0007527767627173823,0.0010913182494320986
119.45833333333333,0.0008685332964981337,0.0009671418097608436,0.0007929890375478289,0.0011320010130800174
119.5,0.0009244204134243179,0.0010072931347891913,0.0008268600930800145,0.0011864615828798715
119.54166666666667,0.0009749675745899282,0.0010518129272524676,0.000875527627162489,0.0012413350624631736
119.58333333333333,0.0010170516712961724,0.0010830157092993912,0.000911474635723032,0.0012777245407786884
119.625,0.0010482743374465712,0.0011339861381732587,0.0009615246723078081,0.0013054352043647781
119.66666666666667,0.0010669046197657687,0.0011391056451433557,0.0009730236404869582,0.0013208373138645173
119.70833333333333,0.0010716753365327862,0.001159421648681116,0.0010013429506270295,0.0013313748505446215
119.75,0.0010622505978626939,0.001156095590096966,0.0010023966785781637,0.0013318938013445927
119.79166666666667,0.001037674375499538,0.0011724876762158787,0.0009872489522570937,0.0013190502729762952
119.83333333333333,0.0009981683145147606,0.001147886217971225,0.0009455427240411411,0.0012869529076070003
119.875,0.0009466395454869418,0.0010915263501426048,0.0009121905167588263,0.0012283643500481246
119.91666666666667,0.0008879555100118971,0.0010435025280461372,0.0008593968852485126,0.0011774391449535777
119.95833333333333,0.0008265257407004293,0.0009649657876499194,0.0007930985193307906,0.0011105590403899738
120.0,0.0007661390485371386,0.0008805319705105273,0.0007254110886269978,0.0010467792664391833
120.04166666666667,0.0007113012403782794,0.0008034300874644806,0.0006535144954546633,0.0009948080522885375
120.08333333333333,0.0006657141587739326,0.0007710065213411312,0.0006079602591908593,0.0009492209706841909
120.125,0.0006329228290211348,0.000741220977850742,0.0005616816234453351,0.000916429640931393
120.16666666666667,0.0006154218654851483,0.0007478121098016624,0.0005725083261117837,0.0008991527169141573
120.20833333333333,0.0006145919398396854,0.0007502356342693302,0.0005736162190135063,0.0009017158730561943
120.25,0.0006306380611133088,0.0007706861390294188,0.0005800502415674521,0.0009231285135622836
120.29166666666667,0.0006615405199125424,0.0008128740595061418,0.0006262960394008979,0.0009506852424717723
120.33333333333333,0.00070396930997882,0.0008500244618774237,0.000652708644666487,0.000994840512923544
120.375,0.0007546275024022638,0.0009023733952235889,0.0007099743773275642,0.0010355931702633163
120.41666666666667,0.0008107394336615344,0.0009410101360210247,0.0007554410438569046,0.0010915328834221933
120.45833333333333,0.0008687234881476077,0.0009668104091004638,0.0007940410248489985,0.0011321912047294914
120.5,0.000924679866612781,0.0010082132740038433,0.0008271195462684776,0.0011867210360683345
120.54166666666667,0.0009751900467915716,0.0010563943658223167,0.000876611895015828,0.0012415575346648169
120.58333333333333,0.0010173307034485129,0.0010832764594934025,0.0009106569106603345,0.001278653666112141
120.625,0.0010485237840170674,0.0011326391449637267,0.0009617741188783043,0.0013060630329704112
120.66666666666667,0.0010671776199939777,0.0011398274134004382,0.0009732966407151672,0.001321560029188437
120.70833333333333,0.0010719367456447305,0.0011595835941739518,0.0010016043597389738,0.0013308585072727584
120.75,0.0010625087148241226,0.0011562829257117796,0.0010016001964031698,0.001331852913741301
120.79166666666667,0.0010379561351430454,0.0011798233897818268,0.000987530711900601,0.0013193320326198026
120.83333333333333,0.0009984347460892872,0.0011492762461231113,0.0009473704569784881,0.0012872193391815269
120.875,0.0009468769201178199,0.001091263292589175,0.0009124278913897043,0.001230350501195714
120.91666666666667,0.0008881665009939301,0.0010434176869901382,0.0008596078762305456,0.0011776501359356108
120.95833333333333,0.0008267150108993162,0.0009603572611434756,0.0007949160559568914,0.0011107483105888606
121.0,0.0007663407156823061,0.0008805438244555392,0.0007256127557721653,0.0010469809335843508
121.04166666666667,0.0007114524148271162,0.0008008749181500976,0.0006487888425911408,0.0009949592267373744
121.08333333333333,0.0006658948782899232,0.0007725968363391333,0.0006080632405765064,0.0009494016902001815
121.125,0.0006330526818217261,0.0007416400140159362,0.0005616423616068779,0.0009165594937319844
121.16666666666667,0.0006155703678761517,0.0007491102730352163,0.000572656828502787,0.0008993012193051609
121.20833333333333,0.0006147211392926865,0.0007488917022171856,0.000573576303827459,0.0009018450725091954
121.25,0.0006307451983210484,0.0007712519802092588,0.0005801756974346095,0.0009232356507700232
121.29166666666667,0.0006616560267947103,0.0008066166324871276,0.0006231646396519646,0.00095080074935394
121.33333333333333,0.0007040993617786306,0.0008491546346812297,0.0006518751406671654,0.0009949705647233546
121.375,0.0007548031455054436,0.0009027231397932716,0.0007101027724261931,0.0010357688133664962
121.41666666666667,0.0008108973577565162,0.0009425676148176083,0.0007555989679518864,0.0010916908075171753
121.45833333333333,0.0008689403261203861,0.0009675643963646077,0.000794257862821777,0.0011333387513682903
121.5,0.0009248470176254424,0.0010104177286127886,0.000827286697281139,0.0011886935077102443
121.54166666666667,0.0009754412325430972,0.0010636007276877836,0.0008783818266599655,0.0012410309680325352
121.58333333333333,0.0010175252741109284,0.0010848137615349406,0.0009108514813227501,0.0012792979518702675
121.625,0.0010487738194930592,0.0011352031816998223,0.0009620241543542961,0.0013071138721585055
121.66666666666667,0.0010673907162185336,0.0011418844853690595,0.0009735097369397231,0.0013159769581032273
121.70833333333333,0.00107217029374636,0.0011622985152227603,0.0010018379078406033,0.001331092055374388
121.75,0.001062728720857374,0.0011544485834417027,0.0010018202024364212,0.0013320729197745522
121.79166666666667,0.0010381708415762975,0.0011800174968262047,0.0009894936964535686,0.0013195467390530546
121.83333333333333,0.0009986452405789555,0.001149465715714156,0.0009475809514681564,0.001287429833671195
121.875,0.0009470681709033468,0.0010910045460031134,0.000911112246485974,0.0012305417519812409
121.91666666666667,0.0008883522159622065,0.0010420542363584328,0.000859793591198822,0.0011778358509038872
121.95833333333333,0.0008268754828444177,0.0009468232736789487,0.0007920555240168068,0.0011109087825339622
122.0,0.0007665028721341577,0.0008785573849037679,0.0007257749122240169,0.0010471430900362024
122.04166666666667,0.0007115844675007284,0.000798631457291011,0.000649235390109567,0.0009950912794109866
122.08333333333333,0.0006660401006743918,0.0007727581763940475,0.000608208462960975,0.00094954691258465
122.125,0.0006331718021837562,0.0007436510344124399,0.00056232980706366,0.0009166786140940144
122.16666666666667,0.0006156887682016905,0.0007492965921793283,0.000572775228828326,0.0008994196196306995
122.20833333333333,0.0006148429630385975,0.0007486476399318099,0.0005754633258810816,0.0009019668962551064
122.25,0.0006308691919453196,0.0007713842656718519,0.0005819600374383612,0.0009233596443942944
122.29166666666667,0.0006618017715701789,0.0007990598494547006,0.0006227683321796405,0.0009509464941294088
122.33333333333333,0.0007042395935561459,0.0008489114022320052,0.0006567037037357995,0.00099511079650087
122.375,0.0007549083706250165,0.0009023116766581884,0.0007087483498610596,0.001035874038486069
122.41666666666667,0.0008110601915071983,0.0009432684980836816,0.0007557618017025685,0.0010918536412678572
122.45833333333333,0.0008690676606759012,0.0009668278885541053,0.000794385197377292,0.0011334660859238053
122.5,0.0009250585980540755,0.001010238864634646,0.0008212337627313531,0.0011889050881388774
122.54166666666667,0.0009755860267376109,0.0010623494414334442,0.0008774138759937905,0.001240476170906171
122.58333333333333,0.0010177422916275022,0.0010855879497215946,0.0009209048737645436,0.001280273616908056
122.625,0.0010489472303852705,0.001135563217578343,0.0009621975652465074,0.0013072872830507168
122.66666666666667,0.001067595747883754,0.0011410675145744652,0.0009737147686049436,0.0013169406372896624
122.70833333333333,0.0010723525455427847,0.0011627005571797615,0.001002020159637028,0.0013305747158499346
122.75,0.0010629159221438383,0.0011568536918298371,0.001010341569791038,0.0013322601210610167
122.79166666666667,0.001038347474798765,0.0011762674068548627,0.0009885575848153473,0.0013197233722755221
122.83333333333333,0.000998806115781707,0.0011482759898297284,0.0009414773116924888,0.0012875907088739467
122.875,0.0009472221382166679,0.001087086419338881,0.0009112662137992951,0.0012312508953688489
122.91666666666667,0.0008885005449830692,0.0010411654624446598,0.0008599419202196847,0.0011779841799247498
122.95833333333333,0.0008270176572851239,0.0009462250980176295,0.000792197698457513,0.0011110509569746683
123.0,0.0007666300673663884,0.0008811647799948113,0.0007260875205611121,0.0010472702852684331
123.04166666666667,0.0007117061815700534,0.0007998614776867455,0.0006540454354700108,0.0009952129934803116
123.08333333333333,0.0006661468066101621,0.0007746483248595145,0.000606614746910163,0.0009496536185204203
123.125,0.0006332735848720943,0.0007441264701151692,0.0005650542151869377,0.0009167803967823526
123.16666666666667,0.0006157845743218838,0.0007515183337268906,0.0005702461090815926,0.0008995154257508928
123.20833333333333,0.0006149264923535439,0.0007498039428389107,0.0005640813576850657,0.0009020504255700528
123.25,0.0006309596318763049,0.0007727440923604066,0.0005820504773693465,0.0009234500843252796
123.29166666666667,0.0006618966445170477,0.0007926474399614589,0.0006198847740312823,0.0009510413670762776
123.33333333333333,0.0007043419622286107,0.0008481868443164283,0.0006585658963388256,0.0009952131651733349
123.375,0.0007550379808020189,0.0009041150941044983,0.0007089196736357495,0.0010360036486630714
123.41666666666667,0.000811158711285756,0.0009434585334782515,0.0007558603214811261,0.001091952161046415
123.45833333333333,0.0008692379423538881,0.0009661351137987498,0.0007945554790552789,0.0011336363676017923
123.5,0.0009251633419507827,0.0010110930537774656,0.0008213385066280603,0.0011897567972420531
123.54166666666667,0.0009757692759173892,0.0010616149913210999,0.0008775971251735688,0.0012406594200859494
123.58333333333333,0.0010178885846427919,0.0010945179165712982,0.0009210511667798333,0.0012796421575395384
123.625,0.001049117108016949,0.0011352037182359165,0.0009623674428781858,0.0013024196408938443
123.66666666666667,0.0010677579792829164,0.001140878959249983,0.0009738770000041059,0.0013163251163050176
123.70833333333333,0.001072507864364257,0.0011629366524502883,0.0010021754784585001,0.00132272713298083
123.75,0.001063079545221402,0.0011684891031906656,0.0010105051928686018,0.0013324237441385803
123.79166666666667,0.0010384864734106214,0.0011735771409211511,0.0009886965834272035,0.0013198623708873785
123.83333333333333,0.0009989440987424386,0.0011449720792202842,0.0009416152946532204,0.00128792048096686
123.875,0.0009473474342680858,0.0010859537059554896,0.0009112478103435359,0.0012313761914202667
123.91666666666667,0.0008886673992304586,0.0010396733387239916,0.0008601087744670741,0.0011781510341721392
123.95833333333333,0.0008270775090382965,0.0009459457214926067,0.0007942584383080494,0.001111110808727841
124.0,0.0007668050297378282,0.0008815676426080424,0.0007262624829325518,0.0010474452476398727
124.04166666666667,0.0007117533541122365,0.0007996047251455297,0.0006558524319427552,0.0009952601660224946
124.08333333333333,0.0006662502242784566,0.0007711853003346625,0.0006067181645784574,0.0009497570361887148
124.125,0.0006334041670558664,0.0007439979676019874,0.0005651847973707098,0.0009169109789661246
124.16666666666667,0.000615826861267145,0.0007526921930879478,0.000560424799862404,0.0008995577126961542
124.20833333333333,0.0006150394752166486,0.0007505101959386581,0.0005641943405481705,0.0009021634084331575
124.25,0.0006310391959161175,0.0007706665391856984,0.0005905431221687778,0.0009235296483650924
124.29166666666667,0.0006619529312772707,0.0007900064988117351,0.0006199410607915053,0.0009510976538365006
124.33333333333333,0.0007044311479928541,0.0008490234655349316,0.000658655082103069,0.0009953023509375783
124.375,0.0007551371964110154,0.0009052813745310345,0.0007075342167478823,0.0010361028642720679
124.41666666666667,0.0008112785561286921,0.0009425373284687392,0.0007559801663240622,0.001092072005889351
124.45833333333333,0.0008693320172981475,0.0009661978942642127,0.0007946495539995383,0.0011337304425460516
124.5,0.0009253118001881382,0.0010111289829444784,0.0008275227654984676,0.0011899052554794087
124.54166666666667,0.0009759022504105322,0.0010598354523559492,0.0008711094422319594,0.0012407923945790922
124.58333333333333,0.0010180150460558594,0.0010974660522396855,0.0009211776281929008,0.0012797686189526059
124.625,0.0010492903981064307,0.0011349690003295099,0.0009625407329676676,0.0013018151785995186
124.66666666666667,0.001067882137378183,0.0011408601991239318,0.0009740011580993726,0.0013164492744002843
124.70833333333333,0.001072670568972133,0.0011618609336530074,0.0010023381830663763,0.0013228898375887061
124.75,0.0010631685609327898,0.0011715763898093585,0.0010105942085799895,0.0013325127598499682
124.79166666666667,0.0010385580690633184,0.0011736766337004433,0.0009821475216451481,0.0013274436295246648
124.83333333333333,0.0009990102432533502,0.0011425941966890566,0.0009477172397971838,0.0012879866254777717
124.875,0.0009474380573451273,0.0010866041101436268,0.0009064285389022754,0.0012314668144973082
124.91666666666667,0.0008887704844085794,0.0010334773241321474,0.0008602118596451949,0.00117825411935026
124.95833333333333,0.0008271813567122435,0.000948677506117514,0.0007922867361978469,0.0011112146564017879
125.0,0.0007668837788193268,0.0008842048012725772,0.000726450072892963,0.0010475239967213715
125.04166666666667,0.0007118414466753247,0.0007995998321419095,0.0006559405245058434,0.000995348258585583
125.08333333333333,0.0006663354794645712,0.0007724463436665447,0.0006068034197645721,0.0009498422913748295
125.125,0.000633454844675465,0.0007436292182294275,0.000573648555749927,0.0009169616565857232
125.16666666666667,0.0006159016790522881,0.0007541090083282289,0.0005619218526236648,0.0008996325304812973
125.20833333333333,0.000615104244094153,0.0007506491125776806,0.0005642591094256748,0.0009022281773106618
125.25,0.0006310921635053575,0.0007695249867048804,0.0005905960897580177,0.0009235826159543322
125.29166666666667,0.0006620127418317628,0.0007892798658836294,0.0006195697147878032,0.0009511574643909926
125.33333333333333,0.0007044997659150537,0.0008492416955045119,0.0006587237000252686,0.0009952871528401074
125.375,0.0007552129522051947,0.0009075615464271851,0.0007070270652996967,0.0010466596464976075
125.41666666666667,0.0008113994171977923,0.0009440974523088071,0.0007560400139845374,0.0010921928669584513
125.45833333333333,0.0008693899703364615,0.0009658063258348778,0.0007947075070378523,0.0011412980585689548
125.5,0.0009254602208579829,0.001010985293473624,0.0008232564971637665,0.0011900536761492533
125.54166666666667,0.0009759687214927784,0.0010603940634337154,0.0008711759133142056,0.0012408588656613385
125.58333333333333,0.0010181742561135138,0.0010970266455735437,0.0009213368382505553,0.0012760386118641962
125.625,0.0010493717134180372,0.0011346663769288008,0.0009626220482792741,0.0013018964939111252
125.66666666666667,0.0010680211911476899,0.0011374925765921455,0.0009741402118688794,0.0013158887368489131
125.70833333333333,0.0010727650389078009,0.0011595036778667407,0.001002432653002044,0.0013229843075243742
125.75,0.0010632777033319886,0.0011721312096309446,0.0010107033509791884,0.001329432276423981
125.79166666666667,0.0010386644993499786,0.00116753818188381,0.000980713477758028,0.001327550059811325
125.83333333333333,0.0009991175831858472,0.0011423795504367162,0.0009478245797296807,0.0012934384514478048
125.875,0.0009475595253134906,0.0010895850231359275,0.0009065500068706386,0.0012384454831604094
125.91666666666667,0.0008888001942510268,0.0010317568827563762,0.0008602415694876422,0.001178200013173037
125.95833333333333,0.0008273269849676102,0.0009504186102816472,0.0007927358480882516,0.0011113602846571547
126.0,0.000766874694501059,0.0008828472388010286,0.0007264765138112895,0.0010475149124031036
126.04166666666667,0.0007119927949487585,0.0008035676388454085,0.000654391450792695,0.0009954036148149853
126.08333333333333,0.000666332640731573,0.0007720400283503717,0.0006087631461135391,0.0009498394526418313
126.125,0.0006335195166475434,0.0007436938902015058,0.0005714723214199562,0.0009170263285578016
126.16666666666667,0.0006159677766577652,0.0007542911482895929,0.0005619879502291418,0.0008996986280867743
126.20833333333333,0.0006151285686172863,0.0007529458950117593,0.0005650720650419688,0.0009022525018337952
126.25,0.000631152178328736,0.0007696962246238539,0.0005914196561239573,0.0009236426307777107
126.29166666666667,0.0006620662984793128,0.0007891947876442784,0.0006196232714353532,0.0009511150289945115
126.33333333333333,0.0007045521930738072,0.0008486671116972637,0.000658776127184022,0.0009953395799988608
126.375,0.000755288839753183,0.0009109622348215449,0.000707309327358535,0.001046735534045596
126.41666666666667,0.0008114431109773685,0.0009409530075322828,0.0007560837077641135,0.0010922365607380275
126.45833333333333,0.0008695298476578763,0.0009665525583555202,0.0007948473843592671,0.0011414379358903695
126.5,0.0009255030180170508,0.0010063198803688688,0.0008232992943228344,0.0011954409593458574
126.54166666666667,0.0009761066171882329,0.0010485886185352608,0.0008697733348358797,0.001240996761356793
126.58333333333333,0.0010182538511614191,0.0010975462731454256,0.0009214164332984606,0.0012761182069121015
126.625,0.0010494790705781382,0.0011328838765034513,0.0009627294054393752,0.0013013042597503483
126.66666666666667,0.0010681246574244618,0.0011355560287408027,0.0009742436781456514,0.001315992203125685
126.70833333333333,0.0010728584184841023,0.0011590284901987144,0.0010025260325783455,0.0013230776871006756
126.75,0.0010633756644644985,0.0011711374803520897,0.0010108013121116982,0.0013295302375564907
126.79166666666667,0.0010387662548060432,0.001153153429318393,0.0009808152332140927,0.0013276518152673896
126.83333333333333,0.0009992085447985272,0.001140920144639872,0.0009484167902733087,0.0012935294130604848
126.875,0.0009476381432437257,0.0010910544490267977,0.0009066286248008737,0.0012385241010906445
126.91666666666667,0.0008888766792805046,0.0010282345050893114,0.0008603180545171201,0.0011782764982025149
126.95833333333333,0.0008273899645745995,0.0009500453293357682,0.0007943746038701429,0.001111423264264144
127.0,0.0007669423807997038,0.0008835193853905477,0.0007278222507538806,0.0010475825987017484
127.04166666666667,0.0007120394661480892,0.0008055669406520736,0.0006536229062650494,0.0009954502860143161
127.08333333333333,0.0006664046079117443,0.0007728070446833944,0.0006062793093963993,0.0009499114198220025
127.125,0.0006335536524943052,0.0007456609731415454,0.0005698946058285374,0.0009170604644045634
127.16666666666667,0.0006160278896878366,0.0007546534235161491,0.0005606387966363825,0.0008997587411168458
127.20833333333333,0.0006151691588537653,0.0007561560763165145,0.0005651309739378654,0.0009022930920702742
127.25,0.0006312087358983584,0.0007699308731472859,0.0005932680734425264,0.0009236991883473331
127.29166666666667,0.0006621346209018886,0.000789826829263331,0.000619691593857929,0.0009511833514170874
127.33333333333333,0.000704600852984888,0.0008461537701689984,0.0006580034063728891,0.0009953882399099418
127.375,0.0007553250852630312,0.0009102303128973124,0.0007089213490432851,0.001046771779555444
127.41666666666667,0.0008115201362578661,0.0009400202153402422,0.0007581466942444525,0.001092313586018525
127.45833333333333,0.0008695769737418461,0.00096570434775075,0.0007948945104432369,0.0011414850619743395
127.5,0.0009256122928738526,0.0010061883548178729,0.0008234085691796363,0.0011964809428686794
127.54166666666667,0.0009761760406167844,0.001045576861800548,0.0008703440071953791,0.001229449703594866
127.58333333333333,0.0010183576352106227,0.0010978267061524049,0.0009215975981827749,0.0012762219909613051
127.625,0.0010495679452562244,0.0011338205593226282,0.0009628182801174613,0.0013013931344284344
127.66666666666667,0.0010682125539828685,0.0011341870629597772,0.0009746157302344699,0.0013160800996840918
127.70833333333333,0.0010729445438285834,0.0011569612100723967,0.0010026121579228267,0.0013231638124451568
127.75,0.0010634754424897214,0.0011718749338475985,0.0010109010901369212,0.0013296300155817137
127.79166666666667,0.0010388698848426844,0.0011468778494372832,0.0009809188632507338,0.001315839959548832
127.83333333333333,0.000999298268846714,0.0011395299250852853,0.0009485065143214956,0.0012885713399484252
127.875,0.0009476906390158694,0.001090407120987384,0.0009066811205730174,0.001238576596862788
127.91666666666667,0.000888944109479508,0.001023742796738051,0.0008594946128148001,0.0011783439284015183
127.95833333333333,0.0008274304911426848,0.0009490704023665651,0.0007963237108029587,0.0011114637908322292
128.0,0.0007670131142230004,0.0008855245820956508,0.0007278929841771772,0.001047653332125045
128.04166666666666,0.0007120589787141144,0.0008065651057396686,0.0006536424188310746,0.0009954697985803413
128.08333333333334,0.0006664724620314951,0.0007715437598505838,0.0006063471635161501,0.0009499792739417534
128.125,0.0006335760716904683,0.0007471520438880892,0.0005699170250247005,0.0009170828836007266
128.16666666666666,0.000616069951291964,0.0007540337638268884,0.0005615095649407722,0.0008998008027209732
128.20833333333334,0.0006152019633282745,0.0007548434240547016,0.0005651637784123746,0.0009023258965447834
128.25,0.000631233112912982,0.0007705102983939093,0.0005932924504571499,0.0009237235653619568
128.29166666666666,0.000662179554762018,0.0007879206753225161,0.0006197365277180585,0.0009512282852772168
128.33333333333334,0.0007046505007085455,0.0008400253602122813,0.0006557235849774205,0.0009924432461506662
128.375,0.0007553860103757317,0.0009103732840444986,0.0007089822741559856,0.0010468327046681445
128.41666666666666,0.0008115517498660661,0.0009380020068753765,0.0007581088166735429,0.001092345199626725
128.45833333333334,0.0008696762255440666,0.0009665047664926154,0.0007949937622454574,0.0011416990444161872
128.5,0.0009256418425772047,0.0010052787976898361,0.0008234381188829883,0.001191462695411785
128.54166666666666,0.0009762805448959614,0.0010435735303013262,0.000870359363732388,0.001229554207874043
128.58333333333334,0.0010184187843253908,0.0010977169786134935,0.000921658747297543,0.0012759841355113528
128.625,0.0010496539338468998,0.0011298989482709822,0.0009629042687081367,0.0013014791230191098
128.66666666666666,0.0010682848692264877,0.0011341155171491174,0.0009746880454780891,0.001316152414927711
128.70833333333334,0.0010730124359157641,0.0011539170354196416,0.0010026800500100074,0.0013232317045323372
128.75,0.0010635508076738307,0.0011713918866999408,0.0010109764553210305,0.001329705380765823
128.79166666666666,0.001038923764059172,0.0011423189270682395,0.0009809727424672215,0.0013158938387653196
128.83333333333334,0.0009993539953145948,0.0011396486914216782,0.0009484730930472081,0.001288627066416306
128.875,0.000947735564027777,0.001090165450097079,0.000906726045584925,0.0012386215218746957
128.91666666666666,0.0008890337723404964,0.001008661320774537,0.0008565632717906022,0.0011784335912625066
128.95833333333334,0.0008274184218989274,0.0009503024050515005,0.0007963116415592013,0.0011114517215884718
129.0,0.0007671226503642892,0.0008850364629230568,0.000728002520318466,0.0010477628682663339
129.04166666666666,0.0007120457291418753,0.0008074730839783863,0.0006536291692588354,0.000992461907525169
129.08333333333334,0.0006665162787583422,0.0007722517003037881,0.0006063909802429972,0.0009500230906686005
129.125,0.0006336571638950961,0.0007489274980041771,0.000569902060439567,0.0009171639758053543
129.16666666666666,0.0006160629650082877,0.0007557021696246317,0.0005699339780761322,0.0008997938164372969
129.20833333333334,0.0006152665582445223,0.0007554804752556747,0.0005736414540882411,0.0009023904914610311
129.25,0.0006312635848990762,0.0007703544455304817,0.0005932268656534828,0.0009237540373480509
129.29166666666666,0.0006621822052508906,0.0007876330415702274,0.000619739178206931,0.0009512309357660892
129.33333333333334,0.000704684020439839,0.0008333150025232707,0.0006552150524609214,0.0009924767658819596
129.375,0.0007554320685939956,0.0009091424284879273,0.0007090283323742495,0.0010468787628864086
129.41666666666666,0.0008116127901340622,0.0009372952494446536,0.0007566629612522816,0.001092406239894721
129.45833333333334,0.0008697127662122788,0.0009668520129959929,0.0007950303029136696,0.0011417355850843994
129.5,0.0009257203605511037,0.0010041480215214253,0.0008235166368568875,0.001191541213385684
129.54166666666666,0.0009763501851384469,0.0010436713027752358,0.0008703868458962581,0.0012296238481165284
129.58333333333334,0.0010184702878602418,0.001097536363771215,0.000921710250832394,0.001270239471736438
129.625,0.0010497602064866223,0.0011281107363744411,0.0009632946968782713,0.0013015853956588324
129.66666666666666,0.0010683312904103748,0.0011342877332762005,0.0009747344666619764,0.0013130429820128254
129.70833333333334,0.0010731052650782484,0.0011531008987977123,0.0010030570347029037,0.0013233245336948217
129.75,0.001063577216867396,0.00117079955675721,0.0010110028645145958,0.0013217288882688117
129.79166666666666,0.0010389452185431169,0.0011396517643492044,0.0009809941969511663,0.0013159152932492645
129.83333333333334,0.000999365351569309,0.0011391664617220166,0.0009475408877750669,0.00128863842267102
129.875,0.0009477456421057436,0.0010905558692554254,0.0009023208832578219,0.0012386315999526624
129.91666666666666,0.0008890920133844391,0.0010065110875518942,0.000856621512834545,0.0011784918323064495
129.95833333333334,0.0008274311031538544,0.0009489826493617079,0.0007963243228141283,0.0011114644028433988
130.0,0.0007671753513410703,0.0008851670132482416,0.0007280932072968391,0.001047815569243115
130.04166666666666,0.0007120961963166072,0.0008075775033930799,0.000650610023431256,0.000992512374699901
130.08333333333334,0.000666504196240671,0.0007702909979577497,0.000606378897725326,0.0009500110081509292
130.125,0.0006337050018396183,0.0007492794716238585,0.0005699498983840893,0.0009172118137498766
130.16666666666666,0.0006161064952934919,0.0007568200751896334,0.0005699775083613365,0.000899837346722501
130.20833333333334,0.0006152673087844636,0.00075584909754356,0.000570572591625871,0.0009023912420009725
130.25,0.0006312968302712579,0.0007700291832891716,0.0005932601110256645,0.0009237872827202327
130.29166666666666,0.0006622103246735847,0.0007863157342606766,0.0006197672976296251,0.0009512590551887834
130.33333333333334,0.0007047111863616876,0.0008318108243367632,0.0006520416370662402,0.0009925039318038082
130.375,0.0007554572541702876,0.0009089831541408093,0.0007090535179505416,0.0010469039484627006
130.41666666666666,0.0008116887464437796,0.0009360677667287988,0.0007565892175154916,0.0010924821962044386
130.45833333333334,0.0008697196216216824,0.0009673906340574581,0.0007950371583230733,0.0011417424404938032
130.5,0.0009258192516030421,0.0010044058607231142,0.0008191390545788059,0.0011916401044376225
130.54166666666666,0.000976354828655552,0.0010423721028523024,0.0008693368902769407,0.0012296284916336335
130.58333333333334,0.0010185752739412955,0.0010971495642355573,0.0009218152369134477,0.0012703444578174917
130.625,0.0010497728136917668,0.0011292135567124257,0.0009633073040834157,0.0013015980028639768
130.66666666666666,0.0010684120140014388,0.0011353817035340999,0.0009748151902530402,0.0013257291414026792
130.70833333333334,0.001073131844961564,0.0011537242354632416,0.0010030836145862193,0.0013359565493769269
130.75,0.0010636098848841849,0.001169540463929981,0.0010110355325313846,0.0013292712192701898
130.79166666666666,0.0010389722636018916,0.0011375128366336064,0.0009799666428735184,0.0013159423383080392
130.83333333333334,0.0009994057465918449,0.0011350844074064456,0.0009475812827976028,0.001288678817693556
130.875,0.0009478367094460974,0.0010909567049740092,0.0009038861461100735,0.0012379625854217053
130.91666666666666,0.0008890226775555528,0.0010027407985942211,0.0008585530651030225,0.0011784224964775632
130.95833333333334,0.0008275865503963382,0.0009484208438873495,0.0007964797700566121,0.0011116198500858827
131.0,0.0007670715369900039,0.0008868557347781784,0.0007262889709591904,0.0010477117548920486
131.04166666666666,0.0007122081872875535,0.0008100845882934689,0.0006520883533964514,0.0009926243656708472
131.08333333333334,0.0006664993582656096,0.0007687763343174059,0.0006063740597502647,0.0009500061701758678
131.125,0.0006337085903233989,0.000749753482826288,0.0005694512529654753,0.0009172154022336572
131.16666666666666,0.000616115179305857,0.0007579715364316217,0.0005683560222761032,0.0008998460307348661
131.20833333333334,0.0006152957233387628,0.0007566693039332856,0.0005689708360825718,0.0009024196565552716
131.25,0.0006313171379673878,0.0007705528670645339,0.0005915799967352122,0.0009238075904163626
131.29166666666666,0.000662245170782872,0.000785181244359114,0.000614925316426553,0.0009512939012980708
131.33333333333334,0.0007047509403698338,0.0008320126385475028,0.0006520813910743864,0.0009924771106382612
131.375,0.0007554918438770516,0.0009072626741448478,0.0007094024978639007,0.0010469385381694646
131.41666666666666,0.0008116807722406177,0.000934578183741973,0.000756275224584451,0.0010924742220012767
131.45833333333334,0.000869816841388065,0.0009657201505284214,0.0007951343780894559,0.001141839660260186
131.5,0.0009258242044085241,0.0010051417918753225,0.0008206526744413799,0.0011991547202276937
131.54166666666666,0.0009764355762007679,0.0010420605347483086,0.0008694176378221566,0.0012297092391788495
131.58333333333334,0.0010186125523256166,0.0010968996341430926,0.0009218525152977688,0.0012703817362018127
131.625,0.0010498238086578792,0.0011297551089419445,0.0009633582990495282,0.0012984931437313165
131.66666666666666,0.0010684669484705952,0.001133485944041587,0.0009748701247221965,0.0013257175006981424
131.70833333333334,0.0010731690543535355,0.0011533760091975256,0.0010031208239781905,0.0013328379046701258
131.75,0.0010636591085184637,0.0011692930236482523,0.0010110847561656635,0.0013293204429044687
131.79166666666666,0.0010390206133633687,0.0011374986423461056,0.000988349158703148,0.0013159906880695162
131.83333333333334,0.000999461453101529,0.0011348122078032102,0.0009498324452071109,0.0012887345242032402
131.875,0.0009478729427645619,0.0010899884894657113,0.000903922379428538,0.0012379988187401698
131.91666666666666,0.000889033925159605,0.0009992923839842781,0.0008585643127070747,0.0011784337440816153
131.95833333333334,0.0008276204062234524,0.0009478026682278709,0.0007965136258837264,0.0011116537059129969
132.0,0.0007670889591336689,0.0008883245303873139,0.0007269837894405095,0.0010477291770357136
132.04166666666666,0.0007122348329435469,0.0008114477214980739,0.0006521149990524448,0.0009926510113268407
132.08333333333334,0.0006665186399151353,0.0007680802963488586,0.0006010142801850365,0.0009500254518253936
132.125,0.0006337277433041555,0.0007502075959804681,0.0005718641275863914,0.0009172345552144137
132.16666666666666,0.0006161344201417487,0.0007590024742304125,0.0005678730292096003,0.0008998652715707579
132.20833333333334,0.0006153085205208792,0.0007597164358778274,0.0005718911640098481,0.0009024324537373882
132.25,0.0006313247158280712,0.0007693895397846525,0.0005915875745958957,0.000923815168277046
132.29166666666666,0.0006622388741241031,0.0007835094324372791,0.0006139554639686519,0.0009512876046393017
132.33333333333334,0.0007047528460253348,0.0008320864655077286,0.0006520832967298873,0.0009924790162937622
132.375,0.0007555217277846366,0.0009058075817200113,0.0006982473896459535,0.0010469684220770494
132.41666666666666,0.0008117451687382181,0.0009336084231788596,0.0007561241866811765,0.001092538618498877
132.45833333333334,0.0008698138022965613,0.0009658117167618125,0.0007951313389979521,0.001141836621168682
132.5,0.0009259052952817866,0.0010049778291902985,0.0008207337653146424,0.0011992358111009562
132.54166666666666,0.0009764555589693368,0.001047616231008364,0.0008792739955159454,0.0012306599306134388
132.58333333333334,0.001018679159567489,0.0010968068872275654,0.0009219191225396412,0.0012704483434436851
132.625,0.0010498708149556868,0.00113059991713935,0.0009634053053473357,0.001298540150029124
132.66666666666666,0.0010685105502871038,0.001135095275319328,0.0009749137265387054,0.0013257611025146508
132.70833333333334,0.0010732150160022407,0.0011534767270703977,0.0010031667856268958,0.0013338145749848514
132.75,0.001063707895886556,0.001165190366594217,0.0010111335435337558,0.001329369230272561
132.79166666666666,0.0010390418476449294,0.001151344857300248,0.0009883703929847087,0.001316011922351077
132.83333333333334,0.000999450898539156,0.0011391887260607104,0.000948936494754053,0.0012887239696408672
132.875,0.0009478633886563878,0.0010865101960938275,0.0009039128253203639,0.0012379054486123253
132.91666666666666,0.0008891098123085398,0.0009939254173222918,0.0008586401998560095,0.0011785096312305501
132.95833333333334,0.0008276042387649399,0.000942977304715647,0.0007964974584252139,0.0011116375384544843
133.0,0.0007671379907459233,0.0008894133910979245,0.0007201243116970392,0.001047778208647968
133.04166666666666,0.0007122233370585703,0.000813245186100495,0.0006521035031674682,0.0009926395154418641
133.08333333333334,0.0006665635250182421,0.000767222111222659,0.0006000956094890112,0.0009500703369285003
133.125,0.000633713226320661,0.0007490132864514257,0.0005725213302869477,0.0009172200382309192
133.16666666666666,0.0006161670466257665,0.0007599520088756798,0.0005678095989038569,0.0008998978980547756
133.20833333333334,0.000615310521443623,0.0007600372305772116,0.0005717971081428306,0.0009024344546601318
133.25,0.0006313528784524626,0.0007674283340639524,0.0005911845806620928,0.0009238433309014374
133.29166666666666,0.0006622822190019276,0.0007829890166201143,0.0006152768594904227,0.0009513309495171263
133.33333333333334,0.0007047773610047466,0.0008315258082690159,0.0006521078117092991,0.000992503531273174
133.375,0.0007555334909592451,0.0009048342878181291,0.000698259152820562,0.0010468963692319877
133.41666666666666,0.0008117647325176959,0.0009305424289657692,0.0007562269854788316,0.0011030392087097152
133.45833333333334,0.0008698574718806033,0.0009657257050545818,0.0007951750085819941,0.001141880290752724
133.5,0.0009259332422969144,0.001014162438940154,0.0008223230136925906,0.0011992637581160841
133.54166666666666,0.0009765072116522637,0.0010505976226161612,0.0008793256481988722,0.0012307115832963656
133.58333333333334,0.0010187187068725798,0.0010964140516488998,0.000921958669844732,0.001270487890748776
133.625,0.0010499119875377366,0.0011278817148344675,0.0009634464779293856,0.001298581322611174
133.66666666666666,0.001068545908099648,0.0011351967889444124,0.0009749490843512495,0.001325796460327195
133.70833333333334,0.001073248497329355,0.0011498488129743495,0.0010032002669540102,0.0013338480563119656
133.75,0.0010637298449408408,0.001162630527086149,0.0010111554925880406,0.0013419966151256356
133.79166666666666,0.001039064413169122,0.001157340411612449,0.0009883929585089014,0.0013160344878752697
133.83333333333334,0.000999486496001776,0.0011441073497790053,0.000948972092216673,0.001295616767798225
133.875,0.0009479013719206103,0.0010867193880098683,0.0009055121099474068,0.0012388749921955536
133.91666666666666,0.0008890852802705191,0.0009927213707710098,0.0008586156678179888,0.0011784850991925294
133.95833333333334,0.0008276479846921714,0.0009435446152635156,0.0007965412043524453,0.0011116812843817159
134.0,0.000767125406460741,0.000889954703208453,0.0007179858594580931,0.0010477656243627856
134.04166666666666,0.000712258851269809,0.0008133453525221262,0.0006521390173787069,0.0009926750296531028
134.08333333333334,0.0006665477908747856,0.0007676582534032294,0.0006049261172157237,0.0009500546027850439
134.125,0.0006337501061194243,0.0007493920910477118,0.0005721270535275167,0.000917145736489034
134.16666666666666,0.0006161582041462158,0.000760493945588616,0.0005708661977485163,0.0008998890555752249
134.20833333333334,0.0006153323179581375,0.0007590184280608357,0.0005718189046573451,0.0009024562511746463
134.25,0.0006313405208306174,0.0007677984328049258,0.0005911722230402476,0.0009238309732795923
134.29166666666666,0.000662264140945153,0.0007850603308208819,0.000620760090040607,0.0009513128714603516
134.33333333333334,0.0007047885716963066,0.0008299954144603444,0.0006521190224008592,0.0009925147419647341
134.375,0.000755567652601071,0.0009047509355840196,0.0007054863384760499,0.0010469305308738136
134.41666666666666,0.0008117734757164312,0.000929230919220966,0.0007562357286775669,0.0011030479519084505
134.45833333333334,0.0008699221483747927,0.0009666133438252614,0.0007952396850761835,0.0011428765275659193
134.5,0.000925932182790669,0.00101276771192477,0.0008212092093256565,0.0011992626986098386
134.54166666666666,0.0009765852298684195,0.0010522502496136058,0.000879403666415028,0.0012275999756873352
134.58333333333334,0.0010187253597871723,0.0010920148851912164,0.0009219653227593245,0.0012704945436633685
134.625,0.0010499763027039155,0.0011293393754296702,0.0009635107930955645,0.0013112510735761428
134.66666666666666,0.0010685755233384088,0.001135825572968084,0.0009749786995900104,0.0013258260755659558
134.70833333333334,0.0010732855487853071,0.0011516131558157775,0.0010032373184099622,0.0013338851077679178
134.75,0.0010637724573762128,0.0011602138949272363,0.0010111981050234125,0.0013420392275610075
134.79166666666666,0.001039103327772243,0.0011586053841852947,0.0009884318731120223,0.0013128837766532044
134.83333333333334,0.0009994906534151226,0.001140924862430642,0.0009478635047693307,0.0012956209252115716
134.875,0.0009478623109565788,0.0010844420012286415,0.0009054730489833753,0.0012388359312315222
134.91666666666666,0.0008892124639175803,0.000992560877091961,0.00085874285146505,0.0011786122828395906
134.95833333333334,0.000827530519437964,0.0009448598037501819,0.000796423739098238,0.0011115638191275085
135.0,0.0007672752996495521,0.0008894918984885317,0.0007305723119963144,0.0010479155175515968
135.04166666666666,0.0007121963054870263,0.0008132003377156264,0.0006515742376935297,0.00099261248387032
135.08333333333334,0.0006665712388855006,0.000769380919637708,0.000606709389157,0.0009499668692551103
135.125,0.0006337776163136196,0.0007487856722976773,0.000572154563721712,0.0009171732466832292
135.16666666666666,0.0006161953054201343,0.0007614116541742593,0.0005709032990224348,0.0008998149753084947
135.20833333333334,0.0006153315242385835,0.0007587199158157869,0.0005713158770353966,0.0009024554574550925
135.25,0.0006313626404074076,0.000768050521289948,0.0005881247296147263,0.0009237571008123511
135.29166666666666,0.0006622997225854954,0.0007861146005713464,0.0006217425182956706,0.0009513484531006941
135.33333333333334,0.0007048055277566113,0.0008299204743467908,0.0006521359784611638,0.0009925316980250387
135.375,0.0007555702101986821,0.0008993218428808879,0.0007071171625008749,0.0010453164635705952
135.41666666666666,0.0008118308110578313,0.0009290556062529779,0.000756293064018967,0.0011031052872498507
135.45833333333334,0.0008698936394761951,0.00096731339726987,0.000795211176177586,0.0011446533392965698
135.5,0.0009260303403716032,0.0010116944732075142,0.0008213073669065907,0.0011993608561907728
135.54166666666666,0.000976548979405793,0.0010527041004002179,0.0008793674159524015,0.0012350733882092982
135.58333333333334,0.0010187994026272069,0.001091026596530084,0.0009223235211297711,0.0012714992951694233
135.625,0.0010499883302326945,0.0011299938429024047,0.0009635228206243434,0.001309646476204092
135.66666666666666,0.0010686030343550338,0.001134588242233933,0.0009750062106066354,0.0013267842952486013
135.70833333333334,0.0010733225924995093,0.0011519566966974497,0.0010032743621241646,0.0013412267530105624
135.75,0.0010637855561158093,0.0011592937883307688,0.001011495359293421,0.001342052326300604
135.79166666666666,0.001039142114763819,0.001158572765825536,0.0009884706601035983,0.0013129225636447804
135.83333333333334,0.0009995365052751588,0.001138084026410421,0.0009479093566293669,0.0012956667770716078
135.875,0.0009479019973301081,0.0010812444003857492,0.0009022124029972974,0.0012388756176050515
135.91666666666666,0.0008891970444171294,0.000993804601497648,0.0008587274319645991,0.00117958555798454
135.95833333333334,0.0008275795905013794,0.0009458865698305308,0.0007964728101616534,0.001111612890190924
136.0,0.0007672575232494887,0.0008927288666209528,0.0007330041827456787,0.0010478977411515333
136.04166666666666,0.0007121760289835536,0.000815845489513122,0.000651553961190057,0.0009925922073668475
136.08333333333334,0.0006666502501633314,0.0007697668275862722,0.0006067884004348308,0.0009499498884889098
136.125,0.0006337534039367242,0.0007468574628505936,0.0005721303513448165,0.0009171490343063338
136.16666666666666,0.0006161704353001267,0.0007586894274738641,0.0005708784289024272,0.0008997901051884871
136.20833333333334,0.0006153704792245762,0.0007566743947101196,0.0005717676822328762,0.0009024944124410851
136.25,0.0006313396295903714,0.0007700392963905851,0.0005881017187976902,0.000923734089995315
136.29166666666666,0.0006622778477520327,0.0007899584117405686,0.0006217206434622079,0.0009513265782672315
136.33333333333334,0.0007048064146569586,0.0008312104384510392,0.0006523222784663756,0.000992532584925386
136.375,0.0007556065347092997,0.0008961531051187835,0.000704674535374099,0.0010453527880812127
136.41666666666666,0.0008118086802307907,0.0009269677115521493,0.0007562709331919264,0.00110308315642281
136.45833333333334,0.0008699770624820289,0.0009662944192870977,0.0007937877034941625,0.0011447367623024036
136.5,0.0009259847392367898,0.0010109195095050838,0.0008146411083370247,0.0011993152550559593
136.54166666666666,0.0009766818641196264,0.0010532395885153216,0.0008795003006662349,0.0012352062729231316
136.58333333333334,0.0010187677070571423,0.001090656266430731,0.0009222918255597065,0.0012714675995993587
136.625,0.0010500893723264508,0.001129923299561814,0.0009636238627180998,0.001310678226963869
136.66666666666666,0.0010686077419624015,0.0011343975893082178,0.0009750109182140031,0.0013265839413998223
136.70833333333334,0.0010733690209686732,0.0011522147848685555,0.0010033207905933285,0.0013412731814797262
136.75,0.001063765903804139,0.0011600690120575853,0.0010114757069817509,0.0013420326739889336
136.79166666666666,0.0010391198584066928,0.0011583449450059198,0.0009869415080572149,0.0013129003072876542
136.83333333333334,0.000999524800379289,0.001138398694587992,0.0009412769942987446,0.001295655072175738
136.875,0.0009478825868307523,0.001067260542372704,0.0008953864252717298,0.0012388562071056956
136.91666666666666,0.0008892257101681745,0.0009923031103789136,0.0008587560977156442,0.0011798421294354014
136.95833333333334,0.000827555415163694,0.0009464670273799332,0.000796448634823968,0.0011115887148532384
137.0,0.0007672919586993605,0.0008958661274688653,0.0007330386181955505,0.001047932176601405
137.04166666666666,0.0007122078994091922,0.0008181296189353774,0.0006519291552996104,0.0009926240777924859
137.08333333333334,0.0006665983628652236,0.00077270433945979,0.000606736513136723,0.0009498980011908019
137.125,0.0006337939169121591,0.0007443002025438204,0.0005721708643202514,0.0009171895472817687
137.16666666666666,0.0006161969363714777,0.0007568823919219293,0.0005709049299737782,0.0008998166062598381
137.20833333333334,0.0006153505261727785,0.0007548951644712655,0.000571492789548642,0.0009024744593892875
137.25,0.0006313776360400706,0.0007695177574015195,0.0005881397252473893,0.0009237720964450142
137.29166666666666,0.0006622988252126535,0.0007957039900540875,0.0006192259832092701,0.0009513475557278523
137.33333333333334,0.0007048216054377008,0.0008329465918580634,0.0006523374692471178,0.0009925477757061283
137.375,0.0007556053231778596,0.0008899440305511663,0.0007041312715948663,0.0010453515765497727
137.41666666666666,0.0008118729605969825,0.0009273315568664462,0.0007563352135581183,0.0011031474367890017
137.45833333333334,0.0008699492180699984,0.0009654214081089624,0.0007874953441037129,0.0011454558830968418
137.5,0.0009260685142231975,0.0010099344616519624,0.0008147248833234325,0.0011993990300423671
137.54166666666666,0.000976635335682668,0.0010532287724701213,0.0008794537722292766,0.0012351597444861732
137.58333333333334,0.0010188585370747177,0.0010919174811048187,0.0009223826555772819,0.0012684025755181614
137.625,0.0010500535677601787,0.0011287213078167036,0.0009635880581518277,0.0013106424223975968
137.66666666666666,0.0010686715801429224,0.0011360411887977786,0.000975074756394524,0.0013266477795803432
137.70833333333334,0.001073357722456259,0.001151837384560832,0.0010033094920809142,0.001341261882967312
137.75,0.0010638079949837553,0.0011596506516336415,0.001011517798161367,0.001338918911069777
137.79166666666666,0.0010391144797128268,0.0011546279572295407,0.000986936129363349,0.0013128949285937882
137.83333333333334,0.0009995192577314685,0.0011346592713619885,0.0009397309774771437,0.001294590443091886
137.875,0.000947932760283975,0.0010632518178429018,0.0008954365987249524,0.0012387708993166293
137.91666666666666,0.0008891684056598928,0.0009908052073123743,0.0008586987932073625,0.0011797848249271196
137.95833333333334,0.0008276562506955466,0.0009471202896564724,0.0007965494703558206,0.0011116895503850911
138.0,0.0007671937486673757,0.0008972878221792234,0.0007329404081635657,0.0010478339665694204
138.04166666666666,0.0007122724844216119,0.0008213577210991567,0.0006519937403120301,0.000992577481264257
138.08333333333334,0.0006666034925634267,0.0007735423781069374,0.0006059264271079498,0.000949903130889005
138.125,0.0006337590464700074,0.0007411318894662216,0.000572518227771115,0.0009171546768396171
138.16666666666666,0.0006162028401396519,0.0007558827815869872,0.0005704796771837582,0.0008998225100280123
138.20833333333334,0.0006153503093614112,0.0007552536060248661,0.0005710614161790804,0.0009023630610372715
138.25,0.0006313750563132807,0.0007695277786201592,0.0005881371455205994,0.0009237695167182244
138.29166666666666,0.0006623063444820868,0.0007968991029678496,0.0006192335024787035,0.0009513550749972855
138.33333333333334,0.0007048295816358506,0.0008359376937175284,0.0006524542863241803,0.000992555751904278
138.375,0.0007556314234472708,0.0008897473399957407,0.0007061582599616413,0.001045377676819184
138.41666666666666,0.0008118590148512592,0.0009251332984492864,0.0007563212678123949,0.0011031334910432786
138.45833333333334,0.0008700153815005468,0.0009644280809276994,0.000793453608660136,0.0011455220465273902
138.5,0.0009260495756235157,0.0009944947289947245,0.0008131654705499703,0.0011993800914426853
138.54166666666666,0.0009766967219663773,0.0010518339091988068,0.0008795151585129858,0.0012291259588953964
138.58333333333334,0.0010188667229747695,0.001092689403331732,0.0009223908414773337,0.0012759204244028027
138.625,0.0010500825005239276,0.0011295964077004965,0.0009636169909155765,0.0013106713551613457
138.66666666666666,0.0010686975910754667,0.0011361723033279875,0.0009751007673270681,0.001331756191534458
138.70833333333334,0.0010733742500652014,0.0011524544431603713,0.0010033260196898566,0.0013388511486132355
138.75,0.0010638386175710081,0.0011569353383382782,0.0010115484207486199,0.00133894953365703
138.79166666666666,0.001039168054464286,0.001155324108547029,0.0009866836853869294,0.0013049456016546708
138.83333333333334,0.0009995728158455255,0.0011212899432095221,0.0009397845355912007,0.001294644001205943
138.875,0.0009479574488553321,0.001061289891042232,0.0009039992249576731,0.0012387955878879866
138.91666666666666,0.000889143505892431,0.0009896757763916029,0.0008586738934399007,0.001179759925159658
138.95833333333334,0.0008276916661773761,0.0009473856159722025,0.0007965848858376501,0.0011117249658669206
139.0,0.0007671792494855498,0.000898643170012208,0.0007308503591975904,0.0010478194673875945
139.04166666666666,0.000712292760304785,0.0008233517148636442,0.00065215838231071,0.00099259775714743
139.08333333333334,0.0006666065031261545,0.0007729591817721485,0.0006063116715636928,0.000949906141451733
139.125,0.0006337612797851853,0.0007383268971495394,0.0005725608075481173,0.0009168820757184979
139.16666666666666,0.0006162149813458375,0.0007549294485118429,0.000570874052282959,0.0008998346512341979
139.20833333333334,0.0006153496505259043,0.0007536366917535816,0.0005710607573435735,0.0009023624022017645
139.25,0.0006313729031456223,0.0007693269630348572,0.0005827559311381872,0.0009237673635505659
139.29166666666666,0.0006622951609681131,0.0007967435391692839,0.0006192223189647297,0.0009483492500003786
139.33333333333334,0.0007048187175840653,0.0008353351870578949,0.0006504033977248397,0.0009925448878524926
139.375,0.0007556276631310788,0.0008891662490245584,0.0007061544996454493,0.001045373916502992
139.41666666666666,0.000811901230524519,0.0009243461469909836,0.0007563634834856547,0.0011031757067165382
139.45833333333334,0.0008699971953196999,0.0009629159008657988,0.0007930576688577126,0.0011455038603465433
139.5,0.00092611140966627,0.0009916543137931334,0.0008137285535236725,0.0011878254442949613
139.54166666666666,0.0009766921574751038,0.0010515293046744147,0.0008795105940217124,0.001229121394404123
139.58333333333334,0.0010189114648398035,0.00109155282488614,0.0009224355833423678,0.0012759651662678367
139.625,0.0010501046721094918,0.0011300995083495886,0.0009636391625011408,0.0013182031897314992
139.66666666666666,0.0010687252909463375,0.001135508191852367,0.0009751284671979391,0.0013191240540032392
139.70833333333334,0.0010733985621189247,0.0011529353850366808,0.0010033503317435797,0.0013262156232648696
139.75,0.0010638534565832077,0.0011605301965138808,0.0010115632597608195,0.0013387593112130828
139.79166666666666,0.0010391483299793862,0.001154632859165334,0.0009865317615193319,0.001304925877169771
139.83333333333334,0.000999539117347383,0.0011140857353007182,0.0009397508370930581,0.0012829938215173221
139.875,0.0009479431688862827,0.0010619024029802182,0.0009039849449886237,0.0012441257939564733
139.91666666666666,0.0008891843959924658,0.0009899677389653137,0.000853937088404331,0.0011798008152596926
139.95833333333334,0.0008276735352091297,0.000945616605295183,0.0007965667548694037,0.0011117068348986741
140.0,0.0007672029096465435,0.0009030220223087929,0.0007307362824998527,0.0010478431275485881
140.04166666666666,0.000712281774712011,0.0008243291477017957,0.000652147396717936,0.000992586771554656
140.08333333333334,0.0006666187732071243,0.000772245607931431,0.0006063642881064871,0.0009466489356134725
140.125,0.0006337632907690151,0.000737649708967518,0.0005676859912195877,0.0009168840867023277
140.16666666666666,0.0006162152859317742,0.0007541623803020479,0.0005709147033307201,0.0008995601213838375
140.20833333333334,0.0006153567630971152,0.0007523294649907251,0.0005710678699147844,0.0009023695147729755
140.25,0.0006313986709719099,0.0007683179242509277,0.0005827816989644748,0.0009237931313768535
140.29166666666666,0.0006623344839826346,0.0007972271649239645,0.0006192616419792512,0.0009483885730149001
140.33333333333334,0.0007048483935902139,0.0008380237225564022,0.0006520756214185978,0.0009925745638586414
140.375,0.0007556360049733394,0.0008890517552049984,0.0007061018280790847,0.0010453822583452526
140.41666666666666,0.0008119008534012372,0.0009226369962119959,0.0007563631063623729,0.0011031753295932564
140.45833333333334,0.0008700274211522388,0.000960317704058594,0.0007887564407038832,0.0011613595986479787
140.5,0.000926125955573326,0.000989537766582384,0.0008137430994307285,0.0011878399902020172
140.54166666666666,0.0009767233428077489,0.0010508908143615654,0.0008795417793543574,0.001229152579736768
140.58333333333334,0.0010189370356034958,0.0010930302271025974,0.00092246115410606,0.001275990737031529
140.625,0.0010501266837815546,0.0011300527889492769,0.0009636611741732035,0.0013180201399474152
140.66666666666666,0.0010687420479385515,0.0011346607594863774,0.0009751452241901531,0.0013191408109954532
140.70833333333334,0.0010734124017992078,0.0011534475504001052,0.001003364171423863,0.0013262294629451526
140.75,0.0010638681234919943,0.0011618949760689346,0.0010115779266696061,0.0013387739781218692
140.79166666666666,0.001039178669316012,0.0011549436195512008,0.0009865621008559578,0.0013244188529999243
140.83333333333334,0.0009995689931497755,0.001106820373300649,0.0009397807128954507,0.0012829398813000443
140.875,0.0009479448814048843,0.0010594678119522575,0.0009038975097650572,0.001244127506475075
140.91666666666666,0.0008892295148228008,0.0009921216030982693,0.0008539822072346659,0.0011798459340900277
140.95833333333334,0.0008276196866572774,0.0009443147604523835,0.0007965129063175514,0.0011116529863468218
141.0,0.0007672757850799478,0.0009049869721393111,0.0007323239206995338,0.0010479160029819923
141.04166666666666,0.0007122105745338531,0.0008243987226356947,0.0006520761965397782,0.0009925155713764982
141.08333333333334,0.0006666817361133643,0.0007725520545183431,0.0006064272510127271,0.0009467118985197126
141.125,0.0006337630545358497,0.0007373551043758107,0.0005667221991872901,0.0009167878584251311
141.16666666666666,0.0006162034410082689,0.0007497368890320376,0.0005709028584072149,0.0008995482764603324
141.20833333333334,0.0006153913108629223,0.0007507019925310861,0.0005711024176805915,0.0009023080704947513
141.25,0.0006313770452513874,0.0007688067318306614,0.0005822093676563071,0.000923771505656331
141.29166666666666,0.0006623248419547587,0.0007962856385400759,0.0006161823869490639,0.0009483789309870243
141.33333333333334,0.0007048619985613872,0.0008415448171595426,0.0006536650025646731,0.0009925881688298147
141.375,0.0007556592366826998,0.0008852952384108071,0.0007061250597884451,0.001045405490054613
141.41666666666666,0.00081190265290712,0.0009217864633451246,0.0007563649058682557,0.001103093313079469
141.45833333333334,0.0008700627292728722,0.0009601027062245829,0.0007887917488245166,0.001161394906768612
141.5,0.0009261214677483485,0.000989528579273162,0.0008136494638635829,0.0011878355023770399
141.54166666666666,0.0009767842628581,0.0010501685043811074,0.0008796026994047085,0.001229213499787119
141.58333333333334,0.0010189221483213069,0.0010925805380506575,0.0009224462668238711,0.0012885812855481296
141.625,0.001050198306816791,0.001129432600638022,0.0009637327972084399,0.0013180917629826516
141.66666666666666,0.0010687399441245526,0.0011352731820035876,0.0009751431203761542,0.0013191387071814543
141.70833333333334,0.001073456702788457,0.001153198016477953,0.001003408472413112,0.0013262737639344018
141.75,0.0010638592276310526,0.0011629943797505148,0.0010115690308086644,0.0013363378202979085
141.79166666666666,0.0010391578377165775,0.001151300023231348,0.0009865412692565232,0.0013243980214004897
141.83333333333334,0.000999545001140986,0.001104576767090541,0.0009397567208866613,0.001282915889291255
141.875,0.0009479205626372164,0.001060285835753815,0.0009044365251597911,0.0012390553905471606
141.91666666666666,0.0008892526845835381,0.000994993531462653,0.0008540053769954032,0.0011798691038507648
141.95833333333334,0.0008275915999888212,0.0009434217904388555,0.0007964848196490952,0.0011116248996783657
142.0,0.0007673115266002251,0.0009044755947902599,0.0007325175727988615,0.0010479517445022698
142.04166666666666,0.000712216276505577,0.0008241145607234268,0.0006520818985115021,0.0009925212733482222
142.08333333333334,0.0006666410724235277,0.0007718917294607087,0.0006063865873228905,0.000946671234829876
142.125,0.0006338104467554187,0.0007389153332801938,0.000571457922697978,0.0009168352506447002
142.16666666666666,0.0006161992151026712,0.0007486651580911742,0.0005708986325016172,0.0008995440505547347
142.20833333333334,0.0006153788077059215,0.000750529939351773,0.0005714721484166059,0.0009022955673377507
142.25,0.0006313809678625247,0.0007695198462180736,0.0005866466819261265,0.0009236642467268197
142.29166666666666,0.0006622922001480749,0.0007997990838978753,0.0006175160841366292,0.0009483462891803405
142.33333333333334,0.0007048290298924459,0.0008420687286687886,0.0006536320338957317,0.0009925552001608733
142.375,0.0007556590543380256,0.0008837289807700737,0.0007080334578085015,0.0010454053077099388
142.41666666666666,0.0008119385449160703,0.0009212782345085851,0.000756400797877206,0.0011031292050884193
142.45833333333334,0.0008700583020180459,0.0009592345701912506,0.0007887873215696903,0.001172148177177331
142.5,0.0009261686574804248,0.0009882844527925568,0.0008111351587699794,0.001187882692109116
142.54166666666666,0.0009767815566943698,0.0010498037068785316,0.0008795999932409783,0.0012450162884471807
142.58333333333334,0.001018972673937555,0.0010921654245487221,0.0009224967924401192,0.0012886318111643778
142.625,0.0010501870544011597,0.0011265362066164059,0.0009637215447928087,0.0013156532486040015
142.66666666666666,0.0010687799235495957,0.001133756239366443,0.0009751830998011973,0.0013191786866064974
142.70833333333334,0.0010734552263413906,0.0011522762506508554,0.0010034069959660458,0.0013262722874873355
142.75,0.0010638839376931849,0.0011629320991554813,0.0010100868451815392,0.0013363625303600408
142.79166666666666,0.001039174759765703,0.001149143829002446,0.0009865581913056486,0.0013244149434496152
142.83333333333334,0.0009995416812591186,0.0011012872929179384,0.0009386988018683714,0.0012829125694093875
142.875,0.0009479245904692193,0.0010599247387265431,0.0009044405529917939,0.0012390594183791634
142.91666666666666,0.0008892541102862728,0.0009962227956710754,0.0008540068026981379,0.0011798705295534995
142.95833333333334,0.0008276011720745071,0.0009471587356015595,0.0007964249005556714,0.0011116344717640515
143.0,0.0007673112529966053,0.0009051320638302328,0.0007344258795599723,0.0010478402893580013
143.04166666666666,0.0007122126493850219,0.0008235489047368719,0.0006525008517457866,0.00099224281179137
143.08333333333334,0.0006666523163368021,0.0007721219980775551,0.0006077641702304141,0.0009466824787431504
143.125,0.0006338090639641292,0.0007389926161473798,0.0005722695172225285,0.0009168338678534105
143.16666666666666,0.0006162003992782851,0.000747682487369817,0.0005708998166772311,0.0008994492426863174
143.20833333333334,0.0006153853966880675,0.0007490929009872676,0.0005715190838605763,0.0009020273218835994
143.25,0.0006313918272328963,0.0007698182971675282,0.0005884173652270594,0.0009236751060971911
143.29166666666666,0.0006623162071972351,0.0008032875451509777,0.0006175400911857895,0.0009483702962295007
143.33333333333334,0.0007048585099380343,0.000842211173799088,0.0006536615139413202,0.0009925846802064618
143.375,0.0007556725359303897,0.0008819820487910303,0.0007079774482217559,0.0010454187893023028
143.41666666666666,0.0008119594063662427,0.0009188415564496822,0.0007556002786051647,0.0011031500665385917
143.45833333333334,0.0008700665724455699,0.000956819047754452,0.0007887955919972142,0.0011721564476048548
143.5,0.0009261954970008562,0.00098783713725722,0.0008111619982904109,0.0011879095316295475
143.54166666666666,0.0009767906603476721,0.0010453547491680003,0.0008796090968942806,0.001245025392100483
143.58333333333334,0.0010190033353509548,0.0010920238793784953,0.000922527453853519,0.0012886624725777776
143.625,0.0010502005698340678,0.0011269506467550163,0.0009637350602257167,0.00130300692663482
143.66666666666666,0.001068798828924053,0.0011342327272024705,0.0009752020051756546,0.0013191975919809547
143.70833333333334,0.0010734618180009428,0.0011540341602654016,0.0010034135876255978,0.0013262788791468876
143.75,0.001063909304299729,0.0011622296270073513,0.0010101122117880832,0.0013237280595644958
143.79166666666666,0.0010392095615074737,0.0011453323055820666,0.0009865929930474194,0.001324449745191386
143.83333333333334,0.0009995917559053236,0.0010985277813125734,0.0009437827102231215,0.0012829626440555924
143.875,0.000947956435188634,0.0010609642941818227,0.0009044723977112086,0.0012390912630985782
143.91666666666666,0.0008892419969683169,0.0009971373263558635,0.000853994689380182,0.0011798584162355436
143.95833333333334,0.0008276202393389476,0.0009466688934379323,0.0007964439678201119,0.001111653539028492
144.0,0.0007672964413937774,0.000905622762371441,0.0007344110679571444,0.0010478254777551734
144.04166666666666,0.0007122115764091305,0.0008238428324280209,0.0006556073777737987,0.0009922417388154787
144.08333333333334,0.0006666828758195454,0.0007722678540354231,0.0006077947297131572,0.0009467130382258935
144.125,0.0006337849319928433,0.0007402591195714164,0.0005731922318659639,0.0009168097358821246
144.16666666666666,0.0006161987363492436,0.0007481246713358001,0.0005660213264358302,0.0008994475797572758
144.20833333333334,0.0006153986573770663,0.0007495514522199595,0.0005666555172372157,0.0009020405825725983
144.25,0.0006313689227721332,0.0007704240951347201,0.0005883944607662963,0.0009236522016364282
144.29166666666666,0.0006623132181859539,0.0008041131558956456,0.0006175371021745083,0.0009483673072182194
144.33333333333334,0.000704860676019861,0.0008417996949871429,0.0006519632580365647,0.0009925868462882885
144.375,0.0007556909574439471,0.0008811645681213325,0.0007079958697353133,0.0010454372108158602
144.41666666666666,0.000811928296492123,0.0009137562763068136,0.0007525481648458589,0.001103118956664472
144.45833333333334,0.0008701259711415897,0.000956850021205275,0.000788854990693234,0.0011722158463008748
144.5,0.0009261626282053982,0.0009909805176863298,0.0008193195960559282,0.0011878766628340895
144.54166666666666,0.0009768772735597893,0.0010464893177970969,0.0008796957101063978,0.0012451120053126002
144.58333333333334,0.0010189694746721844,0.001093316271294531,0.0009224935931747486,0.0012886286118990072
144.625,0.0010502817903903043,0.0011253507141755943,0.0009638162807819533,0.0013030881471910566
144.66666666666666,0.0010687794412232512,0.001132930924791865,0.0009751826174748526,0.001319178204280153
144.70833333333334,0.001073508696739486,0.001156626460400473,0.0010034604663641412,0.0013263257578854308
144.75,0.001063852011758845,0.001162276727091925,0.0010099112197400225,0.001323670767023612
144.79166666666666,0.001039162722643607,0.0011459079720247956,0.0009868303097139647,0.0013244029063275192
144.83333333333334,0.0009995603172825442,0.001105842412833712,0.0009432092193525496,0.001282931205432813
144.875,0.0009479373478451071,0.0010608976922111915,0.0009062015884873971,0.0012390721757550513
144.91666666666666,0.0008892430786183044,0.0009987544118210709,0.0008495460590799055,0.0011798594978855313
144.95833333333334,0.0008276249224823631,0.0009473458389881705,0.0007964486509635274,0.0011116582221719076
145.0,0.0007672955024158525,0.0009053807657867421,0.0007344101289792195,0.0010478245387772484
145.04166666666666,0.0007122196147380471,0.000823969376959493,0.0006556154161027152,0.0009922497771443952
145.08333333333334,0.0006666808023840954,0.0007731138032749157,0.0006077926562777072,0.0009467109647904435
145.125,0.0006337787425989041,0.0007413227697841013,0.0005731860424720246,0.0009168035464881854
145.16666666666666,0.0006162087960036838,0.000746418660975512,0.0005650678302911382,0.000899457639411716
145.20833333333334,0.0006153974758868882,0.0007472439595078142,0.0005656907799479055,0.0009020394010824203
145.25,0.0006313902029069765,0.0007718569426902288,0.0005884157409011396,0.0009236734817712715
145.29166666666666,0.0006623414373666675,0.0008050696272122989,0.0006175653213552219,0.0009483955263989331
145.33333333333334,0.0007048873461868247,0.000841361334401807,0.0006526673245411826,0.000992613516455252
145.375,0.0007556978808052151,0.0008792603228575859,0.0007080027930965812,0.0010454441341771281
145.41666666666666,0.0008119336399714903,0.0009116120175145716,0.0007525535083252262,0.0011031243001438393
145.45833333333334,0.0008701488503315481,0.0009572123564876386,0.0007844013965531724,0.0011714786436195224
145.5,0.0009261769000809424,0.0009963642699667436,0.0008214269540758256,0.0011878909347096337
145.54166666666666,0.0009768888768405593,0.0010474419404596154,0.0008799914689175798,0.0012451236085933703
145.58333333333334,0.0010189888431140724,0.0010930174534010805,0.0009225129616166367,0.0012886479803408952
145.625,0.0010502887354267342,0.001126579311376558,0.0009638232258183831,0.0013030950922274865
145.66666666666666,0.0010688012792853408,0.0011342693725585815,0.0009752044555369422,0.0013192000423422425
145.70833333333334,0.0010735161365541097,0.0011570532808079168,0.001003467906178765,0.0013263331977000545
145.75,0.0010638724207727305,0.0011629749392591527,0.0010095538751323312,0.0013236911760374974
145.79166666666666,0.0010391642898943025,0.0011461476244824453,0.0009868318769646603,0.0013236443917069038
145.83333333333334,0.0009995493301689913,0.0011077938501655696,0.0009431982322389966,0.0012825929479447892
145.875,0.0009479453971506054,0.0010604408977726808,0.0009062096377928954,0.0012390802250605497
145.91666666666666,0.0008892424069790562,0.001001935603818608,0.0008510540544977494,0.001179858826246283
145.95833333333334,0.000827631935282557,0.0009460403484903868,0.0007959534298613269,0.0011116652349721014
146.0,0.0007672928128218133,0.0009047242092975665,0.0007344074393851802,0.0010478218491832092
146.04166666666666,0.0007122208941053635,0.0008243641427807196,0.0006562940918076858,0.0009922510565117115
146.08333333333334,0.0006666878234929433,0.0007748688049018448,0.0006077996773865552,0.0009467179858992915
146.125,0.0006337767893047866,0.0007426684413489796,0.0005723688734509309,0.000916801593194068
146.16666666666666,0.000616207665340892,0.0007473051739477558,0.0005650666996283464,0.0008994565087489243
146.20833333333334,0.0006154004128994577,0.0007477807101654953,0.0005703820482515936,0.0009020423380949896
146.25,0.0006313793232527944,0.0007738215772939553,0.0005875896455199812,0.0009236626021170894
146.29166666666666,0.0006623234603312278,0.000805549286032788,0.0006170451104173877,0.0009483775493634934
146.33333333333334,0.0007048770564856048,0.0008425517538616807,0.0006414720427144303,0.0009926032267540323
146.375,0.0007556999117781425,0.0008785147246768648,0.0007078551240230013,0.0010454461651500557
146.41666666666666,0.0008119855621431454,0.0009119073632339372,0.0007546063185942451,0.0011031762223154943
146.45833333333334,0.0008701179521604365,0.0009568383196602069,0.000785879165439153,0.0011714477454484108
146.5,0.0009262421282294736,0.0009986558300917581,0.0008206067863336717,0.0011847665370329787
146.54166666666666,0.0009768587015579493,0.001047485534363014,0.0008799612936349697,0.0012419375792119872
146.58333333333334,0.001019056387277433,0.0010937789964862157,0.0009225805057799972,0.0012887155245042557
146.625,0.001050261438769541,0.0011252123536766685,0.000963490635599926,0.0013030677955702932
146.66666666666666,0.0010688483225027793,0.0011356640913607633,0.0009752514987543809,0.001319247085559681
146.70833333333334,0.0010735031099883565,0.0011570361886238602,0.0010034548796130117,0.0013263201711343014
146.75,0.0010639104929783315,0.001164019916232146,0.0010096751823561096,0.0013305864489378363
146.79166666666666,0.001039206760165149,0.0011458278260359238,0.0009868743472355066,0.0013203259464228307
146.83333333333334,0.000999593115751594,0.0011072104933058447,0.0009452429059189632,0.001279447107702206
146.875,0.0009479807289806147,0.001063995714706405,0.0009062449696229046,0.001239115556890559
146.91666666666666,0.0008891948052576027,0.0010029611774570334,0.0008510064527762959,0.0011798112245248295
146.95833333333334,0.0008276890782520111,0.0009439546781226856,0.0007960105728307811,0.0011117223779415555
147.0,0.0007672194632232696,0.0009051285075534477,0.0007343340897866366,0.0010477484995846656
147.04166666666666,0.0007122954462655207,0.0008236248781189478,0.0006494601346121181,0.0009923256086718688
147.08333333333334,0.0006666371679542721,0.0007753441712152902,0.000607749021847884,0.0009466673303606203
147.125,0.0006337738415824365,0.0007424338251177781,0.0005723659257285807,0.0009167986454717178
147.16666666666666,0.0006162317834652643,0.0007479708046442796,0.0005705921263596776,0.0008994806268732965
147.20833333333334,0.0006153653509087685,0.0007473474440143613,0.0005711599635767447,0.0009020072761043006
147.25,0.000631390617234091,0.0007737853586778276,0.000587983173394293,0.000923673896098386
147.29166666666666,0.0006623296450745727,0.0008068690172397266,0.0006170512951607325,0.0009483837341068383
147.33333333333334,0.000704871347519042,0.0008427736988128696,0.0006414663337478675,0.0009925975177874694
147.375,0.0007557079293372959,0.000877447802204922,0.0007078631415821547,0.001045454182709209
147.41666666666666,0.0008119753470053555,0.0009103345471691689,0.0007545961034564552,0.0011031660071777044
147.45833333333334,0.0008701603424179209,0.0009666900598959299,0.0007859215556966373,0.0011714901357058952
147.5,0.0009262261429181086,0.0010006270647570509,0.0008205908010223067,0.0011952315781529742
147.54166666666666,0.0009768911402976586,0.0010471400538917932,0.0008784868366854218,0.0012419700179516966
147.58333333333334,0.0010190675680928829,0.0010962919844314718,0.0009226529195203974,0.0012885216438635588
147.625,0.0010502738480628387,0.0011274380455658086,0.0009635030448932238,0.001303080204863591
147.66666666666666,0.001068865023796009,0.001140616205102822,0.0009752682000476104,0.001325501682750585
147.70833333333334,0.0010735092465737391,0.0011581780427783108,0.001001954120509137,0.001332564203617358
147.75,0.001063937508612842,0.0011650158799740662,0.0010097021979906201,0.0013306134645723468
147.79166666666666,0.001039230576908452,0.0011450394806020723,0.0009868981639788096,0.0013203497631661338
147.83333333333334,0.000999612672835641,0.0011070744472492504,0.00094526246300301,0.001279466664786253
147.875,0.0009479865757828805,0.001066419134913321,0.0009062508164251705,0.0012391214036928248
147.91666666666666,0.0008891753167812527,0.001004370586687144,0.0008525482656627663,0.0011797917360484795
147.95833333333334,0.0008277170054548207,0.0009432184435584107,0.0007964513502450775,0.0011117503051443652
148.0,0.0007672050918352253,0.000905318044869651,0.0007347422987534319,0.0010474592937603242
148.04166666666666,0.0007123087827767643,0.0008234608016162842,0.0006494734711233618,0.0009923389451831125
148.08333333333334,0.0006666324951466864,0.0007775072358982846,0.0006077443490402982,0.0009466626575530345
148.125,0.0006337767836911712,0.0007423006137861647,0.0005723688678373154,0.0009138069460975193
148.16666666666666,0.0006162388127131305,0.0007485637713308556,0.0005715460022222649,0.0008994876561211627
148.20833333333334,0.0006153658447604501,0.0007473380850877777,0.0005721073040431474,0.0009020077699559821
148.25,0.0006313996616314312,0.0007734122372949517,0.0005880325642534577,0.000920413464576496
148.29166666666666,0.0006623483562401204,0.0008083178630955937,0.0006174133300101951,0.000948402445272386
148.33333333333334,0.0007048837250990796,0.000843373719678014,0.0006393528433741412,0.0009926098953675071
148.375,0.0007557076254284885,0.0008725762010013038,0.0007078628376733473,0.0010454538788004016
148.41666666666666,0.000811983532164092,0.000908959500804304,0.0007546042886151917,0.001103174192336441
148.45833333333334,0.0008701657605561891,0.0009655493106627016,0.0007863755303370372,0.001171411737824493
148.5,0.0009262578477613953,0.0010004706296379497,0.0008206225058655935,0.0011952632829962608
148.54166666666666,0.0009768865750074485,0.001043342873539111,0.0008784822713952117,0.0012419654526614865
148.58333333333334,0.0010190955042032525,0.0010931096011999096,0.000922680855630767,0.0012885495799739286
148.625,0.0010502815806993516,0.001131286881517529,0.0009635107775297367,0.0013030879375001039
148.66666666666666,0.0010688847785881779,0.0011422367574894902,0.0009752879548397792,0.0013255214375427538
148.70833333333334,0.00107351801860282,0.0011575662931616354,0.001001962892538218,0.001332572975646439
148.75,0.001063929039024795,0.0011646832853729363,0.0010096937284025732,0.0013306049949842998
148.79166666666666,0.0010392183146250141,0.0011377465398931324,0.0009868859016953719,0.0013202536848630256
148.83333333333334,0.0009995936754835634,0.0011059708222480426,0.0009452434656509325,0.0012794476674341754
148.875,0.0009479810350738804,0.0010661925415125593,0.0009051325308554817,0.0012391158629838246
148.91666666666666,0.0008892028148569707,0.0010053880187919759,0.0008525757637384843,0.0011807507944432034
148.95833333333334,0.0008276887482299459,0.0009416120251858158,0.0007961681533877661,0.0011116108663788418
149.0,0.0007672311615287868,0.0009014359124619615,0.0007347683684469934,0.0010474853634538858
149.04166666666666,0.000712293436561954,0.000824563497978094,0.000659768816304198,0.000992323598968302
149.08333333333334,0.0006666485564880094,0.0007800772683779541,0.0006079458234864857,0.0009466787188943576
149.125,0.000633771996267698,0.0007424918566143515,0.0005723640804138423,0.0009138021586740463
149.16666666666666,0.0006162368967481052,0.0007495858816357456,0.0005715440862572396,0.0008994857401561374
149.20833333333334,0.0006153664638270423,0.0007480895362483925,0.0005721079231097397,0.0009020083890225744
149.25,0.000631405269560238,0.000774338236523697,0.0005880381721822644,0.0009204190725053027
149.29166666666666,0.0006623564370347124,0.0008103630326340818,0.000617421410804787,0.0009482993445263293
149.33333333333334,0.000704890972800986,0.0008431260644875708,0.0006546736666047072,0.0009926171430694134
149.375,0.0007557172818330392,0.0008728789885806896,0.0007078724940778979,0.0010454635352049524
149.41666666666666,0.0008119739003617074,0.0009087276586538006,0.0007545946568128071,0.001104096120853062
149.45833333333334,0.0008702053854444883,0.000963676285771526,0.0007864151552253363,0.001171451362712792
149.5,0.0009262364489609552,0.0010003510551490073,0.0008206011070651533,0.0011952418841958208
149.54166666666666,0.0009769428033365333,0.0010437377808818786,0.0008785384997242966,0.0012420216809905713
149.58333333333334,0.0010190840913968315,0.001094707738842152,0.000922669442824346,0.0012861109052044887
149.625,0.0010503202540657003,0.0011324905040099508,0.0009635494508960854,0.0013031266108664526
149.66666666666666,0.0010688844037017454,0.0011453968548890147,0.000975287579953347,0.0013256055517064927
149.70833333333334,0.0010735383262108135,0.001157579426716166,0.0010018395006390344,0.0013325932832544325
149.75,0.0010639286308134594,0.0011663566502046446,0.0010096933201912375,0.0013306045867729642
149.79166666666666,0.0010392148890298943,0.0011390489403004232,0.000986882476100252,0.0013178229973048866
149.83333333333334,0.000999601337580262,0.001107973091382296,0.0009452511277476312,0.001279455329530874
149.875,0.0009479875794521753,0.0010645774856106506,0.0009051390752337766,0.0012391224073621196
149.91666666666666,0.0008891970952396701,0.0010095737371338107,0.0008525700441211837,0.0011807450748259028
149.95833333333334,0.0008276979386031269,0.0009432663247272353,0.0007961773437609471,0.0011116200567520228
150.0,0.0007672213042613509,0.0009009781154118262,0.0007347585111795575,0.00104747550618645
150.04166666666666,0.0007123001344995395,0.0008261446642365034,0.0006622251613912111,0.0009923302969058875
150.08333333333334,0.0006666388813387144,0.000780825635003958,0.0006079361483371907,0.0009466690437450626
150.125,0.0006337775454260591,0.0007425139943453617,0.0005723696295722034,0.0009138077078324074
150.16666666666666,0.0006162343321325704,0.0007500582547744165,0.0005715415216417048,0.0008994831755406025
150.20833333333334,0.0006153688007167686,0.0007487677049339423,0.000572110259999466,0.0009020107259123006
150.25,0.0006313922664539975,0.0007732697671566424,0.000588025169076024,0.0009204060693990623
150.29166666666666,0.0006623291988706503,0.0008133097438924685,0.0006175030135196376,0.0009482721063622672
150.33333333333334,0.0007048759707148666,0.0008439287191968226,0.0006546586645185876,0.000992602140983294
150.375,0.000755718377119043,0.0008749861298994564,0.0007078735893639017,0.0010454646304909562
150.41666666666666,0.0008120259320826508,0.0009087482930480574,0.0007546466885337505,0.0011041481525740056
150.45833333333334,0.0008701648734203957,0.0009627802944345315,0.0007797539857664913,0.0011714108506886995
150.5,0.0009263073923040567,0.0009989587341411711,0.0008206720504082549,0.0011921871673921825
150.54166666666666,0.0009769048664715657,0.0010432087758882483,0.0008789477406394376,0.0012419837441256037
150.58333333333334,0.0010191372009362486,0.0010935995168922642,0.0009227225523637631,0.0012861640147439055
150.625,0.001050311734728736,0.001135065570224938,0.000963540931559121,0.0013031180915294882
150.66666666666666,0.001068914104756108,0.0011519554573713392,0.0009747610116392461,0.001308688532656492
150.70833333333334,0.001073543917147991,0.0011597603138105695,0.0010018966939342943,0.0013325988741916099
150.75,0.0010639259608708643,0.0011652756509977686,0.0010096906502486424,0.001330601916830369
150.79166666666666,0.001039189098173525,0.0011369788386661076,0.0009860353045216689,0.0013051373690464282
150.83333333333334,0.0009995821070208205,0.0011076135856008733,0.0009452318971881897,0.0012714331972808557
150.875,0.00094800227020959,0.001065070453457058,0.0008985331085564388,0.0012391370981195342
150.91666666666666,0.0008891694932944498,0.0010099560151971524,0.0008525424421759633,0.0011807174728806825
150.95833333333334,0.0008277267052521889,0.0009431427493477629,0.0007962061104100091,0.0011116488234010847
151.0,0.0007671997193827344,0.0009007083207415716,0.000734736926300941,0.0010474539213078332
151.04166666666666,0.0007123261471409675,0.0008275231168591411,0.0006601756242484896,0.0009923563095473155
151.08333333333334,0.0006666065601010815,0.0007821360448683709,0.0006080481932150647,0.0009466367225074297
151.125,0.0006338112589027333,0.0007439909010807938,0.0005737696820431266,0.0009138414213090816
151.16666666666666,0.0006162054196211227,0.0007496701975085689,0.0005706973934032809,0.0008994542630291548
151.20833333333334,0.0006153915915678167,0.0007488613322697674,0.0005713178351235377,0.0009020335167633488
151.25,0.0006313913286101176,0.0007734248968522721,0.0005893905702263931,0.0009204051315551822
151.29166666666666,0.000662336243471474,0.0008147082412218724,0.0006154700335729061,0.0009482791509630909
151.33333333333334,0.000704898649132467,0.0008451066865670579,0.0006546813429361881,0.0009926248194008945
151.375,0.0007557321206257534,0.0008762783565725953,0.0007078873328706122,0.0010454783739976665
151.41666666666666,0.0008120107225826418,0.0009083031346667542,0.0007546314790337415,0.001105178181831934
151.45833333333334,0.0008702058400927805,0.0009616493190708825,0.0007764946200792689,0.0011714518173610842
151.5,0.0009262882509592546,0.0009997728592719072,0.0008206529090634527,0.0011894975188843546
151.54166666666666,0.000976951314039509,0.0010432328130104828,0.0008781087923166959,0.001242030191693547
151.58333333333334,0.0010191371566328122,0.0010935337404413192,0.0009212156123710695,0.0012735041330383797
151.625,0.001050334005801484,0.001138159156863077,0.0009635632026318691,0.0013094627475500817
151.66666666666666,0.0010689203066493588,0.0011527539307296499,0.0009846070156658787,0.001313419260766573
151.70833333333334,0.0010735500154787122,0.001163247479840242,0.0010010173963743306,0.001337413987789333
151.75,0.0010639779584356893,0.0011661348808690846,0.0010097426478134675,0.001336891810292868
151.79166666666666,0.0010392508149604251,0.001135504571668659,0.0009836180696711756,0.0013051990858333285
151.83333333333334,0.0009996210650774482,0.0011071568998261513,0.0009452708552448174,0.001284077591136273
151.875,0.0009479839833845036,0.001066623930654938,0.0008985148217313523,0.0012388198067297275
151.91666666666666,0.0008892325252079303,0.00100871909518554,0.0008466236792736842,0.001180780504794163
151.95833333333334,0.0008276689242943227,0.0009426806195169394,0.0007961483294521429,0.0011126909186292674
152.0,0.0007672815589678539,0.000900449666554598,0.0007348187658860604,0.0010475357608929529
152.04166666666666,0.0007122220754868268,0.0008318714505078009,0.0006604360496380122,0.0009922522378931749
152.08333333333334,0.0006667094097172619,0.0007844259238530817,0.0006081510428312451,0.0009467395721236101
152.125,0.0006337975686704831,0.0007461186086628988,0.0005737559918108764,0.0009138277310768312
152.16666666666666,0.0006162053414499039,0.0007505672125902152,0.0005706973152320621,0.0008994541848579362
152.20833333333334,0.0006154112574067095,0.0007511919171870007,0.0005713375009624306,0.0009020531826022415
152.25,0.0006314022639181926,0.0007756048485791394,0.0005894015055344682,0.0009204160668632573
152.29166666666666,0.0006623154465780047,0.0008179664229298493,0.0006158137337231,0.0009482583540696216
152.33333333333334,0.0007048735491061649,0.0008451186256806793,0.0006546562429098861,0.0009925997193745923
152.375,0.0007557262079319818,0.0008758618981123922,0.0007078814201768405,0.001045472461303895
152.41666666666666,0.0008120202886882903,0.000907466785126884,0.0007483765301609709,0.0011053795370697642
152.45833333333334,0.0008702209006732498,0.000939756861371222,0.0007744271542381652,0.0011714668779415536
152.5,0.0009262987044673369,0.0009980421140163,0.0008206633625715351,0.0011884488859564054
152.54166666666666,0.0009769885536338933,0.0010442690437288235,0.0008781460319110802,0.0012651538935180813
152.58333333333334,0.0010191252099113876,0.001091526380302988,0.0009207906045342417,0.0012734921863169551
152.625,0.0010503799862671608,0.0011435570505350001,0.0009621022874082885,0.0012925620079113952
152.66666666666666,0.0010689127133044235,0.0011527121249725613,0.0009845994223209435,0.0013134116674216377
152.70833333333334,0.0010735870590381034,0.0011722486081694676,0.0010010544399337217,0.0013309853376757212
152.75,0.0010639722190977352,0.0011625151925064715,0.0010097369084755134,0.0013361259890836029
152.79166666666666,0.001039231422911326,0.0011348482156349731,0.000983056625374284,0.0013051796937842293
152.83333333333334,0.0009995824354410376,0.0011065551607361897,0.0009452322256084067,0.0012840389614998623
152.875,0.0009479342486561776,0.0010526823951480721,0.0008970428657005066,0.0012387700720014013
152.91666666666666,0.0008892640362517395,0.0010075536835645992,0.0008466551903174934,0.001181003804970154
152.95833333333334,0.0008276202994345015,0.0009410578161348708,0.0007960997045923218,0.0011128701994692627
153.0,0.0007673265756129682,0.0008995442706715158,0.0007348637825311748,0.0010475807775380671
153.04166666666666,0.0007122277048993386,0.000832818934550358,0.0006620174552254259,0.0009922578673056868
153.08333333333334,0.0006666658377249694,0.0007856497152474426,0.0006081074708389526,0.0009466960001313175
153.125,0.0006338192013825904,0.0007487155184161508,0.0005737776245229837,0.0009321076620357954
153.16666666666666,0.0006162118868777862,0.0007499763604572526,0.0005707038606599445,0.0008964660888028854
153.20833333333334,0.0006153976350826368,0.0007509836686951203,0.0005713238786383578,0.0008990449187952356
153.25,0.000631397001487284,0.000775198794513748,0.0005893962431035596,0.0009204108044323487
153.29166666666666,0.0006623233880829864,0.0008196119110126423,0.0006173974514029837,0.0009482662955746032
153.33333333333334,0.0007048952931424724,0.0008453106958279081,0.0006546779869461935,0.0009926214634108999
153.375,0.000755760923505145,0.0008740398824410366,0.0007079161357500039,0.0010455071768770581
153.41666666666666,0.0008120037038563075,0.0009070015276010853,0.0007483599453289881,0.0011038756356538978
153.45833333333334,0.0008702736125699485,0.0009368490424672332,0.0007744798661348638,0.0011689826080333778
153.5,0.0009262564758037561,0.0009971839042177946,0.0008206211339079542,0.0011884066572928247
153.54166666666666,0.0009770441056221825,0.0010427827108960585,0.0008782015838993694,0.0012652094455063707
153.58333333333334,0.0010190934909343435,0.0010925895460107984,0.0009203492366696555,0.0012717452450562118
153.625,0.001050422229254646,0.0011442983263095557,0.0009734742337791526,0.0012926042508988804
153.66666666666666,0.0010688951793836913,0.0011551243523589077,0.0009842758696723326,0.0013133941335009055
153.70833333333334,0.0010736120443809343,0.0011756400033367004,0.0010124091286599316,0.001331010323018552
153.75,0.00106395265412375,0.0011628544622712448,0.001009717343501528,0.0013361064241096177
153.79166666666666,0.0010392203025172484,0.0011359174164582582,0.0009830455049802062,0.0013048413030156808
153.83333333333334,0.0009995848643559657,0.0011034366645066647,0.0009452346545233348,0.0012840413904147904
153.875,0.0009479447870755636,0.001049035774987932,0.0008970534041198927,0.001227164129230309
153.91666666666666,0.0008892749658306196,0.001005836353381986,0.0008521996866270307,0.0011810147345490342
153.95833333333334,0.0008276098724758928,0.0009407057590117458,0.000796089277633713,0.0011128597725106539
154.0,0.0007673327817287505,0.0008984828379514802,0.0007348699886469571,0.0010475869836538494
154.04166666666666,0.0007122410135139882,0.0008327233471393162,0.0006620307638400755,0.0009922711759203363
154.08333333333334,0.0006666496293240012,0.0007846068272304798,0.0006080912624379844,0.0009486274859500699
154.125,0.0006338293408715838,0.0007495138730547373,0.0005737877640119771,0.000932794277263455
154.16666666666666,0.0006162163895098661,0.0007521652936040403,0.0005707083632920244,0.0008984182856546858
154.20833333333334,0.0006153890584159567,0.0007513185464461268,0.0005713153019716778,0.0008990363421285556
154.25,0.0006313988429300844,0.0007753244423767023,0.0005893980845463599,0.0009204126458751491
154.29166666666666,0.0006623341285251511,0.0008196223575820905,0.0006177683891503482,0.000948277036016768
154.33333333333334,0.0007048932099502982,0.0008457076698183656,0.0006541736698516249,0.0009926193802187256
154.375,0.0007557527153763659,0.000874152507299153,0.0007079079276212248,0.001045498968748279
154.41666666666666,0.0008120245735718635,0.0009058679713753025,0.0007544166156775958,0.0011038965053694538
154.45833333333334,0.0008702456602336446,0.0009328939683908889,0.0007764528018959239,0.0011595478859369995
154.5,0.000926309433902434,0.0009964436416796392,0.0008206740920066322,0.0011884596153915027
154.54166666666666,0.0009770316537891848,0.0010430181015336783,0.0008781891320663718,0.0012651969936733729
154.58333333333334,0.001019137990992889,0.0010931563223149558,0.0009201783023273261,0.0012717897451147572
154.625,0.0010504315996965278,0.0011443101689788471,0.0009733399047138575,0.0012926136213407622
154.66666666666666,0.0010689212388625968,0.001155484860551542,0.0009840864947503632,0.001313420192979811
154.70833333333334,0.0010736150525894983,0.001175553053798454,0.0010124121368684956,0.001331013331227116
154.75,0.0010639700590687996,0.0011640764824862565,0.0010091954735173745,0.0013361238290546672
154.79166666666666,0.0010392481055314846,0.0011360561783998178,0.0009850741960918063,0.001304869106029917
154.83333333333334,0.0009996004754979412,0.0011001416106296937,0.0009452502656653103,0.001284057001556766
154.875,0.0009479386783486389,0.0010461668539006842,0.000897047295392968,0.0012271580205033843
154.91666666666666,0.0008892700215573454,0.0010095413131502762,0.0008526959912847045,0.0011863542763132962
154.95833333333334,0.0008276129715188982,0.0009420150419141711,0.0007965149570315581,0.0011128628715536594
155.0,0.0007673377617244008,0.0008977063809977025,0.0007348749686426074,0.0010475919636494997
155.04166666666666,0.0007122405575373441,0.0008339751961425463,0.0006620303078634314,0.0009922707199436923
155.08333333333334,0.0006666452923167776,0.0007840144648048524,0.0006080869254307608,0.0009656102287086487
155.125,0.0006338324427074782,0.0007498388765569532,0.0005736977621789099,0.0009327973790993494
155.16666666666666,0.0006162292575270397,0.0007519311881860945,0.0005707212313091979,0.0009154182334376618
155.20833333333334,0.0006153853196854257,0.0007526893421655054,0.0005713115632411467,0.0008990326033980245
155.25,0.0006314041765295166,0.0007740635703544125,0.0005894034181457921,0.0009204179794745814
155.29166666666666,0.0006623312977447193,0.0008184007574214414,0.0006178059048317408,0.0009479993708000392
155.33333333333334,0.00070489615072804,0.0008467736557049978,0.0006541155972207414,0.0009926223209964673
155.375,0.0007557766224978541,0.0008753829638344516,0.000707931834742713,0.0010455228758697672
155.41666666666666,0.0008119928896684128,0.0009059405310871133,0.0007543849317741451,0.0011092093075035394
155.45833333333334,0.0008702828593471537,0.0009322168775543805,0.0007769912499403808,0.0011595850850505084
155.5,0.0009263135955173044,0.0009921398011605632,0.0008206782536215026,0.0011883799609867028
155.54166666666666,0.0009770438060811412,0.0010422023767188329,0.0008782012843583281,0.0012652091459653294
155.58333333333334,0.001019157869933499,0.0010952946597671458,0.0009202814162861134,0.0012822906504867282
155.625,0.001050434046658974,0.0011465331775619972,0.0009724253231255239,0.0012973405945200388
155.66666666666666,0.0010689444410534159,0.0011558128599374858,0.0009841929319593596,0.0013239244216019905
155.70833333333334,0.001073613853863826,0.0011779266612591446,0.0010124109381428232,0.0013310121325014438
155.75,0.0010639605364139533,0.001162858428123648,0.0010091859508625282,0.001340755016596981
155.79166666666666,0.001039235220948235,0.0011361488911601778,0.0009850613115085568,0.0013048562214466675
155.83333333333334,0.0009995703941627788,0.0010962062928315552,0.0009452201843301479,0.0012840269202216035
155.875,0.0009479507772574147,0.001044446530816512,0.0008970593943017438,0.0012271701194121601
155.91666666666666,0.0008892496211857933,0.001007467123457386,0.0008530884411246393,0.001186333875941744
155.95833333333334,0.0008276679293801009,0.0009437931660608576,0.0007917922197571561,0.001112917829414862
156.0,0.0007672853235589508,0.0008975827941874531,0.0007348225304771574,0.0010475395254840498
156.04166666666666,0.0007122374608343413,0.0008325466575320249,0.0006619661977518035,0.0009922676232406893
156.08333333333334,0.0006667103899731141,0.0007831401366494037,0.0006111665184220391,0.0009656753263649853
156.125,0.0006337758036383419,0.0007494998426051726,0.0005736411231097736,0.000932740740030213
156.16666666666666,0.0006162232407627754,0.0007525117318708545,0.0005719884498702211,0.0009154122166733974
156.20833333333334,0.0006154134151301872,0.0007535701666011559,0.0005727059976801573,0.000899060698842786
156.25,0.0006313836235597307,0.0007732813798023909,0.0005893828651760062,0.0009203974265047954
156.29166666666666,0.0006623410813201619,0.0008177346722247826,0.0006209232874110867,0.0009480091543754818
156.33333333333334,0.0007049062452124464,0.0008449569131559082,0.0006542836022841982,0.000992632415480874
156.375,0.0007557608269859939,0.0008755838900649063,0.0007079160392308527,0.001045507080357907
156.41666666666666,0.0008120406748357857,0.000905162463212444,0.0007500180279369724,0.0011092570926709124
156.45833333333334,0.0008702640901081468,0.0009306417763745041,0.0007759178815649515,0.0011595663158115014
156.5,0.000926333988265289,0.0009889640491327913,0.0008215604420211828,0.0011884003537346874
156.54166666666666,0.0009770503041774917,0.0010410627090508236,0.0008782077824546786,0.00126521564406168
156.58333333333334,0.0010191626808313732,0.0010969866151861404,0.0009202862271839875,0.0012822954613846023
156.625,0.0010504546380654745,0.001147419587986415,0.0009725291495502017,0.0013078422123578997
156.66666666666666,0.0010689419755767228,0.001157069503130037,0.0009841904664826665,0.0013239219561252975
156.70833333333334,0.0010736307334577163,0.0011784071136168508,0.0010124278177367136,0.0013310290120953341
156.75,0.0010639695373530897,0.0011654454118273762,0.0010091949518016645,0.0013407640175361175
156.79166666666666,0.001039234958885545,0.0011361975699232516,0.0009850610494458666,0.0013048559593839774
156.83333333333334,0.000999586465937574,0.0010958812246471574,0.000945236256104943,0.0012840429919963986
156.875,0.0009479468198004676,0.0010430737265899456,0.0008960008377083742,0.001227166161955213
156.91666666666666,0.0008892767631043966,0.0010093017598040977,0.0008527714956686379,0.0011863610178603472
156.95833333333334,0.0008276160732553719,0.0009455126711660977,0.0007917403636324271,0.001112865973290133
157.0,0.000767336799389223,0.0008958131804462583,0.0007348930503866585,0.001047591001314322
157.04166666666666,0.0007122369588688321,0.000832340268870348,0.0006619656957862943,0.0009922671212751802
157.08333333333334,0.000666655802402193,0.0007825568528955548,0.0006111119308511181,0.0009656207387940642
157.125,0.0006338307518823572,0.0007525923494270246,0.0005734220604733138,0.0009327956882742285
157.16666666666666,0.0006162183148338586,0.000753583417535248,0.0005719835239413043,0.0009154072907444807
157.20833333333334,0.0006153930282607437,0.0007541253255467122,0.0005726856108107138,0.0008990403119733425
157.25,0.0006313984994978716,0.0007730928293554517,0.0005895831542190117,0.0009204123024429363
157.29166666666666,0.000662318295738067,0.0008177599970383396,0.0006209005018289918,0.0009479863687933868
157.33333333333334,0.0007048789148757672,0.0008436412659162135,0.0006560953611331399,0.000992493903603546
157.375,0.0007557498755894251,0.0008746651121345826,0.0007079050878342838,0.0010454961289613383
157.41666666666666,0.0008120746581475832,0.0009048291207500701,0.0007500520112487699,0.0011042432788224634
157.45833333333334,0.0008702404714354344,0.0009295818515918077,0.0007758051151500709,0.0011595426971387891
157.5,0.0009263810325653975,0.0009897130577853181,0.0008218916418517032,0.0011884473980347957
157.54166666666666,0.0009770184137480628,0.0010385919175673482,0.0008781758920252497,0.00126442367176094
157.58333333333334,0.0010192169128638644,0.001099366672235056,0.0009203404592164788,0.0012824341824672649
157.625,0.0010504163533079963,0.001147441672493468,0.0009724908647927236,0.0013078039276004216
157.66666666666666,0.0010689828932403948,0.0011573121465102293,0.0009842313841463386,0.0013239628737889693
157.70833333333334,0.0010736122309035372,0.0011770786880389574,0.0010124093151825345,0.0013302504276698443
157.75,0.0010639815195301015,0.001167231709426582,0.0010083855532564629,0.0013408604887633006
157.79166666666666,0.0010392246941942852,0.0011354822726519173,0.000985050784754607,0.0013048456946927176
157.83333333333334,0.000999571387658266,0.0010977722879383228,0.0009455053333560472,0.0012840279137170908
157.875,0.0009479611328788416,0.0010427183705752833,0.0008960151507867482,0.001227180475033587
157.91666666666666,0.0008892642826235718,0.0010102744892016282,0.0008533223493502149,0.001181300740219276
157.95833333333334,0.0008276451331551601,0.0009465400509228008,0.0007917694235322153,0.0011128950331899211
158.0,0.0007673072380817521,0.0008955140932389598,0.0007348634890791876,0.001047561440006851
158.04166666666666,0.0007122338340077145,0.0008323480771958252,0.0006638711512899073,0.0010111987703995855
158.08333333333334,0.0006666984681757309,0.0007860285382534033,0.0006118319929623101,0.000965663404567602
158.125,0.0006337908597411013,0.0007545666662829106,0.0005738513052698993,0.0009449060662878669
158.16666666666666,0.0006162197213639619,0.0007550568231165562,0.0005719849304714076,0.000915408697274584
158.20833333333334,0.0006154117348136875,0.0007540121847297028,0.0005727043173636576,0.0009179937925118093
158.25,0.0006313976068343445,0.0007739201758081416,0.0005895822615554846,0.0009204114097794092
158.29166666666666,0.0006623471443882331,0.0008176050240961854,0.0006216067468168121,0.000948015217443553
158.33333333333334,0.0007049135609005068,0.0008408126826585366,0.0006561300071578794,0.0009925285496282855
158.375,0.0007557659289355323,0.000874618717009985,0.0007079211411803911,0.0010455121823074454
158.41666666666666,0.000812056184091584,0.0009059946871946058,0.0007500335371927707,0.001104224804766464
158.45833333333334,0.0008702707345467618,0.0009290306426398007,0.0007841695443295507,0.0011595729602501166
158.5,0.0009263593187273457,0.0009875264597933302,0.0008210485472914377,0.0011884256841967439
158.54166666666666,0.0009770654945111964,0.0010375873603850098,0.0008782229727883833,0.0012644707525240736
158.58333333333334,0.0010191929995338256,0.0011050147665491949,0.00092031654588644,0.0012654635490328625
158.625,0.00105046620158918,0.0011472092533611948,0.0009725407130739071,0.0013078537758816052
158.66666666666666,0.0010689662232139722,0.0011568763840468124,0.000984214714119916,0.0013190056535103802
158.70833333333334,0.00107364220701867,0.0011773777990706394,0.0010124392912976674,0.001330280403784977
158.75,0.0010639523432047881,0.0011726276863704668,0.001005877425293756,0.001323884592333624
158.79166666666666,0.0010392219088679172,0.0011360429878698106,0.000985047999428239,0.0013048429093663497
158.83333333333334,0.000999579059551737,0.0010997938983184935,0.0009455130052495182,0.0012806746700556424
158.875,0.0009479592514680584,0.001046572955213717,0.0009043474354441174,0.0012271785936228037
158.91666666666666,0.0008892469287709245,0.0010104363594619695,0.0008533049954975677,0.0011812833863666288
158.95833333333334,0.0008276700660591979,0.0009466667879177897,0.0007917943564362531,0.001112919966093959
159.0,0.0007672944360076128,0.0008935404346809801,0.0007348506870050483,0.0010475486379327118
159.04166666666666,0.0007122330194996369,0.0008321541971233923,0.0006638703367818296,0.001011197955891508
159.08333333333334,0.000666709202513566,0.0007894040695903326,0.000611852440252647,0.0009778244090603314
159.125,0.0006337926395288928,0.0007554979680150142,0.0005738530850576909,0.0009449078460756585
159.16666666666666,0.0006162151542961148,0.0007569784411611488,0.0005719900763560623,0.0009275544003616312
159.20833333333334,0.0006154163304521286,0.0007541992348490552,0.0005727089130020987,0.0009179983881502505
159.25,0.0006313894259650437,0.0007762690789157276,0.0005895740806861838,0.0009204032289101084
159.29166666666666,0.0006623405026128964,0.0008179606937184806,0.0006104151129159431,0.0009480085756682163
159.33333333333334,0.0007049105174299772,0.0008408934720630717,0.0006561269636873499,0.000992525506157756
159.375,0.0007557738569941753,0.0008762919284209008,0.000707929069239034,0.0010455201103660885
159.41666666666666,0.0008120575960740868,0.0009067456129690075,0.0007500349491752735,0.001104226216748967
159.45833333333334,0.0008702879229548459,0.0009362231257397073,0.0007841867327376348,0.0011595901486582006
159.5,0.0009263610034969778,0.0009875565168035664,0.0008180292281758836,0.0011852715148676033
159.54166666666666,0.0009770819692713525,0.0010379132708970957,0.0008782394475485394,0.0012642821658280829
159.58333333333334,0.0010191943026652453,0.0011059663417204923,0.0009316475524012384,0.0012655391426301483
159.625,0.0010504855202229301,0.0011475801276506707,0.0009725600317076574,0.0013078730945153554
159.66666666666666,0.0010689681523396756,0.0011558931882074183,0.0009842166432456193,0.0013190075826360836
159.70833333333334,0.0010736517205719178,0.0011765371576069222,0.001012448804850915,0.0013302899173382246
159.75,0.0010639895708162293,0.0011717783639407014,0.0010053726006574045,0.0013239218199450654
159.79166666666666,0.0010392554143513113,0.0011349874821537423,0.000985081504911633,0.0013111143107474175
159.83333333333334,0.000999600556728783,0.0011008474737388204,0.0009455345024265643,0.0012749099739296508
159.875,0.0009479503943186705,0.001056948708268295,0.0009043385782947296,0.0012271697364734158
159.91666666666666,0.0008892836045955547,0.0010105924000067203,0.0008533416713221978,0.001181320062191259
159.95833333333334,0.0008276103231313035,0.000947018409835783,0.0007917346135083587,0.0011128602231660646
160.0,0.0007673449979270759,0.0008932810727576842,0.0007349012489245115,0.001047599199852175
160.04166666666666,0.0007122525017560263,0.0008320906226795941,0.0006637967153692575,0.0010112174381478973
160.08333333333334,0.0006666384131549574,0.0007901936649771933,0.0006048731415383136,0.000977753619701723
160.125,0.0006338343399927708,0.0007558859636116089,0.0005740036264004815,0.0009449495465395364
160.16666666666666,0.0006162413933890532,0.0007563321673662321,0.0005720163154490007,0.0009275806394545696
160.20833333333334,0.0006153855130101892,0.0007527467255017188,0.0005725849918911978,0.000917967570708311
160.25,0.0006314102556387769,0.000777429449284865,0.0005876637266912743,0.0009204240585838416
160.29166666666666,0.0006623394442424658,0.0008180743959074567,0.0006104140545455125,0.0009480075172977857
160.33333333333334,0.0007048886315885748,0.0008397670717394289,0.0006559553777994401,0.0009925036203163537
160.375,0.0007557639286321054,0.0008775834870784232,0.0007079191408769641,0.0010455101820040186
160.41666666666666,0.00081205884726791,0.0009072049316539418,0.0007499272778844543,0.0011042274679427901
160.45833333333334,0.0008703055593859544,0.0009390024642877595,0.0007842043691687433,0.001159607785089309
160.5,0.0009263544336736878,0.0009839307058697822,0.0008180226583525936,0.0011852649450443133
160.54166666666666,0.000977096333422397,0.0010354322826286277,0.0008782538116995838,0.0012642965299791272
160.58333333333334,0.0010191949635941335,0.0011073247033576829,0.0009316470583996236,0.0012717776994567104
160.625,0.0010504930917723911,0.001147950964051302,0.0009725676032571183,0.0013029401158126497
160.66666666666666,0.0010689736378151477,0.0011560570589511385,0.0009842221287210914,0.0013190130681115554
160.70833333333334,0.0010736605724751996,0.0011756089563702925,0.0010124576567541968,0.0013253582189893397
160.75,0.0010639571385732737,0.001171726542040051,0.0010053401684144488,0.0013238893877021095
160.79166666666666,0.0010392504021740387,0.0011341784089273156,0.0009850764927343604,0.001311109298570145
160.83333333333334,0.0009996166161715407,0.0010975872917637344,0.0009455505618693219,0.0012724987714093892
160.875,0.0009480269671378546,0.001059557983820326,0.0009044151511139137,0.001224056683467414
160.91666666666666,0.0008891764750056594,0.001009268877549369,0.0008549828198520177,0.0011812129326013636
160.95833333333334,0.0008277399124533796,0.00094784137611542,0.0007918642028304348,0.0011129898124881408
161.0,0.0007672088340400544,0.0008937254061941671,0.0007347650850374899,0.0010474630359651534
161.04166666666666,0.000712336104611001,0.0008323269598382578,0.0006638803182242322,0.0010113010410028721
161.08333333333334,0.0006666130978203154,0.0007901117619772228,0.0006006464084657582,0.0009777283043670808
161.125,0.0006338232137066511,0.0007560478599682539,0.000574028025350956,0.0009449384202534166
161.16666666666666,0.0006162122208062806,0.000756415019175117,0.0005719871428662281,0.000927551466871797
161.20833333333334,0.0006154012970625795,0.0007528897018823463,0.0005726007759435881,0.0009179833547607014
161.25,0.0006314075534882566,0.0007793457628756631,0.000587661024540754,0.0009204213564333214
161.29166666666666,0.0006623575449536029,0.0008182555565221819,0.0006083062873028857,0.0009480256180089227
161.33333333333334,0.0007049279528313524,0.0008386313699602819,0.0006559946990422177,0.0009925429415591311
161.375,0.0007557674215379691,0.0008777495101408229,0.0007079226337828279,0.0010455136749098822
161.41666666666666,0.000812086266089307,0.0009072519228630017,0.0007499546967058514,0.001104254886764187
161.45833333333334,0.0008702690299615454,0.0009399992170001335,0.0007856700486014017,0.001156381629839714
161.5,0.0009264191011239275,0.0009844452452575161,0.0008200882139001972,0.0011850023421200824
161.54166666666666,0.0009770366723987956,0.001036421548642041,0.0008781941506759825,0.0012641530529358559
161.58333333333334,0.0010192701475927601,0.0011087672876498858,0.0009317222423982503,0.001271092801584026
161.625,0.0010504364386053281,0.0011478292741205812,0.0009725109500900553,0.0013028834626455867
161.66666666666666,0.0010690146020341713,0.0011550923298080187,0.000984263092940115,0.0013182939504592683
161.70833333333334,0.0010736276360329897,0.0011745675584893338,0.001012424720311987,0.0013252414665274595
161.75,0.00106399239270418,0.0011723593061749328,0.001007376310642719,0.0013235973714585453
161.79166666666666,0.0010392329928556856,0.0011327243616168236,0.0009850590834160073,0.001311091889251792
161.83333333333334,0.0009996034958510349,0.001099976017938557,0.000945537441548816,0.0012724856510888834
161.875,0.0009480082758456482,0.001059214787142358,0.0009043964598217072,0.0012240379921752075
161.91666666666666,0.0008891806385474755,0.0010093570670059464,0.0008549869833938338,0.0011812170961431796
161.95833333333334,0.0008277394379015777,0.0009480975204476075,0.0007874140163283688,0.0011129893379363388
162.0,0.0007672098807763802,0.0008931316911266488,0.0007347661317738158,0.0010474640827014792
162.04166666666666,0.0007123347764581172,0.0008362205573773376,0.0006636049791908732,0.0010112997128499882
162.08333333333334,0.000666616942336742,0.0007930803063224999,0.0006134513093752585,0.0009777321488835076
162.125,0.0006338173910715928,0.0007549021428016895,0.0005735978410345746,0.0009452572973452641
162.16666666666666,0.0006162152113325293,0.0007568224664501826,0.0005719901333924768,0.0009275544573980457
162.20833333333334,0.0006153971717355013,0.0007544542932397324,0.0005726063635690117,0.0009179792294336232
162.25,0.0006314072778687911,0.0007821417889249197,0.0005880252459649517,0.0009204210808138558
162.29166666666666,0.0006623498139665944,0.0008185813884159786,0.0006223812594906723,0.0009480178870219144
162.33333333333334,0.0007049222318244319,0.0008381350972956081,0.0006559889780352972,0.0009925372205522108
162.375,0.0007557683495929573,0.0008786330007381192,0.000707923561837816,0.0010455146029648705
162.41666666666666,0.0008120731516443426,0.0009119009417183476,0.0007455263418558172,0.0011042417723192226
162.45833333333334,0.0008703054207142301,0.0009399499052838611,0.0007857064393540864,0.0011564180205923986
162.5,0.0009263916880850167,0.000984817102449813,0.0008200608008612864,0.0011849749290811715
162.54166666666666,0.0009770908632475356,0.0010356187577041241,0.0008777316502496561,0.001261779981821577
162.58333333333334,0.0010192373445714069,0.0011072212767547693,0.000931689439376897,0.0012710599985626728
162.625,0.001050484503792158,0.0011471100021388186,0.0009725590152768851,0.0013021714459611055
162.66666666666666,0.0010690041410661892,0.0011544272135985906,0.000984252631972133,0.001317393324565584
162.70833333333334,0.0010736476936583851,0.001174858132659923,0.0010124447779373824,0.001318829061032157
162.75,0.0010639808053382427,0.0011713528877551286,0.0010073647232767815,0.0013235857840926079
162.79166666666666,0.001039232445104342,0.001133324267093726,0.0009845192607354605,0.0013110913415004483
162.83333333333334,0.000999592989314632,0.0010994262150667913,0.0009455269350124132,0.0012656015004534292
162.875,0.0009479757407661448,0.0010585373174977208,0.0009043639247422039,0.0012240054570957042
162.91666666666666,0.0008892233513620137,0.0010151966026312332,0.0008554119301013872,0.001181259808957718
162.95833333333334,0.0008277141220512234,0.0009493991347485251,0.0007873887004780145,0.0011129640220859844
163.0,0.0007672580591900786,0.0008924137347024909,0.0007348143101875141,0.0010475122611151774
163.04166666666666,0.0007122620442543496,0.0008376895216036344,0.0006638159708200825,0.0010233772508011151
163.08333333333334,0.0006667178181233414,0.0007928733249055468,0.0006175776084861874,0.0009778330246701069
163.125,0.0006337709649095065,0.0007531512853887813,0.0005730897899304479,0.0009326139719175256
163.16666666666666,0.0006162340689836383,0.0007558973805798607,0.0005721944041484502,0.0009275733150491547
163.20833333333334,0.000615421204096227,0.0007553514084840433,0.0005728158090346019,0.0009301535319492432
163.25,0.000631405001938665,0.0007832635120820844,0.0005895987462097276,0.0009204188048837298
163.29166666666666,0.0006623642299631678,0.0008185667358956818,0.0006238413406527386,0.0009480323030184877
163.33333333333334,0.000704934741557609,0.0008381313902909416,0.0006563616850736741,0.0009922748958490907
163.375,0.0007557830812162606,0.0008794920209381177,0.0007074360595587249,0.0010455293345881737
163.41666666666666,0.0008120841551550957,0.0009183979125357169,0.0007455373453665704,0.0011042527758299758
163.45833333333334,0.0008702976531703476,0.0009402587408533036,0.0007856986718102039,0.0011564102530485162
163.5,0.0009264053555943792,0.0009841893982010185,0.0008200744683706489,0.001184988596590534
163.54166666666666,0.000977092237125788,0.0010359633341469766,0.0008777330241279083,0.001261781355699829
163.58333333333334,0.0010192445645925497,0.0011074891087385053,0.0009311573844688367,0.0012710672185838156
163.625,0.0010504991671311838,0.0011450426835738208,0.000972573678615911,0.0013021861093001313
163.66666666666666,0.0010690086166303622,0.00115442521148346,0.000984257107536306,0.0013122560500231902
163.70833333333334,0.001073662274319499,0.0011724776750082493,0.0010116379778762825,0.0013188436416932709
163.75,0.001063992535332647,0.0011707360251607907,0.001007376453271186,0.0013235975140870123
163.79166666666666,0.0010392201007905558,0.0011349224024292226,0.0009845069164216742,0.0013158035234034926
163.83333333333334,0.0009995770714157153,0.0010995190979509086,0.0009455110171134965,0.0012655855825545125
163.875,0.0009479673318246789,0.0010597219388540787,0.0009038532818983435,0.0012239970481542383
163.91666666666666,0.0008892715374243332,0.001015172530822283,0.0008555004626255311,0.0011813079950200374
163.95833333333334,0.0008276472035928898,0.0009507682864621694,0.0007888304490767731,0.0011128971036276508
164.0,0.0007673120243132018,0.0008903314595050403,0.0007348682753106373,0.0010665010002238236
164.04166666666666,0.0007122430309935546,0.0008375675232028836,0.0006637969575592875,0.0010233582375403201
164.08333333333334,0.0006667013780503095,0.0007914289851408762,0.0006171368067318324,0.0009655443850583287
164.125,0.0006337853488157662,0.000751429439418526,0.0005731041738367076,0.0009326283558237853
164.16666666666666,0.0006162281713032032,0.0007531935286063166,0.000571764144786692,0.0009152952178299731
164.20833333333334,0.000615412973623218,0.000755257501949831,0.0005728075785615929,0.0009301453014762343
164.25,0.0006313814273880793,0.0007817596219468041,0.0005895751716591419,0.0009393300043186672
164.29166666666666,0.0006623426191378313,0.0008179017493203809,0.0006238197298274021,0.0009480106921931512
164.33333333333334,0.000704913763566812,0.0008319255169593864,0.0006563810535447015,0.0009922539178582937
164.375,0.0007557899340099194,0.000879541751129714,0.0007074429123523837,0.0010455361873818326
164.41666666666666,0.0008120755138056692,0.0009197279551770226,0.0007459246262135473,0.0011042441344805494
164.45833333333334,0.0008703225630490025,0.0009400740177740119,0.0007857235816888588,0.0011564351629271712
164.5,0.0009263928778945303,0.00098351128518538,0.0008200619906708,0.0011849761188906852
164.54166666666666,0.0009771319887731287,0.0010355286388977272,0.0008744724434156419,0.001249161269945081
164.58333333333334,0.0010192301798929663,0.0011067197673361358,0.0009311429997692533,0.0012757773601010628
164.625,0.0010505313375256272,0.001144636515582459,0.0009726058490103544,0.0013022182796945747
164.66666666666666,0.001068998559535981,0.001153800026442005,0.0009842470504419247,0.0013084213573762936
164.70833333333334,0.0010736785754916283,0.0011718863693025792,0.0010091753274110184,0.0013173703694298498
164.75,0.0010639860639286064,0.001170994735487025,0.0010073699818671452,0.0013235910426829716
164.79166666666666,0.001039264185974826,0.0011349155989420299,0.0009845510016059445,0.0013158476085877628
164.83333333333334,0.0009996166531462184,0.0010988637267953176,0.0009455505988439995,0.0012656251642850155
164.875,0.0009479505307114789,0.0010608576619956026,0.0009038364807851435,0.0012239802470410382
164.91666666666666,0.000889292929495452,0.001012307943278925,0.0008554478997282944,0.0011813293870911563
164.95833333333334,0.0008276046220153237,0.0009513656140902327,0.000788787867499207,0.0011137860823690906
165.0,0.0007673514128778278,0.0008883802467426656,0.0007349076638752634,0.0010665403887884497
165.04166666666666,0.0007122790085969255,0.0008346845530757415,0.0006638329351626584,0.001023394215143691
165.08333333333334,0.0006666219155578955,0.0007901809667060618,0.000616595719297378,0.0009654649225659147
165.125,0.0006338254852280226,0.0007512262230989375,0.0005731443102489639,0.0009326684922360417
165.16666666666666,0.0006162623116906698,0.000752050924398408,0.0005714455011110309,0.0009153293582174399
165.20833333333334,0.0006153854280555217,0.0007567658644459061,0.0005728888738728092,0.000930117755908538
165.25,0.0006314080241621999,0.0007795766584789238,0.0005896017684332625,0.0009393566010927878
165.29166666666666,0.0006623557583320705,0.0008181946439546269,0.0006238328690216414,0.0009480238313873903
165.33333333333334,0.0007049226653587287,0.0008316242411602864,0.0006563899553366181,0.0009922628196502104
165.375,0.0007557820648250565,0.0008817472835640621,0.0007077360978168567,0.0010464598785159755
165.41666666666666,0.0008121144442568887,0.0009165414142687253,0.0007459635566647668,0.001104283064931769
165.45833333333334,0.0008702883193105817,0.0009383383436155761,0.0007856893379504379,0.0011532752590420105
165.5,0.0009264416527982249,0.000983438934100251,0.0008201107655744946,0.0011850248937943799
165.54166666666666,0.0009770835161379125,0.0010363588588211325,0.000873881918532633,0.0012491127973098648
165.58333333333334,0.0010192784211336256,0.0011067520486809344,0.0009311912410099126,0.0012757417853220517
165.625,0.0010504813773483934,0.0011445672254564547,0.0009725558888331207,0.0013025688676057698
165.66666666666666,0.0010690368340080198,0.0011532246436232053,0.0009842853249139635,0.0013068862423931116
165.70833333333334,0.0010736527958223043,0.0011714882308571683,0.0010086074954939017,0.0013177451378489546
165.75,0.0010639950685842755,0.0011715370094793553,0.0010073789865228144,0.0013236000473386407
165.79166666666666,0.0010392301069613627,0.0011373758124418895,0.000984516922592481,0.0013158135295742994
165.83333333333334,0.0009996051748194807,0.0010993480122342926,0.0009455391205172619,0.0012656136859582779
165.875,0.0009480117572946952,0.0010616703559250757,0.0009043105575798467,0.0012160385719336777
165.91666666666666,0.0008891893915442023,0.0010106003530467077,0.0008553443617770447,0.0011812258491399065
165.95833333333334,0.0008277399704177916,0.0009533347117702234,0.0007904845172644953,0.0011139214307715585
166.0,0.0007672139394301789,0.00088639007167985,0.0007346770867586529,0.001066402915340801
166.04166666666666,0.000712337239999765,0.0008344833499624347,0.000663891166565498,0.0010234524465465304
166.08333333333334,0.0006666186376045886,0.0007905085195365798,0.0006165924413440712,0.0009654616446126077
166.125,0.0006338200640645213,0.0007521753105765267,0.000576246488089366,0.0009326630710725403
166.16666666666666,0.0006162169749373421,0.0007517942842230679,0.0005714356895942974,0.000915284021464112
166.20833333333334,0.0006154019099153948,0.0007578202213118549,0.0005729408809692766,0.000930134237768411
166.25,0.0006314247303825373,0.0007788610591638053,0.0005926329699885418,0.0009393733073131252
166.29166666666666,0.0006623523386267182,0.0008183602994454042,0.000623829449316289,0.0009480204116820381
166.33333333333334,0.0007049184631620851,0.0008308446558951556,0.0006563857531399745,0.0009922586174535668
166.375,0.0007557839083870315,0.0008803618370279123,0.000707483001746395,0.0010464617220779504
166.41666666666666,0.0008121255568129805,0.0009163915540049749,0.0007409153131489265,0.0011042941774878606
166.45833333333334,0.0008702728522435035,0.0009373536566071125,0.0007856738708833598,0.0011505892848119063
166.5,0.0009264706046428327,0.0009816259682271017,0.0008201397174191024,0.0011850538456389876
166.54166666666666,0.0009770563019044522,0.0010381348491126147,0.0008738547042991727,0.0012490855830764045
166.58333333333334,0.0010193082102389515,0.0011072849237503454,0.0009312210301152385,0.001270831024175211
166.625,0.0010504741090620314,0.00114369065454394,0.0009725486205467586,0.0012986531477472223
166.66666666666666,0.001069043960458024,0.0011531287976688626,0.0009842924513639678,0.001306893368843116
166.70833333333334,0.0010736561484025837,0.0011701342061153995,0.001008610848074181,0.0013139238548767187
166.75,0.0010640447887954284,0.0011719499945416784,0.0010074287067339672,0.0013178190523719247
166.79166666666666,0.0010393003295328326,0.0011402514848632304,0.000984587145163951,0.0013158837521457694
166.83333333333334,0.0009996437582339632,0.0011000979289167252,0.0009455777039317443,0.0012656522693727603
166.875,0.0009480052913431215,0.001060471336876486,0.0009040491519958365,0.0012228513484778562
166.91666666666666,0.0008892085362239118,0.001009740174362251,0.0008505010273273697,0.001181244993819616
166.95833333333334,0.0008277254024850829,0.0009532063582296347,0.0007904699493317866,0.0011139068628388499
167.0,0.0007672316883653357,0.0008858544860937568,0.0007346948356938097,0.0010664206642759576
167.04166666666666,0.0007123151287362592,0.0008319199078227779,0.0006638690553019921,0.0010234303352830247
167.08333333333334,0.0006666656462900185,0.0007887599069001984,0.000616639450029501,0.0009655086532980376
167.125,0.0006337829252434432,0.0007520388887421456,0.0005741337994841386,0.0009326259322514624
167.16666666666666,0.0006162567251537104,0.0007524492784316899,0.0005714754398106658,0.0009153237716804805
167.20833333333334,0.0006153809996940798,0.0007585936067236653,0.0005708444209638121,0.0009301133275470961
167.25,0.0006314106822855441,0.000779014203325116,0.0005926189218915486,0.000939359259216132
167.29166666666666,0.0006623645407848512,0.0008176513628394331,0.000623841651474422,0.000948032613840171
167.33333333333334,0.0007049160018778231,0.0008307060022149604,0.0006563832918557125,0.0009922561561693049
167.375,0.0007557789827624382,0.0008796176475906648,0.0007074780761218017,0.0010463456149127086
167.41666666666666,0.0008120949876965002,0.0009182102107628335,0.0007408847440324461,0.0011042636083713803
167.45833333333334,0.0008703244596299255,0.0009366278263862655,0.0007857254782697818,0.0011506408921983283
167.5,0.0009264204773780589,0.0009815696854730061,0.0008200895901543286,0.0011850037183742139
167.54166666666666,0.0009771185371648895,0.0010417243590690717,0.00087391693955961,0.0012489050370125421
167.58333333333334,0.0010192694032868717,0.0011053042869738209,0.0009311822231631588,0.0012707922172231312
167.625,0.0010505110746519852,0.0011433914692485555,0.0009725855861367124,0.001297799948411474
167.66666666666666,0.001069030873636673,0.0011516905854752368,0.0009842793645426168,0.0012956971286172975
167.70833333333334,0.0010736670602334367,0.0011692344287328924,0.001008621759905034,0.0013024243429286333
167.75,0.0010639928887638142,0.0011717257379596497,0.001007376806702353,0.0013122248541453147
167.79166666666666,0.0010392362890921279,0.0011468177298848384,0.0009845231047232463,0.001315904200755236
167.83333333333334,0.0009995952830417825,0.0011007394204416464,0.0009455292287395637,0.0012656037941805797
167.875,0.0009479800261032653,0.0010607607950488041,0.0009040238867559803,0.001222826083238
167.91666666666666,0.0008892262308770582,0.0010108013788592421,0.000850518721980516,0.0011812626884727623
167.95833333333334,0.0008277221593154182,0.0009529412925649167,0.0007904667061621219,0.0011139036196691852
168.0,0.0007672536155481256,0.0008860858931942713,0.0007347167628765995,0.0010664425914587476
168.04166666666666,0.0007122772786920324,0.0008305533064022522,0.0006634068435764422,0.0010111202857000514
168.08333333333334,0.0006667145685011431,0.000788346051120962,0.0006166883722406256,0.0009655575755091623
168.125,0.0006337706320858622,0.0007529203199549377,0.0005744860033702208,0.0009326136390938813
168.16666666666666,0.0006162451157160159,0.0007535955059085678,0.0005714638303729713,0.0009153121622427859
168.20833333333334,0.0006154180731022579,0.0007586646561500846,0.0005704986748982066,0.0009178782014165277
168.25,0.0006313839638481514,0.0007807425351146439,0.00059326959979181,0.0009393325407787391
168.29166666666666,0.0006623480816946755,0.0008176778852805963,0.0006238251923842464,0.0009480161547499954
168.33333333333334,0.0007049219855365993,0.0008294787959702391,0.0006563892755144888,0.000992262139828081
168.375,0.0007558085335189972,0.0008796154854455604,0.0007012431118999415,0.0010463751656692676
168.41666666666666,0.0008120821329464234,0.0009119280897692142,0.000739331415108589,0.0011042507536213036
168.45833333333334,0.0008703731825508096,0.0009381726263387179,0.0007857742011906658,0.0011506896151192124
168.5,0.0009263689939020151,0.0009805447630354509,0.0008200381066782847,0.0011975576706969597
168.54166666666666,0.0009771746535192436,0.0010457460907024596,0.0008759739440113279,0.0012320144332625326
168.58333333333334,0.0010192189151263312,0.0011044432824981194,0.0009303103542804044,0.0012707417290625906
168.625,0.0010505557788528196,0.0011439182255943256,0.0009726302903375468,0.0012923023544173125
168.66666666666666,0.0010690015846561774,0.0011518621812113164,0.000980949743202514,0.0012956678396368018
168.70833333333334,0.001073697628777494,0.001169351743899953,0.0010106532165464553,0.0013024549114726907
168.75,0.0010640222579484336,0.0011714460696494588,0.0010074061758869725,0.001312254223329934
168.79166666666666,0.0010392678887446087,0.00115278569474693,0.0009845547043757271,0.0012989890803033538
168.83333333333334,0.000999614157891339,0.0011015178546114285,0.0009455481035891201,0.001265622669030136
168.875,0.0009479528192960742,0.0010565080324522777,0.0009039966799487891,0.0012227988764308088
168.91666666666666,0.0008892836994138828,0.0009938796242965214,0.000849153969214821,0.0011810211524448664
168.95833333333334,0.0008276275523701767,0.0009528852956521372,0.0007843903044011207,0.0011140008018561253
169.0,0.0007673450338549257,0.0008903994171351994,0.0007348178941359015,0.001078684279920442
169.04166666666666,0.0007122497279853523,0.0008291636124411734,0.0006629176679277218,0.0010110927349933714
169.08333333333334,0.000666662948632209,0.0007882944312520278,0.0006166367523716916,0.000965505955640228
169.125,0.0006338384767309639,0.0007540278314307553,0.0005768070205278786,0.0009326814837389831
169.16666666666666,0.0006162277422300574,0.0007542478243840617,0.0005693709071028632,0.0009152947887568274
169.20833333333334,0.0006153987288097301,0.0007574901485076256,0.0005715934818385403,0.0009178588571239998
169.25,0.000631427756360238,0.0007823597518938979,0.0005933231052563984,0.00095152660344572
169.29166666666666,0.0006623662281925358,0.0008176717343516115,0.0006238433388821066,0.0009480343012478557
169.33333333333334,0.0007049321541881611,0.0008287937121443211,0.0006563994441660505,0.0009922723084796429
169.375,0.0007557938321278242,0.000879234979039188,0.0007012284105087685,0.0010465522534102763
169.41666666666666,0.0008121024583778691,0.0009045739187593005,0.0007393517405400346,0.0011042710790527491
169.45833333333334,0.0008703219822228997,0.000937763551309524,0.0007857230008627559,0.0011506384147913027
169.5,0.000926428067074856,0.0009800031114092216,0.0008200971798511256,0.0011976167438698007
169.54166666666666,0.0009771261070964214,0.0010467987548630276,0.0008872551009718846,0.0012319658868397104
169.58333333333334,0.0010192701413395697,0.001104014065913572,0.0009278826288562496,0.0012707929552758291
169.625,0.0010505325686429852,0.001142730441630591,0.0009717856994054987,0.0012922791442074781
169.66666666666666,0.001069030676591322,0.001151149947022633,0.0009824273202348043,0.0012956969315719461
169.70833333333334,0.0010736876466384652,0.0011691631254674654,0.0010106432344074265,0.001302444929333662
169.75,0.0010640217851901337,0.0011708439369222262,0.0010074057031286725,0.0013107641771360836
169.79166666666666,0.0010392660637016447,0.0011530863031249457,0.0009845528793327632,0.0012989872552603898
169.83333333333334,0.000999612190510529,0.001101530301383241,0.0009455461362083102,0.0012656207016493262
169.875,0.0009479631034226293,0.0010527409209101003,0.0009040069640753442,0.001222809160557364
169.91666666666666,0.0008892975308913931,0.0009903469425665168,0.0008491678006923313,0.0011784980021175022
169.95833333333334,0.0008276140108398305,0.000952920264471573,0.0007843767628707745,0.0011139872603257793
170.0,0.0007673522951456267,0.0008910502079075563,0.0007348251554266025,0.0010800662518334891
170.04166666666666,0.0007122649410537772,0.0008287854856205417,0.0006629328809961467,0.0010111079480617962
170.08333333333334,0.0006666372702530996,0.0007869456825562475,0.000616550060583957,0.0009654802772611188
170.125,0.0006338387659029848,0.000753097503573333,0.0005698988003441746,0.0009326817729110038
170.16666666666666,0.0006162542127938797,0.0007523271786055953,0.0005695555001994988,0.0009153212593206497
170.20833333333334,0.0006153876420838907,0.0007566121136119393,0.000571582395112701,0.0009178477703981606
170.25,0.0006314219670740897,0.0007815481574278706,0.0005864088066145253,0.0009515208141595717
170.29166666666666,0.0006623713185756904,0.0008147348381469539,0.0006237179246775264,0.0009480393916310102
170.33333333333334,0.0007049346156639962,0.0008293720799476634,0.0006564019056418856,0.0009922747699554779
170.375,0.0007557975495050337,0.0008782683876525561,0.0007072679285190298,0.0010477123910860719
170.41666666666666,0.0008121026791207931,0.000901738186645657,0.0007393519612829587,0.001092654818605195
170.45833333333334,0.000870327953236654,0.000937029456486718,0.0007857289718765102,0.0011503453812403365
170.5,0.0009264284902955056,0.000979701651159917,0.0008200976030717752,0.0011976171670904502
170.54166666666666,0.000977136597889859,0.0010465683535932715,0.0008872655917653221,0.001231976377633148
170.58333333333334,0.0010192716686948785,0.0011024410294329305,0.0009273421039637657,0.001270794482631138
170.625,0.0010505316110204135,0.0011418855015382496,0.0009693057901455335,0.001290788613149356
170.66666666666666,0.0010690327768114508,0.0011493888481300168,0.0009818873682071404,0.001296065974176465
170.70833333333334,0.0010736872125474463,0.0011684778986593592,0.0010106428003164075,0.001302444495242643
170.75,0.0010640307208218572,0.0011701326317041865,0.001007414638760396,0.0013107731127678071
170.79166666666666,0.0010392619077458868,0.0011539422536296384,0.0009845487233770052,0.0012989830993046319
170.83333333333334,0.0009996079296074269,0.001101973598000201,0.000945541875305208,0.001265616440746224
170.875,0.0009479551954432403,0.0010505713930048564,0.0009039990560959552,0.001222801252577975
170.91666666666666,0.0008892876777295985,0.000982300194152379,0.0008491579475305367,0.0011694086495701037
170.95833333333334,0.000827628317175121,0.0009526293164251558,0.0007904268698391167,0.0011140015666610697
171.0,0.000767346082772284,0.0008921943112282871,0.0007348189430532598,0.0010800600394601464
171.04166666666666,0.0007122507827518513,0.0008277964034842776,0.0006629377667734497,0.0010110937897598704
171.08333333333334,0.0006666653450483573,0.000785367661604936,0.0006165781353792147,0.0009655083520563765
171.125,0.0006338393599618634,0.0007537160989008656,0.0005698993944030533,0.0009326823669698825
171.16666666666666,0.0006162278993039936,0.0007531795137084457,0.0005697355612204626,0.0009152949458307635
171.20833333333334,0.0006154004456459169,0.0007554518787272319,0.0005715951986747271,0.0009178605739601867
171.25,0.0006314305093637414,0.0007820695231968191,0.000586417348904177,0.0009515293564492233
171.29166666666666,0.0006623711818509173,0.0008141401397551713,0.0006237177879527533,0.0009480392549062372
171.33333333333334,0.0007049373950058628,0.000831036428428894,0.0006564046849837522,0.0009922775492973445
171.375,0.0007557964115834037,0.0008780799144390173,0.0007072667905973998,0.0010477112531644419
171.41666666666666,0.0008121064271839622,0.0008968231489785654,0.0007393557093461278,0.001092658566668364
171.45833333333334,0.0008703241016038143,0.0009332623547892257,0.0007857251202436706,0.0011503415296074968
171.5,0.0009264347308040008,0.0009768180588540377,0.0008201038435802705,0.0011976234075989456
171.54166666666666,0.00097712764981038,0.0010468682797590287,0.0008872566436858431,0.001231967429553669
171.58333333333334,0.0010192772800912044,0.0011029306507401525,0.0009273477153600916,0.001270472823652993
171.625,0.0010505342363622266,0.0011410790805264932,0.0009702148483366997,0.001290791238491169
171.66666666666666,0.001069036782433456,0.0011504314288836245,0.0009818913738291455,0.001294836124009927
171.70833333333334,0.0010736883383237659,0.0011688806894301434,0.001012092411189873,0.0013024456210189625
171.75,0.0010640140535824075,0.0011696809274228692,0.0010073979715209463,0.0013107564455283574
171.79166666666666,0.0010392425436690992,0.0011530367608556032,0.0009845293593002177,0.0012989637352278443
171.83333333333334,0.0009995943011082246,0.001101731318002196,0.0009455282468060058,0.0012656028122470218
171.875,0.0009479648518811688,0.0010466113357247586,0.0009040087125338838,0.0012228109090159035
171.91666666666666,0.000889291258109403,0.0009812735296497552,0.0008491615279103413,0.0011694122299499084
171.95833333333334,0.0008276328074923265,0.0009507643894251154,0.0007904313601563223,0.0011193505430158114
172.0,0.0007673426641933583,0.0008935485829628804,0.0007348155244743341,0.0010802845265810367
172.04166666666666,0.0007122428144777794,0.0008268051826734497,0.0006629297984993778,0.0010110858214857983
172.08333333333334,0.0006666808872105342,0.0007840038113752342,0.0006185022579061222,0.0009655238942185533
172.125,0.0006338311438166059,0.0007533121621901997,0.000567765310304032,0.0009326741508246251
172.16666666666666,0.0006162219239226536,0.0007530462965530148,0.0005744129610179279,0.0009152889704494236
172.20833333333334,0.0006154112379572627,0.0007546389363359452,0.0005747135899899764,0.0009178713662715325
172.25,0.0006314192609234459,0.0007822163869230467,0.0005842802325101177,0.0009515181080089278
172.29166666666666,0.0006623564612542389,0.0008125432112498702,0.0006256116477208055,0.0009499722285292793
172.33333333333334,0.0007049293537584553,0.0008309175642111894,0.0006563966437363448,0.000992269508049937
172.375,0.00075579877287217,0.0008783831546438001,0.0007072691518861661,0.0010532860061905605
172.41666666666666,0.0008121031474227652,0.0008949802548747717,0.0007393524295849308,0.001092655286907167
172.45833333333334,0.0008703300302200276,0.0009311070520311345,0.0007857310488598839,0.0011503474582237102
172.5,0.0009264291850838482,0.000977030250388155,0.0008200982978601179,0.001197617861878793
172.54166666666666,0.0009771421345189373,0.0010492354594013673,0.0008872711283944005,0.0012319819142622263
172.58333333333334,0.0010192716159180793,0.0011028142145410277,0.0009293429392843303,0.0012708677075682967
172.625,0.0010505419321935857,0.0011401228280378082,0.0009702225441680588,0.001290798934322528
172.66666666666666,0.0010690328696880093,0.0011497916710076338,0.000983368622451772,0.0012948322112644804
172.70833333333334,0.0010736958904808513,0.0011686262887264309,0.0010115802366176677,0.001302453173176048
172.75,0.001063994589300092,0.0011709655407182572,0.0010073785072386308,0.0012999543759300034
172.79166666666666,0.0010392322946703044,0.0011542939236421094,0.0009845191103014228,0.0012989534862290495
172.83333333333334,0.000999590410072928,0.001102523765770502,0.0009455243557707091,0.001271836817109399
172.875,0.0009479682692783409,0.0010453167559574916,0.0009042962854614678,0.0012228143264130756
172.91666666666666,0.0008892585631501035,0.0009790278432290824,0.0008480742338146192,0.0011693795349906088
172.95833333333334,0.0008276786750739677,0.0009488516314979627,0.0007904772277379635,0.0011383311845829754
173.0,0.0007673025401954862,0.0008938508610067141,0.000734775400476462,0.0010802444025831647
173.04166666666666,0.0007122519664308522,0.0008267713478270051,0.0006629389504524506,0.0010110949734388713
173.08333333333334,0.0006667149975324961,0.000783972336517311,0.000618536368228084,0.0009655580045405152
173.125,0.0006337857135335824,0.000753662965732526,0.0005801564393704187,0.0009326287205416016
173.16666666666666,0.0006162387213992196,0.0007535098631753136,0.000574429758494494,0.0009153057679259896
173.20833333333334,0.0006154149001741765,0.0007546647018652766,0.0005747172522068902,0.0009178750284884464
173.25,0.0006314068210446594,0.0007815828477706066,0.0005967043519807415,0.0009515056681301414
173.29166666666666,0.0006623691437479657,0.0008102616676209759,0.0006256243302145322,0.0009669719907888086
173.33333333333334,0.0007049413568334375,0.0008326863229867707,0.000656408646811327,0.0009922815111249193
173.375,0.0007557970820752464,0.0008784552903039241,0.0007072674610892426,0.0010532843153936368
173.41666666666666,0.0008121065205529104,0.000894178723388242,0.0007383012035786534,0.0010926586600373122
173.45833333333334,0.000870327398641716,0.0009313181239606169,0.0007860125728119844,0.0011503448266453986
173.5,0.0009264351586178503,0.0009752263083278167,0.00082010427139412,0.001197623835412795
173.54166666666666,0.0009771311616433803,0.0010491101695402994,0.0008872601555188435,0.0012320452318525356
173.58333333333334,0.0010192775981038597,0.0011027123829440964,0.0009293489214701107,0.0012670490542015618
173.625,0.0010505379277701927,0.00114132710628027,0.0009702185397446659,0.0012787448630905143
173.66666666666666,0.0010690375693874603,0.0011514177376182376,0.000985111720186513,0.0012948369109639312
173.70833333333334,0.0010736918982383146,0.001169832093284517,0.001011576244375131,0.0013019095379038286
173.75,0.0010640193215298232,0.0011712913437866832,0.001007403239468362,0.0012961544726072193
173.79166666666666,0.0010392518965097316,0.0011542366968094967,0.00098453871214085,0.0012989730880684767
173.83333333333334,0.0009996018046249252,0.001100766509627296,0.0009455357503227064,0.0012718482116613962
173.875,0.000947965921436603,0.0010448105154724796,0.0009046761715127451,0.0012228119785713375
173.91666666666666,0.0008892957672759826,0.000978169982292285,0.0008481114379404983,0.0011694167391164878
173.95833333333334,0.0008276283060478472,0.0009486832657948891,0.000790426858711843,0.0011332330183966084
174.0,0.0007673489817519071,0.0008946932175251405,0.000734821842032883,0.0010802908441395857
174.04166666666666,0.0007122516338148283,0.000824489701847465,0.0006629386178364267,0.0010110946408228474
174.08333333333334,0.0006666666420047007,0.0007839718169768687,0.0006184880127002887,0.0009655096490127198
174.125,0.0006338417720689627,0.0007531843017552532,0.0005826621450552267,0.0009326847790769819
174.16666666666666,0.0006162282234418275,0.0007531907809878689,0.0005744192605371018,0.0009152952699685975
174.20833333333334,0.0006154027242691851,0.0007535090145648881,0.0005747050763018988,0.0009178628525834549
174.25,0.0006314094628157944,0.0007806689761618433,0.0005991566409013041,0.0009518767236077803
174.29166666666666,0.0006623321265648588,0.0008080524345460482,0.0006253445093159564,0.0009669349736057016
174.33333333333334,0.0007049017069189618,0.0008327371150091493,0.0006563689968968513,0.0009922418612104435
174.375,0.0007557840363223052,0.0008776682960808445,0.0007076146126415011,0.0010482234724804491
174.41666666666666,0.0008121347502902581,0.0008932220906078493,0.0007378271994136066,0.00109268688977466
174.45833333333334,0.0008703018071899496,0.0009319180867715656,0.0007859869813602179,0.0011503192351936323
174.5,0.0009264655782002389,0.0009766092029261444,0.0008201346909765086,0.0011976542549951836
174.54166666666666,0.000977095577524301,0.0010492383785495947,0.0008872245713997642,0.0012382475436311304
174.58333333333334,0.0010193112789346993,0.0011025005368838737,0.0009293826023009503,0.0012670827350324014
174.625,0.0010505009277231084,0.0011414300358676226,0.0009721824277949454,0.00127870786304343
174.66666666666666,0.0010690598020953327,0.0011531782615168305,0.0009851339528943854,0.0012948591436718038
174.70833333333334,0.0010736738168406668,0.0011699805932278487,0.0010115581629774831,0.0013018914565061808
174.75,0.0010640186516341463,0.0011714904864375244,0.0010074025695726851,0.0012961538027115422
174.79166666666666,0.0010392432499957795,0.001153922439070624,0.000984530065626898,0.0012989644415545246
174.83333333333334,0.0009995831408973971,0.0011008067721943223,0.0009450148526927838,0.0012718295479338681
174.875,0.0009479784188389268,0.0010451079168369932,0.0009047290153768933,0.0012196686218748887
174.91666666666666,0.0008892778733436303,0.000977437893277292,0.0008480935440081461,0.0011693988451841357
174.95833333333334,0.0008276608149208695,0.0009495764427791611,0.0007908675128468516,0.0011332655272696308
175.0,0.0007673201634248631,0.000893045962860936,0.0007343686620245157,0.0010679898262737951
175.04166666666666,0.0007122441676161238,0.0008231916460156367,0.0006629311516377222,0.0010110871746241428
175.08333333333334,0.0006667108327065007,0.0007837805437191023,0.0006185322034020887,0.0009655538397145199
175.125,0.0006338012208089159,0.0007536612858120142,0.0005826215937951799,0.000932644227816935
175.16666666666666,0.0006162263543515613,0.0007526417685774153,0.0005750947877844898,0.0009152934008783313
175.20833333333334,0.000615421636870378,0.0007534075733560952,0.0005754013852407459,0.0009178817651846479
175.25,0.0006314008535324957,0.0007792297050131531,0.0005984007151005586,0.0009392712150588296
175.29166666666666,0.0006623542734320217,0.0008079301456408596,0.0006253666561831193,0.0009669571204728645
175.33333333333334,0.000704934430720423,0.0008323422910813649,0.0006564017206983125,0.0009922745850119048
175.375,0.0007558015050131027,0.0008768776506080201,0.000707672427794123,0.0010482409411712466
175.41666666666666,0.0008121285085459787,0.0008947330105235668,0.0007466563726684277,0.0010926806480303806
175.45833333333334,0.0008703072228568681,0.0009313833819777394,0.0007859923970271364,0.0011471687967617781
175.5,0.0009264606403682893,0.0009780745913019855,0.0008201297531445589,0.001197649317163234
175.54166666666666,0.0009771061667598327,0.0010494993087309273,0.0008872351606352959,0.001238258132866662
175.58333333333334,0.0010193047059863366,0.0011019092757288678,0.0009293760293525876,0.0012670761620840387
175.625,0.001050502557587933,0.0011430918604705153,0.0009721840576597701,0.0012787094929082546
175.66666666666666,0.0010690571650053065,0.0011524287330712429,0.0009851313158043592,0.0012948565065817774
175.70833333333334,0.0010736697271996037,0.00117156458010921,0.0010132924713717097,0.001301887366865118
175.75,0.001064023801314606,0.0011707376058775075,0.0010074077192531448,0.001296158952392002
175.79166666666666,0.0010392728768874328,0.0011544762367387362,0.0009845596925185513,0.001298994068446178
175.83333333333334,0.0009996336474011871,0.0010991148490409359,0.0009450653591965738,0.0012718800544376581
175.875,0.0009480133428256587,0.0010449626697107872,0.0009047639393636252,0.001219498484405474
175.91666666666666,0.000889225907427044,0.0009800334817496358,0.0008536488320166646,0.0011693468792675493
175.95833333333334,0.0008277171543357462,0.0009497129678808177,0.0007909238522617282,0.0011333218666845074
176.0,0.0007672458794382392,0.0008924265605924789,0.0007290550579602469,0.0010679155422871713
176.04166666666666,0.0007123189938606323,0.0008206093788565706,0.0006630059778822307,0.0010111620008686514
176.08333333333334,0.000666660024552327,0.0007837875298056707,0.000618481395247915,0.0009655030315603462
176.125,0.000633794333978376,0.0007635017061061374,0.0005825829232144834,0.0009330713902400523
176.16666666666666,0.0006162522940852697,0.0007537905449512701,0.0005682122181624735,0.0009153193406120397
176.20833333333334,0.0006153850801551372,0.0007522580764232948,0.0005684563191697803,0.000917845208469407
176.25,0.0006314121222165668,0.000777385286889909,0.0005979503588425893,0.0009392824837429005
176.29166666666666,0.0006623610156551752,0.0008059391266745489,0.0006253733984062727,0.000966963862696018
176.33333333333334,0.0007049266065604829,0.0008324278668026847,0.0006563938965383723,0.0009922667608519647
176.375,0.0007558003480320766,0.0008772977722186824,0.0007032565818085513,0.0010482397841902206
176.41666666666666,0.0008121070585768826,0.0009024827885260562,0.0007466349226993316,0.0010926591980612843
176.45833333333334,0.0008703360091060168,0.0009307912596297585,0.0007860211832762851,0.0011471975830109268
176.5,0.0009264287902748619,0.0009782854997266697,0.0008198865053373289,0.0011976174670698067
176.54166666666666,0.0009771161842273917,0.0010493552015161881,0.0008860407411723058,0.001238268150334221
176.58333333333334,0.0010192997755748337,0.0011020272469636184,0.0009293710989410847,0.001267071231672536
176.625,0.00105049222840085,0.0011435844047448893,0.0009739121265079769,0.0012786991637211715
176.66666666666666,0.001069059699485962,0.0011522298106804577,0.0009851338502850147,0.0012948590410624332
176.70833333333334,0.0010736603335489818,0.001174434210360476,0.0010132830777210878,0.0013018779732144959
176.75,0.001064055057114593,0.0011729387883103004,0.0010074389750531318,0.0012961902081919888
176.79166666666666,0.0010392983208066908,0.0011547853186272387,0.0009845851364378092,0.0012981293474397337
176.83333333333334,0.0009996521772923476,0.0010985524069260122,0.0009454967392992212,0.0012718985843288187
176.875,0.0009480097701693914,0.001041860995544539,0.0009047603667073578,0.0012194949117492065
176.91666666666666,0.0008892568780487782,0.0009895195717841945,0.0008536798026383988,0.0011693778498892834
176.95833333333334,0.00082768926751965,0.0009502573857548549,0.0007908959654456321,0.0011332939798684113
177.0,0.0007673036631703754,0.0008927990266482226,0.0007291128416923831,0.0010679733260193075
177.04166666666666,0.0007122391919114517,0.0008193597199602978,0.0006629261759330501,0.0010110821989194707
177.08333333333334,0.000666725820773139,0.0007840047896418566,0.0006185471914687269,0.0009655688277811582
177.125,0.0006338158509734644,0.0007649710288822828,0.0005824606239001087,0.0009330929072351408
177.16666666666666,0.0006162207674418216,0.0007549691814698447,0.0005681806915190254,0.0009152878139685915
177.20833333333334,0.000615425636548016,0.0007521867496369019,0.0005684968755626591,0.0009178857648622858
177.25,0.0006314175603294348,0.0007758276230466624,0.0005979557969554573,0.0009392879218557685
177.29166666666666,0.0006623374276718542,0.0008071794041089779,0.0006253498104229518,0.000966940274712697
177.33333333333334,0.000704910197125614,0.0008326148705263246,0.0006563774871035035,0.0009922503514170958
177.375,0.0007557884026034222,0.0008771067071068337,0.0007032446363798969,0.0010482278387615662
177.41666666666666,0.0008121012916156824,0.0009047110316099692,0.0007469302103874671,0.0010926534311000843
177.45833333333334,0.0008703389957185259,0.0009298336286767909,0.0007860241698887942,0.0011472005696234358
177.5,0.0009264203374515457,0.0009800207108831473,0.0008198780525140127,0.0011974039527903437
177.54166666666666,0.000977141138381958,0.001049653654502305,0.000886065695326872,0.0012333525542366206
177.58333333333334,0.0010192629516029218,0.0011017749309639247,0.0009293342749691728,0.001267034407700624
177.625,0.001050533640147103,0.001142952937504175,0.00097395353825423,0.0012787405754674246
177.66666666666666,0.0010690325097521766,0.0011538478353615863,0.0009851066605512293,0.0012891640269513478
177.70833333333334,0.0010736919154832715,0.0011751180454485982,0.0010133146596553776,0.001296241730771486
177.75,0.0010640205076131808,0.0011730274115585193,0.001006884698822429,0.0012961556586905767
177.79166666666666,0.0010392956429366807,0.0011546274952477478,0.000984582458567799,0.0012876438211225608
177.83333333333334,0.0009996457259169016,0.0010998351793113927,0.0009446960733621355,0.0012718921329533726
177.875,0.0009480135737619798,0.0010434014961556858,0.0009047641702999463,0.001219498715341795
177.91666666666666,0.0008892337721882856,0.00099211117962946,0.0008536566967779062,0.0011693547440287909
177.95833333333334,0.0008277136338102649,0.0009541331501086501,0.0007908311839940788,0.0011333183461590263
178.0,0.0007672616423422336,0.0008927457199884106,0.0007290708208642413,0.0010679313051911658
178.04166666666666,0.0007123067452650343,0.0008185151402047144,0.0006629937292866327,0.0010111497522730533
178.08333333333334,0.0006666773501171451,0.0007947414313179398,0.0006184669370625763,0.0009659544063788215
178.125,0.0006337834783728869,0.0007672406181471407,0.0005818569507975566,0.0009330605346345634
178.16666666666666,0.0006162605986464564,0.0007641264152641658,0.0005681887389735036,0.0009157616944268837
178.20833333333334,0.0006153917527740319,0.0007522797608501773,0.000568462991788675,0.0009178884445414506
178.25,0.000631417616133498,0.0007742403660379861,0.0005979558527595205,0.0009392879776598317
178.29166666666666,0.0006623805737418651,0.0008092981904710917,0.0006254026694454645,0.0009669834207827079
178.33333333333334,0.0007049267971274176,0.0008326839920391959,0.000656394087105307,0.0009922669514188993
178.375,0.0007557828054055229,0.000877268418620059,0.0007032390391819975,0.0010482222415636668
178.41666666666666,0.0008121327750743814,0.0009053943632649035,0.0007466176064715614,0.0010894952887335971
178.45833333333334,0.0008702912791383851,0.0009304009428954916,0.0007859764533086534,0.001147152853043295
178.5,0.0009264685443206875,0.0009814553858016797,0.0008199262593831545,0.0011974521596594854
178.54166666666666,0.0009770726659319977,0.0010494893980812305,0.0008859972228769118,0.0012332840817866604
178.58333333333334,0.0010193160256920762,0.0011016116651992567,0.0009293873490583272,0.0012661973168640764
178.625,0.0010504797426218483,0.0011428486445614558,0.0009733799139996846,0.0012786866779421699
178.66666666666666,0.001069061747323198,0.0011533315510793493,0.0009851358981222507,0.001285245315761531
178.70833333333334,0.0010736639366743603,0.0011748430937456756,0.0010132866808464664,0.0012962137519625747
178.75,0.0010640096850140308,0.0011733079778018377,0.0010083223613204248,0.001296144836091427
178.79166666666666,0.0010392484448133257,0.0011543168403252823,0.0009845352604444441,0.0012875966229992058
178.83333333333334,0.0009996228302503523,0.00109917124505721,0.0009446731776955862,0.0012765937635036539
178.875,0.0009480333255962076,0.0010453093680529222,0.0009047839221341741,0.0012170912052130037
178.91666666666666,0.0008891932096332999,0.0009926259225567413,0.0008536161342229205,0.001166124555648619
178.95833333333334,0.0008277546553111249,0.0009560534658294497,0.0007914452526098424,0.0011455096378147807
179.0,0.0007672207911244656,0.0008916673793566471,0.0007290299696464732,0.0010678904539733977
179.04166666666666,0.0007123500915665457,0.0008180245650026743,0.0006630370755881441,0.0010111930985745648
179.08333333333334,0.000666627098306711,0.000796142253072937,0.0006182728689426792,0.0009659041545683873
179.125,0.0006338310630615131,0.0007708574275315183,0.00058204805828631,0.0009331081193231894
179.16666666666666,0.0006162291438930903,0.0007652610769995973,0.0005658875999569105,0.0009157302396735175
179.20833333333334,0.0006154070954862717,0.0007521571766658862,0.0005663524665471508,0.0009179037872536904
179.25,0.0006314273690679601,0.0007727695681608839,0.0005979656056939826,0.0009392977305942939
179.29166666666666,0.0006623698185903128,0.0008099630069763491,0.0006253919142939123,0.00097912293578605
179.33333333333334,0.0007049390637889486,0.0008335700188752259,0.0006564063537668381,0.0009922792180804304
179.375,0.000755785459864045,0.000878058023301539,0.0007032416936405197,0.001048224896022189
179.41666666666666,0.0008121133492215812,0.0009055985571975067,0.0007465981806187612,0.0010894758628807969
179.45833333333334,0.0008703012757190587,0.0009307302024638748,0.000785986449889327,0.0011471628496239686
179.5,0.0009264588324718723,0.0009812350484908149,0.0008199165475343392,0.0011916562545076326
179.54166666666666,0.0009770803857791451,0.0010498528533906197,0.0008854656677948561,0.0012332918016338078
179.58333333333334,0.0010193081250609146,0.0011014342133206512,0.0009308279335243115,0.0012606471180379188
179.625,0.0010504801209778546,0.001141884187586057,0.0009733802923556908,0.0012786870562981761
179.66666666666666,0.0010690512604363393,0.0011524889594004492,0.000985125411235392,0.0012852348288746724
179.70833333333334,0.0010736599527272114,0.0011748391097985266,0.0010132826968993174,0.0012962097680154258
179.75,0.0010640225684926548,0.0011725852961628888,0.0010083352447990488,0.0012961577195700507
179.79166666666666,0.001039254029381129,0.0011540301274067847,0.0009845408450122474,0.0012876022075670093
179.83333333333334,0.0009996220263621043,0.0011003510466201627,0.0009446723738073381,0.0012765929596154058
179.875,0.0009480227986588432,0.0010450207230444297,0.0009047733951968097,0.0012170806782756394
179.91666666666666,0.0008891963987482652,0.0009910859531935949,0.0008536193233378858,0.0011661277447635844
179.95833333333334,0.0008277536900025051,0.0009559592015360667,0.0007914442873012226,0.0011455086725061607
180.0,0.0007672219371226122,0.0008916293595603441,0.0007290311156446199,0.0010678915999715443
180.04166666666666,0.0007123468594840711,0.0008180352694853212,0.0006630338435056695,0.0010111898664920901
180.08333333333334,0.0006666276757809581,0.0007973263824579208,0.0006177021459149517,0.0009659047320426346
180.125,0.0006338268608883019,0.0007716368850815753,0.0005829244150361118,0.0009331039171499783
180.16666666666666,0.000616226154559189,0.0007672700407197149,0.0005777498694704448,0.0009157272503396162
180.20833333333334,0.0006154058990653964,0.0007517570155403593,0.0005787878294756859,0.0009179025908328152
180.25,0.000631417719808652,0.0007721665385142877,0.0005979559564346746,0.0009392880813349859
180.29166666666666,0.0006623534012471726,0.0008086033425378997,0.000625375496950772,0.0009791065184429097
180.33333333333334,0.0007049225880866795,0.0008330777145059026,0.0006563898780645689,0.0009922627423781612
180.375,0.000755787909906326,0.000879822445947446,0.0007032441436828007,0.00104822734606447
180.41666666666666,0.0008121255862036255,0.0009057926835081549,0.0007466104176008055,0.001089488099862841
180.45833333333334,0.0008702872157791633,0.0009312076806116657,0.0007859723899494316,0.001147148789684073
180.5,0.0009264547169328471,0.0009828622647075345,0.0008199124319953141,0.0011892248770055884
180.54166666666666,0.0009770837437603256,0.0010501160407369796,0.0008854690257760365,0.0012380196858318186
180.58333333333334,0.0010192936460596124,0.0011018143301438905,0.0009308134545230094,0.0012609995814210067
180.625,0.0010504946324281523,0.0011425745272885272,0.0009733948038059885,0.0012747536189876357
180.66666666666666,0.0010690471654759418,0.0011518776419179283,0.0009851213162749945,0.001285230733914275
180.70833333333334,0.001073674047065464,0.0011756544565602216,0.0010132967912375702,0.0012922759135928403
180.75,0.001064022373671662,0.0011737069896359904,0.001008335049978056,0.001296524467133448
180.79166666666666,0.0010392561183655473,0.0011545400937205364,0.0009845429339966657,0.001286114723115877
180.83333333333334,0.000999596347035781,0.0011022241352592853,0.0009446466944810147,0.0012765672802890825
180.875,0.0009479843183834069,0.0010453849094982381,0.0009047349149213734,0.001217042198000203
180.91666666666666,0.0008892818274248897,0.0009916209420175754,0.0008537047520145103,0.001166213173440209
180.95833333333334,0.0008276653073713595,0.000960852703854098,0.000791355904670077,0.0011454202898750151
181.0,0.0007673220086118494,0.0008929418390367546,0.000729131187133857,0.0010679916714607814
181.04166666666666,0.0007122496579411458,0.0008170276823162013,0.0006629366419627442,0.0010110926649491649
181.08333333333334,0.0006667134370601402,0.0008014159073492331,0.000617931429994261,0.0009659904933218166
181.125,0.000633803551023158,0.0007729060480940224,0.0005829011051709679,0.0009330806072848345
181.16666666666666,0.0006162331334007115,0.0007685526778959247,0.0005803500182615222,0.0009157342291811387
181.20833333333334,0.000615425004146069,0.0007518783573321787,0.0005812565817057861,0.0009179216959134877
181.25,0.0006314111964952998,0.0007715373006925906,0.0005979494331213223,0.0009392815580216335
181.29166666666666,0.0006623631056739403,0.0008080124574933521,0.0006253852013775398,0.0009791162228696775
181.33333333333334,0.0007049349751267362,0.0008345064458507025,0.0006564022651046257,0.0009932066897372239
181.375,0.0007557951860678664,0.0008833792934231583,0.000703251419844341,0.0010482346222260104
181.41666666666666,0.0008120948797469905,0.0009066819477874552,0.0007465797111441705,0.0010894573934062063
181.45833333333334,0.0008703173636455587,0.0009307533792307336,0.000786002537815827,0.0011471789375504687
181.5,0.0009264134514417371,0.0009844033265202184,0.0008198711665042041,0.0011891836115144783
181.54166666666666,0.0009771231256132846,0.001049252026825586,0.0008855084076289956,0.0012380590676847776
181.58333333333334,0.0010192531087447386,0.0011017866865092791,0.0009307729172081356,0.0012600524586920602
181.625,0.001050523707369477,0.0011410395664425551,0.0009734238787473133,0.0012747826939289604
181.66666666666666,0.0010690193147575129,0.001151824483142237,0.0009850934655565656,0.001285202883195846
181.70833333333334,0.0010736871550231606,0.0011746091441299951,0.0010133098991952666,0.0012922890215505368
181.75,0.0010639924429886687,0.001173744767399285,0.0010083051192950627,0.0012955879510363822
181.79166666666666,0.0010392357617599038,0.0011529765247539113,0.0009845225773910222,0.0012860943665102334
181.83333333333334,0.0009995964926435275,0.0011029324864257977,0.0009446468400887613,0.001276567425896829
181.875,0.0009479752828531873,0.001043868160819925,0.0009047258793911538,0.0012112325230561121
181.91666666666666,0.0008892646122319505,0.0009900436876103382,0.0008536875368215711,0.0011661959582472698
181.95833333333334,0.00082768521095569,0.0009613123115106872,0.0007913758082544075,0.0011454401934593457
182.0,0.0007673070853438902,0.0008932071087977624,0.0007291162638658979,0.0010689083085118282
182.04166666666666,0.0007122577667993035,0.000817645551154545,0.0006629447508209019,0.0010111007738073225
182.08333333333334,0.0006667193740633424,0.0007989938116252449,0.0006188369699997052,0.0009659964303250188
182.125,0.0006337896184844656,0.0007720896681496983,0.0005828871726322755,0.0009330666747461421
182.16666666666666,0.0006162444122833029,0.0007691777984022944,0.0005812418560671266,0.0009157455080637302
182.20833333333334,0.0006154187537134565,0.0007519336019161031,0.0005812503312731737,0.0009179154454808752
182.25,0.000631412706297758,0.0007699812031358752,0.0005978814517446709,0.0009392830678240919
182.29166666666666,0.0006623770665499665,0.0008022197823258778,0.000625399162253566,0.0009791301837457037
182.33333333333334,0.0007049459467705983,0.000835984518037883,0.0006564132367484878,0.000993217661381086
182.375,0.0007557924386500236,0.000881806276936097,0.0007021359275658095,0.0010482318748081675
182.41666666666666,0.0008120962194407067,0.000906793618628134,0.0007465810508378867,0.0010894587330999225
182.45833333333334,0.0008703089111292567,0.000930637916910219,0.000785994085299525,0.0011471704850341666
182.5,0.0009264167388681056,0.0009867396660691178,0.0008198744539305726,0.001189271387991018
182.54166666666666,0.0009771034296688756,0.0010492648102623557,0.0008854887116845865,0.0012380393717403685
182.58333333333334,0.0010192555200971107,0.0011017150073729465,0.0009307753285605077,0.0012585652966088819
182.625,0.001050510769256879,0.0011410266283299571,0.0009734109406347153,0.0012747697558163624
182.66666666666666,0.0010690212640687873,0.0011515370376003848,0.00098509541486784,0.0012852048325071204
182.70833333333334,0.0010736760258867142,0.0011744075832061725,0.0010132987700588202,0.0012922778924140904
182.75,0.001064006138299487,0.0011736261433894916,0.001008318814605881,0.0012956016463472005
182.79166666666666,0.0010392359435332224,0.0011523765765295573,0.0009845227591643408,0.001286094548283552
182.83333333333334,0.0009995938771298052,0.0011059343279511977,0.000944644224575039,0.001276649299433278
182.875,0.0009479842379957769,0.001044145494603243,0.0009047348345337434,0.0012112414781987016
182.91666666666666,0.000889285158763365,0.0009905669817847228,0.0008537080833529857,0.0011662165047786842
182.95833333333334,0.000827662510333908,0.0009599167972564014,0.0007912791526642701,0.0011454174928375636
183.0,0.0007673234179209058,0.0008928467653247363,0.0007291325964429134,0.0010689246410888436
183.04166666666666,0.0007122543982612433,0.0008184346334133943,0.0006629095985326849,0.0010110974052692622
183.08333333333334,0.000666712429283676,0.0007986137469570369,0.0006188300252200387,0.0009659894855453523
183.125,0.0006337952570239687,0.0007717890382199009,0.0005829825943088456,0.000933072313285645
183.16666666666666,0.0006162383956560462,0.0007704495609087567,0.0005812358394398699,0.0009157394914364735
183.20833333333334,0.0006154230684843226,0.0007596871759822949,0.000581222862293883,0.0009183538095053986
183.25,0.0006313940382354079,0.0007684885425230092,0.0005978017702736955,0.0009392643997617416
183.29166666666666,0.0006623562708778059,0.0008007554359823329,0.0006253783665814053,0.000979109388073543
183.33333333333334,0.0007049263818003666,0.0008366924696669573,0.0006563936717782561,0.0009931980964108542
183.375,0.0007557954304633452,0.0008797766369965607,0.0007021389193791311,0.001048234866621489
183.41666666666666,0.0008120814359068976,0.0009068246446088822,0.0007465662673040776,0.0010894439495661133
183.45833333333334,0.0008703201132287132,0.0009278074009450785,0.0007860052873989816,0.0011471816871336232
183.5,0.0009263924583254042,0.0009909287592548704,0.0008198501733878711,0.0011654267432449018
183.54166666666666,0.0009771277945307107,0.0010495819709401305,0.0008855130765464216,0.0012380637366022037
183.58333333333334,0.0010192302371459132,0.0011040112450412035,0.0009324884436446,0.0012585400136576844
183.625,0.001050525150029146,0.0011409359483587,0.0009734253214069823,0.0012747841365886295
183.66666666666666,0.0010690005202717136,0.001151260064264605,0.0009850746710707663,0.0012851840887100467
183.70833333333334,0.0010736787788122918,0.0011739248922269044,0.0010133015229843978,0.0012933283231554
183.75,0.0010639699831533368,0.0011755206141853853,0.0010100210574950207,0.0012898976668237504
183.79166666666666,0.0010392647405474517,0.001152366579191209,0.0009845515561785702,0.0012865238933862104
183.83333333333334,0.000999627852462272,0.0011103356948501699,0.0009446781999075059,0.001259736554661382
183.875,0.0009480052040534105,0.0010437186856939564,0.000904755800591377,0.0012112624442563353
183.91666666666666,0.0008892404281013337,0.0009897230292073846,0.0008536633526909543,0.001160839379589102
183.95833333333334,0.0008277177802007426,0.0009572360080183452,0.0007930827006508199,0.0011454727627043984
184.0,0.0007672630333427013,0.0008926065247381245,0.0007290722118647089,0.0010688642565106392
184.04166666666666,0.0007123157397755851,0.0008285498345266398,0.0006629709400470268,0.0010115927960372615
184.08333333333334,0.000666673631370568,0.000798473161495071,0.0006187912273069308,0.0009659506876322444
184.125,0.0006337926053710073,0.0007702445002095253,0.0005829799426558843,0.0009330696616326838
184.16666666666666,0.0006162577283345283,0.000769740420466374,0.0005812551721183519,0.0009157588241149554
184.20833333333334,0.0006153879559887647,0.0007609332137689525,0.0005810439334888622,0.0009183186970098408
184.25,0.0006314246008554826,0.0007664508952485577,0.0005978323328937702,0.0009392949623818163
184.29166666666666,0.0006623794390880312,0.0008001278076377729,0.0006254015347916306,0.0009791325562837684
184.33333333333334,0.0007049297347354146,0.0008364395951132142,0.0006563970247133041,0.0009932014493459023
184.375,0.0007557861347271356,0.0008788708864371005,0.0007021296236429216,0.0010482255708852797
184.41666666666666,0.0008120670042242572,0.0009071237070129481,0.0007480540444785046,0.0010836333505737073
184.45833333333334,0.0008703367223227661,0.0009272503879538259,0.0007860218964930345,0.001147198296227676
184.5,0.0009263722317276765,0.00099071812320226,0.0008198299467901435,0.0011654065166471742
184.54166666666666,0.0009771096139188531,0.001050297435383692,0.0008854948959345641,0.001238446104078775
184.58333333333334,0.0010192264870353181,0.0011052262023658113,0.0009324846935340049,0.0012585362635470893
184.625,0.0010504914839685512,0.0011415881007512693,0.0009733916553463874,0.00127092508417704
184.66666666666666,0.0010690114270919123,0.0011492348566939604,0.000985085577890965,0.0012851949955302454
184.70833333333334,0.0010736599388921756,0.0011725517014215233,0.0010132826830642817,0.001293309483235284
184.75,0.0010640274780700863,0.0011777535648037957,0.0010100785524117702,0.0012899551617404999
184.79166666666666,0.0010392589920857954,0.0011529940726497702,0.0009845458077169138,0.0012753349915200865
184.83333333333334,0.0009996085041327682,0.001110456307531802,0.000944658851578002,0.001259717206331878
184.875,0.0009479749241921138,0.0010439699837138923,0.0009047255207300803,0.0012112321643950386
184.91666666666666,0.0008893095269885177,0.000989574184801015,0.0008537324515781383,0.0011601856655329807
184.95833333333334,0.0008276264224609773,0.0009562100901413872,0.00078812886378167,0.001145381404964633
185.0,0.000767357528577438,0.0008914215851568174,0.0007247169951491816,0.0010689587517453759
185.04166666666666,0.0007122683757552703,0.0008289378765174463,0.000662779759717249,0.0010115454320169465
185.08333333333334,0.0006666560573716643,0.0007979216340893531,0.0006189244498537195,0.0009659331136333407
185.125,0.0006338481988848217,0.0007692609345203089,0.0005830355361696987,0.0009331252551464981
185.16666666666666,0.0006162464023552813,0.0007694887723072667,0.0005813946426847975,0.0009157474981357085
185.20833333333334,0.0006154002331682862,0.0007624279113711866,0.000580484910166409,0.0009183309741893623
185.25,0.0006314292605971015,0.0007655150731317054,0.0005978369926353892,0.0009392996221234353
185.29166666666666,0.0006623642488245235,0.0007999609553616554,0.000625386344528123,0.0009791173660202606
185.33333333333334,0.000704927655707425,0.0008348526622270352,0.0006563949456853145,0.0010121341443034356
185.375,0.0007557771484293112,0.0008776999845839235,0.0006910847395052748,0.001048216584587455
185.41666666666666,0.0008121179050021961,0.0009074693361762181,0.0007482138677410859,0.0010836842513516462
185.45833333333334,0.0008702620839591282,0.0009273272995821628,0.0007859472581293965,0.001147123657864038
185.5,0.0009264364556497838,0.0009917205536380364,0.0008312238740956297,0.0011654707405692815
185.54166666666666,0.0009770407772596887,0.0010505762278869724,0.0008854260592753996,0.0012345526318670954
185.58333333333334,0.001019273226563022,0.0011037555394445432,0.0009313281510616628,0.0012585830030747932
185.625,0.0010504524533512438,0.001141549070133962,0.00097335262472908,0.0012708860535597325
185.66666666666666,0.001069024344600765,0.001147044477752597,0.0009850984953998177,0.0012852079130390981
185.70833333333334,0.0010736432364650732,0.0011733521411713278,0.0010132659806371793,0.0012932927808081815
185.75,0.0010640164106776925,0.0011787033345262658,0.0010100674850193764,0.001289944094348106
185.79166666666666,0.0010392544343529146,0.0011530845664154473,0.000984541249984033,0.0012715057982346904
185.83333333333334,0.0009996274268425469,0.0011093604114944839,0.0009446777742877807,0.0012597361290416567
185.875,0.0009480269065481142,0.0010448169747545885,0.0009047775030860807,0.001211284146751039
185.91666666666666,0.0008891998462444286,0.0009876850300573798,0.0008536227708340492,0.0011770630645546942
185.95833333333334,0.0008277583871507883,0.0009564959818815165,0.0007875135119540342,0.0011458380693813498
186.0,0.000767224606408162,0.0008908155281875012,0.000718602278164146,0.0010688258295761
186.04166666666666,0.0007123505674816362,0.0008295792476350625,0.0006622906509416402,0.0010116276237433124
186.08333333333334,0.000666630312836719,0.000798001936244093,0.0006188987053187741,0.0009659073690983954
186.125,0.0006338293385549805,0.0007681003303623876,0.0005830166758398575,0.0009331063948166569
186.16666666666666,0.0006162294555810536,0.0007686349185308992,0.0005813776959105697,0.0009157305513614809
186.20833333333334,0.000615407711501607,0.0007626391015648985,0.0005804923884997297,0.0009183384525226829
186.25,0.0006314159514061695,0.000763447615886948,0.0005997322638091878,0.0009392863129325033
186.29166666666666,0.0006623567994934916,0.0008003081104262921,0.0006245950359940814,0.0009668814311300807
186.33333333333334,0.0007049316212052328,0.0008333526984518463,0.0006501343962047032,0.0010121381098012433
186.375,0.0007557836404346032,0.0008786105594056448,0.0006910912315105669,0.0010482230765927472
186.41666666666666,0.0008120768163014403,0.0009068531973448877,0.00074817277904033,0.0010836431626508902
186.45833333333334,0.0008703043291479738,0.0009264763494409062,0.0007859895033182421,0.0011471659030528837
186.5,0.0009263774593017913,0.000991866919447554,0.0008311648777476372,0.00116320589000532
186.54166666666666,0.0009770803313514293,0.0010503050658539268,0.0008854656133671403,0.001234592185958836
186.58333333333334,0.0010192335576020577,0.0011037158704835788,0.0009312884821006984,0.0012473601807093614
186.625,0.001050462288148821,0.0011413026753928329,0.0009733624595266573,0.0012708958883573098
186.66666666666666,0.0010690088157582075,0.0011437060194983313,0.0009843791913986932,0.0012851923841965406
186.70833333333334,0.0010736458299029485,0.0011720239413747688,0.0010132685740750545,0.0012932953742460567
186.75,0.0010640051023230385,0.0011781886258961196,0.0010100561766647224,0.0012899327859934521
186.79166666666666,0.0010392642598873588,0.001152722298993197,0.0009845510755184773,0.0012715156237691346
186.83333333333334,0.0009996391259635264,0.0011097820635060502,0.0009446894734087602,0.0012597478281626362
186.875,0.0009480210159463579,0.0010450633970318429,0.0009047716124843244,0.0012112782561492827
186.91666666666666,0.0008892284992629601,0.0009874570247213378,0.0008536514238525807,0.0011770917175732256
186.95833333333334,0.0008277350968161687,0.0009552768022702893,0.0007874902216194146,0.001133217879781078
187.0,0.0007672448458963964,0.0008908502413791243,0.0007201311847094724,0.0010690378581965161
187.04166666666666,0.0007123305039016686,0.0008355565978891426,0.0006624141101617999,0.0010116075601633448
187.08333333333334,0.0006666573869801588,0.0007975451816881174,0.0006189257794622139,0.0009659344432418352
187.125,0.000633802987054395,0.0007673172228409668,0.0005848593079385973,0.0009330800433160713
187.16666666666666,0.0006162546026523807,0.0007675326955277354,0.0005814028429818968,0.0009157556984328079
187.20833333333334,0.0006153926290812334,0.0007636759143061989,0.0005806208288794834,0.0009183233701023093
187.25,0.0006314295563979097,0.0007615044623777824,0.000599745868800928,0.0009393364813773925
187.29166666666666,0.0006623675659216713,0.000801133788389582,0.0006246058024222611,0.0009668921975582602
187.33333333333334,0.0007049149836768161,0.000832857983142418,0.0006501177586762865,0.0010123132614050082
187.375,0.0007557745987412178,0.000879188838478229,0.0006895417156434012,0.0010482140348993618
187.41666666666666,0.0008121031783474747,0.0009066183663887163,0.0007481991410863644,0.0010836695246969246
187.45833333333334,0.0008702577047190448,0.0009257708566852203,0.0007854406449869186,0.0011471192786239547
187.5,0.0009264156624724178,0.000991169423857188,0.0008312030809182637,0.0011632440931759465
187.54166666666666,0.000977024268721612,0.0010504978686839677,0.0008854095507373229,0.0012345361233290185
187.58333333333334,0.001019256000408428,0.0011034429365795945,0.0009313109249070687,0.0012473826235157317
187.625,0.0010504313641064333,0.0011392791785550405,0.0009733315354842695,0.001270864964314922
187.66666666666666,0.0010690173065520143,0.0011428036735114835,0.0009843599829906218,0.0012852008749903473
187.70833333333334,0.0010736323624684903,0.0011688062835184623,0.0010132551066405963,0.0012932819068115985
187.75,0.0010640110640163008,0.001177953319290953,0.0010100621383579847,0.0012899387476867144
187.79166666666666,0.0010392537230017999,0.0011532921040561814,0.000984038304730524,0.0012715050868835757
187.83333333333334,0.000999633440966262,0.0011100803940238678,0.0009446837884114958,0.0012597421431653718
187.875,0.0009480409097583358,0.001045506905644756,0.0009047915062963023,0.0012112981499612606
187.91666666666666,0.0008892047915555115,0.0009810005280923206,0.000853627716145132,0.001177068009865777
187.95833333333334,0.0008277564901789142,0.00093892581799551,0.0007856277687376001,0.0011332392731438234
188.0,0.0007672261036296414,0.0008910479582372316,0.0007201124424427174,0.0010690191159297613
188.04166666666666,0.000712350178650654,0.0008371041662557468,0.0006624337849107853,0.0010116272349123302
188.08333333333334,0.0006666299846045309,0.0007960365954677098,0.000618898377086586,0.0009659070408662072
188.125,0.0006338301161069003,0.0007671086109396126,0.0005848864369911027,0.0009331071723685766
188.16666666666666,0.0006162306655933717,0.000765152128378227,0.0005813789059228878,0.0009157317613737989
188.20833333333334,0.0006154081815168965,0.0007639998071864553,0.0005806363813151465,0.0009183389225379724
188.25,0.0006314389579314735,0.0007601407845466339,0.0005997552703344918,0.0009393458829109563
188.29166666666666,0.0006623622462635204,0.0007999139550639056,0.0006241388578220699,0.0009668868779001094
188.33333333333334,0.000704917774994624,0.0008319704723514251,0.0006560632469581846,0.0010123160527228162
188.375,0.0007557728944689277,0.0008679630993746599,0.0006910486784282031,0.0010482123306270717
188.41666666666666,0.0008121035604109899,0.0009056890565174246,0.0007483258227474676,0.00108366990676044
188.45833333333334,0.0008702370773229918,0.0009251850932908633,0.0007854200175908656,0.0011470986512279017
188.5,0.0009264243163808421,0.0009933655141761584,0.000831211734826688,0.0011632527470843707
188.54166666666666,0.0009770048347270779,0.0010501230353587403,0.0008853901167427888,0.0012345166893344846
188.58333333333334,0.0010192543194763215,0.0011048187538795907,0.0009313092439749623,0.0012473809425836253
188.625,0.0010504238518537377,0.0011363460376537435,0.0009733240232315739,0.0012708574520622264
188.66666666666666,0.0010690053088082188,0.0011410430167935355,0.0009843479852468264,0.001285188877246552
188.70833333333334,0.001073631215256229,0.001165221326691858,0.0010132539594283352,0.0012932807595993374
188.75,0.00106402974024353,0.001179208859087598,0.001010080814585214,0.0012899574239139437
188.79166666666666,0.0010393023636710147,0.0011524537219451186,0.0009840869453997389,0.0012715537275527905
188.83333333333334,0.000999656608878054,0.0011102638200954588,0.0009450891902163029,0.0012597653110771637
188.875,0.0009480244929841414,0.001045337381120486,0.0009047750895221078,0.0012112817331870662
188.91666666666666,0.0008892189874877653,0.0009782473993136488,0.0008535488084084243,0.0011770822057980308
188.95833333333334,0.0008277459802946097,0.0009383873781629149,0.0007856172588532955,0.001133228763259519
189.0,0.0007672398969853793,0.0008912370376463688,0.000726162036431507,0.001069032909285499
189.04166666666666,0.0007123315282722653,0.0008364632230740802,0.0006632956934554095,0.0010116085845339416
189.08333333333334,0.0006666667446250088,0.0007946275281847803,0.0006188955403416587,0.0009659438008866851
189.125,0.0006337980441257139,0.0007668737615094416,0.0005848543650099163,0.0009330751003873904
189.16666666666666,0.0006162647807674105,0.0007644294875314305,0.0005813734243315215,0.0009157658765478377
189.20833333333334,0.0006153893979377481,0.0007645309174814684,0.0005814981566590111,0.0009183201389588242
189.25,0.000631430139755468,0.0007592468995987905,0.0005997464521584863,0.0009393370647349507
189.29166666666666,0.0006623842228029624,0.0008007795066186425,0.0006241608343615119,0.0009669088544395514
189.33333333333334,0.0007049281183790517,0.0008302455400015763,0.0006560735903426123,0.001012326396107244
189.375,0.0007557720853119987,0.0008673726135298162,0.0006910478692712742,0.0010482115214701427
189.41666666666666,0.000812050729849016,0.0009045450748377156,0.0007482729921854937,0.001083617076198466
189.45833333333334,0.0008702915945714518,0.0009236361550010806,0.0007854745348393256,0.0011471531684763617
189.5,0.0009263463906389076,0.000993092925990477,0.0008302720134330578,0.0011631748213424362
189.54166666666666,0.000977054487966931,0.0010499820668554054,0.0008854397699826419,0.0012345663425743377
189.58333333333334,0.0010192054504536531,0.0011038538365287988,0.0009312603749522939,0.0012433841248001187
189.625,0.0010504329538057655,0.0011340482388312468,0.0009733331251836017,0.0012708665540142542
189.66666666666666,0.0010689876993801085,0.0011395734273635116,0.000984330375818716,0.0012851712678184416
189.70833333333334,0.0010736247558290812,0.0011614739242419884,0.0010125437248426205,0.0012932743001721895
189.75,0.0010640061322342294,0.001179451761880042,0.0010100572065759132,0.0012870335449595368
189.79166666666666,0.0010392764874922486,0.0011515823161668342,0.0009840610692209728,0.0012715278513740244
189.83333333333334,0.000999646514792847,0.0011093806399417637,0.0009451194425929206,0.001259755216991957
189.875,0.0009480211086410272,0.0010447962990468296,0.0009047717051789937,0.001211278348843952
189.91666666666666,0.00088923594670486,0.0009717601085827052,0.000853565767625519,0.0011770991650151255
189.95833333333334,0.0008277230548699146,0.0009336656170391997,0.0007855943334286005,0.0011215893566443454
190.0,0.0007672650218963214,0.0008904923965000017,0.0007261871613424492,0.0010690580341964412
190.04166666666666,0.0007123176800283816,0.0008374065794737589,0.0006632818452115258,0.0010115947362900578
190.08333333333334,0.0006666790904142074,0.0007944355611518437,0.0006189078861308573,0.0009659561466758838
190.125,0.0006337918080421016,0.0007669056023130576,0.0005889175032617514,0.000933068864303778
190.16666666666666,0.0006162630588810427,0.0007641305764758484,0.0005813717024451536,0.0009157641546614698
190.20833333333334,0.0006153911543331443,0.0007642570404121305,0.0005814304218752977,0.0009183218953542203
190.25,0.0006314207293749272,0.000758772487759768,0.0005997370417779454,0.00093932765435441
190.29166666666666,0.0006623720540850304,0.0008011814184440602,0.0006241486656435799,0.0009668966857216194
190.33333333333334,0.0007049148417376039,0.0008293290946336123,0.0006560603137011645,0.0010176576055033323
190.375,0.0007557611278786195,0.0008629027113348274,0.0006910369118378949,0.001036584082846285
190.41666666666666,0.0008120555861344874,0.0009037797844044712,0.0007483181949327895,0.0010836219324839374
190.45833333333334,0.0008702721357938605,0.0009227210238716364,0.0007854550760617343,0.0011471337096987705
190.5,0.0009263515554249585,0.0009933103579743302,0.0008302771782191087,0.001163179986128487
190.54166666666666,0.0009770423422224498,0.0010514799765400924,0.0008854276242381608,0.0012345541968298564
190.58333333333334,0.0010191900543983685,0.0011027613628526683,0.0009312449788970093,0.0012444164065605662
190.625,0.0010504366842359195,0.0011333459939848246,0.0009726053812533106,0.0012708702844444082
190.66666666666666,0.0010689707240995566,0.0011396440400119,0.0009854737709366007,0.0012862019703536217
190.70833333333334,0.0010736262089827075,0.0011615750675410316,0.0010125174787943686,0.0012932757533258158
190.75,0.0010639774258211032,0.0011787915021801204,0.0010100285001627871,0.0012870048385464107
190.79166666666666,0.0010392408895830772,0.0011520066069423671,0.0009840254713118014,0.001271492253464853
190.83333333333334,0.0009996105425166958,0.0011094086806042246,0.0009450834703167692,0.0012597192447158056
190.875,0.0009479966872042444,0.0010447957889400093,0.0009047472837422108,0.001211253927407169
190.91666666666666,0.0008892419722555891,0.0009698383043643178,0.0008535717931762481,0.0011771051905658547
190.95833333333334,0.0008277357934035999,0.0009318006000784839,0.0007856070719622858,0.0011216020951780308
191.0,0.0007672673537067745,0.0008888736724279495,0.0007261894931529022,0.0010744048520444304
191.04166666666666,0.000712288722407185,0.0008365253426126233,0.0006632528875903293,0.0010115657786688612
191.08333333333334,0.0006667257706287298,0.0007940114711115017,0.0006189545663453798,0.0009660028268904062
191.125,0.0006337810841574951,0.0007671278255971187,0.0005889067793771449,0.0009330581404191715
191.16666666666666,0.0006162553401919083,0.000763578546453868,0.0005813639837560192,0.0009157564359723356
191.20833333333334,0.0006154280608584605,0.0007642939469374467,0.0005814673284006139,0.0009183588018795366
191.25,0.0006314039240428912,0.0007582789222744075,0.0005997202364459095,0.0009393108490223741
191.29166666666666,0.0006623618564392876,0.0008004835840935315,0.0006241384679978371,0.0009668864880758766
191.33333333333334,0.0007049273263805399,0.0008276664612036127,0.0006560727983441005,0.0010176700901462683
191.375,0.000755769756648496,0.0008609882354120287,0.0006910455406077715,0.0010365927116161616
191.41666666666666,0.0008120765148657568,0.000900786239800352,0.0007483391236640589,0.001083642861215207
191.45833333333334,0.000870233752209723,0.0009232222837374625,0.0007854166924775968,0.001147095326114633
191.5,0.0009263726919796475,0.0009933314945290192,0.0008302983147737977,0.0011632011226831761
191.54166666666666,0.0009770040658018872,0.0010514417001195298,0.0008853893478175982,0.0012345159204092938
191.58333333333334,0.0010192017566234078,0.0011024862874218226,0.0009312566811220485,0.0012444281087856054
191.625,0.0010504054278034907,0.0011333950258683259,0.0009725741248208817,0.0012708390280119794
191.66666666666666,0.0010689760823515977,0.0011400127808286933,0.0009854791291886418,0.0012862073286056628
191.70833333333334,0.001073612606572373,0.0011617915644782184,0.0010125038763840342,0.0012932621509154814
191.75,0.0010639845345537518,0.001178588290161217,0.0010100356088954356,0.0012870119472790592
191.79166666666666,0.0010392584819398853,0.0011517526302148482,0.0009840430636686094,0.001271509845821661
191.83333333333334,0.0009996521869482143,0.0011095009659710308,0.0009451251147482877,0.001259760889147324
191.875,0.0009480468124753122,0.0010454019623694635,0.0009047974090132787,0.001211304052678237
191.91666666666666,0.0008891880500346168,0.0009665448491827039,0.0008535178709552758,0.0011819053716036524
191.95833333333334,0.0008277664358578547,0.0009291051933689298,0.0007856377144165405,0.0011216327376322856
192.0,0.0007672240046177927,0.0008883741978856288,0.0007261461440639205,0.0010743615029554488
192.04166666666666,0.0007123566900352797,0.0008369318994631448,0.0006634716517641163,0.001011633746296956
192.08333333333334,0.0006666296700642602,0.0007942141288426287,0.0006188584657809102,0.0009659067263259367
192.125,0.0006338390267538049,0.0007670017712243437,0.0005889647219734546,0.0009331160830154812
192.16666666666666,0.0006162325606465194,0.0007634988638603699,0.0005812801908020052,0.0009157336564269467
192.20833333333334,0.0006154141727338201,0.0007637740790384207,0.0005815432234130406,0.000918344913754896
192.25,0.0006314328386836091,0.0007594618095372919,0.0005997491510866274,0.0009393397636630918
192.29166666666666,0.000662373741124702,0.0007995883812438631,0.0006241503526832515,0.000966898372761291
192.33333333333334,0.0007049316559187099,0.0008276707907417828,0.0006560771278822704,0.0010176744196844383
192.375,0.0007557540306530249,0.0008607980576543687,0.0006910298146123004,0.0010365769856206905
192.41666666666666,0.0008120631558558537,0.0009009864754567397,0.0007483257646541558,0.0010853447244890033
192.45833333333334,0.000870220705064559,0.0009242734660225268,0.0007857046999817686,0.0011470822789694688
192.5,0.000926374744726311,0.0009939247878640344,0.0008303003675204612,0.0011632031754298395
192.54166666666666,0.000976964354170992,0.0010511644714634198,0.0008867981212838489,0.0012344762087783986
192.58333333333334,0.0010192082293246994,0.0011025259722306018,0.0009312631538233401,0.0012461498037705965
192.625,0.001050379033569535,0.0011331892465345308,0.000972547730586926,0.0012708126337780236
192.66666666666666,0.0010689672465257639,0.0011397889807670436,0.000985470293362808,0.001286198492779829
192.70833333333334,0.0010736020757432575,0.0011610772162971618,0.0010124933455549186,0.0012932516200863658
192.75,0.001063980755059075,0.0011782594531733026,0.0010100318294007588,0.0012870081677843824
192.79166666666666,0.0010392626904575095,0.0011507814841547415,0.0009853888807655757,0.0012715140543392853
192.83333333333334,0.0009996363378310623,0.0011097519610684882,0.0009451092656311358,0.0012597450400301722
192.875,0.0009480307782303548,0.001044700210730557,0.0009047813747683213,0.0012112880184332797
192.91666666666666,0.0008892265264515564,0.0009682922735776034,0.0008535563473722154,0.001188763090516344
192.95833333333334,0.0008277394041778231,0.0009281784811999376,0.000785610682736509,0.001121605705952254
193.0,0.0007672461884307664,0.0008891088431876196,0.0007277296292397146,0.0010743836867684224
193.04166666666666,0.0007123402791147223,0.0008367078139143249,0.0006634552408435589,0.0010116173353763986
193.08333333333334,0.0006666552671288861,0.0007943932774853956,0.0006229343931017544,0.0009659323233905626
193.125,0.0006338102612558082,0.000765916259170401,0.0005889359564754579,0.0009330873175174846
193.16666666666666,0.0006162535951426384,0.000763316436310868,0.0005853515555543425,0.0009157546909230656
193.20833333333334,0.0006153968481905768,0.0007626980500453032,0.0005815258988697973,0.0009183275892116529
193.25,0.0006314347889218215,0.0007587895736243711,0.0005997511013248397,0.0009393417139013043
193.29166666666666,0.0006623641421609581,0.0007993096260285162,0.0006241407537195075,0.0009668887737975471
193.33333333333334,0.0007049105526464698,0.0008294923425620775,0.0006560560246100304,0.0010176533164121982
193.375,0.0007557569236515541,0.0008592773439384765,0.00069259400897365,0.0010365798786192198
193.41666666666666,0.0008120678999830537,0.0008988491052443958,0.0007486146643117678,0.0010853494686162033
193.45833333333334,0.0008702069638243022,0.0009231224969608321,0.0007854360191090751,0.001147068537729212
193.5,0.0009263635936941841,0.000994418557417534,0.0008302892164883343,0.0011631920243977128
193.54166666666666,0.0009769572292333633,0.0010506818513918072,0.0008867909963462201,0.00123446908384077
193.58333333333334,0.0010191946287854833,0.0011027211557699608,0.000931249553284124,0.0012461362032313804
193.625,0.0010503680275937852,0.0011334814499554377,0.0009731329466513395,0.0012718493056180062
193.66666666666666,0.0010689600739902784,0.001139697268151415,0.0009854631208273225,0.0012861913202443435
193.70833333333334,0.0010735933449136784,0.0011611862333442877,0.0010130808367655028,0.0012932428892567867
193.75,0.0010639997249753627,0.0011771825696106938,0.0010100507993170465,0.0012870271377006701
193.79166666666666,0.0010392556184997035,0.0011514536872390423,0.000985126869175333,0.0012715069823814793
193.83333333333334,0.0009996172020008195,0.0011100164632074899,0.0009450901298008929,0.0012597259041999293
193.875,0.0009480088462060991,0.001044118959914311,0.0009047594427440656,0.001211266086409024
193.91666666666666,0.0008892500105894319,0.000970205500191129,0.0008535899761600277,0.0011887865746542194
193.95833333333334,0.0008277282951619274,0.0009266091736433965,0.0007845449745841908,0.0011215945969363583
194.0,0.0007672579595520252,0.0008895509021942926,0.0007277414003609734,0.0010693476607294347
194.04166666666666,0.0007123264401808882,0.0008366939749804908,0.0006634414019097248,0.0010116034964425644
194.08333333333334,0.000666667037957765,0.0007941945152985562,0.0006229461639306333,0.0009659440942194414
194.125,0.0006338015072132717,0.0007655575102387734,0.0005889272024329215,0.0009330785634749482
194.16666666666666,0.0006162578030064739,0.000762343028656952,0.000585374807497407,0.0009157588987869012
194.20833333333334,0.0006153971323719854,0.0007620591361637518,0.0005815261830512059,0.0009183278733930614
194.25,0.0006314353258311631,0.0007592816779130036,0.0005997516382341814,0.0009393422508106459
194.29166666666666,0.0006623779455610106,0.0007991211944062518,0.00062415455711956,0.0009669025771975997
194.33333333333334,0.0007049122375724639,0.0008289879347914203,0.0006560674224885263,0.0010126072041779458
194.375,0.0007557437974739964,0.0008589477300731364,0.0006915262836596698,0.001036566752441662
194.41666666666666,0.0008120403209073863,0.000899930161550486,0.0007485870852361004,0.0010853218895405358
194.45833333333334,0.0008702241024646026,0.0009230584990670446,0.0007854531577493756,0.0011470856763695124
194.5,0.0009263179435826456,0.0009946060978920327,0.0008290391294462467,0.0011631463742861742
194.54166666666666,0.0009769755593045794,0.001051348089593586,0.0008868093264174362,0.0012348543562963762
194.58333333333334,0.0010191505164778938,0.0011034703038841256,0.0009312054409765345,0.001246092090923791
194.625,0.0010503780543777736,0.001133825868473923,0.0009737071217936012,0.0012718593324019946
194.66666666666666,0.0010689406155714603,0.0011393893431358745,0.0009854436624085045,0.0012861718618255255
194.70833333333334,0.0010735906940604516,0.0011615999558303224,0.0010136423342705493,0.0012932402384035599
194.75,0.001063996530468864,0.0011768924791587538,0.0010100476048105478,0.0012870239431941714
194.79166666666666,0.0010392672134268857,0.0011524418241162422,0.0009851384641025153,0.0012718855196930516
194.83333333333334,0.0009996446374908247,0.001110189410064867,0.0009451175652908982,0.0012597533396899346
194.875,0.0009480143222527233,0.00104455872895699,0.0009047649187906898,0.0012112715624556481
194.91666666666666,0.000889282848388741,0.0009718041269579545,0.0008539065377923139,0.001200969682608423
194.95833333333334,0.0008276766478012821,0.0009257410031639936,0.0007844933272235455,0.0011215429495757129
195.0,0.0007673214662479794,0.0008944971181331087,0.0007277731233067709,0.001069845216679046
195.04166666666666,0.0007122580686565954,0.0008366256034561979,0.000663373030385432,0.0010115351249182717
195.08333333333334,0.0006667235645268857,0.000793893676111485,0.0006230026904997539,0.000966000620788562
195.125,0.0006337998642077475,0.0007637479489781041,0.0005889255594273972,0.0009330769204694238
195.16666666666666,0.0006162440182096306,0.0007619323049539621,0.0005853610227005637,0.0009157451139900579
195.20833333333334,0.0006154285371933898,0.0007616086218130291,0.0005815575878726103,0.0009183592782144658
195.25,0.0006314097130537718,0.0007667908514728323,0.0005996942417066334,0.0009397506872869118
195.29166666666666,0.0006623697863646333,0.0007999824018514051,0.0006241463979231828,0.0009668944180012223
195.33333333333334,0.000704926049680808,0.0008290017468997644,0.0006560812345968704,0.0010247171359736486
195.375,0.0007557547808370168,0.000858068794263474,0.0006915372670226902,0.0010365777358046825
195.41666666666666,0.0008120254313710187,0.0009000267521814933,0.0007485721956997329,0.0010853070000041683
195.45833333333334,0.0008702179111249828,0.0009241928207649544,0.0007854469664097558,0.0011538987275256448
195.5,0.0009262964026046566,0.0009950331980435943,0.0008290175884682578,0.0011581842830560185
195.54166666666666,0.0009769845005372733,0.0010511115039352175,0.0008868182676501301,0.0012339567121149974
195.58333333333334,0.0010191202824834766,0.0011026432681213215,0.0009306554802528265,0.0012460618569293737
195.625,0.001050389334934965,0.0011332794534046854,0.0009737184023507927,0.001271870612959186
195.66666666666666,0.001068913358298024,0.0011350617522330334,0.000985416405135068,0.001286144604552089
195.70833333333334,0.0010736024347507503,0.0011618856287922245,0.001013654074960848,0.0012932519790938585
195.75,0.0010639819472846462,0.0011769320925598984,0.00101003302162633,0.0012870093600099537
195.79166666666666,0.001039256761452506,0.0011521778329694236,0.0009851280121281356,0.0012709684823045992
195.83333333333334,0.0009996224257100908,0.001110062284756969,0.0009450953535101642,0.0012547905776570333
195.875,0.0009479792812193179,0.0010427357946697824,0.0009047298777572843,0.0012112365214222427
195.91666666666666,0.0008893147298665607,0.0009718246133151773,0.0008539384192701336,0.0012010015640862427
195.95833333333334,0.0008276282443823968,0.0009257029027394374,0.0007844449238046602,0.0011214945461568277
196.0,0.0007673645914900185,0.0008980065439964692,0.00072781624854881,0.0010698883419210852
196.04166666666666,0.0007122769767414841,0.0008363876712336741,0.0006633919384703207,0.0010129287436255064
196.08333333333334,0.000666650523408801,0.0007936326501676017,0.0006229296493816692,0.0009659275796704774
196.125,0.0006338495667389969,0.0007632822100025231,0.0005889752619586467,0.0009331266230006733
196.16666666666666,0.0006162618279921461,0.0007614037386796681,0.0005853788324830792,0.0009157629237725734
196.20833333333334,0.0006153991226727948,0.0007599279837692649,0.0005815281733520152,0.0009183298636938707
196.25,0.0006314270160681218,0.0007690163392281767,0.0005997115447209834,0.0009397679903012619
196.29166666666666,0.0006623687865075094,0.000800417532770886,0.0006241453980660588,0.0009668934181440984
196.33333333333334,0.0007049078348615945,0.0008288542863832167,0.000656063019777657,0.0010261301758893182
196.375,0.0007557317325813567,0.0008567402680641084,0.0006915142187670302,0.0010365546875490224
196.41666666666666,0.0008120493275911778,0.0009007505436587821,0.000748596091919892,0.0010853308962243274
196.45833333333334,0.0008701703377824651,0.0009249030785603236,0.000785399393067238,0.0011538511541831268
196.5,0.0009263379163791751,0.0009950747118181128,0.0008290591022427762,0.001158225796830537
196.54166666666666,0.000976905401858221,0.0010507937410850563,0.0008867391689710779,0.0012338776134359452
196.58333333333334,0.0010191566395391584,0.0011021899047567532,0.0009306918373085083,0.0012460982139850555
196.625,0.0010503312597493896,0.0011324448222515917,0.0009736603271652172,0.0012718125377736106
196.66666666666666,0.0010689253887046497,0.0011143123279155854,0.0009854284355416939,0.0012861566349587148
196.70833333333334,0.0010735722615293711,0.0011610979121735908,0.0010136239017394689,0.0012932218058724794
196.75,0.0010639929708605494,0.001175111102967378,0.0010100440452022333,0.001287020383585857
196.79166666666666,0.001039275582491001,0.001152859597389627,0.0009851468331666306,0.0012709873033430942
196.83333333333334,0.000999646248044396,0.001110423136057804,0.0009451191758444695,0.0012548143999913386
196.875,0.0009480150571638694,0.0010416594180143633,0.0009047656537018359,0.0012112722973667942
196.91666666666666,0.0008892841543304995,0.0009717572953211459,0.0008539078437340724,0.0011978151344514086
196.95833333333334,0.0008276781400896112,0.0009258925100425043,0.0007844948195118746,0.001121544441864042
197.0,0.0007673218832482874,0.0008979638357547381,0.0007276297239976159,0.001069845633679354
197.04166666666666,0.000712257514291864,0.0008361090836622894,0.0006633724760207006,0.0010129092811758864
197.08333333333334,0.0006667241327086742,0.0007925122365226124,0.0006230032586815425,0.0009660011889703505
197.125,0.0006338035030824848,0.0007630295478463565,0.0005889291983021346,0.0009330805593441611
197.16666666666666,0.0006162421515777754,0.0007600243153503175,0.0005853591560687086,0.0009157432473582027
197.20833333333334,0.0006154302259414126,0.0007587198560656222,0.0005815592766206331,0.0009183609669624887
197.25,0.0006314177202347258,0.0007690070433947807,0.0005995584325781244,0.0009397586944678659
197.29166666666666,0.0006623738225378232,0.0008004225688011998,0.0006241504340963726,0.0009668984541744123
197.33333333333334,0.0007049263741694936,0.0008283971890224067,0.000656081559085556,0.0010261487151972172
197.375,0.0007557436595717284,0.0008567521950544801,0.0006998603118255543,0.001036566614539394
197.41666666666666,0.0008120122544608738,0.0009010612147230608,0.0007485590187895879,0.0010821379689952507
197.45833333333334,0.0008701941988736892,0.0009241661536525769,0.0007852118564446595,0.0011538750152743512
197.5,0.0009262762693174059,0.0009950130647563436,0.0008289974551810071,0.0011581641497687679
197.54166666666666,0.0009769463257930271,0.001051275888469946,0.0008867800929058839,0.0012339185373707513
197.58333333333334,0.001019094488074279,0.0011003496921670026,0.0009305684529186787,0.0012460360625201762
197.625,0.0010503587956074768,0.001132130261278954,0.0009736878630233044,0.0012718400736316977
197.66666666666666,0.0010688928441308482,0.0011133325157301759,0.0009724027116385421,0.0012861240903849133
197.70833333333334,0.0010735819757199388,0.0011609151980152633,0.0010136336159300365,0.001293231520063047
197.75,0.0010639547192728192,0.0011721238754073908,0.0010079250466576712,0.0012869821319981267
197.79166666666666,0.0010392219797971608,0.0011535357452261506,0.0009850932304727904,0.001270933700649254
197.83333333333334,0.00099959883885911,0.0011111126408683534,0.0009450717666591834,0.0012547669908060527
197.875,0.00094799194560427,0.00104267858258352,0.0009047425421422365,0.001211249185807195
197.91666666666666,0.0008892921107240469,0.0009707336420544165,0.0008539158001276198,0.0011978230908449561
197.95833333333334,0.000827668533657458,0.0009270703182185572,0.0007900924670048264,0.0011215348354318888
198.0,0.0007673303582812577,0.000899221331061425,0.0007276381990305862,0.0010698541087123244
198.04166666666666,0.0007122582808037556,0.0008363208093010343,0.000663333645767187,0.0010129100476877779
198.08333333333334,0.0006667165672217848,0.0007907134188575913,0.000622995693194653,0.0009659936234834612
198.125,0.0006338037115423302,0.0007623498055146259,0.00058892940676198,0.0009330807678040067
198.16666666666666,0.0006162416964467192,0.0007586707683238494,0.0005872672813023829,0.0009157427922271464
198.20833333333334,0.0006154283309108515,0.0007572812542226497,0.0005834263651893973,0.0009183590719319274
198.25,0.0006314086817193604,0.0007709831796195419,0.0005989780935607842,0.0009397496559525005
198.29166666666666,0.0006623645974942427,0.0007999845771547742,0.0006241412090527922,0.0009668892291308317
198.33333333333334,0.0007049160850196408,0.000828089273986804,0.0006560712699357033,0.0010261384260473645
198.375,0.0007557416969878174,0.0008587180720033035,0.0006998583492416432,0.001036564651955483
198.41666666666666,0.0008120003527018046,0.0009011215024358635,0.0007484858841055685,0.0010821260672361816
198.45833333333334,0.000870192458840179,0.0009261485734057338,0.0007852101164111492,0.0011538732752408407
198.5,0.0009262545903167677,0.0009949913857557053,0.0008289757761803689,0.0011581424707681296
198.54166666666666,0.000976948294872087,0.0010528472367360216,0.0008885204600202338,0.0012339205064498112
198.58333333333334,0.0010190668504801545,0.0010985376043711388,0.0009305408153245542,0.0012460084249260516
198.625,0.0010503487311129137,0.0011303313573628063,0.0009736777985287413,0.0012718300091371347
198.66666666666666,0.0010688736771719198,0.0011170345995110548,0.0009723835446796136,0.001286104923425985
198.70833333333334,0.001073577997912574,0.0011595229703012448,0.0010136296381226717,0.0012932275422556823
198.75,0.0010639335553240402,0.001168027832973261,0.0010079038827088922,0.0012869609680493477
198.79166666666666,0.0010392299876145835,0.0011539381809938865,0.000986839636325503,0.0012709417084666766
198.83333333333334,0.0009996057675871809,0.0011110676862343062,0.0009450786953872543,0.0012547739195341236
198.875,0.0009479858013676612,0.0010425728341273536,0.0009047363979056277,0.001211243041570586
198.91666666666666,0.0008892963732529278,0.0009707982950745857,0.0008539200626565007,0.001197827353373837
198.95833333333334,0.0008276542242641554,0.0009331576301291565,0.0007900781576115237,0.0011215205260385862
199.0,0.0007673537911356325,0.0009001494068063319,0.0007270903313829863,0.0010698775415666991
199.04166666666666,0.0007122522248220423,0.0008355579972984858,0.0006633275897854737,0.0010129039917060646
199.08333333333334,0.0006666945728840359,0.0007899696827350089,0.0006229736988569042,0.0009659716291457123
199.125,0.0006338444722979451,0.0007617014949876685,0.0005889701675175948,0.0009331215285596214
199.16666666666666,0.000616230008610923,0.0007575868210101333,0.0005872555934665867,0.0009157311043913502
199.20833333333334,0.000615419526699327,0.0007564409828821922,0.0005834175609778729,0.0009183502677204031
199.25,0.000631426606858389,0.0007714402425811218,0.0005989960186998128,0.0009397675810915289
199.29166666666666,0.0006623631449800594,0.0007989602649573394,0.0006241397565386089,0.0009668877766166485
199.33333333333334,0.0007049107803780773,0.0008281965399741511,0.0006560659652941397,0.0010261331214058008
199.375,0.0007557371777646794,0.0008670862935167321,0.0006998538300185053,0.001036560132732345
199.41666666666666,0.0008119931408808096,0.0009010273558739911,0.0007484786722845735,0.0010821188554151866
199.45833333333334,0.0008701743020562919,0.0009272853383112303,0.0007851919596272623,0.0011538551184569537
199.5,0.0009262420274387444,0.0009952386522428614,0.0008289632133023456,0.0011581299078901063
199.54166666666666,0.0009769253350194488,0.0010539717557441178,0.0008884975001675955,0.001233897546597173
199.58333333333334,0.0010190579992837606,0.001096057806642767,0.0009305319641281603,0.0012459995737296578
199.625,0.0010503303212262612,0.001126056499605408,0.0009736593886420889,0.0012718115992504822
199.66666666666666,0.0010688633644381483,0.0011190991411060786,0.0009723732319458421,0.0012860946106922134
199.70833333333334,0.001073565373356293,0.0011523943719683146,0.0010136170135663907,0.0012932149176994013
199.75,0.001063963267246295,0.001165839405296979,0.001007933594631147,0.0012869906799716025
199.79166666666666,0.0010392549312022259,0.001156539848601088,0.0009868645799131453,0.001270966652054319
199.83333333333334,0.0009996265346833852,0.0011112137616279718,0.0009450994624834587,0.0012547946866303277
199.875,0.0009479808710656719,0.0010428209816603455,0.0009047314676036384,0.0012112381112685967
199.91666666666666,0.0008893175659029605,0.0009681562354243102,0.0008539412553065334,0.0011978485460238696
199.95833333333334,0.000827626190214111,0.0009345671645100984,0.0007900501235614793,0.001121492491988542
200.0,0.0007673674700632556,0.0009007506591877872,0.0007271040103106094,0.0010698912204943224
200.04166666666666,0.0007122845137138942,0.0008362488065047347,0.0006633598786773256,0.0010129362805979165
200.08333333333334,0.000666643461025634,0.0007898641090675089,0.0006229225869985023,0.0009659205172873104
200.125,0.0006338477709552041,0.0007617047936449275,0.0005889734661748538,0.0009331248272168804
200.16666666666666,0.0006162692094966244,0.0007570105889941551,0.0005872947943522881,0.0009157703052770516
200.20833333333334,0.0006153975945870005,0.0007560842931300389,0.0005833956288655463,0.0009183283356080765
200.25,0.0006314331308188408,0.0007721797836557322,0.0005990025426602647,0.0009397741050519809
200.29166666666666,0.0006623716334198205,0.0007995697780982194,0.00062414824497837,0.0009668962650564095
200.33333333333334,0.0007049081775656137,0.0008281103129229655,0.0006560633624816761,0.0010261305185933372
200.375,0.000755728233602146,0.0008669995396826396,0.0006998448858559718,0.0010365511885698116
200.41666666666666,0.0008119838862090014,0.000899869865910691,0.0007484694176127653,0.0010821096007433784
200.45833333333334,0.0008701631478976845,0.000927109134113281,0.0007851808054686549,0.0011538439642983464
200.5,0.0009262251127304343,0.000995088406158942,0.0008289462985940355,0.0011581129931817961
200.54166666666666,0.0009769127373180475,0.0010539591580427164,0.0008884849024661942,0.0012338849488957716
200.58333333333334,0.0010190376167980308,0.0010958103953871354,0.0009297801072819853,0.001245979191243928
200.625,0.0010503176887078842,0.00110152823774934,0.0009736467561237118,0.0012717989667321052
200.66666666666666,0.0010688474738106556,0.0011177920086000595,0.0009723573413183494,0.0012868152239468925
200.70833333333334,0.0010735589522463404,0.0011293461246831313,0.0010136105924564382,0.0012932084965894487
200.75,0.0010639413191061739,0.0011659004392839249,0.0010071801721305807,0.0012869687318314814
200.79166666666666,0.0010392449297466565,0.0011564616824528318,0.000986854578457576,0.0012709566505987497
200.83333333333334,0.0009996190854950659,0.0011110995426591118,0.0009450920132951393,0.0012547872374420086
200.875,0.0009479770970071769,0.0010425801719851516,0.0009047276935451434,0.0012174722331077755
200.91666666666666,0.0008892967906750228,0.0009695658347757942,0.0008539204800785957,0.001197827770795932
200.95833333333334,0.0008276519986618326,0.0009364442527098607,0.0007900759320092009,0.0011212192958715429
201.0,0.0007673576544169302,0.0009014034343432223,0.000727094194664284,0.0010698814048479969
201.04166666666666,0.0007122519277531208,0.000836037421685548,0.0006633272927165522,0.001013835254956149
201.08333333333334,0.0006666889922292594,0.0007893144571186846,0.0006229681182021277,0.0009659660484909357
201.125,0.0006338468818242396,0.0007614861277008952,0.0005889725770438893,0.000933123938085916
201.16666666666666,0.000616236380451699,0.0007568999101993063,0.0005872619653073627,0.0009157374762321263
201.20833333333334,0.0006154164956954578,0.0007562035170548375,0.0005834145299740037,0.0009183472367165338
201.25,0.0006314213865400625,0.0007742044668253824,0.0005989907983814863,0.0009397623607732025
201.29166666666666,0.0006623451860220479,0.0007998235237294135,0.0006241217975805973,0.0009678013779776427
201.33333333333334,0.0007049010425550734,0.0008281162465556464,0.0006560562274711358,0.001026123383582797
201.375,0.0007557416407028771,0.0008681049527153361,0.000699858292956703,0.0010365645956705429
201.41666666666666,0.000811961257474723,0.0008998823522154958,0.0007484467888784869,0.0010820869720090998
201.45833333333334,0.0008701912195063279,0.0009273153704153444,0.0007852088770772982,0.0011538720359069899
201.5,0.0009261721496271673,0.0009940782162344895,0.0008288933354907684,0.0011580600300785291
201.54166666666666,0.000976928740488169,0.001053152262309994,0.0008885009056363157,0.0012339009520658932
201.58333333333334,0.001018991461359841,0.001095329374524344,0.0009297339518437956,0.0012459330358057382
201.625,0.00105031617950145,0.0011010433010091758,0.0009607405827966656,0.001271797457525671
201.66666666666666,0.0010688157039055778,0.0011159228678871281,0.0009723255714132716,0.0012867834540418147
201.70833333333334,0.001073553440886415,0.001129095687945199,0.0010006119017671625,0.0012932029852295232
201.75,0.0010639205161907094,0.0011659619158168693,0.0010071593692151163,0.001286947928916017
201.79166666666666,0.0010392190200110608,0.0011575084740269531,0.0009868286687219803,0.001270930740863154
201.83333333333334,0.000999606212843485,0.0011102870716369843,0.0009450791406435584,0.0012538841998647257
201.875,0.0009479940940638036,0.0010423594875993022,0.0009047446906017701,0.001217489230164402
201.91666666666666,0.0008892947551458854,0.0009701209128801969,0.0008539184445494583,0.0011978257352667945
201.95833333333334,0.0008276622767390468,0.0009370207382762357,0.0007900862100864151,0.001121229573948757
202.0,0.0007673419091154159,0.0009029597773839483,0.0007270784493627697,0.0010698656595464827
202.04166666666666,0.0007122563416827952,0.0008362571991629209,0.0006633317066462266,0.0010138396688858234
202.08333333333334,0.0006667066639660936,0.0007891064961045754,0.0006229857899389618,0.00096598372022777
202.125,0.0006338254835896716,0.0007614647294663273,0.0005889511788093214,0.0009331025398513481
202.16666666666666,0.0006162322397197743,0.0007562158186758055,0.000587257824575438,0.0009157333355002015
202.20833333333334,0.0006154292540619537,0.0007562162754213334,0.0005834272883404996,0.0009183599950830296
202.25,0.0006314256271580133,0.0007746392078234962,0.0005991385617995644,0.0009397666013911532
202.29166666666666,0.0006623667027240486,0.000800207822753379,0.0006241433142825981,0.0009678228946796435
202.33333333333334,0.0007049106360575749,0.000828312849684294,0.0006560658209736373,0.0010261329770852984
202.375,0.000755717479497171,0.00086808079150963,0.0006998341317509968,0.0010333508086396506
202.41666666666666,0.0008119663619317483,0.0009004552600091752,0.0007484518933355121,0.0010820920764661253
202.45833333333334,0.0008701335150476767,0.0009291432604289989,0.0007851511726186471,0.0011538143314483386
202.5,0.0009261996268644805,0.0009941056934718029,0.0008289208127280817,0.0011580875073158425
202.54166666666666,0.000976864653009345,0.0010531361843430548,0.0008884368181574917,0.0012338368645870691
202.58333333333334,0.0010190075433048006,0.0010959688487886241,0.0009297500337887551,0.0012459491177506977
202.625,0.0010502800050841011,0.00110545238425337,0.0009607044083793166,0.001271761283108322
202.66666666666666,0.0010688228324828375,0.0011113712624025052,0.0009723326999905314,0.0012867905826190744
202.70833333333334,0.0010735326647484883,0.0011336001581912039,0.0010005911256292359,0.0012931822090915966
202.75,0.0010639289894543115,0.0011660336672390885,0.0010071678424787183,0.001286956402179619
202.79166666666666,0.0010392144304378348,0.001159038484690011,0.0009868240791487543,0.001270926151289928
202.83333333333334,0.0009995997693039045,0.0011105525124436447,0.000945072697103978,0.0012538777563251453
202.875,0.000947991499210993,0.001043442338417228,0.0009047420957489595,0.0012174866353115916
202.91666666666666,0.0008892960850815218,0.0009706308295483792,0.0008539197744850947,0.001197827065202431
202.95833333333334,0.0008276656470096673,0.0009365645096190698,0.0007900895803570357,0.0011180433183941916
203.0,0.0007673347627684691,0.0009029526310370014,0.0007272148258159501,0.0010698585131995357
203.04166666666666,0.0007122590801004546,0.0008364414744041742,0.000663334445063886,0.0010138424073034829
203.08333333333334,0.0006667147430127513,0.0007901771525615066,0.0006229938689856195,0.0009659917992744276
203.125,0.0006338063953104846,0.0007618255305431523,0.0005889320905301344,0.0009488360689489955
203.16666666666666,0.0006162408240866647,0.0007555353317601237,0.0005872664089423284,0.000915741919867092
203.20833333333334,0.0006154287097692833,0.000756595620484675,0.0005834267440478292,0.0009183594507903592
203.25,0.000631402903068911,0.0007755125772361224,0.0005991158377104621,0.000939743877302051
203.29166666666666,0.0006623548771681545,0.0008000337473664529,0.000624131488726704,0.0009678110691237494
203.33333333333334,0.0007048968727991964,0.0008300244858312443,0.0006560520577152589,0.00102611921382692
203.375,0.0007557138079617357,0.0008676394769637421,0.0006998304602155615,0.0010333471371042153
203.41666666666666,0.0008119498903832186,0.000901202392035731,0.0007484354217869825,0.0010820756049175957
203.45833333333334,0.0008701339648214579,0.0009296317609709865,0.0007851516223924283,0.0011380092863983284
203.5,0.0009261703316053963,0.0009940347933889845,0.0008288915174689975,0.0011580582120567582
203.54166666666666,0.0009768661874434259,0.0010523762200289391,0.0008884383525915726,0.0012158270499813893
203.58333333333334,0.0010189732365351418,0.001095678026305519,0.0009297157270190963,0.001245914810981039
203.625,0.0010502782012361024,0.0011068304808360175,0.0009607026045313179,0.0012717594792603234
203.66666666666666,0.0010687962123593607,0.0011109298848499154,0.0009723060798670545,0.0012867639624955976
203.70833333333334,0.00107353128820624,0.0011352653777942888,0.0010005897490869876,0.0012931808325493484
203.75,0.0010639266647698073,0.0011658918273613288,0.0010071655177942142,0.0012869540774951148
203.79166666666666,0.0010392405949769252,0.0011588950069679664,0.0009868502436878447,0.0012652844914517185
203.83333333333334,0.000999616646353511,0.001110569389493251,0.0009450895741535844,0.0012538946333747517
203.875,0.0009479794578034542,0.001044313211308909,0.0009047300543414207,0.0012174745939040527
203.91666666666666,0.0008893077055108955,0.0009706424499777528,0.0008539313949144684,0.0011978386856318047
203.95833333333334,0.0008276430213928171,0.0009360145395208936,0.0007900669547401854,0.0011180206927773413
204.0,0.0007673626681250595,0.0009052163187270588,0.0007272427311725405,0.001069886418556126
204.04166666666666,0.0007122626106120662,0.0008364450049157858,0.0006633379755754976,0.0010140738435149106
204.08333333333334,0.0006666761889398998,0.0007905301588512976,0.0006229553149127681,0.0009659532452015762
204.125,0.0006338518631460521,0.0007620836410618599,0.0005889775583657018,0.000948881536784563
204.16666666666666,0.0006162383251650102,0.0007555328328384693,0.0005872639100206739,0.0009157394209454375
204.20833333333334,0.0006154120582592581,0.0007565789689746498,0.0005834100925378039,0.000918342799280334
204.25,0.0006314186299717971,0.000776071357365121,0.0005991315646133482,0.0009397596042049371
204.29166666666666,0.0006623306034190808,0.0007994539033997457,0.0006241072149776303,0.0009677867953746757
204.33333333333334,0.0007048650410864724,0.0008327746161396454,0.0006560202260025348,0.0010263152878140123
204.375,0.0007556887270157293,0.0008672661659855768,0.0006998053792695552,0.0010333220561582089
204.41666666666666,0.0008119747264111615,0.0009004450383044964,0.0007484602578149254,0.001081801436380818
204.45833333333334,0.0008700808984485949,0.0009302513016381228,0.0007850985560195653,0.0011379562200254652
204.5,0.0009261961192032078,0.0009945722495754924,0.0008289173050668089,0.0011585588382088648
204.54166666666666,0.00097679199092261,0.0010523020235081234,0.0008883641560707568,0.0012157528534605735
204.58333333333334,0.001019002368959592,0.0010958206883628263,0.0009297448594435465,0.0012459439434054892
204.625,0.0010502079616148722,0.001107061446786659,0.0009606323649100877,0.0012716892396390932
204.66666666666666,0.0010688131425483857,0.0011113518013519848,0.0009723230100560795,0.0012867808926846226
204.70833333333334,0.0010734924556295676,0.0011347975104197187,0.0010005509165103151,0.0012938785038548476
204.75,0.0010639297906598056,0.0011654309227959023,0.0010071686436842124,0.001286957203385113
204.79166666666666,0.0010392329150330985,0.001158646058725711,0.000986842563744018,0.0012652768115078918
204.83333333333334,0.0009996008957610105,0.001111079785755914,0.000945073823561084,0.0012487371326756842
204.875,0.0009479825932273441,0.0010446775377217301,0.0009047331897653106,0.0012174777293279427
204.91666666666666,0.000889310966515455,0.0009706673196687114,0.000853934655919028,0.0011978419466363642
204.95833333333334,0.0008276430647559325,0.0009336526942471242,0.0007900669981033008,0.0011180207361404567
205.0,0.0007673636927653118,0.000908629407136365,0.0007272437558127928,0.0010698874431963785
205.04166666666666,0.0007122633574346599,0.0008367236871206867,0.0006673890526543096,0.0010140745903375041
205.08333333333334,0.0006666691010148816,0.0007908221988349307,0.0006229482269877499,0.0009659461572765581
205.125,0.0006338560131903361,0.0007621271777956862,0.0005889817084099859,0.000948885686828847
205.16666666666666,0.0006162441113502069,0.0007553826602422526,0.0005872696962058706,0.0009157452071306341
205.20833333333334,0.0006154069039138475,0.000756979641239689,0.0005874552684486118,0.0009183376449349235
205.25,0.0006314294752860712,0.0007726101732518224,0.0005991424099276223,0.0009397704495192112
205.29166666666666,0.0006623570933183356,0.0007989111739750632,0.0006241337048768851,0.0009678132852739305
205.33333333333334,0.0007048811731301556,0.0008327908655185088,0.000656036358046218,0.0010263314198576954
205.375,0.0007556836353158671,0.0008669576498661454,0.000699800287569693,0.0010333169644583468
205.41666666666666,0.0008119660270298055,0.000899970865133212,0.0007484515584335694,0.0010817927369994621
205.45833333333334,0.0008700565080569941,0.0009317539336158144,0.0007850741656279643,0.0011379318296338644
205.5,0.0009261977303471615,0.0009940304018056418,0.0008289189162107626,0.0011585604493528185
205.54166666666666,0.0009767512868921761,0.001053379712593235,0.0008883234520403228,0.0012157121494301396
205.58333333333334,0.0010189981373387763,0.0010958164567420106,0.0009307744081945551,0.0012459397117846735
205.625,0.0010501801304516403,0.0011058598211530627,0.0009606045337468558,0.001272397912358033
205.66666666666666,0.0010687971431689734,0.0011116212118485447,0.0009723070106766673,0.0012867648933052103
205.70833333333334,0.001073477110366671,0.0011328092353235526,0.0010005355712474186,0.0012938631585919511
205.75,0.0010639396296479224,0.0011654407617840191,0.0010083388530707658,0.00128696704237323
205.79166666666666,0.001039258237002118,0.0011600435198920096,0.0009868678857130374,0.0012653021334769112
205.83333333333334,0.0009996462585462277,0.0011098959382874665,0.0009451191863463011,0.0012487824954609014
205.875,0.0009480161415132599,0.0010449643800987051,0.0009047667380512264,0.0012175112776138584
205.91666666666666,0.0008892881484956697,0.0009712558724340284,0.0008539118378992426,0.001197819128616579
205.95833333333334,0.0008276765184533387,0.0009334118288616095,0.000790100451800707,0.001118054189837863
206.0,0.0007673282806507552,0.0009083938006899237,0.0007272083436982362,0.0010698520310818218
206.04166666666666,0.0007122566575635732,0.0008367169872496,0.000667382352783223,0.0010140678904664176
206.08333333333334,0.000666725286209151,0.0007913021239700058,0.0006230044121820192,0.0009660023424708273
206.125,0.0006338077462933878,0.0007591955814819583,0.0005889334415130375,0.0009488374199318987
206.16666666666666,0.0006162400395520279,0.0007552057267383323,0.0005872656244076916,0.0009157411353324551
206.20833333333334,0.0006154318826547871,0.0007569233473202742,0.0005874802471895514,0.0009183626236758631
206.25,0.0006314154534543145,0.0007730198913608716,0.0005991283880958657,0.0009397564276874545
206.29166666666666,0.0006623592602680896,0.0007989133409248172,0.000624135871826639,0.0009678154522236845
206.33333333333334,0.000704893898129533,0.000833749862321161,0.0006560490830455955,0.001026344144857073
206.375,0.0007556894256977317,0.0008659013360557725,0.0006998060779515575,0.0010333227548402113
206.41666666666666,0.0008119235055796776,0.0008985663382419623,0.0007484090369834415,0.0010817502155493343
206.45833333333334,0.0008700796538028295,0.0009325549482721351,0.0007850973113737999,0.0011379549753796998
206.5,0.0009261269075619865,0.0009947211072856986,0.0008288480934255877,0.0011584896265676434
206.54166666666666,0.0009767929730621653,0.0010534213987632242,0.000888365138210312,0.0012128535646550227
206.58333333333334,0.0010189239837916223,0.0010956657731737971,0.0009307002546474011,0.0012458655582375194
206.625,0.0010502112492714521,0.0010995533803184012,0.0009606356525666676,0.0012724290311778449
206.66666666666666,0.0010687557194709728,0.0011117791641945848,0.0009722655869786667,0.0012867234696072097
206.70833333333334,0.0010734910572601267,0.001124835324368635,0.0010005495181408743,0.0012938771054854068
206.75,0.001063919413411328,0.0011651974274541055,0.0010083186368341714,0.0012869468261366354
206.79166666666666,0.0010392342345294878,0.0011602860282211242,0.0009868438832404073,0.001262377860059175
206.83333333333334,0.0009996215472631925,0.0011107520112549473,0.0009450944750632659,0.0012487577841778662
206.875,0.0009479726377566811,0.001046965150557625,0.0009047232342946476,0.0012175522629074508
206.91666666666666,0.000889302985695088,0.0009704381286555299,0.0008539266750986609,0.0011978339658159972
206.95833333333334,0.0008276465534778457,0.0009331573701225198,0.0007900704868252141,0.00111802422486237
207.0,0.0007673603709095612,0.0009054233624658001,0.0007281209928800553,0.001069884121340628
207.04166666666666,0.0007122630236730655,0.0008369079470172447,0.0006673887188927153,0.0010140742565759098
207.08333333333334,0.0006666807597852516,0.0007916825450735027,0.0006229598857581199,0.000965957816046928
207.125,0.0006338499098335234,0.0007588803792659022,0.0005889756050531732,0.0009488795834720344
207.16666666666666,0.0006162379531552932,0.0007552031380443314,0.0005872635380109569,0.0009157390489357204
207.20833333333334,0.0006154134500468156,0.0007568134152746175,0.0005874618145815799,0.0009183441910678916
207.25,0.000631434410696503,0.0007736141625518183,0.0006000279042610671,0.0009397753849296431
207.29166666666666,0.0006623641545309389,0.0007985175908316927,0.0006241407660894883,0.0009678203464865337
207.33333333333334,0.0007048895532864032,0.0008314839137851734,0.0006549319933417769,0.0010263398000139431
207.375,0.0007556856465286418,0.0008659623990725751,0.0006998022987824676,0.0010333189756711215
207.41666666666666,0.0008119131435043806,0.0008979118402436188,0.0007483986749081445,0.001081739853474037
207.45833333333334,0.000870062936433936,0.0009342716852309646,0.0007850805940049064,0.0011380227470609776
207.5,0.0009261085564544616,0.000994853414929679,0.0008288297423180628,0.0011546466399076033
207.54166666666666,0.0009767756081734374,0.0010528242879395914,0.0008883477733215841,0.0012128361997662948
207.58333333333334,0.0010189049819736265,0.001094622488529309,0.0009306812528294052,0.0012458465564195236
207.625,0.0010501858410644801,0.001098277204046272,0.0009606102443596957,0.0012724036229708729
207.66666666666666,0.0010687399167022007,0.0011116836087395508,0.0009722497842098945,0.0012846613070370807
207.70833333333334,0.0010734741032400277,0.001123050634725323,0.0010005325641207752,0.0012938601514653077
207.75,0.0010639136447716526,0.00116522886594554,0.001008312868194496,0.00128694105749696
207.79166666666666,0.0010392264211450729,0.0011601563455840291,0.0009868360698559924,0.00126237004667476
207.83333333333334,0.000999615566341804,0.0011105751752603478,0.0009450884941418776,0.0012449271677039625
207.875,0.0009479731527563948,0.0010472474300790061,0.0009047237492943613,0.0012175527779071647
207.91666666666666,0.0008893023283557929,0.000969714135039762,0.0008539260177593658,0.001197833308476702
207.95833333333334,0.0008276489524830066,0.0009323489983278318,0.0007900728858303749,0.0011180266238675308
208.0,0.0007673577631466233,0.0009060391734684037,0.0007280444301487618,0.00106988151357769
208.04166666666666,0.0007122601397856582,0.0008366421622665628,0.000667385835005308,0.0010140713726885025
208.08333333333334,0.0006666861379899586,0.0007916879232782096,0.0006229652639628269,0.0009659631942516351
208.125,0.0006338452700560259,0.0007588757394884046,0.0005889709652756757,0.0009488749436945368
208.16666666666666,0.0006162362788334811,0.0007555818553757975,0.0005872618636891448,0.0009157373746139084
208.20833333333334,0.0006154181622192565,0.0007568181274470586,0.0005874665267540209,0.0009183489032403325
208.25,0.0006314191923370168,0.0007735989441923321,0.0006000126859015809,0.0009397601665701569
208.29166666666666,0.0006623401369419377,0.000798624864900943,0.0006178522335220681,0.0009677963288975325
208.33333333333334,0.0007048819770871459,0.0008303660051784754,0.0006549244171425195,0.0010263322238146858
208.375,0.0007556962398586705,0.0008659849014034299,0.0006998128921124964,0.0010333295690011502
208.41666666666666,0.0008118842094627291,0.0008967457846661437,0.000748369740866493,0.0010817109194323857
208.45833333333334,0.000870092703046172,0.0009377893228758523,0.0007851103606171423,0.0011211057935688505
208.5,0.0009260463870307557,0.00099515357459028,0.0008287675728943568,0.0011608223663815713
208.54166666666666,0.000976794659514967,0.0010520112344890795,0.0008883668246631136,0.0012128552511078243
208.58333333333334,0.0010188499973546867,0.00109448328904404,0.0009306262682104655,0.0012457915718005839
208.625,0.0010501849322937502,0.0010983366741979042,0.0009606093355889658,0.001272402714200143
208.66666666666666,0.0010687004830262268,0.0011116160834578983,0.0009733030134493112,0.0012846218733611069
208.70833333333334,0.0010734718623835893,0.0011233547888083912,0.0010005303232643369,0.0012938579106088694
208.75,0.0010638631733333685,0.0011648449492744938,0.0010082623967562119,0.001286890586058676
208.79166666666666,0.0010392283739594178,0.0011592998226046085,0.0009868380226703373,0.001262371999489105
208.83333333333334,0.0009996246827320256,0.0011101452193634652,0.000945097610532099,0.001244936284094184
208.875,0.0009479934035752244,0.0010504242431265995,0.0009047440001131909,0.0012006263086216306
208.91666666666666,0.0008892520750754812,0.0009699964676982616,0.0008538757644790541,0.0011977830551963904
208.95833333333334,0.0008277381392068578,0.0009321487651872421,0.0007901620725542262,0.001118115810591382
209.0,0.0007672809821365074,0.0009038230651570098,0.0007279676491386459,0.001069804732567574
209.04166666666666,0.0007122744254607605,0.0008366011659214233,0.0006614183258646506,0.0010140856583636048
209.08333333333334,0.0006667397374954904,0.0007918903939024562,0.0006230188634683587,0.0009660167937571668
209.125,0.0006337926620852684,0.0007588057778579706,0.0005889183573049182,0.0009488223357237794
209.16666666666666,0.0006162444989063079,0.0007555900754486243,0.0005872700837619716,0.0009157455946867352
209.20833333333334,0.0006154390419133057,0.0007571100552720756,0.00058748740644807,0.0009183697829343818
209.25,0.0006314159273749141,0.0007737445503489441,0.0006000094209394782,0.0009397569016080541
209.29166666666666,0.0006623489069352525,0.0007983009504285736,0.0006178610035153829,0.0009678050988908474
209.33333333333334,0.0007048796905386789,0.0008293734166172368,0.0006549221305940526,0.0010263299372662187
209.375,0.00075566558450896,0.0008662279247361768,0.0006997822367627858,0.0010332989136514396
209.41666666666666,0.0008119206759873064,0.0008966752413865084,0.0007484062073910703,0.001081747385956963
209.45833333333334,0.0008699978940753857,0.0009392316688956188,0.0007850155516463561,0.0011210109845980643
209.5,0.0009261103659990211,0.0009952175535585454,0.0008288315518626223,0.0011608863453498367
209.54166666666666,0.0009766846109050475,0.0010515918371785953,0.0008882567760531942,0.0012118550375722027
209.58333333333334,0.0010188996082872916,0.0010938800129523273,0.0009306758791430704,0.0012458411827331887
209.625,0.001050105739322922,0.0010986255009249432,0.0009605301426181376,0.0012723235212293148
209.66666666666666,0.0010687260989401498,0.0011117621444890096,0.0009733286293632342,0.0012846474892750299
209.70833333333334,0.001073424024008637,0.0011238214493500419,0.0010004824848893845,0.001293810072233917
209.75,0.0010639086992345393,0.0011648904751756647,0.0010083079226573827,0.0012869361119598468
209.79166666666666,0.0010392419329739585,0.0011591003172711685,0.000986851581684878,0.0012623855585036457
209.83333333333334,0.0009996426812569979,0.0011100919498081485,0.0009451156090570713,0.0012449542826191563
209.875,0.00094801280676913,0.0010518760257178066,0.0009047634033070965,0.0012006457118155362
209.91666666666666,0.0008892911506715919,0.000970628300532071,0.0008539148400751648,0.001197822130792501
209.95833333333334,0.0008276728836985475,0.000931882649966569,0.0007900968170459158,0.0011180505550830717
210.0,0.0007673328167212353,0.0009040592124629184,0.0007280194837233737,0.001069856567152302
210.04166666666666,0.0007122544357540999,0.000836273090361505,0.0006613983361579899,0.001014257457789126
210.08333333333334,0.000666724818638024,0.00079177514192548,0.0006230039446108922,0.0009660018748997003
210.125,0.0006338102663257165,0.0007588233820984187,0.0005889359615453663,0.0009488399399642274
210.16666666666666,0.000616237508447922,0.0007556224716797807,0.0005872630933035856,0.0009157386042283492
210.20833333333334,0.0006154316396659148,0.0007571026530246848,0.0005874800042006791,0.0009183623806869908
210.25,0.0006314111671267809,0.000774000906500167,0.000600004660691345,0.0009397521413599209
210.29166666666666,0.0006623484187753759,0.0007977378622034201,0.0006178605153555063,0.0009679963998631525
210.33333333333334,0.0007048776290926681,0.000828717442499849,0.0006549200691480417,0.0010263278758202079
210.375,0.0007556577113726329,0.0008665758543809638,0.0006997743636264587,0.0010349076654159418
210.41666666666666,0.0008119070160421809,0.0008966615814413829,0.0007483925474459448,0.0010817337260118375
210.45833333333334,0.0008699841322660872,0.0009393383296358223,0.0007850017898370574,0.0011209972227887656
210.5,0.0009260891550561873,0.0009951963426157117,0.0008288103409197885,0.001160865134407003
210.54166666666666,0.0009766625063563625,0.0010517216749647423,0.0008882346715045092,0.0012118329330235177
210.58333333333334,0.0010188773319574197,0.0010938577366224555,0.0009306536028131985,0.0012458189064033169
210.625,0.0010500826959161985,0.0010984467367736895,0.000960507099211414,0.0012739171027234208
210.66666666666666,0.0010687082462108558,0.0011118048302042733,0.0009733107766339402,0.0012846296365457358
210.70833333333334,0.001073409255943538,0.0011238618636921535,0.0010004677168242856,0.001293795304168818
210.75,0.0010638944429478025,0.0011648762188889278,0.001008293666370646,0.00128692185567311
210.79166666666666,0.00103923035349392,0.00115908873779113,0.0009868400022048395,0.0012623739790236072
210.83333333333334,0.000999636966555389,0.0011100862351065396,0.0009451098943554625,0.0012449485679175475
210.875,0.0009480158107850669,0.001052146103956814,0.0009047664073230334,0.001200648715831473
210.91666666666666,0.0008892863372777228,0.0009708441219426901,0.0008539100266812957,0.001197817317398632
210.95833333333334,0.0008276851171705932,0.0009318948834386147,0.0007901090505179616,0.0011180627885551174
211.0,0.0007673162822672132,0.0009032462661778379,0.0007280029492693517,0.00106984003269828
211.04166666666666,0.0007122651921128952,0.0008362838467203002,0.0006614090925167852,0.0010142682141479214
211.08333333333334,0.0006667285237402062,0.0007917788470276621,0.0006230076497130744,0.0009660055800018826
211.125,0.0006337930797452306,0.0007583409424228192,0.0005889187749648804,0.0009488227533837416
211.16666666666666,0.0006162510048496196,0.0007556359680814783,0.0005872765897052833,0.0009157521006300469
211.20833333333334,0.0006154293175037615,0.0007568263819782074,0.0005874776820385258,0.0009183600585248374
211.25,0.0006313984380845031,0.0007744847539017986,0.0005999919316490672,0.000939739412317643
211.29166666666666,0.000662349079839098,0.0007973898404602879,0.0006178611764192284,0.0009679970609268747
211.33333333333334,0.0007048703098262736,0.0008289659419136659,0.0006549127498816472,0.0010263205565538135
211.375,0.000755656076205884,0.0008667501894577738,0.0006997727284597099,0.001034906030249193
211.41666666666666,0.0008118584427877896,0.0008957314113169189,0.0007483439741915534,0.0010816851527574462
211.45833333333334,0.0008700104261542619,0.0009393081312216363,0.0007850280837252323,0.0011210235166769405
211.5,0.000926018622171446,0.0009951258097309703,0.0008287398080350472,0.0011607946015222616
211.54166666666666,0.000976700674711626,0.0010517598433200058,0.0008882728398597727,0.0012118711013787815
211.58333333333334,0.0010188014278299578,0.0010937818324949936,0.0009305776986857366,0.001245743002275855
211.625,0.0010501165089669673,0.001098611133300277,0.0009605409122621829,0.0012739509157741896
211.66666666666666,0.001068657425948744,0.0011117540099421614,0.0009732599563718284,0.001284578816283624
211.70833333333334,0.0010734284142736614,0.0011240116054980955,0.0010004868751544089,0.0012938144624989414
211.75,0.0010638791062010033,0.0011646684537932332,0.0010082783296238467,0.0012869065189263108
211.79166666666666,0.0010392249717163802,0.0011590833560135901,0.0009868346204272996,0.0012623685972460673
211.83333333333334,0.0009996183120003462,0.001110213469481611,0.0009450912398004197,0.0012449299133625046
211.875,0.0009479710634147092,0.001052708622706415,0.0009047216599526757,0.0012006039684611153
211.91666666666666,0.0008892973965147878,0.0009709784618551602,0.0008539210859183607,0.001197828376635697
211.95833333333334,0.0008276544272248316,0.000932040163736412,0.0007900783605722,0.0011180320986093558
212.0,0.0007673562506244551,0.0009036730978576774,0.0007280429176265936,0.0010698800010555218
212.04166666666666,0.0007122543569106145,0.0008364078557155759,0.0006613982573145046,0.0010142573789456407
212.08333333333334,0.0006666954545558673,0.000791954591080774,0.0006229745805287355,0.0009659725108175436
212.125,0.0006338394020967142,0.0007583872647743028,0.000588965097316364,0.000948869075735225
212.16666666666666,0.0006162325781982359,0.0007555362687697402,0.0005872581630538996,0.0009157336739786631
212.20833333333334,0.0006154229331960504,0.0007568199976704963,0.0005874712977308147,0.0009183536742171265
212.25,0.0006314296208248426,0.0007747247498795889,0.0006000231143894067,0.0009397705950579825
212.29166666666666,0.0006623478800491261,0.0007977627736746391,0.0006178599766292565,0.0009679958611369027
212.33333333333334,0.0007048665148940412,0.0008281121646114338,0.0006531507766440469,0.0010263167616215811
212.375,0.0007556399716399707,0.0008667340848918605,0.0006997566238937966,0.0010348899256832798
212.41666666666666,0.0008118835321282891,0.0008957565006574185,0.000748369063532053,0.0010817102420979457
212.45833333333334,0.0008699493270281392,0.0009413217387634151,0.0007962966879824883,0.0011209624175508178
212.5,0.0009260484091001756,0.0009951786485500277,0.0008287695949637767,0.0011608243884509912
212.54166666666666,0.0009766185990585186,0.0010516777676668984,0.0008881907642066653,0.0012117890257256738
212.58333333333334,0.0010188296896460327,0.0010932705559627575,0.0009306059605018115,0.0012457712640919299
212.625,0.0010500382081750927,0.0010986676995184445,0.0009604626114703082,0.001273872614982315
212.66666666666666,0.0010686702502060801,0.001112765793008063,0.0009732727806291646,0.0012845916405409602
212.70833333333334,0.001073381349259663,0.0011240994074941393,0.0010004398101404106,0.001293767397484943
212.75,0.0010638894153684542,0.0011639574139635778,0.0010082886387912976,0.0012869168280937617
212.79166666666666,0.0010392425345714124,0.0011591009188686224,0.0009868521832823319,0.0012623861601010996
212.83333333333334,0.0009996477620796112,0.0011100792130850025,0.0009451206898796847,0.0012449593634417696
212.875,0.0009480108024548543,0.001052762361037038,0.0009047613989928208,0.0012006437075012604
212.91666666666666,0.0008892948197440875,0.0009704240181547939,0.0008539185091476604,0.0011978257998649967
212.95833333333334,0.0008276641223586311,0.0009320498588702115,0.0007900880557059995,0.0011180417937431554
213.0,0.0007673437091711672,0.0009025825610800658,0.0007231678970439211,0.0010698674596022338
213.04166666666666,0.0007122510937990939,0.0008364045926040554,0.000661394994202984,0.00101425411583412
213.08333333333334,0.0006667127376763721,0.0007923222795429303,0.0006229918636492404,0.0009659897939380484
213.125,0.0006338280639747736,0.0007583759266523622,0.0005889537591944234,0.0009488577376132846
213.16666666666666,0.0006162306972145127,0.0007552582946901796,0.0005872562820701764,0.0009157317929949399
213.20833333333334,0.0006154311505388782,0.0007568282150133241,0.0005874795150736425,0.0009183618915599541
213.25,0.0006314292241007591,0.0007748921733714277,0.0006000227176653232,0.000939770198333899
213.29166666666666,0.0006623621325390683,0.0007977770261645813,0.0006178742291191987,0.0009680101136268449
213.33333333333334,0.000704878367546104,0.0008277577745999051,0.0006483001501667253,0.0010263286142736438
213.375,0.0007556374084766472,0.0008667870212993507,0.0006997540607304731,0.0010317617023732164
213.41666666666666,0.0008118433585907874,0.0008956142173041077,0.0007483288899945513,0.001081670068560444
213.45833333333334,0.000869958046201447,0.0009412769012430665,0.000796305407155796,0.0011209711367241254
213.5,0.0009260002878776751,0.0009947761958668821,0.0008287214737412763,0.0011607762672284907
213.54166666666666,0.0009766269433605492,0.0010515534889933666,0.0008881991085086958,0.0012117973700277044
213.58333333333334,0.001018774668804732,0.0010923245754862032,0.0009305509396605107,0.001245716243250629
213.625,0.001050045939563705,0.0010986754309070567,0.0009604703428589205,0.0012718339865695702
213.66666666666666,0.0010686354779684078,0.00111234488863392,0.0009732380083914922,0.0012845568683032878
213.70833333333334,0.0010733829384415561,0.0011241009966760323,0.0010004413993223037,0.0012917226268654794
213.75,0.001063821510277046,0.0011632116688799676,0.0010082207336998895,0.0012868489230023535
213.79166666666666,0.001039191692536656,0.0011587250193406283,0.0009868013412475754,0.001262335318066343
213.83333333333334,0.0009996092122448832,0.0011099569590887844,0.0009450821400449566,0.0012449208136070416
213.875,0.0009480027281839736,0.001052488130348639,0.0009047533247219401,0.0012006356332303798
213.91666666666666,0.0008892435563990193,0.0009710983214590304,0.0008538672458025922,0.0011977745365199285
213.95833333333334,0.0008277470937245557,0.0009317925550141547,0.000790171027071924,0.001117646473840299
214.0,0.0007672635484213485,0.000901948883009768,0.0007230877362941025,0.0010697872988524152
214.04166666666666,0.0007122987822602283,0.0008360414948027264,0.0006674784832971701,0.0010143018042952545
214.08333333333334,0.0006667287571804483,0.0007923382990470065,0.0006230078831533166,0.0009660058134421248
214.125,0.0006337825518915227,0.0007583304145691112,0.0005889082471111724,0.0009488122255300336
214.16666666666666,0.0006162590488338593,0.0007552866463095262,0.000587284633689523,0.0009157601446142866
214.20833333333334,0.0006154336168319559,0.0007568306813064018,0.0005874819813667202,0.0009183643578530319
214.25,0.0006313962953850199,0.0007743626682117791,0.000599989788949584,0.0009397372696181599
214.29166666666666,0.0006623407730677192,0.0007969992171341224,0.0006238886702809014,0.0009679887541554959
214.33333333333334,0.0007048526838267851,0.0008278736727278887,0.0006482744664474063,0.0010263695057280181
214.375,0.0007556335596401672,0.0008667831724628707,0.0006997502118939931,0.0010290873463737105
214.41666666666666,0.0008118143678233456,0.0008956684325302353,0.0007482998992271095,0.001081641077793002
214.45833333333334,0.000869965477054091,0.0009412843320957105,0.0007963128380084401,0.0011209785675767696
214.5,0.0009259527967186109,0.0009954612921921,0.000828673982582212,0.0011607287760694264
214.54166666666666,0.000976636520344911,0.0010515630659777284,0.0008882086854930576,0.0012118069470120662
214.58333333333334,0.0010187254796633148,0.0010894884892709877,0.0009305017505190935,0.001245667054109212
214.625,0.00105005297101936,0.0010989677440816311,0.0009604773743145756,0.0012718410180252253
214.66666666666666,0.0010686016622776812,0.0011124736627048514,0.0009732041927007657,0.0012845896277862544
214.70833333333334,0.001073385011788511,0.0011243883517419065,0.0010004434726692585,0.0012917247002124342
214.75,0.0010638062227726801,0.0011591495780813633,0.0010082054461955235,0.0012868336354979876
214.79166666666666,0.0010391960502137106,0.001158729377017683,0.00098680569892463,0.0012623396757433978
214.83333333333334,0.0009996123599398004,0.0011094225379516495,0.0009450852877398738,0.0012449239613019588
214.875,0.0009479875538020466,0.001052472955966712,0.0009047381503400131,0.0012006204588484526
214.91666666666666,0.0008892910095575406,0.0009714483621065268,0.0008539146989611135,0.0011978219896784498
214.95833333333334,0.0008276748720471181,0.0009317203333367172,0.0007900988053944865,0.0011149037449998357
215.0,0.0007673361249369148,0.0009027610100221153,0.0007231603128096687,0.0010698598753679815
215.04166666666666,0.0007122521231527983,0.0008367500186625177,0.0006674318241897401,0.0010142551451878246
215.08333333333334,0.0006667197024088559,0.0007924295773949237,0.0006229988283817242,0.0009659967586705323
215.125,0.0006338181071069092,0.0007583659697844978,0.000588943802326559,0.0009488477807454201
215.16666666666666,0.0006162324985379379,0.0007552427423539283,0.0005872580833936016,0.0009157335943183652
215.20833333333334,0.0006154313137078303,0.0007568283781822762,0.0005874796782425946,0.0009183620547289062
215.25,0.0006314021360386339,0.0007743685088653931,0.000599995629603198,0.0009397431102717739
215.29166666666666,0.000662334844207551,0.0007977484712411755,0.0006238827414207332,0.0009679828252953277
215.33333333333334,0.000704849690407034,0.0008279737751570505,0.0006482714730276552,0.0010263665123082671
215.375,0.0007556270975675042,0.0008658287692085251,0.0006997437498213301,0.0010290808843010475
215.41666666666666,0.000811799988508781,0.0008954798392207893,0.0007482855199125449,0.0010816266984784374
215.45833333333334,0.000869943195316856,0.0009412620503584755,0.000796290556271205,0.0011187504316235652
215.5,0.0009259293466490433,0.0009952201915122399,0.0008286505325126444,0.0011607053259998588
215.54166666666666,0.0009766140182794892,0.0010513886215774745,0.0008881861834276359,0.0012117844449466447
215.58333333333334,0.001018698112878965,0.0010732544341376887,0.0009304743837347438,0.0012456396873248622
215.625,0.0010500310144373917,0.0010986229765757402,0.0009615480806479977,0.001271819061443257
215.66666666666666,0.0010685734618432396,0.0011124454622704098,0.0009731759922663241,0.0012845614273518128
215.70833333333334,0.0010733697035699957,0.0011239825881258945,0.0010015208273661338,0.001291709391993919
215.75,0.0010638105769698806,0.0011445794412509934,0.001008209800392724,0.001286837989695188
215.79166666666666,0.001039201793321019,0.001158697496905961,0.0009868114420319384,0.001262345418850706
215.83333333333334,0.0009996214187517358,0.0011095117801709108,0.0009450943465518092,0.0012449330201138942
215.875,0.0009479749207920296,0.0010526083378515879,0.0009047255173299961,0.0012006078258384356
215.91666666666666,0.0008893136499405666,0.00097064340124643,0.0008539373393441395,0.0011978446300614759
215.95833333333334,0.0008276322590950418,0.0009319856730870782,0.0007900561924424101,0.0011148611320477592
216.0,0.0007673670110815447,0.0009027918961667451,0.0007231911989542987,0.0010698907615126114
216.04166666666666,0.0007122795817505401,0.0008369252281821328,0.0006674592827874819,0.0010142826037855663
216.08333333333334,0.000666654649088737,0.0007923645240748049,0.0006229337750616053,0.0009659317053504133
216.125,0.0006338505182777683,0.0007586941710519587,0.000588976213497418,0.0009488801919162792
216.16666666666666,0.0006162593352353298,0.0007552695790513202,0.0005872849200909935,0.0009157604310157571
216.20833333333334,0.0006154036674040486,0.0007570965219750964,0.000587452031938813,0.0009183344084251246
216.25,0.0006314265742345569,0.0007743929470613161,0.000600020067799121,0.0009397675484676969
216.29166666666666,0.0006623379735207862,0.0007979996845957935,0.0006238858707339683,0.0009679859546085629
216.33333333333334,0.0007048284027156057,0.0008282307002549639,0.0006482501853362269,0.0010263452246168387
216.375,0.0007556050708395393,0.0008663605131019884,0.0006997217230933652,0.0010290588575730827
216.41666666666666,0.0008117843837975095,0.0008940532202068299,0.0007482699152012734,0.001081611093767166
216.45833333333334,0.0008699336948790882,0.0009412724127562077,0.0007962810558334373,0.0011187409311857975
216.5,0.0009258926243797933,0.000995367340752663,0.0008286138102433945,0.0011606686037306088
216.54166666666666,0.000976583999065889,0.0010513586023638743,0.0008881561642140358,0.0012126445906587464
216.58333333333334,0.001018667004261825,0.0010653002722936205,0.0009304432751176038,0.0012456085787077222
216.625,0.0010499953892164175,0.0010987077964719543,0.0009615124554270235,0.0012717834362222828
216.66666666666666,0.0010685561225302984,0.001113022901645902,0.0009710609700761692,0.0012845440880388716
216.70833333333334,0.0010733526506303689,0.0011240605305263163,0.001001503774426507,0.0012916923390542921
216.75,0.0010638040430662823,0.0011336024825922184,0.0010082032664891257,0.0012868314557915898
216.79166666666666,0.0010392080535844988,0.001158703757169441,0.0009868177022954183,0.001262351679114186
216.83333333333334,0.000999630408182429,0.0011098293469240187,0.0009451033359825025,0.0012449420095445875
216.875,0.0009480236410906232,0.0010526153502856393,0.0009047742376285897,0.0012006565461370293
216.91666666666666,0.0008892398739339596,0.000970569625239823,0.0008538635633375325,0.0011977708540548688
216.95833333333334,0.0008277338835862072,0.0009319321779388336,0.0007901578169335756,0.0011149627565389248
217.0,0.0007672533731814838,0.000902715979079615,0.0007230775610542378,0.0010697771236125506
217.04166666666666,0.0007123321915077791,0.0008369294844288564,0.0006675118925447209,0.0010143352135428053
217.08333333333334,0.0006666631669240426,0.0007923730419101104,0.0006229422928969109,0.0009659402231857189
217.125,0.0006338062800203195,0.0007586885949572155,0.0005889319752399693,0.0009488359536588305
217.16666666666666,0.0006162570819209985,0.0007552673257369888,0.0005872826667766622,0.0009157581777014258
217.20833333333334,0.0006153956180622523,0.0007571231932856579,0.0005874439825970167,0.0009183263590833284
217.25,0.0006314165202953916,0.0007743828931221508,0.0006000100138599557,0.0009397574945285316
217.29166666666666,0.0006623296539884732,0.0007977428537950411,0.0006238775512016554,0.0009679776350762498
217.33333333333334,0.0007048271558974142,0.0008290088504141641,0.0006482489385180355,0.0010263439777986473
217.375,0.0007555901356719695,0.0008665494797288026,0.0006997067879257954,0.0010290439224055127
217.41666666666666,0.0008118130067937333,0.0008932277291547471,0.0007482985381974972,0.0010816397167633899
217.45833333333334,0.000869859861982098,0.0009411985798592175,0.000796207222936447,0.0011186670982888073
217.5,0.0009259327943026227,0.0009952160978493228,0.0008286539801662238,0.0011544708777557644
217.54166666666666,0.0009764914465951761,0.0010512660498931614,0.0008880636117433228,0.0012125520381880335
217.58333333333334,0.0010187012362282892,0.0010639816158854666,0.000930477507084068,0.0012456428106741863
217.625,0.0010499166919675424,0.0010990330837105783,0.0009614337581781484,0.0012717047389734077
217.66666666666666,0.0010685703603394157,0.001113041482900754,0.0009797186760243989,0.0012845583258479889
217.70833333333334,0.0010733068571618612,0.0011240556658602776,0.0010014579809579994,0.0012916465455857845
217.75,0.001063849219462515,0.0011334107259652387,0.0010082484428853584,0.0012868766321878224
217.79166666666666,0.0010392287946990146,0.0011587244982839567,0.000986838443409934,0.0012623724202287018
217.83333333333334,0.00099965064738261,0.0011100920518094437,0.0009451235751826834,0.0012449622487447683
217.875,0.0009480227288905962,0.0010530734577159505,0.0009047733254285627,0.0012006556339370024
217.91666666666666,0.0008892675314701049,0.0009707728600941327,0.0008538912208736778,0.001197798511591014
217.95833333333334,0.0008277075526005937,0.000932054396624272,0.000790131485947962,0.001114936425553311
218.0,0.0007673066476689173,0.0009021482298587186,0.0007231308355416713,0.001069830398099984
218.04166666666666,0.0007122538956864602,0.0008368511886075375,0.000667433596723402,0.0010142569177214863
218.08333333333334,0.0006667369584546608,0.0007924468334407287,0.0006230160844275291,0.0009660140147163373
218.125,0.0006338170617488546,0.0007586993766857506,0.0005889427569685043,0.0009488467353873654
218.16666666666666,0.0006162303335610067,0.000755240577376997,0.0005872559184166704,0.000915731429341434
218.20833333333334,0.0006154370011586229,0.0007569799827238762,0.0005874853656933873,0.0009183677421796989
218.25,0.0006314286560406356,0.0007746017772530059,0.0006000221496051997,0.0009397696302737756
218.29166666666666,0.000662347221922214,0.0007977604217287819,0.0006238951191353962,0.0009679952030099906
218.33333333333334,0.0007048489100773531,0.000829030604594103,0.0006482706926979743,0.0010263657319785863
218.375,0.0007555932584213521,0.0008663329180688486,0.0006997099106751779,0.0010290470451548954
218.41666666666666,0.0008117731617179477,0.0008929841985693525,0.0007481813122866009,0.0010815998716876044
218.45833333333334,0.0008698677953085689,0.0009412065131856884,0.0007962151562629179,0.001118675031615278
218.5,0.0009258795627882883,0.0009960434904332629,0.0008286007486518895,0.00115441764624143
218.54166666666666,0.000976508016788486,0.0010512826200864713,0.0008880801819366327,0.0012125686083813434
218.58333333333334,0.0010186367699913166,0.0010639171496484943,0.0009173246179850894,0.0012455783444372138
218.625,0.001049935433871164,0.0010990518256141998,0.00096145250008177,0.0012717234808770292
218.66666666666666,0.0010685237135993223,0.0011111060261163048,0.0009796720292843055,0.0012845116791078955
218.70833333333334,0.0010733146882038302,0.0011240831065443353,0.0010014658119999683,0.0012916543766277534
218.75,0.0010638015241110064,0.0011334475706938736,0.0009951399361458081,0.0012868289368363139
218.79166666666666,0.0010391792016666904,0.0011587967745043126,0.0009867888503776099,0.0012623228271963776
218.83333333333334,0.0009996036455107772,0.001110045049937611,0.0009450765733108506,0.0012449152468729356
218.875,0.000947981777625606,0.0010530325064509603,0.0009047323741635725,0.0012006146826720123
218.91666666666666,0.0008893090792358209,0.0009716274123803792,0.0008539327686393938,0.0011978400593567302
218.95833333333334,0.0008276448737237843,0.0009315139993433047,0.0007900688070711526,0.0011148737466765018
219.0,0.000767359786814625,0.0009038748435275148,0.000722303415764366,0.0010698835372456917
219.04166666666666,0.0007122602662360689,0.0008366729654989939,0.0006674399672730107,0.0010196077743086314
219.08333333333334,0.0006666824784378177,0.0007923923534238856,0.000622961604410686,0.0009659595346994942
219.125,0.0006338490594713392,0.0007587313744082352,0.000588974754690989,0.0009488787331098501
219.16666666666666,0.000616235962463258,0.0007547809531841346,0.0005872615473189217,0.0009157370582436852
219.20833333333334,0.0006154154869714216,0.0007569584685366749,0.000587463851506186,0.0009183462279924976
219.25,0.0006314174599636502,0.0007743344862967838,0.0005991303946052013,0.0009397584341967901
219.29166666666666,0.0006623170524185037,0.0007977302522250715,0.0006238649496316859,0.0009733095195438166
219.33333333333334,0.0007048132097388357,0.0008283748892830269,0.0006481167394881962,0.0010263300316400688
219.375,0.0007555744468409213,0.0008655015785409383,0.0006996910990947472,0.0010290282335744646
219.41666666666666,0.0008117782079981554,0.0008939331615411341,0.0007481863585668085,0.001081604917967812
219.45833333333334,0.000869826869110133,0.0009417422819287783,0.0007961742300644821,0.0011186341054168422
219.5,0.0009258800525130481,0.0009960439801580227,0.0008286012383766492,0.0011544181359661899
219.54166666666666,0.0009764522339333511,0.0010517877081281657,0.0008880243990814978,0.0012125128255262086
219.58333333333334,0.001018640634951237,0.0010640334728117594,0.0009173961150037013,0.001245582209397134
219.625,0.0010498712387614247,0.0010989876305044605,0.0009613883049720307,0.00127165928576729
219.66666666666666,0.0010685235531331318,0.0011106655300663418,0.0009796718688181148,0.001284511518641705
219.70833333333334,0.0010732774707589495,0.0011240458890994546,0.0010014285945550876,0.0012916171591828727
219.75,0.0010638018952248418,0.001133447941807709,0.000995207939318335,0.0012868293079501493
219.79166666666666,0.0010391809930840549,0.001158798565921677,0.0009867906417949743,0.001262324618613742
219.83333333333334,0.000999594773519265,0.0011112653881997635,0.0009450677013193385,0.0012449063748814235
219.875,0.000947992307294167,0.0010535884990534926,0.0009047429038321335,0.0012006252123405732
219.91666666666666,0.0008892948929328686,0.0009715680605385343,0.0008539185823364415,0.0011978258730537777
219.95833333333334,0.0008276696693625558,0.0009316521024490227,0.0007900936027099241,0.0011148985423152732
220.0,0.0007673364163077641,0.0008992643144775427,0.0007208578239549854,0.0010698601667388308
220.04166666666666,0.0007122532557285664,0.0008365887934827032,0.0006674329567655082,0.0010196007638011287
220.08333333333334,0.0006667184530367955,0.0007924283280228634,0.0006229975790096638,0.0009659955092984719
220.125,0.00063381576914659,0.0007615814135002654,0.0005889414643662397,0.0009488454427851008
220.16666666666666,0.000616233750375316,0.0007547787410961927,0.0005872593352309797,0.0009157348461557433
220.20833333333334,0.0006154301790436103,0.0007569731606088635,0.0005874785435783746,0.0009183609200646862
220.25,0.0006314117171230012,0.0007790315429905535,0.0005991246517645523,0.0009397526913561411
220.29166666666666,0.0006623382295100935,0.0007977397919131228,0.0006238861267232757,0.0009733306966354063
220.33333333333334,0.0007048398303963222,0.0008247359166687327,0.0006468530274050166,0.0010263566522975553
220.375,0.0007555773414107676,0.0008658651682222663,0.0006996939936645935,0.0010290311281443108
220.41666666666666,0.0008117663435491507,0.0008930659624117834,0.0007481744941178039,0.0010815930535188073
220.45833333333334,0.0008698042770125219,0.0009417196898311672,0.000796151637966871,0.0011186115133192311
220.5,0.0009258566776987552,0.0009960206053437298,0.0008285778635623563,0.001154394761151897
220.54166666666666,0.0009764206813182406,0.0010517561555130552,0.0008879928464663873,0.001212481272911098
220.58333333333334,0.0010186143178604232,0.0010696300997301356,0.0009173697979128877,0.0012455558923063204
220.625,0.0010498430127362636,0.0010993023913913123,0.0009613600789468696,0.0012716310597421288
220.66666666666666,0.0010684993663674272,0.0011105545878990232,0.0009796476820524104,0.0012844873318760004
220.70833333333334,0.0010732539696717421,0.0011248423818998837,0.0010014050934678803,0.0012915936580956654
220.75,0.0010638145731210874,0.0011402242301661188,0.0009952206172145807,0.001286841985846395
220.79166666666666,0.0010392101964677937,0.0011587349009666852,0.0009868198451787131,0.0012623538219974808
220.83333333333334,0.0009996413070310517,0.001111477065114186,0.0009451142348311252,0.001250495206588206
220.875,0.0009480111695815682,0.0010545449044252863,0.0009047617661195347,0.0012006440746279742
220.91666666666666,0.0008892934158288453,0.000971566583434511,0.0008539171052324182,0.0011978243959497544
220.95833333333334,0.0008276646227417298,0.0009325726249416807,0.0007900885560890982,0.0011148934956944473
221.0,0.0007673416245138081,0.0008970370191376019,0.0007208630321610295,0.0010698653749448748
221.04166666666666,0.0007122502608968871,0.0008370146470318362,0.0006633796316776105,0.0010195977689694494
221.08333333333334,0.0006667153805074977,0.0007929808257111991,0.000622994506480366,0.000965992436769174
221.125,0.0006338238375482313,0.0007619822975396207,0.0005889495327678811,0.0009488535111867423
221.16666666666666,0.0006162305397625985,0.0007547755304834751,0.0005872561246182622,0.0009157316355430258
221.20833333333334,0.0006154310992710785,0.0007573266560971454,0.0005834291335496244,0.0009183618402921545
221.25,0.0006314158177121162,0.0007786595715991073,0.0005991287523536673,0.0009397567919452562
221.29166666666666,0.0006623442604256303,0.0007988947370681043,0.0006238921576388125,0.0009733367275509432
221.33333333333334,0.0007048388367920148,0.0008231359549334629,0.0006468520338007091,0.0010261277529934317
221.375,0.0007555695032831936,0.0008659102078037505,0.0006996861555370195,0.001029023290016737
221.41666666666666,0.0008117234423089391,0.0008927534864351682,0.0007481315928775923,0.0010815501522785957
221.45833333333334,0.0008698078056032524,0.0009433863388371092,0.0007961551665576015,0.0011186150419099617
221.5,0.0009257998398733053,0.0009950907261314548,0.0008285210257369065,0.0011542636328605808
221.54166666666666,0.0009764293591305643,0.0010515678404420454,0.000888001524278711,0.0012124899507234216
221.58333333333334,0.0010185528275501554,0.0010690043235031708,0.0009173083076026198,0.0012454944019960525
221.625,0.001049852002797284,0.0010997764264172262,0.0009613690690078901,0.0012716400498031493
221.66666666666666,0.001068455248684738,0.001108041099320902,0.000979603564369721,0.0012844432141933112
221.70833333333334,0.0010732602496740466,0.0011253137068670815,0.0010014113734701847,0.0012915999380979698
221.75,0.0010637836851507463,0.0011392010175311261,0.0009951897292442395,0.0012868110978760537
221.79166666666666,0.0010391806538112875,0.0011585083654268456,0.000986790302522207,0.0012679921037182745
221.83333333333334,0.0009996107045174248,0.001111446462600559,0.0009450836323174983,0.0012504646040745792
221.875,0.0009479799839664788,0.0010551877319164666,0.0009047305805044453,0.0012006128890128848
221.91666666666666,0.0008893177778686163,0.000971590945474282,0.0008539414672721892,0.0011978487579895256
221.95833333333334,0.0008276295350815428,0.0009325375372814937,0.0007900534684289112,0.0011148584080342603
222.0,0.0007673659722797062,0.0008886448065167081,0.0007208873799269275,0.0010698897227107728
222.04166666666666,0.0007122786253677633,0.0008356885807742291,0.0006634079961484867,0.0010193982277405095
222.08333333333334,0.000666652671853146,0.0007932571393774256,0.0006229317978260143,0.0009659297281148224
222.125,0.000633850838062437,0.0007621228549146934,0.0005889765332820867,0.0009488805117009478
222.16666666666666,0.0006162613189771552,0.0007548063096980319,0.0005872869038328189,0.0009157624147575824
222.20833333333334,0.0006154010535298554,0.0007572966103559222,0.0005833990878084012,0.0009183317945509313
222.25,0.0006314262495620579,0.00077873809900365,0.000599139184203609,0.000939767223795198
222.29166666666666,0.0006623417167461632,0.0007977633237046263,0.0006238896139593454,0.0009733341838714761
222.33333333333334,0.0007048174215959457,0.0008158860517606063,0.0006468306186046401,0.0010261063377973625
222.375,0.0007555385247084061,0.0008665013495655414,0.000699655176962232,0.0010289923114419493
222.41666666666666,0.0008117406297913641,0.0008935119600456379,0.0007481487803600172,0.001081866344325741
222.45833333333334,0.0008697501389660697,0.0009433286721999266,0.0007960974999204188,0.001118557375272779
222.5,0.0009258262284442936,0.0009954351800615616,0.0008285474143078947,0.001154290021431569
222.54166666666666,0.0009763431152929675,0.0010519368858032607,0.0008879152804411142,0.001212403706885825
222.58333333333334,0.0010185714762841684,0.0010695266640470046,0.0009173269563366328,0.0012455130507300655
222.625,0.001049779681752954,0.001100297403009794,0.0009612967479635601,0.0012715677287588193
222.66666666666666,0.0010684588584858837,0.001108477139771526,0.000979607174170867,0.001284446823994457
222.70833333333334,0.0010732224284085894,0.0011255431586027955,0.0010013735522047275,0.0012915621168325126
222.75,0.0010637636499896594,0.0011392952111420002,0.0009951696940831527,0.001286791062714967
222.79166666666666,0.001039176019153767,0.001156904654047182,0.0009867856678646865,0.0012679874690607541
222.83333333333334,0.0009996127660445073,0.0011114485241276416,0.0009450856938445808,0.0012504666656016615
222.875,0.0009480281969266885,0.0010553356199673382,0.0009047787934646549,0.0012006611019730945
222.91666666666666,0.0008892434966562822,0.000971619315625399,0.0008538671860598551,0.0011977744767771915
222.95833333333334,0.0008277305996313092,0.0009334432194317364,0.0007901545329786775,0.0011149594725840266
223.0,0.0007672553262142923,0.0008887027484281621,0.0007206332110613864,0.001069779076645359
223.04166666666666,0.000712330212993318,0.0008358162616332054,0.0006634595837740414,0.0010194498153660641
223.08333333333334,0.0006666667817818282,0.0007931518154036006,0.0006229459077546965,0.0009659438380435046
223.125,0.000633804505726818,0.0007624200848076268,0.0005889302009464678,0.0009330815619884944
223.16666666666666,0.0006162616658012564,0.000754806656522133,0.0005872872506569201,0.0009157627615816835
223.20833333333334,0.0006153973138856759,0.0007576364329402952,0.0005833953481642217,0.0009183280549067519
223.25,0.0006314416978754923,0.0007787535473170843,0.0005990111097169161,0.0009397826721086322
223.29166666666666,0.0006623711568581424,0.0007978986771733979,0.0006239190540713246,0.0009733636239834552
223.33333333333334,0.0007048325514726601,0.0008159011816373207,0.0006468457484813545,0.001026121467674077
223.375,0.0007555289443854582,0.0008664917692425935,0.000699645596639284,0.0010289827311190014
223.41666666666666,0.0008117163700678574,0.000893303602090944,0.0007481245206365105,0.0010818420846022345
223.45833333333334,0.0008697346535038126,0.0009433131867376695,0.0007960820144581617,0.001118541889810522
223.5,0.0009257980014411809,0.000995406953058449,0.000828519187304782,0.0011542617944284564
223.54166666666666,0.0009763060472526092,0.0010519759937349402,0.0008878782124007559,0.0012123666388454666
223.58333333333334,0.0010185420022047736,0.0010694971899676098,0.000917297482257238,0.0012454835766506707
223.625,0.0010497490671753582,0.001100896694286808,0.0009612661333859642,0.0012715371141812234
223.66666666666666,0.0010684174670293819,0.0011091308195609185,0.000979565782714365,0.001284405432537955
223.70833333333334,0.001073209518619796,0.0011264021726794474,0.0010013606424159342,0.0012915492070437193
223.75,0.0010637639431180564,0.0011392953565068035,0.0009951699872115497,0.001286791355843364
223.79166666666666,0.0010391922879101317,0.0011572086318468585,0.0009868019366210512,0.0012680037378171188
223.83333333333334,0.0009996111736419167,0.0011114063393871817,0.0009450841014419901,0.001250465073199071
223.875,0.0009479699267410818,0.0010554583379002753,0.0009047205232790483,0.001200602831787488
223.91666666666666,0.0008893166944947386,0.0009716925134638554,0.0008539403838983116,0.0011978476746156478
223.95833333333334,0.000827627874731434,0.0009333404945318613,0.0007900518080788024,0.0011148567476841516
224.0,0.0007673660075910515,0.0008878134790724036,0.0007207438924381456,0.0010698897580221182
224.04166666666666,0.0007122829338254108,0.0008355536189175996,0.0006634123046061342,0.001019402536198157
224.08333333333334,0.0006666484592463146,0.0007933591256190306,0.0006229275852191829,0.0009659255155079911
224.125,0.0006338494094330232,0.0007621014636385455,0.000588975104652673,0.0009331264656946995
224.16666666666666,0.0006162616010939464,0.0007546822088429976,0.0005872871859496101,0.0009157626968743737
224.20833333333334,0.0006153999465318998,0.0007574725816779742,0.0005833979808104457,0.0009183306875529758
224.25,0.0006314261121209467,0.0007769246315574909,0.0005989955239623705,0.0009397670863540867
224.29166666666666,0.0006623440570929826,0.0007981406230863808,0.0006238919543061648,0.0009733365242182954
224.33333333333334,0.0007048125076901363,0.0008158811378547969,0.0006468257046988307,0.0010261014238915531
224.375,0.0007555204897687214,0.0008664833146258568,0.0006996371420225473,0.0010289742765022647
224.41666666666666,0.0008117083822091196,0.0008934055815119004,0.0007481165327777727,0.0010818340967434965
224.45833333333334,0.0008697066064194223,0.0009432851396532792,0.0007960539673737714,0.0011185138427261315
224.5,0.0009257777026658878,0.0009953866542831559,0.000828498888529489,0.0011542414956531633
224.54166666666666,0.0009762778839802214,0.0010519478304625524,0.0008878500491283681,0.0012123384755730788
224.58333333333334,0.0010185151675056409,0.0010713314925498859,0.0009172706475581053,0.001245456741951538
224.625,0.0010497251607116623,0.0011006117269456738,0.0009612422269222684,0.0012715132077175276
224.66666666666666,0.001068406902266009,0.0011091202547975456,0.000979555217950992,0.0012843948677745821
224.70833333333334,0.0010731860367590538,0.0011263786908187051,0.001001337160555192,0.001291525725182977
224.75,0.0010637580420231043,0.0011408023160077699,0.0009951640861165976,0.0012867854547484118
224.79166666666666,0.001039167585965348,0.0011568911664260478,0.0009867772346762674,0.001267979035872335
224.83333333333334,0.0009996037027256088,0.0011113988684708738,0.0009450766305256822,0.001251347767208465
224.875,0.0009480085530236812,0.0010551737012714113,0.0009047591495616477,0.0011944035621724134
224.91666666666666,0.000889252859719653,0.0009716286786887698,0.0008538765491232259,0.0011977838398405621
224.95833333333334,0.0008277285618083134,0.0009334889862985473,0.0007901524951556818,0.0011152564393257514
225.0,0.0007672598928820439,0.0008870598414663193,0.0007206377777291379,0.0010697836433131106
225.04166666666666,0.0007123264540162593,0.0008357759379668613,0.0006634558247969826,0.0010194460563890055
225.08333333333334,0.0006666678855072105,0.0007937270672263791,0.0006229470114800788,0.000965944941768887
225.125,0.0006338025984168606,0.0007623071338235827,0.0005889282936365104,0.000933079654678537
225.16666666666666,0.0006162579000400061,0.0007544509747697522,0.0005872834848956698,0.0009157589958204334
225.20833333333334,0.0006153982200015736,0.0007573764694839786,0.0005833962542801194,0.0009183289610226495
225.25,0.0006314364427869732,0.000776513079110796,0.000599005854628397,0.0009397774170201131
225.29166666666666,0.000662354101704426,0.0007980695549195855,0.0006239019989176082,0.0009733465688297388
225.33333333333334,0.0007048112219271914,0.000815879852091852,0.0006468244189358858,0.0010261001381286082
225.375,0.0007555126836808387,0.0008670973321029617,0.0006996293359346645,0.001028966470414382
225.41666666666666,0.0008116683148303947,0.0008933655141331756,0.0007480764653990478,0.0010817940293647715
225.45833333333334,0.000869714055872199,0.0009437134801251856,0.0007951996211748523,0.0011185212921789082
225.5,0.0009257090173075321,0.0009953179689248,0.0008284302031711332,0.0011541728102948076
225.54166666666666,0.0009762877981057671,0.001051562347631105,0.0008869981676022182,0.0012123483896986245
225.58333333333334,0.0010184556335346984,0.0010712719585789434,0.0009172111135871628,0.0012453972079805955
225.625,0.0010497062544933488,0.0011003930576420735,0.0009612233207039548,0.001271494301499214
225.66666666666666,0.0010683799668711055,0.0011090047049627538,0.0009795282825560887,0.0012843679323796787
225.70833333333334,0.001073165803214017,0.0011263584572736684,0.0010013169270101552,0.0012915054916379403
225.75,0.001063722973932573,0.0011407672479172386,0.0009951290180260663,0.0012867503866578805
225.79166666666666,0.0010391425833698779,0.001156636515706714,0.0009867522320807973,0.001267954033276865
225.83333333333334,0.0009996109307278524,0.0011114060964731174,0.0009450838585279258,0.0012513549952107086
225.875,0.0009480336113232558,0.0010552448560886996,0.0009047842078612223,0.001194428620471988
225.91666666666666,0.0008892107335796703,0.000971207561218879,0.0008538344229832432,0.0011977417137005795
225.95833333333334,0.0008277603556490017,0.0009338913416832736,0.00079018428899637,0.0011152882331664396
226.0,0.0007672317062434547,0.0008868085132422843,0.0007206095910905488,0.0010697554566745215
226.04166666666666,0.0007123554109600837,0.0008361020840799001,0.0006634847817408071,0.0010194750133328298
226.08333333333334,0.0006666367793785725,0.0007946226356447103,0.0006229159053514408,0.0009659138356402488
226.125,0.000633833472788713,0.0007627295685580774,0.0005889591680083628,0.0009331105290503893
226.16666666666666,0.0006162373589199505,0.0007551384604932302,0.0005872629437756142,0.0009157384547003776
226.20833333333334,0.0006154113711388899,0.0007580783701531516,0.0005834094054174357,0.0009183421121599658
226.25,0.0006314352393743812,0.0007761004630452133,0.000599004651215805,0.0009397762136075211
226.29166666666666,0.0006623542762166477,0.0007987385402227637,0.0006239021734298299,0.0009733467433419605
226.33333333333334,0.0007048250846478105,0.0008154361722656425,0.0006468382816565049,0.0010261140008492274
226.375,0.000755509460305885,0.0008673871214891817,0.0006996261125597109,0.0010289632470394283
226.41666666666666,0.0008116362015509534,0.0008932003850950735,0.0007480443521196065,0.0010817619160853303
226.45833333333334,0.0008697118682832382,0.0009437112925362248,0.0007951974335858916,0.0011185191045899475
226.5,0.0009256750765309522,0.0009952840281482202,0.0008283962623945534,0.0011541388695182277
226.54166666666666,0.0009762534437908782,0.001051667898217187,0.0008869638132873294,0.0012123140353837356
226.58333333333334,0.0010184327476223526,0.0010708532308184916,0.000917188227674817,0.0012453743220682497
226.625,0.0010496638761476344,0.0011008780054046713,0.0009611809423582404,0.0012714519231534997
226.66666666666666,0.001068362005447363,0.0011087546246943093,0.0009795103211323463,0.0012843499709559363
226.70833333333334,0.001073139394059172,0.0011262647130085965,0.0010012905178553102,0.0012914790824830953
226.75,0.0010637383316852737,0.001141750946470052,0.000995144375778767,0.0012867657444105812
226.79166666666666,0.001039183581435512,0.0011563226294825817,0.0009867932301464316,0.0012679950313424992
226.83333333333334,0.0009996298033814344,0.0011114249691266994,0.0009451027311815079,0.0012513738678642907
226.875,0.0009480160037296256,0.0010554219741064543,0.0009047666002675921,0.001194411012878358
226.91666666666666,0.0008892536988937942,0.0009712505265330029,0.0008538773882973671,0.0011977846790147033
226.95833333333334,0.0008277141106288586,0.0009344814218157156,0.000790138043976227,0.0011152419881462967
227.0,0.0007672780451405094,0.0008861841717425355,0.0007212272304895782,0.001069801795571576
227.04166666666666,0.0007123006450093349,0.0008368040741499865,0.0006634300157900583,0.001019420247382081
227.08333333333334,0.0006666973280410188,0.0007951138334194233,0.000622976454013887,0.0009659743843026951
227.125,0.0006337842351938543,0.0007626803309632187,0.000588909930413504,0.0009330612914555306
227.16666666666666,0.0006162670514816474,0.0007549944566520293,0.0005872926363373111,0.0009157681472620746
227.20833333333334,0.0006153936949489266,0.0007588174499840236,0.0005833917292274725,0.0009183244359700027
227.25,0.000631425913264495,0.0007748268678706911,0.0005995666256078936,0.000939766887497635
227.29166666666666,0.0006623671122506004,0.0008001155547961115,0.0006239150094637826,0.0009733595793759133
227.33333333333334,0.0007048133814369485,0.0008146883962520457,0.0006468265784456429,0.0010261022976383654
227.375,0.000755499618565596,0.0008673772797488927,0.0006996162708194218,0.0010289534052991393
227.41666666666666,0.0008116188941354106,0.0008920493664487557,0.0007480270447040638,0.0010817446086697877
227.45833333333334,0.000869694320639349,0.0009441888089007115,0.0007951798859420024,0.0011185015569460583
227.5,0.000925639222214242,0.00099524817383151,0.0008283604080778432,0.0011541030152015176
227.54166666666666,0.0009762385945819324,0.0010519409709542494,0.0008869489640783836,0.0012122991861747898
227.58333333333334,0.0010183967662177765,0.0010708871923405013,0.0009171522462702409,0.0012453383406636736
227.625,0.0010496404985691826,0.0011007579810611656,0.0009611575647797886,0.0012714285455750478
227.66666666666666,0.001068335167291868,0.001109717968245156,0.000979483482976851,0.0012843231328004412
227.70833333333334,0.0010731188624351518,0.0011264067711462343,0.00100126998623129,0.001291458550859075
227.75,0.0010637052531818451,0.0011425245733694197,0.0009951112972753384,0.0012867326659071526
227.79166666666666,0.0010391329692275185,0.0011555886619508285,0.000986742617938438,0.0012679444191345055
227.83333333333334,0.000999607203255365,0.0011116145940218557,0.0009450801310554385,0.0012513512677382213
227.875,0.0009480270373405893,0.001055433007717418,0.0009047776338785558,0.0011944220464893216
227.91666666666666,0.000889232367862399,0.0009712291955016076,0.0008538560572659719,0.001197763347983308
227.95833333333334,0.0008277345776836174,0.0009345018888704744,0.0007901585110309858,0.0011152624552010553
228.0,0.0007672505020500878,0.0008853087458532249,0.0007211996873991566,0.0010697742524811546
228.04166666666666,0.0007123377723657231,0.0008368412015063747,0.0006635067399118516,0.0010194573747384693
228.08333333333334,0.000666656661091426,0.0007963991655528486,0.0006229357870642943,0.0009659337173531024
228.125,0.0006338139874762624,0.0007627100832456269,0.0005889396826959122,0.0009330910437379388
228.16666666666666,0.0006162519386100613,0.000756631683309081,0.0005853689431009944,0.0009157530343904884
228.20833333333334,0.0006153986730068185,0.0007589750720846375,0.000581527723686039,0.0009183294140278946
228.25,0.0006314316303518111,0.0007732036948620936,0.0005995723426952097,0.0009397726045849512
228.29166666666666,0.0006623488787723925,0.0008000973213179036,0.0006238967759855747,0.0009733413458977053
228.33333333333334,0.0007048058742509303,0.0008141529591177368,0.0006468190712596247,0.0010260947904523472
228.375,0.0007554877400243536,0.0008673654012076504,0.0006996043922781795,0.0010289415267578969
228.41666666666666,0.0008116197012555779,0.0008910311367707613,0.000748027851824231,0.0010817454157899548
228.45833333333334,0.0008696440598854147,0.0009438147743665051,0.0007951296251880681,0.001118451296192124
228.5,0.000925639248441537,0.000995248200058805,0.0008283604343051382,0.0011541030414288125
228.54166666666666,0.0009761764995119622,0.001052216716677594,0.0008868868690084133,0.0012122370911048196
228.58333333333334,0.0010183833232230047,0.0010710398462121825,0.0009171388032754691,0.0012453248976689018
228.625,0.001049600430388328,0.001100880502641969,0.000961117496598934,0.0012713884773941932
228.66666666666666,0.0010683081004174057,0.0011096170056345354,0.0009794564161023887,0.001284296065925979
228.70833333333334,0.0010731045832593632,0.0011263924919704457,0.0010012557070555013,0.0012914442716832864
228.75,0.0010637101511356234,0.001142602601627358,0.0009951161952291166,0.0012867375638609309
228.79166666666666,0.0010391484597055288,0.001155046173949235,0.0009867581084164483,0.0012679599096125159
228.83333333333334,0.000999613285615865,0.0011104467166468974,0.0009450862134159385,0.0012513573500987213
228.875,0.0009480256634881462,0.001055431633864975,0.0009047762600261127,0.0011944206726368783
228.91666666666666,0.0008892091001918547,0.000971945579936871,0.0008538327895954276,0.001197740080312764
228.95833333333334,0.0008277577644811776,0.0009342972730145905,0.000790181697828546,0.0011152856419986157
229.0,0.0007672296143344788,0.0008846173833834114,0.0007213226159930105,0.0010697533647655456
229.04166666666666,0.0007123537640477516,0.0008371163183101678,0.0006635227315938801,0.0010180986557981517
229.08333333333334,0.0006666451334608937,0.0007975816608671788,0.000622924259433762,0.0009659221897225701
229.125,0.0006338259547748034,0.0007626433190751196,0.0005889516499944531,0.0009331030110364798
229.16666666666666,0.000616245766795723,0.0007579083430187644,0.0005853627712866561,0.0009157468625761502
229.20833333333334,0.0006154023085287663,0.0007604416173407585,0.0005815313592079867,0.0009183330495498423
229.25,0.000631443101068003,0.0007732151655782855,0.0005997276297208646,0.000939784075301143
229.29166666666666,0.0006623552735113761,0.0008001037160568872,0.0006239031707245583,0.0009733477406366889
229.33333333333334,0.0007048091523492638,0.000814571960723459,0.0006468223493579582,0.0010246668138157978
229.375,0.0007554791860578068,0.0008674259118046286,0.0006995958383116327,0.001026918383979405
229.41666666666666,0.0008115858489740193,0.0008909972844892027,0.0007479939995426724,0.0010817115635083962
229.45833333333334,0.0008696428874891736,0.000943813601970264,0.000795128452791827,0.0011184501237958828
229.5,0.0009255925738639731,0.000995201525481241,0.0008283137597275743,0.0011540563668512487
229.54166666666666,0.000976161332564455,0.0010519816918856612,0.0008868717020609062,0.0012122219241573124
229.58333333333334,0.0010183385495517359,0.0010707901577530596,0.0009170940296042003,0.001245280123997633
229.625,0.001049574388163258,0.001099940865672521,0.000961091454373864,0.0012693478463571782
229.66666666666666,0.0010682857137038506,0.0011095971080903584,0.0009794340293888338,0.0012842736792124238
229.70833333333334,0.0010730816463696581,0.0011265567202220206,0.0010012327701657963,0.0012914213347935814
229.75,0.0010637006237897257,0.0011428738014506862,0.000995106667883219,0.0012867280365150332
229.79166666666666,0.001039165766599244,0.0011533576429865937,0.0009867754153101635,0.0012679772165062311
229.83333333333334,0.000999624399778018,0.00111045783080905,0.0009450973275780914,0.0012513684642608742
229.875,0.0009480164567977451,0.001055601186252725,0.0009047670533357116,0.0011944114659464774
229.91666666666666,0.000889248702834723,0.0009720436975060302,0.0008538723922382959,0.001197779682955632
229.95833333333334,0.0008277166240788381,0.0009331558118669549,0.0007901405574262065,0.001115244501596276
230.0,0.000767274263086368,0.0008818047879143062,0.0007213672647448998,0.0010697980135174346
230.04166666666666,0.000712303298818893,0.000837542281806793,0.0006634722663650215,0.0010180481905692931
230.08333333333334,0.0006666905956927276,0.0007977977542651348,0.0006229697216655959,0.0009659676519544041
230.125,0.0006337851963355654,0.0007629195034119993,0.0005889108915552152,0.0009330622525972418
230.16666666666666,0.0006162655325105984,0.0007580923642219884,0.0005853825370015315,0.0009157666282910256
230.20833333333334,0.0006153921905689353,0.0007605957548692763,0.0005815212412481558,0.0009183229315900112
230.25,0.0006314125009898191,0.000764185509872217,0.0005996970296426807,0.0009393194259693019
230.29166666666666,0.0006623390400804478,0.0008000683067342832,0.00062388693729363,0.0009733315072057606
230.33333333333334,0.0007047832399183705,0.0008143459527796825,0.0006467964369270649,0.0010246409013849045
230.375,0.0007554750170745945,0.0008674334897618678,0.0006995916693284203,0.0010269142149961928
230.41666666666666,0.0008115779274937054,0.0008895237651367475,0.0007479860780623585,0.0010817036420280824
230.45833333333334,0.0008696226159279878,0.0009434357242305253,0.0007951081812306412,0.001111610609738945
230.5,0.0009255526375503152,0.000995076212889203,0.0008282738234139164,0.0011540164305375907
230.54166666666666,0.0009761451902296854,0.0010520588913816033,0.0008868555597261365,0.0012122057818225427
230.58333333333334,0.0010182956141196416,0.001070070750336461,0.0009175708209013968,0.0012452371885655388
230.625,0.0010495511933201085,0.001101166998958385,0.0009610682595307146,0.0012693246515140288
230.66666666666666,0.0010682555677795367,0.0011095669621660445,0.0009794038834645196,0.0012842435332881099
230.70833333333334,0.001073064195908193,0.0011263870847002051,0.0010012153197043311,0.0012914038843321162
230.75,0.0010636924126532143,0.001142865590314175,0.0009950984567467075,0.0012867198253785218
230.79166666666666,0.00103916323006255,0.0011536086456223386,0.0009867728787734695,0.0012679746799695371
230.83333333333334,0.0009996374669099316,0.0011107601190688296,0.000945110394710005,0.0012513815313927878
230.875,0.0009480297909528772,0.001055614520407857,0.0009047803874908437,0.0011944248001016095
230.91666666666666,0.0008892132953269651,0.000972009812620593,0.0008535532608975609,0.0011855940052929797
230.95833333333334,0.0008277533286570279,0.0009328018170323369,0.0007901772620043962,0.0011152812061744658
231.0,0.0007672382574686095,0.0008784895343653242,0.000721363042877298,0.001069327958646019
231.04166666666666,0.0007123378902457461,0.0008375768732336461,0.0006635068577918747,0.0010180827819961462
231.08333333333334,0.0006666619456055875,0.0007977691041779946,0.0006229410715784557,0.0009659390018672639
231.125,0.0006338022684025599,0.0007642625745620117,0.0005889279636222096,0.0009330793246642362
231.16666666666666,0.0006162651266242479,0.0007580919583356381,0.0005853821311151811,0.0009157662224046752
231.20833333333334,0.0006153908995573322,0.0007605944638576733,0.0005815199502365527,0.0009183216405784083
231.25,0.0006314294792818114,0.000763804299757462,0.0005997457916848296,0.0009393364042612941
231.29166666666666,0.0006623530625325218,0.0008000903681146807,0.000623900959745704,0.0009733455296578347
231.33333333333334,0.0007047928052881392,0.0008142072086586229,0.0006467962893443317,0.0010125543470673145
231.375,0.0007554610994381012,0.0008674012481499867,0.0006995777516919271,0.0010269002973596994
231.41666666666666,0.00081154459826077,0.0008892418318753454,0.0007479527488294231,0.0010816703127951468
231.45833333333334,0.0008696054450081077,0.0009435637174911221,0.0007950910103107611,0.001111593438819065
231.5,0.0009255189320893383,0.0009952298427977633,0.0008282401179529395,0.0011539827250766138
231.54166666666666,0.0009761176818727897,0.0010528088047511205,0.0008868280513692408,0.001212178273465647
231.58333333333334,0.0010182665428963443,0.0010697727948479183,0.0009175417496780995,0.0012452081173422414
231.625,0.001049520362451094,0.001101529316348489,0.0009610374286617001,0.0012692938206450143
231.66666666666666,0.0010682302032070969,0.0011094449508285509,0.0009793785188920798,0.0012860606067419753
231.70833333333334,0.0010730405961986587,0.0011270342164521308,0.0010011917199947969,0.001291380284622582
231.75,0.0010636625618015859,0.0011424218720053423,0.0009950686058950791,0.0012866899745268934
231.79166666666666,0.0010391164642917364,0.0011559710425315623,0.0009869810526350925,0.0012679279141987235
231.83333333333334,0.0009996057167437375,0.0011104797648741687,0.0009450786445438109,0.0012513497812265937
231.875,0.0009480307870209394,0.0010556155164759193,0.0009047813835589059,0.0011944257961696717
231.91666666666666,0.0008892085076158185,0.0009701020160120515,0.0008538224840668895,0.001185589217581833
231.95833333333334,0.000827758246002003,0.0009342675072912616,0.0007901821793493714,0.001115286123519441
232.0,0.000767230550469851,0.0008780776082600514,0.0007213553358785394,0.0010693202516472604
232.04166666666666,0.0007123535296454149,0.0008375925126333149,0.0006635224971915434,0.001018098421395815
232.08333333333334,0.0006666377618668582,0.0007979948401445259,0.0006229168878397265,0.0009659148181285347
232.125,0.0006338302862370804,0.0007652382978821503,0.0005889559814567302,0.0009331073424987568
232.16666666666666,0.0006162379673431181,0.0007591868503446112,0.0005853549718340512,0.0009157390631235454
232.20833333333334,0.0006154081106783977,0.0007620083536407703,0.0005815371613576182,0.0009183388516994737
232.25,0.000631433142216008,0.0007637182056175504,0.0005997494546190262,0.0009393400671954907
232.29166666666666,0.0006623407232528672,0.0008007906804081825,0.0006238886204660494,0.00097333319037818
232.33333333333334,0.0007047882352359242,0.0008140950007785535,0.0006467917192921167,0.0010125497770150994
232.375,0.000755438836353189,0.0008673839136448864,0.0006979941872441944,0.0010268780342747872
232.41666666666666,0.0008115566103490502,0.0008901382988596892,0.0007479647609177034,0.001081682324883427
232.45833333333334,0.0008695365357863801,0.0009432406433694128,0.0007952770407214701,0.0011115245295973374
232.5,0.0009255426906504707,0.0009952536013588958,0.0008282638765140719,0.0011540064836377463
232.54166666666666,0.0009760388694542222,0.0010537120044287797,0.0008867492389506733,0.0012120994610470795
232.58333333333334,0.0010182583794027366,0.0010700008603400511,0.0009175335861844918,0.0012451999538486338
232.625,0.0010494815673910709,0.0011013227695501654,0.0009609986336016769,0.001268207347769259
232.66666666666666,0.0010681994524257379,0.0011094987401273353,0.000979347768110721,0.0012860298559606164
232.70833333333334,0.0010730297674044372,0.0011265502507515675,0.0010011808912005753,0.0012913694558283604
232.75,0.0010636516511825995,0.001143795516828921,0.0009950576952760927,0.001286679063907907
232.79166666666666,0.0010391472023258998,0.0011570625305500476,0.0009870117906692559,0.0012679586522328869
232.83333333333334,0.0009996138957981294,0.0011106667954689116,0.0009450868235982028,0.0012513579602809856
232.875,0.0009480182194210934,0.0010557887786444902,0.0009047688159590599,0.0011944132285698257
232.91666666666666,0.0008892414912198193,0.000967758735758427,0.0008538554676708903,0.001178802958690082
232.95833333333334,0.0008277216305909518,0.000934336190150255,0.0007901455639383201,0.0011152495081083898
233.0,0.0007672663550071422,0.0008779779434960387,0.0007198298390530103,0.0010693560561845516
233.04166666666666,0.0007123183922512078,0.0008381154552090217,0.0006634873597973364,0.0010180632840016079
233.08333333333334,0.0006666785136375132,0.0007978820403370399,0.0006189073093541632,0.0009659555698991897
233.125,0.0006337931416095227,0.0007653219006025266,0.0005889188368291725,0.0009330701978711992
233.16666666666666,0.0006162626082070115,0.0007589407158195708,0.0005813902958503514,0.0009157637039874388
233.20833333333334,0.0006153911130915436,0.00076208702058589,0.0005815811771793893,0.0009183218541126197
233.25,0.0006314222522789834,0.0007641945297308066,0.0005997385646820016,0.0009393291772584661
233.29166666666666,0.0006623383457660507,0.0008012670402855679,0.0006238862429792329,0.0009733308128913636
233.33333333333334,0.0007047697304342251,0.0008136963431948286,0.0006467732144904176,0.0010125312722134004
233.375,0.0007554268664069846,0.0008671623914752956,0.00069798221729799,0.0010268660643285828
233.41666666666666,0.0008115262965670952,0.0008874408223593852,0.0007479344471357484,0.0010816520111014722
233.45833333333334,0.0008695370678385221,0.0009432411754215548,0.0007949765181242764,0.0011115250616494793
233.5,0.0009254787524924818,0.0009951896632009068,0.000828199938356083,0.0011539425454797573
233.54166666666666,0.0009760413927682096,0.0010541439846085562,0.0008867517622646608,0.001212101984361067
233.58333333333334,0.0010181959049363593,0.001067404251126189,0.0009174711117181145,0.0012451374793822564
233.625,0.001049466116916001,0.0011013171218448026,0.000960983183126607,0.0012681918972941891
233.66666666666666,0.0010681704599461623,0.0011089514405045631,0.0009793187756311455,0.0012860008634810408
233.70833333333334,0.0010730098911741466,0.001126768806783065,0.0010011610149702848,0.0012913495795980699
233.75,0.0010636362117526297,0.0011437800773989512,0.000995042255846123,0.0012866636244779372
233.79166666666666,0.0010391100149497853,0.001157515894761823,0.0009870814798109452,0.0012679214648567724
233.83333333333334,0.0009996063844914032,0.0011105623632429176,0.0009450793122914767,0.0012513504489742595
233.875,0.0009480306920838221,0.0010552824835718955,0.0009047812886217886,0.0011944257012325545
233.91666666666666,0.0008892071721618684,0.0009675598028188121,0.0008538211486129394,0.0011739145363733612
233.95833333333334,0.0008277569571310627,0.0009359778119274602,0.000790180890478431,0.0011152848346485007
234.0,0.0007672284921651759,0.0008783937213529814,0.000719791976211044,0.0010693181933425853
234.04166666666666,0.0007123528547898437,0.0008380201417626816,0.0006633710257902799,0.0010180977465402438
234.08333333333334,0.0006666350837103882,0.0007978386104099148,0.0006188638794270381,0.0009659121399720646
234.125,0.0006338299660507632,0.000765358725043767,0.0005889556612704129,0.0009331070223124396
234.16666666666666,0.0006162372077028084,0.0007589153153153677,0.0005813648953461483,0.0009157383034832355
234.20833333333334,0.0006154079012641846,0.0007621038087585312,0.000581447168806338,0.0009183386422852606
234.25,0.0006314343654151795,0.0007642522457209989,0.0005997506778181978,0.0009393412903946622
234.29166666666666,0.0006623453305575107,0.0008024254913025379,0.0006238932277706929,0.0009733377976828234
234.33333333333334,0.0007047854325286639,0.000813909392048272,0.0006467889165848564,0.001012546974307839
234.375,0.0007554218173072586,0.0008670698988153054,0.000697977168198264,0.0010268610152288568
234.41666666666666,0.0008115000334453408,0.0008874154912917699,0.000747908184013994,0.0010816257479797178
234.45833333333334,0.0008695199605972738,0.0009429195454080938,0.000794959410883028,0.0011115079544082311
234.5,0.000925452216829803,0.0009957591261469448,0.0008281734026934042,0.0011539160098170786
234.54166666666666,0.0009759942046613367,0.0010540967965016832,0.0008867045741577878,0.001212054796254194
234.58333333333334,0.0010181799018494494,0.001067070649657346,0.0009174551086312046,0.0012440737984796145
234.625,0.001049413922244241,0.0011014553589604188,0.000960930988454847,0.0012681397026224291
234.66666666666666,0.0010681500721200948,0.0011092647324866822,0.000979298387805078,0.0012849327978392412
234.70833333333334,0.001072982358810718,0.0011267412744196364,0.0010011334826068561,0.0012913220472346412
234.75,0.0010636436855316724,0.0011438989754074314,0.0009950497296251656,0.0012866710982569799
234.79166666666666,0.0010391330121232135,0.0011579413207566374,0.0009871044769843734,0.0012679444620302006
234.83333333333334,0.0009996129980971984,0.001110854058168317,0.0009450859258972719,0.0012513570625800547
234.875,0.0009480032197518772,0.0010552209377033806,0.0009047538162898437,0.0011943982289006096
234.91666666666666,0.0008892871383061725,0.0009673036788990819,0.0008539011147572435,0.0011739945025176653
234.95833333333334,0.0008276705324565882,0.0009358913872529858,0.0007900944658039566,0.0011151984099740263
235.0,0.0007673254499264367,0.0008787071340015614,0.0007198889339723048,0.0010694151511038462
235.04166666666666,0.0007122512966232463,0.0008389197339547378,0.0006632694676236825,0.0010179961883736463
235.08333333333334,0.0006667228809400371,0.0007980566121206098,0.000618951676656687,0.0009659999372017134
235.125,0.0006338026127352224,0.0007647068641969163,0.0005889283079548722,0.0009330796689968989
235.16666666666666,0.0006162364532072365,0.0007590933596782092,0.0005813641408505764,0.0009157375489876638
235.20833333333334,0.0006154274353045117,0.0007616790528672708,0.0005814667028466651,0.0009183581763255877
235.25,0.0006314069744888513,0.0007646329128995387,0.0005997232868918696,0.0009393138994683341
235.29166666666666,0.0006623204770542494,0.0008024267310337817,0.0006238683742674316,0.0009733129441795622
235.33333333333334,0.0007047684156454426,0.000814325136089251,0.0006467718997016351,0.0010125299574246177
235.375,0.0007554132366602016,0.0008670613181682484,0.000697968587551207,0.0010268524345817998
235.41666666666666,0.0008115186238704424,0.0008878810101907441,0.0007479267744390955,0.0010816443384048195
235.45833333333334,0.0008694506028768249,0.0009428501876876448,0.0007948900531625792,0.001111438596687782
235.5,0.0009254561068339778,0.0009958113609159105,0.000828177292697579,0.0011539198998212533
235.54166666666666,0.0009759451645894673,0.001053687275777964,0.0008866555340859184,0.0012120057561823246
235.58333333333334,0.001018152229215599,0.0010669454854815585,0.0009174274359973542,0.001244046125845764
235.625,0.0010493908004080813,0.0011019111836309335,0.0009609078666186873,0.0012681165807862695
235.66666666666666,0.0010681200904150963,0.0011090484083617234,0.0009792684061000795,0.0012849028161342427
235.70833333333334,0.0010729676743805841,0.0011264944711448005,0.0010011187981767223,0.0012913073628045074
235.75,0.0010636068375718339,0.0011437990479829462,0.000995012881665327,0.0012866342502971413
235.79166666666666,0.0010390951548572315,0.0011577504565625362,0.0009870666197183914,0.0012679066047642186
235.83333333333334,0.000999590902485767,0.001111807071493685,0.0009450234838240159,0.0012513349669686232
235.875,0.0009480199073702152,0.0010550381172751207,0.0009047705039081817,0.0011944149165189475
235.91666666666666,0.0008892322476785411,0.0009696877521237592,0.0008538462241296121,0.0011739396118900338
235.95833333333334,0.0008277303408847147,0.000936517304012428,0.0007901542742320831,0.0011152582184021527
236.0,0.0007672489834201107,0.0008790582632789519,0.0007198124674659788,0.0010693386845975201
236.04166666666666,0.0007123350698167017,0.0008380463025046309,0.0006633532408171379,0.0010180799615671018
236.08333333333334,0.0006666543201376596,0.0007990419965082818,0.0006188831158543095,0.000965931376399336
236.125,0.0006338118765768641,0.0007643496881176505,0.0005848872415402955,0.0009330889328385406
236.16666666666666,0.0006162493017714922,0.0007601601534325144,0.0005813769894148321,0.0009157503975519193
236.20833333333334,0.0006153965156754705,0.0007611515567943201,0.0005814357832176238,0.0009183272566965465
236.25,0.0006314289040243785,0.000764389151098321,0.0005997452164273968,0.0009393358290038612
236.29166666666666,0.0006623296143789131,0.000802605444264948,0.0006238775115920953,0.000973322081504226
236.33333333333334,0.0007047591002583879,0.0008155180416759938,0.0006467625843145804,0.0010125206420375631
236.375,0.0007553911812330671,0.0008668877843556061,0.0006979465321240725,0.0010268303791546654
236.41666666666666,0.0008115039303372885,0.000884903665935785,0.0007478717344441172,0.0010816296448716654
236.45833333333334,0.0008694187704476809,0.0009427192185656814,0.0007948582207334352,0.001111406764258638
236.5,0.0009254376898227955,0.000995829017254193,0.0008281588756863967,0.0011539014828100711
236.54166666666666,0.0009759059829099213,0.0010543979764001661,0.0008866163524063724,0.0012119665745027788
236.58333333333334,0.001018118371145118,0.0010650175948565019,0.0009173935779268732,0.0012440122677752831
236.625,0.0010493596973968316,0.0011014937281958357,0.0009608767636074376,0.0012680854777750198
236.66666666666666,0.0010680936080582188,0.0011105850581301212,0.0009792419237432018,0.0012848763337773652
236.70833333333334,0.0010729504813979435,0.0011283387789327202,0.0010011016051940816,0.0012912901698218667
236.75,0.0010635908355987773,0.0011422703331775649,0.0009949968796922706,0.0012866182483240848
236.79166666666666,0.0010390826166819156,0.0011584141925601353,0.0009870540815430755,0.0012678940665889027
236.83333333333334,0.0009995536725209127,0.0011118454439640751,0.0009449862538591616,0.001251297737003769
236.875,0.0009479962005404367,0.0010548818504568652,0.0009047467970784032,0.001194391209689169
236.91666666666666,0.0008892468579531942,0.0009695834763378169,0.0008538608344042652,0.0011739542221646869
236.95833333333334,0.000827732342002274,0.0009366144477387808,0.0007901562753496424,0.001115260219519712
237.0,0.00076725633968255,0.0008791420854503475,0.0007198198237284181,0.0010693460408599594
237.04166666666666,0.000712307733865621,0.0008393492238763639,0.0006624453459430442,0.001018052625616021
237.08333333333334,0.0006667035027222757,0.0007994159834206179,0.0006189718952043309,0.0009659805589839521
237.125,0.0006337751873499383,0.0007637072393425241,0.0005848505523133698,0.0009330522436116147
237.16666666666666,0.0006162731358502892,0.0007609712589072449,0.0005814404202590343,0.0009157742316307165
237.20833333333334,0.0006154098339522433,0.0007606991921198401,0.0005805685425713837,0.0009183405749733194
237.25,0.0006314066417980044,0.0007646949318969572,0.0005997229542010227,0.0009393135667774872
237.29166666666666,0.0006623100515945493,0.0008036756541430021,0.0006238579488077315,0.0009733025187198622
237.33333333333334,0.0007047399657023758,0.0008163854480536378,0.00064683655342753,0.001012501507481551
237.375,0.0007553737920912012,0.0008668703952137402,0.0006979291429822066,0.0010268129900127994
237.41666666666666,0.0008114577482927026,0.0008858878081927846,0.0007476992528019432,0.0010815834628270795
237.45833333333334,0.0008694460686477417,0.0009430228053485456,0.0007948855189334961,0.001111434062458699
237.5,0.000925351445795957,0.0009957427732273545,0.0008280726316595582,0.0011538152387832326
237.54166666666666,0.0009759324980259485,0.0010545470547214696,0.0008866428675223996,0.0012119930896188058
237.58333333333334,0.001018046377154918,0.0010656104666988278,0.0009173215839366732,0.0012439402737850832
237.625,0.0010493589368911862,0.0011019844175204979,0.0009608760031017922,0.0012680847172693744
237.66666666666666,0.0010680442847535484,0.001111032106684444,0.0009791926004385316,0.0012848270104726949
237.70833333333334,0.0010729499711630325,0.0011279162463999797,0.0010011010949591706,0.0012912896595869557
237.75,0.0010636051550083885,0.0011421704238152152,0.0009950111991018818,0.001286632567733696
237.79166666666666,0.0010391120768020877,0.001158668633690415,0.0009875857755656421,0.0012679235267090748
237.83333333333334,0.0009995909742910277,0.0011122917715857294,0.0009446413217362615,0.001251335038773884
237.875,0.0009479747524217999,0.0010547607272475663,0.0009047253489597664,0.0011943697615705321
237.91666666666666,0.0008893072292035175,0.0009698075141503221,0.0008540143093235501,0.0011740145934150102
237.95833333333334,0.0008276304662712429,0.0009366306698137016,0.0007905160245606515,0.0011151583437886809
238.0,0.0007673595997682433,0.0008792398484860416,0.0007199230838141114,0.0010694493009456528
238.04166666666666,0.0007122660309263536,0.0008386343254457626,0.0006624036430037768,0.0010180109226767538
238.08333333333334,0.0006666578680924778,0.0007999662114188109,0.0006189262605745329,0.0009659349243541542
238.125,0.0006338486145422233,0.0007639130923338842,0.0005849239795056548,0.0009331256708038997
238.16666666666666,0.0006162503613840366,0.0007620140615455997,0.0005814176457927816,0.0009157514571644638
238.20833333333334,0.0006154008809862153,0.0007605663061865128,0.0005804160668052284,0.0009183316220072914
238.25,0.0006314263534400799,0.0007651781413884243,0.0005997426658430981,0.0009392967149664137
238.29166666666666,0.0006623191080448692,0.0008052750396169541,0.0006243286302000918,0.0009733115751701821
238.33333333333334,0.0007047450134996372,0.0008165434110871988,0.0006468416012247913,0.0010125065552788123
238.375,0.0007553747482359153,0.0008666608030877762,0.0006964214320698286,0.0010268139461575136
238.41666666666666,0.0008114567085119842,0.0008858390449533294,0.0007476982130212249,0.0010815824230463612
238.45833333333334,0.000869389888371171,0.0009429666250719748,0.0007953315725593198,0.0011113778821821283
238.5,0.000925354940804886,0.0009964819669972763,0.0008280761266684872,0.0011538187337921616
238.54166666666666,0.0009758543498975685,0.0010542792777886042,0.0008865647193940196,0.001211914941490426
238.58333333333334,0.0010180468866480546,0.0010653934630306232,0.0009173220934298097,0.0012439407832782196
238.625,0.0010492898729771757,0.0011016201773185708,0.0009608069391877817,0.001268015653355364
238.66666666666666,0.0010680356750044772,0.0011109587008607499,0.0009791839906894604,0.0012848184007236236
238.70833333333334,0.0010728998272806537,0.001128070609704383,0.0010010509510767918,0.001291239515704577
238.75,0.0010635764259307404,0.0011428780699458813,0.0009949824700242337,0.001286603838656048
238.79166666666666,0.0010390780030178485,0.001158903716824236,0.0009875517017814029,0.0012678894529248356
238.83333333333334,0.0009995812685936651,0.0011127967866394128,0.000944631616038899,0.0012513253330765214
238.875,0.0009480085265212669,0.0010541204882407635,0.0009047591230592334,0.0011944035356699992
238.91666666666666,0.0008892403986876184,0.0009698057294211732,0.000853947478807651,0.0011739477628991111
238.95833333333334,0.0008277222512186887,0.0009382226887234419,0.0007906078095080973,0.0011278470280017788
239.0,0.0007672563830236053,0.0008874668053748704,0.0007183112000123812,0.0010693460842010147
239.04166666666666,0.0007123265249983249,0.0008350710572758322,0.0006623206142756208,0.0010180714167487249
239.08333333333334,0.0006666594935861776,0.0007996288145919324,0.0006189278860682327,0.0009659365498478539
239.125,0.0006338048506217133,0.0007638396138690774,0.0005830112319858194,0.0009330819068833898
239.16666666666666,0.0006162507584397734,0.0007628470389106298,0.0005814180428485185,0.0009157518542202006
239.20833333333334,0.0006153941509636743,0.0007581735907931373,0.0005804093367826874,0.0009183248919847504
239.25,0.0006314376575972543,0.0007652315929231062,0.000597845389635542,0.000939308019123588
239.29166666666666,0.0006623483303569737,0.0008088679249194536,0.0006251417117152057,0.0009859376967479385
239.33333333333334,0.0007047576051445612,0.0008247121272295352,0.0006468541928697153,0.0010125191469237363
239.375,0.0007553667162757685,0.0008665184949779372,0.0006964134001096817,0.0010268059141973667
239.41666666666666,0.0008114044193805132,0.000886063066228961,0.0007476459238897539,0.0010815301339148903
239.45833333333334,0.0008693970520221492,0.0009413106683077415,0.000795338736210298,0.0011113850458331065
239.5,0.0009252980415227869,0.0009964250677151772,0.0008280192273863881,0.0011537618345100625
239.54166666666666,0.0009758250936064114,0.0010548543772706204,0.0008865354631028625,0.0012118856851992689
239.58333333333334,0.0010180072291672516,0.0010633069991538987,0.0009172824359490068,0.0012550842792018841
239.625,0.001049247317286055,0.0011008144273152018,0.000960764383496661,0.0012679730976642432
239.66666666666666,0.0010680104756243096,0.0011129501867822007,0.0009791587913092928,0.001284793201343456
239.70833333333334,0.001072875910005181,0.0011265756014323326,0.0010010270338013192,0.0012912155984291043
239.75,0.0010635765336630641,0.0011403709695948165,0.0009949825777565574,0.0012866039463883716
239.79166666666666,0.0010390945688827822,0.0011587392812469877,0.0009875682676463366,0.0012679060187897693
239.83333333333334,0.0009995991553981656,0.0011134453096583684,0.0009446495028433994,0.0012513432198810218
239.875,0.0009480182251361399,0.0010535709303583075,0.0009047688216741064,0.0011944132342848722
239.91666666666666,0.0008892068804053902,0.0009695455255332024,0.0008539139605254229,0.0011569271648510806
239.95833333333334,0.0008277524877042297,0.0009384348374592909,0.0007913853625110852,0.0011275525647604142
240.0,0.0007672290720262518,0.0008891619350583367,0.0007182838890150278,0.0010693187732036613
240.04166666666666,0.0007123483154233892,0.0008347283680890903,0.0006629137052026599,0.0010180932071737893
240.08333333333334,0.0006666430581089904,0.0007994814512687887,0.0006189114505910455,0.0009659201143706668
240.125,0.0006338181642535393,0.0007650526857978455,0.0005830245456176454,0.0009330952205152157
240.16666666666666,0.0006162441563270077,0.00076301532555789,0.0005814114407357528,0.000915745252107435
240.20833333333334,0.0006153976255934608,0.0007564462297249771,0.0005809841119144486,0.0009183283666145367
240.25,0.0006314352236604857,0.0007659430357067474,0.0005978429556987734,0.0009393055851868196
240.29166666666666,0.0006623259678481407,0.0008087979840689835,0.0006251193492063727,0.0009855469205326017
240.33333333333334,0.0007047360431219501,0.0008289756343603988,0.0006468326308471042,0.0009935628109156024
240.375,0.0007553455305557176,0.0008656445992081779,0.0007008074547947006,0.0010267847284773158
240.41666666666666,0.0008114025568498269,0.0008860612036982747,0.0007476440613590676,0.0010815282713842037
240.45833333333334,0.0008693459810132307,0.0009411962150103411,0.0007952876652013794,0.0011113339748241879
240.5,0.0009252848678267323,0.0009967437387606675,0.0008280060536903335,0.001153748660814008
240.54166666666666,0.0009757928086819909,0.0010547571602944974,0.000886503178178442,0.0012118534002748484
240.58333333333334,0.0010179685469349634,0.0010608498521327387,0.0009172437537167186,0.001255045596969596
240.625,0.0010492274950481377,0.0011007013654670333,0.0009607445612587437,0.0012717786617773205
240.66666666666666,0.0010679769314731796,0.0011136939230940845,0.0009791252471581628,0.001284759657192326
240.70833333333334,0.001072859898047175,0.0011265139554041772,0.0010010110218433132,0.0012911995864710983
240.75,0.0010635897877307836,0.001136843823436679,0.0009949281997655853,0.001286617200456091
240.79166666666666,0.0010391377785540943,0.0011587824909182998,0.0009876114773176487,0.0012679492284610814
240.83333333333334,0.0009996325444071037,0.0011137992098588386,0.0009446828918523375,0.00125137660888996
240.875,0.0009480119054250727,0.0010539259303406724,0.0009047625019630392,0.001194406914573805
240.91666666666666,0.0008892287997079491,0.0009696172389009195,0.0008539358798279817,0.0011550013899339188
240.95833333333334,0.0008277246931939998,0.0009387702504218779,0.0007913575680008552,0.0011275247702501841
241.0,0.0007672635591348912,0.0008935103451953261,0.0007241903093764508,0.0010693532603123007
241.04166666666666,0.0007123000067266911,0.0008350230153271357,0.0006630092128154248,0.0010180448984770912
241.08333333333334,0.0006666953400203648,0.0007995337331801631,0.0006188129359567275,0.0009659723962820412
241.125,0.0006337780328808012,0.0007650125544251073,0.0005829844142449072,0.0009330550891424775
241.16666666666666,0.000616267431823966,0.0007632049489499418,0.0005812839196870187,0.0009157685276043932
241.20833333333334,0.0006153927497468619,0.0007556770272651831,0.0005811230523773127,0.0009183234907679379
241.25,0.0006314193450134197,0.0007672575398971274,0.0005978270770517073,0.0009392897065397535
241.29166666666666,0.0006623387063442043,0.0008102388355548881,0.0006251320877024364,0.000980215172991129
241.33333333333334,0.000704735618619186,0.0008323952153579118,0.000648240791956267,0.0009935623864128383
241.375,0.0007553245787369591,0.000865696704300607,0.0007007865029759422,0.0010267637766585573
241.41666666666666,0.0008113889818947382,0.0008868363615366944,0.0007461282775469114,0.0010815146964291151
241.45833333333334,0.0008693154867598234,0.000941269523310932,0.0007952571709479721,0.0011113034805707806
241.5,0.0009252622675037858,0.000996975478139745,0.0008279834533673869,0.0011537260604910613
241.54166666666666,0.0009757465763152077,0.001054530299120256,0.0008864569458116588,0.0012107594900923329
241.58333333333334,0.0010179413220172682,0.001061156726563504,0.0009171488967403317,0.0012550183720519007
241.625,0.001049189501911515,0.0011005609723991018,0.000960706568122121,0.0012717406686406979
241.66666666666666,0.0010679474501280278,0.0011148431934686653,0.0009790957658130108,0.0012847301758471743
241.70833333333334,0.0010728369155024108,0.0011263453080486538,0.001000988039298549,0.0012901289261106018
241.75,0.001063534829490819,0.001136636680136364,0.0009948732415256208,0.0012865622422161265
241.79166666666666,0.0010390626839324674,0.0011586334248022555,0.0009875363826960218,0.0012790572872439221
241.83333333333334,0.0009995769257709923,0.0011141261972989383,0.0009446272732162261,0.0012513209902538485
241.875,0.0009480074385512011,0.0010539214634668007,0.0009047580350891675,0.0011944024476999333
241.91666666666666,0.0008892375685548104,0.0009703979936692791,0.000853944648674843,0.0011550101587807801
241.95833333333334,0.0008277215177843988,0.0009393138925240624,0.0007896061144715391,0.0011275215948405833
242.0,0.0007672540873095775,0.0008936807293784199,0.0007241808375511371,0.001069343788486987
242.04166666666666,0.0007123260245658607,0.0008267007239943651,0.0006630352306545945,0.0010122923810250673
242.08333333333334,0.0006666577002280824,0.0007997532209634735,0.0006187752961644452,0.0009659347564897589
242.125,0.0006338041473605684,0.0007663952436437787,0.0005830105287246744,0.0009330812036222447
242.16666666666666,0.0006162494875410335,0.000763599528193178,0.0005812659754040862,0.0009157505833214608
242.20833333333334,0.0006153930318547617,0.0007460155366948637,0.0005811551182353692,0.0009178897236221804
242.25,0.0006314368555210058,0.0007687213531540174,0.0005978445875592935,0.0009393072170473395
242.29166666666666,0.0006623436942118955,0.0008102554552760775,0.0006251370755701275,0.0009802201608588202
242.33333333333334,0.0007047410407979361,0.0008323247329135434,0.0006482462141350171,0.0009935678085915883
242.375,0.0007553299025549018,0.0008671011804709106,0.0007007918267938849,0.0010267691004765
242.41666666666666,0.0008113472096133465,0.0008871600025383207,0.0007460865052655197,0.0010814729241477234
242.45833333333334,0.0008693179219121545,0.0009419390881178086,0.0007952596061003032,0.0011113059157231116
242.5,0.0009252051252974825,0.0009960377118351672,0.0008279263111610836,0.0011605425623838093
242.54166666666666,0.000975718190546267,0.0010546622997629235,0.0008864285600427181,0.0012107311043233922
242.58333333333334,0.0010179016136002785,0.001061033423683799,0.0009301202303502372,0.001254978663634911
242.625,0.0010491445834020323,0.001100447562855112,0.0009606616496126383,0.0012716957501312152
242.66666666666666,0.0010679214100358665,0.0011158783916515723,0.0009790697257208497,0.001284704135755013
242.70833333333334,0.0010728102702197405,0.0011262627651144905,0.0010009613940158786,0.0012901022808279314
242.75,0.0010635283011895347,0.001136716204562942,0.001007927524612378,0.001292223538292142
242.79166666666666,0.0010390716405849322,0.001159650707807327,0.0009875453393484866,0.001279066243896387
242.83333333333334,0.0009995921269212898,0.0011139152325351529,0.0009446424743665236,0.001251336191404146
242.875,0.0009480195839830217,0.001054107002227063,0.0009047701805209882,0.001194414593131754
242.91666666666666,0.0008892003443675019,0.0009696692081328476,0.0008539074244875345,0.0011549729345934716
242.95833333333334,0.0008277521146107707,0.0009385155885904765,0.000789636711297911,0.001127552191666955
243.0,0.0007672242140761223,0.0008950300474250078,0.0007241509643176819,0.0010693139152535317
243.04166666666666,0.0007123488782905275,0.000825095340754931,0.0006630898681294178,0.0010123152347497342
243.08333333333334,0.0006666376927551064,0.0007991287809355218,0.0006178747297684562,0.0009659147490167827
243.125,0.0006338239464937051,0.0007664150427769154,0.0005829405447207439,0.0009331010027553815
243.16666666666666,0.0006162373198290024,0.0007628346891580007,0.0005803732487690422,0.0009157384156094297
243.20833333333334,0.0006154000976725549,0.0007455535966281547,0.0005811621840531624,0.0009178967894399736
243.25,0.0006314317724180465,0.0007696269890601098,0.0005979005178649594,0.0009393021339443804
243.29166666666666,0.0006623310082227812,0.0008106095200194356,0.0006251243895810133,0.000980207474869706
243.33333333333334,0.000704737337491949,0.0008317729114606877,0.00064824251082903,0.0009935641052856011
243.375,0.000755318079405959,0.0008688928472182265,0.000700780003644942,0.0010267572773275573
243.41666666666666,0.0008113243180771505,0.0008872170120038859,0.0007460636137293238,0.0010814500326115275
243.45833333333334,0.0008692946506400715,0.0009422379208515651,0.0007952363348282202,0.0011112826444510287
243.5,0.0009251698095653468,0.0009962698576923077,0.000827890995428948,0.0011605072466516738
243.54166666666666,0.0009756885974898759,0.001054665812899764,0.000886398966986327,0.0012107015112670012
243.58333333333334,0.0010178593837543986,0.0010658191182503565,0.0009300780005043573,0.0012564260072245818
243.625,0.0010491143000309778,0.0011004172794840574,0.0009606313662415838,0.0012716654667601606
243.66666666666666,0.001067895043062049,0.0011154036778809832,0.0009703998906079198,0.0012846777687811955
243.70833333333334,0.0010727868715104346,0.0011266003274175858,0.0010009379953065728,0.0012900788821186256
243.75,0.0010635472382276763,0.0011466541164588848,0.0010079464616505197,0.0012922424753302837
243.79166666666666,0.0010391165189617942,0.0011613198281704836,0.0009875902177253486,0.001279111122273249
243.83333333333334,0.0009996185510496149,0.0011139852554596854,0.0009446688984948487,0.0012513626155324711
243.875,0.0009480003050782773,0.001055482076978619,0.0009047509016162438,0.001200195953640881
243.91666666666666,0.0008892549417650603,0.0009702692684643773,0.0008539620218850929,0.00115502753199103
243.95833333333334,0.0008276896514391316,0.0009389843800924111,0.0007895742481262719,0.0011274897284953161
244.0,0.0007672961453125154,0.0008951480441608154,0.000724222895554075,0.0010693858464899248
244.04166666666666,0.0007122709845357036,0.0008251895936963781,0.000663011974374594,0.0010122373409949103
244.08333333333334,0.000666705998099139,0.0008015528508523023,0.0006179430351124888,0.0009659830543608153
244.125,0.0006337759498806831,0.0007661549070843086,0.0005828925481077219,0.0009330530061423594
244.16666666666666,0.0006162553053722443,0.0007623251098572111,0.0005803912343122841,0.0009157564011526715
244.20833333333334,0.000615406667820549,0.0007439251939501138,0.0005811687542011565,0.0009179033595879677
244.25,0.0006314108736670215,0.0007696060903090848,0.0005978796191139344,0.0009392812351933553
244.29166666666666,0.0006623264209515023,0.0008163749103517145,0.0006251198023097343,0.000980202887598427
244.33333333333334,0.0007047243022885396,0.0008304799444367383,0.0006492147504691348,0.0009935510700821919
244.375,0.0007552876440173247,0.0008683938716183682,0.0007007495682563078,0.001026726841938923
244.41666666666666,0.0008113285546074758,0.0008871240999677186,0.000746067850259649,0.0010817137955160929
244.45833333333334,0.0008692380486241068,0.0009421614560001005,0.0007951797328122556,0.001111226042435064
244.5,0.0009251634190953345,0.0009963171127378373,0.0008278846049589357,0.0011605008561816614
244.54166666666666,0.0009756456094643891,0.0010547137289945855,0.0008863559789608403,0.0012106585232415144
244.58333333333334,0.0010178269359040393,0.0010704629719171497,0.000930045552653998,0.0012566530857484625
244.625,0.0010490910512176391,0.0011002720714187624,0.0009606081174282451,0.001271642217946822
244.66666666666666,0.00106785735641289,0.0011151481571841989,0.00097355695724164,0.0012846400821320365
244.70833333333334,0.0010727718545477502,0.0011262728019535114,0.0010009229783438883,0.0012900638651559412
244.75,0.0010635168538886974,0.0011525551880354969,0.0010079160773115408,0.0012922120909913048
244.79166666666666,0.0010390808805720933,0.0011606604749276567,0.0009875545793356477,0.0012805650573190985
244.83333333333334,0.0009996042360045077,0.00111394318320712,0.0009446545834497415,0.001251348300487364
244.875,0.0009480031963003445,0.0010553526117839458,0.000904753792838311,0.0012001988448629482
244.91666666666666,0.0008892775199553096,0.0009706215419741595,0.0008539846000753422,0.0011550501101812794
244.95833333333334,0.0008276696971545885,0.0009385849863586148,0.0007895542938417288,0.0011274697742107728
245.0,0.0007673153106615038,0.0008944522530447147,0.0007242420609030633,0.0010694050118389131
245.04166666666666,0.0007122504035701037,0.0008251944688413988,0.000662991393408994,0.0010122167600293103
245.08333333333334,0.0006667197044980866,0.0007970295411469613,0.0006178132187113091,0.000965996760759763
245.125,0.0006337953694897976,0.0007651111715298033,0.0005820314087938236,0.000933072425751474
245.16666666666666,0.000616235984191733,0.0007610791460725974,0.0005777787431822178,0.0009157370799721603
245.20833333333334,0.0006154237035634989,0.0007445498819615825,0.0005787361427946787,0.0009179203953309177
245.25,0.0006314072741295903,0.0007700652687620146,0.0005978760195765032,0.0009392776356559241
245.29166666666666,0.0006623123408231484,0.0008157298108578026,0.0006251057221813805,0.0009801888074700731
245.33333333333334,0.0007047166140317513,0.0008312990618609867,0.0006492070622123466,0.0009935433818254035
245.375,0.0007552950858949052,0.0008692206927816804,0.0007007570101338883,0.0010267342838165036
245.41666666666666,0.0008112986699974538,0.0008869071633547645,0.0007460379656496271,0.001081683910906071
245.45833333333334,0.0008692279545731428,0.0009412018518550183,0.0007951696387612916,0.0011134218026000694
245.5,0.0009251074126022194,0.0009962435227020994,0.0008278285984658206,0.0011628721116515653
245.54166666666666,0.0009756460555648785,0.0010540881066022612,0.0008863564250613296,0.0012059344431251734
245.58333333333334,0.0010177545747779295,0.0010842968400184014,0.0009299731915278882,0.0012565807246223528
245.625,0.001049098051406573,0.0011002790716076963,0.0009595224547017886,0.001271649218135756
245.66666666666666,0.001067808002791837,0.0011154276636317953,0.000973507603620587,0.0012845907285109835
245.70833333333334,0.0010727753455768737,0.001126737355871257,0.0009998338064576213,0.0012900673561850647
245.75,0.0010634775764615176,0.001163000817895177,0.001007876799884361,0.001292172813564125
245.79166666666666,0.0010390451390352143,0.00116117891444034,0.0009875188377987687,0.0012805293157822195
245.83333333333334,0.0009995704605972005,0.001114070299130722,0.0009446208080424344,0.0012513145250800568
245.875,0.0009479707430852357,0.0010551808363570166,0.0009047213396232022,0.0012001663916478395
245.91666666666666,0.0008892956983915625,0.0009705013900394813,0.0008540027785115951,0.0011550682886175322
245.95833333333334,0.0008276375780028201,0.0009390603169178593,0.0007895221746899604,0.0011274376550590044
246.0,0.0007673477762765113,0.0008946274997872258,0.0007242745265180709,0.0010694374774539207
246.04166666666666,0.0007122514127363198,0.000824773136226079,0.0006629924025752102,0.0010122177691955264
246.08333333333334,0.000666679232649943,0.0007939361294690432,0.0006183440473651403,0.0009659562889116194
246.125,0.0006338394361337458,0.0007646276733297201,0.0005819319526376445,0.0009331164923954222
246.16666666666666,0.0006162256791944303,0.0007581944162353755,0.0005659031793374794,0.0009157267749748576
246.20833333333334,0.0006154099018162019,0.0007443202174826718,0.0005662857816979715,0.0009179065935836207
246.25,0.0006314056751970156,0.0007696201745078865,0.0005978744206439285,0.0009392760367233495
246.29166666666666,0.0006622747465952506,0.0008174274872708946,0.0006250681279534827,0.0009801512132421753
246.33333333333334,0.0007046744693122812,0.0008314887147029007,0.0006491649174928764,0.0009935012371059333
246.375,0.0007552722780574373,0.0008685719621508899,0.0006982042517682926,0.0010293819831420615
246.41666666666666,0.000811300669840355,0.0008859664372198324,0.0007460399654925283,0.001081685910748972
246.45833333333334,0.000869177155348258,0.0009411510526301334,0.0007951188395364067,0.0011133710033751844
246.5,0.0009251011443753745,0.0009965807515691547,0.0008278223302389757,0.001168652036727758
246.54166666666666,0.0009755693882039108,0.0010536557037790517,0.000886819032629565,0.0012058577757642058
246.58333333333334,0.001017753921729749,0.0010870830840440195,0.0009299725384797078,0.0012621223697691683
246.625,0.0010490209943075763,0.001100608530277779,0.0009574351738039549,0.0012715721610367591
246.66666666666666,0.0010678003409948622,0.0011154200018348205,0.0009734999418236121,0.0012845830667140086
246.70833333333334,0.0010727285813619417,0.0011264053099374056,0.0009997870422426892,0.0012900205919701326
246.75,0.0010635137886277673,0.0011666249100593707,0.0010079130120506108,0.0012922090257303748
246.79166666666666,0.0010391060440434515,0.0011613621508008462,0.000987579742807006,0.0012805902207904567
246.83333333333334,0.0009996284599744255,0.0011145732605186305,0.0009446788074196594,0.0012513725244572818
246.875,0.0009480150329604601,0.0010546949319530968,0.0009047656294984266,0.0012026379434860828
246.91666666666666,0.0008892159750780404,0.0009697611282665428,0.000853923055198073,0.0011549885653040102
246.95833333333334,0.0008277285982939811,0.0009390575627386012,0.0007887661369857425,0.001118527203627078
247.0,0.0007672517354709126,0.0008959589733368177,0.0007241784857124722,0.001069341436648322
247.04166666666666,0.000712309796626495,0.0008255241447279736,0.0006570149858323337,0.0010122761530857016
247.08333333333334,0.0006666854611356556,0.000792500880169303,0.0006184940921603158,0.000965962517397332
247.125,0.0006337771577090192,0.0007604367822786128,0.0005818696742129179,0.0009330542139706957
247.16666666666666,0.0006162651686075534,0.0007564894240521805,0.0005682123530138296,0.0009157662643879807
247.20833333333334,0.0006153872939774493,0.0007448333853967564,0.0005683890418129827,0.000917883985744868
247.25,0.0006314190575747204,0.0007724017652444919,0.0005978878030216333,0.0009392894191010542
247.29166666666666,0.0006623363932412716,0.0008157849791182796,0.0006190842610139501,0.0009680625897333022
247.33333333333334,0.0007047077295221898,0.0008316370772211918,0.000649198177702785,0.000993534497315842
247.375,0.000755261331601612,0.0008691917022190204,0.0006981933053124673,0.001032496696832976
247.41666666666666,0.0008112508495561125,0.0008868244311071766,0.0007463342325828905,0.0010816360904647296
247.45833333333334,0.0008691851820904684,0.0009412126360660002,0.0007951268662786171,0.001113379030117395
247.5,0.0009250408992509034,0.000996626535424291,0.0008277620851145045,0.001168591791603287
247.54166666666666,0.0009755433182382688,0.0010537622567889722,0.000886792962663923,0.0012058317057985638
247.58333333333334,0.0010177122996998275,0.0010881487615031736,0.0009299309164497862,0.0012629709126649486
247.625,0.001048973934512873,0.0011004274011305994,0.0009573881140092517,0.0012735714610434127
247.66666666666666,0.0010677743067046366,0.001115102501336442,0.0009734739075333865,0.001284557032423783
247.70833333333334,0.0010726970340103757,0.0011263737625858397,0.0009997554948911233,0.0012920354044199237
247.75,0.0010634882463579818,0.0011676458353747855,0.001008407196510116,0.0012921834834605892
247.79166666666666,0.0010390836680916555,0.0011617762565717252,0.0009875573668552099,0.0012861101430336563
247.83333333333334,0.0009996086980705,0.001113612340732013,0.0009449139851481704,0.001246628236336526
247.875,0.000947988912836438,0.0010545753880728417,0.0009047395093744045,0.0012026118233620607
247.91666666666666,0.0008892913259609868,0.0009693670363595558,0.0008539984060810194,0.0011550639161869566
247.95833333333334,0.0008276368056325192,0.0009336976152806559,0.000789037502946924,0.001118435410965616
248.0,0.0007673456891489895,0.0008967986383876933,0.0007291349185199336,0.001069435390326399
248.04166666666666,0.0007122447975453284,0.0008261984170502319,0.0006569499867511671,0.001012211154004535
248.08333333333334,0.0006666828444204779,0.0007825539343875286,0.0006185232591952948,0.0009655258514284971
248.125,0.0006338363946539629,0.000758266217077781,0.0005825002116598362,0.0009331134509156393
248.16666666666666,0.0006162212528059576,0.0007480210450192734,0.0005682002209623905,0.0009152882993327275
248.20833333333334,0.000615411295067585,0.0007448103610824522,0.0005684130429031185,0.0009178714233818549
248.25,0.0006314311148588131,0.000771972016732137,0.000597899860305726,0.000939301476385147
248.29166666666666,0.0006623237399229179,0.0008138074560715057,0.0006190716076955964,0.0009680499364149484
248.33333333333334,0.000704701528415307,0.0008332849346992391,0.0006558126340306547,0.0009935282962089593
248.375,0.0007552411858353323,0.0008689229524242742,0.0006981731595461876,0.0010324765510666962
248.41666666666666,0.0008112658442360383,0.0008870053253565722,0.0007460481726134806,0.0010816510851446555
248.45833333333334,0.0008691011582393195,0.0009392708575157932,0.0007837131390440895,0.001113295006266246
248.5,0.0009250651291361882,0.0009965682553527491,0.0008277863149997893,0.0011688210829447186
248.54166666666666,0.0009754668864633187,0.0010539077383745366,0.0008867165308889729,0.0012057552740236135
248.58333333333334,0.0010176874547596759,0.0010885916022782911,0.0009299060715096346,0.001262946067724797
248.625,0.0010489581328961173,0.001101335678984841,0.0009573723123924959,0.001273555659426657
248.66666666666666,0.0010677171672194383,0.001114512736079684,0.0009734167680481883,0.0012883252792895792
248.70833333333334,0.0010726980691024462,0.00112543410095799,0.0009997565299831937,0.001297704263889294
248.75,0.0010634339270880382,0.0011673404334249413,0.0010083528772401723,0.0012921291641906456
248.79166666666666,0.001039072793931579,0.001161702302947002,0.0009875464926951333,0.001286989433799282
248.83333333333334,0.0009995981354567335,0.0011139758370500707,0.0009450298472521201,0.0012466176737227594
248.875,0.0009480106868646094,0.0010537903902700925,0.0009047612834025758,0.0012026335973902322
248.91666666666666,0.0008892288877848527,0.0009690960896198315,0.0008539359679048854,0.0011550014780108224
248.95833333333334,0.0008277146749474785,0.0009331478060534645,0.0007891153722618833,0.0011185132802805752
249.0,0.0007672591206106702,0.0008964233632328055,0.0007290483499816143,0.0010693488217880796
249.04166666666666,0.0007123044132063537,0.0008262823129697843,0.0006570096024121924,0.0010122707696655602
249.08333333333334,0.0006666787014450592,0.0007818210409547265,0.0006185191162198762,0.0009655217084530784
249.125,0.000633780142765637,0.0007488316923195787,0.0005825877760809733,0.0009326231497736561
249.16666666666666,0.0006162593645770963,0.0007474867254301646,0.0005682383327335292,0.0009153264111038663
249.20833333333334,0.0006153854706368696,0.0007452925434201114,0.0005683872184724031,0.0009178455989511395
249.25,0.0006314034996735016,0.0007732862563253958,0.0005978722451204145,0.0009392738611998353
249.29166666666666,0.0006622989878139164,0.0008150750113072136,0.0006190468555865949,0.0009680251843059469
249.33333333333334,0.0007046712524017119,0.0008331468126938242,0.0006557823580170596,0.000993498020195364
249.375,0.0007552478253813365,0.0008684948136174295,0.0007027263766585911,0.0010324831906127006
249.41666666666666,0.0008112135551358611,0.0008889371825374629,0.0007459958835133034,0.0010815987960444782
249.45833333333334,0.0008691345142393287,0.000939360705818163,0.0007837464950440987,0.0011133283622662552
249.5,0.0009249630889768889,0.000996245056687474,0.0008276842748404901,0.0011687190427854192
249.54166666666666,0.0009754965367163755,0.0010543745205350034,0.0008867461811420298,0.0012057849242766705
249.58333333333334,0.001017615818616945,0.0010888378374502915,0.0009298344353669037,0.001262874431582066
249.625,0.0010489257421037316,0.0011015834160322275,0.0009573399216001102,0.0012735232686342712
249.66666666666666,0.0010677047556259763,0.001114569341913054,0.0009734043564547263,0.0012883128676961172
249.70833333333334,0.001072656944421477,0.0011251550778829018,0.0009997154053022245,0.0012976631392083249
249.75,0.0010634255847128719,0.0011657075689227344,0.001008344534865006,0.0012921208218154793
249.79166666666666,0.0010390211525115561,0.00116150773118305,0.0009874948512751105,0.0012869377923792591
249.83333333333334,0.0009995869792784758,0.0011139973131344036,0.0009450186910738625,0.0012466065175445018
249.875,0.0009480266278596873,0.0010539702430133,0.0009047772243976538,0.00120264953838531
249.91666666666666,0.0008891965870887093,0.0009683809934554104,0.000853903667208742,0.001154969177314679
249.95833333333334,0.0008277478763898529,0.0009341636221746013,0.0007891485737042578,0.0011185464817229497
250.0,0.0007672194019760751,0.000898524433114124,0.0007342479514246643,0.0010693091031534845
250.04166666666666,0.0007123461089850059,0.0008281878438934888,0.0006570512981908446,0.0010123124654442125
250.08333333333334,0.0006666273562837804,0.0007815159716273633,0.0006184677710585973,0.0009654703632917995
250.125,0.0006338241558816794,0.0007475841202484559,0.0005826635729471724,0.0009326671628896985
250.16666666666666,0.000616231137166802,0.0007472919494447623,0.0005751186146789595,0.0009152981836935719
250.20833333333334,0.0006154011567316805,0.0007466942416093756,0.0005753114139229387,0.0009178612850459503
250.25,0.0006314272786566093,0.0007738020927248694,0.0005983576490455626,0.0009392976401829432
250.29166666666666,0.0006623133947372883,0.000815311314764462,0.0006190612625099668,0.0009680395912293188
250.33333333333334,0.0007046887294254107,0.0008360718468446095,0.0006557998350407583,0.000993515497219063
250.375,0.0007552187531665498,0.0008682770718935336,0.0007026973044438044,0.0010324541183979138
250.41666666666666,0.0008112150374648555,0.0008880976276764737,0.0007454961169113499,0.0010816002783734725
250.45833333333334,0.0008690590470615783,0.000939737354103677,0.0007836710278663483,0.0011132528950885047
250.5,0.0009249865256211827,0.0009959770515375525,0.0008277077114847839,0.0011687424794297131
250.54166666666666,0.0009753988246145203,0.0010542768084331482,0.0008866484690401745,0.001205687212174815
250.58333333333334,0.0010176136092086613,0.0010895504269631973,0.00092983222595862,0.0012628722221737824
250.625,0.00104887301146304,0.0011021827324624019,0.0009572871909594187,0.0012734705379935797
250.66666666666666,0.0010676609386626465,0.0011145255249497242,0.0009733605394913965,0.0012882690507327874
250.70833333333334,0.0010726443606163631,0.0011250873116705775,0.0009997028214971107,0.001297650555403211
250.75,0.0010634031082902313,0.0011660159000034913,0.0010083220584423654,0.0012910506675771066
250.79166666666666,0.0010390277997671521,0.0011617479486964307,0.0009875014985307065,0.0012869444396348551
250.83333333333334,0.0009995774701093466,0.0011141625968338238,0.0009450091819047333,0.0012465970083753726
250.875,0.0009480248447385349,0.0010526873558442593,0.000904735094814677,0.0012028528167203044
250.91666666666666,0.000889197559817777,0.0009681593573604266,0.0008539046399378096,0.0011549701500437467
250.95833333333334,0.0008277461390365196,0.0009328258990525834,0.000789239940019886,0.0011185447443696165
251.0,0.0007672201457926049,0.0009008204667028918,0.0007346730569225172,0.0010815820465087608
251.04166666666666,0.0007123454616155712,0.0008292679903273282,0.0006570506508214098,0.001012120028942596
251.08333333333334,0.0006666294048733072,0.0007814689059543628,0.0006184698196481241,0.0009654724118813262
251.125,0.0006338222708552818,0.0007465598113489887,0.0005826616879207749,0.0009326652778633009
251.16666666666666,0.0006162322794662529,0.000747518197865264,0.0005744423606407563,0.0009152993259930229
251.20833333333334,0.0006153991503473794,0.0007479248107869949,0.0005746320112009834,0.0009178592786616492
251.25,0.0006314249364455734,0.0007750652430831839,0.0005991026233519736,0.0009515237835310554
251.29166666666666,0.0006623050772434041,0.0008163124240815509,0.0006191460486850443,0.0009678394846032529
251.33333333333334,0.0007046751279513712,0.0008376966145730807,0.0006557862335667188,0.0009935018957450234
251.375,0.0007552059343336878,0.0008679529703300941,0.000702644139149118,0.0010324412995650518
251.41666666666666,0.0008111875837253844,0.0008877311790215768,0.0007459708970742733,0.0010815728246340015
251.45833333333334,0.000869042563504986,0.0009387546470231618,0.0007836545443097561,0.0011132364115319126
251.5,0.0009249400922434223,0.00099604275229709,0.0008276612781070235,0.0011686960460519527
251.54166666666666,0.000975376908954116,0.0010540910996443692,0.0008866265533797702,0.0011994274006167371
251.58333333333334,0.0010175718952077618,0.001090407126877678,0.0009297905119577205,0.0012628305081728828
251.625,0.0010488366915452432,0.0011017783928467379,0.000955249982944258,0.0012734342180757828
251.66666666666666,0.0010676455503785464,0.0011146466499478845,0.0009722524882919058,0.0012882536624486873
251.70833333333334,0.0010726105608377065,0.0011240680733546006,0.000999669021718454,0.0012976167556245544
251.75,0.001063392329208136,0.0011662494716021875,0.0010083112793602702,0.0012910398884950114
251.79166666666666,0.0010390242897077052,0.0011619400034361747,0.0009874979884712596,0.0012869409295754083
251.83333333333334,0.0009995877758183628,0.0011142018229064548,0.000945521721516144,0.0012466073140843888
251.875,0.0009480292269610661,0.0010520457102362955,0.000904357243144193,0.0012198039190471992
251.91666666666666,0.000889190578787736,0.0009680626240670151,0.0008538976589077687,0.0011549631690137058
251.95833333333334,0.0008277522499122532,0.0009331866276715327,0.0007887448019646716,0.00111855085524535
252.0,0.0007672175579614516,0.0009023605188955724,0.0007346704690913639,0.0010815794586776074
252.04166666666666,0.0007123476533775551,0.0008308673529555211,0.0006630346373991535,0.00101212222070458
252.08333333333334,0.0006666260334896716,0.0007807724376533619,0.0006184664482644885,0.0009654690404976906
252.125,0.0006338202269341354,0.0007473069827693469,0.0005802099968502007,0.0009326632339421546
252.16666666666666,0.0006162320825566764,0.0007480537767085249,0.0005744421637311799,0.0009152991290834464
252.20833333333334,0.0006153958988345193,0.000747965503314551,0.0005746287596881234,0.0009178560271487891
252.25,0.0006314148065535202,0.0007762161342011274,0.0005966428463104926,0.0009515136536390022
252.29166666666666,0.0006622875141161752,0.0008181064443239859,0.0006253930005362344,0.0009678219214760239
252.33333333333334,0.0007046614501169851,0.0008369541921994546,0.0006557725557323329,0.0009934882179106373
252.375,0.0007552075867784415,0.0008682102281398474,0.000702285594288672,0.0010324429520098056
252.41666666666666,0.0008111604527585385,0.0008879728907853961,0.0007459437661074273,0.0010815456936671556
252.45833333333334,0.0008690336283635478,0.0009345141544914448,0.0007836456091683178,0.0011301741964948372
252.5,0.0009248786419702223,0.0009962001281231898,0.0008275998278338235,0.0011686345957787527
252.54166666666666,0.0009753663663845453,0.0010551290017206622,0.0008866160108101995,0.0011993425675813
252.58333333333334,0.0010175194833627879,0.0010912182415352724,0.0009297381001127466,0.001262778096327909
252.625,0.0010488044188829084,0.0011015319696803128,0.0009552177102819232,0.0012849123691923863
252.66666666666666,0.001067616561745903,0.001114750695146587,0.0009722234996592623,0.001288224673816044
252.70833333333334,0.0010725851660745276,0.0011251584379624205,0.0009996436269552752,0.0012975913608613756
252.75,0.0010634027919399793,0.0011658538800021895,0.0010083217420921134,0.0012910503512268546
252.79166666666666,0.0010390405043349878,0.001162407410451426,0.0009875142030985422,0.0012869571442026908
252.83333333333334,0.0009995929756065466,0.0011138511110469723,0.0009455269213043278,0.001244199253527414
252.875,0.0009480022457614729,0.0010503730405725233,0.0009043302619445998,0.001219776937847606
252.91666666666666,0.000889242037662341,0.0009682882227053894,0.0008539491177823736,0.0011550146278883108
252.95833333333334,0.0008276901704659823,0.0009339020984791101,0.0007886827225184008,0.0011015016960332768
253.0,0.0007672754882444417,0.0009026226473656167,0.0007348023543427096,0.0010816373889605975
253.04166666666666,0.000712280535189296,0.0008311242883802279,0.0006629675192108944,0.001012055102516321
253.08333333333334,0.0006666952163606117,0.0007808452473707756,0.0006166270507706981,0.0009655382233686309
253.125,0.0006337750669108332,0.0007475898657710549,0.0005698541454312521,0.0009326180739188523
253.16666666666666,0.0006162566463355557,0.0007482601424348646,0.0005744667275100592,0.0009153236928623258
253.20833333333334,0.0006154005212196666,0.0007490213476807541,0.0005746333820732707,0.0009178606495339365
253.25,0.0006314014207919988,0.000775042583637975,0.0005841929011995609,0.0009515002678774808
253.29166666666666,0.0006623126776267228,0.0008195212444218912,0.0006235095836820514,0.0009489123110010485
253.33333333333334,0.0007046642159970996,0.0008368036025069314,0.000656888066473136,0.0009934909837907519
253.375,0.0007551762324414048,0.0008683775267200772,0.0007022542399516352,0.0010321836919729526
253.41666666666666,0.0008111633370631535,0.0008899682629270653,0.0007459466504120423,0.0010815485779717706
253.45833333333334,0.0008689695674459825,0.0009335648649855737,0.0007835815482507525,0.0011300256465271007
253.5,0.0009248894981130405,0.000996167183534558,0.0008257862702348763,0.0011724700874740862
253.54166666666666,0.0009752945010798441,0.0010555325712360408,0.0008865441455054983,0.001199270702276599
253.58333333333334,0.001017499229280413,0.001091152770262704,0.000927716957933008,0.0012627578422455342
253.625,0.0010487658697134223,0.001107935227076487,0.0009551791611124371,0.0012848738200229002
253.66666666666666,0.0010675855507360258,0.0011147004737004306,0.0009707113272813119,0.0012905672929819944
253.70833333333334,0.0010725687518590146,0.001133042811727583,0.0010001469394690528,0.0012975749466458625
253.75,0.001063377659743794,0.0011669384450406768,0.0010082966098959281,0.0013022083724351368
253.79166666666666,0.001039024614970646,0.0011630354266740305,0.0009874983137342004,0.0012898415257834549
253.83333333333334,0.0009995762794598776,0.0011135129010755873,0.0009455102251576588,0.001244182557380745
253.875,0.0009480044970853512,0.001049199747385115,0.000904332513268478,0.001219694700121313
253.91666666666666,0.0008892326226951559,0.0009690987762465378,0.0008539397028151885,0.0011550052129211256
253.95833333333334,0.0008277112435845416,0.0009367090349531037,0.00078870379563696,0.0010995750749321156
254.0,0.000767253440743378,0.0009041473601445859,0.0007347803068416458,0.0010813874357597176
254.04166666666666,0.000712304767659925,0.0008313527675073006,0.0006629917516815234,0.0010120793349869498
254.08333333333334,0.0006666697969890675,0.0007814927166947378,0.0006166016313991538,0.0009655128039970866
254.125,0.0006337813844139503,0.000748551363313554,0.0005698604629343692,0.0009326243914219693
254.16666666666666,0.000616255368208618,0.0007491202864036647,0.000571357850379218,0.000915322414735388
254.20833333333334,0.0006153871373879172,0.0007504330697472018,0.0005715123992376178,0.000917847265702187
254.25,0.0006314122643352165,0.0007746715243101449,0.0005863296126965425,0.0009515111114206985
254.29166666666666,0.0006623047024822611,0.0008201324527070061,0.0006235016085375897,0.0009489043358565868
254.33333333333334,0.0007046466676433942,0.0008381069382067659,0.0006568705181194307,0.0009934734354370464
254.375,0.0007551665620312706,0.0008685958174854545,0.0007022445695415011,0.0010321740215628184
254.41666666666666,0.000811142715273938,0.0008939147765018078,0.0007459260286228268,0.001081527956182555
254.45833333333334,0.0008689463793072073,0.0009331155433769672,0.0007835583601119773,0.0011300024583883255
254.5,0.000924847249145964,0.0009956925116133015,0.0008257440212677997,0.0011724278385070097
254.54166666666666,0.0009752576207553374,0.0010558135622262654,0.0008865072651809917,0.0012031817707129303
254.58333333333334,0.0010174614147049825,0.0010907671253947437,0.0009272415850259165,0.0012630472980445745
254.625,0.0010487252333626722,0.001110089153757444,0.0009556805770094797,0.0012848331836721502
254.66666666666666,0.0010675546705732823,0.0011153218641143587,0.0009706804471185684,0.001290536412819251
254.70833333333334,0.0010725431888552633,0.0011353085845060913,0.0010001213764653015,0.0012975493836421112
254.75,0.0010633718769998716,0.001167874974369941,0.0010077266787937326,0.0013022025896912144
254.79166666666666,0.0010390306126932456,0.001163195316578275,0.0009875043114568,0.0012898475235060547
254.83333333333334,0.000999584930502331,0.0011129622816922406,0.0009455188762001121,0.0012441912084231984
254.875,0.0009479996219363859,0.0010492260791416753,0.0009043276381195128,0.0012196898249723477
254.91666666666666,0.0008892407889444007,0.0009707515032262726,0.0008539478690644333,0.0011550133791703705
254.95833333333334,0.0008276918751381246,0.0009387839951595957,0.000788684427190543,0.0010995557064856986
255.0,0.0007672701203340273,0.000903722954429635,0.0007347969864322951,0.001081404115350367
255.04166666666666,0.0007122823665244237,0.0008329261196396406,0.0006629693505460221,0.0010120569338514485
255.08333333333334,0.0006666904108944006,0.0007828409144030249,0.000616622245304487,0.0009655334179024198
255.125,0.0006337737250884979,0.0007487203545956336,0.0005698528036089169,0.000932616732096517
255.16666666666666,0.0006162561049746666,0.0007504366467402502,0.0005713585871452665,0.0009153231515014365
255.20833333333334,0.0006153945778355364,0.0007522340933740282,0.000571519839685237,0.0009178547061498061
255.25,0.0006314108288509876,0.000774133738300785,0.0005863281772123136,0.0009515096759364696
255.29166666666666,0.000662316389214564,0.0008224876212703563,0.0006235132952698926,0.0009489160225888898
255.33333333333334,0.0007046508997880866,0.0008395235090426297,0.0006568747502641231,0.0009934776675817388
255.375,0.0007551444794755421,0.0008695554050175292,0.0007022224869857725,0.0010321519390070898
255.41666666666666,0.0008111022323892579,0.0008947952841057447,0.0007458855457381467,0.001081487473297875
255.45833333333334,0.0008689401275441581,0.0009320260301124423,0.0007835521083489281,0.0011302952111899968
255.5,0.0009247937063591407,0.0009961824277402824,0.0008256904784809764,0.0011723742957201863
255.54166666666666,0.0009752465419788173,0.001054961191723357,0.0008864961864044716,0.0012031706919364102
255.58333333333334,0.0010174072356865206,0.0010913174502160939,0.000927133236215084,0.0012629931190261125
255.625,0.0010486993399979804,0.0011122188536833296,0.0009581336352821814,0.0012855603598608371
255.66666666666666,0.0010675184940930817,0.0011159416369939212,0.0009711863228861606,0.0012905002363390503
255.70833333333334,0.0010725172073650564,0.0011373673632721541,0.0010000953949750946,0.0012967868982697323
255.75,0.0010633765923951158,0.001167766827901107,0.0010071351721488134,0.001303696878522009
255.79166666666666,0.0010390341573092018,0.0011614716527983881,0.0009875078560727562,0.001289851068122011
255.83333333333334,0.0009995975337136816,0.0011126542860785535,0.0009455314794114628,0.0012438032635461202
255.875,0.0009479888408358149,0.0010485578371797607,0.0009043168570189418,0.0012196790438717769
255.91666666666666,0.0008892779580706956,0.0009725250027566512,0.0008539850381907283,0.0011550505482966654
255.95833333333334,0.000827640694081236,0.0009405935678010941,0.0007886332461336544,0.00109950452542881
256.0,0.0007673329748982076,0.00090122657975905,0.0007348598409964755,0.0010800922592922014
256.0416666666667,0.0007122382394200059,0.0008327853360747842,0.0006629252234416043,0.0010120128067470308
256.0833333333333,0.0006666880754917904,0.000783446266494422,0.0006166809233105019,0.0009655310824998096
256.125,0.0006338251606578913,0.0007496742151120748,0.0005768127485340349,0.0009326681676659103
256.1666666666667,0.0006162172719675888,0.0007529076794855113,0.0005713197541381888,0.0009152843184943587
256.2083333333333,0.0006154134464963256,0.0007538179259932771,0.0005715387083460262,0.0009178735748105953
256.25,0.0006314064717851292,0.0007739014736594013,0.00059323232950218,0.0009515053188706113
256.2916666666667,0.0006622650517758512,0.0008219506971370356,0.000623522971239805,0.0009488646851501769
256.3333333333333,0.0007046229550904358,0.0008368905753975691,0.0006568468055664722,0.0009935390755290612
256.375,0.000755144647950488,0.000869786754210588,0.0007022226554607184,0.0010309956871834497
256.4166666666667,0.0008110605359864369,0.0008960281742260277,0.0007458438493353258,0.001081445776895054
256.4583333333333,0.0008689460079014253,0.0009326912364256274,0.0007835579887061953,0.001130301091547264
256.5,0.0009247218483501989,0.000995411869202755,0.0008256186204720346,0.0011719018896228157
256.5416666666667,0.0009752543158526492,0.0010552274381314054,0.0008865039602783035,0.0012031784658102422
256.5833333333333,0.001017332317666773,0.0010923790283295278,0.0009295372698327299,0.001262918201006365
256.625,0.0010486950828038698,0.0011125793038738417,0.0009589507588102844,0.0012855561026667264
256.6666666666667,0.0010674659006347782,0.001114987426203672,0.0009736126810652505,0.00129053699552572
256.7083333333333,0.0010725193146608949,0.0011377534651756845,0.001000097502270933,0.0012967890055655708
256.75,0.0010633442789144284,0.0011681152400118417,0.001007102858668126,0.0013036645650413216
256.7916666666667,0.0010390020879187801,0.0011607650232869117,0.0009874757866823345,0.001289818998731589
256.8333333333333,0.0009995613249640283,0.0011120926814397222,0.0009454952706618095,0.0012437670547964668
256.875,0.0009479594406674605,0.0010477116085017156,0.0009042874568505873,0.0012196496437034223
256.9166666666667,0.000889295377082783,0.0009724464158851677,0.0008540024572028156,0.0011553669718734733
256.9583333333333,0.0008276149233547684,0.0009417564894319432,0.0007886074754071868,0.0010994787547023424
257.0,0.0007673491849718173,0.0008945373543741434,0.0007348663381175833,0.0010679581992109166
257.0416666666667,0.000712258074028141,0.0008342270267959976,0.0006634066829917798,0.001012032641355166
257.0833333333333,0.000666644887663898,0.0007832720612719313,0.0006166377354826096,0.0009654878946719171
257.125,0.0006338381043480229,0.0007503012420677291,0.0005761482958865124,0.000932681111356042
257.1666666666667,0.0006162422207426486,0.0007540202043544301,0.0005713447029132485,0.0009153092672694185
257.2083333333333,0.0006153912279757461,0.0007553244031434475,0.0005719781147674871,0.000917851356290016
257.25,0.0006314128038246324,0.0007700523627994703,0.0005925515522515272,0.0009393613807552203
257.2916666666667,0.0006622695395934907,0.0008219555417530337,0.0006235274590574445,0.0009488691729678164
257.3333333333333,0.0007046077559035963,0.0008344437365559458,0.0006568316063796328,0.0009935238763422217
257.375,0.0007551297587966348,0.0008697894990010657,0.0007022077663068652,0.0010309807980295965
257.4166666666667,0.0008110398583680204,0.0008961287692347007,0.0007458231717169092,0.0010814250992766375
257.4583333333333,0.0008689183256558928,0.0009316053437933971,0.0007835303064606628,0.0011302734093017314
257.5,0.0009246813871830377,0.0009949942708122241,0.0008225718377887992,0.0011592559926568648
257.5416666666667,0.0009752182756051238,0.0010555770757410452,0.0008844670319334142,0.0012031424255627167
257.5833333333333,0.0010172868905684313,0.0010940652999160238,0.000930313223456602,0.0012628727739080233
257.625,0.0010486585487226084,0.0011106226469996512,0.0009589142247290231,0.001291061866780461
257.6666666666667,0.001067433985904854,0.001117021226498756,0.0009744021470575402,0.0013016882342002632
257.7083333333333,0.0010724940100777418,0.0011364016704652367,0.0009980713095904161,0.0012967637009824178
257.75,0.001063336542840678,0.0011681075039380914,0.0010070951225943756,0.0013036568289675713
257.7916666666667,0.0010390084700572363,0.0011595730792004551,0.0009874821688207907,0.0012898253808700452
257.8333333333333,0.0009995697121312009,0.001112288219100141,0.000945503657828982,0.0012437754419636394
257.875,0.0009479576070958413,0.001046511622696833,0.0009042856232789682,0.0012196478101318031
257.9166666666667,0.000889300541240216,0.0009719429933100549,0.0008540076213602487,0.0011553721360309064
257.9583333333333,0.0008276028485734768,0.0009414901306356421,0.0007885954006258952,0.0011026563057462367
258.0,0.000767351516399275,0.0008936977868979195,0.000734868669545041,0.0010679605306383743
258.0416666666667,0.0007122849608754712,0.0008351787468876169,0.0006638579315204332,0.0010243317277412426
258.0833333333333,0.0006666228356725761,0.0007821833363882119,0.0006166156834912877,0.0009654658426805953
258.125,0.00063382400504405,0.0007502876450610225,0.0005761341965825395,0.0009326670120520692
258.1666666666667,0.0006162635347475449,0.000752937152652706,0.0005713660169181449,0.0009153305812743148
258.2083333333333,0.0006153866831477117,0.0007558497935483382,0.0005727208864568995,0.0009301190110007279
258.25,0.0006314068478388627,0.0007693261599605588,0.0005925455962657576,0.0009393554247694506
258.2916666666667,0.000662286623141246,0.0008212130608979452,0.0006235445426051998,0.0009488862565155716
258.3333333333333,0.000704632879326103,0.0008335851609358401,0.0006568567298021394,0.0009935489997647284
258.375,0.0007551234906987004,0.0008699919831228481,0.0007022014982089309,0.0010342753372974969
258.4166666666667,0.0008110561267142587,0.0008955133435567164,0.0007458394400631475,0.0010814413676228758
258.4583333333333,0.0008688410202294443,0.0009295663674570923,0.0007834530010342143,0.001130196103875283
258.5,0.0009247017317521504,0.0009945962964636938,0.0008108269253756938,0.0011592763372259775
258.5416666666667,0.0009751205816958991,0.0010554793818318205,0.0008843693380241896,0.001203372002027963
258.5833333333333,0.0010172964616233793,0.0010933233169852985,0.0009303227945115499,0.0012628823449629713
258.625,0.0010485865091029846,0.0011061462685998088,0.0009587745530507077,0.0012918799920865391
258.6666666666667,0.001067426295099178,0.0011222602254150316,0.000974394456251864,0.001301680543394587
258.7083333333333,0.0010724446311578086,0.0011322250604729883,0.0009979542986117914,0.0013082247458414229
258.75,0.0010633088396104146,0.0011679342431008019,0.0010070674193641122,0.001310061588858006
258.7916666666667,0.0010389744266416311,0.001156881044323091,0.0009874481254051855,0.00128979133745444
258.8333333333333,0.0009995705820105554,0.0011118545283641686,0.0009455045277083366,0.001243776311842994
258.875,0.000948010803005807,0.0010466505372010969,0.0009043388191889339,0.0012128817635460168
258.9166666666667,0.0008891821630462281,0.0009713681699171823,0.0008538892431662607,0.0011552537578369184
258.9583333333333,0.0008277424724724956,0.0009410906424303905,0.000788735024524914,0.0011027959296452557
259.0,0.0007672102254603088,0.0008934180089382657,0.0007347273786060748,0.0010678192396994081
259.0416666666667,0.0007123399033443973,0.0008364827211588344,0.0006639128739893593,0.0010243866702101686
259.0833333333333,0.0006666239404712867,0.0007841863930131747,0.0006166167882899982,0.0009654669474793057
259.125,0.0006338170811486606,0.0007508707588294436,0.00057612727268715,0.0009326600881566796
259.1666666666667,0.000616229104335526,0.0007547321903181655,0.000571331586506126,0.000915296150862296
259.2083333333333,0.0006153925815149024,0.0007569776341084182,0.0005727267848240902,0.0009301249093679186
259.25,0.0006314125589579761,0.0007700614226595879,0.0005925513073848709,0.0009393611358885638
259.2916666666667,0.0006622802020769262,0.0008205850545405745,0.00062353812154088,0.000947948275132246
259.3333333333333,0.0007046191631516722,0.0008335890913722529,0.0006568430136277086,0.0009935352835902975
259.375,0.0007551018169281131,0.0008711773047925672,0.0007024347640707801,0.0010342536635269096
259.4166666666667,0.0008110409649087753,0.000895736619068047,0.0007442629768948438,0.0010897969645462346
259.4583333333333,0.0008687962756673992,0.0009295341291344947,0.0007834082564721692,0.0011301513593132378
259.5,0.0009246863296961281,0.0009955441403311277,0.0008108115233196715,0.0011592609351699552
259.5416666666667,0.0009750704798624625,0.001057166821443733,0.0008848612884385456,0.0012033219001945262
259.5833333333333,0.0010172611740060487,0.00109365409517755,0.0009299433613037863,0.0012712178160744828
259.625,0.0010485487879130125,0.0011129841408742695,0.0009717091280400393,0.0012919260869162373
259.6666666666667,0.001067396348465764,0.0011255577256173445,0.0009743645096184501,0.0013016505967611731
259.7083333333333,0.0010724257066107236,0.0011437641383817546,0.0010115382377005409,0.0013082058212943379
259.75,0.0010632756503853795,0.0011675548582621715,0.001007034230139077,0.0013100283996329708
259.7916666666667,0.0010389521076157766,0.001154383645073353,0.000987425806379331,0.0012897690184285856
259.8333333333333,0.000999517415492884,0.0011128693738774757,0.0009454513611906651,0.0012437231453253225
259.875,0.0009479775604028274,0.0010469248176736732,0.0009041476660069039,0.0012128485209430373
259.9166666666667,0.0008892310953435859,0.0009704355956388267,0.0008539381754636185,0.001155302690134276
259.9583333333333,0.0008277145876822182,0.0009386211093446008,0.0007871458383718163,0.0011027680448549783
260.0,0.0007672479615437958,0.0008954068518961043,0.0007348582183585234,0.001067856975782895
260.0416666666667,0.0007122841589613709,0.0008364284801179895,0.0006638571296063328,0.0010233993655081363
260.0833333333333,0.0006667026309016256,0.0007838161304577824,0.0006166954787203371,0.0009655456379096446
260.125,0.000633760834451699,0.0007518392644865555,0.0005729634269862851,0.0009326038414597181
260.1666666666667,0.0006162560050793765,0.000755108467910208,0.0005713229620133822,0.0009153230516061466
260.2083333333333,0.0006154085267281877,0.0007571087371125963,0.0005727072048007813,0.000930140854581204
260.25,0.0006313941037251484,0.0007698897205185898,0.0005895183568171014,0.0009393426806557362
260.2916666666667,0.000662291249299676,0.0008194979135859767,0.0006235491687636299,0.0009479593223549958
260.3333333333333,0.0007046323720028325,0.0008345117791386581,0.0006568562224788689,0.0009935484924414578
260.375,0.0007550872102691414,0.0008700244192278682,0.0007021191027624726,0.0010342390568679378
260.4166666666667,0.0008110247329763607,0.0008963864538142758,0.0007442467449624291,0.0010897807326138201
260.4583333333333,0.0008687534731649491,0.0009301843555515901,0.0007833654539697191,0.0011301085568107877
260.5,0.0009246704786107226,0.0009950690687285152,0.000810795672234266,0.0011592450840845496
260.5416666666667,0.000975018572935166,0.001057129427397525,0.0008872883331486425,0.0012032699932672298
260.5833333333333,0.0010172196692383307,0.0010943739295069996,0.0009306333308965135,0.0012712601273264352
260.625,0.00104852969651347,0.001135405835491579,0.0009716900366404968,0.001291906995516695
260.6666666666667,0.0010673324829791415,0.0011264704856846996,0.0009743006441318276,0.0013024236168475997
260.7083333333333,0.001072420126680233,0.0011628675544635605,0.0010140116094074438,0.0013096898147993978
260.75,0.0010632892494374395,0.0011682370330045513,0.0010077793035515822,0.0013100419986850308
260.7916666666667,0.001038998965279826,0.0011540949631586278,0.0009874726640433805,0.0012898158760926352
260.8333333333333,0.0009995763104170172,0.0011138520026686975,0.0009455102561147984,0.0012437820402494558
260.875,0.0009479439440209774,0.001046982877145566,0.000904114049625054,0.0012128149045611872
260.9166666666667,0.000889296622403331,0.0009727214666448019,0.0008540037025233636,0.0011553682171940212
260.9583333333333,0.0008276013036454207,0.0009361541476826385,0.0007870325543350188,0.0011026547608181808
261.0,0.0007673445077902875,0.0008980843081110312,0.0007349547646050151,0.0010679535220293867
261.0416666666667,0.0007122805516185757,0.0008381893090599003,0.0006638535222635377,0.0010233957581653411
261.0833333333333,0.0006666248648105745,0.0007848308885217118,0.0006170793375713264,0.0009654678718185936
261.125,0.0006338222160607263,0.0007536272436493912,0.0005730248085953124,0.0009326652230687455
261.1666666666667,0.0006162581202650779,0.0007575146400514532,0.0005716778612622114,0.0009153251667918478
261.2083333333333,0.0006153890579667424,0.0007576098254644141,0.0005725788951604233,0.0009301213858197587
261.25,0.0006314000357212677,0.0007721377295059443,0.0005895242888132206,0.0009386721369131892
261.2916666666667,0.0006622600781004214,0.0008188956950436174,0.0006235179975643753,0.0009479281511557413
261.3333333333333,0.000704588850645825,0.0008394205504191826,0.0006568127011218614,0.0009935049710844504
261.375,0.0007550682368708036,0.0008667370028122807,0.0007021001293641348,0.0010342200834696001
261.4166666666667,0.0008109945484500097,0.0008980094456219517,0.0007442165604360781,0.0010891454392103913
261.4583333333333,0.0008687477546741872,0.0009283323550083852,0.0007833597354789572,0.0011301028383200258
261.5,0.0009246076149021378,0.0009950642469694823,0.0008107328085256812,0.0011591822203759648
261.5416666666667,0.0009750002172021172,0.0010565289769405024,0.0008880913581378075,0.00121591147493627
261.5833333333333,0.001017182340956064,0.00109698969090143,0.0009311352775434501,0.0012658931639502606
261.625,0.001048471983861294,0.0011410619192391827,0.0009716323239883207,0.0012918492828645188
261.6666666666667,0.0010673371701305592,0.001124797005239767,0.0009743053312832453,0.0013024283039990174
261.7083333333333,0.0010723760134097474,0.0011698653188023274,0.0010147888768591718,0.0013096457015289121
261.75,0.0010632583667229722,0.0011739256636250004,0.0010077484208371149,0.0013100111159705635
261.7916666666667,0.0010389508769811035,0.0011514115371866528,0.0009874245757446579,0.001285043261577082
261.8333333333333,0.0009995629894777173,0.0011140937048036076,0.0009454969351754984,0.0012437687193101558
261.875,0.0009480197999107557,0.0010461873390233776,0.0009041899055148323,0.0012128907604509655
261.9166666666667,0.0008891831565046902,0.000973843995535257,0.0008538498901628984,0.0011552547512953804
261.9583333333333,0.0008277397252642513,0.0009268597333961905,0.0007856623088967571,0.0011027931824370114
262.0,0.0007672101277904789,0.0008996114245991124,0.0007348203846052065,0.0010488843680440552
262.0416666666667,0.000712338705912506,0.0008382764742090195,0.000663911676557468,0.0010234539124592715
262.0833333333333,0.0006666222119659499,0.0007865611686281678,0.000617501046408025,0.0009777374185127154
262.125,0.0006338160325332421,0.0007550149975371806,0.0005734802500098685,0.0009326590395412612
262.1666666666667,0.0006162259298339689,0.0007591438088018596,0.0005720700325124256,0.0009275651758994854
262.2083333333333,0.0006153928069333594,0.0007573783182999682,0.0005725826441270403,0.0009301251347863757
262.25,0.0006314180155294093,0.0007741159166075918,0.0005895422686213622,0.000920431818474474
262.2916666666667,0.0006622828776413013,0.0008181175004496572,0.0006235407971052551,0.0009479509506966211
262.3333333333333,0.0007046060011741349,0.0008404049561380841,0.0006564293078831471,0.0009937969560490573
262.375,0.0007550595482341046,0.0008614535167904931,0.0007025936746298302,0.0010342113948329011
262.4166666666667,0.0008109576645387882,0.0008972097268146114,0.0007426710094677644,0.00108910855529917
262.4583333333333,0.0008687317185996921,0.0009283163189338901,0.0007833436994044621,0.0011300868022455306
262.5,0.0009245673331537118,0.0009977958284909272,0.0008106925267772552,0.0011591419386275388
262.5416666666667,0.0009749595212542527,0.0010552834217789262,0.0008863122641546531,0.0012158707789884054
262.5833333333333,0.0010171458863641337,0.0010967420937334727,0.0009310988229515196,0.00126585670935833
262.625,0.0010484323535653118,0.0011430900125647258,0.0009715926936923386,0.0012918096525685366
262.6666666666667,0.00106729795816238,0.0011201523237689653,0.0009741984872563744,0.001307931390225834
262.7083333333333,0.001072349632366048,0.0011708112388268892,0.0010147624958154724,0.0013151616186802086
262.75,0.0010632396356514357,0.0011754325896388596,0.0010098104367224103,0.001309992384899027
262.7916666666667,0.0010389643614217743,0.0011495450125073485,0.0009862389370792419,0.001285056746017753
262.8333333333333,0.0009995647786159435,0.0011140842979455831,0.0009454987243137247,0.0012506441525474334
262.875,0.0009480013605885196,0.0010454121464635836,0.0009046737000949907,0.0012128723211287295
262.9166666666667,0.0008892124353641943,0.0009754399554231066,0.0008534969351293873,0.0011552840301548846
262.9583333333333,0.0008277115573392535,0.0009249520986709003,0.0007800268870466545,0.0011027650145120135
263.0,0.0007672327548774816,0.0008997327224084766,0.0007348430116922092,0.001048906995131058
263.0416666666667,0.0007123085607657546,0.0008357393384941501,0.0006638718184582147,0.0010112734971576256
263.0833333333333,0.0006666543536272356,0.0007881058556039877,0.000615083540919883,0.000977769560174001
263.125,0.0006337832646288943,0.0007569009617540476,0.000573871843786844,0.0009448984711756598
263.1666666666667,0.000616248473813579,0.0007599706863538288,0.0005719071633871713,0.0009275877198790954
263.2083333333333,0.0006153784714975668,0.0007561508003668751,0.0005723731826338814,0.0009179605291956887
263.25,0.000631428848402952,0.0007743233301794179,0.000589553101494905,0.0009204426513480167
263.2916666666667,0.0006623122509230137,0.0008180701899703699,0.0006211205232375397,0.0009479803239783336
263.3333333333333,0.0007046108064351668,0.0008399205458853652,0.000656434113144179,0.0009938017613100893
263.375,0.0007550366621715123,0.0008614508688285494,0.0006942366224990856,0.0010341885087703088
263.4166666666667,0.0008109551545639437,0.0008983692538499933,0.00074714497282294,0.0010891060453243253
263.4583333333333,0.0008686787409243875,0.0009269239258863404,0.0007833943518888208,0.0011300338245702262
263.5,0.0009245599848003328,0.0009980914115596288,0.0008106851784238762,0.0011591345902741599
263.5416666666667,0.0009749028078269776,0.0010553953982856447,0.0008862555507273779,0.0012182413275241494
263.5833333333333,0.0010171054121961161,0.0010999372532334367,0.0009310583487835021,0.0012658162351903124
263.625,0.0010484114843051175,0.001142870399744756,0.0009715718244321443,0.0012925488651796533
263.6666666666667,0.0010672445414723168,0.0011307156532658774,0.0009872058819543532,0.0013087681384614728
263.7083333333333,0.0010723439247625184,0.0011710409982991436,0.0010147567882119429,0.0013160460760023812
263.75,0.0010632345605709143,0.0011798954685134431,0.0010078044735445252,0.0013099873098185056
263.7916666666667,0.0010390003367889242,0.0011495809878744987,0.0009862749124463918,0.0012850927213849028
263.8333333333333,0.0009995841391492026,0.0011142684662415984,0.0009455180848469837,0.0012506635130806925
263.875,0.0009479961723676265,0.0010464485412097382,0.0009046685118740975,0.0012128671329078363
263.9166666666667,0.0008892036487443738,0.0009757721582099773,0.0008534881485095669,0.001158431097633837
263.9583333333333,0.0008277152733036144,0.0009250461682143619,0.0007844803149612793,0.0011027687304763743
264.0,0.000767234600993408,0.0008996493795366712,0.0007348448578081356,0.0010489088412469843
264.0416666666667,0.0007123026751898036,0.0008316580300710622,0.0006638659328822638,0.0010112676115816748
264.0833333333333,0.0006666712253546745,0.0007879094125641385,0.0006047897212516755,0.00097778643190144
264.125,0.0006337693603430308,0.0007574375867771048,0.0005738579395009805,0.0009448845668897963
264.1666666666667,0.0006162550028575034,0.0007593799715241403,0.0005719136924310957,0.0009275942489230198
264.2083333333333,0.0006153768851293038,0.0007556045612773644,0.0005723715962656184,0.0009179589428274256
264.25,0.0006313972260486181,0.0007736288480903947,0.000589521479140571,0.0009204110289936829
264.2916666666667,0.0006622707825133313,0.0008168116578153037,0.000610126201590761,0.0009479388555686511
264.3333333333333,0.0007045894185237451,0.0008396647809327696,0.0006564127252327573,0.0009937803733986676
264.375,0.0007550313750245317,0.000861761061480159,0.0006942313353521049,0.0010341832216233281
264.4166666666667,0.0008109305525352546,0.0008982847668819645,0.0007471203707942509,0.0010922372973944088
264.4583333333333,0.0008686655096259349,0.0009275901172653432,0.0007819866792874402,0.0011300205932717735
264.5,0.0009245026428016624,0.0009985282622194409,0.0008086269483278419,0.0011594045186499602
264.5416666666667,0.0009748877572458706,0.001056478909005407,0.000886240500146271,0.0012183100929627128
264.5833333333333,0.0010170646288961474,0.0011009957582842898,0.0009310175654835334,0.0012665355337616547
264.625,0.0010483671061346583,0.0011432713592231028,0.0009715274462616851,0.0012925044870091941
264.6666666666667,0.0010672393582880416,0.0011491319291451652,0.000987200698770078,0.0013095230371485086
264.7083333333333,0.0010723032539191504,0.0011732526070731774,0.0010147161173685749,0.0013160892211786835
264.75,0.0010632076906837316,0.0011803318748700477,0.0010077776036573425,0.0013102877103057936
264.7916666666667,0.0010389330532370102,0.001149616793756308,0.0009862076288944777,0.0012850254378329888
264.8333333333333,0.0009995282053246919,0.0011143114053117796,0.0009454621510224731,0.0012530348412192007
264.875,0.0009479845219577847,0.0010476292906509872,0.0009046568614642558,0.0012128554824979946
264.9166666666667,0.00088921605622275,0.0009754866313126736,0.0008517522778682279,0.001158443505112213
264.9583333333333,0.0008277144470646058,0.0009259045143081482,0.0007844794887222709,0.001102767904237366
265.0,0.000767249471844171,0.0008995065950269952,0.0007348597286588986,0.0010489237120977473
265.0416666666667,0.0007122651714901477,0.0008318116098862632,0.0006638284291826078,0.0010112301078820188
265.0833333333333,0.0006667140983586747,0.0007878836190242298,0.0006048325942556757,0.0009778293049054402
265.125,0.0006337690480737593,0.0007575395180638663,0.0005738221019951147,0.0009448842546205249
265.1666666666667,0.0006162324130600322,0.000760808712248882,0.0005718911026336245,0.0009275716591255486
265.2083333333333,0.0006154183299409294,0.0007568574591426191,0.000572413041077244,0.0009180003876390512
265.25,0.0006313839048566553,0.0007731378108911336,0.000589472632712014,0.00092039770780172
265.2916666666667,0.0006622661056752459,0.0008166465697213607,0.0006101215247526756,0.0009479341787305657
265.3333333333333,0.0007045878445373651,0.0008410681206425637,0.0006564111512463773,0.0009937787994122875
265.375,0.0007550367291834417,0.0008634902629857603,0.0006942366895110149,0.0010341885757822382
265.4166666666667,0.000810876905030874,0.0009003892409118903,0.0007470667232898703,0.0010921836498900283
265.4583333333333,0.0008686751479112567,0.0009270257681065707,0.000781996317572762,0.0011300302315570953
265.5,0.000924423303788159,0.0009985514180122026,0.0008085476093143385,0.0011642657298886235
265.5416666666667,0.0009749057957863111,0.0010560743090246058,0.0008862585386867115,0.001219234716917226
265.5833333333333,0.0010169805209064887,0.0011007478571662564,0.0009309334574938747,0.0012602135298743222
265.625,0.0010483676072939312,0.0011436340060820222,0.000971527947420958,0.001292504988168467
265.6666666666667,0.001067179025961156,0.0011510831710521,0.0009871403664431925,0.0013094627048216231
265.7083333333333,0.0010723018042096623,0.0011729364612997903,0.0010147146676590868,0.0013160877714691955
265.75,0.0010632198823491386,0.0011812088506137884,0.0010083318475705423,0.0013102999019712006
265.7916666666667,0.0010389587844788007,0.001148520636704004,0.0009862333601362682,0.001285957754488852
265.8333333333333,0.0009995589734754142,0.0011149610787578694,0.0009454929191731954,0.0012637923529251276
265.875,0.0009479416714146958,0.0010468244808803158,0.0009046140109211668,0.0012128126319549057
265.9166666666667,0.0008892923859676625,0.000975643050011763,0.0008518286076131404,0.0011585198348571255
265.9583333333333,0.0008275956351716778,0.0009280937089419033,0.0007843606768293429,0.001102649092344438
266.0,0.0007673428533171007,0.0008993809158551653,0.0007349531101318283,0.001049017093570677
266.0416666666667,0.0007122771718040158,0.0008314714904610451,0.0006639335331654375,0.0010112421081958868
266.0833333333333,0.0006666197021196412,0.0007884446448476576,0.0006116467073723669,0.0009777349086664067
266.125,0.0006338172056201189,0.0007573305783000311,0.0005737614186625616,0.0009449324121668844
266.1666666666667,0.000616257440240098,0.0007614643561472441,0.0005719161298136903,0.0009275966863056144
266.2083333333333,0.0006153851991642886,0.0007573865869761605,0.0005724730139695648,0.0009179672568624104
266.25,0.0006313984817706038,0.0007741586957089676,0.0005893783687470499,0.0009204122847156685
266.2916666666667,0.0006622685045768458,0.0008162359671942354,0.0006170324330100002,0.0009479365776321656
266.3333333333333,0.0007045758812023746,0.0008410561573075732,0.0006563991879113869,0.000993766836077297
266.375,0.0007550207063039947,0.0008633867992824621,0.0006952752657679905,0.0010341725529027911
266.4166666666667,0.0008108574623835737,0.0008993327229459362,0.00074704728064257,0.001092164207242728
266.4583333333333,0.0008686476532885493,0.000926609586656466,0.0007819688229500546,0.0011300027369343878
266.5,0.0009243886810039548,0.0009985122147384627,0.0008127384273458695,0.0011642311071044192
266.5416666666667,0.0009748697649612947,0.0010553504426478186,0.0008862225078616952,0.0012190368051639663
266.5833333333333,0.0010169383990564428,0.0011007057353162105,0.0009308913356438288,0.00126009711755841
266.625,0.0010483309228814669,0.0011432364542654791,0.0009703308926100571,0.0012924683037560027
266.6666666666667,0.0010671462917344265,0.0011514556975268581,0.0009871076322164629,0.0013094299705948935
266.7083333333333,0.0010722785252186527,0.0011740268475898378,0.0010135310182696406,0.0013160644924781859
266.75,0.0010631698260830042,0.0011840290347811823,0.0010107607429418013,0.0013102498457050662
266.7916666666667,0.001038909949630576,0.0011481485389443164,0.0009861845252880435,0.0012793040813585633
266.8333333333333,0.0009995265858346145,0.0011125814368600682,0.0009454605315323956,0.0012637599652843279
266.875,0.0009479514786835852,0.0010469535873303983,0.0009046238181900563,0.001212822439223795
266.9166666666667,0.0008892548426424094,0.0009754711620386467,0.0008515069087574752,0.0011584822915318724
266.9583333333333,0.000827646970862229,0.0009293813419206423,0.0007854666116563165,0.001102700428034989
267.0,0.000767312394421706,0.0009011357713133168,0.0007349226512364336,0.0010540344318355288
267.0416666666667,0.0007122308728079403,0.000831402350358013,0.000663887234169362,0.0010111958091998114
267.0833333333333,0.0006666929153654305,0.0007860478066751276,0.0006110328113280002,0.0009656578517573017
267.125,0.0006338013415840359,0.0007569188664112644,0.0005737455546264787,0.0009449165481308016
267.1666666666667,0.000616214930248286,0.0007596666032329661,0.0005718448627901473,0.000915403906158908
267.2083333333333,0.0006154106904981482,0.0007581985496496546,0.0005724985053034244,0.0009173162724576037
267.25,0.0006313993019282853,0.000773761223894948,0.0005893791889047314,0.00092041310487335
267.2916666666667,0.0006622607419024389,0.0008161512298957677,0.0006206237567677467,0.0009479288149577587
267.3333333333333,0.0007045735242312409,0.0008428340718713461,0.0006563968309402532,0.0009988122762664097
267.375,0.0007550002802494047,0.0008660538289765182,0.0006952548397134005,0.0010341521268482012
267.4166666666667,0.0008108725776171192,0.0008967965454187186,0.0007467782403457034,0.0010921793224762735
267.4583333333333,0.0008685665924602129,0.0009269634107544511,0.0007818877621217183,0.0011299216761060517
267.5,0.000924412757049157,0.0010010637837999385,0.0008135838841132855,0.0011642551831496214
267.5416666666667,0.0009747633012113178,0.0010561397317962675,0.0008861160441117182,0.0012189303414139893
267.5833333333333,0.00101695079512967,0.0011003699999950288,0.0009309037317170559,0.0012601095136316371
267.625,0.001048250851285822,0.0011434602227404676,0.0009702508210144121,0.0012923882321603578
267.6666666666667,0.0010671297060137765,0.0011521382901790234,0.000987091046495813,0.0013094133848742435
267.7083333333333,0.0010722358430384415,0.0011743576174318088,0.0010134883360894294,0.0013167818921692854
267.75,0.0010632031654924416,0.00118501205058989,0.0010116154630734524,0.0013102831851145036
267.7916666666667,0.0010389641699065492,0.0011471695653073048,0.0009862387455640167,0.0012793583016345365
267.8333333333333,0.0009995548799568404,0.0011093418170225722,0.0009454888256546216,0.0012639933208627005
267.875,0.0009479310859179205,0.0010473989119525965,0.0009046034254243916,0.0012128020464581303
267.9166666666667,0.0008892855240484526,0.0009763018488149947,0.0008509742560011166,0.0011585129729379156
267.9583333333333,0.0008275997220306292,0.0009301443263776073,0.0007854193628247168,0.0011026531792033892
268.0,0.00076734189908471,0.0009006047546119935,0.0007349521558994377,0.0010540639364985329
268.0416666666667,0.0007122664154630574,0.0008309376240832313,0.0006620141964597486,0.0009922965778694055
268.0833333333333,0.0006666251610116905,0.0007837267359681345,0.0006109650569742603,0.0009655900974035618
268.125,0.0006338272461898285,0.0007554337582966413,0.000573576333174905,0.0009327921825816996
268.1666666666667,0.000616244325491757,0.000759796827077494,0.0005718742580336183,0.0009154333014023791
268.2083333333333,0.0006153818181483375,0.0007589037144490164,0.0005724696329536137,0.0008990291018609364
268.25,0.00063140837128186,0.000772056806129969,0.0005892028451534416,0.0009204221742269248
268.2916666666667,0.0006622688066420394,0.0008151650422050529,0.0006206318215073472,0.0009479368796973593
268.3333333333333,0.0007045706637568089,0.0008427953362325438,0.0006544853901010907,0.0009989205973326264
268.375,0.0007549820612498136,0.0008676957859602613,0.0006952366207138094,0.00103413390784861
268.4166666666667,0.0008108502354512549,0.0008976040468139872,0.0007467558981798391,0.0010921569803104092
268.4583333333333,0.0008685402672731694,0.0009265782247975525,0.0007819505846768429,0.001129895350919008
268.5,0.0009243753942387196,0.0010001408860279358,0.0008135465213028482,0.0011642178203391841
268.5416666666667,0.0009747250278182528,0.001055788350420664,0.0008846292856215073,0.0012196521498922352
268.5833333333333,0.0010169111880420705,0.0011005097269717538,0.0009308641246294565,0.0012600699065440377
268.625,0.001048212411154613,0.00114393852789879,0.0009702123808832032,0.0012818687655977883
268.6666666666667,0.001067100040599642,0.001151624704487082,0.0009870613810816784,0.001309383719460109
268.7083333333333,0.0010722108600677877,0.0011750317644517452,0.0010134633531187756,0.0013167569091986316
268.75,0.0010631913346375883,0.00118494807418766,0.0010116036322185991,0.0013102713542596503
268.7916666666667,0.0010389634962383952,0.0011470283611053843,0.0009847895867987168,0.0012793576279663825
268.8333333333333,0.0009995602026410032,0.0011082503027817453,0.0009454941483387844,0.0012639986435468633
268.875,0.0009479307371438715,0.001047208301698068,0.0009046030766503426,0.0012128016976840814
268.9166666666667,0.0008892892262473104,0.0009795851922024435,0.0008513220455745792,0.0011585166751367734
268.9583333333333,0.0008275925407610153,0.0009298283691909283,0.0007854121815551029,0.0011026459979337753
269.0,0.0007673372478047791,0.0009022009074550442,0.0007349475046195067,0.001054059285218602
269.0416666666667,0.0007122784427777429,0.0008300190589088753,0.000662026223774434,0.000992308605184091
269.0833333333333,0.000666616732860873,0.0007833997705094008,0.0006109566288234427,0.0009655816692527441
269.125,0.000633812380692076,0.0007536103181048005,0.0005735614676771525,0.0009327773170839472
269.1666666666667,0.0006162563294564846,0.0007598188088061009,0.0005718862619983459,0.0009154453053671067
269.2083333333333,0.00061538251369188,0.0007587142295124724,0.0005724703284971562,0.0008990297974044789
269.25,0.00063140027962049,0.0007717618983821019,0.0005891947534920716,0.0009204140825655548
269.2916666666667,0.0006622699533864071,0.0008160446108652874,0.0006206329682517149,0.0009479380264417269
269.3333333333333,0.0007045643436594162,0.0008449241887845928,0.0006547340096361345,0.0009989142772352337
269.375,0.000754978959102297,0.0008718916674464391,0.0006952335185662928,0.0010341308057010936
269.4166666666667,0.0008107957751381159,0.0009009788267761849,0.0007512480154330994,0.0010921025199972702
269.4583333333333,0.0008685535350482022,0.0009257866287241591,0.0007819638524518757,0.0011299086186940409
269.5,0.0009242928702154748,0.0010000583620046908,0.0008134639972796034,0.0011641352963159394
269.5416666666667,0.0009747381350422176,0.001056130071777568,0.0008846423928454721,0.0012196652571162
269.5833333333333,0.001016832424659918,0.00110037059432507,0.0009307853612473039,0.0012599911431618851
269.625,0.0010482151865577364,0.0011423276245109688,0.0009701319212681493,0.0012771470147840815
269.6666666666667,0.0010670569487881338,0.001151236727067007,0.000986454140911897,0.0013093406276486008
269.7083333333333,0.0010722000089368156,0.001173454984660149,0.0010134525019878035,0.0013167460580676596
269.75,0.0010631382940334947,0.0011850637235175602,0.0010115505916145056,0.0013102183136555568
269.7916666666667,0.0010388965143319233,0.0011469613791989124,0.000984722604892245,0.0012792906460599106
269.8333333333333,0.0009995235713541788,0.0011076785897203704,0.00094545751705196,0.0012639620122600389
269.875,0.0009479567383161355,0.001047156140910286,0.0009046290778226065,0.0012128276988563453
269.9166666666667,0.0008892679323192759,0.0009818164099638467,0.0008508879014350577,0.001158495381208739
269.9583333333333,0.0008276281376006102,0.000931688233581952,0.000790357362092156,0.0011026815947733702
270.0,0.0007673183489301521,0.0009033914729496086,0.0007349286057448797,0.0010486959003064389
270.0416666666667,0.0007122302116564587,0.0008309217000457367,0.0006620390060617751,0.0009922603740628068
270.0833333333333,0.0006666794841540497,0.0007857207746154673,0.0006080048847816777,0.000965644420545921
270.125,0.0006338090998443298,0.0007537439863519236,0.0005735391427501773,0.0009327740362362009
270.1666666666667,0.0006162096060873528,0.0007603949083933906,0.0005705663033039267,0.0009153985819979749
270.2083333333333,0.0006154059105260024,0.0007585230091649008,0.0005711968775161392,0.0008990531942386014
270.25,0.0006314040335344435,0.0007738129045453991,0.000589198507406025,0.0009204178364795081
270.2916666666667,0.0006622613519638517,0.0008161291534720793,0.0006175167678252561,0.0009479294250191716
270.3333333333333,0.0007045599101513062,0.0008452652032505162,0.0006544895348873139,0.0009935653576895874
270.375,0.0007549655275339571,0.0008756657055566814,0.000697184117628743,0.0010431968735183574
270.4166666666667,0.0008107795135411938,0.0009015849952915054,0.0007512317538361773,0.0010920862584003481
270.4583333333333,0.0008685234282402967,0.0009261597208119275,0.0007814324967130223,0.0011298785118861354
270.5,0.0009242656610274859,0.0010015724809318434,0.0008134367880916144,0.0011641919031476207
270.5416666666667,0.0009747009112604548,0.0010547707430016708,0.0008846051690637093,0.0012196280333344372
270.5833333333333,0.0010167953558114884,0.00110001256550832,0.000930665057380697,0.0012494730478820953
270.625,0.0010481745525714877,0.0011425433536771746,0.0009736001906642523,0.0012771063807978328
270.6666666666667,0.0010670273962327251,0.0011510732022593036,0.0009857451312981476,0.0012988300486618317
270.7083333333333,0.0010721756608933698,0.001174291332119016,0.0010141596283048029,0.0013167217100242138
270.75,0.0010630934376045697,0.0011865543372271267,0.0010115057351855806,0.0013055327470294718
270.7916666666667,0.0010388904564007364,0.0011469835701817639,0.000984716546961058,0.0012792845881287238
270.8333333333333,0.0009995307812234958,0.0011070756890833144,0.000945464726921277,0.001263969222129356
270.875,0.00094797469112639,0.0010477708789211502,0.0009046470306328611,0.0012128456516666
270.9166666666667,0.0008892569555690596,0.0009820074777320779,0.0008503756757538935,0.0011584844044585227
270.9583333333333,0.0008276344607896967,0.0009359765014168679,0.000790323338819418,0.001114304399152935
271.0,0.0007673151890815452,0.0009041242223220014,0.0007349254458962728,0.001048692740457832
271.0416666666667,0.0007122274352201887,0.0008304337078642805,0.0006620362296255051,0.0009922575976265369
271.0833333333333,0.0006666804964167612,0.0007869928123012926,0.0006080058970443892,0.0009467106588231094
271.125,0.0006338120674408138,0.0007551960095412962,0.0005736352140156229,0.000932777003832685
271.1666666666667,0.0006162089637891415,0.0007612951435623122,0.0005705656610057154,0.0008964631657142405
271.2083333333333,0.0006154038269485695,0.0007593579799438381,0.0005711947939387062,0.0008990511106611684
271.25,0.0006313992348868711,0.0007747213775746902,0.0005891937087584527,0.0009204130378319357
271.2916666666667,0.0006622490029975804,0.0008160706728866996,0.0006171038750919606,0.0009481919104891973
271.3333333333333,0.0007045453106672411,0.0008443165976053061,0.0006544749354032488,0.0009935507582055224
271.375,0.0007549478419938675,0.0008770034055242575,0.0006971664320886534,0.0010457161697831423
271.4166666666667,0.0008107866734146743,0.0009027241853336775,0.0007512389137096577,0.0010920934182738285
271.4583333333333,0.0008684564398780293,0.0009296475253628921,0.0007793646202533909,0.001129811523523868
271.5,0.0009242692013357521,0.0010026282856874168,0.0008134403283998807,0.0011641954434558868
271.5416666666667,0.000974613510045557,0.001053870083268274,0.0008845177678488116,0.0012195406321195395
271.5833333333333,0.0010167931311991243,0.0011014155572730854,0.0009310405863899095,0.0012534187720305693
271.625,0.001048100682789109,0.0011482120762989073,0.0009736700203890506,0.0012770325110154541
271.6666666666667,0.0010670084506644755,0.0011508580544984227,0.0009861039393514745,0.001298811103093582
271.7083333333333,0.0010721362808948018,0.0011789145547230428,0.0010141202483062348,0.0013166823300256457
271.75,0.0010631341617880579,0.0011864707857359587,0.0010120857342982717,0.001309521419973798
271.7916666666667,0.0010389461012328086,0.0011477972434899247,0.0009827713036957664,0.0012796675033352667
271.8333333333333,0.0009995678039429142,0.001106227084293425,0.0009455017496406954,0.0012640062448487743
271.875,0.0009479811183303821,0.0010481219565494297,0.0009046534578368532,0.001212852078870592
271.9166666666667,0.0008892254798327845,0.0009830587518289704,0.0008508464339200128,0.0011584529287222475
271.9583333333333,0.0008276707644617411,0.0009383370765149088,0.0007899774085984472,0.0011143407028249795
272.0,0.0007672694516639556,0.0009038929730019016,0.0007288439078456314,0.0010486470030402423
272.0416666666667,0.0007122584392742214,0.0008300745681742723,0.0006620672336795378,0.0009922886016805695
272.0833333333333,0.0006666868095031419,0.0007876790761792493,0.0006080122101307699,0.0009467169719094901
272.125,0.0006337594012450314,0.0007545618001498272,0.0005735825478198405,0.0009157372578711
272.1666666666667,0.0006162398121861232,0.0007615265529413203,0.0005705965094026971,0.0008964940141112223
272.2083333333333,0.0006153834991603758,0.0007593674597729311,0.0005711744661505126,0.0008990307828729748
272.25,0.000631399817901761,0.0007756250200124309,0.0005891942917733426,0.0009204136208468258
272.2916666666667,0.0006622827060957924,0.0008159544398930287,0.0006171375781901726,0.0009482256135874093
272.3333333333333,0.0007045599678584626,0.0008455171568503974,0.0006489560258638131,0.000993565415396744
272.375,0.000754926149950052,0.000883993855530614,0.0006971447400448379,0.0010456944777393268
272.4166666666667,0.0008107263332778041,0.0009017650346917763,0.0007511785735727876,0.0010918051724371422
272.4583333333333,0.0008684777398485409,0.0009318312040674083,0.0007793859202239026,0.0011301600938688505
272.5,0.0009241986465875435,0.0010006366746736935,0.000813369773651672,0.0011641248887076783
272.5416666666667,0.0009745877307879157,0.0010544686278926461,0.0008844919885911702,0.0012195148528618982
272.5833333333333,0.0010167569708399917,0.0011010220481109108,0.000931148125537954,0.0012533826116714367
272.625,0.0010480533899917884,0.0011489790468397346,0.00097362272759173,0.0012769852182181335
272.6666666666667,0.0010669797546754992,0.001151940588044142,0.0009862189428696752,0.0012987824071046057
272.7083333333333,0.0010721040691071327,0.0011791298056820678,0.0010140880365185657,0.0013166501182379766
272.75,0.0010630930557730858,0.0011864759329325602,0.0010120446282832997,0.001309480313958826
272.7916666666667,0.0010389164703570152,0.001149836870836382,0.000982741672819973,0.0012796378724594733
272.8333333333333,0.0009995526732000958,0.0011050403676020402,0.000945486618897877,0.001263991114105956
272.875,0.0009479937371150941,0.0010487882209446106,0.0009046660766215651,0.0012128646976553039
272.9166666666667,0.0008892088658273994,0.000991271800148351,0.0008508298199146277,0.0011584363147168625
272.9583333333333,0.0008276894695459739,0.0009545965206695933,0.0007912864464233461,0.001114131502209396
273.0,0.000767242885682997,0.0009041301693957003,0.0007288173418646728,0.0010486204370592836
273.0416666666667,0.0007122876221259721,0.0008286545775009045,0.0006620964165312884,0.0009923177845323201
273.0833333333333,0.0006666602684799858,0.0007866242552032855,0.0006079856691076137,0.0009466904308863339
273.125,0.0006337671198847131,0.0007547744755218368,0.0005735902664595222,0.0009137972822910613
273.1666666666667,0.0006162440031885625,0.000762577016871172,0.0005706007004051364,0.0008994928465965948
273.2083333333333,0.0006153758989392619,0.0007599787907884018,0.0005711668659293987,0.0009020178241347939
273.25,0.0006313971978943847,0.0007750911785892954,0.0005891916717659663,0.0009204110008394494
273.2916666666667,0.0006622676998143988,0.0008140693713739948,0.000617122571908779,0.0009482106073060158
273.3333333333333,0.0007045282759486832,0.0008453795026814859,0.0006489243339540336,0.0009935337234869646
273.375,0.0007549092628841437,0.0008898661132218372,0.0006985364385908565,0.0010456775906734184
273.4166666666667,0.0008107427320723598,0.0009019123864708544,0.0007511949723673433,0.001091821571231698
273.4583333333333,0.0008684039297162935,0.0009371319920051417,0.000779854162339448,0.001130086283736603
273.5,0.0009242053971607896,0.00100150926151414,0.0008133765242249181,0.0011651907257169557
273.5416666666667,0.0009745303906678652,0.0010537708875223953,0.0008844346484711197,0.0011963710505116974
273.5833333333333,0.0010167226328492457,0.0011014677598212086,0.000931113787547208,0.0012533482736806908
273.625,0.0010480296584227642,0.0011519356471746992,0.0009751058917119633,0.0012707235907514355
273.6666666666667,0.0010669459405323691,0.001152014034786445,0.0009869166030869903,0.0012987485929614757
273.7083333333333,0.0010720881437364517,0.0011800711883477332,0.0010139888761297074,0.0013061531664359353
273.75,0.0010631061289675737,0.001187129598154199,0.0010120577014777875,0.0013102534690246246
273.7916666666667,0.001038916697855158,0.0011518413193090686,0.000985762904203302,0.001279638099957616
273.8333333333333,0.000999557146301765,0.0011047067570050118,0.0009454910919995462,0.0012513901514088354
273.875,0.0009479746085921515,0.0010483199848890883,0.0009046469480986226,0.0012128455691323614
273.9166666666667,0.0008892530111156941,0.00099446115779252,0.0008508739652029224,0.0011584804600051572
273.9583333333333,0.0008276393771908721,0.000953838079839886,0.0007912363540682443,0.0011140814098542942
274.0,0.0007673025513797053,0.0009047630512811556,0.0007288770075613812,0.00104848831362381
274.0416666666667,0.0007122216261277029,0.0008266052422045114,0.0006620304205330193,0.000992251788534051
274.0833333333333,0.0006666982552025895,0.0007859876116612161,0.0006080236558302175,0.0009467284176089378
274.125,0.0006337880783646009,0.0007543589595863023,0.0005722448859451608,0.0009138182407709491
274.1666666666667,0.0006162093400168074,0.0007632360983674333,0.0005705660372333813,0.0008994581834248396
274.2083333333333,0.0006154075225439447,0.0007607392749097671,0.0005711984895340815,0.0009020494477394767
274.25,0.0006313723625353279,0.0007764186352563695,0.0005891668364069095,0.0009203861654803926
274.2916666666667,0.0006622356169800157,0.000812706286376646,0.0006170904890743959,0.0009481785244716327
274.3333333333333,0.0007045207909148033,0.0008455185009710194,0.0006551813638985729,0.000993334449320903
274.375,0.0007549175007458272,0.0008863001598804461,0.00069854467645254,0.001045685828535102
274.4166666666667,0.0008106776925805298,0.0009029710693178538,0.0007511299328755133,0.0010907112929819307
274.4583333333333,0.0008684270256331787,0.0009394776230145545,0.0007831775906159403,0.0011301093796534881
274.5,0.0009241028699367198,0.0010002128267101425,0.0008132739970008483,0.001167294052708855
274.5416666666667,0.0009745786511193476,0.001053744126452563,0.0008835438910715217,0.00119641931096318
274.5833333333333,0.0010166176668477242,0.001102437786857073,0.0009325157172349437,0.0012659031450812583
274.625,0.0010480504327709948,0.001151843566061567,0.0009751266660601939,0.001270744365099666
274.6666666666667,0.0010668830762371104,0.0011572808183565764,0.000988899909410192,0.0012939612024493866
274.7083333333333,0.001072082870292966,0.0011797985001005562,0.0010141990370870965,0.0013014233667756191
274.75,0.0010630622318237558,0.0011860650577831648,0.0010120138043339696,0.0013039716759831329
274.7916666666667,0.0010388888540292397,0.001153521734894823,0.0009865564410995974,0.0012960947290863024
274.8333333333333,0.0009995450354083305,0.0011044802515789865,0.0009454789811061116,0.0012513780405154008
274.875,0.0009479330224656876,0.0010481050069953693,0.0009046053619721587,0.001213102987570618
274.9166666666667,0.0008892825311852335,0.0009961194085639235,0.0008509034852724618,0.0011585099800746966
274.9583333333333,0.0008275844683636363,0.0009538235226643474,0.0007911814452410085,0.0011129266248410094
275.0,0.0007673337490437719,0.0009050034140529227,0.0007348900000412075,0.0010485195112878768
275.0416666666667,0.000712272330883466,0.0008256354803126784,0.0006620811252887824,0.0009923024932898142
275.0833333333333,0.0006666118654142875,0.0007856152790870572,0.0006077928999264086,0.0009466420278206358
275.125,0.0006338088669151573,0.0007547094505599911,0.0005722656744957173,0.0009138390293215055
275.1666666666667,0.0006162517043444227,0.000763235887842057,0.0005714236172879728,0.000899500547752455
275.2083333333333,0.0006153784993873872,0.0007615452530205845,0.0005719846821045003,0.0009020204245829192
275.25,0.0006313930897681908,0.0007768644378743184,0.0005878212246455233,0.0009204068927132556
275.2916666666667,0.0006622530465243442,0.0008113256971599622,0.0006169635525032175,0.0009481959540159612
275.3333333333333,0.0007045219949387475,0.0008445206102607792,0.0006551825679225171,0.0009933356533448471
275.375,0.0007548991804727807,0.0008857410168096148,0.000705147013614246,0.0010456675082620554
275.4166666666667,0.0008106678722034961,0.0009029189258322006,0.0007511201124984796,0.001090701472604897
275.4583333333333,0.000868385041250445,0.0009411550073549924,0.0007813111924914411,0.0011300673952707543
275.5,0.0009240840391279574,0.000999929919519446,0.0008019254628087071,0.0011672752219000927
275.5416666666667,0.0009745141456261432,0.001054087027028222,0.0008830322077982086,0.0012001794410224907
275.5833333333333,0.0010165966063124267,0.0011025450169468538,0.0009324946566996462,0.00126830934650898
275.625,0.0010479964849004412,0.0011509998116632956,0.0009750727181896403,0.0012706904172291125
275.6666666666667,0.0010668644200681062,0.001158633447801502,0.0009888812532411878,0.0012939425462803824
275.7083333333333,0.001072058252993995,0.00118013352058224,0.0010150197134452075,0.0013013987494766481
275.75,0.0010630613492669738,0.0011855730299721722,0.0010120129217771876,0.0013039707934263509
275.7916666666667,0.0010388705005107447,0.0011525144020396564,0.0009865380875811024,0.0012960763755678075
275.8333333333333,0.0009995185185678397,0.0011028558348351164,0.0009454524642656209,0.00125135152367491
275.875,0.0009479364612234026,0.0010455745514047958,0.0009046088007298737,0.001213106426328333
275.9166666666667,0.000889280270603003,0.0009955580753319327,0.0008509012246902313,0.001158507719492466
275.9583333333333,0.0008275926762392011,0.0009534342001630391,0.0007960521322459578,0.0011129348327165742
276.0,0.0007673321238853516,0.0009054497286772018,0.0007348883748827872,0.0010485178861294564
276.0416666666667,0.0007122458985771467,0.0008248750022865062,0.0006596050458330353,0.0009922760609834948
276.0833333333333,0.0006666282535081296,0.00078509576479894,0.0006078092880202506,0.0009466584159144778
276.125,0.0006338247519678301,0.0007548619660239884,0.00057228155954839,0.0009138549143741782
276.1666666666667,0.0006162287640547277,0.0007622859477128354,0.0005714006769982779,0.00089947760746276
276.2083333333333,0.0006153776729718087,0.0007610510190468571,0.0005719838556889217,0.0009020195981673406
276.25,0.0006313976178346661,0.0007780367046333347,0.0005878257527119987,0.0009204114207797309
276.2916666666667,0.0006622316074494928,0.0008098406337652258,0.0006169421134283662,0.0009481745149411098
276.3333333333333,0.000704488240036194,0.0008450035249918943,0.0006526991658705358,0.0009933018984422937
276.375,0.0007548767618987134,0.0008846104080193458,0.0007051245950401787,0.0010456450896879882
276.4166666666667,0.0008106338842986442,0.0009041119341772074,0.0007510861245936277,0.001096463652009811
276.4583333333333,0.0008683837078596466,0.0009416543438444581,0.0007813098591006427,0.001130066061879956
276.5,0.0009240290840549479,0.0010005602560057383,0.0008018705077356977,0.0011675783010824724
276.5416666666667,0.0009744972361047317,0.0010546121187469198,0.0008830152982767972,0.0011997619834126503
276.5833333333333,0.0010165503260615345,0.0011003479757443716,0.000932448376448754,0.0012682630662580877
276.625,0.001047955152504083,0.0011503190950794627,0.0009750313857932821,0.0012706490848327543
276.6666666666667,0.0010668305112509014,0.001159303352648071,0.000988847344423983,0.0012939086374631776
276.7083333333333,0.0010720369838020782,0.0011822192534275142,0.0010149984442532907,0.0013013774802847313
276.75,0.0010630489247657735,0.0011836886542237939,0.0010102620992406975,0.0013039583689251507
276.7916666666667,0.0010388706124684574,0.0011518713267871553,0.000986538199538815,0.0012981032014001102
276.8333333333333,0.0009995169620370457,0.0010998862640787669,0.0009454509077348269,0.001251349967144116
276.875,0.0009479385261136257,0.0010412204997256994,0.0009046108656200968,0.001213108491218556
276.9166666666667,0.0008892731215173052,0.000995921876985219,0.0008508940756045335,0.0011665034720973449
276.9583333333333,0.0008275972238891115,0.0009566452178380923,0.0007963116195283048,0.0011130505619071332
277.0,0.0007673309338072683,0.0009099689851857198,0.0007348871848047038,0.001048516696051373
277.0416666666667,0.0007122366103575388,0.0008248434864786628,0.000649285066217781,0.0009922667727638868
277.0833333333333,0.0006666364103232389,0.0007835949333630084,0.0006076320317304955,0.000946666572729587
277.125,0.0006338245351946969,0.0007554698803754088,0.0005722813427752569,0.0009168493390839782
277.1666666666667,0.0006162224494242214,0.0007617872101396725,0.0005713943623677716,0.0008994712928322536
277.2083333333333,0.0006153804900833236,0.0007613211648688284,0.0005719866728004367,0.0009020224152788556
277.25,0.0006314011267841203,0.0007799932617432461,0.0005878292616614528,0.0009234095712121181
277.2916666666667,0.0006622412430256065,0.0008096179688991185,0.000617021275532052,0.000948295332057872
277.3333333333333,0.0007045075965525023,0.0008440921813375937,0.0006419804619613763,0.0009933212549586019
277.375,0.0007548645846800441,0.0008898857877862456,0.0007051124178215094,0.001045632912469319
277.4166666666667,0.0008106598432280449,0.0009052468298221296,0.0007511120835230284,0.0010964896109392115
277.4583333333333,0.000868289264127124,0.0009452639455174493,0.0007796541140052997,0.0011300554341671038
277.5,0.0009240647932083519,0.0009960861281136178,0.0008019062168891016,0.0011845607303402395
277.5416666666667,0.0009743867010443151,0.0010549915322274727,0.0008829047632163805,0.0011996514483522337
277.5833333333333,0.001016561710737913,0.0010983197953938976,0.0009307213630898426,0.0012682744509344662
277.625,0.0010478803724340545,0.001148523259120569,0.0009749566057232535,0.0012705743047627257
277.6666666666667,0.001066818001299754,0.001159241638892507,0.0009888348344728355,0.0012876582316143563
277.7083333333333,0.0010719932762917074,0.0011829419549934975,0.0010164616324321771,0.0013013337727743606
277.75,0.0010630603821446922,0.0011823729192111886,0.0010102735566196162,0.0013039698263040693
277.7916666666667,0.0010389095845559082,0.0011535320693356332,0.000986577171626266,0.0012982259895072314
277.8333333333333,0.0009995439140759604,0.0010940455110610206,0.0009454778597737416,0.0012682391502372228
277.875,0.0009479206400595098,0.0010416453534264863,0.0009045929795659809,0.00121309060516444
277.9166666666667,0.0008892805532355241,0.0009963764610291521,0.000849340205959932,0.0011665109038155638
277.9583333333333,0.0008275804359285731,0.0009582053689216637,0.000795955936324635,0.001113033773946595
278.0,0.0007673267620037263,0.0009083427278719321,0.0007344604326463222,0.0010487873586841282
278.0416666666667,0.0007122774486176343,0.000825822942739801,0.0006493259044778766,0.0009923076110239825
278.0833333333333,0.0006666071411028724,0.000782969261071083,0.000607602762510129,0.0009466373035092206
278.125,0.0006337992440271187,0.0007552720443323901,0.0005722560516076787,0.0009168240479164
278.1666666666667,0.0006162531846072516,0.0007621495772985362,0.0005696652736202404,0.0008995020280152837
278.2083333333333,0.0006153767439423252,0.000761192552645488,0.000570223102728877,0.0009020186691378573
278.25,0.0006313942123646359,0.000780759478678136,0.0005873997668871288,0.0009236774912289308
278.2916666666667,0.000662249306031824,0.0008074147327051918,0.0006166164883267825,0.0009483033950640896
278.3333333333333,0.0007045108365262208,0.0008432840188100617,0.0006419837019350947,0.0009933244949323205
278.375,0.000754849911181612,0.000889433633114774,0.000706210489183766,0.0010456182389708868
278.4166666666667,0.0008106419518288916,0.0009074157811864841,0.0007510941921238751,0.001096471719540058
278.4583333333333,0.0008682515260100031,0.0009449251849752564,0.0007796163758881789,0.001130017696049983
278.5,0.0009240451825206882,0.0009925000533991771,0.0008018866062014379,0.0011739756041710438
278.5416666666667,0.000974343556067903,0.0010553478207305821,0.0008843685139292256,0.0011996083033758217
278.5833333333333,0.0010165223754012417,0.001095776329527438,0.0009306820277531713,0.0012684401770539416
278.625,0.0010478561939450297,0.0011490244398752994,0.0009749324272342288,0.001270550126273701
278.6666666666667,0.0010667797336888498,0.0011557791647846352,0.0009887965668619314,0.0012876199640034522
278.7083333333333,0.0010719765985552838,0.0011831426785778316,0.0010164449546957535,0.001295079199140263
278.75,0.0010630141754716716,0.001180128595021605,0.0010102273499465956,0.001297066418936311
278.7916666666667,0.001038875239285554,0.00115387305155483,0.0009865428263559116,0.0012983967056930238
278.8333333333333,0.0009995145522662487,0.0010929796231164812,0.0009454484979640299,0.0012682097884275112
278.875,0.0009479266007131229,0.0010408140999076444,0.000904598940219594,0.001213096565818053
278.9166666666667,0.0008892693740459937,0.0009963748349551872,0.0008493290267704016,0.0011664997246260333
278.9583333333333,0.0008275962146922281,0.0009598801635182952,0.0007959717150882899,0.0011130495527102498
279.0,0.0007673297099114668,0.0009072350772009845,0.0007344633805540627,0.0010478587462728628
279.0416666666667,0.0007122351534490458,0.0008260099638455412,0.0006561921186650127,0.000992265315855394
279.0833333333333,0.0006666334514718259,0.0007832550984153252,0.0006076100287998535,0.000946663613878174
279.125,0.0006338230273762268,0.0007556641628115055,0.0005722798349567867,0.0009168478312655081
279.1666666666667,0.0006162214210280666,0.0007619433033226597,0.0005649451787499367,0.0008994702644360989
279.2083333333333,0.0006153784336640726,0.000761869719839979,0.0005655364611595056,0.0009020203588596046
279.25,0.0006313988770323131,0.0007826320217051741,0.0005874739227339157,0.0009236821558966081
279.2916666666667,0.00066223679266322,0.0008075296276268326,0.0006166039749581785,0.0009482908816954855
279.3333333333333,0.000704495046256407,0.0008411152050633783,0.0006531529037908132,0.0009923771443435007
279.375,0.0007548389401740524,0.0008854554322230323,0.0007061995181762064,0.0010456072679633271
279.4166666666667,0.0008106176207044488,0.0009087963536082863,0.0007490689729020685,0.0010964473884156154
279.4583333333333,0.0008682347061536903,0.0009458438775185547,0.0007750845674586997,0.00113000087619367
279.5,0.0009239966651770998,0.0009907585789153586,0.0008027234847485346,0.0011739270868274553
279.5416666666667,0.000974313240187231,0.001055141274280212,0.0008813318765324795,0.0011995779874951495
279.5833333333333,0.0010164851253087177,0.001094149245371555,0.0009306447776606474,0.0012693095123754903
279.625,0.0010478078910522398,0.0011499312219042694,0.0009748841243414388,0.0012744497721417492
279.6666666666667,0.0010667566178992614,0.0011559619068530758,0.000988773451072343,0.0012875968482138637
279.7083333333333,0.0010719454752349368,0.001182424500361241,0.0010164138313754065,0.0012989960245807543
279.75,0.0010630266959287843,0.0011787029069076423,0.001010372069786406,0.0012979855248074963
279.7916666666667,0.0010388923502419017,0.001155283262308408,0.0009865599373122594,0.0012984138166493716
279.8333333333333,0.0009995339643362475,0.001092879452924588,0.0009434670219366647,0.0012685564708719806
279.875,0.0009479188105387817,0.0010410521640906415,0.0009045911500452528,0.001213088775643712
279.9166666666667,0.0008892741379897418,0.000995142189602132,0.0008478251236570577,0.0011665044885697815
279.9583333333333,0.0008275821220851341,0.0009532351567052364,0.0007964598563835905,0.001113035460103156
280.0,0.0007673305254807143,0.0009072142013470804,0.0007344641961233102,0.0010478595618421103
280.0416666666667,0.000712267145682932,0.000826565524288965,0.0006555467145612448,0.00099229730808928
280.0833333333333,0.0006666066720161366,0.0007837765013421594,0.0006075832493441642,0.0009466368344224848
280.125,0.0006338037530445584,0.0007547345586314202,0.0005730757763520946,0.0009168285569338398
280.1666666666667,0.0006162494214900188,0.0007621271909060822,0.0005659367350110211,0.000899498264898051
280.2083333333333,0.0006153744968143493,0.0007620769067351182,0.0005664960801089145,0.0009020164220098814
280.25,0.0006313957940091887,0.0007829994859012009,0.0005882860554377675,0.0009236790728734836
280.2916666666667,0.0006622527035957976,0.0008071015567905457,0.0006171221197931507,0.0009483067926280632
280.3333333333333,0.0007045005847005088,0.0008398528067513184,0.0006524810458972608,0.0009923826827876025
280.375,0.0007548301937318793,0.0008833594142430335,0.0007061907717340333,0.0010455985215211542
280.4166666666667,0.0008105719447846588,0.0009106347351656556,0.0007490232969822784,0.0010805962176720337
280.4583333333333,0.0008682395617994465,0.0009447777618155345,0.0007678006394522579,0.0011307658137107372
280.5,0.0009239322835874486,0.0009895531413439155,0.0008005660170145303,0.0011738627052378043
280.5416666666667,0.0009743174500305079,0.00105423705453801,0.0008695708293935383,0.0011995821973384265
280.5833333333333,0.0010164197303450695,0.0010939542915735386,0.0009305793826969992,0.0012508658259876915
280.625,0.0010478006288064466,0.0011489131490275417,0.0009748768620956456,0.001274442509895956
280.6666666666667,0.0010667195090929347,0.0011559247980467491,0.0009887363422660164,0.0012875597394075371
280.7083333333333,0.001071927267672705,0.0011811977236318358,0.0010163956238131747,0.0012989778170185225
280.75,0.0010630118293475375,0.0011788478466353812,0.0010106632219330379,0.0012976037158418594
280.7916666666667,0.0010388638095094377,0.00115516455067933,0.0009865313965797954,0.0012991453577882186
280.8333333333333,0.0009995262438970798,0.0010916302531926766,0.0009440013537452898,0.0012685487504328129
280.875,0.0009479186390156929,0.0010408384047985338,0.0009028427004024487,0.001213088604120623
280.9166666666667,0.0008892810201455804,0.000994550357424751,0.0008522817177631603,0.0011665113707256202
280.9583333333333,0.0008275761594234899,0.0009522999186933176,0.0007964538937219463,0.0011130294974415118
281.0,0.0007673230454061478,0.0009067111074098586,0.0007344567160487437,0.0010478520817675438
281.0416666666667,0.0007122770294902788,0.0008265718147916874,0.0006555565983685916,0.0009923071918966268
281.0833333333333,0.000666603202888316,0.0007838480704460346,0.0006075797802163437,0.0009466333652946643
281.125,0.000633794584326084,0.0007538452881391478,0.0005730666076336202,0.0009168193882153653
281.1666666666667,0.0006162511776389073,0.0007660165247295828,0.0005659384911599096,0.0008995000210469396
281.2083333333333,0.0006153756244557235,0.0007656513237981011,0.0005664972077502887,0.0009020175496512556
281.25,0.0006313873046089757,0.0007819751091343257,0.0005882775660375545,0.0009236705834732706
281.2916666666667,0.0006622398559613967,0.0008068259119783781,0.0006171092721587497,0.0009482939449936622
281.3333333333333,0.0007044885608884479,0.0008393255504558716,0.0006541694440717822,0.0009923706589755417
281.375,0.000754809371435183,0.0008836040649459784,0.000706169949437337,0.0010455776992244579
281.4166666666667,0.0008105749748949029,0.0009135873911769852,0.0007495683793403153,0.001080599247782278
281.4583333333333,0.0008681824836419233,0.0009455565907184026,0.0007677435612947345,0.001130708735553214
281.5,0.0009239300491084965,0.0009898875442787944,0.0008007074820427551,0.0011738604707588521
281.5416666666667,0.0009742342669593021,0.0010518464130830334,0.0008694876463223325,0.0011994990142672208
281.5833333333333,0.0010164124610376674,0.0010937450208635933,0.0009291236282924511,0.0012508585566802894
281.625,0.001047733090377671,0.0011491821553329736,0.00097480932366687,0.0012870348088692694
281.6666666666667,0.001066688315194698,0.0011562212660826876,0.0009887051483677795,0.0012875285455093003
281.7083333333333,0.001071899655662925,0.0011785359295138909,0.0010163680118033948,0.0012989502050087427
281.75,0.0010629900182421523,0.0011802627789206308,0.0010091929257305067,0.0012975819047364742
281.7916666666667,0.0010388728893726779,0.0011553313096343142,0.0009865404764430356,0.0012991544376514588
281.8333333333333,0.000999523112251263,0.0010941925674683617,0.0009464771737368664,0.001268545618786996
281.875,0.0009479188138041618,0.0010399508731821971,0.0009028428751909176,0.0012130887789090921
281.9166666666667,0.0008892810016027842,0.0009939343471735255,0.0008522816992203641,0.00116970097800801
281.9583333333333,0.0008275733491777793,0.0009522147779667592,0.0007964510834762357,0.0011130266871958012
282.0,0.0007673209036751908,0.0009063660710601983,0.0007344545743177867,0.0010478499400365868
282.0416666666667,0.0007122804148508969,0.000826106342597135,0.0006524523847253064,0.000992310577257245
282.0833333333333,0.0006666028260993433,0.0007836519336919602,0.000607579403427371,0.0009466329885056915
282.125,0.000633793333067741,0.0007534818948944464,0.0005721185097605561,0.0009168181369570225
282.1666666666667,0.0006162517668457549,0.0007669219184617187,0.0005708159076791166,0.0008995006102537872
282.2083333333333,0.0006153721819134016,0.0007656519287189035,0.0005713705925203262,0.0009020141071089336
282.25,0.0006313981288113247,0.000781393809660582,0.0005873415436251823,0.0009236814076756197
282.2916666666667,0.0006622561525298087,0.0008042805379086879,0.0006171255687271617,0.0009483102415620742
282.3333333333333,0.0007044943233652664,0.0008390868192031672,0.0006541752065486007,0.00099237642145236
282.375,0.0007548086269696139,0.0008840702053941305,0.0007061692049717678,0.0010455769547588886
282.4166666666667,0.0008105145782917607,0.0009153648732549931,0.0007528083150967803,0.0010837284770043218
282.4583333333333,0.0008682022567746879,0.0009469909536978251,0.0007677633344274991,0.0011307285086859784
282.5,0.0009238439111401578,0.0009890822799388634,0.0008006213440744165,0.0011737743327905135
282.5416666666667,0.0009742528911348658,0.001050700708688208,0.0008695062704978961,0.0011995176384427843
282.5833333333333,0.0010163311542009633,0.0010934840241519279,0.0009290423214557469,0.0012507772498435853
282.625,0.00104773703234479,0.0011502003357767323,0.000974813265633989,0.0012870387508363884
282.6666666666667,0.001066649910169972,0.0011570321834338461,0.0009886667433430536,0.0012914380892454125
282.7083333333333,0.0010718914332174447,0.0011775471126207215,0.0010163597893579144,0.0012989419825632622
282.75,0.0010629422164421774,0.0011805732205251794,0.0010106520196197892,0.0013101939403385885
282.7916666666667,0.001038836981795655,0.0011545562195710852,0.0009865045688660127,0.0013040590803266026
282.8333333333333,0.0009995193234548746,0.001095479229548885,0.0009472947656626918,0.0012685418299906077
282.875,0.0009479706207481696,0.001038077781723819,0.0009028946821349254,0.0012131405858531
282.9166666666667,0.0008892009340640729,0.000990882634244984,0.0008522016316816528,0.0011696209104692986
282.9583333333333,0.0008276833523495787,0.0009495188079003232,0.0007965610866480351,0.0011131366903676006
283.0,0.0007672274007994776,0.000904900561033791,0.0007324524910773429,0.0010478676187015222
283.0416666666667,0.0007122826262689411,0.0008274150868032772,0.0006520320157885109,0.0009925876231115863
283.0833333333333,0.0006666458149373969,0.0007839077681534992,0.0006062560532711753,0.000946675977343745
283.125,0.0006337619448325597,0.0007543625643643072,0.0005665858129184158,0.0009167867487218411
283.1666666666667,0.0006162341915152033,0.000768336741092904,0.000570798332348565,0.0008994830349232356
283.2083333333333,0.000615366777270889,0.000767179617810191,0.0005709426075229739,0.0009022835369027182
283.25,0.0006313912576184114,0.0007816094101625455,0.0005865216951164289,0.000923785718023355
283.2916666666667,0.0006622402742925752,0.0007995636559206378,0.0006157433514956791,0.0009482943633248407
283.3333333333333,0.0007044605301100428,0.0008387783868703629,0.0006541414132933772,0.0009923426281971367
283.375,0.0007547799461359023,0.0008851487063941655,0.0007042319437733257,0.0010455482739251771
283.4166666666667,0.0008105357110649873,0.000914689986677579,0.0007528294478700068,0.0010837496097775485
283.4583333333333,0.0008681271864642612,0.0009501712021472455,0.0007676882641170726,0.001130653438375552
283.5,0.0009238658939774234,0.000987496357533478,0.0008021502226009394,0.001173796315627779
283.5416666666667,0.0009741600135997605,0.0010500297199524634,0.0008694133929627909,0.0012043653111598457
283.5833333333333,0.001016339359162751,0.001093123675213941,0.0009290505264175346,0.001250785454805373
283.625,0.0010476640906175257,0.0011501100861701207,0.0009747403239067247,0.0012893930710721432
283.6666666666667,0.0010666356915873373,0.001156353251567961,0.000988652524760419,0.0012914238706627779
283.7083333333333,0.0010718530873224613,0.0011753007356119305,0.001016321443462931,0.001298903636668279
283.75,0.001062968057496048,0.0011793938464455269,0.0010106778606736597,0.001312647043355478
283.7916666666667,0.0010388763713993765,0.0011537899297457818,0.0009865439584697342,0.001304098469930324
283.8333333333333,0.0009995501729126866,0.0010947033243426,0.0009473256151205039,0.0012685726794484198
283.875,0.0009479761971432356,0.0010411241082298852,0.0009023369243675895,0.0012131461622481659
283.9166666666667,0.0008891790144994924,0.0009822673330730832,0.0008521797121170722,0.001169598990904718
283.9583333333333,0.000827692962369997,0.0009493673053481531,0.0007965706966684534,0.001113146300388019
284.0,0.0007672224294154904,0.000906070024053211,0.0007322896091143054,0.001047862647317535
284.0416666666667,0.0007122779481688028,0.0008286630097311548,0.0006520273376883726,0.0009925829450114479
284.0833333333333,0.0006666608520257953,0.0007851803150702191,0.0006062710903595738,0.0009466910144321435
284.125,0.0006337505085333346,0.0007542355952119759,0.0005665743766191907,0.000916775312422616
284.1666666666667,0.00061624053607987,0.0007712880594136213,0.0005708046769132317,0.0008994893794879022
284.2083333333333,0.0006153632252406136,0.0007698661705312006,0.0005709390554926985,0.0009022799848724426
284.25,0.0006313978997407818,0.0007823543475855574,0.0005816820953686302,0.0009237923601457253
284.2916666666667,0.0006622662976388093,0.0008007233441410433,0.0006188389878442246,0.0009483203866710749
284.3333333333333,0.0007044836235409768,0.0008368842493540209,0.0006541645067243111,0.0009923657216280705
284.375,0.0007547648047156933,0.0008880360626072677,0.0007042168023531167,0.0010455331325049681
284.4166666666667,0.0008104897255391656,0.000907836998911894,0.0007527834623441851,0.0010837036242517268
284.4583333333333,0.0008681263752336853,0.0009527443201170869,0.0007676874528864966,0.001130652627144976
284.5,0.0009238175464198963,0.0009874766284841542,0.0008024024204993831,0.001173747968070252
284.5416666666667,0.0009741271379238341,0.0010520053144265646,0.0008705849542174135,0.0012043324354839193
284.5833333333333,0.001016307314640951,0.0010927642117988783,0.0009290184818957347,0.0012381479744847832
284.625,0.0010476216955606862,0.0011487839553099338,0.0009729595308145953,0.0012893506760153037
284.6666666666667,0.0010665929442940057,0.001156777840737396,0.0009886097774670873,0.0012913811233694463
284.7083333333333,0.0010718336068280172,0.0011743624544307905,0.001014563564933197,0.0012988841561738349
284.75,0.0010629181888777949,0.0011778185550169336,0.0010106279920554066,0.0013125971747372249
284.7916666666667,0.001038837731370885,0.0011522084727111864,0.0009865053184412427,0.0012914543941030426
284.8333333333333,0.0009995146260997712,0.0011002227589064204,0.0009472900683075884,0.0012686209486551746
284.875,0.0009479644993507059,0.0010415788819478058,0.000902414374317228,0.001213134464455636
284.9166666666667,0.0008892011717915555,0.0009734591136668097,0.0008465946154840305,0.0011696211481967813
284.9583333333333,0.0008276756305583981,0.0009507544329084224,0.0007965533648568544,0.00111312896857642
285.0,0.0007672234647302004,0.0009039879102115354,0.0007323516578376407,0.001047863682632245
285.0416666666667,0.0007122795058774366,0.0008289270834544547,0.0006520288953970065,0.0009925845027200818
285.0833333333333,0.000666642044420704,0.0007844313088878804,0.0006062522827544825,0.0009466722068270523
285.125,0.0006337620581070898,0.000757180516313135,0.0005675494819920782,0.0009167868619963713
285.1666666666667,0.0006162313626984714,0.000772871754361451,0.000570795503531833,0.0008994802061065035
285.2083333333333,0.0006153652002522864,0.000772430127292198,0.0005709410305043713,0.0009022819598841154
285.25,0.0006314018278169957,0.0007829869305060894,0.0005826495792439763,0.0009237962882219392
285.2916666666667,0.0006622550982730194,0.0008013920955668295,0.0006188277884784347,0.0009483091873052849
285.3333333333333,0.000704466240124188,0.0008363352055936913,0.0006528690726635759,0.0009923483382112818
285.375,0.0007547447183714481,0.0008896494280273343,0.0007042577294174967,0.001045513046160723
285.4166666666667,0.0008104909780015901,0.0009112823778558792,0.0007444505487384571,0.0010837886927338215
285.4583333333333,0.0008680687488576458,0.0009516697326352505,0.0007720931690586789,0.0011232698284363487
285.5,0.0009238086683368615,0.0009865847177955907,0.0008023935424163483,0.0011737390899872171
285.5416666666667,0.000974081156037961,0.0010523167096505703,0.0008705389723315404,0.0012042864535980462
285.5833333333333,0.0010162638441536132,0.001091870003030457,0.0009289750114083969,0.0012381045039974454
285.625,0.0010476051252371079,0.001147069875253602,0.000972942960491017,0.001289539167147872
285.6666666666667,0.0010665604181146105,0.001157174007798756,0.000988577251287692,0.0013040084345921402
285.7083333333333,0.0010718152438514955,0.0011738407678613093,0.0010145452019566753,0.0013115256305994021
285.75,0.0010628892703787403,0.0011766278633537082,0.001010599073556352,0.0013127733176943172
285.7916666666667,0.0010388284906675672,0.0011503066761693556,0.0009864128427197476,0.001284587952704987
285.8333333333333,0.0009994844074417643,0.0011001215475505174,0.0009472598496495815,0.0012685907299971677
285.875,0.000947941462445342,0.0010400716816235888,0.0009023913374118642,0.001216267281649045
285.9166666666667,0.0008892108341346276,0.0009742490288476137,0.0008515138615245607,0.0011696308105398534
285.9583333333333,0.0008276761006122384,0.0009517577880295107,0.0007965538349106948,0.0011131294386302602
286.0,0.0007672518490670971,0.0009019902054744169,0.0007328822760769317,0.0010478920669691417
286.0416666666667,0.000712222383703291,0.0008291532487519916,0.0006519717732228608,0.0009925273805459361
286.0833333333333,0.0006667023615730989,0.000785929741846994,0.0006058900195520377,0.0009500019998986772
286.125,0.00063376793602221,0.0007581683396978555,0.0005724321872195577,0.0009167927399114914
286.1666666666667,0.00061620326554211,0.0007735963761984497,0.000570344826020632,0.0008997269433864392
286.2083333333333,0.0006154026512670543,0.0007734842567452869,0.0005709784815191392,0.0009023194108988833
286.25,0.0006313795975459496,0.0007838146629092299,0.000588006410187684,0.0009237740579508931
286.2916666666667,0.0006622175233917339,0.0008022794661381227,0.0006187902135971492,0.0009512662539069326
286.3333333333333,0.0007044535077332803,0.0008364241826919804,0.0006528563402726683,0.0009923356058203741
286.375,0.0007547542387727148,0.0008902992404610961,0.0007042672498187634,0.0010505703637222362
286.4166666666667,0.0008104739033348332,0.0009125266182760953,0.0007444334740717003,0.0010837716180670646
286.4583333333333,0.0008680437941146251,0.0009507573613077476,0.0007724459679372349,0.001123244873693328
286.5,0.0009237677170891005,0.0009838868906962494,0.0008018513422376393,0.001173698138739456
286.5416666666667,0.0009740602689272808,0.001052889668555123,0.0008705180852208602,0.001204265566487366
286.5833333333333,0.0010162235200082905,0.0010918296788851342,0.0009289346872630741,0.0012380641798521227
286.625,0.0010475605575516688,0.0011473099097441247,0.0009728983928055779,0.0012828915218919164
286.6666666666667,0.0010665441647893206,0.0011560436419588422,0.0009885609979624023,0.0013039921812668504
286.7083333333333,0.0010717830276228005,0.0011732139888996108,0.0010145129857279803,0.0013123999997847798
286.75,0.0010629256221503208,0.001172268405081672,0.0010106354253279326,0.0013128096694658975
286.7916666666667,0.0010388555697069704,0.0011486215089771001,0.0009868176753807273,0.0012846150317443901
286.8333333333333,0.0009995381282185438,0.0011028733861504826,0.000947313570426361,0.0012686444507739472
286.875,0.0009479583530006234,0.0010391139106224433,0.0009019069790361976,0.0012162841722043263
286.9166666666667,0.0008892113120861174,0.0009762591239443549,0.0008515143394760505,0.0011696312884913432
286.9583333333333,0.000827648800263914,0.0009509170383523423,0.0007965265345623704,0.0011181499354421824
287.0,0.0007672620654515197,0.0009016599403436324,0.0007328924924613544,0.0010479022833535644
287.0416666666667,0.0007122337331695249,0.0008284391723499696,0.0006518387565735878,0.0009925387300121701
287.0833333333333,0.0006666773042145564,0.0007871227307218805,0.0006058649621934952,0.0009499769425401348
287.125,0.000633749571775959,0.0007594283161478066,0.0005719912426184671,0.0009170492101015375
287.1666666666667,0.0006162241542828894,0.0007730640272508805,0.0005703657147614114,0.0008997478321272186
287.2083333333333,0.0006153789499245814,0.0007730845961061053,0.0005709547801766663,0.0009022957095564105
287.25,0.0006313724164932241,0.000784490317825299,0.0005879992291349585,0.0009237668768981676
287.2916666666667,0.0006622173336933036,0.0008015501522296367,0.0006189397239452262,0.0009512660642085022
287.3333333333333,0.0007044458566942249,0.0008350923459011025,0.0006527043231181061,0.0009923279547813188
287.375,0.0007547297165191836,0.0008908911828241328,0.0007022418394678684,0.001050545841468705
287.4166666666667,0.0008104561889719855,0.0009151870441162252,0.000745470358845275,0.001083753903704217
287.4583333333333,0.0008680182231281795,0.0009508392256246837,0.0007725640964579663,0.0011232193027068823
287.5,0.000923737508272384,0.0009838297884012773,0.0008018211334209229,0.0011736679299227397
287.5416666666667,0.0009740273511254004,0.0010530288531164316,0.0008704851674189798,0.001204531653250206
287.5833333333333,0.0010161855474993128,0.0010916564544060532,0.0009288967147540964,0.001234341179911071
287.625,0.0010475337590134402,0.001144965492929796,0.0009728715942673493,0.0012824977809692978
287.6666666666667,0.0010665223668190895,0.001153627019344755,0.0009868008019568812,0.001298887982275049
287.7083333333333,0.0010717613770868774,0.001171669415552736,0.0010144913351920572,0.0013144386688274856
287.75,0.001062896237669459,0.0011716031179648848,0.0010106060408470708,0.001316604920537551
287.7916666666667,0.0010388030698732158,0.0011501140238223812,0.0009869088750541497,0.0012845625319106355
287.8333333333333,0.0009994855095938637,0.0011043477801866344,0.0009472609518016809,0.0012696509185852985
287.875,0.000947926621861261,0.001040479488664997,0.0008995902042690594,0.0012165797114394347
287.9166666666667,0.0008892484218956466,0.0009785100848887815,0.0008526060484220022,0.0011696683983008723
287.9583333333333,0.0008276084154734427,0.000949618692865603,0.0007964861497718991,0.001118109550651711
288.0,0.0007673011547126788,0.0009007182125666602,0.0007329315817225135,0.0010479413726147235
288.0416666666667,0.000712212136215984,0.0008273752130659567,0.0006518171596200468,0.0009926283145992778
288.0833333333333,0.0006666651709221157,0.0007875518738049415,0.000606668044628031,0.0009499648092476941
288.125,0.0006337918255109697,0.0007623722180259385,0.0005720334963534777,0.0009170914638365481
288.1666666666667,0.0006161943486225068,0.0007737577286095333,0.0005707670656592231,0.0008997180264668361
288.2083333333333,0.0006153915117279691,0.000773777766060992,0.0005713984985382483,0.0009024194529004469
288.25,0.0006313839802199443,0.0007860649387345555,0.0005880107928616787,0.0009237784406248879
288.2916666666667,0.0006622255945889319,0.0008015218984265262,0.0006197632005678309,0.0009512743251041306
288.3333333333333,0.0007044511468736025,0.0008338086675761762,0.0006527096132974837,0.0009923332449606962
288.375,0.0007547358258548587,0.0008908501911889373,0.0007022479488035435,0.00105055195080438
288.4166666666667,0.0008103901044825191,0.0009153867193954557,0.0007454042743558087,0.0010836878192147506
288.4583333333333,0.0008680496174359416,0.000951101523398738,0.0007723113352353164,0.0011226955209403576
288.5,0.0009236452421176293,0.0009857078758097309,0.0008017288672661681,0.0011735756637679849
288.5416666666667,0.0009740529537570502,0.0010508045597448252,0.0008705107700506296,0.001204557255881856
288.5833333333333,0.001016103891903204,0.0010914324894832656,0.0009288150591579877,0.0012338589762265334
288.625,0.0010475331388906488,0.0011452840080403456,0.0009714224890474118,0.0012824971608465063
288.6666666666667,0.0010664641217350368,0.0011535943628820412,0.0009867425568728285,0.0012988297371909962
288.7083333333333,0.001071758557315919,0.001171235299010385,0.001013040030323953,0.0013144358490565272
288.75,0.0010628510165966824,0.001171616513545903,0.0010105608197742942,0.0013161591513763456
288.7916666666667,0.0010387869819276606,0.0011487943788296255,0.0009868927871085945,0.0012845464439650803
288.8333333333333,0.000999506170873072,0.0011045440370802515,0.0009472816130808892,0.0012696715798645069
288.875,0.0009479790627589951,0.0010486760754648636,0.0009001846974145862,0.0012166321523371687
288.9166666666667,0.0008891555748882216,0.0009793485948278082,0.0008525132014145772,0.0011693476455936313
288.9583333333333,0.0008277119893009121,0.0009484447969448246,0.0007965897235993685,0.0011128686384416443
289.0,0.0007671870149004377,0.0008977673765623757,0.0007328174419102723,0.0010478272328024822
289.0416666666667,0.0007123135464203015,0.0008268849594217934,0.0006515752461404497,0.0009927297248035953
289.0833333333333,0.0006666017042136037,0.0007864725197297672,0.0006066045779195189,0.0009499013425391822
289.125,0.0006337899963104356,0.0007655972983802198,0.0005720316671529436,0.000917089634636014
289.1666666666667,0.0006162077028810946,0.0007768200220110869,0.0005692046437429089,0.0008997313807254239
289.2083333333333,0.0006153689127367044,0.0007752208411017729,0.0005712179889679332,0.0009023968539091822
289.25,0.0006313869412436212,0.0007828939298385213,0.0005880137538853556,0.0009237814016485648
289.2916666666667,0.0006622107885671622,0.0007992554406696613,0.0006214488165326434,0.0009512595190823608
289.3333333333333,0.0007044270720700624,0.0008324145495139826,0.0006525001253890791,0.0009923091701571562
289.375,0.0007547163159459785,0.0008959148631691713,0.0007052494427798494,0.0010451879548579637
289.4166666666667,0.0008103936209747544,0.0009177040495299971,0.0007454077908480441,0.001083691335706986
289.4583333333333,0.0008679982716755904,0.0009548892123547884,0.0007737668851642225,0.0011226441751800065
289.5,0.0009236405529617387,0.0009892063048524123,0.0008017241781102775,0.0011735709746120942
289.5416666666667,0.0009739735798024762,0.0010507467729569476,0.0008704313960960555,0.0012044778819272819
289.5833333333333,0.0010161089610227234,0.001091632786059137,0.000928820128277507,0.0012338640453460527
289.625,0.0010474545947900705,0.0011448225132094944,0.0009713439449468335,0.0012814879080799077
289.6666666666667,0.0010664604002588855,0.001152531942725932,0.0009867388353966772,0.0012995707202006742
289.7083333333333,0.001071707484665428,0.0011713402404695621,0.001012988957673462,0.0013070801748775937
289.75,0.0010628934677446523,0.0011708040254408112,0.0010106032709222641,0.0013162016025243155
289.7916666666667,0.0010388284570733,0.0011483312418604451,0.0009884411579434915,0.0012845879191107198
289.8333333333333,0.0009995328075673977,0.001104988199443049,0.000947308249775215,0.0012696982165588326
289.875,0.0009479566135897192,0.0010566891855525553,0.0009026411998827036,0.0012166097031678928
289.9166666666667,0.0008892210492394937,0.000981288678302142,0.0008525786757658493,0.0011694131199449034
289.9583333333333,0.000827634139150259,0.0009471906672307102,0.0007965118734487153,0.001112790788290991
290.0,0.000767291566600803,0.0008936783164002059,0.00073047234646121,0.0010479317845028477
290.0416666666667,0.0007121908833843366,0.0008252282421260999,0.0006514335390252557,0.0009926070617676305
290.0833333333333,0.0006666717133933722,0.0007861643060661881,0.0006057277404845663,0.0009499713517189507
290.125,0.0006338105924881019,0.000765869701625758,0.00057205226333061,0.0009171102308136804
290.1666666666667,0.0006161927244681946,0.000773991207029519,0.0005688251682863457,0.000899716402312524
290.2083333333333,0.0006153807247939165,0.0007758216795105139,0.0005712298010251453,0.0009024086659663943
290.25,0.0006313869540953543,0.000784543484631181,0.0005880137667370887,0.000923781414500298
290.2916666666667,0.0006622009063830632,0.0007997004843036913,0.000621508425527654,0.0009512496368982618
290.3333333333333,0.0007044258415617634,0.0008310695213994271,0.0006524988948807801,0.0009923079396488572
290.375,0.0007547245987580708,0.0009003057490107196,0.0006975936585316761,0.001045196237670056
290.4166666666667,0.0008103540100882324,0.0009233556114680862,0.0007453681799615221,0.0010952682060109422
290.4583333333333,0.0008680159276253077,0.0009564142891188599,0.0007737845411139398,0.0011208565105004756
290.5,0.000923556113361322,0.0009889406741337866,0.0008016397385098608,0.0011734865350116776
290.5416666666667,0.0009739920108104915,0.0010510016808503535,0.0008591201237206922,0.0011991925041666771
290.5833333333333,0.0010160230598352982,0.00109217767936685,0.0009287342270900818,0.0012328474354926073
290.625,0.0010474527162417189,0.0011453880850750928,0.0009713420663984819,0.001281486029531556
290.6666666666667,0.0010664125547508738,0.0011520018781999346,0.0009866909898886655,0.0012985921660266422
290.7083333333333,0.0010716942200728187,0.0011709395748045774,0.0010129756930808526,0.0013070669102849843
290.75,0.0010628612462497207,0.0011714596692005154,0.0010105710494273325,0.0013161693810293839
290.7916666666667,0.0010388145120182647,0.0011455533310046708,0.000988427212888456,0.0012845739740556844
290.8333333333333,0.0009995327870950341,0.0011058905700283136,0.0009473082293028513,0.001269698196086469
290.875,0.0009479610263391002,0.0010627634331479767,0.0009034669933542984,0.0012166141159172738
290.9166666666667,0.0008891723260736841,0.000988002568801195,0.0008525299526000397,0.0011799921833241717
290.9583333333333,0.0008276822386803012,0.0009464002986186216,0.0007905241723457058,0.0011128388878210334
291.0,0.0007672192918945621,0.0008924139316638651,0.0007179635124055588,0.0010478595097966068
291.0416666666667,0.0007122625729143633,0.0008246775395464356,0.0006520074624576769,0.000992678751297657
291.0833333333333,0.0006666581529668962,0.0007856445118661528,0.00060490120274225,0.0009500689728331233
291.125,0.0006337435577547214,0.0007649343888971674,0.0005704094524223275,0.0009170431960802999
291.1666666666667,0.0006162341894193434,0.0007746563394834154,0.0005688666332374946,0.0008998690488043213
291.2083333333333,0.0006153589920042096,0.0007750457913905282,0.0005701345259629309,0.0009023869331766873
291.25,0.0006313861054869244,0.0007848055302921128,0.0005910825311309702,0.0009237805658918679
291.2916666666667,0.0006622398263443162,0.0007980705042064475,0.0006197875215583458,0.000951288556859515
291.3333333333333,0.0007044278812743689,0.000831476399302579,0.0006525009345933856,0.0009923099793614626
291.375,0.00075467502137023,0.0009006110515865904,0.0006905124672743525,0.0010451466602822152
291.4166666666667,0.0008103427369123489,0.0009230674289696214,0.0007453569067856384,0.0010952569328350585
291.4583333333333,0.0008679600349001279,0.0009565815868297918,0.00077372864838876,0.0011208006177752957
291.5,0.0009235684895690966,0.00099013703964329,0.0008016521147176354,0.0011734989112194521
291.5416666666667,0.0009739078784939832,0.0010506187617683057,0.0008590359914041839,0.0011991083718501687
291.5833333333333,0.0010160323591743147,0.001092529308641026,0.0009287435264290983,0.0012328567348316238
291.625,0.0010473872507627134,0.0011451640946345185,0.0009712766009194765,0.0012688151282537609
291.6666666666667,0.0010664017993355496,0.0011525409062804709,0.0009852317493761955,0.001298581410611318
291.7083333333333,0.001071663057615579,0.0011702279175990712,0.001012944530623613,0.0013070357478277446
291.75,0.0010628562665655607,0.0011709083993329517,0.0010105660697431725,0.0013035589655464343
291.7916666666667,0.0010388029689510348,0.0011422998229276315,0.0009884156698212261,0.0012845624309884545
291.8333333333333,0.000999516660500039,0.0011058945365259958,0.0009472921027078562,0.0012696820694914738
291.875,0.0009479406885474339,0.001066827826096789,0.0009034466555626321,0.0012165937781256075
291.9166666666667,0.0008892413545138883,0.0010049376691484329,0.0008525989810402439,0.001180061211764376
291.9583333333333,0.0008275995712749872,0.0009460535215829139,0.0007904415049403918,0.0011125644312835374
292.0,0.0007673028604618825,0.0008920486144274498,0.0007201729489266431,0.001047943078363927
292.0416666666667,0.0007122051018656662,0.0008239876716513152,0.0006519499914089798,0.00099262128024896
292.0833333333333,0.0006666571111244432,0.0007858225503546347,0.0006000539190296279,0.0009500679309906703
292.125,0.000633799651598937,0.0007625181219010595,0.0005706903283138874,0.000917210471465164
292.1666666666667,0.0006161889982134237,0.0007720865082220519,0.0005708351380264352,0.0008998238575984016
292.2083333333333,0.0006153837258705738,0.0007714534910692773,0.0005700489421082064,0.0009024116670430514
292.25,0.0006313847068472482,0.0007852447211551001,0.0005915122890494883,0.0009237791672521918
292.2916666666667,0.0006622124876724138,0.000797295907416574,0.0006150718515953246,0.0009512612181876125
292.3333333333333,0.0007044146576187159,0.0008340027171766253,0.0006524877109377326,0.0009922967557058097
292.375,0.000754665546351022,0.0009015869079251526,0.0006967675072335635,0.0010450292121504958
292.4166666666667,0.0008103692106331872,0.0009373401049395365,0.0007467919661184036,0.0010848023801245366
292.4583333333333,0.0008678669338130276,0.0009551484780223398,0.0007736355473016597,0.0011207075166881956
292.5,0.0009236060922619926,0.0009905379249040567,0.0008001284160477111,0.0011735365139123482
292.5416666666667,0.0009738324965164441,0.0010467185270909198,0.0008589606094266448,0.0012159797099769926
292.5833333333333,0.0010159973101209435,0.0010920842253993631,0.0009287084773757272,0.0012328216857782526
292.625,0.0010473833732842473,0.0011446479189061594,0.0009712727234410104,0.0012688112507752947
292.6666666666667,0.0010663306539802112,0.0011522459295257618,0.000985160604020857,0.0012985102652559796
292.7083333333333,0.0010716743509182566,0.0011703534292727405,0.0010129558239262905,0.0013070470411304222
292.75,0.0010628096372047493,0.001171171248220092,0.001010519440382361,0.001303512336185623
292.7916666666667,0.0010387711909396846,0.0011303937281492557,0.000988383891809876,0.0013013928840312965
292.8333333333333,0.000999490894258991,0.0011032860130676288,0.000947183101448631,0.0012627991025556881
292.875,0.0009479198357992129,0.0010737737680899184,0.0009018645014515907,0.001216656741397057
292.9166666666667,0.0008892493108982572,0.0010073636656794448,0.0008538972701652789,0.0011800691681487449
292.9583333333333,0.0008275866682634457,0.0009515961745223081,0.00079641039674461,0.001112551528271996
293.0,0.0007673040315537856,0.0008920633349814461,0.000727082629374271,0.0010479442494558302
293.0416666666667,0.0007122166959081652,0.0008229790482232676,0.0006519615854514788,0.000992632874291459
293.0833333333333,0.0006666398084852206,0.000787134948209084,0.0006010001721895376,0.0009500506283514476
293.125,0.0006338014377603756,0.000763239156944917,0.0005703760813634625,0.0009172122576266026
293.1666666666667,0.0006161929328209871,0.0007692394899685255,0.0005708390726339986,0.000899827792205965
293.2083333333333,0.0006153774439710686,0.0007709533215188766,0.0005698845376758881,0.0009024053851435463
293.25,0.0006313794332703633,0.000786409572012716,0.0005915070154726035,0.000923773893675307
293.2916666666667,0.0006622021572287671,0.0007984010301254357,0.0006147470263068638,0.0009512508877439657
293.3333333333333,0.0007044088817191098,0.0008340978833432731,0.0006524819350381266,0.0009922909798062037
293.375,0.0007546642153349238,0.0009028692547582908,0.0007079511683429976,0.0010450278811343975
293.4166666666667,0.0008103388973399749,0.0009369517776940918,0.0007468938522078888,0.0010847720668313242
293.4583333333333,0.0008678616690594349,0.0009565615531946434,0.000773630282548067,0.0011207022519346028
293.5,0.0009235494325751148,0.0009906418025745515,0.0008000717563608333,0.0011734798542254704
293.5416666666667,0.0009738145171998193,0.001043540723185156,0.0008574404212529526,0.0012149465329441762
293.5833333333333,0.0010159753885546497,0.001092368323372177,0.0009286865558094334,0.0012327997642119588
293.625,0.0010473235479787155,0.0011444578713798131,0.0009712128981354786,0.0012725760610222782
293.6666666666667,0.0010663362041401598,0.001151975135279071,0.0009851661541808057,0.0012985158154159282
293.7083333333333,0.0010716294829620104,0.001170455327680624,0.0010129109559700443,0.001309896100060671
293.75,0.0010628389940861604,0.0011686632788457465,0.0010105487972637721,0.0013084822433192004
293.7916666666667,0.001038806023728218,0.001128021282924631,0.0009884187245984093,0.0013014277168198298
293.8333333333333,0.000999503635094965,0.0011026430938436277,0.0009458253177864663,0.001262811843391662
293.875,0.0009478958787224596,0.001076061838833709,0.0009018405443748375,0.0012166327843203036
293.9166666666667,0.0008892589960221948,0.001008762623064577,0.000858769434418601,0.0011800788532726825
293.9583333333333,0.0008275644017616059,0.0009528303724384426,0.0007963881302427702,0.0011125292617701562
294.0,0.0007673099776988015,0.0008916860073826794,0.0007264111791816327,0.001047950195600846
294.0416666666667,0.0007122544262978481,0.0008182900450333902,0.0006506329768469126,0.000992670604681142
294.0833333333333,0.00066659541159342,0.0007870993832449512,0.0006063348365124908,0.0009500062314596471
294.125,0.0006337920236863116,0.0007632144641311015,0.0005724422170735479,0.0009172028435525387
294.1666666666667,0.0006162348868797065,0.0007675033052985753,0.0005713832605951125,0.0008998697462646845
294.2083333333333,0.0006153620549257883,0.0007662831518695941,0.0005719446984147571,0.000902389996098266
294.25,0.0006313766414479925,0.0007882843173057665,0.0005915042236502326,0.000923771101852936
294.2916666666667,0.0006622121085061329,0.0008007157240643979,0.000619633804896589,0.0009512608390213317
294.3333333333333,0.0007044050842585393,0.0008349007649648798,0.0006524781375775561,0.000992287182345633
294.375,0.0007546559010152249,0.0009029607191054889,0.0007076284638167035,0.0010450195668146986
294.4166666666667,0.0008102877748984911,0.0009373650110277845,0.0007537694059290362,0.0010847209443898406
294.4583333333333,0.0008678747332198536,0.0009578869396830196,0.0007736433467084857,0.0011207153160950215
294.5,0.0009234735799059511,0.0009926659929889064,0.0007984872366345775,0.0011658943385717175
294.5416666666667,0.0009738295497324446,0.0010433935312667802,0.0008574554537855779,0.0012149615654768015
294.5833333333333,0.0010159004500239408,0.0010917152736408286,0.0009298160542092735,0.0012376653759334163
294.625,0.0010473319297382678,0.0011434496375987127,0.0009712212798950308,0.0012725844427818305
294.6666666666667,0.0010662958487196032,0.0011511625701175969,0.000985125798760249,0.0012984754599953715
294.7083333333333,0.0010716225488189288,0.0011702181908166637,0.001012657952564315,0.0013098891659175894
294.75,0.0010627887421697584,0.0011689068676495713,0.0010104985453473702,0.0013009223284182092
294.7916666666667,0.0010387432049415695,0.0011261869535406721,0.0009883559058117609,0.0013013648980331814
294.8333333333333,0.0009994712923521074,0.001104714265327615,0.0009459366745507856,0.0012627795006488044
294.875,0.0009479214127689833,0.0010774017976310283,0.000900357411364269,0.001224661220057404
294.9166666666667,0.000889242095035451,0.0010128954419795792,0.0008567516453344934,0.0011800619522859387
294.9583333333333,0.0008275928110022896,0.0009508131474467425,0.0007964165394834539,0.00111255767101084
295.0,0.0007672975152599944,0.0008909215826313957,0.0007280991387294079,0.001047937733162039
295.0416666666667,0.0007122080504399334,0.0008192182858864472,0.0006505866009889978,0.0009926242288232272
295.0833333333333,0.0006666500036652834,0.0007877776896684272,0.0006063894285843542,0.0009500608235315104
295.125,0.0006337952125602398,0.0007607257715666878,0.0005729476398498707,0.0009172060324264668
295.1666666666667,0.0006161892531706314,0.0007669418089533397,0.0005713376268860374,0.0008998241125556093
295.2083333333333,0.000615380500095838,0.0007637548528970955,0.0005719631435848069,0.0009024084412683158
295.25,0.0006313770103681162,0.0007870179927299985,0.0005932050145569385,0.0009237714707730598
295.2916666666667,0.0006621972860098564,0.0008019140483384699,0.0006196189824003125,0.0009512460165250551
295.3333333333333,0.0007043969601468645,0.0008355553366260868,0.0006504691253685173,0.0009922790582339582
295.375,0.0007546399137590458,0.0009041369921978647,0.0007076124765605245,0.0010450035795585195
295.4166666666667,0.0008103023413524969,0.0009413601344040107,0.0007537839723830421,0.0010847355108438463
295.4583333333333,0.0008678097577303847,0.0009582247610074391,0.0007735783712190168,0.0011264465079153184
295.5,0.0009234918996055896,0.0009930350966084972,0.000802982029664236,0.0011659126582713561
295.5416666666667,0.0009737464009704971,0.0010415803990295612,0.0008573723050236304,0.001214878416714854
295.5833333333333,0.0010159072181103177,0.0010913442963598383,0.0009298228222956505,0.0012376721440197933
295.625,0.001047259347425642,0.0011437694218704184,0.000971148697582405,0.0012721113123807758
295.6666666666667,0.001066277858922716,0.0011504241072531134,0.0009851078089633618,0.0012858520343996946
295.7083333333333,0.001071587531603326,0.0011700005968192275,0.001012622935348712,0.001296848164814768
295.75,0.0010628088416474515,0.0011682356277158555,0.0010105186448250633,0.0013009424278959023
295.7916666666667,0.001038789137090773,0.0011259162496860548,0.0009884018379609644,0.0013014108301823849
295.8333333333333,0.000999493177903352,0.001104400822699829,0.0009459585601020302,0.001262801386200049
295.875,0.0009478925186011855,0.0010772028411768948,0.0009047782291467353,0.001225392407760917
295.9166666666667,0.0008892523577538778,0.0010169295720867367,0.0008568358630212758,0.0011800722150043655
295.9583333333333,0.0008275671144645547,0.0009516869731936902,0.000796390842945719,0.0011116004141540992
296.0,0.0007673114036585463,0.000890199909469451,0.0007280750411263677,0.0010479516215605908
296.0416666666667,0.0007122418231006522,0.0008194626624844927,0.000653689986652028,0.000992658001483946
296.0833333333333,0.0006665997703118776,0.0007894694317430182,0.0006063391952309484,0.0009500105901781047
296.125,0.0006338020649740537,0.0007592746978116835,0.0005730505490534458,0.0009172128848402807
296.1666666666667,0.0006162223066195522,0.0007662717583013548,0.0005713706803349582,0.0008998571660045301
296.2083333333333,0.0006153593766712571,0.0007627230867279168,0.0005750116331625374,0.0009023873178437349
296.25,0.0006313832297160384,0.0007864711747959262,0.0005932112339048607,0.0009237776901209819
296.2916666666667,0.0006622075786207823,0.0008031685959623885,0.0006196292750112384,0.000951256309135981
296.3333333333333,0.0007043964923928893,0.0008430136166000068,0.0006562121792762285,0.0009922785904799831
296.375,0.0007546215721225016,0.0009042452057570888,0.0007075941349239803,0.0010440536776029695
296.4166666666667,0.0008102845558442983,0.0009426681782845514,0.0007563858274247894,0.0010847177253356477
296.4583333333333,0.0008677826104728117,0.0009591588721033107,0.0007735512239614438,0.0011264193606577455
296.5,0.0009234666706963773,0.0009952054110514356,0.0008029568007550237,0.0011658874293621437
296.5416666666667,0.0009737106427616171,0.0010405528115012554,0.0008574256945569185,0.001214842658505974
296.5833333333333,0.0010158737347463127,0.0010912252180999113,0.0009297893389316454,0.0012376386606557882
296.625,0.0010472299880865102,0.0011447566604273895,0.0009711193382432732,0.001272081953041644
296.6666666666667,0.00106624885066825,0.0011502846896238668,0.0009850788007088958,0.001289647661697744
296.7083333333333,0.0010715684814869488,0.0011696037410646404,0.0010126038852323349,0.0012968291146983908
296.75,0.0010627834021866775,0.001168085546746127,0.0010104932053642893,0.0013009169884351283
296.7916666666667,0.0010387782988804017,0.0011262714303573937,0.000988390999750593,0.0013013999919720136
296.8333333333333,0.0009994871015737697,0.001103787016305027,0.0009468960452993034,0.0012627953098704667
296.875,0.0009478983633674553,0.0010778997036455281,0.0009047840739130051,0.001225398252527187
296.9166666666667,0.0008892593455520903,0.0010276374573372068,0.0008573849030672809,0.001180079202802578
296.9583333333333,0.0008275577338561958,0.0009489218616885076,0.0007963814623373601,0.0011115910335457403
297.0,0.0007673081544066722,0.0008909767136927453,0.0007280717918744937,0.0010479483723087168
297.0416666666667,0.0007122581750665124,0.0008193238048134291,0.0006537063386178884,0.0009956689949327394
297.0833333333333,0.0006665888035124611,0.0007877884277079742,0.0006063282284315319,0.0009499996233786882
297.125,0.0006337855405720651,0.0007585893227531903,0.0005730340246514571,0.0009171963604382921
297.1666666666667,0.0006162359738139414,0.0007652002968283561,0.0005627810970060435,0.0008998708331989194
297.2083333333333,0.0006153584022250433,0.0007649226195389705,0.0005664074081930197,0.0009023863433975211
297.25,0.0006313654910019588,0.0007855244214231612,0.0005932895519805424,0.0009237599514069023
297.2916666666667,0.0006621939163923373,0.0008041938474157296,0.0006196156127827934,0.000951242646907536
297.3333333333333,0.0007043764872418896,0.0008482451881140183,0.0006585216432443548,0.0009952532268119165
297.375,0.0007546234532030163,0.0009052646706384275,0.0007075960160044949,0.0010440555586834841
297.4166666666667,0.0008102256675463662,0.0009385235082041055,0.0007563269391268574,0.0010846588370377157
297.4583333333333,0.0008678140589783652,0.0009587726574602313,0.0007735826724669973,0.0011263360785236714
297.5,0.0009233723265654679,0.000996599545575018,0.0008028624566241143,0.0011657930852312344
297.5416666666667,0.0009737515805736264,0.0010392782443189885,0.0008574666323689278,0.0012148835963179834
297.5833333333333,0.0010157817628276924,0.0010910856689207548,0.0009296973670130252,0.0012378456933018886
297.625,0.0010472531732150612,0.0011446826701582747,0.0009711425233718242,0.001272105138170195
297.6666666666667,0.0010662003135630464,0.001150144347775078,0.0009850302636036923,0.0012891985765041115
297.7083333333333,0.001071571148264967,0.0011689595101695338,0.001012606552010353,0.001296831781476409
297.75,0.0010627472890243038,0.0011678114741982789,0.0010104570922019156,0.0013008808752727546
297.7916666666667,0.0010387415611753908,0.0011257824073423078,0.0009883542620455822,0.0013016622588317233
297.8333333333333,0.0009994739955731017,0.0011029106084310017,0.0009469720870408035,0.0012627822038697987
297.875,0.0009479120982868329,0.0010791934762433737,0.0009047978088323826,0.0012254119874465644
297.9166666666667,0.0008892243044950733,0.0010231696936384208,0.0008606501943698711,0.001180044161745561
297.9583333333333,0.0008276031899235361,0.000949977469833557,0.0007945183380399698,0.0011116364896130806
298.0,0.000767293777439329,0.0008903451268135332,0.0007280574149071505,0.0010479339953413736
298.0416666666667,0.0007121922156460442,0.0008190607669691912,0.0006536403791974201,0.0009956030355122711
298.0833333333333,0.0006666593842230964,0.0007877317166510422,0.0006048230329672651,0.0009500702040893234
298.125,0.0006337925542457763,0.0007547117541237989,0.0005730410383251684,0.0009172033741120033
298.1666666666667,0.0006161868082597623,0.000765151131274177,0.0005658015444541758,0.0008998216676447403
298.2083333333333,0.000615379249310341,0.0007628859093520705,0.0005664282552783175,0.0009024071904828187
298.25,0.0006313806218484276,0.0007833344305949705,0.0005917289066521093,0.0009237750822533713
298.2916666666667,0.0006621936715803549,0.0008064529875835284,0.000619615367970811,0.0009512424020955535
298.3333333333333,0.0007043801603810033,0.0008543449731921895,0.0006593466971056823,0.00099525689995103
298.375,0.0007546011161436386,0.0009057785691558331,0.0007075736789451172,0.0010440332216241064
298.4166666666667,0.0008102509937728921,0.0009346330254949625,0.0007535818893369571,0.0010846841632642414
298.4583333333333,0.0008677312032052845,0.0009597811985574453,0.0007734998166939166,0.0011262532227505908
298.5,0.0009234101540275082,0.0009964775332922272,0.0008029002840861546,0.0011649002040272545
298.5416666666667,0.0009736453437789824,0.0010393087348494778,0.0008573758379184024,0.0012147773595233393
298.5833333333333,0.0010158066488011868,0.0010901555693984093,0.000928860457334824,0.001237870579275383
298.625,0.0010471694815027282,0.0011452535183121251,0.0009710588316594913,0.0012720214464578621
298.6666666666667,0.0010661942675509889,0.001150016762893747,0.0009850242175916347,0.0012891925304920541
298.7083333333333,0.001071528042948295,0.0011694966408277597,0.0010125634466936811,0.001296788676159737
298.75,0.0010627528477437085,0.00116622401762971,0.0010104626509213203,0.0013008864339921593
298.7916666666667,0.001038761230416252,0.0011288640076596028,0.0009883739312864434,0.0013016819280725846
298.8333333333333,0.000999477962152891,0.0011012465293729855,0.0009469760536205928,0.001262786170449588
298.875,0.0009478959624066826,0.001078428616022449,0.0009047816729522324,0.0012253958515664142
298.9166666666667,0.0008892531328778566,0.0010256265886718569,0.0008606790227526544,0.0011800729901283442
298.9583333333333,0.0008275600412746865,0.0009501438725141088,0.0007944751893911203,0.001111593340964231
299.0,0.0007673088700256872,0.0008899928160514034,0.0007267944568495624,0.0010479490879277318
299.0416666666667,0.0007122446510360611,0.0008190485794298614,0.0006545080303144133,0.000995655470902288
299.0833333333333,0.0006665917724108319,0.0007850343912947008,0.000607460537113649,0.000950002592277059
299.125,0.0006337959327628071,0.0007545437277782043,0.0005730444168421992,0.0009172067526290341
299.1666666666667,0.0006162236407221164,0.0007647433890570089,0.0005641780305370493,0.0008998585001070942
299.2083333333333,0.0006153524992543219,0.0007618882314056831,0.0005647411588428177,0.0009023804404267997
299.25,0.0006313823524902011,0.0007807186712477759,0.0005900880896062734,0.0009237768128951446
299.2916666666667,0.0006622032819633177,0.0008071710381746086,0.0006196249783537738,0.0009512520124785165
299.3333333333333,0.0007043815042030347,0.0008560346429732337,0.0006593480409277137,0.0009952582437730616
299.375,0.0007545869334311935,0.0009045760197200444,0.0007075594962326721,0.0010440190389116614
299.4166666666667,0.0008102324442649211,0.0009381454636519845,0.0007535633398289861,0.0010846656137562705
299.4583333333333,0.0008677060799689358,0.000959470148229809,0.0007734746934575679,0.001129417725339428
299.5,0.0009233820354031758,0.0009970345778046224,0.0008028721654618221,0.0011648720854029219
299.5416666666667,0.0009736107792310713,0.0010372190295264096,0.0008573412733704914,0.0012147427949754284
299.5833333333333,0.0010157735008973928,0.0010887263842283045,0.00092882730943103,0.001237837431371589
299.625,0.0010471371887131676,0.0011456328943714917,0.0009710265388699306,0.0012726887449891794
299.6666666666667,0.001066163738807129,0.001151260212818318,0.0009849936888477748,0.001289162001748194
299.7083333333333,0.001071508836893154,0.0011707827673622638,0.0010125442406385401,0.001296769470104596
299.75,0.001062741048546895,0.0011659859223437416,0.0010104508517245069,0.0013008746347953459
299.7916666666667,0.001038757774876855,0.001128510115003829,0.0009883704757470463,0.0013016784725331874
299.8333333333333,0.0009994799211944941,0.001102037212479873,0.000946476763731248,0.0012627881294911911
299.875,0.0009478943948354775,0.0010744185506813548,0.0009047801053810272,0.0012217267091256573
299.9166666666667,0.0008892551665472463,0.001027408804144642,0.0008606810564220441,0.0011801588398174044
299.9583333333333,0.0008275552630674606,0.0009527021458581389,0.0007945314245925196,0.001111588562757005
300.0,0.0007673047400372539,0.0008916641555521959,0.0007267548016245349,0.0010479449579392985
300.0416666666667,0.000712251340970295,0.0008163889130170348,0.0006562151422352295,0.0009956621608365219
300.0833333333333,0.000666587270379585,0.0007842528189433078,0.0006099627414247457,0.0009499980902458121
300.125,0.0006337859441977684,0.0007545337392131656,0.0005761040412794718,0.0009171967640639955
300.1666666666667,0.0006162298549611958,0.0007641532848364826,0.0005641842447761287,0.0008998647143461737
300.2083333333333,0.0006153544373720838,0.0007601713659746901,0.0005664435189471619,0.0009023823785445614
300.25,0.0006313719171908,0.0007812879162829032,0.0005921532040910217,0.0009237663775957435
300.2916666666667,0.0006621985262594606,0.0008076012771377239,0.0006200513792081109,0.0009512472567746593
300.3333333333333,0.0007043751925800186,0.0008593115987249329,0.000659491429351205,0.0009953357481697158
300.375,0.0007545836416425996,0.0009020329254042973,0.0007074374441893066,0.001033534720691707
300.4166666666667,0.0008102067898875726,0.0009385657297598095,0.0007535986988602628,0.0010846399593789219
300.4583333333333,0.0008676950545968808,0.0009592614880083487,0.0007734636680855129,0.0011297647342227621
300.5,0.0009233376463364214,0.0010003397919470054,0.0008073743539614669,0.0011648276963361676
300.5416666666667,0.000973589619700127,0.001038980709755243,0.000857320113839547,0.0012150796696998732
300.5833333333333,0.001015738291099642,0.0010900283238595076,0.0009287920996332792,0.0012407076671106852
300.625,0.001047101122743311,0.001144744197342211,0.0009709904729000739,0.0012783709816552966
300.6666666666667,0.0010661500527215217,0.0011527416564251778,0.0009849800027621675,0.0012898479069834647
300.7083333333333,0.001071480588364244,0.0011704985116385536,0.00101251599210963,0.0013016817718278526
300.75,0.0010627272805739019,0.0011649086588324728,0.0010104370837515136,0.0013008608668223526
300.7916666666667,0.0010387520683650645,0.0011310813196633391,0.0009883647692352558,0.001294163103036807
300.8333333333333,0.0009994889877941245,0.0011038246180532915,0.0009464858303308783,0.0012627971960908215
300.875,0.0009479327709108268,0.0010682883469606318,0.0009106134610445197,0.0012217650852010067
300.9166666666667,0.0008891921086528866,0.0010316390967151177,0.0008606179985276844,0.0011800957819230447
300.9583333333333,0.0008276338423317674,0.0009516308491628243,0.0007946100038568264,0.0011116671420213118
301.0,0.0007672429236215006,0.0008923230461475863,0.0007265841443298689,0.0010478831415235452
301.0416666666667,0.000712223786072827,0.0008167102782457628,0.0006561875873377614,0.000995634605939054
301.0833333333333,0.0006666606845179409,0.0007827529200980445,0.0006100361555631017,0.000950071504384168
301.125,0.0006337335093359042,0.0007565981179703827,0.0005674483558943038,0.0009171443292021313
301.1666666666667,0.0006162142958933524,0.0007617540892155344,0.0005641686857082853,0.0008998491552783303
301.2083333333333,0.0006153649402588832,0.0007598080514859924,0.0005664540218339613,0.0009023928814313609
301.25,0.0006313711071006109,0.0007807000972629994,0.0005835491434775286,0.0009237655675055544
301.2916666666667,0.0006622118142428718,0.0008097816592160113,0.0006200646671915221,0.0009512605447580706
301.3333333333333,0.00070437801134184,0.0008595136456942555,0.0006594942481130264,0.0009953385669315372
301.375,0.0007545510539227755,0.0009004202996048152,0.0007076737692121466,0.001033502132971883
301.4166666666667,0.0008101852674184159,0.0009380390925335444,0.0007535771763911061,0.0010846184369097652
301.4583333333333,0.0008676681409392792,0.00095258088695428,0.0007734367544279113,0.001122228157580571
301.5,0.0009233195946563275,0.0010005230013590788,0.000807356302281373,0.0011679654987548464
301.5416666666667,0.0009735475731609091,0.0010406129396445963,0.0008572780673003291,0.0012150376231606552
301.5833333333333,0.0010157105404272546,0.0010889616237856141,0.0009174346455775128,0.001241457668822105
301.625,0.0010470757579081665,0.001143912453158483,0.0009709651080649296,0.0012783456168201522
301.6666666666667,0.0010661124829544097,0.0011527021529384506,0.0009849424329950555,0.00129058808960016
301.7083333333333,0.001071468006219726,0.0011688366384680728,0.001012503409965112,0.0013016691896833347
301.75,0.0010627067088524592,0.0011619397728628007,0.001010416512030071,0.00130084029510091
301.7916666666667,0.0010387383456686983,0.0011297696346899205,0.0009883510465388897,0.0012941493803404409
301.8333333333333,0.0009994679323689648,0.0011085097424927168,0.0009464647749057186,0.0012659319947644348
301.875,0.0009478933210570487,0.0010585015752362307,0.0009016303481217787,0.0012217256353472285
301.9166666666667,0.0008892455995589089,0.0010333276238857078,0.0008606714894337067,0.001180149272829067
301.9583333333333,0.000827561670582541,0.0009527634092103589,0.0007925369440102361,0.0011115949702720854
302.0,0.0007673056278345436,0.0008934384428078653,0.0007266468485429119,0.0010479458457365882
302.0416666666667,0.0007122271650274783,0.0008159559332566754,0.0006544311423618514,0.0009956379848937052
302.0833333333333,0.0006665981857431348,0.0007851919228534824,0.0006099736567882955,0.0009500090056093617
302.125,0.0006338016244289385,0.0007541842724630485,0.0005675164709873381,0.0009172124442951656
302.1666666666667,0.0006162085814916721,0.0007596559528389604,0.0005787511257802672,0.00089984344087665
302.2083333333333,0.0006153523368076475,0.0007576178980521712,0.0005793291508698056,0.0009023802779801253
302.25,0.000631377587068404,0.0007819596424787632,0.0005835556234453218,0.0009237720474733476
302.2916666666667,0.0006621991314424694,0.0008140160637920158,0.0006180510962937558,0.000951247861957668
302.3333333333333,0.0007043581620773599,0.0008615235909760806,0.000657714574917985,0.000995318717667057
302.375,0.0007545530914095368,0.0009007967662837211,0.0007078195062060848,0.0010335041704586444
302.4166666666667,0.0008101631147648591,0.0009381566080417347,0.0007535550237375493,0.0010845962842562086
302.4583333333333,0.0008676633776284057,0.0009530785921725975,0.0007650978250488853,0.0011222233942696975
302.5,0.0009232787900842478,0.0010000657801586337,0.0008073154977092933,0.0011673695181084799
302.5416666666667,0.0009735165275335713,0.0010407836799379373,0.0008572470216729913,0.0012150065775333174
302.5833333333333,0.0010156879232349624,0.0010840059537082008,0.0009174120283852207,0.0012583817717341757
302.625,0.001047036908834431,0.0011442001262407116,0.000970926258991194,0.001277548120225202
302.6666666666667,0.0010660960908342263,0.001152332376075142,0.0009849260408748722,0.0012955122477321434
302.7083333333333,0.001071441336320969,0.0011698762759064867,0.001012476740066355,0.0013016425197845776
302.75,0.001062675484549349,0.0011545762879694407,0.0010103852877269607,0.0013176713018519914
302.7916666666667,0.0010386927242194042,0.001131228571992983,0.0009883054250895956,0.0012941037588911468
302.8333333333333,0.0009994337674329443,0.0011081663431234524,0.0009464306099696982,0.0012658978298284143
302.875,0.0009479128361517328,0.0010616277852852879,0.0009016498632164629,0.0012211899743676258
302.9166666666667,0.0008892033845417739,0.0010352674642383564,0.0008606292744165717,0.0011851548549721785
302.9583333333333,0.0008276305061361683,0.0009539933475022306,0.0007926057795638635,0.0011116638058257127
303.0,0.0007672486626372488,0.0008911195865726639,0.0007264044702407526,0.0010478888805392935
303.0416666666667,0.0007122022393535266,0.0008151112401528194,0.0006497178853967809,0.0009956130592197535
303.0833333333333,0.0006666789438579112,0.0007843433100612365,0.0006117548368896542,0.0009500897637241382
303.125,0.0006337522303552346,0.0007536817557466912,0.0005658067305341535,0.0009171630502214616
303.1666666666667,0.0006161909799864594,0.0007584651913311727,0.0005787335242750545,0.0008998258393714372
303.2083333333333,0.0006153861792104699,0.0007572722118600194,0.0005798665420462506,0.0009024141203829477
303.25,0.0006313635211500486,0.0007809256806271654,0.0005818812111474858,0.0009237579815549922
303.2916666666667,0.0006621836674901119,0.0008181478366041054,0.0006230149515339892,0.0009512323980053107
303.3333333333333,0.0007043560267048333,0.0008616306574265353,0.0006530935994334493,0.0009953165822945305
303.375,0.0007545477150724343,0.0009002481923357668,0.0007076287167641179,0.0010334987941215418
303.4166666666667,0.0008101618350989202,0.0009381184231001562,0.0007535537440716104,0.001089642801750516
303.4583333333333,0.0008676140808878335,0.0009545036592472993,0.0007650485283083131,0.0011221740975291255
303.5,0.0009232690698563013,0.0009990284988021154,0.0008070216219509349,0.0011673597978805333
303.5416666666667,0.0009734898711412282,0.0010434265223755227,0.0008572203652806482,0.0012156795124618524
303.5833333333333,0.001015646713347142,0.001079911742132503,0.000915868609640333,0.0012574974252749695
303.625,0.0010470160369510178,0.0011440749397980962,0.0009709053871077808,0.001277077533246078
303.6666666666667,0.0010660632848565551,0.0011513846153235526,0.000984893234897201,0.0012947207942332574
303.7083333333333,0.001071427441256635,0.0011691917346912679,0.001012462845002021,0.0013023282160411216
303.75,0.0010626977381711436,0.0011542993492921815,0.0010104075413487554,0.001317693555473786
303.7916666666667,0.0010387404119958329,0.0011314483887688478,0.000986604834746309,0.0012941514466675754
303.8333333333333,0.0009994736157885493,0.0011095301535581049,0.0009461863027948913,0.0012659376781840193
303.875,0.0009478880773897848,0.001063261506068882,0.0009041865992801947,0.0012211652156056778
303.9166666666667,0.0008892513235717547,0.0010361145325174079,0.0008606772134465524,0.0011852027940021592
303.9583333333333,0.0008275472479499329,0.0009639379533186107,0.0007930645736254208,0.0011115805476394774
304.0,0.0007672980886409256,0.0008933523904558799,0.0007264348521652005,0.0010479383065429703
304.0416666666667,0.0007122549996421771,0.00081803126465831,0.0006494561508406174,0.000995665819508404
304.0833333333333,0.0006665817841740281,0.0007840125895529653,0.0006117537339955324,0.0009499926040402552
304.125,0.0006337757935853101,0.000751330317581744,0.0005675307157508114,0.0009171866134515372
304.1666666666667,0.0006162316100002609,0.000757727241860761,0.000578774154288856,0.0008998664693852387
304.2083333333333,0.0006153522513568606,0.0007587854427261782,0.0005798326141926413,0.0009023801925293382
304.25,0.0006313697118280888,0.000780954630012416,0.000581887401825526,0.0009237641722330323
304.2916666666667,0.0006621989493079847,0.0008292457909748589,0.0006259017547187807,0.0009512476798231834
304.3333333333333,0.0007043566546997742,0.0008634587192376381,0.0006540577832275223,0.0009953172102894713
304.375,0.0007545409243314373,0.0008999903662436303,0.0007091288217123781,0.0010334920033805448
304.4166666666667,0.000810112506571214,0.0009377149597556908,0.0007535044155439042,0.0010895934732228097
304.4583333333333,0.0008676341481382204,0.0009568018107109291,0.0007661231946951225,0.001121263456113492
304.5,0.0009231987392342297,0.0010027174244348549,0.0008069512913288632,0.0011654841466292136
304.5416666666667,0.0009735074999044314,0.0010447554676389658,0.000855676692681031,0.0012164748936088628
304.5833333333333,0.0010155821133078732,0.0010783290837686468,0.0009158040096010642,0.00125698311013999
304.625,0.0010470117491350143,0.0011434081412611838,0.0009709010992917773,0.0012767221568136828
304.6666666666667,0.0010660359620500678,0.001150553461330949,0.0009848659120907136,0.0012942437563310592
304.7083333333333,0.0010714117841590083,0.001167524307025737,0.0010124471879043944,0.0013030903113273023
304.75,0.0010626590799110423,0.0011520567775966427,0.001010368883088654,0.0013179539017784052
304.7916666666667,0.001038678942945766,0.0011310609762752223,0.0009865433656962423,0.0012940899776175087
304.8333333333333,0.0009994421599852832,0.001112644145949173,0.0009445935456288047,0.0012659062223807532
304.875,0.0009478962562440888,0.0010654236911017056,0.0009041947781344987,0.0012194246179432705
304.9166666666667,0.0008892191642782503,0.001037288018277981,0.0008606450541530481,0.0011851706347086547
304.9583333333333,0.0008275884734170172,0.0009679511232531839,0.0007939564843026845,0.0011116217731065615
305.0,0.0007672868164498995,0.0008938693748723494,0.0007264235799741744,0.0010479270343519442
305.0416666666667,0.0007121908505602099,0.0008212326824027211,0.0006542688290710095,0.0009956016704264368
305.0833333333333,0.0006666425796747575,0.0007831099903151952,0.0006118145294962617,0.0009500533995409846
305.125,0.0006337876748360769,0.0007502304295958496,0.0005675425970015781,0.0009171984947023039
305.1666666666667,0.0006161821227952242,0.0007561684505945669,0.0005787246670838194,0.0008998169821802022
305.2083333333333,0.0006153702590617735,0.0007591468878988697,0.0005798506218975542,0.0009023982002342512
305.25,0.0006313736958346285,0.0007807266062492787,0.0005818913858320657,0.0009237681562395721
305.2916666666667,0.0006621797185071428,0.0008341979929137926,0.000626799961429914,0.0009512284490223415
305.3333333333333,0.0007043423517626944,0.0008649011790863838,0.0006548713192336561,0.0009953029073523916
305.375,0.0007545278032227905,0.0008998040515763466,0.0007091157006037314,0.0010334788822718981
305.4166666666667,0.000810124938040686,0.0009376806261891145,0.0007510671998639485,0.0010842614186547456
305.4583333333333,0.0008675774165585815,0.0009576430200199167,0.0007660664631154836,0.001121206724533853
305.5,0.0009232056226617993,0.0010049613955194214,0.0008069581747564328,0.001165491030056783
305.5416666666667,0.0009734350194272583,0.0010442430223163365,0.0008556042122038579,0.0012164024131316898
305.5833333333333,0.0010155845638013562,0.0010760989586347343,0.0009158064600945472,0.0012563354674523608
305.625,0.0010469536091711092,0.0011415448430167684,0.0009708429593278722,0.0012762856348146408
305.6666666666667,0.001066018196359417,0.0011493044463770133,0.0009848481464000628,0.0012942259906404084
305.7083333333333,0.0010713855058747197,0.001167340097188479,0.0010124209096201058,0.0013030640330430137
305.75,0.0010626932561223282,0.0011515657286577069,0.00101040305929994,0.001317988077989691
305.7916666666667,0.001038744431068362,0.0011308902169724763,0.0009866088538188383,0.0012941554657401046
305.8333333333333,0.000999485202691556,0.0011160152491879447,0.0009446365883350776,0.001265949265087026
305.875,0.0009478784293823425,0.0010690772135061655,0.0009041769512727523,0.0012194067910815242
305.9166666666667,0.0008892476413844632,0.0010378754604970372,0.000860673531259261,0.0011798546257773316
305.9583333333333,0.0008275430544986163,0.0009693997871140489,0.0007892242147451668,0.0011115763541881608
306.0,0.0007672939705940703,0.0008944770003602666,0.0007264307341183452,0.001047934188496115
306.0416666666667,0.0007122610881454506,0.0008229935034818094,0.0006543390666562503,0.0009956719080116776
306.0833333333333,0.0006665787012968943,0.0007823900527693229,0.0006117506511183986,0.0009499895211631213
306.125,0.0006337650317167449,0.0007492521445133528,0.0005804076863693262,0.0009171758515829719
306.1666666666667,0.0006162295021985626,0.0007556656988360586,0.0005792755952607804,0.0008998643615835406
306.2083333333333,0.0006153580937443028,0.0007599671598303467,0.0005798384565800835,0.0009023860349167805
306.25,0.0006313559612482185,0.0007815083716544131,0.0005818736512456557,0.000923750421653162
306.2916666666667,0.0006621760548603025,0.0008339003517521588,0.0006267962977830737,0.0009512247853755011
306.3333333333333,0.0007043256092000157,0.0008671138882132038,0.0006586814148188205,0.0009952861647897129
306.375,0.0007545039760389236,0.00089955615310287,0.0007090918734198644,0.001033455055088031
306.4166666666667,0.0008100729266300593,0.0009380789264311085,0.0007380196219772179,0.001084209407244119
306.4583333333333,0.0008676132022124006,0.0009620783275432519,0.0007661022487693027,0.0011303220095732762
306.5,0.0009231215466947227,0.0010056893218370556,0.0008068740987893563,0.0011654069540897065
306.5416666666667,0.0009734550332125175,0.0010443855402414931,0.000854115558932025,0.0012156637793957342
306.5833333333333,0.0010155159188689243,0.001075490668352893,0.0009157378151621153,0.001255888440484792
306.625,0.0010469510086560292,0.0011405528380216527,0.0009708099364242182,0.0012762830342995606
306.6666666666667,0.0010659876959410181,0.0011502259354893777,0.000984817645981664,0.0012938171081868727
306.7083333333333,0.001071374723211128,0.001166576985213583,0.0010124101269565141,0.0013022946028582072
306.75,0.0010626664743240948,0.0011507099817052655,0.0010103762775017066,0.0013179612961914577
306.7916666666667,0.001038712047471349,0.0011282364825459367,0.0009860131360594233,0.0012941230821430915
306.8333333333333,0.0009994625631375125,0.0011212171785772232,0.0009431052817239419,0.0012659266255329825
306.875,0.0009478863651764648,0.0010749731854736635,0.0009041848870668746,0.001231031208066125
306.9166666666667,0.0008892394287363648,0.0010397325707862137,0.0008546295179781108,0.001180806325327551
306.9583333333333,0.0008275481573978058,0.0009704074322420776,0.0007892293176443564,0.0011116652731070207
307.0,0.0007673009808800819,0.0008943603815942498,0.0007264377444043568,0.0010479411987821265
307.0416666666667,0.0007122391352041549,0.0008259915060661454,0.0006543171137149545,0.0009956499550703819
307.0833333333333,0.0006665811258994274,0.000782802638391501,0.0006104750250769854,0.0009499919457656543
307.125,0.0006337799299354056,0.0007487584644367279,0.0005809261333616096,0.0009171907498016326
307.1666666666667,0.0006162252433792037,0.0007551309238840187,0.0005792713364414215,0.0008998601027641815
307.2083333333333,0.000615351271560198,0.0007594226991789082,0.0005798316343959787,0.0009023792127326758
307.25,0.0006313667142855098,0.0007822471503833904,0.0005965537361875959,0.0009237611746904533
307.2916666666667,0.0006621898570815641,0.0008351140441433256,0.0006252343238294333,0.0009513224036164332
307.3333333333333,0.0007043374899896764,0.000868275509498608,0.0006586932956084812,0.0009848170191480133
307.375,0.0007545078210877612,0.0009005278512010685,0.000709095718468702,0.0010334589001368688
307.4166666666667,0.0008100640705467721,0.0009376255407738203,0.0007380107658939307,0.0010842005511608318
307.4583333333333,0.000867568413909724,0.000964724966141545,0.0007660574604666261,0.0011328142030754742
307.5,0.0009231198521597877,0.001006624654056196,0.0008068724042544213,0.0011654052595547716
307.5416666666667,0.0009734202645311783,0.0010460650829174952,0.0008585572635807058,0.0012151792956186843
307.5833333333333,0.0010154923396783703,0.0010740403839102366,0.0009158765914848186,0.001255864861294238
307.625,0.0010469269275290894,0.0011403632887676033,0.0009591485036183052,0.0012762589531726209
307.6666666666667,0.0010659622931310595,0.0011475270071013982,0.0009847618207831314,0.001293791705376914
307.7083333333333,0.0010713560480126747,0.00116360739081896,0.0010010617483746818,0.001301826212564043
307.75,0.0010626209341822262,0.0011519840645722568,0.001010330737359838,0.001318615347370467
307.7916666666667,0.0010386594016889561,0.0011289752370568199,0.0009860496380191986,0.0012940704363606987
307.8333333333333,0.0009994333906537577,0.0011226851456321244,0.0009431105807853814,0.0012583877900646382
307.875,0.0009478923026080675,0.0010881770331219037,0.0009041908244984773,0.0012310371454977277
307.9166666666667,0.0008892130334618774,0.0010437486843012723,0.0008545198876854462,0.0011737309402261441
307.9583333333333,0.0008275878583812748,0.0009748360364150676,0.00079617752798355,0.0011117049740904895
308.0,0.0007672802520076939,0.0008962904332866267,0.0007230497884403558,0.0010479204699097384
308.0416666666667,0.0007121862483251452,0.0008266857537810744,0.0006526884506610429,0.0009955970681913722
308.0833333333333,0.0006666468217903249,0.0007830918898812436,0.000610540720967883,0.000950057641656552
308.125,0.0006337793155991204,0.0007488973796667647,0.0005809255190253244,0.0009171901354653474
308.1666666666667,0.0006161759198008614,0.0007562652900238091,0.0005792220128630792,0.0008998107791858392
308.2083333333333,0.000615370556614471,0.0007587588877906116,0.0005798509194502517,0.0009023984977869487
308.25,0.0006313770668088741,0.0007833342336534361,0.0005945632006135964,0.0009237715272138177
308.2916666666667,0.0006621802601324045,0.0008341163423597602,0.0006250183523694236,0.0009513128066672736
308.3333333333333,0.0007043314926685488,0.0008681719534723565,0.0006595726941780386,0.0009848110218268857
308.375,0.0007544899284375632,0.0009004059013769388,0.0007089283433002367,0.0010334410074866707
308.4166666666667,0.0008100853523888122,0.0009384647999977056,0.0007554815548399223,0.001076520380886101
308.4583333333333,0.0008674972307590108,0.0009814737934508739,0.0007673948629278397,0.001132743019924761
308.5,0.0009231457037281744,0.001008924889827898,0.0008068982558228079,0.0011661307024440361
308.5416666666667,0.0009733396398404774,0.0010467388824284551,0.000858476638890005,0.001214448577746871
308.5833333333333,0.001015489337541708,0.0010745751304782143,0.0009159790021679651,0.0012558618591575756
308.625,0.0010468855562409602,0.0011344087073572387,0.000959107132330176,0.0012931643019888548
308.6666666666667,0.0010659356776171666,0.001147311133827771,0.0009844275569736438,0.0012940640944277416
308.7083333333333,0.0010713406071439881,0.001153951916383336,0.0010010463075059953,0.0013190564963644399
308.75,0.0010626144589135445,0.0011539047711750447,0.0010103242620911562,0.0013186088721017853
308.7916666666667,0.001038698127197694,0.0011292164827310467,0.0009860883635279365,0.0012941091618694366
308.8333333333333,0.0009994641046681795,0.0011237609533993572,0.0009475565352048729,0.00125841850407906
308.875,0.0009478980014339384,0.001097785930655786,0.0009054868560650144,0.0012310428443235986
308.9166666666667,0.0008892213665643785,0.0010465288786496135,0.0008607254500045819,0.0011737392733286451
308.9583333333333,0.0008275709547018691,0.0009779375914857357,0.0007954832279664902,0.0011116880704110839
309.0,0.000767291050367492,0.0008989856630415655,0.0007282620562140476,0.0010479312682695366
309.0416666666667,0.0007121933111825042,0.000826015918530583,0.0006523310164747387,0.000995604131048731
309.0833333333333,0.0006666210472765271,0.0007851358834299441,0.0006019116959307812,0.0009500318671427542
309.125,0.0006337942664337324,0.000748454513415234,0.0005809404698599364,0.0009172050862999594
309.1666666666667,0.0006161866041305161,0.0007580185477082409,0.0005792326971927339,0.000899821463515494
309.2083333333333,0.0006153591364340516,0.0007580695068388689,0.0005798394992698323,0.0009023870776065293
309.25,0.0006313743400421931,0.0007861029082157497,0.0005995397930395062,0.0009237688004471366
309.2916666666667,0.0006621750256026655,0.0008341211356524748,0.0006162517447835676,0.0009513075721375345
309.3333333333333,0.0007043226975293085,0.0008693330123774954,0.0006591167212586896,0.0009848022266876453
309.375,0.0007544790481626748,0.0009021817843748721,0.0007089174630253483,0.0010334301272117822
309.4166666666667,0.0008100672600970351,0.0009384872619442783,0.00075514907234155,0.0010765022885943238
309.4583333333333,0.0008674804991338083,0.000979607916428032,0.0007673781313026371,0.0011327262882995584
309.5,0.0009231177959903026,0.001008546051285353,0.0008068703480849362,0.0011695510542529975
309.5416666666667,0.0009733121347011,0.0010497235722191065,0.0008584491337506275,0.0012140426905723567
309.5833333333333,0.0010154652481487822,0.0010730520152059876,0.0009154536638440913,0.00125583776976465
309.625,0.0010468548730416909,0.0011315535862226988,0.0009590426928403442,0.0012930491297394142
309.6666666666667,0.001065915030370335,0.0011454061738135274,0.0009730772063434333,0.0012940434471809099
309.7083333333333,0.0010713198938652648,0.0011529099574501584,0.001001025594227272,0.0013185729120004084
309.75,0.0010626056836185451,0.0011545807311230455,0.001010315486796157,0.0013193778491905933
309.7916666666667,0.001038689150662541,0.0011281383354900248,0.0009855781380618356,0.0012941001853342836
309.8333333333333,0.0009994577669108654,0.0011249879581583357,0.0009475501974475588,0.0012664150680123227
309.875,0.0009478944116742783,0.0010998096814798474,0.0009103457454347388,0.0012310392545639385
309.9166666666667,0.0008892206842138964,0.0010474451853873749,0.0008608684671612768,0.001173738590978163
309.9583333333333,0.0008275710278320016,0.0009799338101157413,0.0007954833010966227,0.0011116881435412165
310.0,0.000767286342835889,0.0009132528745458576,0.0007287994009302372,0.0010479265607379335
310.0416666666667,0.000712192074251898,0.0008253027261801649,0.0006544053293282819,0.000995602894118125
310.0833333333333,0.0006666270772668352,0.0007855613892298284,0.0006019177259210893,0.0009500378971330623
310.125,0.000633788313919724,0.0007487752970395678,0.000580934517345928,0.000917199133785951
310.1666666666667,0.0006161764779439247,0.0007567807910082398,0.0005792225710061425,0.0008998113373289027
310.2083333333333,0.0006153619387668968,0.0007581495798527026,0.0005798423016026775,0.0009023898799393745
310.25,0.0006313562055883329,0.0007994189401672046,0.0006023931799525649,0.0009237506659932766
310.2916666666667,0.0006621648600386372,0.0008349589884780744,0.0006183171290036888,0.0009512974065735063
310.3333333333333,0.0007043116997259724,0.0008726819128205164,0.0006591057234553535,0.0009847912288843091
310.375,0.0007544843060251453,0.0009023965197542904,0.0007089227208878188,0.0010334353850742527
310.4166666666667,0.0008100107552443906,0.0009393581373635292,0.0007550925674889054,0.0010764457837416793
310.4583333333333,0.0008675130509343447,0.0009797974089244723,0.0007740313405379261,0.0011327588401000947
310.5,0.0009230286495626759,0.001009717075094277,0.0008067812016573095,0.0011725875679721104
310.5416666666667,0.0009733495067817601,0.0010507751659544569,0.0008584560834427135,0.0012140800626530169
310.5833333333333,0.0010153960757566809,0.0010740968182109557,0.0009153507351614276,0.0012557685973725486
310.625,0.0010468583607229126,0.0011297949874771041,0.0009575439716644986,0.001293052617420636
310.6666666666667,0.0010658826942804326,0.001140004722374745,0.0009730111139629685,0.0013109578311953705
310.7083333333333,0.001071311291257511,0.0011509843745082433,0.0010009865692309442,0.0013185643093926547
310.75,0.0010626079848599335,0.0011542929826059832,0.0010103177880375453,0.0013186215029107671
310.7916666666667,0.0010386691223262996,0.001127633996938468,0.0009855581097255942,0.0012940801569980421
310.8333333333333,0.0009994461636928312,0.0011255853540422043,0.0009475385942295246,0.0012664034647942885
310.875,0.0009478853065640166,0.0011035086958409042,0.0009120948186298449,0.0012310301494536768
310.9166666666667,0.000889242692308937,0.0010513490265030103,0.0008608904752563174,0.0011737605990732036
310.9583333333333,0.0008275422695103532,0.0009822142282451432,0.0007954165567733824,0.001111659385219568
311.0,0.0007672922462098306,0.0009196586658991506,0.0007319561541455186,0.0010509271055948084
311.0416666666667,0.0007122329989568127,0.000823910600288187,0.0006548774105913909,0.0009956438188230396
311.0833333333333,0.0006665799876303311,0.00078356784185457,0.0006002102899051046,0.0009499908074965582
311.125,0.0006337845660459856,0.000748817873519457,0.0005809307694721895,0.0009171953859122127
311.1666666666667,0.0006162123358345443,0.0007566163681920943,0.0005792584288967621,0.0009037157599199964
311.2083333333333,0.0006153414847605895,0.0007581733536405305,0.0005798218475963702,0.0009062379906335413
311.25,0.0006313712687489001,0.0008034709385552117,0.0006032296238353458,0.0009237657291538438
311.2916666666667,0.0006621795040512192,0.0008329620009740598,0.0006183317730162707,0.0009513120505860883
311.3333333333333,0.0007043185652476192,0.0008730755580798352,0.0006610506412244518,0.000984798094405956
311.375,0.0007544589746078568,0.0009025096360996146,0.0007088973894705304,0.0010364046951398976
311.4166666666667,0.0008100346663854378,0.000939792392626688,0.0007551164786299526,0.0010755381345637206
311.4583333333333,0.0008674407372049075,0.0009830341197738103,0.0007739590268084889,0.0011326865263706575
311.5,0.0009230668403330274,0.0010103178363074148,0.000806819392427661,0.00117175238058162
311.5416666666667,0.0009732579483227648,0.0010514792812441043,0.0008580568766881236,0.0012139885041940214
311.5833333333333,0.0010154120635053395,0.0010765008593104108,0.0009153667229100862,0.0012557845851212072
311.625,0.001046797494901803,0.0011294792111278538,0.0009571895620944196,0.0012940366880467738
311.6666666666667,0.0010658673007578957,0.0011377548851538247,0.0009729957204404315,0.0013108579486226623
311.7083333333333,0.0010712839000188794,0.0011522301977112406,0.001000651529696718,0.001318536918154023
311.75,0.0010625923503473007,0.0011533806288522134,0.0010085538754051973,0.0013186058683981343
311.7916666666667,0.0010386859811878813,0.0011332882929577048,0.0009855749685871759,0.0012940970158596239
311.8333333333333,0.0009994485521954142,0.001125578598220593,0.0009475409827321076,0.0012664058532968715
311.875,0.000947878158786846,0.0011075064510025847,0.0009132004157133631,0.001231023001676506
311.9166666666667,0.0008892342343693278,0.0010506859493536011,0.0008623889130059655,0.0011728205808145887
311.9583333333333,0.0008275465321443372,0.0009850324634890126,0.0007954208194073664,0.001111663647853552
312.0,0.0007672933469186912,0.000923699377129085,0.0007319572548543792,0.001050928206303669
312.0416666666667,0.000712223956765885,0.0008257233170820492,0.0006548683684004632,0.000995634776632112
312.0833333333333,0.0006665843455404734,0.0007834228501616182,0.0006002146478152469,0.0009499951654067005
312.125,0.0006337895526058187,0.0007491139290900039,0.0005809357560320227,0.0009172003724720457
312.1666666666667,0.0006162032176775208,0.0007565775372506177,0.0005792493107397386,0.000903706641762973
312.2083333333333,0.0006153416332760853,0.0007597677650397346,0.000579821996111866,0.0009062381391490372
312.25,0.0006313802039557598,0.0008051637493478928,0.0006032385590422055,0.0009237746643607033
312.2916666666667,0.0006621925746283729,0.0008328064966350065,0.0006166844972139439,0.0009513251211632419
312.3333333333333,0.0007043224443779761,0.0008737191715431994,0.0006610545203548087,0.000984801973536313
312.375,0.0007544642437047275,0.0009026824385838814,0.000708902658567401,0.0010364099642367682
312.4166666666667,0.0008099732363959163,0.0009411359619888524,0.0007550550486404311,0.001075476704574199
312.4583333333333,0.0008674800852976314,0.0009863997866603263,0.0007751111197619016,0.0011327258744633815
312.5,0.0009229772578902897,0.0010102149999157146,0.0008067298099849233,0.001170562989862059
312.5416666666667,0.0009732864092324103,0.0010546992536826173,0.0008580853375977692,0.001214016965103667
312.5833333333333,0.0010153469180537492,0.001081207727821228,0.0009150080337095265,0.0012567643761168643
312.625,0.001046793164031533,0.0011289137987741883,0.0009571852312241496,0.0012940323571765037
312.6666666666667,0.0010658461043100867,0.0011364733122402012,0.0009726809802436531,0.001311881688622101
312.7083333333333,0.0010712691961035467,0.0011511877188428773,0.0010006368257813854,0.0013185222142386903
312.75,0.001062610708935973,0.0011546717648252783,0.0010085722339938695,0.0013181745118910956
312.7916666666667,0.0010387177869682525,0.0011399688374721325,0.000985606774367547,0.001294128821639995
312.8333333333333,0.0009995004713661622,0.00112622819873977,0.0009475929019028556,0.0012664577724676195
312.875,0.0009479266578025492,0.0011073368736788936,0.0009132489147290663,0.0012310715006922093
312.9166666666667,0.0008891470584063035,0.0010525295700587643,0.0008623017370429412,0.0011727334048515644
312.9583333333333,0.0008276482668637311,0.0009875247657380474,0.0007955225541267603,0.001111765382572946
313.0,0.000767203485005685,0.0009245584929439633,0.0007326826086683494,0.0010509221604103332
313.0416666666667,0.0007122255209054699,0.000831310569349625,0.0006528690444426843,0.000995636340771697
313.0833333333333,0.0006666518311099474,0.0007826470343919658,0.000600282133384721,0.0009500626509761745
313.125,0.0006337218993615962,0.0007503683704278995,0.0005808681027878002,0.0009171327192278232
313.1666666666667,0.0006162102450005281,0.0007568248256613233,0.0005792563380627459,0.0009037136690859801
313.2083333333333,0.0006153536383013223,0.000761080155493466,0.0005778331130397392,0.0009062501441742741
313.25,0.0006313625559020838,0.0008076928307578194,0.0006032209109885295,0.0009238408323266977
313.2916666666667,0.0006621998384083811,0.0008357899638565563,0.000616691760993952,0.0009513323849432502
313.3333333333333,0.0007043300068587034,0.0008754230038322022,0.000661062082835536,0.0009848095360170401
313.375,0.0007544317588502015,0.0009030122620378266,0.000708870173712875,0.0010363774793822422
313.4166666666667,0.0008099788498287677,0.0009401513473036595,0.0007550606620732826,0.0010754823180070506
313.4583333333333,0.0008674303847109433,0.0009779374328346586,0.0007731528388104829,0.0011326761738766934
313.5,0.0009230050271048987,0.0010099408589866513,0.0008067575791995323,0.001170590759076668
313.5416666666667,0.0009731983066516461,0.0010545954104760448,0.0008625100562928418,0.001213928862522903
313.5833333333333,0.0010153638996416212,0.001081673424467514,0.0009150250152973985,0.0012567813577047363
313.625,0.0010467389166067917,0.0011272500692069002,0.0009572346139590716,0.0012939781097517627
313.6666666666667,0.0010658160795245977,0.0011359365356390506,0.0009726509554581641,0.001311851663836612
313.7083333333333,0.0010712528366429808,0.0011511385686808111,0.001000586710030257,0.0013185058547781243
313.75,0.00106253733253587,0.0011532897230598432,0.0010079355234313648,0.0013181011354909927
313.7916666666667,0.0010386599045925612,0.001141276083769808,0.0009855488919918557,0.0012979263846839549
313.8333333333333,0.000999444333289317,0.00112506161784158,0.0009524463475234687,0.0012695912602159604
313.875,0.0009479264641074197,0.0011011973006365347,0.0009132487210339368,0.00123107130699708
313.9166666666667,0.0008891589139573254,0.0010539546123140592,0.0008604050122292326,0.0011727452604025862
313.9583333333333,0.0008276457269012762,0.000988213093738888,0.0007955200141643053,0.001112722754808809
314.0,0.0007671921006389703,0.00092743933729276,0.0007326712243016347,0.0010509107760436184
314.0416666666667,0.0007122505022192499,0.0008391189225680083,0.0006584153971968479,0.000995661322085477
314.0833333333333,0.0006666171646101899,0.0007818065359245626,0.0006149167987896124,0.0009500279844764169
314.125,0.000633732871167216,0.0007506298951677275,0.00058087907459342,0.0009171436910334431
314.1666666666667,0.0006162073934123538,0.0007567871354266998,0.0005792534864745716,0.000903710817497806
314.2083333333333,0.0006153398301652977,0.0007669735847414938,0.0005833406763440982,0.0009062363360382496
314.25,0.0006313611830726405,0.0008112558057768188,0.0006032195381590862,0.0009238394594972545
314.2916666666667,0.0006621776398381765,0.0008361653358052807,0.0006166695624237475,0.0009408291599416852
314.3333333333333,0.0007042886658550872,0.0008752528169633121,0.0006610207418319198,0.000984768195013424
314.375,0.0007544313923836441,0.0009017615093912608,0.0007088698072463176,0.0010363771129156848
314.4166666666667,0.0008099697049061265,0.0009387822949249155,0.0007550515171506414,0.0010754731730844094
314.4583333333333,0.0008674205227363877,0.0009802591590615337,0.0007731429768359274,0.0011333659032230158
314.5,0.0009229607355047025,0.0010096042594274154,0.000806682865210762,0.0011733577112665217
314.5416666666667,0.0009732040658782214,0.0010552765776894808,0.0008625158155194171,0.0012170904758482509
314.5833333333333,0.0010153296956703583,0.0010815134525371329,0.0009134295099633152,0.0012567471537334733
314.625,0.0010467097098383618,0.001125705079686939,0.0009575998484940737,0.0012894813756135445
314.6666666666667,0.0010658205506465345,0.0011348289918598846,0.0009711532177230337,0.0013118561349585488
314.7083333333333,0.0010712170718483163,0.001149453609812166,0.0009987551926295558,0.0013184700899834599
314.75,0.001062552253517915,0.0011516734957131621,0.0010080091697670037,0.0013177376744379007
314.7916666666667,0.0010386363536061354,0.0011402530511903462,0.00098552534100543,0.001297902833697529
314.8333333333333,0.0009994524419523574,0.001120439562545997,0.000952454456186509,0.0012695993688790006
314.875,0.0009479491678729942,0.0011019382243748104,0.0009132714247995113,0.0012310940107626543
314.9166666666667,0.0008891168352178281,0.001055466289866338,0.0008604239468983604,0.0011727031816630889
314.9583333333333,0.0008276804124343536,0.000989545506813156,0.0007954359394426112,0.0011059002396471486
315.0,0.0007671569298404397,0.0009294452421843779,0.0007316892068883829,0.001050875605245088
315.0416666666667,0.0007122843201381155,0.0008470503711398363,0.0006607786842348396,0.0009956951400043425
315.0833333333333,0.0006665791343136892,0.0007808671021524784,0.0006148787684931117,0.0009499899541799162
315.125,0.0006337595495905955,0.0007503412524853969,0.0005809057530167995,0.0009210389341572967
315.1666666666667,0.0006161906693476142,0.0007576496703393316,0.000579236762409832,0.0009036940934330663
315.2083333333333,0.0006153414629711635,0.000774617535968896,0.0005856717782690901,0.0009062379688441153
315.25,0.0006313655907943307,0.0008092042861636041,0.0006032239458807764,0.0009277124319194188
315.2916666666667,0.000662167751510849,0.000834638302594356,0.0006322144018917539,0.0009408192716143577
315.3333333333333,0.0007042902959321656,0.0008755244973354956,0.0006610223719089982,0.0009847698250905024
315.375,0.0007544302076709394,0.0009022044253022097,0.0007090183225801203,0.001028866265218391
315.4166666666667,0.0008099533751408311,0.00093778863818186,0.0007549996621487517,0.001075456843319114
315.4583333333333,0.0008673980390047848,0.000980373223715253,0.0007731815065129496,0.00113412117187522
315.5,0.0009229454576033969,0.0010058469932801837,0.0008063599390138618,0.001173342433365216
315.5416666666667,0.0009731610649523448,0.0010553711679769343,0.0008618951153141592,0.001217537235295335
315.5833333333333,0.001015312820173266,0.001081047140312868,0.000913412634466223,0.0012522627508665932
315.625,0.001046681604707347,0.0011236961062054969,0.0009575717433630589,0.0012894532704825297
315.6666666666667,0.0010657921248683167,0.00113375012839811,0.0009711247919448159,0.001307360181810543
315.7083333333333,0.0010712058898207043,0.0011501161024849301,0.0009987440106019438,0.0013195038444030955
315.75,0.0010625633216416158,0.0011500150070189224,0.00100771258959511,0.0013177487425616015
315.7916666666667,0.0010386711549471117,0.0011407732464637141,0.0009837146854531737,0.0012987153874223127
315.8333333333333,0.0009994659064817197,0.0011085782904187915,0.0009524679207158713,0.0012690576573340761
315.875,0.0009479142859601042,0.001100798277472931,0.0009132365428866214,0.0012235494658651752
315.9166666666667,0.0008891999677836477,0.0010548982607679433,0.0008605070794641801,0.0011727863142289086
315.9583333333333,0.000827586552541626,0.0009894009513075912,0.0007954486730718459,0.001105806379754421
316.0,0.0007672601804182834,0.0009301498062336702,0.0007309794801503863,0.0010509788558229316
316.0416666666667,0.0007121760838121176,0.0008522566120812905,0.0006615878854208167,0.0009955869036783445
316.0833333333333,0.000666654463854074,0.0007818603976464818,0.0006129532099361326,0.000950065283720301
316.125,0.0006337583785821567,0.0007518069882652658,0.0005809045820083607,0.000921037763148858
316.1666666666667,0.0006161708369411691,0.0007579266691087371,0.0005772160419060231,0.0009036742610266211
316.2083333333333,0.0006153715947884082,0.000780849955304439,0.0005865232908085485,0.00090626810066136
316.25,0.0006313631237148535,0.0008096054303463392,0.0006032214788012992,0.0009277099648399416
316.2916666666667,0.0006621714008027571,0.0008349075866781319,0.0006314648546756746,0.0009408229209062659
316.3333333333333,0.0007043002455432007,0.0008748498651011865,0.0006611283783097946,0.0009847797747015376
316.375,0.000754420427326777,0.0009030899702111193,0.0007072487183053966,0.0010288564848742285
316.4166666666667,0.0008099368169803283,0.000935003958367329,0.0007548742631093363,0.0010754402851586111
316.4583333333333,0.0008673753988655919,0.000979193620185557,0.0007731588663737567,0.0011340985317360272
316.5,0.0009229133539074049,0.0010042221040709256,0.0007979936692497174,0.001173310329669224
316.5416666666667,0.000973165991293165,0.0010551469255160272,0.0008619000416549793,0.001217542161636155
316.5833333333333,0.0010152593689657565,0.001081897713806994,0.0009133591832587134,0.0012522092996590836
316.625,0.001046691312840756,0.0011236249741291664,0.00095708020256552,0.0012894629786159388
316.6666666666667,0.0010657687700244061,0.0011320117236534365,0.0009711014371009053,0.0013073368269666324
316.7083333333333,0.0010711907130143308,0.0011492092261117283,0.0009987288337955703,0.001319488667596722
316.75,0.001062537538217807,0.0011497941219435507,0.0010071855572403533,0.0013177229591377927
316.7916666666667,0.0010386275174625705,0.0011436483876151762,0.0009836710479686325,0.001297913102416557
316.8333333333333,0.0009994246456504075,0.0011071679583076332,0.0009440924938164067,0.001269016396502764
316.875,0.0009478844074710128,0.0011015042726885097,0.00091320666439753,0.0012235195873760837
316.9166666666667,0.0008892161965022487,0.001055062490975001,0.000860523308182781,0.0011728025429475096
316.9583333333333,0.0008275600377367594,0.0009905693105214848,0.0007955658577741563,0.0011057798649495546
317.0,0.0007672794615485248,0.0009306061675466952,0.0007263104299895091,0.001050998136953173
317.0416666666667,0.0007121850668471002,0.000853083739017126,0.0006615968684557992,0.000995595886713327
317.0833333333333,0.0006666158513696055,0.0007889353385526839,0.0006184359688920477,0.0009500266712358325
317.125,0.0006337846712139835,0.0007510642161723078,0.0005789299865428235,0.0009210640557806847
317.1666666666667,0.0006161744569498963,0.0007643729440398502,0.0005827410333551338,0.0009037738730793796
317.2083333333333,0.000615353408914747,0.0007802507630208903,0.0005865051049348874,0.0009062499147876989
317.25,0.0006313717440594,0.0008106875785337663,0.0006032300991458457,0.0009277185851844881
317.2916666666667,0.0006621701662379928,0.0008358143351842243,0.0006316073196180873,0.0009408216863415014
317.3333333333333,0.0007042930184171772,0.0008745752906678029,0.0006611211511837711,0.000984772547575514
317.375,0.0007544113659763988,0.0009033505895015134,0.0007025513256638996,0.0010288474235238502
317.4166666666667,0.0008099228511504904,0.000934823127859722,0.0007548602972794984,0.0010754263193287733
317.4583333333333,0.0008673602359309373,0.000978330371131173,0.0007731437034391021,0.001133324721280158
317.5,0.0009228889490809564,0.001004410241867951,0.0007979692644232688,0.0011732859248427755
317.5416666666667,0.0009731438358918748,0.0010592005049505286,0.0008618778862536892,0.0012157146856056167
317.5833333333333,0.0010152332463612911,0.0010839611326570002,0.0009118243935971559,0.0012521831770546182
317.625,0.0010466687171073361,0.0011228032757917294,0.0009570576068321001,0.0012894403828825189
317.6666666666667,0.0010657478798753908,0.00113156318988675,0.00097108054695189,0.001307315936817617
317.7083333333333,0.0010711769886363016,0.0011480120437331349,0.000998715109417541,0.0013194749432186928
317.75,0.0010625321189965968,0.0011500876060070722,0.001007180138019143,0.0013177175399165825
317.7916666666667,0.0010386230113212844,0.001144867847595313,0.0009821578747702545,0.0012979085962752709
317.8333333333333,0.0009994192366660597,0.0011084863975644095,0.0009440870848320588,0.0012672622110017047
317.875,0.0009478739651005757,0.0011019591384335058,0.0009131962220270929,0.0012235091450056466
317.9166666666667,0.0008892283489950497,0.0010542558461790461,0.000860535460675582,0.0011728146954403105
317.9583333333333,0.0008275418490737396,0.0009944110076055323,0.0007954317471853817,0.0011057616762865346
318.0,0.0007672861457464186,0.0009346108620815028,0.000727280669986535,0.0010510048211510668
318.0416666666667,0.0007122106052362459,0.0008540902925440574,0.0006616224068449449,0.0009957052411221432
318.0833333333333,0.0006665823684691776,0.00079752481471314,0.0006207319551107458,0.0009499931883354046
318.125,0.0006337868618814914,0.0007569989981343481,0.0005844535486507151,0.0009210662464481926
318.1666666666667,0.000616194300384491,0.0007706086936460587,0.0005850903459088545,0.0009037937165139743
318.2083333333333,0.0006153372169310256,0.0007828973452265315,0.000586488912951166,0.0009063175388236479
318.25,0.0006313719959100541,0.0008108268134933325,0.0006032303509964998,0.0009277188370351422
318.2916666666667,0.0006621880467695018,0.0008388189460059116,0.0006330848478343026,0.0009408395668730104
318.3333333333333,0.0007042909260988025,0.000874212609487261,0.0006611190588653963,0.0009847704552571393
318.375,0.0007543913533171131,0.0009043159778128944,0.0007035643599828558,0.0010288274108645645
318.4166666666667,0.000809905065195639,0.0009341728130470579,0.0007546570982197825,0.0010754085333739218
318.4583333333333,0.000867346470798326,0.0009785388606981318,0.0007731299383064908,0.00113725894503097
318.5,0.0009228846954284196,0.001005964676038097,0.0007989858536165922,0.0011732816711902388
318.5416666666667,0.0009730836095385956,0.0010594832185848917,0.00086181765990041,0.0012111869318825496
318.5833333333333,0.0010152410112047306,0.0010846273064075596,0.0009163086317706154,0.0012521909418980576
318.625,0.0010466120550414112,0.0011270384666822375,0.0009540717138505835,0.001289383720816594
318.6666666666667,0.0010657140608879678,0.0011314688852100934,0.0009711358757066351,0.001307282117830194
318.7083333333333,0.0010711701906679335,0.0011496122072672573,0.000998797459191341,0.0013150006178805366
318.75,0.0010624898202774356,0.001154886635711525,0.0010071040830094194,0.0013176752411974213
318.7916666666667,0.0010386266876498667,0.0011489373508900644,0.0009865767915039063,0.0012974625575081422
318.8333333333333,0.0009994344025038245,0.001111574695047283,0.0009451568498062462,0.0012672773768394696
318.875,0.0009479367260870937,0.001101855930846581,0.0009132589830136108,0.001228619703152411
318.9166666666667,0.0008891188660139777,0.001053635441756564,0.00086042597769451,0.0011727052124592386
318.9583333333333,0.0008276732279350977,0.0009958174902854802,0.000797070021735997,0.0011058930551478927
319.0,0.000767151400449194,0.0009363592225148725,0.0007318006017803671,0.001050870075853842
319.0416666666667,0.0007122773474331355,0.0008568193181126991,0.0006616891490418346,0.0009957719833190329
319.0833333333333,0.0006665753362244683,0.0008050933207668159,0.0006215463035882503,0.0009499861560906953
319.125,0.0006337554120445345,0.0007644538116429809,0.0005867515679328843,0.0009211307886552669
319.1666666666667,0.00061618982124434,0.0007775877725797694,0.0005859072474909173,0.0009005041589348698
319.2083333333333,0.0006153366968835041,0.0007852288225942398,0.0005864883929036444,0.0009031279323812041
319.25,0.0006313701293369166,0.000812969800299696,0.0006032284844233624,0.0009277169704620048
319.2916666666667,0.0006621769393032422,0.0008385341947379039,0.000633120988372594,0.0009408284594067509
319.3333333333333,0.0007042803479520202,0.0008726952487623327,0.0006595327045437121,0.000984759877110357
319.375,0.0007543822368153092,0.0009048966533242366,0.0007081861984684345,0.0010288182943627606
319.4166666666667,0.0008099088587940756,0.0009338592486527802,0.0007546608918182191,0.0010754123269723585
319.4583333333333,0.0008673038247638925,0.0009781185534573369,0.0007730872922720574,0.0011372162989965367
319.5,0.0009228848758935901,0.001004869441188356,0.0007986924903327933,0.0011732818516554091
319.5416666666667,0.0009730492160709108,0.0010595533861438473,0.0008617832664327251,0.0012111525384148646
319.5833333333333,0.0010152114548842163,0.0010862764657851986,0.0009133498445345094,0.0012521613855775433
319.625,0.0010466105001065407,0.0011278821423895916,0.000954070158915713,0.0012893821658817234
319.6666666666667,0.0010656896945912913,0.001131329284998375,0.0009682255076474347,0.0013072577515335175
319.7083333333333,0.0010711631647347568,0.0011490872362523807,0.0009987904332581644,0.00131499359194736
319.75,0.0010624979235360067,0.001155440692212293,0.001006818642519021,0.0013176833444559924
319.7916666666667,0.0010386658349220233,0.0011536851372726529,0.000986615938776063,0.0012975017047802987
319.8333333333333,0.000999459747284848,0.001112856136672422,0.0009451821945872696,0.001267302721620493
319.875,0.0009479204456132023,0.0011011661271797587,0.0009132427025397194,0.0012286034226785198
319.9166666666667,0.0008891309860379222,0.0010528452647191773,0.0008604380977184546,0.0011727173324831831
319.9583333333333,0.0008276498954992512,0.0009973674746525938,0.0007970466893001505,0.0011058697227120462
320.0,0.0007671767408236954,0.0009378504863508798,0.0007302501659799665,0.0010518553284266617
320.0416666666667,0.0007122442957232262,0.0008569595951884747,0.0006530528468086214,0.0009957389316091235
320.0833333333333,0.0006666228176664054,0.0008050758669252894,0.0006215937850301874,0.0009500336375326323
320.125,0.0006337188006081053,0.0007710057731983962,0.0005875363372186688,0.0009210941772188377
320.1666666666667,0.0006162080038362883,0.0007785771075294065,0.0005859254300828656,0.0009005223415268182
320.2083333333333,0.0006153302663670911,0.0007853101551861623,0.0005864819623872315,0.0009031215018647912
320.25,0.0006313543818526709,0.00081348535181287,0.0006032127369391166,0.0009286611351760769
320.2916666666667,0.0006621704842550047,0.0008393670488971743,0.0006331145333243565,0.0009408220043585135
320.3333333333333,0.0007042822055924281,0.0008700657181548651,0.00065953456218412,0.000984761734750765
320.375,0.0007543663136092185,0.000905736647539293,0.0007081702752623438,0.00102880237115667
320.4166666666667,0.0008099247261626756,0.0009326777684198524,0.0007546767591868191,0.0010754281943409585
320.4583333333333,0.0008672513274917355,0.0009823201792794748,0.0007705851478504726,0.0011314409336517063
320.5,0.0009228830947925814,0.001006529890412155,0.0007986907092317846,0.0011743250070016481
320.5416666666667,0.0009730465112599064,0.001061509486444445,0.0008617805616217207,0.0012111498336038603
320.5833333333333,0.001015144427862104,0.0010864511446662406,0.0009132828175123971,0.001252094358555431
320.625,0.001046625268253249,0.001127982174165748,0.0009540849270624213,0.0012893969340284318
320.6666666666667,0.0010656449676242914,0.001132211217269514,0.0009676795317494869,0.0013072130245665177
320.7083333333333,0.0010711613232755924,0.0011479311328460675,0.0009982873428680521,0.0013149917504881956
320.75,0.0010624869160210954,0.001156369751130718,0.0010068076350041098,0.001318717273388329
320.7916666666667,0.0010386400233846366,0.001155886126398232,0.0009865597048501022,0.0012970975112077752
320.8333333333333,0.0009994597893172473,0.0011251342223398864,0.0009451822366196689,0.0012789192448433707
320.875,0.0009479114181633018,0.0011034046700311984,0.000913233675089819,0.0012232499091910831
320.9166666666667,0.00088918507085062,0.0010519212416210371,0.0008512298167888438,0.0011727714172958808
320.9583333333333,0.00082758721565083,0.0009978786953827193,0.0007969840094517293,0.001105807042863625
321.0,0.0007672502413272567,0.0009366371374933419,0.0007298759344216873,0.0010450716282354852
321.0416666666667,0.0007121712632722829,0.000858165164821522,0.0006529798143576781,0.0009956658991581802
321.0833333333333,0.0006666526613283878,0.0008097141072796061,0.0006216236286921698,0.0009501472972142851
321.125,0.000633751819106548,0.000770861231944248,0.0005875693557171115,0.0009211271957172805
321.1666666666667,0.0006161673814342361,0.0007827404672367702,0.0005858848076808135,0.0009005655351444363
321.2083333333333,0.0006153680210071895,0.0007857566783439318,0.0005865197170273298,0.0009031592565048897
321.25,0.000631354754255728,0.0008131901095575926,0.0006031298743239963,0.0009218043068843963
321.2916666666667,0.000662153425253444,0.0008398294858158501,0.0006330974743227958,0.0009408049453569527
321.3333333333333,0.0007042704927931426,0.0008705614093424352,0.0006505551018178673,0.0009847500219514794
321.375,0.0007543708084507882,0.0009062887924289468,0.0007081747701039135,0.0010288068659982396
321.4166666666667,0.0008099050937604114,0.0009321337486504137,0.0007546571267845549,0.0010761081532595722
321.4583333333333,0.0008672485457295669,0.000982537734878937,0.000765644262481534,0.0011314381518895376
321.5,0.0009228535175076485,0.001008794769884714,0.0007986611319468517,0.0011859119109071934
321.5416666666667,0.0009730140412676926,0.001062073905049583,0.000861748091629507,0.0012137878707746724
321.5833333333333,0.0010151491667117186,0.0010890112622293112,0.0009132875563620117,0.0012520990974050456
321.625,0.0010465713593320728,0.0011264612636324404,0.000952379497379925,0.0012893430251072556
321.6666666666667,0.0010656592744700902,0.0011324914765503348,0.0009676938385952857,0.0013072273314123164
321.7083333333333,0.0010711336541128545,0.0011465494934443765,0.0009982596737053142,0.0013149640813254577
321.75,0.0010624734200992034,0.001159730505473997,0.0010067941390822178,0.0013187037774664372
321.7916666666667,0.0010386286527637927,0.0011566528360204835,0.0009862406859336638,0.0013050890422775078
321.8333333333333,0.0009994228699849212,0.0011277536983903172,0.0009451453172873428,0.0012795819168319226
321.875,0.0009478726049567334,0.0011059894024034323,0.0009071590612501988,0.0012232110959845147
321.9166666666667,0.0008891929749925767,0.0010510229156551806,0.0008533635888845645,0.0011727793214378376
321.9583333333333,0.000827570649991206,0.0009990629352247284,0.0007969674437921053,0.001105790477204001
322.0,0.0007672740672304172,0.0009373086604346563,0.0007321907445098721,0.0010450954541386455
322.0416666666667,0.0007121685466859242,0.0008590541545884562,0.0006529770977713194,0.0009956631825718215
322.0833333333333,0.0006666164468815129,0.0008124520556958144,0.0006215874142452949,0.0009501110827674102
322.125,0.0006337867375237971,0.000774750813868116,0.0005876042741343606,0.0009212459301541999
322.1666666666667,0.0006161756495598935,0.0007863256771450122,0.0005858930758064708,0.0009005738032700938
322.2083333333333,0.0006153433862005451,0.0007877593091928511,0.0005864950822206855,0.0009031346216982452
322.25,0.0006313576011785503,0.0008132574399338525,0.0006033481556476936,0.0009218071538072186
322.2916666666667,0.0006621424495001283,0.0008396854984867565,0.0006330864985694801,0.000940793969603637
322.3333333333333,0.000704242651301031,0.0008697679551922954,0.0006526028101099052,0.0009847221804593679
322.375,0.0007543664952957403,0.0009061776916820658,0.0007081704569488655,0.0010288025528431917
322.4166666666667,0.0008098294643554315,0.0009319118774326623,0.000754581497379575,0.0010768102762383994
322.4583333333333,0.0008673222264986597,0.0009834353915596178,0.0007615003622757445,0.0011315118326586304
322.5,0.0009227478787924195,0.001021960318796162,0.0007999640788435494,0.0011858062721919645
322.5416666666667,0.0009730635935938477,0.0010619013281343553,0.0008588684130400704,0.0012169630832475672
322.5833333333333,0.0010150979956612643,0.0010888341763202452,0.0009115848645502373,0.0012520479263545914
322.625,0.0010465559940957094,0.001126909479494139,0.0009508028307807411,0.0012893276598708921
322.6666666666667,0.0010656486545283488,0.0011348426730763382,0.0009660316978922242,0.001307216711470575
322.7083333333333,0.001071110366507,0.0011504942458075075,0.0009953071551838679,0.0013149407937196032
322.75,0.001062510506994622,0.0011609016502157358,0.0010052699246148162,0.0013142733369920674
322.7916666666667,0.0010386482203957929,0.0011563094812976388,0.000986260253565664,0.001305108609909508
322.8333333333333,0.000999466240940822,0.0011484405618885933,0.0009465972738551705,0.0012804030401716308
322.875,0.0009479061932481255,0.001112398079606727,0.0009071926495415909,0.0012230528951437248
322.9166666666667,0.0008891749535181752,0.00105187975147217,0.0008533455674101629,0.0011652516369788468
322.9583333333333,0.0008275898075079909,0.0009988499393786961,0.0007954707797963738,0.001105809634720786
323.0,0.0007672580672706943,0.0009378970370323812,0.0007323184440573262,0.0010450794541789227
323.0416666666667,0.0007121558870246825,0.0008583519834258323,0.000651304091730597,0.0009956505229105797
323.0833333333333,0.0006666366080138092,0.0008120761161317565,0.0006216075753775912,0.0009539998086001807
323.125,0.0006337814761065602,0.000778817588271802,0.0005875990127171238,0.0009179555902980096
323.1666666666667,0.0006161662052808864,0.0007870742145249657,0.0005858836315274637,0.0009005643589910867
323.2083333333333,0.0006153487029157764,0.000788717885498057,0.0005865003989359167,0.0009031399384134764
323.25,0.0006313566648191823,0.0008141061914737952,0.0006034909187955025,0.0009218062174478505
323.2916666666667,0.000662143898265023,0.0008393788227794898,0.0006330879473343749,0.0009407954183685317
323.3333333333333,0.0007042503636348964,0.0008678521266172379,0.0006509501760642901,0.000977220229808644
323.375,0.0007543676907688746,0.0009072547772223422,0.0007081716524219998,0.001028803748316326
323.4166666666667,0.0008098355812085943,0.0009323126482965339,0.0007544381317144706,0.0010768163930915623
323.4583333333333,0.0008672815089337991,0.00098245612890891,0.0007789091518148353,0.0011312793259615882
323.5,0.0009227473399570499,0.0010202909320080244,0.0007999635400081799,0.0011781844573470202
323.5416666666667,0.0009730438238366016,0.0010634528084243996,0.0008588486432828242,0.0012169433134903212
323.5833333333333,0.0010150709089264511,0.0010892048799443798,0.0009161043553818233,0.001255176693718551
323.625,0.0010465555289371719,0.001126814719431795,0.0009508023656222036,0.0012893271947123546
323.6666666666667,0.0010656176992098637,0.0011345779564648616,0.000966000742573739,0.00130718575615209
323.7083333333333,0.0010711122849078366,0.001151297921311474,0.0009953090735847045,0.0013149427121204398
323.75,0.0010624805790765916,0.001160432201172869,0.0010052399966967857,0.0013173992631728096
323.7916666666667,0.0010386228969403314,0.0011564520680600447,0.0009907815076766018,0.0013050832864540465
323.8333333333333,0.0009994306092213237,0.001147213640369006,0.0009465616421356722,0.0012803674084521325
323.875,0.0009478615364881495,0.0011142172639495205,0.0009134125077600339,0.001223008238383749
323.9166666666667,0.0008892172802652729,0.0010538183321552662,0.0008602964035129854,0.0011652939637259445
323.9583333333333,0.0008275261492237708,0.0009997638121101433,0.0007954071215121537,0.001105745976436566
324.0,0.0007672799232438341,0.0009416266547020016,0.000732340300030466,0.0010451013101520626
324.0416666666667,0.0007122212474954281,0.0008583203673288983,0.0006513694522013426,0.0009957158833813254
324.0833333333333,0.000666564634916449,0.0008116198039672531,0.000621535602280231,0.0009539278355028205
324.125,0.0006337642217430114,0.0007787866367823546,0.0005875817583535749,0.0009179383359344608
324.1666666666667,0.0006162099201089696,0.0007871175792372439,0.000585927346355547,0.0009006080738191699
324.2083333333333,0.0006153353027649889,0.0007910943810434143,0.0005864869987851293,0.0009031265382626891
324.25,0.0006313542435554135,0.0008197831268975432,0.0006034884975317337,0.0009185187177451283
324.2916666666667,0.0006621636072542197,0.0008364577560108524,0.0006331076563235715,0.0009446836920582025
324.3333333333333,0.0007042651333705762,0.0008676639161311415,0.0006509649457999699,0.0009772349995443238
324.375,0.0007543541368114913,0.0009067745693456608,0.0007081580984646165,0.0010287901943589427
324.4166666666667,0.0008098345551925749,0.0009328837677955793,0.0007544371056984511,0.0010760567195543282
324.4583333333333,0.0008672498000535916,0.000982227212059372,0.0007785292964374702,0.0011312476170813807
324.5,0.0009227495736831333,0.001019900072421507,0.0008065864311690157,0.0011781866910731036
324.5416666666667,0.0009729950318581478,0.0010630734653669833,0.0008587998513043704,0.0012168945215118672
324.5833333333333,0.0010150752776072946,0.001089174402759415,0.0009161087240626668,0.0012551810623993944
324.625,0.0010465180705186575,0.0011257200244206725,0.0009507490416974369,0.0012892897362938402
324.6666666666667,0.001065617917825875,0.0011355141124953657,0.0009660009611897504,0.0013071859747681013
324.7083333333333,0.0010710785045695,0.0011514647110482203,0.000995275293246368,0.0013149089317821031
324.75,0.0010624788435663875,0.0011603141928018383,0.0010034454385990774,0.0013173975276626055
324.7916666666667,0.001038601902013939,0.0011567935923186199,0.0009907267564596468,0.001305062291527654
324.8333333333333,0.0009994124685514581,0.0011519570275304474,0.0009531641589005591,0.0012795906202610523
324.875,0.0009478605879058935,0.0011133016041626512,0.0009134115591777779,0.0012230072898014928
324.9166666666667,0.0008892262326320127,0.0010542229929251176,0.0008596279595420711,0.0011653029160926844
324.9583333333333,0.0008275237756422985,0.0010000806988982637,0.0007954047479306814,0.0011057436028550935
325.0,0.0007672740557178249,0.0009421242206378705,0.0007342724847519083,0.0010450954426260532
325.0416666666667,0.0007122251759384841,0.0008579109548161885,0.0006513733806443986,0.0009966797240226995
325.0833333333333,0.0006665622618922814,0.0008125420017773918,0.0006215332292560634,0.0009540214545226841
325.125,0.0006337620079337158,0.0007794965639368939,0.0005875795445442793,0.0009179361221251652
325.1666666666667,0.0006162088123400079,0.0007887969284346922,0.0005859262385865852,0.0009006069660502082
325.2083333333333,0.0006153326186234066,0.0007918544527508747,0.000586484314643547,0.0009040837663194249
325.25,0.0006313390356881349,0.0008198667368951077,0.0006049801853537125,0.0009185995019218811
325.2916666666667,0.0006621374559692539,0.0008362533306427974,0.0006330815050386057,0.0009446575407732369
325.3333333333333,0.0007042376917545883,0.0008675634791516793,0.000650937504183982,0.0009772075579283358
325.375,0.0007543536817640086,0.0009066319652810246,0.0007081576434171338,0.00102878973931146
325.4166666666667,0.0008098049378066925,0.0009334328887019077,0.0007544074883125687,0.0010760271021684458
325.4583333333333,0.0008672576229885163,0.0009817348719598433,0.0007785371193723949,0.0011312554400163054
325.5,0.0009227008923931324,0.001020850332445521,0.0008065377498790149,0.0011781380097831027
325.5416666666667,0.0009730101721360928,0.0010615794866217145,0.0008588149915823153,0.0012167949311501847
325.5833333333333,0.0010150210290344787,0.0010888545752337291,0.0009172631215102787,0.0012551268138265785
325.625,0.0010465321726395495,0.0011252091856745348,0.0009551783842233988,0.0012893038384147323
325.6666666666667,0.0010655754227755613,0.0011359940364239253,0.0009674512676902766,0.0013071434797177876
325.7083333333333,0.0010710938109228449,0.001150334764989754,0.0009936390788383928,0.001314924238135448
325.75,0.0010624628181290095,0.0011608544792598807,0.0010034294131616994,0.0013173815022252276
325.7916666666667,0.0010386164433612637,0.0011550074113042613,0.0009907412978069716,0.001305076832874979
325.8333333333333,0.0009994275069555628,0.0011532047584379777,0.0009542919421653525,0.0012791559435694462
325.875,0.0009478644744385361,0.0011122759202838966,0.0009134154457104205,0.0012230111763341354
325.9166666666667,0.0008892178245025388,0.0010564745464194379,0.0008596195514125972,0.0011652945079632104
325.9583333333333,0.0008275211275903873,0.0010017672433662364,0.0007954020998787701,0.0011087355962861156
326.0,0.0007672776145920339,0.0009444791641999634,0.0007342760436261173,0.0010450990015002622
326.0416666666667,0.0007122221725408312,0.0008580333749710488,0.0006659564741332174,0.0009898195199303087
326.0833333333333,0.0006665619269621048,0.00081227234716926,0.0006215328943258868,0.0009540211195925077
326.125,0.0006337627791316476,0.0007802983845852931,0.0005875803157422111,0.0009179368933230971
326.1666666666667,0.0006162056456897826,0.0007880706227141414,0.0005848358810524837,0.0009016720824436836
326.2083333333333,0.000615330017502291,0.0007918596747199106,0.000586398478504254,0.000898292247547272
326.25,0.0006313488238619516,0.000820231087785457,0.0006049899735275292,0.0009186092900956977
326.2916666666667,0.000662149795638876,0.0008361276033781136,0.0006330938447082278,0.0009446698804428589
326.3333333333333,0.0007042522896503518,0.0008676780301493735,0.0006509521020797455,0.000978049025282052
326.375,0.0007543377702350212,0.0009074418888805169,0.0007085378478465558,0.0010287738277824725
326.4166666666667,0.000809833234045501,0.0009329183423632597,0.0007544357845513772,0.0010779502316133644
326.4583333333333,0.0008671918309224441,0.0009806933263871822,0.0007781777835573533,0.0011322345843974811
326.5,0.0009227443634151238,0.001021666598851361,0.0008076939657616951,0.001178181480805094
326.5416666666667,0.0009729207419776624,0.0010598103874652645,0.0008570740406625649,0.001219895126816941
326.5833333333333,0.0010150589736682718,0.0010926969602586514,0.0009173010661440718,0.0012546095823860847
326.625,0.001046454674008008,0.001126874217602866,0.0009551008855918573,0.0012892263397831908
326.6666666666667,0.00106558342353483,0.0011365232772023645,0.0009658979670867249,0.001307978349935009
326.7083333333333,0.0010710550114425117,0.0011496510715236269,0.000992038977995239,0.0013148854386551148
326.75,0.0010624824686734802,0.0011644768233249557,0.00100786430411124,0.0013174011527696983
326.7916666666667,0.0010386392462673406,0.0011519480836114824,0.000990470556964079,0.0013087790219792027
326.8333333333333,0.000999435997081436,0.0011544222494274297,0.0009543004322912257,0.0012791644336953194
326.875,0.000947846424520098,0.001111992375262512,0.0009133973957919825,0.0012220615660966916
326.9166666666667,0.0008892162454526098,0.0010608119002435779,0.0008595799863610762,0.0011652929289132814
326.9583333333333,0.000827520451439849,0.0010030985278583777,0.0007954014237282319,0.0011087349201355772
327.0,0.0007672709620434211,0.000947889894865099,0.0007342693910775045,0.0010450923489516495
327.0416666666667,0.0007122260332600203,0.0008589413112871853,0.0006661757692532814,0.000989823380649498
327.0833333333333,0.0006665612350156696,0.0008135572855832774,0.0006215322023794516,0.0009540204276460724
327.125,0.0006337571737097824,0.0007821650500777877,0.0005875747103203459,0.0009179312879012319
327.1666666666667,0.0006162071489600046,0.0007900371619449225,0.0005848373843227058,0.0009015396253248465
327.2083333333333,0.0006153317826360464,0.0007924933770601201,0.0005866156780388842,0.000898215726150783
327.25,0.0006313571730524308,0.0008209207149202477,0.0006049983227180084,0.0009186176392861769
327.2916666666667,0.0006621626967529701,0.0008363764024649307,0.0006331067458223219,0.000944682781556953
327.3333333333333,0.0007042580307876796,0.0008678924330865752,0.0006656271751217223,0.00097805476641938
327.375,0.0007543308185097185,0.0009086616795580711,0.0007085308961212532,0.00102876687605717
327.4166666666667,0.0008098032476297227,0.0009348611688953254,0.0007544057981355989,0.0010779202451975862
327.4583333333333,0.0008671982885136429,0.0009807244638244772,0.0007781842411485521,0.0011313094816696738
327.5,0.0009227021874274043,0.0010098440960963602,0.0008047225588583838,0.0011781393048173744
327.5416666666667,0.0009729301756829706,0.0010568079561148911,0.000857083474367873,0.001219904560522249
327.5833333333333,0.0010150187911201097,0.0010946002981639426,0.0009172608835959097,0.0012545693998379226
327.625,0.0010464615773150168,0.001129808682211499,0.000955107788898866,0.0012892332430901995
327.6666666666667,0.0010655701552877359,0.0011366799220611055,0.0009658846988396308,0.001307965081687915
327.7083333333333,0.0010710371156123159,0.001153531310658433,0.0009920210821650433,0.001314867542824919
327.75,0.0010624209500209659,0.0011669451308366473,0.001004873554543134,0.001317339634117184
327.7916666666667,0.001038570849351302,0.0011423715100546826,0.0009904021600480404,0.001308710625063164
327.8333333333333,0.000999405580183196,0.0011478050292865868,0.0009542700153929857,0.0012787556347619424
327.875,0.0009478917374741843,0.0011141321831537195,0.0009134427087460688,0.0012221068790507778
327.9166666666667,0.000889152071216051,0.0010636693323155695,0.0008595158121245174,0.0011652287546767225
327.9583333333333,0.000827612543998366,0.0010039478448212152,0.0007954935162867489,0.0011088270126940942
328.0,0.0007672180662773491,0.0009483731228444848,0.0007342164953114326,0.0010450394531855776
328.0416666666667,0.000712170224141309,0.0008594904066886409,0.000666263659641747,0.0009897675715307866
328.0833333333333,0.000666657218966164,0.0008142454807818601,0.000621628186329946,0.0009550763237948849
328.125,0.0006337439925248445,0.0007826881223457154,0.0005864743382515317,0.0009179181067162939
328.1666666666667,0.0006161587191598778,0.0007899932639889596,0.000584788954522579,0.0009024511077230377
328.2083333333333,0.0006153622574254261,0.0007928291001211254,0.0005857026614515648,0.0008982462009401627
328.25,0.0006313439904484554,0.0008221405147030553,0.000604985140114033,0.0009186044566822014
328.2916666666667,0.0006621422266818751,0.0008376071304769157,0.0006330862757512269,0.000944662311485858
328.3333333333333,0.0007042445878247149,0.0008690040316923942,0.0006656137321587576,0.000978041323456415
328.375,0.0007543297808022532,0.0009088743648285249,0.0007085298584137879,0.0010287658383497046
328.4166666666667,0.0008097851801885311,0.0009342099754665856,0.0007543573083058332,0.0010775237957212575
328.4583333333333,0.0008671979607300728,0.000979029591838395,0.000778183913364982,0.0011313091538861038
328.5,0.0009226768664729325,0.0010101583146752274,0.0008027886575391814,0.0011781139838629028
328.5416666666667,0.0009729281352962191,0.0010550129438779644,0.0008487472679129691,0.0012199025201354975
328.5833333333333,0.0010149893889578395,0.0010947247508442052,0.0009172314814336395,0.0012527346770464043
328.625,0.0010464474767188188,0.00113094718406394,0.000955093688302668,0.0012892191424940015
328.6666666666667,0.0010655485273703667,0.0011365568940668728,0.0009643544038651694,0.0013079434537705457
328.7083333333333,0.0010710363520944825,0.0011541570057637238,0.0009920044531409578,0.0013180226334058584
328.75,0.001062437870791537,0.0011721652226277636,0.001004890475313705,0.001317356554887755
328.7916666666667,0.0010385914365294898,0.0011389717410807405,0.0009820885811580758,0.0013069824357246408
328.8333333333333,0.0009994104920077193,0.001148937876555549,0.000954244504828935,0.0012787605465864656
328.875,0.0009478536388360163,0.0011145039829383349,0.0009114960297431702,0.00122206878041261
328.9166666666667,0.0008892057146257482,0.0010650366413532013,0.0008595694555342146,0.0011652823980864199
328.9583333333333,0.0008275260895128861,0.0010038514905706163,0.0007962222775282453,0.0011087405582086143
329.0,0.0007672772980196895,0.0009485600068411035,0.0007342757270537729,0.001045098684927918
329.0416666666667,0.0007122081641968785,0.0008648535518559401,0.0006663015996973167,0.000989805511586356
329.0833333333333,0.000666562765095512,0.0008152458456287006,0.0006214504974411168,0.0009481246692294951
329.125,0.0006337680498410833,0.000783089579695977,0.0005864983955677707,0.0009189020762308508
329.1666666666667,0.0006162023099021484,0.0007903773379632839,0.0005847493102466722,0.0008956374977705704
329.2083333333333,0.0006153325522733971,0.0007988066158090405,0.0005856729562995357,0.0008982164957881336
329.25,0.0006313403541218599,0.0008224183796049176,0.0006049815037874374,0.0009186008203556059
329.2916666666667,0.0006621376251102829,0.0008371339809398883,0.0006330816741796347,0.0009446577099142657
329.3333333333333,0.0007042287003672796,0.0008682633631135019,0.0006655978447013222,0.0009780254359989797
329.375,0.0007543232900948567,0.0009092549635404268,0.0007085233677063913,0.001029458938963186
329.4166666666667,0.0008097703826179407,0.0009349742869998758,0.0007540348624396483,0.0010775089981506672
329.4583333333333,0.0008671988872797444,0.0009774256547569339,0.0007781848399146536,0.0011268425530659874
329.5,0.0009226439799769806,0.001009814428510952,0.0008027557710432296,0.001178081097366951
329.5416666666667,0.0009729331174098453,0.0010553991881855182,0.0008502450515774353,0.001219907502249124
329.5833333333333,0.0010149505206187065,0.0010951072897342573,0.0009171926130945065,0.0012526958087072711
329.625,0.0010464506539194338,0.0011306415141767966,0.0009573578193340104,0.0012923781737933892
329.6666666666667,0.0010655189291038124,0.0011398264586455313,0.0009643248055986152,0.0013079138555039914
329.7083333333333,0.0010710407618960147,0.0011539741976658783,0.00099200886294249,0.0013180270432073906
329.75,0.001062393313725078,0.0011737184750898692,0.0010048459182472461,0.0013173119978212961
329.7916666666667,0.0010385575131584173,0.0011403748509862895,0.0009820546577870033,0.00130248098498378
329.8333333333333,0.0009993907840676766,0.001148568762777072,0.0009539171485932977,0.001278740838646423
329.875,0.0009478768284365648,0.0011169832988356101,0.0009115192193437187,0.0012227915613340363
329.9166666666667,0.000889182377272429,0.001066443899130558,0.0008595461181808954,0.0011652590607331005
329.9583333333333,0.0008275611365237906,0.0010027252403306815,0.0007962573245391498,0.0011087756052195188
330.0,0.0007672514113993247,0.0009470515284506417,0.0007343458972231695,0.001045072798307553
330.0416666666667,0.0007121688738677341,0.0008653528710075967,0.0006677692050574295,0.0009897662212572118
330.0833333333333,0.0006666239450324611,0.0008146832113697429,0.0006217271117789408,0.0009481858491664441
330.125,0.0006337572028071213,0.000782716290086824,0.0005864043135156313,0.0009131023115458518
330.1666666666667,0.0006161580182039607,0.0007888289816281037,0.0005849204529493594,0.0008991096674253125
330.2083333333333,0.0006153534016852571,0.0007979221214687159,0.0005872007014006531,0.0009019056041581281
330.25,0.0006313447571403255,0.0008223694587410834,0.0006049859068059031,0.0009186052233740716
330.2916666666667,0.000662133848050954,0.0008368747709443778,0.0006330778971203058,0.0009446539328549368
330.3333333333333,0.0007042337700163608,0.00086783078610315,0.0006656029143504034,0.0009802173119353864
330.375,0.0007543096981466899,0.000907597563981264,0.0007085097757582245,0.0010294453470150193
330.4166666666667,0.0008097994094771343,0.0009342760912629909,0.0007542135893453493,0.0010775380250098608
330.4583333333333,0.0008671286582518601,0.0009749012745166562,0.0007781146108867693,0.0011236185753983165
330.5,0.0009226919342694174,0.0010099544327976792,0.0008028647387442916,0.0011781290516593877
330.5416666666667,0.0009728435337319819,0.0010580653648126024,0.0008512100670359944,0.0012198179185712605
330.5833333333333,0.001014985392065045,0.0010967636031904574,0.0009172274845408451,0.0012527306801536097
330.625,0.001046395470928141,0.0011297830995952204,0.0009579290161484436,0.0012923229908020964
330.6666666666667,0.0010655202842075246,0.0011409582330345728,0.0009710023549381245,0.0013094519237139169
330.7083333333333,0.0010710136876811696,0.0011551142073987976,0.0009961128736023026,0.0013179999689925455
330.75,0.0010624169774353866,0.001172649622845544,0.0010032180611962344,0.0013200061686946308
330.7916666666667,0.0010386038965072891,0.0011432988040649874,0.0009831556402722977,0.0013025273683326519
330.8333333333333,0.0009994103535521848,0.0011485404000536675,0.0009539367180778058,0.001278760408130931
330.875,0.0009478559385722568,0.0011159437991871974,0.0009115593428880358,0.0012235484238535355
330.9166666666667,0.0008891875058826392,0.0010665259431317266,0.0008595512467911056,0.0011652641893433108
330.9583333333333,0.0008275555461528866,0.001002364372404838,0.0007953048875535245,0.0011012603518640255
331.0,0.0007672642077764902,0.0009465905770428213,0.000734358693600335,0.0010450855946847186
331.0416666666667,0.0007121617180098388,0.000866130749481988,0.0006677620491995341,0.0009897590653993164
331.0833333333333,0.0006666086590727884,0.0008161546112675978,0.000621855525326445,0.0009481705632067714
331.125,0.0006337761401971515,0.0007823880910453957,0.0005866386853065363,0.0009129872885468227
331.1666666666667,0.0006161613960207596,0.0007898488373178498,0.0005850675302733354,0.0008988730187068154
331.2083333333333,0.0006153399264414882,0.0007982860448680425,0.0005871872261568842,0.000901652102379063
331.25,0.0006313623360515164,0.0008230997875814532,0.0006050034857170939,0.0009193719920881227
331.2916666666667,0.0006621484810872067,0.0008371297776099798,0.0006330925301565585,0.0009371589029066003
331.3333333333333,0.0007042389663984389,0.0008686489416627589,0.0006656081107324815,0.0009802225083174645
331.375,0.0007543061794757993,0.0009063436832994003,0.0007086023138770952,0.0010304629419601674
331.4166666666667,0.000809764190305028,0.0009341240276184068,0.000754178370173243,0.0010775028058377543
331.4583333333333,0.0008671473294570233,0.0009742659519672625,0.0007780977568553382,0.0011236372466034796
331.5,0.0009226377453725071,0.0010090960365657243,0.0008011590290860611,0.0011780748627624772
331.5416666666667,0.000972863089931365,0.0010582401239238469,0.0008512717813139928,0.0012198374747706435
331.5833333333333,0.001014947115345295,0.0010965508159873814,0.0009203606969879604,0.0012584885707436252
331.625,0.0010463956909501713,0.0011290592714412288,0.0009624758137368731,0.0012925665720563582
331.6666666666667,0.0010655116318783638,0.0011406147520927907,0.0009719042379451017,0.0013125991254835287
331.7083333333333,0.0010709935569139957,0.0011582186055108894,0.0009960927428351288,0.0013179798382253716
331.75,0.001062413366262274,0.0011729701772633275,0.0010077610275895212,0.0013253349520490692
331.7916666666667,0.0010385646878626322,0.0011456794046246185,0.0009831164316276408,0.001302488159687995
331.8333333333333,0.0009993952646094144,0.0011486745337415242,0.0009539216291350355,0.0012787453191881607
331.875,0.0009478617733261608,0.001115912848043298,0.0009115651776419399,0.0012235542586074397
331.9166666666667,0.0008891974577049484,0.0010671725341416015,0.0008594168324979078,0.00116527414116562
331.9583333333333,0.0008275407485632963,0.001003191477386114,0.0007944771126480941,0.0011012455542744352
332.0,0.0007672622680398182,0.0009464434133037679,0.000734356753863663,0.0010450836549480466
332.0416666666667,0.0007121707990974456,0.0008660210713016029,0.0006677711302871409,0.000989768146486923
332.0833333333333,0.0006666015765370889,0.0008209739896863858,0.0006218484427907455,0.0009448784022321185
332.125,0.0006337700895836213,0.000781691520159502,0.0005867763342001832,0.0009129812379332925
332.1666666666667,0.000616159541176322,0.0007938928671101205,0.00058504735676948,0.0009003022065314643
332.2083333333333,0.0006153406245989529,0.0007969532534440339,0.0005871879243143489,0.0009030838432056142
332.25,0.0006313538021957102,0.0008238844002013576,0.0006049949518612878,0.0009191035502415103
332.2916666666667,0.0006621472950652721,0.0008377065856730791,0.0006330913441346239,0.0009371577168846655
332.3333333333333,0.0007042381050429817,0.0008682836888851547,0.0006656072493770244,0.0009802216469620075
332.375,0.0007543091173086498,0.0009055446500861413,0.0007086052517099457,0.0010297072322718033
332.4166666666667,0.0008097340804423525,0.0009329350305197066,0.0007523546800894439,0.0010774726959750791
332.4583333333333,0.0008671604332358159,0.0009734333403815434,0.0007780020197552182,0.0011236503503822722
332.5,0.0009225986755714831,0.0010092019326506999,0.0008011199592850371,0.0011830835901217
332.5416666666667,0.0009728657456062969,0.00105926502002916,0.0008512744369889247,0.0012198401304455754
332.5833333333333,0.0010149158230896215,0.0010968431286255927,0.000920329404732287,0.0012584572784879518
332.625,0.001046382109607909,0.0011316540350482238,0.0009624622323946107,0.001292552990714096
332.6666666666667,0.0010654911228634347,0.0011408746197038842,0.0009715995733997606,0.0013125786164685997
332.7083333333333,0.001070996197673055,0.001160973727420867,0.000996095383594188,0.001317982478984431
332.75,0.0010624442618901273,0.0011730332716591995,0.0010077919232173744,0.0013253658476769224
332.7916666666667,0.0010386358454760642,0.0011539263184140133,0.0009831875892410728,0.0013084850680472443
332.8333333333333,0.0009994632990366716,0.0011487854158711464,0.0009539559072717303,0.0012838611507756644
332.875,0.0009478952327120213,0.0011153720153894476,0.0009115986370278004,0.0012228290704720853
332.9166666666667,0.0008891251018202115,0.0010665754312678731,0.0008594139677922807,0.0011652017852808831
332.9583333333333,0.0008276176320520248,0.001002014916803245,0.0007898656648457038,0.0011013224377631637
333.0,0.0007671882383434234,0.0009458208093487591,0.0007342827241672682,0.0010450096252516518
333.0416666666667,0.0007121985756552513,0.0008663453543142273,0.0006677989068449466,0.0009897959230447289
333.0833333333333,0.0006666356384654441,0.0008214644147367937,0.000623389400408358,0.0009449124641604738
333.125,0.0006337029781758953,0.0007876420806122613,0.0005867092227924572,0.0009129141265255665
333.1666666666667,0.0006161880200722858,0.0007939262973315211,0.0005857540246544388,0.000900330685427428
333.2083333333333,0.0006153401699658594,0.0007976232497532492,0.0005871874696812555,0.0009030833885725209
333.25,0.0006313361980146086,0.000824550689898465,0.0006049773476801862,0.0009190859460604088
333.2916666666667,0.0006621489615076308,0.0008374993281973437,0.0006330930105769826,0.000933874304888071
333.3333333333333,0.0007042345337412968,0.0008675178690202155,0.0006656036780753394,0.0009802180756603226
333.375,0.0007542755800078291,0.0009050260599680301,0.000708571714409125,0.0010296736949709827
333.4166666666667,0.0008097550431039599,0.0009321328611705624,0.0007477568026390421,0.0010774936586366863
333.4583333333333,0.000867107913502785,0.000972454511551077,0.0007779495000221873,0.0011235978306492413
333.5,0.0009226366766247327,0.0010088471440978014,0.0008011579603382867,0.0011831215911749496
333.5416666666667,0.0009728025771296305,0.0010583782705214627,0.0008512112685122583,0.0012282396945196006
333.5833333333333,0.00101493798640247,0.0010961465288211025,0.0009203515680451354,0.0012584794418008002
333.625,0.0010463415238930402,0.0011324794281396442,0.000962421646679742,0.0012925124049992273
333.6666666666667,0.001065482558469676,0.0011410629026702027,0.000971591009006002,0.001312570052074841
333.7083333333333,0.0010709786594606465,0.0011631895794011792,0.0009960778453817795,0.0013179649407720224
333.75,0.0010624262376539549,0.0011723201291890706,0.0010092667005320419,0.00132534782344075
333.7916666666667,0.0010386063786854169,0.001158086474537376,0.0009826516646344592,0.0013109925830614715
333.8333333333333,0.0009994125334096835,0.0011466747137348192,0.0009536115978957728,0.0012838103851486762
333.875,0.0009478365693192328,0.0011141376772775887,0.0009115399736350119,0.001222320691983586
333.9166666666667,0.0008891992720598955,0.001066035427410626,0.0008593027249271002,0.001165275955520567
333.9583333333333,0.0008275218190338667,0.0010037623433642156,0.0007891576314517759,0.0011012266247450056
334.0,0.0007672685438364139,0.0009458711716784749,0.0007343630296602588,0.0010450899307446423
334.0416666666667,0.0007121983127795091,0.0008667965605897955,0.0006677986439692045,0.0009897956601689867
334.0833333333333,0.0006665661198979829,0.000820997087250756,0.0006222326909570206,0.0009448429455930126
334.125,0.0006337694539241297,0.000787611488012401,0.000588264275570531,0.0009164970636267308
334.1666666666667,0.0006161838356213397,0.0007940060005446016,0.0005857498402034927,0.0009003265009764819
334.2083333333333,0.0006153253981296717,0.00079682397767543,0.0005871543791856499,0.000903068616736333
334.25,0.0006313535018151156,0.0008253963657381788,0.000603907460596817,0.0009191032498609158
334.2916666666667,0.0006621435610188667,0.000837545454007294,0.0006330876100882185,0.0009339648964433379
334.3333333333333,0.0007042301994450835,0.0008668745188322106,0.0006655993437791262,0.0009802137413641092
334.375,0.0007542801551278541,0.0009050131934365603,0.000707000513354248,0.0010285784618141846
334.4166666666667,0.0008097671854886336,0.0009323774154765704,0.0007484389570738786,0.0010785507374686078
334.4583333333333,0.0008670754956936843,0.0009704928077677192,0.0007748024381926304,0.0011235654128401405
334.5,0.0009226428403176034,0.0010121574397613773,0.0008026569255819972,0.001177783268830284
334.5416666666667,0.0009727784059667065,0.0010670463935423954,0.0008557671721281264,0.0012282155233566767
334.5833333333333,0.0010149089995321573,0.0010969736337066974,0.0009203225811748227,0.0012584504549304875
334.625,0.0010463423224591586,0.0011263032805657767,0.0009624224452458604,0.0012919580274910586
334.6666666666667,0.0010654605002179173,0.0011435031712104834,0.0009715689507542431,0.0013125479938230823
334.7083333333333,0.0010709802393735004,0.00116434007552209,0.0009992509144614989,0.0013179665206848764
334.75,0.0010623753640433273,0.001172288043908632,0.0010092158269214143,0.0013247417737558354
334.7916666666667,0.0010385798547885678,0.0011758161104206406,0.0009762243941907476,0.0013109660591646224
334.8333333333333,0.0009994007299179435,0.0011487809796067432,0.0009535997944040328,0.0012794990320666479
334.875,0.000947851861149908,0.0011119119794435373,0.0009115552654656871,0.0012223359838142611
334.9166666666667,0.0008891961960772864,0.0010670608084691019,0.0008592996489444911,0.001165272879537958
334.9583333333333,0.0008275222432192961,0.0010027786539111316,0.0007896213975367557,0.001101227048930435
335.0,0.0007672683765529813,0.0009456563106491802,0.0007257596118535221,0.0010450897634612097
335.0416666666667,0.0007121952409628068,0.0008658454337023972,0.0006677955721525021,0.0009898885803963156
335.0833333333333,0.0006665592397064044,0.000821091604308606,0.0006222258107654421,0.0009448360654014341
335.125,0.0006337677982616806,0.0007874507399297809,0.0005874339132078197,0.0009162553814289857
335.1666666666667,0.0006161903041742941,0.0007940783225565895,0.0005843340737803293,0.0009003329695294364
335.2083333333333,0.0006153212846905023,0.0007969003628017526,0.0005863215590462183,0.0009030645032971637
335.25,0.0006313584618837248,0.0008246856603204415,0.0006039124206654262,0.0009229300944783003
335.2916666666667,0.000662157168890616,0.0008383190877907028,0.0006331012179599678,0.0009339785043150872
335.3333333333333,0.0007042360718550507,0.0008673029355599295,0.0006656052161890933,0.0009802196137740763
335.375,0.0007542822987990328,0.0009005905699088817,0.0007066381599817636,0.0010285806054853633
335.4166666666667,0.000809731337288902,0.0009322341831762498,0.000748403108874147,0.0010785148892688762
335.4583333333333,0.0008670996621528486,0.0009698524009744058,0.0007748266046517947,0.001123589579299305
335.5,0.0009225891835963968,0.0010123231854246224,0.0008026032688607907,0.0011777296121090774
335.5416666666667,0.0009727988759500266,0.0010651383774542965,0.0008557876421114465,0.001228235993339997
335.5833333333333,0.0010148905085338752,0.001090284154258896,0.0009203040901765406,0.0012616215897573919
335.625,0.0010463334136600535,0.0011250446004324533,0.0009624135364467553,0.0012919491186919535
335.6666666666667,0.0010654611323783745,0.0011395012999234101,0.0009761161604810996,0.0013125486259835395
335.7083333333333,0.0010709683941747248,0.0011655468388848326,0.0010037856468291225,0.0013179546754861007
335.75,0.001062372026632875,0.0011722676229593873,0.001009212489510962,0.0013279280621705692
335.7916666666667,0.0010385571038676728,0.0011745221709765405,0.0009762016432698525,0.0013109433082437274
335.8333333333333,0.0009994078746844387,0.001149928225846501,0.0009475711385374763,0.001279506176833143
335.875,0.0009478969393890946,0.0011119552948679965,0.0009116003437048736,0.0012223810620534477
335.9166666666667,0.0008891216155681903,0.0010679688716849775,0.000859225068435395,0.0011651982990288619
335.9583333333333,0.0008276185721154294,0.0010023411940905636,0.0007956201143648815,0.0011013233778265682
336.0,0.0007671627663835623,0.0009455117657727053,0.0007256540016841032,0.0010449841532917908
336.0416666666667,0.0007122291628550133,0.0008663274491923466,0.0006678294940447087,0.0009937910669889963
336.0833333333333,0.0006665985308377764,0.0008216812296714584,0.0006222651018968141,0.0009448753565328062
336.125,0.0006337137779872294,0.0007881131511808324,0.0005873798929333685,0.0009178071823044658
336.1666666666667,0.0006161896559500951,0.0007951591968947788,0.0005833943663771619,0.0009001771608407714
336.2083333333333,0.0006153182914143254,0.0007974755667855588,0.0005856588750333242,0.0009029063495565208
336.25,0.0006313401327332621,0.0008236566842278965,0.0006038940915149635,0.0009226717387925415
336.2916666666667,0.0006621324435450782,0.000839149839905387,0.00063307649261443,0.0009339537789695495
336.3333333333333,0.0007042176209834571,0.0008664253548319924,0.0006655867653174997,0.0009835945362753696
336.375,0.0007542739240731951,0.0009011130234036598,0.0007001020845167715,0.0010281938487243887
336.4166666666667,0.0008097453171443344,0.0009318535432566643,0.0007530480437169619,0.0010785288691243086
336.4583333333333,0.0008670667819389972,0.0009700762537625542,0.0007747937244379433,0.0011235566990854535
336.5,0.0009226073668257687,0.0010117637324588743,0.0007941360043076832,0.0011777477953384492
336.5416666666667,0.0009727568340177751,0.001065216846173291,0.0008623662576139475,0.0012281939514077454
336.5833333333333,0.0010148968981099297,0.0010856013358891109,0.0009203104797525951,0.001261513248693819
336.625,0.0010463037575095006,0.0011241678930987023,0.0009623838802962024,0.0012901511781543303
336.6666666666667,0.0010654463342168483,0.0011392270500954005,0.0009761013623195734,0.0013125338278220133
336.7083333333333,0.0010709525212430954,0.0011646181424120592,0.001003769773897493,0.0013206093097174972
336.75,0.0010623882566604221,0.0011676454566156883,0.001009228719538509,0.0013261955156814052
336.7916666666667,0.0010385855435841723,0.001176843561948365,0.0009828507404211048,0.001310971747960227
336.8333333333333,0.0009994008572871541,0.0011551831435448003,0.0009475641211401918,0.0012794991594358585
336.875,0.0009478417796709554,0.001111169083974589,0.0009090651144487327,0.0012219475203001718
336.9166666666667,0.0008892028397971668,0.0010695138243089102,0.0008593062926643715,0.0011652795232578383
336.9583333333333,0.0008275143554332607,0.0010012776277203495,0.0007955158976827129,0.0011012191611443995
337.0,0.0007672650055885835,0.000944761517404609,0.0007257562408891243,0.001045086392496812
337.0416666666667,0.0007122021125887683,0.00086614011562022,0.0006678024437784636,0.0009937640167227513
337.0833333333333,0.000666557240524535,0.0008215777902487302,0.0006222238115835727,0.0009448340662195647
337.125,0.0006337623066870602,0.0007877184940008875,0.0005864661425777404,0.0009176809325234517
337.1666666666667,0.000616187033289202,0.0007953972832713563,0.0005806469758358899,0.0009001745381798783
337.2083333333333,0.0006153192012236867,0.0007973604342390331,0.0005842375498665677,0.0009029072593658821
337.25,0.0006313492133535542,0.0008236795440366711,0.0006039031721352556,0.0009241118620819203
337.2916666666667,0.000662137866934135,0.000840475284454665,0.0006330819160034868,0.0009339592023586062
337.3333333333333,0.0007042202408084146,0.000865623477039573,0.0006655893851424573,0.000983597156100327
337.375,0.0007542662392470576,0.0008988540851412463,0.0007000639773020598,0.001028186163898251
337.4166666666667,0.0008097419276680552,0.000931478485966202,0.0007530446542406827,0.0010740579522782413
337.4583333333333,0.0008670487612927365,0.0009701453208833817,0.0007747757037916826,0.0011235386784391927
337.5,0.0009226042977938214,0.0010110885754010509,0.00078922525405754,0.0011775529371743202
337.5416666666667,0.0009727405134361601,0.0010643601704158636,0.0008623499370323325,0.0012281776308261303
337.5833333333333,0.0010148796358069715,0.001079761032368049,0.0009202932174496369,0.0012615330226330385
337.625,0.0010463002772069553,0.001123722067240339,0.0009623803999936571,0.0012936099512938519
337.6666666666667,0.0010654293254381561,0.0011387628567010443,0.0009760843535408813,0.0013125538552854988
337.7083333333333,0.001070950027307899,0.001164685204220877,0.0010037672799622966,0.0013259392103098515
337.75,0.0010623692346121703,0.0011589804828179826,0.0010008755314221047,0.0013261764936331533
337.7916666666667,0.0010385760114785506,0.001180371368461163,0.0009811896875541628,0.0013109622158546052
337.8333333333333,0.000999408234390732,0.001156975495561109,0.0009538360132221888,0.0012748472200374665
337.875,0.0009478554385395734,0.0011119999961565542,0.0009035359597869496,0.0012219611791687898
337.9166666666667,0.000889185023216405,0.0010698163904043264,0.0008592884760836098,0.0011659612979979545
337.9583333333333,0.000827533001818816,0.0010015427196035116,0.0007955345440682682,0.001101237807529955
338.0,0.0007672592751252906,0.0009448729645926671,0.0007240901640463509,0.0010375709990489296
338.0416666666667,0.00071216729557904,0.0008668606657382359,0.0006677676267687353,0.0009937291997130229
338.0833333333333,0.0006665885332126394,0.0008207187554495959,0.0006222551042716771,0.0009448653589076691
338.125,0.0006337684629018984,0.0007880225217163765,0.0005861929303503273,0.0009176870887382898
338.1666666666667,0.0006161620094009738,0.0007949856168556365,0.000581546455828006,0.00090014951429165
338.2083333333333,0.000615332816094467,0.0007981595009141989,0.0005839717962950968,0.0009029208742366623
338.25,0.0006313471408222567,0.000822693792657315,0.0006039010996039581,0.0009166001265660334
338.2916666666667,0.0006621273717274357,0.0008404873214688969,0.0006330714207967875,0.000933948707151907
338.3333333333333,0.0007042109299597125,0.000865776953592439,0.0006655800742937551,0.0009842874365725027
338.375,0.0007542624062127053,0.0008973397917280573,0.000699752495972113,0.0010281823308638989
338.4166666666667,0.0008097354422738061,0.0009294999919069664,0.0007530381688464336,0.0010708977182442058
338.4583333333333,0.000867041129072657,0.0009715547066191133,0.000773116550810283,0.0011235310462191133
338.5,0.0009225922007735674,0.0010106137842237806,0.000797603539969469,0.0011775408401540662
338.5416666666667,0.0009727280405592366,0.0010656820953250726,0.0008634502090160977,0.001228165157949207
338.5833333333333,0.0010148658776603884,0.0010794442156314265,0.0009119452932349014,0.0012591853506187564
338.625,0.0010462868550464555,0.001122744909339498,0.0009623669778331573,0.001293188211666037
338.6666666666667,0.0010654220789626453,0.0011374782522377087,0.0009760771070653705,0.0013096575188680025
338.7083333333333,0.0010709409191179949,0.0011634748061653594,0.0010037581717723925,0.0013253749260456606
338.75,0.0010623648907931535,0.0011601845888942978,0.001000871187603088,0.0013261721498141366
338.7916666666667,0.0010385773734130712,0.001184219744188409,0.0009823037943493722,0.0013109635777891258
338.8333333333333,0.0009994092005459344,0.001154917710576717,0.000953836979377391,0.0012716944375528825
338.875,0.0009478550942257134,0.001111581863253441,0.0009034417682273294,0.0012219608348549298
338.9166666666667,0.000889183492220532,0.001069506625307156,0.0008592869450877367,0.0011659597670020815
338.9583333333333,0.0008275312728414493,0.0010038921116870922,0.0007955328150909014,0.001101236078552588
339.0,0.0007672604870455797,0.0009462211599568916,0.00072409137596664,0.0010375722109692187
339.0416666666667,0.0007121683825163208,0.0008675345408521373,0.0006677687137060162,0.0009937302866503037
339.0833333333333,0.0006665808220895729,0.000820811306065906,0.0006222473931486106,0.0009448576477846027
339.125,0.0006337711704546836,0.0007879964068484697,0.0005834508700227336,0.000917689796291075
339.1666666666667,0.0006161632013251678,0.0007948796421588714,0.0005815476477522,0.0009001507062158441
339.2083333333333,0.0006153267757683594,0.000798633917071553,0.0005812209880886103,0.0009029148339105548
339.25,0.0006313399320954163,0.0008235025703994225,0.0006038938908771177,0.0009165929178391929
339.2916666666667,0.0006621172366461039,0.0008403808487395016,0.0006330612857154557,0.0009339385720705751
339.3333333333333,0.0007041878989881028,0.0008652741500536999,0.0006655570433221455,0.0009850421579847004
339.375,0.0007542635752202895,0.0008966749539922338,0.0006980933186002166,0.001028183499871483
339.4166666666667,0.0008096682013399135,0.0009297265857363593,0.000752970927912541,0.001070830477310313
339.4583333333333,0.0008671166194638914,0.0009724212806562324,0.0007731920412015174,0.0011236065366103478
339.5,0.0009224964681415047,0.0010103147368350118,0.0007997687611681336,0.0011774451075220035
339.5416666666667,0.0009727906496199463,0.0010532385769693885,0.0008635553735470159,0.0012282277670099167
339.5833333333333,0.0010148142690766106,0.0010784131089278282,0.0009118936846511235,0.0012591337420349786
339.625,0.0010462869694030186,0.001122058530390887,0.0009623670921897204,0.0012931883260226
339.6666666666667,0.0010654146613543792,0.0011369879404461998,0.0009760696894571043,0.0013150379511021868
339.7083333333333,0.001070928380927095,0.0011593742161541704,0.0010037456335814927,0.0013253623878547607
339.75,0.0010623931344811402,0.0011618040268641808,0.0010042149842582246,0.0013262003935021233
339.7916666666667,0.0010385863206431904,0.0011768674467523227,0.0009823127415794913,0.001310972525019245
339.8333333333333,0.000999435096231359,0.0011549135821057755,0.0009538628750628156,0.001271720333238307
339.875,0.0009478830786882838,0.0011121842471319165,0.000914654744815432,0.0012219888193175002
339.9166666666667,0.0008891525978674767,0.0010688490307364936,0.0008591065682164141,0.0011667066250328334
339.9583333333333,0.0008275721945190265,0.0010055838529649955,0.0007955737367684786,0.0011012770002301654
340.0,0.0007672381088733379,0.0009462529220234939,0.0007240689977943982,0.001037549832796977
340.0416666666667,0.0007121391834168408,0.0008684758198163179,0.0006677395146065362,0.0009937010875508238
340.0833333333333,0.0006666227041086689,0.0008207336480018875,0.0006222709565082888,0.0009459678128473993
340.125,0.0006337655736969601,0.0007880713086562383,0.0005843697771453544,0.0009176841995333515
340.1666666666667,0.000616150781803455,0.0007950960803202619,0.0005817052360270555,0.0009001382866941312
340.2083333333333,0.0006153357040867979,0.000800171652347679,0.0005823123661777883,0.0009029237622289933
340.25,0.0006313408302585941,0.0008230542778674779,0.0006038764703808776,0.0009165938160023707
340.2916666666667,0.0006621168735635116,0.0008408740342748031,0.0006330609226328634,0.0009346873987908429
340.3333333333333,0.0007041956443066876,0.0008646457680295418,0.0006655647886407302,0.0009850499033032852
340.375,0.0007542674244865651,0.000895664160376218,0.0006980971678664923,0.0010281873491377587
340.4166666666667,0.0008096822449907554,0.0009306490927922767,0.0007529849715633829,0.001070844520961155
340.4583333333333,0.0008670828101033184,0.000971955508406051,0.0007730087493226771,0.001123572727249775
340.5,0.0009225065177734191,0.0010080386821978147,0.0008118743382617183,0.001177455157153918
340.5416666666667,0.0009727804838546885,0.00104801468611859,0.0008635452077817581,0.0012282176012446589
340.5833333333333,0.0010147946500580019,0.0010786571242884966,0.0009129708228475527,0.0012587058055490547
340.625,0.0010463011966141936,0.0011216007392823135,0.0009623813194008954,0.001293202553233775
340.6666666666667,0.0010653895881903683,0.0011361135425892066,0.0009760446162930934,0.0013132075573089276
340.7083333333333,0.0010709395527355894,0.001157498852912544,0.001003756805389987,0.001323568239034007
340.75,0.0010623298542356855,0.0011614461966336128,0.0010050622393489078,0.0013261371132566686
340.7916666666667,0.0010385323955008575,0.0011779390001160925,0.0009822588164371585,0.0013109185998769121
340.8333333333333,0.0009993772129801932,0.0011542826341746613,0.0009538049918116499,0.0012716624499871413
340.875,0.0009478570111688574,0.0011133337295168276,0.000913917524667789,0.0012219627517980737
340.9166666666667,0.0008891619664532456,0.0010693148436959935,0.0008577495978079339,0.0011667159936186024
340.9583333333333,0.0008275592871559163,0.00100606317218583,0.0007955608294053684,0.0011012640928670552
341.0,0.0007672399492906167,0.0009462871124251305,0.000724070838211677,0.0010375516732142557
341.0416666666667,0.0007121468881441721,0.000868424929674756,0.0006677472193338675,0.000993708792278155
341.0833333333333,0.0006666177651708263,0.0008206472926966323,0.0006214373108701839,0.0009458289135204975
341.125,0.000633757468927544,0.0007883975698867376,0.0005837019816392212,0.0009175209342994695
341.1666666666667,0.0006161470465510888,0.0007944408725316057,0.0005817015007746893,0.0009030359144958604
341.2083333333333,0.000615339827866029,0.0007990193540551955,0.0005823164899570193,0.0009058292490623196
341.25,0.0006313324920016595,0.0008231264381760354,0.0006028170602061395,0.0009165854777454361
341.2916666666667,0.0006621182277755307,0.0008406290541642673,0.0006330622768448825,0.0009346887530028621
341.3333333333333,0.0007041997669253226,0.000865085899907214,0.0006655689112593652,0.0009842953784007056
341.375,0.0007542636600598952,0.0008949841804510637,0.00069805964714926,0.0010281835847110888
341.4166666666667,0.0008096772577315783,0.0009312069960757167,0.0007529799843042058,0.0010708395337019779
341.4583333333333,0.0008670649877219402,0.0009713627242312376,0.0007744837284921388,0.0011235549048683965
341.5,0.0009225029881351208,0.0010082616782222614,0.0008115564184168249,0.0011765200671966136
341.5416666666667,0.0009727524578138561,0.00104742659074789,0.0008635171817409256,0.0012282266114460039
341.5833333333333,0.0010147976715644711,0.0010783264538905117,0.000912973844354022,0.001258708827055524
341.625,0.0010462820074408602,0.0011212358263657345,0.0009623621302275619,0.001296372989885628
341.6666666666667,0.001065388952340346,0.0011360247249279831,0.000976043980443071,0.0013132069214589052
341.7083333333333,0.001070924236149621,0.0011558370994143986,0.0010037414888040186,0.0013267795845154026
341.75,0.0010623537523833217,0.0011655765441743783,0.001005086137496544,0.0013261610114043048
341.7916666666667,0.0010385394913362672,0.0011769463802837454,0.000983758713823408,0.0013109256957123218
341.8333333333333,0.0009993851911746614,0.0011538119346422267,0.000953812970006118,0.0012707388678626036
341.875,0.0009478537334840606,0.0011142386231768066,0.0009139142469829923,0.001221959474113277
341.9166666666667,0.0008891843626132716,0.001069877136746869,0.0008577719939679598,0.0011659797422574137
341.9583333333333,0.0008275284049862933,0.0010051914351016074,0.0007955299472357455,0.0011012332106974322
342.0,0.0007672537660457351,0.0009457728796456347,0.0007387539868714444,0.0010375654899693742
342.0416666666667,0.0007121618623772474,0.0008687083411223897,0.0006677621935669428,0.0009937237665112303
342.0833333333333,0.0006665878391591332,0.0008211176761867103,0.0006214073848584908,0.0009457989875088043
342.125,0.0006337656396932581,0.0007884057406524515,0.0005837101524049353,0.0009175291050651835
342.1666666666667,0.0006161579598342433,0.0007951336954210842,0.0005817124140578439,0.0009030468277790149
342.2083333333333,0.0006153300884252811,0.0007989105581878676,0.0005823067505162714,0.0009058195096215718
342.25,0.0006313433337428149,0.0008236738384600913,0.0006023905764281191,0.0009164411590221255
342.2916666666667,0.0006621216866326731,0.0008423124326000617,0.000633065735702025,0.0009329700474026752
342.3333333333333,0.0007042007798415161,0.0008649207598821587,0.0006655699241755588,0.000984296391316899
342.375,0.0007542466608815784,0.0008941367303436208,0.0006980426479709431,0.0010281665855327719
342.4166666666667,0.0008097099180618605,0.0009318427829461554,0.0007525061868185219,0.00107087219403226
342.4583333333333,0.0008670112707191687,0.000972190368706766,0.0007744300114893672,0.001123501187865625
342.5,0.0009225525311060347,0.0010067015231563776,0.0008116059613877388,0.0011765696101675278
342.5416666666667,0.000972687215197812,0.0010462590280960657,0.0008634519391248816,0.001225827454962261
342.5833333333333,0.0010148250920426303,0.0010804355390178657,0.0009130012648321811,0.0012671989800843752
342.625,0.0010462444039503955,0.0011190409521045414,0.0009623245267370973,0.0012963353863951633
342.6666666666667,0.001065387957771882,0.001135149790271992,0.0009760429858746072,0.0013132059268904414
342.7083333333333,0.0010709112235726033,0.0011511451594887158,0.001003728476227001,0.001324432658070686
342.75,0.001062347452804079,0.001169678760803553,0.0010050798379173012,0.0013346174443757538
342.7916666666667,0.0010385630130566696,0.001177239314424752,0.0009837822355438105,0.0013109492174327242
342.8333333333333,0.0009993992538739336,0.0011522976265565376,0.0009455112427306349,0.0012707529305618758
342.875,0.0009478485168869399,0.0011145322968291727,0.0009136154866369021,0.001221954257516156
342.9166666666667,0.0008891792099424662,0.0010706591421756398,0.0008577668412971545,0.0011655248744908975
342.9583333333333,0.0008275283309345677,0.0010054446957390465,0.0007959610297422142,0.0011012331366457065
343.0,0.0007672539894589585,0.0009468220961938512,0.0007387542102846678,0.0010375657133825976
343.0416666666667,0.0007121614028079617,0.000868707881553104,0.000667761733997657,0.0009937233069419447
343.0833333333333,0.0006665870741169405,0.0008216836201939598,0.0006204443407608392,0.0009457982224666117
343.125,0.0006337634424972208,0.0007890124630401422,0.0005837200171150712,0.0009175269078691462
343.1666666666667,0.000616156764139394,0.0007952315873113149,0.0005817112183629945,0.0009060788983984029
343.2083333333333,0.000615329890157372,0.0007984432610774544,0.0005823186141545355,0.0008983096483690735
343.25,0.000631345666166237,0.0008248143608764586,0.0006009706738754234,0.0009164434914455476
343.2916666666667,0.0006621248263645706,0.0008423991210239647,0.0006330688754339224,0.0009329731871345726
343.3333333333333,0.0007042029757911068,0.0008647833273261433,0.0006655721201251494,0.0009831987789896666
343.375,0.0007542411196012917,0.0008934039249466958,0.000712412894846336,0.0010292059806997328
343.4166666666667,0.0008097093482200724,0.0009302774302287953,0.0007504789598355177,0.001070871624190472
343.4583333333333,0.0008669965570263934,0.0009723039277854628,0.0007744152977965919,0.0011234864741728498
343.5,0.0009225502685735341,0.0010058519125227343,0.0008116036988552383,0.001176567347635027
343.5416666666667,0.000972676121846145,0.0010436786568874356,0.0008615322654084841,0.0012254080441432792
343.5833333333333,0.001014803601173758,0.0010794734032183795,0.0009129797739633089,0.001267177489215503
343.625,0.0010462431635123958,0.001114283209432633,0.0009623232862990976,0.0012963341459571636
343.6666666666667,0.0010653719971110086,0.0011362078666835886,0.0009760270252137337,0.0013163795920547543
343.7083333333333,0.0010709124273700188,0.0011396794866286599,0.0010037296800244164,0.0013240255444007863
343.75,0.0010623336740909163,0.001180250389503947,0.0010050660592041385,0.0013346036656625912
343.7916666666667,0.0010385588285444737,0.0011769740216042667,0.0009837780510316145,0.0013109450329205283
343.8333333333333,0.0009993919029015505,0.0011521025689601578,0.0009435953113935212,0.0012707455795894927
343.875,0.0009478401503798269,0.0011183493059535644,0.0009135691341281972,0.001222990827456291
343.9166666666667,0.000889188912715512,0.0010709521791982958,0.0008577765440702002,0.0011685292187468765
343.9583333333333,0.0008275056778449891,0.001006002205136204,0.0007959383766526356,0.001101210483556128
344.0,0.0007672597297526235,0.0009473527393410106,0.0007387599505783328,0.0010375714536762625
344.0416666666667,0.0007122031394401595,0.0008686587146192379,0.0006667162797459786,0.000986255380589553
344.0833333333333,0.0006665443975998313,0.0008226292872785803,0.00062040166424373,0.0009492720073024323
344.125,0.0006337523377801938,0.0007894197209403649,0.0005837089123980442,0.0009175158031521192
344.1666666666667,0.0006161918253114984,0.0007963412293032039,0.0005802734804246458,0.0009061139595705073
344.2083333333333,0.0006153182767124415,0.0007997033295532134,0.0005822778919321901,0.000898298034924143
344.25,0.0006313266518422167,0.000824939039468955,0.0006006722911091519,0.0009164244771215272
344.2916666666667,0.0006621208063797895,0.0008416063121672926,0.0006326901076504119,0.0009329691671497916
344.3333333333333,0.000704192799489131,0.0008633492616983396,0.0006655619438231736,0.0009831886026876908
344.375,0.0007542760126663901,0.0008931687469636626,0.0007124477879114344,0.0010292408737648314
344.4166666666667,0.000809616516657322,0.0009306273223214334,0.0007503861282727673,0.0010707787926277216
344.4583333333333,0.0008670945550405408,0.0009723812950173886,0.0007745132958107393,0.0011265791136699302
344.5,0.0009224406614744997,0.001005115794488272,0.0008114940917562037,0.0011764577405359927
344.5416666666667,0.0009727711810004051,0.001044173329003896,0.0008616273245627441,0.001225503103297539
344.5833333333333,0.0010147333475481423,0.0010905500488273443,0.0009143181059496199,0.0012671072355898872
344.625,0.001046283958825624,0.0011146474598455283,0.0009540154185378331,0.0012963749412703918
344.6666666666667,0.001065345034732971,0.0011341552142541808,0.000976000062835696,0.0013163526296767166
344.7083333333333,0.0010709262163947101,0.0011399513175855032,0.0009954093029809553,0.0013240393334254777
344.75,0.0010623250263964005,0.001188892615607742,0.0010064659971215496,0.0013345950179680754
344.7916666666667,0.0010385467733834291,0.001176614260004866,0.00098376599587057,0.0013109329777594837
344.8333333333333,0.0009993866794269658,0.001151119195710309,0.0009435900879189365,0.001270740356114908
344.875,0.0009478353763732821,0.0011212076795962596,0.0009135643601216524,0.001222986053449746
344.9166666666667,0.0008891530305942191,0.0010704208376018645,0.0008577406619489073,0.0011684933366255836
344.9583333333333,0.0008275590315802002,0.0010094216649135632,0.0007959917303878467,0.001101263837291339
345.0,0.0007672333686775465,0.0009471333260455928,0.0007387335895032558,0.0010375450926011856
345.0416666666667,0.0007121471767288584,0.0008694537940616611,0.0006666603170346776,0.000986199417878252
345.0833333333333,0.0006666169100965857,0.0008223862781512143,0.0006174500404178542,0.0009491044932638907
345.125,0.0006337473540797237,0.000791077110180074,0.0005838618745879692,0.0009175108194516491
345.1666666666667,0.0006161439017350849,0.0007959777841026702,0.0005802255568482323,0.0009060660359940938
345.2083333333333,0.0006153402071665616,0.0007997809882157149,0.0005822998223863102,0.000898319965378263
345.25,0.0006313345767860308,0.000825102877254778,0.000598690837413883,0.0009164324020653414
345.2916666666667,0.000662119483991017,0.0008412798170437314,0.0006326887852616394,0.0009357814916163613
345.3333333333333,0.0007041913542717146,0.0008625423239239189,0.0006655604986057572,0.0009831871574702744
345.375,0.0007542287461131932,0.0008922650218178819,0.0007124005213582375,0.0010291936072116344
345.4166666666667,0.0008097038913905957,0.0009313451839424735,0.000750473503006041,0.0010708661673609953
345.4583333333333,0.0008669777407377627,0.0009737370712487622,0.0007745461815544687,0.0011264622993671521
345.5,0.0009225451216803308,0.0009991163915337921,0.000811598551962035,0.0011765622007418237
345.5416666666667,0.0009726560986382377,0.0010448214137863418,0.0008615122422005767,0.0012304358180956184
345.5833333333333,0.0010147790838932504,0.0010907592163945535,0.000914363842294728,0.0012671529719349953
345.625,0.0010462424416831282,0.0011151403903269341,0.0009539739013953373,0.0012962186934882684
345.6666666666667,0.0010653313049563938,0.001126370959707885,0.0009759863330591189,0.0013163388999001394
345.7083333333333,0.0010709140996804384,0.0011405460366146615,0.0009953971862666836,0.001324027216711206
345.75,0.0010622970470426632,0.001185510021452962,0.0010064380177678123,0.0013345670386143383
345.7916666666667,0.001038538417686825,0.001176696558854576,0.000983757640173966,0.0013159724192231264
345.8333333333333,0.0009993932705639592,0.0011538748359541094,0.000943657692464555,0.0012707469472519014
345.875,0.0009478986898366084,0.0011220749859011852,0.000913777373631486,0.0012230493669130723
345.9166666666667,0.0008890841668327724,0.0010706009027408158,0.0008576717981874606,0.0011680460908289998
345.9583333333333,0.0008276433127074619,0.0010092467219012067,0.0007960760115151084,0.0011013481184186007
346.0,0.0007671200712276178,0.000946363713390539,0.0007386202920533271,0.0010374317951512568
346.0416666666667,0.0007122516394455075,0.0008683696364954329,0.0006667647797513266,0.0009830188021559478
346.0833333333333,0.0006665565545751942,0.0008232179848187629,0.000618314188776807,0.0009490441377424992
346.125,0.0006337304933868999,0.0007893285378625747,0.0005824982323964319,0.0009205272250730625
346.1666666666667,0.0006161721083889932,0.000796330361481449,0.0005802537635021406,0.0009060942426480021
346.2083333333333,0.0006153131360721466,0.0007996826226418871,0.0005808290609588569,0.0009013261605980853
346.25,0.0006313530349362964,0.0008251730290144423,0.0005997917453348881,0.000916450860215607
346.2916666666667,0.0006621376750254742,0.0008407571081230535,0.0006327069762960966,0.0009355596561155226
346.3333333333333,0.000704191151837915,0.0008615469126557795,0.0006655298737833835,0.000982808573001338
346.375,0.0007542218825991235,0.000891204282118863,0.0007123936578441678,0.0010291867436975648
346.4166666666667,0.0008096792032465833,0.0009307636807270595,0.0007504488148620286,0.0010708414792169828
346.4583333333333,0.000866997627380664,0.0009738927729393978,0.0007745660681973699,0.0011264821860100535
346.5,0.0009225134347996276,0.00099766927414817,0.0008115668650813317,0.0011765305138611206
346.5416666666667,0.0009726558044606728,0.0010443823477911068,0.000861572961431637,0.0012304355239180532
346.5833333333333,0.0010147970815542007,0.0010910557280941018,0.0009209880003840904,0.0012671709695959456
346.625,0.0010462073580463508,0.0011157162472093063,0.0009550355749735976,0.001296183609851491
346.6666666666667,0.001065358652105329,0.0011276091886376024,0.0009676650171335613,0.0013163662470490746
346.7083333333333,0.0010708879984828211,0.0011436680358125136,0.0009964256842054887,0.0013240011155135887
346.75,0.0010623360069401738,0.0011899042215335034,0.0010130976351000755,0.0013346059985118487
346.7916666666667,0.001038558069454022,0.0011771714045331638,0.0009837772919411628,0.0013159920709903232
346.8333333333333,0.000999386357009879,0.0011544381876474235,0.0009419992581491547,0.0012707400336978212
346.875,0.0009478318198005828,0.0011209045841918033,0.0009137105035954604,0.0012200585213221116
346.9166666666667,0.0008891885517210869,0.0010707767077603062,0.0008585609764141773,0.0011681504757173142
346.9583333333333,0.0008275066897775661,0.00100935022458514,0.0007959393885852126,0.0011019110868095829
347.0,0.0007672556314796552,0.0009473673664971632,0.0007387558523053645,0.0010375673554032943
347.0416666666667,0.0007121868909405376,0.0008685972073669079,0.0006667000312463566,0.0009829540536509778
347.0833333333333,0.0006665529324534223,0.0008230400909145648,0.0006183105666550351,0.0009429618953052244
347.125,0.000633757958807261,0.0007892970678878215,0.0005824287889824682,0.0009234560535475191
347.1666666666667,0.0006161746281538002,0.0007963351798501996,0.0005802562832669476,0.0008985870994282198
347.2083333333333,0.0006153124445227335,0.000799681931092474,0.0005808283694094438,0.0009013254690486722
347.25,0.0006313438842638889,0.000824387753274203,0.0005997825946624806,0.000919343072597295
347.2916666666667,0.000662127935253345,0.000840524725240599,0.0006326972365239674,0.0009355499163433933
347.3333333333333,0.0007042004861599823,0.0008613708394555701,0.0006655392081054508,0.000979628820928483
347.375,0.0007542291068596374,0.0008900395083622833,0.0007124008821046817,0.0010247264405882904
347.4166666666667,0.0008096893413267294,0.0009308086560433906,0.0007488074321808545,0.001070851617297129
347.4583333333333,0.0008669762649587188,0.0009742797960848789,0.0007768056596061521,0.0011264608235881084
347.5,0.0009225237110862077,0.0009968015264477383,0.0008115771413679118,0.0011765778263898782
347.5416666666667,0.0009726477448148412,0.001047523743772199,0.0008615649017858054,0.0012250829782346855
347.5833333333333,0.001014780824809884,0.001091167395715749,0.0009209717436397738,0.001267154712851629
347.625,0.0010462131922609776,0.001115595395590469,0.0009550414091882244,0.0012961894440661178
347.6666666666667,0.0010653484292288517,0.001128401697105029,0.0009676547942570841,0.0013163560241725974
347.7083333333333,0.0010708902409208635,0.0011460814295364754,0.000996427926643531,0.001324003357951631
347.75,0.0010623069388795824,0.0011926646272664688,0.0010130685670394842,0.001334613966693435
347.7916666666667,0.0010385582263498588,0.0011768678105789643,0.0009864797490844628,0.0013106477418486238
347.8333333333333,0.0009993726492978476,0.0011540320970695984,0.0009423565001852942,0.0012707263259857898
347.875,0.0009478579546592583,0.0011190440638054722,0.000913736638454136,0.0012169309075410006
347.9166666666667,0.0008891302084093469,0.0010711945317820337,0.0008581949848068428,0.0011680921324055743
347.9583333333333,0.0008275953305102304,0.0010089449319988946,0.0007960280293178769,0.0011019997275422471
348.0,0.0007671965950136263,0.0009469355424450794,0.0007386968158393356,0.0010376043109812966
348.0416666666667,0.0007121467733332464,0.0008678258940732185,0.0006666599136390656,0.0009829139360436865
348.0833333333333,0.00066663760611306,0.000824192067733443,0.0006183952403146729,0.0009430465689648622
348.125,0.000633736017347739,0.000788812660826583,0.0005824068475229462,0.0009234341120879971
348.1666666666667,0.0006161413894828289,0.0007979634896509967,0.0005802230445959763,0.0008956648000537547
348.2083333333333,0.0006153406674839846,0.0007995666398735709,0.0005808565923706949,0.0009013536920099232
348.25,0.0006313265916997762,0.0008243704607100904,0.0005997653020983678,0.0009193257800331822
348.2916666666667,0.0006620884070413772,0.0008392589218557044,0.0006326577083119996,0.0009369827712676057
348.3333333333333,0.0007041631454913871,0.0008610464104750872,0.0006651942191412612,0.0009795914802598878
348.375,0.0007542227780951073,0.0008885097607213379,0.0007123945533401516,0.0010215663631839738
348.4166666666667,0.0008096823534451612,0.0009301881404470111,0.0007488004442992863,0.0010708446294155607
348.4583333333333,0.0008669836396421611,0.0009740661873320413,0.0007777235696257323,0.0011264681982715505
348.5,0.0009225047484821921,0.0009954385891947652,0.0008115581787638961,0.0011742249499181643
348.5416666666667,0.0009726513444358559,0.0010490400754103158,0.0008615685014068201,0.0012250865778557002
348.5833333333333,0.001014782941642047,0.001091256643480976,0.0009220866053326255,0.001267156829683792
348.625,0.0010461934158483152,0.0011168026583203315,0.000955021632775562,0.0012961696676534553
348.6666666666667,0.0010653642733425013,0.0011296182257740754,0.0009687252375071561,0.001316371868286247
348.7083333333333,0.001070874769036311,0.001150896330185591,0.0009964124547589786,0.001329913636812896
348.75,0.0010623166480559349,0.0011950558616737443,0.0010141910210765253,0.001332289762002089
348.7916666666667,0.0010385270803766615,0.0011768657345076876,0.0009808819913976162,0.0013106165958754266
348.8333333333333,0.0009993986580813376,0.0011537553629597482,0.0009423825089687842,0.0012707523347692798
348.875,0.000947908211821359,0.0011192764044430845,0.0009138563867953463,0.0012169811647031012
348.9166666666667,0.000889071800594756,0.0010687494869429232,0.000858136576992252,0.0011680337245909835
348.9583333333333,0.0008276463589284577,0.001008452253842114,0.0007961751145258654,0.0011028285083442817
349.0,0.0007671145077117405,0.0009468470789652944,0.0007386147285374498,0.0010375222236794109
349.0416666666667,0.000712251897325505,0.000868711727393127,0.0006667650376313241,0.0009830190600359453
349.0833333333333,0.0006665540134682112,0.000823892214083078,0.0006183237095759973,0.0009429629763200133
349.125,0.0006337290515879276,0.0007893228188329276,0.0005823707729857198,0.0009159174833435964
349.1666666666667,0.0006161708930780161,0.0007984478043755775,0.0005802525481911635,0.000895694303648942
349.2083333333333,0.0006153113522093386,0.0008001789177706011,0.0005808272770960489,0.0008984353160317835
349.25,0.0006313480784640679,0.0008235262723111427,0.0005997988507688327,0.000919347266797474
349.2916666666667,0.0006621318947947437,0.0008388911131002669,0.000632701196065366,0.0009370262590209722
349.3333333333333,0.0007041818121052693,0.0008605419176735879,0.0006652128857551434,0.00097961014687377
349.375,0.0007542164468229104,0.0008888741439432187,0.0007123882220679547,0.001021560031911777
349.4166666666667,0.0008096614495113159,0.0009302214249664992,0.000748779540365441,0.0010708237254817153
349.4583333333333,0.0008669963641808605,0.000973661314058171,0.0007778057853435415,0.00112648092281025
349.5,0.0009224848370865424,0.0009936510439985337,0.0008115027421316522,0.0011742050385225144
349.5416666666667,0.0009726493307520418,0.0010488088137873674,0.0008555306870899542,0.001225084564171886
349.5833333333333,0.0010147752569381883,0.0010866400807801589,0.0009221214760989752,0.0012671491449799332
349.625,0.0010461847316714924,0.0011181549459788075,0.0009550129485987393,0.0013046237160273247
349.6666666666667,0.0010653518330374903,0.0011302028483636778,0.0009687127972021452,0.001316359427981236
349.7083333333333,0.0010708701250845586,0.0011541589879503799,0.0009964078108072262,0.0013324459746660183
349.75,0.0010623646832252382,0.0011833050046469124,0.0010142390562458286,0.001331929479704077
349.7916666666667,0.0010385827769462724,0.0011812401360122176,0.000980937687967227,0.0013106722924450375
349.8333333333333,0.0009994101216045314,0.0011524321786193126,0.000942393972491978,0.0012707637982924736
349.875,0.0009478189100095319,0.0011197333395077166,0.000913731559746925,0.0012168918628912742
349.9166666666667,0.0008891947338129103,0.0010676971459883209,0.0008566837340355043,0.0011681566578091377
349.9583333333333,0.0008274875021167756,0.0010078680088190322,0.0007960162577141833,0.0011026696515325997
350.0,0.0007672437645030503,0.0009471107864765143,0.0007387439853287596,0.0010376514804707206
350.0416666666667,0.0007122335245868695,0.0008700904564517681,0.0006667283462332709,0.0009830006872973097
350.0833333333333,0.0006665427043996753,0.0008237931182758483,0.0006183124005074614,0.0009429516672514775
350.125,0.0006337133619181507,0.0007909344734181445,0.0005823550833159429,0.0009159017936738195
350.1666666666667,0.000616194428779228,0.0007986016330488192,0.0005840176657084168,0.0008957178393501538
350.2083333333333,0.0006153276616986881,0.0008016107458159256,0.0005808435865853984,0.0008984516255211329
350.25,0.0006313299499055493,0.0008235081437526241,0.0005997516134328991,0.0009193291382389553
350.2916666666667,0.0006621284457437032,0.0008388209042118754,0.0006321888980620494,0.0009370228099699318
350.3333333333333,0.0007041989887578474,0.0008605422358345455,0.0006652300624077214,0.0009796273235263481
350.375,0.0007542360797802442,0.0008881622182561844,0.0007124078550252885,0.0010215796648691106
350.4166666666667,0.0008096298095119226,0.0009290212906316131,0.0007487609825317469,0.0010707920854823223
350.4583333333333,0.0008670276925534527,0.0009725947309862071,0.0007778371137161336,0.0011265122511828422
350.5,0.0009224365698007433,0.000990736968446876,0.0008113456339669405,0.0011737484537694002
350.5416666666667,0.0009726949079697364,0.0010484625578340285,0.0008555617673013084,0.001224938352257399
350.5833333333333,0.001014729616681325,0.0010830658159689365,0.0009220758358421118,0.0012671035047230699
350.625,0.0010462206502940702,0.0011276765113512693,0.0009564574528332439,0.0013046596346499024
350.6666666666667,0.001065333551961702,0.001132045513875463,0.0009686945161263568,0.0013163411469054476
350.7083333333333,0.0010708789446946744,0.0011736245063000553,0.0009978107190229285,0.0013324547942761339
350.75,0.0010623009283800503,0.0011832613431392296,0.0010141753014006407,0.001331865724858889
350.7916666666667,0.0010384945207440866,0.0011807251383753247,0.0009871139467434603,0.0013103922471106699
350.8333333333333,0.0009993545922907339,0.001151094575050133,0.0009438312447290204,0.001270708268978676
350.875,0.0009478491453000085,0.0011198353146162244,0.000913652954158489,0.0012169220981817508
350.9166666666667,0.000889163279402908,0.0010655016694458633,0.0008553071796765552,0.0011681252033991355
350.9583333333333,0.0008275341934187613,0.0010067962222068017,0.000796062949016169,0.0011026741879128976
351.0,0.0007672332289537112,0.0009472466984711915,0.0007387334497794205,0.0010376409449213814
351.0416666666667,0.0007121497764160195,0.0008705162487568714,0.0006658158913621586,0.0009829169391264597
351.0833333333333,0.000666603906131166,0.000823934818572831,0.0006181512370214107,0.0009430128689829682
351.125,0.0006337438402911554,0.0007912495883758684,0.0005823855616889478,0.0009159322720468242
351.1666666666667,0.0006161407023405948,0.0008029937471941478,0.0005839639392697836,0.0008948236475028817
351.2083333333333,0.0006153341599337091,0.0008021181416411822,0.0005808500848204194,0.000898458123756154
351.25,0.0006313262882565973,0.0008234886819982308,0.0005997479517839472,0.0009193254765900034
351.2916666666667,0.000662108413786494,0.0008387350877330931,0.000631340159404578,0.0009370027780127226
351.3333333333333,0.0007041864860092327,0.0008605874115295822,0.0006651838033685444,0.0009796148207777335
351.375,0.0007542295787607789,0.0008880804210301265,0.0007124013540058232,0.0010215731638496455
351.4166666666667,0.0008096717908022488,0.0009267456544625947,0.0007484384667784098,0.0010708340667726483
351.4583333333333,0.0008669728749411527,0.0009724645178436288,0.0007768354494891125,0.0011264574335705423
351.5,0.0009224954253602225,0.000989464848021683,0.0008114044895264197,0.0011738073093288794
351.5416666666667,0.000972634124383475,0.0010489582551158375,0.0008617654986934661,0.0012248775686711376
351.5833333333333,0.0010147705231973731,0.0010827033408528678,0.00092211674235816,0.001267144411239118
351.625,0.0010461849899613533,0.0011269860199698445,0.000956421792500527,0.0013046239743171855
351.6666666666667,0.0010653424605626604,0.001131842657710156,0.0009687034247273153,0.0013246980574174705
351.7083333333333,0.001070867797096161,0.0011727475424151404,0.0009977995714244151,0.001332328916037993
351.75,0.001062326836325018,0.0011832410927185336,0.0010142012093456085,0.0013318916328038568
351.7916666666667,0.0010385503928908271,0.0011808925592810317,0.0009871698188902009,0.0013104481192574105
351.8333333333333,0.0009993776309442078,0.0011505478008015384,0.0009438542833824943,0.00127073130763215
351.875,0.0009478251023141067,0.001119238924940041,0.0009136289111725872,0.001216898055195849
351.9166666666667,0.0008891832908865735,0.001064521077131805,0.0008545142138443806,0.001168145214882801
351.9583333333333,0.0008275026433933462,0.0010052071099385521,0.000796031398990754,0.0011027641946594227
352.0,0.000767252361679002,0.0009486760016637675,0.0007387525825047113,0.0010376600776466722
352.0416666666667,0.0007121820845172775,0.0008705485568581293,0.0006658481994634166,0.0009829492472277178
352.0833333333333,0.0006665497708466612,0.0008243724057547524,0.0006176597762177302,0.0009458368395482346
352.125,0.0006337559492658302,0.0007917351254870916,0.0005861392524796639,0.000915944381021499
352.1666666666667,0.0006161700726832166,0.0008046723346061063,0.0005839933096124055,0.0008948530178455035
352.2083333333333,0.0006153090903983434,0.0008022371549816324,0.0005845665971010951,0.0008984330542207883
352.25,0.0006313430600950095,0.0008236486003105087,0.0005997647236223594,0.0009223755147426527
352.2916666666667,0.0006621280035449376,0.0008392425685025088,0.0006313597491630214,0.0009370223677711661
352.3333333333333,0.0007041923185047223,0.000860231834427591,0.000665189635864034,0.0009796206532732231
352.375,0.0007542337457298585,0.0008873352197176795,0.0007118990631589367,0.001021577330818725
352.4166666666667,0.0008096262154690668,0.0009254424149508011,0.0007504684412293773,0.0010707884914394664
352.4583333333333,0.0008670235257221186,0.0009728278555777276,0.0007760731229542382,0.001126508084351508
352.5,0.000922429702237303,0.0009887434124899144,0.0008113387664035002,0.00117374158620596
352.5416666666667,0.0009726882744064785,0.0010488004120258751,0.0008618196487164696,0.0012249317186941414
352.5833333333333,0.0010147227285532687,0.0010831734324754862,0.0009220689477140556,0.0012670966165950137
352.625,0.00104621385354141,0.0011281471002680004,0.000963071313515336,0.0013046528378972422
352.6666666666667,0.0010653274181905564,0.0011429295071887096,0.0009686883823552113,0.0013246830150453665
352.7083333333333,0.0010708733259904386,0.0011741309725374484,0.0010044257577534453,0.0013323344449322708
352.75,0.0010622982390702587,0.0011825910665427515,0.0010141726120908492,0.0013318630355490975
352.7916666666667,0.0010384922468731478,0.001180015368760508,0.0009871116728725215,0.0013103899732397311
352.8333333333333,0.000999352340471392,0.0011504089206029835,0.0009438289929096785,0.0012707060171593342
352.875,0.0009478464438527433,0.0011170921966387186,0.0009129583817903932,0.0012169193967344857
352.9166666666667,0.0008891623467345886,0.0010621338877561206,0.0008518804881854264,0.001168124270730816
352.9583333333333,0.0008275310756602337,0.0010048094486282228,0.0007960598312576414,0.0011023429118305992
353.0,0.000767232473788306,0.0009485016301082206,0.0007387326946140153,0.0010376401897559762
353.0416666666667,0.0007121481294209403,0.0008705146017617923,0.0006658142443670794,0.0009829152921313805
353.0833333333333,0.0006666017778266135,0.0008240393121414414,0.0006162680928646441,0.0009458888465281868
353.125,0.0006337431790283609,0.0007948932113187456,0.0005861264822421946,0.0009151346531799864
353.1666666666667,0.0006161391677971911,0.00080564629346027,0.00058396240472638,0.0009031118163661426
353.2083333333333,0.0006153325248392275,0.0008066779972239445,0.0005845900315419793,0.0008976595310576291
353.25,0.0006313247300757043,0.0008237985740458177,0.0005983027032700159,0.0009223571847233475
353.2916666666667,0.0006621072444333667,0.0008393645938712764,0.0006306792993147334,0.0009368464481951292
353.3333333333333,0.0007041851169167667,0.0008591949923166754,0.000664888890527109,0.0009796134516852674
353.375,0.0007542279063048925,0.0008866468646578709,0.0007040838915751814,0.001021571491393759
353.4166666666667,0.0008096675044575352,0.0009248512609875094,0.0007505097302178457,0.0010708297804279347
353.4583333333333,0.0008669693199799826,0.0009680567023661497,0.0007727617419607869,0.0011264538786093722
353.5,0.0009224899121613932,0.0009889826020359112,0.0008112135632227259,0.00117380179613005
353.5416666666667,0.0009726287208607079,0.0010479322987147605,0.0008593104480212714,0.0012248721651483708
353.5833333333333,0.0010147649577064881,0.0010828595844296015,0.000922111176867275,0.001267138845748233
353.625,0.0010461793139422465,0.001128831369125918,0.0009621367316952388,0.0013046182982980787
353.6666666666667,0.0010653381696481227,0.0011485184238895605,0.0009701077194247044,0.0013246937665029328
353.7083333333333,0.0010708632194988733,0.0011778819468401354,0.00100441565126188,0.0013323243384407053
353.75,0.0010623225414704417,0.0011816359131465058,0.0010141969144910321,0.0013318873379492805
353.7916666666667,0.001038547698698084,0.0011751267554398544,0.0009871671246974578,0.0013104454250646674
353.8333333333333,0.0009993750925897883,0.0011509546243186454,0.0009414020978786472,0.0012707287692777305
353.875,0.0009478265047449973,0.0011163634330673138,0.0009051291105238579,0.0012168994576267397
353.9166666666667,0.0008891639149506052,0.0010601142759507007,0.0008515885126524736,0.0011691707753940803
353.9583333333333,0.0008275288505971073,0.0010032292270573486,0.000796057606194515,0.0011023406867674728
354.0,0.0007672438268802172,0.0009492455532759405,0.0007387440477059265,0.0010415201075483617
354.0416666666667,0.0007121429021534125,0.0008705773638475321,0.0006648467380440927,0.0009829100648638528
354.0833333333333,0.0006665869600105015,0.0008248799717855513,0.0006162532750485322,0.0009458740287120748
354.125,0.000633759118446714,0.000797376138878457,0.0005861424216605477,0.0009151070847937439
354.1666666666667,0.0006161452170918031,0.0008067357908526306,0.000583968454020992,0.000908503854569514
354.2083333333333,0.0006153216311168371,0.0008077029863680222,0.0005845791378195889,0.000902927234664255
354.25,0.0006313449672284716,0.000823818811198585,0.0005983229404227832,0.0009223774218761148
354.2916666666667,0.0006621242656638563,0.0008389859555289523,0.0006292740855691053,0.000936863469425619
354.3333333333333,0.0007041929693098648,0.0008599219058488662,0.000664896742920207,0.0009806662405256131
354.375,0.0007542245345297961,0.0008865172149772815,0.0007040805198000851,0.0010215681196186627
354.4166666666667,0.0008096451001013364,0.0009239220745180096,0.0007504873258616469,0.0010708073760717358
354.4583333333333,0.0008669918825271041,0.0009676735332142683,0.0007727843045079085,0.0011264764411564937
354.5,0.0009224554421850059,0.0009895546375603976,0.0008111790932463387,0.001173767326153663
354.5416666666667,0.0009726596811040552,0.0010483811763625848,0.0008593414082646186,0.001223971565072712
354.5833333333333,0.0010147406043802926,0.0010817797762760195,0.0009220868235410795,0.0012671144924220376
354.625,0.0010461965441066667,0.0011294107333575682,0.0009632667067203479,0.001304635528462499
354.6666666666667,0.0010653378862608514,0.0011490618817118102,0.000970107436037433,0.0013246934831156617
354.7083333333333,0.001070854440925216,0.0011805121396348177,0.0010055196175489114,0.0013323155598670483
354.75,0.0010623199558801493,0.0011826899837889435,0.0010141943289007397,0.001331884752358988
354.7916666666667,0.0010385160126018137,0.0011744329535959823,0.0009871354386011874,0.0013094821786493911
354.8333333333333,0.0009993667814021893,0.0011511941322775998,0.0009341536990683458,0.0012707204580901315
354.875,0.0009478355021148696,0.0011170243039478544,0.0009051381078937302,0.0012169084549966118
354.9166666666667,0.0008891717808765351,0.0010620574872190556,0.0008525599343775357,0.0011691786413200102
354.9583333333333,0.000827514913271116,0.0010031488866837856,0.0007960436688685237,0.0011023267494414816
355.0,0.0007672443699804693,0.0009492154190668671,0.0007387445908061786,0.0010415206506486138
355.0416666666667,0.0007121554159285874,0.0008705898776227069,0.0006645798833770163,0.0009839908616827283
355.0833333333333,0.0006665687204232936,0.0008250910137649084,0.0006162350354613242,0.0009458557891248669
355.125,0.0006337591319602307,0.000798586088902615,0.0005861424351740644,0.0009209552466310467
355.1666666666667,0.0006161517183270404,0.0008070530248163918,0.0005784434496149991,0.0009085103558047513
355.2083333333333,0.0006153158773974006,0.0008086800848484241,0.0005845733841001523,0.0009086065418939659
355.25,0.0006313280961039748,0.0008237367956505561,0.0005983060692982865,0.0009194714900481242
355.2916666666667,0.000662097938629046,0.0008389421769128397,0.0006289683900920437,0.0009368371423908085
355.3333333333333,0.0007041591245447014,0.0008604994011481941,0.0006648628981550436,0.0009806323957604497
355.375,0.0007542199941923804,0.0008865747097259968,0.0007040759794626694,0.0010249569526541336
355.4166666666667,0.0008096156739158751,0.0009230175700891088,0.0007504578996761856,0.0010707779498862746
355.4583333333333,0.0008670381277466255,0.000967105787440185,0.0007737941055265621,0.001126522686376015
355.5,0.0009224142915677472,0.000990945966605607,0.00081113794262908,0.0011737261755364041
355.5416666666667,0.0009726927434423894,0.0010477401317274236,0.000856592657338521,0.0012240046274110464
355.5833333333333,0.001014718744358985,0.0010813280846342353,0.0009211649212988381,0.0012721404295609764
355.625,0.0010461952464294914,0.0011306586043873968,0.0009633079645133809,0.0013046342307853236
355.6666666666667,0.0010653309524952176,0.0011518120274195698,0.0009767211597065519,0.001324686549350028
355.7083333333333,0.0010708625511337041,0.0011852074574009459,0.0010055277277573995,0.0013323236700755361
355.75,0.0010623586291276738,0.0011840649472480234,0.0010142330021482642,0.001336971222766759
355.7916666666667,0.0010385560496091234,0.0011741702060524264,0.000987175475608497,0.0013095222156567009
355.8333333333333,0.000999387039066202,0.0011511927278762438,0.0009362998246861224,0.0012707407157541441
355.875,0.0009478128107026785,0.001117962409986379,0.0009051154164815391,0.0012168857635844208
355.9166666666667,0.0008891913492160861,0.0010625218812048089,0.0008534073416603001,0.0011691982096595612
355.9583333333333,0.0008274840731575711,0.001004727145344276,0.000787409578231675,0.0011019175272927997
356.0,0.0007672396990221258,0.0009490959275876899,0.0007387399198478351,0.001042215571011148
356.0416666666667,0.0007122195354275628,0.0008706539971216823,0.0006618992349956128,0.0009840549811817036
356.0833333333333,0.0006665349078327005,0.0008252507986432531,0.0006162012228707311,0.0009458219765342738
356.125,0.0006337186160054868,0.0007994010504080929,0.0005861019192193205,0.0009209147306763028
356.1666666666667,0.0006161889834294383,0.0008069923492270136,0.000578480714717397,0.0009085476209071492
356.2083333333333,0.0006153200851871703,0.0008081012220616953,0.0005790460862486919,0.0009086746334588829
356.25,0.0006313127008374238,0.0008234219238494244,0.0005982906740317354,0.0009194560947815731
356.2916666666667,0.0006621130581326319,0.0008385660344172923,0.0006290311044527334,0.0009364738798592576
356.3333333333333,0.0007041759167139087,0.0008604598855697177,0.0006648796903242509,0.0009806491879296572
356.375,0.0007542128788968823,0.0008861453615454201,0.0007040688641671713,0.0010249498373586356
356.4166666666667,0.0008096221755095643,0.000922644554749457,0.000741861150746571,0.0010707844514799638
356.4583333333333,0.0008670337102284563,0.000967350210416916,0.0007737896880083928,0.0011265553051000234
356.5,0.0009224171508953675,0.0009919949339579446,0.0008111408019567003,0.0011737290348640245
356.5416666666667,0.0009726794803876336,0.0010467916188838374,0.0008565793942837651,0.0012239913643562906
356.5833333333333,0.0010147258377118573,0.001081160899941895,0.0009211720146517105,0.0012721475229138489
356.625,0.0010461833526059486,0.0011211723205795331,0.0009632960706898381,0.0013046223369617808
356.6666666666667,0.001065336467070472,0.0011527108423921865,0.0009767266742818062,0.0013246920639252823
356.7083333333333,0.0010708532552671044,0.0011740726150425475,0.0010055184318907998,0.0013323143742089366
356.75,0.0010623306594353054,0.0011839898676928437,0.0010142050324558958,0.0013369432530743906
356.7916666666667,0.0010385189554082618,0.0011739720989111275,0.0009871383814076355,0.001309522157698017
356.8333333333333,0.0009993584676908436,0.0011505399898568093,0.0009362712533107641,0.0012707121443787858
356.875,0.0009478311909910879,0.0011180953499228092,0.0009051337967699484,0.00121690414387283
356.9166666666667,0.0008891722447199347,0.0010616371100121177,0.0008572150753119918,0.0011691791051634099
356.9583333333333,0.000827513480242815,0.0010047519526480528,0.0007874085629283447,0.0011019469343780436
357.0,0.0007672379759699132,0.0009490942045354772,0.0007387381967956225,0.0010422138479589354
357.0416666666667,0.0007121506521180247,0.0008705851138121442,0.000662754855566419,0.0009838521374831064
357.0833333333333,0.0006665836853199643,0.000825911310835669,0.00061640794624839,0.0009458707540215376
357.125,0.0006337484208424744,0.0008003058119013623,0.0005861317240563081,0.0009209445355132904
357.1666666666667,0.0006161386123615391,0.0008071490993102708,0.0005784303436494978,0.00090849724983925
357.2083333333333,0.0006153242146542774,0.0008089803081850842,0.0005790502157157991,0.0009086787629259901
357.25,0.0006313115940030171,0.0008235364831421641,0.0005982895671973287,0.0009194549879471665
357.2916666666667,0.0006620933746203703,0.0008386830155441392,0.0006298579075751384,0.0009364541963469958
357.3333333333333,0.0007041707400235275,0.0008589501057500997,0.0006643607045288694,0.0009813893230814557
357.375,0.0007542325202122104,0.0008859571344502014,0.0007040885054824993,0.0010249694786739637
357.4166666666667,0.0008096245003699815,0.0009235569298587395,0.0007418634756069881,0.001070786776340381
357.4583333333333,0.0008670203206491664,0.0009664294086171015,0.0007784072534164856,0.001124208001653035
357.5,0.0009224259360811366,0.0009920631376584515,0.000811135090136129,0.0011737378200497935
357.5416666666667,0.0009726989073959719,0.0010466346673674363,0.0008565988212921034,0.0012240107913646288
357.5833333333333,0.0010147047167772245,0.0010831044266136386,0.0009211508937170777,0.0012721264019792161
357.625,0.0010462237487781172,0.001121008957472831,0.0009633364668620067,0.0013046627331339494
357.6666666666667,0.001065312081391688,0.001155414551503267,0.000977815033463711,0.0013246676782464983
357.7083333333333,0.0010708813689442479,0.0011753546401665877,0.0010055465455679432,0.0013323424878860799
357.75,0.0010623095909717759,0.0011845737626160469,0.001014169466986026,0.001336922184610861
357.7916666666667,0.0010385121679109223,0.0011746582053279993,0.000987131593910296,0.0013071814563329787
357.8333333333333,0.000999359056778908,0.0011521147188282644,0.0009385327962295558,0.0012707127334668502
357.875,0.0009478226778834696,0.001118224443496441,0.0009051252836623302,0.001216895630765212
357.9166666666667,0.0008891866976194261,0.001062095050125418,0.0008572295282114833,0.001166269582507966
357.9583333333333,0.0008274931418382623,0.0010043848646426358,0.000787388224523792,0.0011019265959734909
358.0,0.0007672348230192375,0.0009478779507855761,0.0007376478529610705,0.001042988447392067
358.0416666666667,0.0007121958601364945,0.0008703594775518971,0.0006628000635848888,0.0009838973455015762
358.0833333333333,0.0006665396704756526,0.0008261174597330455,0.0006163639314040783,0.0009458267391772259
358.125,0.0006337480194871859,0.0007999749437970455,0.0005861313227010196,0.0009209441341580019
358.1666666666667,0.0006161689085816093,0.0008077801943042536,0.000578460639869568,0.0009085275460593202
358.2083333333333,0.0006153058426319406,0.0008087907449558062,0.0005790318436934622,0.0009086603909036532
358.25,0.0006313299619824756,0.000824054061193954,0.0005983079351767872,0.0009195146963937187
358.2916666666667,0.0006621212744440346,0.0008385075426566659,0.0006295897068232394,0.0009364820961706601
358.3333333333333,0.0007041866854089545,0.0008584062967645523,0.0006645157112205673,0.0009780420023400259
358.375,0.0007542250064949819,0.0008866041933980948,0.0007024294710039507,0.0010249619649567352
358.4166666666667,0.000809636602106904,0.0009235748914804961,0.0007445778775913738,0.0010707988780773036
358.4583333333333,0.0008670036210361818,0.0009652728380663576,0.0007783905538035009,0.0011241913020400502
358.5,0.0009224481848142457,0.0009928486332893166,0.0008111573388692381,0.0011737600687829026
358.5416666666667,0.0009726733439071644,0.0010453951019187588,0.0008677582499288282,0.0012239852278758214
358.5833333333333,0.0010147321338075399,0.0010839888857866013,0.000921178310747393,0.001266809332971995
358.625,0.0010461982723861047,0.0011185230672236075,0.0009633109904699942,0.001304637256741937
358.6666666666667,0.0010653317346888277,0.00114987524023797,0.0009778346867608506,0.0013246873315436378
358.7083333333333,0.001070861866102516,0.00117460067198616,0.0010055270427262114,0.001332322985044348
358.75,0.0010623411317064702,0.0011849355169024117,0.0010142010077207203,0.0013316092393080192
358.7916666666667,0.0010385406681468895,0.0011729494314832915,0.0009871600941462632,0.001307209956568946
358.8333333333333,0.0009993832813133732,0.0011526514978043713,0.0009506525482256913,0.0012707369580013154
358.875,0.0009478116709124727,0.0011186207716545897,0.0009051142766913333,0.001216884623794215
358.9166666666667,0.0008891871424405641,0.0010610678189364542,0.0008572299730326212,0.001166270027329104
358.9583333333333,0.0008274826771476001,0.0010042372494172658,0.0007870701115375353,0.0011019161312828287
359.0,0.0007672388592197274,0.0009478559175468604,0.0007376518891615604,0.001042992483592557
359.0416666666667,0.0007122184142505757,0.0008703820316659784,0.0006628226176989701,0.0009839198996156573
359.0833333333333,0.0006665324860377119,0.0008257743119871244,0.000620098328782179,0.0009487209177933807
359.125,0.0006337130535265251,0.0008000626315867027,0.0005860963567403588,0.0009209091681973411
359.1666666666667,0.000616188971383745,0.0008079454830439217,0.0005784807026717036,0.0009085476088614558
359.2083333333333,0.0006153201805545637,0.0008084652036388642,0.0005790461816160854,0.0009086747288262764
359.25,0.0006313189014054218,0.0008236457740305209,0.0006010620073415707,0.000919503635816665
359.2916666666667,0.0006621249121331984,0.0008374617276495992,0.0006297512904027983,0.0009364857338598241
359.3333333333333,0.000704195019761841,0.0008571185982609948,0.0006645240455734539,0.0009738834030881273
359.375,0.0007542093282319295,0.0008865885151350424,0.0007024137927408982,0.0010249462866936828
359.4166666666667,0.0008096621947517309,0.0009223497775503087,0.0007450726591556029,0.0010708244707221303
359.4583333333333,0.00086696137118803,0.0009653350762654974,0.0007783483039553492,0.0011237407347245835
359.5,0.0009225011678707455,0.0009934628400781853,0.0008112103219257378,0.0011738130518394025
359.5416666666667,0.0009726172142634095,0.0010446602168212237,0.0008677021202850733,0.0012239290982320665
359.5833333333333,0.0010147573100792067,0.00108431927662709,0.0009132591060212776,0.0012668345092436619
359.625,0.0010461910939116436,0.00111691358288177,0.0009633038119955331,0.0013046300782674758
359.6666666666667,0.001065314675501944,0.0011460933493283507,0.000977817627573967,0.0013246702723567544
359.7083333333333,0.0010708762046213792,0.0011745185612179602,0.0010055413812450746,0.0013323373235632112
359.75,0.0010623349701014064,0.0011857093580796617,0.0010081590454826047,0.0013316030777029554
359.7916666666667,0.0010385816513276906,0.0011722869979282626,0.0009852924969623337,0.0013068426222824319
359.8333333333333,0.0009994208453604542,0.001154136897414496,0.0009500127159351181,0.0012707745220483964
359.875,0.0009478478902653553,0.0011190524672236935,0.0009055214457923868,0.0012169208431470975
359.9166666666667,0.0008891515595241096,0.0010598522111527591,0.0008571943901161667,0.001163080695772863
359.9583333333333,0.0008275221989095718,0.0010043669612682328,0.0007854492869200264,0.0011019556530448003
360.0,0.0007672515731756923,0.0009470998796811986,0.0007376646031175253,0.0010429630426268342
360.0416666666667,0.0007121324150339205,0.0008705945780213783,0.0006627486803884881,0.0009838339003990022
360.0833333333333,0.0006665604224302229,0.0008285960009113533,0.0006201262651746901,0.0009479518965818484
360.125,0.0006337637889327777,0.0008005072144149286,0.0005861470921466114,0.0009262820087372057
360.1666666666667,0.0006161719552645789,0.0008082066239022684,0.0005784636865525376,0.0009085305927422898
360.2083333333333,0.0006153063634395258,0.0008092900928844182,0.0005790323645010474,0.0009086609117112385
360.25,0.0006313368240391652,0.0008283151533867817,0.000601079929975314,0.000918724600846365
360.2916666666667,0.0006621249599846051,0.0008371258121930255,0.0006297634001603781,0.000939387144765326
360.3333333333333,0.0007041942113162197,0.000856160492416526,0.0006645232371278325,0.000973882594642506
360.375,0.0007542139948900555,0.0008864095062555454,0.0007024184593990243,0.0010249509533518087
360.4166666666667,0.0008096791567929353,0.0009218062366663374,0.0007450896211968073,0.0010708414327633348
360.4583333333333,0.00086694858745591,0.0009648703616652156,0.0007783355202232291,0.0011237279509924633
360.5,0.0009225042063216918,0.0009935770200746152,0.0008112133603766842,0.0011738160902903488
360.5416666666667,0.0009726286793800185,0.0010442332751416225,0.0008664991529741535,0.0012239405633486754
360.5833333333333,0.0010147498759576763,0.0010817135343716593,0.0009132516718997472,0.0012668270751221315
360.625,0.0010461987306853962,0.0011143197909930227,0.0009633114487692857,0.0013046377150412285
360.6666666666667,0.0010653159027811559,0.00114434930877114,0.0009778188548531788,0.0013246714996359662
360.7083333333333,0.001070877956043318,0.0011739085119634222,0.0010055431326670135,0.0013323390749851501
360.75,0.0010623333346793766,0.0011874456796778163,0.0010081574100605749,0.0013316014422809256
360.7916666666667,0.0010385532860826135,0.0011719654587661185,0.0009852641317172567,0.0013068142570373548
360.8333333333333,0.0009993894186904157,0.0011546601888387288,0.0009499812892650797,0.001270743095378358
360.875,0.0009478096375022379,0.0011182224729331693,0.0009054831930292694,0.0012168825903839803
360.9166666666667,0.0008891786955935932,0.001059783871898911,0.0008572215261856503,0.0011631078318423466
360.9583333333333,0.0008274844940991912,0.0010040830033916245,0.0007854115821096458,0.0011019179482344198
361.0,0.0007672384615709702,0.0009466583891682956,0.0007376514915128032,0.001042949931022112
361.0416666666667,0.000712197109491637,0.0008706592724790948,0.0006628133748462046,0.0009838985948567188
361.0833333333333,0.0006665351527326892,0.0008308260821786709,0.0006201009954771564,0.0009478831190797191
361.125,0.0006337324549695116,0.0008008280577411343,0.0005861157581833453,0.0009262506747739396
361.1666666666667,0.0006161811665364297,0.0008078717221855361,0.0005784728978243883,0.0009085398040141405
361.2083333333333,0.0006153069059331096,0.0008098762341657295,0.0005790329069946313,0.0009086614542048223
361.25,0.0006313313560544876,0.000828802018177259,0.0006010744619906364,0.0009239977301907039
361.2916666666667,0.000662130075119156,0.0008370428192938963,0.0006297685152949291,0.000939392259899877
361.3333333333333,0.0007041976113429704,0.0008560112036822408,0.0006645266371545832,0.0009738859946692566
361.375,0.0007542237793584939,0.0008865974858317822,0.0007024282438674626,0.001024960737820247
361.4166666666667,0.0008096466479424337,0.0009209147635338064,0.0007433967659668251,0.0010708089239128333
361.4583333333333,0.0008669935051423364,0.0009650664717799659,0.0007783804379096555,0.0011237728686788898
361.5,0.0009224646854720509,0.00099546653481293,0.0008111738395270433,0.0011737765694407078
361.5416666666667,0.0009726613600784254,0.0010441344239463446,0.0008665318336725604,0.0012239732440470824
361.5833333333333,0.0010147511526348726,0.0010816680846959096,0.0009132529485769435,0.0012666365626671462
361.625,0.0010461974133350656,0.001109993363706921,0.0009621358048516841,0.0013046363976908979
361.6666666666667,0.0010653415959699852,0.0011433759580106433,0.000977844548042008,0.0013246971928247953
361.7083333333333,0.001070869444549287,0.0011720149473819143,0.0010055346211729824,0.0013323305634911193
361.75,0.0010623076084109824,0.0011918536122319183,0.0010081316837921806,0.0013313839268803496
361.7916666666667,0.001038523367395598,0.0011748326584237949,0.0009852342130302412,0.0013067843383503394
361.8333333333333,0.0009993804792341589,0.001154548013742381,0.0009499723498088228,0.0012707341559221011
361.875,0.0009478650155056818,0.0011179111216922536,0.0009053890885144459,0.001216937968387424
361.9166666666667,0.0008891008193201745,0.0010605987594109532,0.0008571436499122317,0.001163029955568928
361.9583333333333,0.0008275875620095379,0.001004186071301971,0.0007855146500199925,0.0011020210161447664
362.0,0.0007671536478564007,0.0009467412205259714,0.0007375666777982337,0.0010429866740794826
362.0416666666667,0.0007121914177056818,0.0008704100517751654,0.0006628076830602494,0.0009874093644236933
362.0833333333333,0.000666589639698065,0.0008314024672048707,0.0006201263736651172,0.0009566748150723749
362.125,0.0006336865665448711,0.0008004459160262627,0.0005860698697587048,0.0009262047863492991
362.1666666666667,0.000616171807086421,0.0008078623627355275,0.0005785024367719346,0.0009085304445641319
362.2083333333333,0.0006152981065274378,0.0008099121702393147,0.0005790241075889595,0.0009086526547991505
362.25,0.0006313142421730703,0.0008294969135669729,0.0006010573481092192,0.0009278069685246981
362.2916666666667,0.000662107636498343,0.0008370204025596073,0.0006297123203835536,0.0009378262612177094
362.3333333333333,0.0007041793782243274,0.0008561931631050552,0.0006645084040359402,0.0009738677615506137
362.375,0.0007542125405029885,0.0008858573396886634,0.0007024170050119572,0.0010249494989647417
362.4166666666667,0.0008096687677282286,0.0009202059413669691,0.00074341888575262,0.001070831043698628
362.4583333333333,0.0008669726880315594,0.0009645564106943356,0.0007783596207988785,0.0011237520515681126
362.5,0.0009224983317009493,0.0009960923987458077,0.0008112077032841817,0.0011738102156696063
362.5416666666667,0.0009726395188273962,0.00104380496149546,0.0008665099924215311,0.001223951402796053
362.5833333333333,0.001014770860543119,0.0010807839410900586,0.0009195981848722343,0.0012666562705753927
362.625,0.0010461850771818564,0.0011086700060097996,0.0009622243674205844,0.0013046240615376887
362.6666666666667,0.001065346530077006,0.0011404398438247792,0.0009778494821490289,0.0013247021269318163
362.7083333333333,0.0010708650020772785,0.0011720934374822372,0.0010055301787009739,0.0013323261210191105
362.75,0.0010623215013409008,0.0011923379715420928,0.0010144100917005182,0.001331397819810268
362.7916666666667,0.0010385530212942888,0.0011729941618063074,0.000985324880337557,0.00130681399224903
362.8333333333333,0.0009993961613077758,0.0011571465422165485,0.0009501377319289471,0.001270749837995718
362.875,0.0009478698814616115,0.0011172907288016013,0.0009040276154761266,0.0012169428343433539
362.9166666666667,0.0008890829650086138,0.0010608430546793109,0.000857125795600671,0.0011630121012573672
362.9583333333333,0.0008276039390783992,0.0010033582345410617,0.0007854972707982915,0.0011020373932136278
363.0,0.000767135501871023,0.0009456373650632815,0.000737548531812856,0.001042518812998394
363.0416666666667,0.0007122079744695851,0.0008708309182288335,0.0006628242398241526,0.0009871858946523006
363.0833333333333,0.0006665856675596671,0.0008318594492054872,0.0006201224015267193,0.0009566708429339769
363.125,0.0006336873466422087,0.0008005887273051729,0.0005805391442148123,0.0009262055664466367
363.1666666666667,0.0006161756132868573,0.0008084586959545265,0.000578506242972371,0.0009085342507645682
363.2083333333333,0.0006152978643187777,0.000809655001324734,0.0005790238653802993,0.0009086524125904903
363.25,0.0006313136120035962,0.0008295620377966692,0.0006010567179397451,0.0009278702221303714
363.2916666666667,0.0006621062122233597,0.0008375419381662689,0.0006297108961085704,0.0009408581032569632
363.3333333333333,0.0007041782548890245,0.0008561240707635814,0.0006645072807006373,0.0009738666382153107
363.375,0.0007542131549544768,0.0008849589588910573,0.0007039104210142855,0.00102495011341623
363.4166666666667,0.0008096701572081733,0.0009199485503675034,0.0007434202752325648,0.0010708324331785727
363.4583333333333,0.0008669775877513585,0.0009648096721635346,0.0007783645205186777,0.0011237569512879118
363.5,0.0009224972231042606,0.000996255546339869,0.0008112065946874931,0.0011738091070729176
363.5416666666667,0.0009726454419927531,0.0010432491828767684,0.0008665159155868881,0.0012239573259614101
363.5833333333333,0.001014773183367253,0.0010765156927851278,0.0009184261811290971,0.0012666585933995267
363.625,0.001046189071630413,0.0011076718853657804,0.0009622283618691411,0.0013096758531464918
363.6666666666667,0.0010653547552687075,0.001135340969081109,0.0009778577073407304,0.0013247103521235176
363.7083333333333,0.0010708641878720824,0.0011724928671725278,0.0010055293644957778,0.001337373103974161
363.75,0.0010623082474820582,0.0011920886825986833,0.0010143968378416755,0.0013313845659514256
363.7916666666667,0.00103850836086979,0.0011725919761012783,0.0009852802199130583,0.0013067693318245313
363.8333333333333,0.0009993735525212289,0.0011564804938968632,0.0009501151231424002,0.001270727229209171
363.875,0.0009478849375164385,0.0011174857494804266,0.0009040426715309535,0.0012169578903981808
363.9166666666667,0.0008890658254274497,0.0010607952171132167,0.0008571086560195068,0.0011629949616762032
363.9583333333333,0.000827627197580276,0.0010036719270894888,0.0007855205293001682,0.0011021566437595357
364.0,0.0007671097899358256,0.0009453451349363969,0.0007375228198776586,0.0010424931010631967
364.0416666666667,0.0007122363972590104,0.0008700658536105015,0.0006615058811148645,0.0009902475837559631
364.0833333333333,0.0006665404741070983,0.0008318710351835039,0.0006200772080741505,0.0009566256494814081
364.125,0.0006337197013275176,0.0008006210819904817,0.000580610397297676,0.0009262379211319456
364.1666666666667,0.0006161567140353551,0.0008082686054960832,0.0005779054142501822,0.000908515351513066
364.2083333333333,0.0006153032556492336,0.000809355416362247,0.0005784862256376236,0.0009086578039209463
364.25,0.0006313344048345783,0.0008287243788692917,0.0005960888948696153,0.0009278910149613535
364.2916666666667,0.0006621181009039185,0.0008361149706808588,0.0006293579872776809,0.000940869991937522
364.3333333333333,0.0007041848612352655,0.0008559956035778366,0.0006645138870468783,0.0009767821599869833
364.375,0.0007542107613003406,0.0008849565652369212,0.0007039080273601492,0.0010250437118061251
364.4166666666667,0.0008096847046475745,0.0009200450339535126,0.000743434822671966,0.001070846980617974
364.4583333333333,0.0008669642998901457,0.0009658639848717299,0.0007783512326574648,0.001123743663426699
364.5,0.0009225147724035786,0.000996583129554288,0.0008112241439868111,0.0011738266563722356
364.5416666666667,0.0009726446360603777,0.0010429973761395788,0.0008665151096545127,0.0012239565200290346
364.5833333333333,0.0010147660553061681,0.0010753369078328717,0.0009185199517901217,0.0012666514653384418
364.625,0.0010462127377356956,0.001107685385927699,0.0009622520279744236,0.0013096995192517743
364.6666666666667,0.0010653238327215301,0.0011335908184621963,0.0009779276835156627,0.0013246794295763403
364.7083333333333,0.001070886570573181,0.0011723118871751835,0.0010055517471968763,0.0013373954866752595
364.75,0.0010623189445368496,0.0011919422612307906,0.001014407534896467,0.001331395263006217
364.7916666666667,0.0010385362676542764,0.0011721215241461858,0.0009853081266975447,0.0013067972386090177
364.8333333333333,0.000999374560462058,0.0011592494493031821,0.0009501161310832293,0.0012707282371500002
364.875,0.0009478159171860364,0.0011174544714472922,0.0009039736512005515,0.0012168888700677786
364.9166666666667,0.0008891788572395031,0.0010607207260971106,0.0008572216878315603,0.0011631079934882565
364.9583333333333,0.0008274837478153173,0.0010012871576754758,0.0007853770795352096,0.001102013193994577
365.0,0.0007672137884192159,0.0009060725974626858,0.0007597864996797648,0.0010246362745223465
