Control,Perturbado,Estrés (100×W),t_d
0.004999999999999999,0.005000000000000001,0.005,0.0
0.0049726681830782205,0.004972661717860558,0.004972661733437926,0.041666666666666664
0.004954260766333981,0.00495425683985372,0.00495425689079924,0.08333333333333333
0.004941934647843072,0.004941932843441014,0.004941932636159263,0.125
0.004933821724601066,0.00493382081668925,0.004933819402093799,0.16666666666666666
0.004928686306684882,0.004928686494401848,0.0049286800745792095,0.20833333333333334
0.004925699389745699,0.004925699041364781,0.004925682134322494,0.25
0.004924347201882685,0.004924346961346288,0.004924311234435985,0.2916666666666667
0.004924335265418247,0.004924335099053002,0.004924264353505075,0.3333333333333333
0.004925269345700452,0.0049252692261263905,0.004925138145622346,0.375
0.004926802198812041,0.004926802109607488,0.004926572490037799,0.4166666666666667
0.004928662642603224,0.0049286625786244065,0.004928278946195852,0.4583333333333333
0.004930635483357146,0.0049306354261338895,0.004930020569585986,0.5
0.004932543609730607,0.004932543584275182,0.004931594989102964,0.5416666666666666
0.004934239281925059,0.004934239318173467,0.0049328277771457955,0.5833333333333334
0.004935601756655402,0.004935601790253613,0.004933573493306449,0.625
0.004936536459384366,0.0049365364661562005,0.0049337199900080266,0.6666666666666666
0.004936965722609687,0.004936965726322439,0.004933183260735798,0.7083333333333334
0.004936776809823785,0.004936776809556501,0.0049318601201912724,0.75
0.004935803049884313,0.004935803003001928,0.0049296120016902,0.7916666666666666
0.0049342349024595975,0.00493423485765963,0.004926674640952145,0.8333333333333334
0.004932299406032714,0.004932299377533816,0.004923333737316672,0.875
0.0049301661755546435,0.00493016623678859,0.004919823026748327,0.9166666666666666
0.004927976966852275,0.004927976955317147,0.004916344389205344,0.9583333333333334
0.004925858839591164,0.004925858837005358,0.004913073466033904,1.0
0.004923928940916551,0.004923928855059586,0.004910157347065965,1.0416666666666667
0.004922292550943647,0.004922292533261707,0.004907709686590985,1.0833333333333333
0.0049210391252212625,0.0049210390388374275,0.004905806425488923,1.125
0.00492023679140102,0.004920236856496176,0.004904483042256734,1.1666666666666667
0.004919927622566935,0.004919927824160568,0.004903734178937206,1.2083333333333333
0.0049201241875490576,0.0049201242998928845,0.004903515494311629,1.25
0.004920869377984683,0.004920869499799653,0.004903808435418415,1.2916666666666667
0.004922230477604048,0.004922230584021761,0.004904619208142052,1.3333333333333333
0.004924062179634215,0.004924062265793249,0.004905747166288634,1.375
0.004926182659704571,0.004926182724977131,0.004906961887020134,1.4166666666666667
0.004928428765844297,0.004928428803410442,0.004908060021027472,1.4583333333333333
0.004930654963449952,0.004930654983483171,0.004908866909861536,1.5
0.004932728988946393,0.004932728996174686,0.004909235442054094,1.5416666666666667
0.004934531678834636,0.004934531674074131,0.004909049340443868,1.5833333333333333
0.004935960064854148,0.004935959847833246,0.0049082292622284794,1.625
0.00493693080537146,0.004936930536277688,0.004906739029413761,1.6666666666666667
0.0049373741581058405,0.0049373739142960175,0.004904578947817808,1.7083333333333333
0.0049371875149689945,0.004937187299409796,0.004901738124117598,1.75
0.004936221706104277,0.004936221469377002,0.004898176741206612,1.7916666666666667
0.004934668509221695,0.004934668325173509,0.004894202632797473,1.8333333333333333
0.004932751678232898,0.004932751581156478,0.0048901521050127746,1.875
0.004930638695868214,0.00493063862863408,0.004886288422273057,1.9166666666666667
0.004928469906218002,0.004928469843283114,0.004882819109046722,1.9583333333333333
0.004926371647106541,0.004926371604349195,0.004879901843300687,2.0
0.004924460341636236,0.004924460266010831,0.004877644966430517,2.0416666666666665
0.004922840798927349,0.004922840653101871,0.00487610729853542,2.0833333333333335
0.004921602000780667,0.004921601807095886,0.004875299126143266,2.125
0.004920811706171767,0.004920811546900596,0.004875185163504027,2.1666666666666665
0.004920511587926234,0.00492051173225356,0.004875690130462254,2.2083333333333335
0.004920713878248147,0.004920713875660381,0.00487670560409488,2.25
0.004921458699480887,0.004921458724120606,0.004878156114779391,2.2916666666666665
0.004922809072844497,0.0049228091057013715,0.00488000207547867,2.3333333333333335
0.004924625432865692,0.004924625457985946,0.004882022682330451,2.375
0.004926730989862525,0.004926730996957429,0.004883980856645134,2.4166666666666665
0.004928964655508633,0.0049289646503032376,0.004885675961924521,2.4583333333333335
0.00493118109991956,0.00493118108449509,0.004886945908027415,2.5
0.004933246911638075,0.004933246913864649,0.004887663933283348,2.5416666666666665
0.004935041121790184,0.004935041117764703,0.004887740599459578,2.5833333333333335
0.004936458978698364,0.004936458957829111,0.0048871278860734,2.625
0.0049374155407101395,0.004937415524178007,0.0048858221731604215,2.6666666666666665
0.0049378408147363615,0.004937840828941202,0.004883857030041163,2.7083333333333335
0.0049376368813855345,0.004937636936959332,0.0048812561994964485,2.75
0.004936668114346688,0.0049366681848482885,0.004878017940892953,2.7916666666666665
0.004935124463212168,0.0049351244899014145,0.004874464722245461,2.8333333333333335
0.004933223804368202,0.004933223813528282,0.004870936099757521,2.875
0.0049311301479828444,0.004931130275922173,0.004867693549048933,2.9166666666666665
0.0049289819776231775,0.004928982003152764,0.004864936402851092,2.9583333333333335
0.004926904128416298,0.004926904149275898,0.004862808870292699,3.0
0.004925012270635569,0.004925012275986282,0.004861401554873884,3.0416666666666665
0.004923410476423429,0.0049234105147199485,0.004860752339958798,3.0833333333333335
0.004922187081768259,0.004922187050608135,0.004860848964319476,3.125
0.0049214093356263,0.004921409281720058,0.004861633734473744,3.1666666666666665
0.004921118636398186,0.004921118427712098,0.0048630107051799085,3.2083333333333335
0.004921327017128722,0.004921326706257899,0.004864852947899645,3.25
0.0049220713738576454,0.004922071164959707,0.00486706674061897,3.2916666666666665
0.004923410213929159,0.004923410074431054,0.004869599008796747,3.3333333333333335
0.004925209400670484,0.004925209293999003,0.004872230056863443,3.375
0.00492729715577612,0.00492729706421408,0.004874728151275678,3.4166666666666665
0.004929514913651114,0.004929514832330046,0.004876899886830788,3.4583333333333335
0.004931717626992373,0.004931717548192147,0.00487859112574218,3.5
0.004933771234377247,0.004933771150489852,0.004879684832353283,3.5416666666666665
0.004935553386200428,0.004935553327615813,0.004880101945947401,3.5833333333333335
0.00493695779817044,0.004936957769836867,0.004879804874721727,3.625
0.004937898369331071,0.004937898354417999,0.0048788001809159775,3.6666666666666665
0.004938305214739801,0.004938305226084392,0.004877131467190447,3.7083333333333335
0.004938085519149164,0.004938085524149966,0.004874834869354342,3.75
0.004937116725876719,0.004937116885649129,0.004871926913297978,3.7916666666666665
0.004935586041570786,0.004935586096287937,0.00486872923373143,3.8333333333333335
0.00493370491924325,0.004933704953283073,0.00486557499209726,3.875
0.00493163374056809,0.004931633768939721,0.004862719261546756,3.9166666666666665
0.004929508525037484,0.004929508595342336,0.004860355443267178,3.9583333333333335
0.004927453337885917,0.004927453306117003,0.00485862193158845,4.0
0.00492558267077945,0.004925582631161684,0.004857603333373799,4.041666666666667
0.004923999988329461,0.004923999964137179,0.004857332131111478,4.083333333333333
0.0049227931310241385,0.0049227930754184015,0.00485779086238155,4.125
0.004922028847044991,0.004922028665884706,0.004858918362399849,4.166666666666667
0.004921748145961079,0.004921747834930385,0.004860614826017802,4.208333333333333
0.004921962930656805,0.004921962689276435,0.00486275285988922,4.25
0.004922706854405026,0.004922706696070287,0.004865234755953674,4.291666666666667
0.004924033542296945,0.004924033434246353,0.004868003732905393,4.333333333333333
0.004925813876499468,0.004925813798486287,0.004870847118430993,4.375
0.004927881227723701,0.004927881169346461,0.004873541229849222,4.416666666666667
0.004930079635275295,0.004930079579107431,0.004875898680727962,4.458333333333333
0.004932264812018541,0.004932264762008194,0.004877769718403917,4.5
0.00493430226876601,0.004934302214097141,0.004879040614642813,4.541666666666667
0.00493606877991769,0.004936068584893653,0.004879634651134938,4.583333333333333
0.004937456921570615,0.0049374563717239734,0.004879515518315022,4.625
0.004938379901485677,0.0049383795307230815,0.004878690360906852,4.666666666666667
0.0049387683470799235,0.004938768122249597,0.004877203333040811,4.708333333333333
0.004938534668677728,0.004938534569540741,0.004875094849305248,4.75
0.00493756908578956,0.004937569178318179,0.004872391360249619,4.791666666666667
0.004936054537345404,0.0049360546438258325,0.004869406890840861,4.833333333333333
0.004934195991138769,0.0049341960906407,0.004866464065037498,4.875
0.004932149746415541,0.004932149972104319,0.004863810150599419,4.916666666666667
0.004930050091072589,0.0049300501875910235,0.004861632773868088,4.958333333333333
0.004928019323760518,0.004928019625897655,0.00486006637816586,5.0
0.004926171395127846,0.004926171508395203,0.004859193079550172,5.041666666666667
0.0049246091112697295,0.004924609124395784,0.004859044583883325,5.083333333333333
0.004923419767276638,0.004923419623561985,0.0048596046078967425,5.125
0.00492266969520652,0.004922669582863822,0.004860813160412925,5.166666666666667
0.004922399522233089,0.004922399431522899,0.004862574352820406,5.208333333333333
0.004922620943418161,0.004922620799806928,0.004864764170983148,5.25
0.004923364494488515,0.004923364396551847,0.004867287608870893,5.291666666666667
0.004924678508108826,0.004924678434421245,0.0048700866753919846,5.333333333333333
0.004926438609008983,0.0049264385509487744,0.004872957600593255,5.375
0.004928483219281728,0.004928483169813149,0.004875685300281386,5.416666666666667
0.004930659153298796,0.004930659106536399,0.004878088026131056,5.458333333333333
0.004932823201501868,0.00493282316041192,0.00488001910457785,5.5
0.004934840872934987,0.004934840835955429,0.004881365629578269,5.541666666666667
0.004936588463255884,0.004936588415877561,0.004882050093171467,5.583333333333333
0.004937957802642614,0.004937957810697117,0.004882034561885182,5.625
0.004938861856312866,0.004938861901130224,0.004881323235377191,5.666666666666667
0.0049392321951126405,0.004939232264788959,0.004879957735861902,5.708333333333333
0.004938986461181431,0.004938986555860224,0.004877978871046985,5.75
0.004938026807076701,0.004938026870386612,0.004875419405608112,5.791666666666667
0.004936531356203805,0.004936531418139142,0.004872583205060992,5.833333333333333
0.004934698026787621,0.004934698075551157,0.004869780336491732,5.875
0.004932679255880662,0.004932679323976934,0.004867249274304516,5.916666666666667
0.004930606849546611,0.0049306068778862695,0.004865171908090698,5.958333333333333
0.004928602178907665,0.004928602186402261,0.0048636792517511235,6.0
0.004926778284251003,0.004926778291240021,0.004862852596956145,6.041666666666667
0.004925237469546677,0.0049252373786129325,0.004862724453975783,6.083333333333333
0.004924066470871091,0.004924066284614974,0.0048632811860329994,6.125
0.004923331195256355,0.004923331076811184,0.004864467157053099,6.166666666666667
0.0049230719434904995,0.004923071859488186,0.004866192044293512,6.208333333333333
0.00492330025306416,0.004923300178105485,0.004868338002505766,6.25
0.004924043410435131,0.004924043356168358,0.004870813490257987,6.291666666666667
0.004925344347305756,0.004925344307565417,0.004873561107637769,6.333333333333333
0.0049270831113038885,0.00492708307251605,0.004876386331073372,6.375
0.004929102998700358,0.004929102955621188,0.004879082671028474,6.416666666666667
0.004931253782130835,0.004931253732067423,0.004881473857339282,6.458333333333333
0.0049333935460173185,0.004933393500757209,0.00488341578122817,6.5
0.0049353882104867216,0.00493538816671987,0.004884795888303207,6.541666666666667
0.004937113887761968,0.004937113844237311,0.004885535102401296,6.583333333333333
0.004938462384596809,0.004938462237925114,0.004885592550097244,6.625
0.004939346675947548,0.004939346587245093,0.004884968588875845,6.666666666666667
0.004939699441933378,0.004939699386257785,0.004883700926413865,6.708333333333333
0.004939443534240363,0.0049394435276891935,0.004881829639296885,6.75
0.004938492259268064,0.004938492266887836,0.004879391979885594,6.791666666666667
0.00493701841519837,0.004937018342636265,0.004876680072634976,6.833333333333333
0.004935212416964941,0.004935212342293376,0.004873990351157294,6.875
0.004933222782851401,0.004933222755547764,0.004871552313080603,6.916666666666667
0.004931179141399553,0.004931179126647792,0.004869541979083602,6.958333333333333
0.004929201740785815,0.004929201726242662,0.004868087450901719,7.0
0.004927402944386996,0.004927403157661036,0.0048672693753069865,7.041666666666667
0.004925884381298085,0.0049258844718489195,0.004867121935400467,7.083333333333333
0.004924732374925645,0.004924732356079915,0.004867635016248628,7.125
0.004924012337211352,0.004924012309934009,0.00486875852444334,7.166666666666667
0.004923764340663184,0.004923764289701054,0.00487040854300211,7.208333333333333
0.004923999601323002,0.004923999439413117,0.0048724740317656395,7.25
0.004924742402678901,0.004924742269352269,0.004874867548891543,7.291666666666667
0.004926030018279466,0.004926029917901901,0.004877532611100464,7.333333333333333
0.004927746633142099,0.004927746557255297,0.0048802841669465195,7.375
0.004929740296095481,0.004929740230664775,0.004882924056755376,7.416666666666667
0.004931863736466003,0.0049318636823967475,0.004885281385720177,7.458333333333333
0.0049339766822048955,0.004933976629367049,0.004887214634639274,7.5
0.0049359456874732525,0.004935945346739165,0.004888611336755818,7.541666666666667
0.004937647164774276,0.004937646938306148,0.004889390797572675,7.583333333333333
0.004938973099440222,0.004938973042745051,0.004889508896280875,7.625
0.0049398369614821695,0.004939836930872839,0.00488896210764298,7.666666666666667
0.0049401727893551226,0.00494017277421099,0.004887783848145902,7.708333333333333
0.004939908517164839,0.004939908501008769,0.004886012846724207,7.75
0.004938967518372998,0.004938967559890179,0.004883689403162552,7.791666666666667
0.004937516980539318,0.004937516958553805,0.00488109293598753,7.833333333333333
0.004935739847513495,0.004935739821032475,0.00487850630567374,7.875
0.004933780592577776,0.00493378061694322,0.0048761495934650425,7.916666666666667
0.004931766828624289,0.004931766858222194,0.004874193278573557,7.958333333333333
0.004929817609030662,0.004929817555002994,0.004872762358289179,8.0
0.00492804455057992,0.0049280444330932925,0.00487193731436986,8.041666666666666
0.004926548815553633,0.0049265486284401265,0.004871754504065306,8.083333333333334
0.004925416259498665,0.004925416099495488,0.004872207891107504,8.125
0.004924711871971799,0.004924711774233681,0.004873253390010603,8.166666666666666
0.0049244752663373656,0.004924475208099215,0.004874813343463594,8.208333333333334
0.004924717541610099,0.004924717460513749,0.004876784053682674,8.25
0.004925459850015,0.004925459802706949,0.0048790825912456235,8.291666666666666
0.004926734068780617,0.004926734039870927,0.004881653560094308,8.333333333333334
0.004928428022468385,0.0049284279993887055,0.00488432064584532,8.375
0.0049303944235907955,0.00493039439952715,0.004886894195788504,8.416666666666666
0.0049324889712709,0.0049324889423877725,0.004889208552579538,8.458333333333334
0.004934573159828746,0.004934573128466084,0.004891124826353319,8.5
0.004936514477708799,0.00493651412185927,0.004892530646000284,8.541666666666666
0.004938190048679553,0.004938189881370125,0.0048933438995498405,8.583333333333334
0.004939492377157232,0.004939492317447573,0.004893517588217544,8.625
0.004940335507546931,0.0049403355206016,0.004893043880981244,8.666666666666666
0.004940655054696921,0.004940655088833585,0.0048919516570167425,8.708333333333334
0.00494038381996843,0.004940383873574205,0.004890278113535347,8.75
0.004939454782476296,0.004939454787721291,0.004888065829362239,8.791666666666666
0.004938028623030052,0.004938028633871823,0.004885580971520888,8.833333333333334
0.004936281253387703,0.004936281249694049,0.004883092771749009,8.875
0.004934353130785587,0.004934353130213877,0.004880812113224629,8.916666666666666
0.004932369728921756,0.004932369739943224,0.004878903680860222,8.958333333333334
0.004930449149126462,0.0049304490940169235,0.004877490296711609,9.0
0.004928702294100717,0.0049287022376222215,0.004876651850942221,9.041666666666666
0.004927229804900094,0.004927229639267471,0.004876427244674532,9.083333333333334
0.0049261169361063655,0.004926117064072563,0.0048768146228167514,9.125
0.004925428255515301,0.004925428399847024,0.004877775572265641,9.166666666666666
0.004925203081019927,0.0049252032574009464,0.004879239353608995,9.208333333333334
0.004925452255778955,0.004925452352705105,0.004881110248245591,9.25
0.004926194083165518,0.0049261941084002,0.004883308941316806,9.291666666666666
0.004927454881870763,0.004927454886912265,0.004885781600624246,9.333333333333334
0.004929126018851375,0.004929126007753798,0.004888360496295978,9.375
0.004931064529805746,0.0049310645051291865,0.004890863949603334,9.416666666666666
0.004933129170917671,0.004933129136200836,0.004893131539137343,9.458333333333334
0.0049351832976005,0.004935183263757425,0.004895026884853537,9.5
0.00493709563362527,0.004937095651542642,0.004896438220210789,9.541666666666666
0.004938744100699134,0.004938743223644916,0.0048972815834169275,9.583333333333334
0.004940022062495618,0.004940021539261954,0.004897507614176781,9.625
0.004940844485811401,0.0049408441593906905,0.004897104280132118,9.666666666666666
0.004941148562353698,0.004941148346432116,0.00489609634738548,9.708333333333334
0.0049408717077524325,0.004940871551059872,0.004894518742633176,9.75
0.004939955455313409,0.004939955351252191,0.004892415473760611,9.791666666666666
0.00493855432876169,0.004938554223783978,0.004890039518026864,9.833333333333334
0.004936836906728048,0.004936836868961153,0.0048876464748617765,9.875
0.004934939997067281,0.004934939956967602,0.00488543810642122,9.916666666666666
0.0049329871294475,0.004932987104599375,0.0048835738788134365,9.958333333333334
0.004931095261238291,0.004931095250627797,0.00488217374542714,10.0
0.0049293746994106815,0.004929374673160898,0.00488131825849701,10.041666666666666
0.004927925504371313,0.004927925480826988,0.004881048332618375,10.083333333333334
0.004926832429308732,0.004926832505484783,0.004881366652499395,10.125
0.004926159560197274,0.0049261596259359015,0.0048822406132357134,10.166666666666666
0.00492594573385326,0.004925945740051591,0.004883606302125121,10.208333333333334
0.004926201839753924,0.004926201582335155,0.004885375464564315,10.25
0.004926942960416359,0.004926942799904303,0.004887473207428566,10.291666666666666
0.004928190458104425,0.004928190360150881,0.0048898469489005066,10.333333333333334
0.004929838811557179,0.004929838745679358,0.004892337040146194,10.375
0.0049317492424439295,0.004931749197652919,0.004894769456283929,10.416666666666666
0.0049337835107136786,0.004933783475443137,0.004896988861743935,10.458333333333334
0.004935806855669804,0.0049358068193394175,0.00489886132945277,10.5
0.004937689429446184,0.004937689475629065,0.004900275576164563,10.541666666666666
0.004939310214052697,0.004939309552419867,0.004901146976135247,10.583333333333334
0.004940563527668548,0.004940563127404837,0.004901422716286722,10.625
0.004941365459486561,0.004941365207387409,0.004901087457758714,10.666666666666666
0.004941654742303,0.004941654592966462,0.004900161628433548,10.708333333333334
0.004941373147725872,0.004941373088702469,0.004898677892493916,10.75
0.004940470100608069,0.004940470141212647,0.004896680937914136,10.791666666666666
0.004939094034531705,0.004939094031311301,0.004894410605107707,10.833333333333334
0.0049374064122728115,0.00493740641821968,0.004892109147175022,10.875
0.004935540410747297,0.004935540425432395,0.004889969669338397,10.916666666666666
0.004933617775852746,0.004933617806498654,0.004888146372673203,10.958333333333334
0.00493175449680652,0.004931754430109885,0.004886756802643603,11.0
0.004930060089725662,0.004930060024033625,0.004885881899411852,11.041666666666666
0.004928634120928044,0.004928634005980586,0.004885565085429477,11.083333333333334
0.00492756076512741,0.004927560645446281,0.004885813428137512,11.125
0.004926903615445218,0.004926903792512919,0.004886599778522116,11.166666666666666
0.004926701092596785,0.004926701241610188,0.004887867478973448,11.208333333333334
0.004926963701375797,0.00492696364467494,0.004889535085412312,11.25
0.004927704095099872,0.004927704063548861,0.004891532583773095,11.291666666666666
0.0049289385127824,0.004928938501088843,0.004893808383605948,11.333333333333334
0.004930564375016393,0.0049305643616448175,0.004896210594347332,11.375
0.0049324468979883495,0.004932446881147096,0.0048985724931415245,11.416666666666666
0.004934450731864071,0.004934450708333593,0.004900743548761782,11.458333333333334
0.004936443115764513,0.004936443082665288,0.004902592420388957,11.5
0.004938295673194645,0.004938295626140192,0.004904008289278116,11.541666666666666
0.004939888589245318,0.004939888580872692,0.004904905257329388,11.583333333333334
0.0049411173231429595,0.004941117334936554,0.004905228806894399,11.625
0.004941898999079195,0.0049418990649342815,0.0049049593997974655,11.666666666666666
0.004942174119066379,0.004942174204273684,0.004904113301245655,11.708333333333334
0.0049418885184683604,0.0049418886149689275,0.0049027207497984735,11.75
0.004940998811724971,0.004940998917050656,0.00490082662195872,11.791666666666666
0.004939647260649083,0.0049396472937524106,0.004898657920165853,11.833333333333334
0.004937988774767162,0.004937988802901157,0.004896443940403372,11.875
0.004936153055240614,0.004936153097830719,0.00489436956458288,11.916666666666666
0.004934260150759028,0.004934260182737936,0.00489258402703461,11.958333333333334
0.004932424991241733,0.004932424989466114,0.00489120272000252,12.0
0.00493075648786963,0.004930756372978541,0.004890306865196183,12.041666666666666
0.004929353513338731,0.004929353295181174,0.004889942312458335,12.083333333333334
0.004928299704376906,0.004928299589197282,0.004890120312687229,12.125
0.004927658045767873,0.00492765804280912,0.0048908198793925425,12.166666666666666
0.00492746660661261,0.004927466579729828,0.0048919908206925145,12.208333333333334
0.004927735549127561,0.004927735530520652,0.004893558516084591,12.25
0.004928475107690801,0.004928475088578985,0.004895457570166084,12.291666666666666
0.004929696689807826,0.004929696672592683,0.004897637513919821,12.333333333333334
0.004931300501778235,0.004931300479537257,0.004899953717345585,12.375
0.004933155525165682,0.004933155497009291,0.004902246413222527,12.416666666666666
0.004935129202358519,0.00493512917471662,0.004904369683189755,12.458333333333334
0.004937090796287219,0.004937090752622873,0.004906194638337362,12.5
0.004938913421212181,0.004938913210411726,0.004907610974897272,12.541666666666666
0.004940478593838393,0.004940478503392109,0.004908531852677258,12.583333333333334
0.004941682965313159,0.004941682825193945,0.004908900526394295,12.625
0.004942444923936217,0.004942444896675388,0.0049086939417697815,12.666666666666666
0.0049427065122338324,0.004942706520959909,0.004907924329035271,12.708333333333334
0.004942417389680119,0.004942417430720826,0.004906619390175994,12.75
0.004941540743539856,0.004941540782497028,0.004904823751746772,12.791666666666666
0.004940212900058143,0.004940212886483667,0.0049027519863807205,12.833333333333334
0.004938582594992924,0.004938582587722813,0.00490062129398796,12.875
0.00493677629094035,0.004936776308288232,0.004898608164066481,12.916666666666666
0.004934912279075293,0.0049349123360961636,0.004896857254474937,12.958333333333334
0.004933104751963247,0.0049331046402603055,0.004895482089039172,13.0
0.004931461629159786,0.004931461540723002,0.0048945641163974365,13.041666666666666
0.004930081345137652,0.004930081296579513,0.004894151804668187,13.083333333333334
0.0049290467625819675,0.004929047029718706,0.004894260662943155,13.125
0.004928420372383153,0.004928420571719498,0.004894875255574062,13.166666666666666
0.004928239743842133,0.004928239843168516,0.004895951965631893,13.208333333333334
0.004928514716508637,0.00492851480079906,0.004897422835732293,13.25
0.004929253263816852,0.0049292533085995,0.004899226223166189,13.291666666666666
0.004930462279467743,0.004930462306472916,0.0049013131424868305,13.333333333333334
0.004932044577842155,0.004932044586734473,0.004903545931246978,13.375
0.004933872714053097,0.004933872705292047,0.004905771387378936,13.416666666666666
0.004935816777541098,0.0049358167601739915,0.004907847925054278,13.458333333333334
0.004937748064092971,0.004937748099521336,0.0049096489846533935,13.5
0.004939541181533286,0.004939541203875709,0.004911065035580055,13.541666666666666
0.004941079032366098,0.004941079069961556,0.00491200838279352,13.583333333333334
0.004942259596676821,0.004942259590614914,0.0049124194174655945,13.625
0.004943002350181574,0.004943002364004988,0.004912272303621605,13.666666666666666
0.004943250896792117,0.00494325091764018,0.004911575259474091,13.708333333333334
0.0049429584872344254,0.004942958543908161,0.004910353540078701,13.75
0.0049420943698895,0.004942094460646402,0.004908651319821729,13.791666666666666
0.004940789185783535,0.0049407892328528205,0.004906670993986193,13.833333333333334
0.004939185875410367,0.004939185914448484,0.004904618236766992,13.875
0.004937407895587935,0.004937407963412943,0.004902662249653356,13.916666666666666
0.00493557196510688,0.0049355720154759305,0.004900942846516641,13.958333333333334
0.004933791200442188,0.0049337914364105855,0.004899571887500606,14.0
0.004932172936219195,0.004932173093419761,0.004898631276173455,14.041666666666666
0.004930814851257403,0.004930814789264207,0.004898171949676037,14.083333333333334
0.004929799133191239,0.004929799429040841,0.004898213577119085,14.125
0.004929187730822005,0.004929188077788443,0.004898745911157087,14.166666666666666
0.004929017635350533,0.00492901790889092,0.0048997314287974394,14.208333333333334
0.004929298489073015,0.004929298459604222,0.004901108479234605,14.25
0.004930035810969949,0.004930035762153397,0.004902819854863524,14.291666666666666
0.004931232569752688,0.004931232534437797,0.00490481758863296,14.333333333333334
0.004932793953748229,0.004932793920512191,0.004906970401098207,14.375
0.004934595900765729,0.004934595865456386,0.0049091312557932735,14.416666666666666
0.004936511093616958,0.004936511059203198,0.004911162679928558,14.458333333333334
0.004938412681264002,0.004938412652260525,0.0049129402580632715,14.5
0.004940176929583159,0.004940176969337756,0.004914355115886665,14.541666666666666
0.004941688033376543,0.004941687195200633,0.004915318306820635,14.583333333333334
0.00494284518940165,0.004942844503957966,0.004915769080198109,14.625
0.00494356923108238,0.004943568865067262,0.00491567798887231,14.666666666666666
0.004943805256918685,0.004943805067574004,0.004915049629956244,14.708333333333334
0.004943509814997902,0.004943509740678288,0.004913906648394833,14.75
0.004942657580095244,0.004942657504245693,0.004912292315187893,14.791666666666666
0.00494137388405876,0.004941373837991137,0.004910397943189515,14.833333333333334
0.004939796317191128,0.0049397963174708185,0.004908418263158552,14.875
0.004938045497104488,0.004938045519504442,0.004906515130646026,14.916666666666666
0.004936236658122597,0.004936236664254589,0.00490482445781299,14.958333333333334
0.004934481858162942,0.004934482150881888,0.004903456491838423,15.0
0.004932887838472769,0.004932888024968953,0.0049024930462519,15.041666666666666
0.004931551448785597,0.004931551594176638,0.004901987794147548,15.083333333333334
0.004930554250629593,0.004930554152782647,0.004901964383574161,15.125
0.0049299574074457815,0.0049299573338347545,0.004902417702421408,15.166666666666666
0.0049297974797935205,0.004929797300244398,0.004903316024416676,15.208333333333334
0.004930083694686372,0.004930083462609887,0.004904603703549605,15.25
0.004930819697586291,0.0049308195461942855,0.004906227284526597,15.291666666666666
0.0049320045462240125,0.004932004452898968,0.004908139975989503,15.333333333333334
0.004933545723357944,0.004933545660812559,0.004910216520353885,15.375
0.0049353223099995154,0.004935322268926421,0.0049123155813082875,15.416666666666666
0.0049372094301562116,0.0049372094008459,0.004914303502999125,15.458333333333334
0.0049390821721657825,0.004939081947965228,0.004916058084782325,15.5
0.00494081821860147,0.0049408180902962805,0.00491747085913758,15.541666666666666
0.004942303233325544,0.004942302879560495,0.004918452618637049,15.583333333333334
0.0049434376556289645,0.004943437324127998,0.0049189399562430325,15.625
0.004944143575426615,0.0049441434186827116,0.004918901071474158,15.666666666666666
0.004944367492947096,0.004944367434748996,0.004918336860240552,15.708333333333334
0.004944069057075839,0.004944069062643991,0.004917267494101724,15.75
0.004943227942165779,0.0049432279286447875,0.004915735362766627,15.791666666666666
0.0049419645288187155,0.00494196452216192,0.004913921009057601,15.833333333333334
0.004940411369486469,0.004940411389351779,0.0049120089767974535,15.875
0.004938686507871599,0.004938686550927284,0.00491015456219777,15.916666666666666
0.004936903694965784,0.004936903717855036,0.0049084896611155115,15.958333333333334
0.004935174038222724,0.004935174036296466,0.004907122745057718,16.0
0.004933603532415337,0.004933603408473124,0.004906136888305056,16.041666666666668
0.0049322882697252265,0.004932288234050734,0.004905587790804483,16.083333333333332
0.004931309085575831,0.004931309367960206,0.004905502522396461,16.125
0.004930726451777413,0.004930726625956417,0.004905880932180868,16.166666666666668
0.004930576350180151,0.004930576445818904,0.0049066966399847626,16.208333333333332
0.004930867686697905,0.004930867739828075,0.004907899686427099,16.25
0.004931602167541742,0.004931602176663507,0.004909440132218039,16.291666666666668
0.004932775431213768,0.00493277542749749,0.0049112723737614215,16.333333333333332
0.004934297060850605,0.0049342970487389354,0.0049132767582490905,16.375
0.004936049101172686,0.00493604907703032,0.004915317194417213,16.416666666666668
0.004937909042276205,0.004937909016027155,0.004917263646605659,16.458333333333332
0.004939753725723706,0.004939753696920072,0.004918995777418062,16.5
0.004941462416083658,0.004941462375130235,0.004920405762933388,16.541666666666668
0.004942922049273071,0.004942922059414752,0.0049214035608238695,16.583333333333332
0.004944034416993796,0.004944034274488889,0.004921924424404147,16.625
0.004944722706132846,0.004944722685197926,0.004921933528256989,16.666666666666668
0.00494493492094319,0.004944934947681088,0.0049214286321228205,16.708333333333332
0.004944633562077902,0.004944633604833998,0.004920427523360266,16.75
0.00494380275976821,0.004943802833633874,0.004918971650599511,16.791666666666668
0.004942558408635027,0.004942558428544696,0.004917231381106956,16.833333333333332
0.004941028357908098,0.004941028379277017,0.004915381840411144,16.875
0.004939328216092358,0.004939328245617468,0.004913572091782537,16.916666666666668
0.0049375703231235675,0.004937570364064638,0.004911930548306592,16.958333333333332
0.004935865016132664,0.004935864991255268,0.004910564285758493,17.0
0.004934317320771612,0.004934317210365341,0.004909556741800662,17.041666666666668
0.0049330226224455365,0.004933022400325234,0.004908965700279455,17.083333333333332
0.004932060881146462,0.004932061065996562,0.004908822068958065,17.125
0.00493149199501777,0.004931492125593242,0.004909130003334336,17.166666666666668
0.004931351706500699,0.004931351419189679,0.004909868096850257,17.208333333333332
0.004931647465999013,0.004931647497978675,0.0049109916390923155,17.25
0.004932380250666779,0.004932380267515529,0.004912454025851072,17.291666666666668
0.004933542236180726,0.004933542253992963,0.0049142107502013616,17.333333333333332
0.00493504498867105,0.004935044997218592,0.00491614725199518,17.375
0.004936773340858797,0.00493677333909924,0.004918132372430005,17.416666666666668
0.004938607002970045,0.00493860697606997,0.004920039368219167,17.458333333333332
0.004940424531664349,0.004940424582332576,0.004921749689534344,17.5
0.004942106699524766,0.004942106786674787,0.004923156116472482,17.541666666666668
0.004943541741737612,0.0049435410557013984,0.004924168080575844,17.583333333333332
0.0049446326520035735,0.004944632046633755,0.004924719115467797,17.625
0.004945303928282143,0.004945303619302941,0.004924772124639006,17.666666666666668
0.004945504827277267,0.0049455046781454945,0.0049243217538802,17.708333333333332
0.004945200538142348,0.004945200486766371,0.004923383523416909,17.75
0.004944379340207258,0.0049443793010200245,0.004921997744003548,17.791666666666668
0.0049431527603620755,0.004943152741142936,0.004920325624130214,17.833333333333332
0.004941644503536387,0.0049416445032667575,0.0049185334679974525,17.875
0.004939967862988229,0.004939967888198205,0.004916764720614677,17.916666666666668
0.004938233934138728,0.00493823393226948,0.004915144306440415,17.958333333333332
0.0049365519747094685,0.004936551977981867,0.00491377807094873,18.0
0.004935026382484585,0.004935026266133003,0.004912750113957594,18.041666666666668
0.004933751596617128,0.004933751895053118,0.004912120014434677,18.083333333333332
0.004932806878241147,0.004932807173414445,0.004911921771052194,18.125
0.0049322512982652115,0.004932251470138059,0.004912163980089149,18.166666666666668
0.004932119678505005,0.004932119568401621,0.004912829906025242,18.208333333333332
0.004932420191038812,0.004932420121967106,0.0049138794933913455,18.25
0.004933151144621773,0.0049331510980751515,0.004915269149430931,18.291666666666668
0.004934302170454655,0.004934302143504224,0.004916955386003344,18.333333333333332
0.004935786709183986,0.004935786684616382,0.004918828409409305,18.375
0.004937492211670206,0.004937492184631226,0.0049207615624582085,18.416666666666668
0.004939300482556792,0.004939300456503866,0.004922631167669661,18.458333333333332
0.004941091753453923,0.004941091681116884,0.0049243203707451805,18.5
0.004942748216130666,0.004942748134189442,0.004925722498521564,18.541666666666668
0.004944159421975767,0.00494415846409316,0.004926746493362872,18.583333333333332
0.004945229595250632,0.0049452290162162954,0.004927324590640426,18.625
0.004945884403049252,0.004945884112210819,0.004927417348020701,18.666666666666668
0.004946074354953013,0.0049460742189206975,0.004927016653019043,18.708333333333332
0.004945767118222308,0.004945767051313904,0.0049261358934901455,18.75
0.004944954688620158,0.004944954663956514,0.004924814308848906,18.791666666666668
0.004943744782822047,0.004943744718138482,0.004923204616563,18.833333333333332
0.004942257057451173,0.004942257032216251,0.004921464997261582,18.875
0.00494060276550378,0.004940602769890975,0.004919733571892604,18.916666666666668
0.004938891697604123,0.00493889172002885,0.004918132257576372,18.958333333333332
0.0049372323163102225,0.0049372322931387075,0.004916765724219666,19.0
0.0049357280135309085,0.004935728015827671,0.004915718395635325,19.041666666666668
0.004934472525567684,0.0049344723592995654,0.004915051898849483,19.083333333333332
0.004933544200857242,0.0049335444259275855,0.004914803324791789,19.125
0.0049330014366409745,0.0049330015936627485,0.004914984909674658,19.166666666666668
0.004932879033596004,0.004932878366355778,0.004915584066926661,19.208333333333332
0.004933184135162758,0.004933182991471177,0.0049165651772556645,19.25
0.00493391266430501,0.004933911972175881,0.004917887457397605,19.291666666666668
0.004935052763610884,0.0049350523516945395,0.004919508299675114,19.333333333333332
0.004936519586660185,0.004936519331437304,0.0049213222622667705,19.375
0.004938202980014538,0.004938202815905654,0.004923206806523159,19.416666666666668
0.004939986697474872,0.004939986591811788,0.004925041063622864,19.458333333333332
0.004941752586065805,0.004941752286852833,0.004926709783922215,19.5
0.004943384163156607,0.00494338404019911,0.0049281068749724025,19.541666666666668
0.004944772309033285,0.004944771486954659,0.00492914041250553,19.583333333333332
0.00494582242007388,0.004945821959010159,0.004929742598633135,19.625
0.00494646125270738,0.004946461065746802,0.004929871066763743,19.666666666666668
0.004946640632532098,0.004946640561127773,0.004929515279543435,19.708333333333332
0.004946330449259268,0.004946330422502918,0.004928686762037671,19.75
0.004945526110209379,0.004945526103160843,0.004927423752623125,19.791666666666668
0.004944331734142027,0.004944331709152703,0.004925870969729837,19.833333333333332
0.004942863353137728,0.004942863352064734,0.004924179256034401,19.875
0.004941230267226177,0.004941230285264408,0.00492248181491065,19.916666666666668
0.004939541087957086,0.004939541121075598,0.004920897938185773,19.958333333333332
0.004937903361513818,0.00493790335558485,0.004919531120162284,20.0
0.00493641963335369,0.004936419634485578,0.004918466200036897,20.041666666666668
0.0049351827802321295,0.004935182604313811,0.004917766704252933,20.083333333333332
0.004934270318577234,0.0049342703107605945,0.004917472146323281,20.125
0.004933739857112025,0.0049337398609347475,0.004917598170287632,20.166666666666668
0.004933625098799155,0.004933625047580606,0.004918136184466573,20.208333333333332
0.0049339334676060985,0.0049339333578408764,0.0049190545021293745,20.25
0.004934660237646995,0.004934660191817213,0.00492031479435183,20.291666666666668
0.00493579021585255,0.004935790197954726,0.004921875310162066,20.333333333333332
0.004937240240300171,0.004937240230686266,0.0049236345503853324,20.375
0.0049389025203733575,0.004938902513733443,0.004925473801535656,20.416666666666668
0.004940662690194958,0.004940662644634835,0.004927274774012009,20.458333333333332
0.0049424041230243364,0.004942404103363521,0.00492892376360634,20.5
0.0049440117024561634,0.004944011798307875,0.0049303151310156655,20.541666666666668
0.004945377645808824,0.004945377460280588,0.004931356651671321,20.583333333333332
0.00494640833013803,0.004946408132865278,0.004931979424206826,20.625
0.004947031780861078,0.004947031749478723,0.004932139527165667,20.666666666666668
0.004947200930328664,0.004947200955802681,0.004931823979785879,20.708333333333332
0.004946887829988405,0.004946887881392826,0.004931042564882809,20.75
0.004946090937016526,0.0049460910046216465,0.004929832520033467,20.791666666666668
0.004944911017061929,0.004944911056346479,0.004928331333214315,20.833333333333332
0.004943460851465985,0.0049434608629930835,0.004926683158337236,20.875
0.004941847860204539,0.0049418479039711,0.0049250167332578546,20.916666666666668
0.004940179582125791,0.004940179619492465,0.0049234487584208534,20.958333333333332
0.004938562623756058,0.004938562626102346,0.004922081758664349,21.0
0.0049370987028551465,0.004937098562494884,0.004921000938074858,21.041666666666668
0.004935879789949968,0.004935880204113671,0.0049202711154593985,21.083333333333332
0.004934982558567954,0.004934982806987781,0.004919934725699032,21.125
0.004934463946790005,0.004934463961349732,0.004920010308714901,21.166666666666668
0.004934357203034653,0.004934356839388165,0.004920492816531258,21.208333333333332
0.0049346693398890406,0.0049346684786174405,0.004921353922336855,21.25
0.004935393625408789,0.004935393065996736,0.004922557518982901,21.291666666666668
0.0049365133767410125,0.004936513036554018,0.004924062650018342,21.333333333333332
0.004937946987677203,0.00493794677763649,0.004925771407104989,21.375
0.004939588785007903,0.0049395886508791535,0.00492756854426089,21.416666666666668
0.004941326189217772,0.004941326102485756,0.004929338170017283,21.458333333333332
0.0049430439906576985,0.004943043941696164,0.004930967990862316,21.5
0.004944628454312334,0.004944628334656038,0.004932353107360922,21.541666666666668
0.004945972845108399,0.004945971984924405,0.004933401362165322,21.583333333333332
0.004946984761577847,0.004946984098676313,0.004934041807033527,21.625
0.004947593315078034,0.004947593027985137,0.004934229571691528,21.666666666666668
0.004947752599925974,0.004947752474408832,0.004933949756128093,21.708333333333332
0.004947436587664109,0.004947436545366187,0.00493321059537268,21.75
0.004946646568188912,0.0049466465261571784,0.004932048415972577,21.791666666666668
0.0049454801202601945,0.004945480103888278,0.004930594005211296,21.833333333333332
0.004944047075078496,0.0049440470785121204,0.004928985272351909,21.875
0.004942453175918836,0.004942453200110625,0.0049273471081236935,21.916666666666668
0.004940804849009072,0.004940804846999105,0.004925793768059753,21.958333333333332
0.0049392077293405785,0.004939207730010467,0.00492442677958275,22.0
0.004937762813405846,0.004937762778607137,0.004923331785859484,22.041666666666668
0.004936561116738418,0.0049365609346632274,0.004922575105345583,22.083333333333332
0.004935678618931187,0.004935678595210295,0.0049222011121234244,22.125
0.004935171327655361,0.0049351711689466235,0.004922231203786628,22.166666666666668
0.0049350713530791545,0.004935071578518491,0.004922663363242226,22.208333333333332
0.004935386832065781,0.004935386252161606,0.0049234724902325906,22.25
0.004936108768223561,0.004936108422443529,0.004924624475890773,22.291666666666668
0.004937218801020364,0.004937218596728816,0.0049260789128939345,22.333333333333332
0.004938636746302983,0.00493863662689206,0.004927741234679969,22.375
0.0049402589437724884,0.00494025886978783,0.004929499354600562,22.416666666666668
0.0049419744763629665,0.004941974453629493,0.004931239608838238,22.458333333333332
0.00494366958415636,0.0049436696566062,0.004932851045898898,22.5
0.004945231674085063,0.004945231826427473,0.004934229063074881,22.541666666666668
0.004946555342564221,0.004946554498908723,0.004935281791604747,22.583333333333332
0.00494754933043267,0.004947548823510282,0.004935937241535457,22.625
0.00494814359728329,0.004948143333852174,0.004936149349864465,22.666666666666668
0.00494829335827272,0.004948293244103639,0.004935901292204476,22.708333333333332
0.004947974441043244,0.004947974413353118,0.004935199872920047,22.75
0.004947190658078854,0.00494719063444789,0.0049340806262861674,22.791666666666668
0.004946036782154919,0.004946036768703058,0.00493266842783386,22.833333333333332
0.004944619828893075,0.004944619830122064,0.0049310954831297965,22.875
0.00494304396031084,0.00494304398304407,0.004929482996824573,22.916666666666668
0.004941414624829745,0.004941414614683743,0.004927943185607566,22.958333333333332
0.004939836552134098,0.004939836555401939,0.0049265767356289816,23.0
0.004938409875657847,0.004938409729554607,0.004925469588986988,23.041666666666668
0.004937224726323322,0.004937224686177522,0.004924688953442016,23.083333333333332
0.004936356264493628,0.004936356242942597,0.004924281458856421,23.125
0.004935859759174335,0.004935859706599007,0.004924270787428796,23.166666666666668
0.004935766732920699,0.004935767021959479,0.004924657752983997,23.208333333333332
0.004936085164723394,0.004936084481649473,0.004925419978701072,23.25
0.004936804467158413,0.004936804096583868,0.004926525119512089,23.291666666666668
0.004937904910746601,0.004937904722248513,0.004927933336239441,23.333333333333332
0.004939307676355389,0.00493930757918788,0.004929553027361204,23.375
0.004940910972645408,0.004940910919801375,0.004931275030295112,23.416666666666668
0.004942605464885809,0.0049426054353844525,0.004932987726920554,23.458333333333332
0.004944278681787264,0.00494427876059173,0.004934581362666423,23.5
0.004945819310598719,0.0049458194102311274,0.004935952006262467,23.541666666666668
0.004947122989217262,0.004947122882068256,0.0049370074755852745,23.583333333333332
0.004948099613874231,0.004948099428205326,0.004937675355861235,23.625
0.004948680150939024,0.004948680099453324,0.004937908396111569,23.666666666666668
0.004948820743572492,0.004948820763368626,0.0049376881934157565,23.708333333333332
0.004948498993251537,0.004948499026672697,0.004937020428726559,23.75
0.004947720929818161,0.0049477209422832845,0.004935939780950988,23.791666666666668
0.004946578765203928,0.004946578739830533,0.004934565629163427,23.833333333333332
0.004945176932325194,0.004945176934489233,0.004933025113571337,23.875
0.004943618176854879,0.004943618210471571,0.004931436152188306,23.916666666666668
0.004942006860872064,0.004942006887808595,0.004929908981013589,23.958333333333332
0.004940446965211298,0.004940446970324039,0.004928543564840912,24.0
0.004939037697609386,0.0049390376991423944,0.004927425792781805,24.041666666666668
0.004937868410890582,0.0049378682283115335,0.0049266246614683,24.083333333333332
0.004937013299616432,0.004937013331869851,0.004926187244459301,24.125
0.004936527041985455,0.004936527327350562,0.0049261402239796975,24.166666666666668
0.004936441130367741,0.0049364409943709504,0.00492648665549125,24.208333333333332
0.0049367612316714455,0.00493676080463986,0.004927206706647504,24.25
0.004937477971389409,0.0049374776798883835,0.004928269487936101,24.291666666666668
0.004938569208677475,0.004938569039191987,0.004929635670292931,24.333333333333332
0.004939957447205782,0.0049399573439104765,0.004931216338990412,24.375
0.0049415426424964035,0.004941542570635217,0.004932904965814786,24.416666666666668
0.004943216943238347,0.0049432168960828375,0.0049345918083080606,24.458333333333332
0.004944869194890351,0.004944869163270539,0.004936168218423027,24.5
0.00494638918372058,0.0049463892842059425,0.00493753088684649,24.541666666666668
0.004947673743235803,0.0049476735379148035,0.004938587858892156,24.583333333333332
0.004948633676696407,0.004948633444272569,0.004939265933290941,24.625
0.0049492008824511624,0.004949200882999167,0.004939516936628831,24.666666666666668
0.004949332736398836,0.004949332773434216,0.004939321073918006,24.708333333333332
0.004949008187559006,0.0049490082428252265,0.004938682966761433,24.75
0.004948235363706454,0.004948235394839442,0.004937636708059978,24.791666666666668
0.004947104103198006,0.004947104111303972,0.004936296691704959,24.833333333333332
0.0049457164766648545,0.004945716493601271,0.004934785447441785,24.875
0.0049441738626167025,0.0049441738774469455,0.00493321787707808,24.916666666666668
0.004942579684621475,0.004942579696357001,0.0049317024956969735,24.958333333333332
0.004941037113360818,0.0049410371060724725,0.004930338740100522,25.0
0.004939644497216821,0.00493964446377096,0.0049292121742504184,25.041666666666668
0.004938490328599659,0.004938490058681642,0.004928392320757237,25.083333333333332
0.0049376480033953545,0.0049376479043556,0.004927929060458963,25.125
0.004937171380624024,0.004937171325940412,0.004927850235078303,25.166666666666668
0.00493709129055742,0.004937091206969272,0.004928160640336646,25.208333333333332
0.004937413266027334,0.004937413199329279,0.004928842875527975,25.25
0.004938127425116015,0.004938127384193434,0.0049298675373920554,25.291666666666668
0.004939209828972704,0.004939209823356185,0.004931195602785728,25.333333333333332
0.004940584159180725,0.00494058415937942,0.004932740577508303,25.375
0.004942152023561458,0.004942152025835733,0.004934398371439869,25.416666666666668
0.004943806997221349,0.004943807006781882,0.004936060984180091,25.458333333333332
0.0049454391226969275,0.004945439135255782,0.004937620840687703,25.5
0.004946939339670368,0.0049469393575420195,0.004938975019217047,25.541666666666668
0.0049482054691426395,0.0049482045499377545,0.0049400321132916205,25.583333333333332
0.0049491494331414,0.0049491488950143695,0.004940718421854158,25.625
0.004949704095539301,0.00494970383864352,0.004940984583536974,25.666666666666668
0.00494982746242725,0.004949827370275067,0.004940809810640581,25.708333333333332
0.004949500170134803,0.00494950013441434,0.004940197871448382,25.75
0.004948732140852044,0.004948732121961698,0.004939182345110514,25.791666666666668
0.004947611001827259,0.004947610976366178,0.0049378729777174064,25.833333333333332
0.00494623667162822,0.00494623667590807,0.004936388164313882,25.875
0.0049447093045328645,0.004944709330129003,0.004934840202195975,25.916666666666668
0.004943131390160265,0.004943131309418579,0.00493333592609385,25.958333333333332
0.004941605257751519,0.0049416052000732825,0.004931973874061164,26.0
0.004940228452467636,0.0049402284229263975,0.004930840169566918,26.041666666666668
0.004939088648939117,0.00493908925995536,0.004930004737090499,26.083333333333332
0.004938258422297788,0.004938258764377734,0.0049295187959739585,26.125
0.004937790995360192,0.004937791083852819,0.004929411822373652,26.166666666666668
0.004937716846149925,0.004937716457863642,0.004929690264425681,26.208333333333332
0.004938040343372375,0.004938040166128824,0.0049303388675534104,26.25
0.004938751675503148,0.00493875157643762,0.004931329250797436,26.291666666666668
0.004939825394377595,0.004939825352503912,0.004932622764897225,26.333333333333332
0.004941186302504481,0.004941186283706407,0.0049341351618029106,26.375
0.004942737540870112,0.004942737530219396,0.00493576454312506,26.416666666666668
0.004944373984141631,0.004944373975951496,0.004937404470512053,26.458333333333332
0.004945986849721072,0.004945986861916661,0.004938948522297244,26.5
0.004947468130817028,0.0049474681659454865,0.004940294365701826,26.541666666666668
0.00494871672132433,0.004948715907891154,0.004941350378260124,26.583333333333332
0.004949645333968115,0.004949644885964068,0.00494204283414165,26.625
0.004950187798364443,0.0049501876590699444,0.004942321708065563,26.666666666666668
0.004950303150684784,0.004950303120762966,0.004942165175777099,26.708333333333332
0.004949973169365753,0.004949973203118931,0.004941576193243491,26.75
0.004949209524857035,0.004949209540462095,0.004940587857965482,26.791666666666668
0.004948097773075762,0.00494809779763369,0.004939305906222208,26.833333333333332
0.004946735931768521,0.004946735962972246,0.004937845004417862,26.875
0.004945222902004188,0.004945222941025265,0.00493631493997514,26.916666666666668
0.004943660387400518,0.004943660387474323,0.004934821128009453,26.958333333333332
0.00494214983561681,0.0049421498457882795,0.0049334614433367615,27.0
0.004940788071564311,0.004940788069569428,0.004932321881461881,27.041666666666668
0.0049396618492175415,0.004939661693456414,0.004931473394461247,27.083333333333332
0.004938843112857426,0.004938843125479859,0.004930967754248229,27.125
0.004938384623800065,0.0049383842822693005,0.004930835716108413,27.166666666666668
0.004938315000409186,0.004938315023950701,0.004931086078882142,27.208333333333332
0.004938639994299404,0.004938640334357436,0.004931704746003099,27.25
0.004939348619337221,0.004939348801098333,0.004932664494276642,27.291666666666668
0.004940414045814776,0.004940414151760113,0.004933926825412446,27.333333333333332
0.004941762147211885,0.0049417622074345606,0.0049354094987311995,27.375
0.00494329749874885,0.004943297536511976,0.0049370126416818936,27.416666666666668
0.004944916266418013,0.004944916307512449,0.004938631325820085,27.458333333333332
0.004946510725012132,0.0049465108357210266,0.004940160005348119,27.5
0.004947973911691848,0.004947973975647597,0.004941497143159047,27.541666666666668
0.004949205671507334,0.004949204717379338,0.004942550446280827,27.583333333333332
0.0049501197026259386,0.004950119156234375,0.004943247668568238,27.625
0.004950650595462123,0.004950650381434082,0.004943537164566891,27.666666666666668
0.004950758257187893,0.004950758180177584,0.004943396322589228,27.708333333333332
0.004950425709042229,0.004950425693625319,0.004942827487868756,27.75
0.00494966605863904,0.004949666054577795,0.004941863360342257,27.791666666666668
0.004948563048824708,0.00494856304894284,0.0049406059790565275,27.833333333333332
0.004947212837597554,0.004947212859163773,0.004939166663601671,27.875
0.004945713312054939,0.00494571333673156,0.004937653008029689,27.916666666666668
0.004944165251629675,0.004944165290356913,0.004936169073775679,27.958333333333332
0.004942669437782805,0.004942669478236361,0.004934812082395953,28.0
0.004941321862597023,0.0049413219020686,0.004933668032194272,28.041666666666668
0.004940208549732549,0.00494020854899346,0.004932808366090971,28.083333333333332
0.0049394006401078175,0.004939400722918674,0.004932285765554389,28.125
0.004938949860133353,0.004938950052211882,0.004932132142192404,28.166666666666668
0.004938885411650704,0.004938885556853275,0.004932357661141479,28.208333333333332
0.004939211523959931,0.0049392119720265545,0.004932949732142084,28.25
0.004939917211411224,0.004939917490490759,0.004933881895067723,28.291666666666668
0.004940974558699233,0.004940974730990228,0.004935115985221547,28.333333333333332
0.004942310366368066,0.004942310480828209,0.004936571551122126,28.375
0.004943830573339632,0.004943830641065489,0.004938150542927029,28.416666666666668
0.004945432463184381,0.004945432503538809,0.0049397493683194455,28.458333333333332
0.004947009394077443,0.004947009410096825,0.004941263430902433,28.5
0.004948455324238991,0.004948455333569416,0.0049425914483727795,28.541666666666668
0.0049496710911689605,0.004949671015556016,0.004943642366374104,28.583333333333332
0.004950571198627405,0.004950571185018691,0.004944342643733555,28.625
0.004951091100032783,0.004951091196864189,0.00494464064790103,28.666666666666668
0.004951191443704773,0.004951191556973434,0.004944513056864714,28.708333333333332
0.004950856397188189,0.004950856499560103,0.004943961718050786,28.75
0.004950100374472174,0.004950100465653385,0.004943018961718139,28.791666666666668
0.004949005440325101,0.004949005488302221,0.004941783530834339,28.833333333333332
0.004947666109149132,0.004947666156252556,0.004940363672626451,28.875
0.004946179214846446,0.004946179254153029,0.004938864961018444,28.916666666666668
0.004944644785641412,0.0049446448322466915,0.004937390327099694,28.958333333333332
0.00494316286702766,0.004943162917361296,0.0049360363624378146,29.0
0.004941828684760687,0.004941828724835474,0.004934889145309251,29.041666666666668
0.0049407274875787974,0.004940727535635552,0.004934020562285661,29.083333333333332
0.004939929685815552,0.004939929614427533,0.004933483008564043,29.125
0.004939486388711108,0.004939486387688565,0.0049333104786643805,29.166666666666668
0.004939426347058961,0.004939426304378472,0.004933514118925401,29.208333333333332
0.004939753446586546,0.004939753782759349,0.004934082632302317,29.25
0.004940456181762587,0.004940456372213301,0.0049349902022674886,29.291666666666668
0.004941505714762358,0.004941505836946503,0.004936198801550272,29.333333333333332
0.00494282978468436,0.004942829859830923,0.0049376296352129714,29.375
0.0049443355316463435,0.004944335579986052,0.004939186333116175,29.416666666666668
0.00494592137558073,0.00494592140251565,0.00494076658111795,29.458333333333332
0.004947481604217625,0.0049474816208335696,0.004942266627625953,29.5
0.0049489111516494546,0.004948911163085192,0.004943586185157196,29.541666666666668
0.004950111667669383,0.004950110676124017,0.004944633235582734,29.583333333333332
0.004950998587532815,0.0049509980171804375,0.004945335374572721,29.625
0.0049515080330251975,0.0049515077895259125,0.004945640205183111,29.666666666666668
0.004951601440364302,0.004951601346605738,0.00494552381617951,29.708333333333332
0.004951263982989353,0.0049512639561359656,0.004944987669724124,29.75
0.004950511284963418,0.004950511283814765,0.004944063773423992,29.791666666666668
0.0049494237925952625,0.0049494237898672876,0.0049428479136402635,29.833333333333332
0.004948094579359316,0.0049480946045844,0.004941445583094543,29.875
0.004946619510361313,0.004946619546834733,0.00493996062140924,29.916666666666668
0.004945097898340352,0.004945097904814187,0.004938494739897821,29.958333333333332
0.004943628999537606,0.004943629009909315,0.004937144007215831,30.0
0.004942307371056314,0.004942307193340224,0.004935994385508158,30.041666666666668
0.004941217495615069,0.004941217459331662,0.004935118100938287,30.083333333333332
0.00494042910421553,0.004940429101688979,0.004934568221719653,30.125
0.00493999279169718,0.004939992770404517,0.004934379612692164,30.166666666666668
0.004939936705780618,0.004939936700102482,0.004934564093138645,30.208333333333332
0.004940265613538868,0.004940265032836713,0.004935111572507698,30.25
0.004940964903717051,0.004940964584624362,0.004935997003540564,30.291666666666668
0.004942006688978142,0.004942006505986264,0.004937182549983112,30.333333333333332
0.004943319430724422,0.004943319333984801,0.004938590865689068,30.375
0.0049448113893889156,0.0049448113294157355,0.004940127053944344,30.416666666666668
0.004946381945943951,0.004946381912853142,0.004941689951415941,30.458333333333332
0.00494792635050146,0.00494792632594071,0.004943176659091657,30.5
0.0049493403402845115,0.004949340320956172,0.004944487380686594,30.541666666666668
0.004950526396831656,0.00495052638316146,0.004945530955649762,30.583333333333332
0.004951400844593527,0.004951400893311159,0.004946233691791328,30.625
0.004951900426828795,0.0049519005392264425,0.004946543752024925,30.666666666666668
0.004951987236150725,0.004951987358880633,0.0049464367390387115,30.708333333333332
0.004951647443171034,0.004951647543853303,0.0049459137092204,30.75
0.004950897727095886,0.004950897794183981,0.0049450064338687994,30.791666666666668
0.004949817134229748,0.004949817151208224,0.004943807988784824,30.833333333333332
0.004948497286168899,0.004948497318539181,0.004942421420079333,30.875
0.004947033228402723,0.004947033257846821,0.004940948966974493,30.916666666666668
0.004945523508233967,0.0049455235548901515,0.004939491341026978,30.958333333333332
0.004944066800184757,0.004944066839219269,0.00493814404318551,31.0
0.00494275689329298,0.004942756907402538,0.004936992716121102,31.041666666666668
0.004941677623348176,0.004941678283857646,0.004936109757791914,31.083333333333332
0.004940898050782996,0.004940898480357632,0.004935549491783753,31.125
0.004940468107125696,0.004940468495456345,0.004935346777195236,31.166666666666668
0.004940415614982467,0.00494041586611049,0.004935514543384871,31.208333333333332
0.004940744473466624,0.004940744603284386,0.0049360436423701555,31.25
0.004941440990775178,0.0049414411049227445,0.004936909471020308,31.291666666666668
0.004942475701572326,0.0049424757846299764,0.00493807427745401,31.333333333333332
0.0049437778892757545,0.004943777958038216,0.004939462067819314,31.375
0.004945256904151822,0.004945256942222356,0.004940979364329726,31.416666666666668
0.004946813080415024,0.0049468131055283495,0.004942526059399041,31.458333333333332
0.004948342549080314,0.004948342549871756,0.004944000164637583,31.5
0.004949741858703062,0.004949741869150777,0.004945301952660231,31.541666666666668
0.004950914319085227,0.0049509133410137645,0.004946340397815705,31.583333333333332
0.004951776956322809,0.004951776385959168,0.0049470434176910535,31.625
0.004952267196485988,0.004952266980146146,0.004947357761218898,31.666666666666668
0.004952347822239174,0.004952347753712233,0.004947258691551064,31.708333333333332
0.00495200580917196,0.004952005802729626,0.00494674706870601,31.75
0.004951258789250068,0.0049512588002297905,0.004945854522187399,31.791666666666668
0.004950184507413438,0.004950184511078006,0.004944671573261927,31.833333333333332
0.004948873323739459,0.004948873343665841,0.0049432991567941,31.875
0.004947419473087187,0.004947419488984642,0.00494183807811294,31.916666666666668
0.004945920844450855,0.0049459208733700424,0.004940388127192197,31.958333333333332
0.004944475468981822,0.004944475496223107,0.004939044298687547,32.0
0.004943176468026071,0.004943176701541563,0.004937892231093051,32.041666666666664
0.00494210701102611,0.004942107138694616,0.004937004056307404,32.083333333333336
0.0049413355347167915,0.0049413355300696425,0.004936434991694389,32.125
0.004940911435458863,0.0049409115673955065,0.004936220132014139,32.166666666666664
0.004940862139059931,0.0049408622414606595,0.0049363732671232,32.208333333333336
0.004941191283919802,0.00494119134581101,0.004936885827956901,32.25
0.004941884832650337,0.004941884876903799,0.004937733952111312,32.291666666666664
0.004942912637478271,0.004942912683336822,0.004938879975993064,32.333333333333336
0.004944204763205904,0.004944204799677094,0.004940249061640312,32.375
0.004945671498645569,0.004945671524010484,0.0049417489681595015,32.416666666666664
0.0049472140932388465,0.004947214108972329,0.004943280574611055,32.458333333333336
0.004948729463465932,0.004948729584306775,0.004944742478735984,32.5
0.004950114956679068,0.004950115159633139,0.004946035862149699,32.541666666666664
0.00495127462045523,0.004951274701302884,0.00494706963744596,32.583333333333336
0.004952126154497532,0.004952126196006347,0.004947771803158949,32.625
0.004952607648445161,0.004952607712424108,0.004948089136704336,32.666666666666664
0.004952682441341522,0.0049526825340852456,0.00494799655498118,32.708333333333336
0.004952338297702089,0.004952338382043055,0.004947494671557204,32.75
0.004951593689948148,0.00495159374437116,0.004946614853109136,32.791666666666664
0.004950525167198854,0.004950525196369906,0.004945445627120708,32.833333333333336
0.00494922194935855,0.004949221980493081,0.0049440859042503985,32.875
0.004947777521581073,0.004947777553760516,0.004942635202078266,32.916666666666664
0.0049462891436006535,0.004946289076583321,0.004941192448774992,32.958333333333336
0.004944854240507781,0.004944854218267439,0.004939852135541705,33.0
0.004943565311579129,0.0049435653123429645,0.004938699724673116,33.041666666666664
0.004942504890391113,0.004942504665005998,0.004937807473081511,33.083333333333336
0.0049417408349657415,0.004941740731946787,0.0049372306651567135,33.125
0.00494132204588163,0.004941322214017356,0.0049370052384323845,33.166666666666664
0.004941275569638196,0.004941275656113989,0.004937145532701785,33.208333333333336
0.004941605761470469,0.004941604788905878,0.0049376437129201025,33.25
0.004942295898393736,0.004942295349391041,0.004938476105013418,33.291666666666664
0.004943316909331306,0.004943316604793858,0.0049396052141287995,33.333333333333336
0.004944599389049686,0.004944599227056339,0.004940957282063766,33.375
0.004946054508968773,0.0049460544145243646,0.00494244121019755,33.416666666666664
0.004947584307159106,0.004947584250758285,0.00494395878268843,33.458333333333336
0.004949086443979608,0.004949086510464663,0.004945409266112782,33.5
0.004950458984958002,0.004950459124503681,0.004946694328851247,33.541666666666664
0.00495160660537817,0.004951606810401578,0.004947723198133704,33.583333333333336
0.004952447706451661,0.004952447774760431,0.004948423992904589,33.625
0.0049529210222833105,0.004952921175410631,0.004948743393889661,33.666666666666664
0.004952990331995067,0.004952990493500914,0.0049486560566442,33.708333333333336
0.004952644177770169,0.004952644313673695,0.004948162459782132,33.75
0.004951901741437878,0.00495190186055369,0.004947293800531438,33.791666666666664
0.004950838428869079,0.0049508385410436916,0.004946136681158915,33.833333333333336
0.004949542504843117,0.004949542606568427,0.004944788292127655,33.875
0.0049481067023232905,0.0049481068092573546,0.004943346944488078,33.916666666666664
0.004946627753982277,0.00494662784581741,0.004941910753013328,33.958333333333336
0.004945202478953356,0.0049452025530770756,0.00494057374723868,34.0
0.004943922788366927,0.0049439228551687395,0.00493942146860229,34.041666666666664
0.004942870677422115,0.004942870759087768,0.004938526478396659,34.083333333333336
0.0049421133448763485,0.004942113378724754,0.0049379430530670735,34.125
0.004941699301235506,0.0049416992134891395,0.004937708382991208,34.166666666666664
0.004941654814106654,0.004941655192510047,0.004937837380983005,34.208333333333336
0.004941984013385176,0.004941984363315483,0.004938322628159486,34.25
0.004942671791920913,0.004942671992986778,0.004939140932025271,34.291666666666664
0.004943686861938853,0.004943686991335733,0.0049402547854075825,34.333333333333336
0.004944960575907313,0.004944960659534489,0.004941591378393689,34.375
0.004946404982537719,0.004946405035858186,0.004943060654138221,34.416666666666664
0.004947922913636697,0.0049479229487547636,0.0049445652063586365,34.458333333333336
0.004949412723839822,0.00494941274624437,0.0049460050668327146,34.5
0.004950773183564642,0.0049507732003511795,0.004947281967753343,34.541666666666664
0.0049519096594196005,0.004951909777245087,0.00494830647628276,34.583333333333336
0.004952741121658669,0.004952741171591049,0.0049490050989670345,34.625
0.004953206778745064,0.004953206931857927,0.004949325672335357,34.666666666666664
0.004953270989704418,0.004953271130986963,0.004949242495912754,34.708333333333336
0.004952922895430287,0.004952923015219611,0.004948755877514326,34.75
0.004952182299710792,0.00495218239248083,0.004947896905952066,34.791666666666664
0.004951123734683911,0.004951123792531696,0.0049467503965099115,34.833333333333336
0.004949834421354894,0.004949834474448297,0.004945412011628267,34.875
0.004948406503413321,0.004948406556001441,0.0049439790282270815,34.916666666666664
0.00494693614431412,0.004946936206883658,0.0049425489329450595,34.958333333333336
0.004945519639689921,0.004945519638063503,0.00494121532471737,35.0
0.004944248449310826,0.004944248140013051,0.004940063274101641,35.041666666666664
0.0049432036615247536,0.004943203653858462,0.004939165060157569,35.083333333333336
0.004942452200188382,0.004942452382351407,0.004938576526797024,35.125
0.004942042450479588,0.004942042517957624,0.004938334126608989,35.166666666666664
0.0049420006096488785,0.004942000561949392,0.004938453243786402,35.208333333333336
0.004942329264752296,0.004942329391199809,0.004938927173139111,35.25
0.004943014059644284,0.004943014143720012,0.004939732865331867,35.291666666666664
0.004944023190070733,0.004944023247513226,0.004940832949505704,35.333333333333336
0.004945288510003048,0.004945288551199967,0.004942155498300057,35.375
0.004946722818261771,0.004946722834877725,0.004943611351025608,35.416666666666664
0.004948229641960193,0.004948229650074045,0.004945103861641832,35.458333333333336
0.00494970799599675,0.004949708062613222,0.0049465336071726805,35.5
0.004951057240939805,0.004951057263556874,0.0049478029244002,35.541666666666664
0.004952183281371854,0.004952183280495715,0.004948822563771277,35.583333333333336
0.0049530057058426325,0.0049530056722437805,0.004949519007629291,35.625
0.004953464297458831,0.004953464362907951,0.004949840112418945,35.666666666666664
0.004953523783720129,0.004953523876648187,0.004949760179535404,35.708333333333336
0.00495317388025651,0.0049531739631607915,0.004949279405882045,35.75
0.004952434945522241,0.004952435011817402,0.00494842871709496,35.791666666666664
0.00495138059289937,0.004951380633111031,0.004947291481180901,35.833333333333336
0.004950097234926007,0.004950097279233186,0.004945961949121166,35.875
0.004948676423089216,0.004948676468980703,0.00494453645168007,35.916666666666664
0.004947213821635637,0.004947213831564313,0.004943111723080008,35.958333333333336
0.004945805254872427,0.004945805274657284,0.00494178125308707,36.0
0.0049445415756359645,0.00494454158575336,0.004940629724871695,36.041666666666664
0.0049435035092880025,0.0049435037188397795,0.004939729961929523,36.083333333333336
0.004942757554949622,0.00494275766768823,0.004939136494118578,36.125
0.004942352348842001,0.004942351578812607,0.004938887117834581,36.166666666666664
0.0049423112622707255,0.00494231131048347,0.004938997557004215,36.208333333333336
0.004942642424888191,0.004942639745393641,0.00493946138390025,36.25
0.0049433231581662825,0.004943321584208675,0.004940255802366126,36.291666666666664
0.004944325955022907,0.004944325056271207,0.004941343503871481,36.333333333333336
0.004945583028891906,0.004945582525642945,0.004942653318703557,36.375
0.0049470077471811934,0.004947007446235985,0.004944096919205302,36.416666666666664
0.004948504149644707,0.00494850397497428,0.004945578322461242,36.458333333333336
0.004949971817990826,0.004949971766134836,0.004946998682202873,36.5
0.004951310642675992,0.004951310735159785,0.0049482605532035285,36.541666666666664
0.004952427105304881,0.004952427285178919,0.004949275177020599,36.583333333333336
0.004953241275545206,0.004953241314072164,0.004949969139813617,36.625
0.0049536933083842005,0.004953693447552161,0.0049502904727670195,36.666666666666664
0.004953748378925401,0.004953748521068492,0.004950213104990629,36.708333333333336
0.004953396745395856,0.004953396850075732,0.004949737224553253,36.75
0.004952659232080281,0.004952659273747018,0.004948893663609103,36.791666666666664
0.004951608593209058,0.004951608618318904,0.004947764442627263,36.833333333333336
0.004950330537044218,0.004950330559037671,0.004946442627448388,36.875
0.004948916059358401,0.004948916095471733,0.004945023710669844,36.916666666666664
0.004947460412081461,0.0049474603279833175,0.0049436039448828755,36.958333333333336
0.004946058921769279,0.004946058881462971,0.004942276272514062,37.0
0.004944801949448832,0.00494480195461915,0.004941125286409541,37.041666666666664
0.004943770007075068,0.004943770048198263,0.004940223199392861,37.083333333333336
0.004943028900337362,0.004943028895145598,0.0049396262183564275,37.125
0.004942625941930703,0.004942625825966719,0.004939371066266045,37.166666666666664
0.004942586606547153,0.004942586753993391,0.0049394739644796895,37.208333333333336
0.004942914531383097,0.004942914607339112,0.004939928727378043,37.25
0.004943593656859493,0.004943593720625694,0.004940713081025581,37.291666666666664
0.004944591907398664,0.004944591962044063,0.004941789669724118,37.333333333333336
0.004945842143998936,0.004945842182481801,0.004943087979328849,37.375
0.004947258439234639,0.004947258452603533,0.004944520424593524,37.416666666666664
0.00494874552957173,0.004948745590569863,0.0049459917104762025,37.458333333333336
0.004950203523014855,0.004950203711197685,0.004947403289829088,37.5
0.004951532897656853,0.004951533075443822,0.004948658419051243,37.541666666666664
0.004952640638218231,0.00495264086017847,0.004949668179078139,37.583333333333336
0.0049534472639997315,0.004953447308933124,0.004950359606457002,37.625
0.004953893332343734,0.004953893450470527,0.004950680470155827,37.666666666666664
0.004953944370321589,0.004953944514793986,0.004950604893895599,37.708333333333336
0.004953591092330626,0.0049535911947170205,0.0049501329359297516,37.75
0.004952854709284468,0.004952854767837301,0.004949295327724333,37.791666666666664
0.004951807331855833,0.004951807332757712,0.004948172944222663,37.833333333333336
0.004950533927157409,0.004950533899055308,0.004946857746098319,37.875
0.004949125072663763,0.00494912508671082,0.004945444530770867,37.916666666666664
0.004947675540745202,0.0049476755811845245,0.004944029072468353,37.958333333333336
0.004946280275111422,0.004946280237096464,0.004942703863448055,38.0
0.00494502924105011,0.004945029105687338,0.004941553369300755,38.041666666666664
0.004944002293760865,0.0049440022872853755,0.004940649841352007,38.083333333333336
0.004943265149580446,0.004943265302988297,0.004940049313806096,38.125
0.004942865841553921,0.004942865259130343,0.004939788980184961,38.166666666666664
0.0049428270538621364,0.004942827190223587,0.004939885106675479,38.208333333333336
0.004943154241714065,0.004943154147817769,0.004940332008532514,38.25
0.004943830482881021,0.004943830432898807,0.004941107450000106,38.291666666666664
0.004944823753401691,0.004944823726999177,0.004942174118492515,38.333333333333336
0.00494606724772293,0.004946067237483824,0.004943462097986801,38.375
0.00494747561677661,0.004947475592159385,0.004944884479317342,38.416666666666664
0.00494895405648936,0.004948954041288679,0.004946346474761164,38.458333333333336
0.004950403215477351,0.004950403175564785,0.0049477500219896825,38.5
0.004951723932982911,0.004951723908395009,0.004948998566534729,38.541666666666664
0.004952823674745131,0.004952823298356117,0.004950002881722776,38.583333333333336
0.004953623379438292,0.004953623111649773,0.0049506919613215615,38.625
0.004954064022635998,0.004954063937346044,0.0049510123856112585,38.666666666666664
0.004954111393088161,0.004954111425715341,0.004950938154565681,38.708333333333336
0.0049537565976514285,0.0049537566265372935,0.004950469397789322,38.75
0.0049530212044591624,0.004953021191309676,0.004949636805515711,38.791666666666664
0.004951976614947741,0.004951976576904721,0.0049485201714260674,38.833333333333336
0.00495070724101034,0.004950707215464186,0.004947210597443253,38.875
0.00494930322604428,0.004949303204471446,0.004945802236396129,38.916666666666664
0.004947858986603752,0.004947858994344673,0.004944390422952353,38.958333333333336
0.004946469096578421,0.004946469106222181,0.004943067353750675,39.0
0.004945223226946218,0.004945223119613325,0.004941917183604618,39.041666666666664
0.004944200692233762,0.004944201411517073,0.004941012418389137,39.083333333333336
0.00494346683523974,0.004943467473319341,0.0049404088999385155,39.125
0.004943068730746343,0.004943069107501738,0.004940143989447952,39.166666666666664
0.004943031571172247,0.004943031618448732,0.00494023416020894,39.208333333333336
0.0049433578818842295,0.004943357678559503,0.004940674148091527,39.25
0.0049440314062552,0.004944031301812541,0.004941441603626929,39.291666666666664
0.00494502008176825,0.004945020018677958,0.004942499392847729,39.333333333333336
0.0049462574463341735,0.004946257411784657,0.004943778117921504,39.375
0.004947658607390015,0.00494765858682762,0.004945191426192218,39.416666666666664
0.004949129260146599,0.004949129234854174,0.00494664502227386,39.458333333333336
0.004950570396341063,0.004950570375013007,0.004948041184839883,39.5
0.004951883378013703,0.00495188334085775,0.00494928372189594,39.541666666666664
0.0049529759844207264,0.004952975930507078,0.004950283702662679,39.583333333333336
0.004953769489089904,0.00495376949889928,0.004950970044403294,39.625
0.004954205240609167,0.004954205320974104,0.004951289378452873,39.666666666666664
0.004954249301231788,0.004954249413428414,0.004951215839720584,39.708333333333336
0.004953893019434233,0.004953893118660966,0.004950749438063447,39.75
0.004953158292434534,0.004953158356488664,0.0049499208003289845,39.791666666666664
0.0049521160187214,0.004952116035915605,0.004948808855187036,39.833333333333336
0.004950850053435438,0.004950850064909538,0.004947503906936708,39.875
0.0049494501593899416,0.004949450175155917,0.004946099558482271,39.916666666666664
0.004948010416382001,0.004948010452445129,0.00494469074203744,39.958333333333336
0.004946625077390978,0.004946625118151437,0.004943369609266273,40.0
0.004945383371903166,0.004945383395151601,0.004942219782546359,40.041666666666664
0.0049443646437829164,0.004944365311590148,0.004941313542630504,40.083333333333336
0.004943633511716502,0.004943634158167484,0.004940707374497434,40.125
0.004943236988980395,0.004943237507596384,0.0049404383676484006,40.166666666666664
0.004943200201474068,0.004943200320117007,0.00494052335960903,40.208333333333336
0.004943528224636528,0.004943525196590802,0.0049409571083512144,40.25
0.004944197930357151,0.004944196236212166,0.0049417174827938335,40.291666666666664
0.004945181675207306,0.004945180723754335,0.004942767404177098,40.333333333333336
0.0049464130821977315,0.004946412557708529,0.004944037918762883,40.375
0.004947807580229567,0.004947807265108062,0.004945443151352334,40.416666666666664
0.004949271110375402,0.004949270932089914,0.004946889135929623,40.458333333333336
0.004950705080334547,0.004950704804994032,0.00494827850966212,40.5
0.004952011070843354,0.004952010745681024,0.004949515640788475,40.541666666666664
0.004953097295876718,0.0049530971556877995,0.0049505121226570475,40.583333333333336
0.004953885324515815,0.004953885168010298,0.004951195407925838,40.625
0.004954316718866262,0.00495431674405151,0.004951513357449602,40.666666666666664
0.0049543577877959955,0.004954357857425665,0.0049514399658618004,40.708333333333336
0.004954000166179868,0.004954000229011169,0.004950975196308007,40.75
0.00495326589985919,0.004953265947280304,0.004950149569408433,40.791666666666664
0.004952225488504543,0.004952225487048539,0.004949041288796771,40.833333333333336
0.00495096229303006,0.004950962293883685,0.004947739975010343,40.875
0.004949565771569358,0.004949565770343162,0.004946338766459314,40.916666666666664
0.0049481297173743196,0.004948129740992751,0.004944932279895278,40.958333333333336
0.004946748063869646,0.004946748316048418,0.004943612205844267,41.0
0.00494550977352961,0.004945509923117762,0.0049424625191330125,41.041666666666664
0.004944493912232892,0.004944494675138264,0.004941555265813677,41.083333333333336
0.00494376487155572,0.004943765443897392,0.004940946602568515,41.125
0.004943369473803048,0.004943369712626605,0.004940674060258259,41.166666666666664
0.0049433327062387376,0.004943332607494445,0.0049407543361225685,41.208333333333336
0.004943656748240852,0.004943656285841137,0.004941182612060526,41.25
0.004944325146822143,0.0049443248915484695,0.004941936790865901,41.291666666666664
0.004945305685419901,0.00494530554242758,0.004942979799277046,41.333333333333336
0.004946532499907582,0.004946532426229328,0.004944243075185439,41.375
0.004947921449097098,0.0049479214158955195,0.004945641152379305,41.416666666666664
0.004949378972144897,0.004949378937481166,0.004947080415423162,41.458333333333336
0.004950806725271577,0.004950806699976757,0.0049484637737445564,41.5
0.004952106757088581,0.0049521067209259565,0.004949695717105503,41.541666666666664
0.004953187460147543,0.004953186566908515,0.004950688430550536,41.583333333333336
0.004953970699182912,0.004953970274360279,0.004951368913808571,41.625
0.004954398294392976,0.004954398122824716,0.004951685489314312,41.666666666666664
0.004954436728110884,0.004954436688165802,0.004951611936828421,41.708333333333336
0.004954077824332123,0.004954077837514795,0.004951148218043211,41.75
0.004953343848163911,0.004953343884806544,0.004950324789775517,41.791666666666664
0.00495230479835314,0.004952304827487343,0.004949219233730611,41.833333333333336
0.0049510437609435205,0.004951043798280585,0.004947920646092052,41.875
0.004949649867883224,0.004949649907059041,0.004946521779311572,41.916666666666664
0.004948216683909494,0.004948216731185377,0.004945116979026421,41.958333333333336
0.004946837901190777,0.004946837929343091,0.004943797725612242,42.0
0.004945602201944924,0.004945602234672701,0.004942647864904243,42.041666666666664
0.004944588469293687,0.0049445885025953765,0.004941739385062401,42.083333333333336
0.0049438610958551284,0.004943861131969808,0.004941128455992548,42.125
0.004943466212065843,0.004943466202320506,0.004940852657467015,42.166666666666664
0.00494342850579446,0.00494342878240845,0.004940928853236708,42.208333333333336
0.00494375113145467,0.004943751287640385,0.0049413523114892706,42.25
0.004944417342158191,0.004944417436940462,0.004942101049617349,42.291666666666664
0.004945394484450528,0.004945394535368202,0.004943138035718686,42.333333333333336
0.004946616952433307,0.004946616987529661,0.004944395018036296,42.375
0.0049480009366042665,0.004948000956998617,0.004945786861027054,42.416666666666664
0.004949453146371594,0.004949453147102157,0.0049472202299652174,42.458333333333336
0.004950875534003899,0.0049508755330240645,0.004948598401636281,42.5
0.004952170384930997,0.004952170364007918,0.004949825799149998,42.541666666666664
0.004953246338618951,0.004953246250444177,0.004950814964290736,42.583333333333336
0.0049540254803809415,0.00495402550921057,0.004951492733436278,42.625
0.004954449809368631,0.004954449892888615,0.004951807654114751,42.666666666666664
0.004954485946832108,0.004954486059290039,0.0049517335103390295,42.708333333333336
0.004954125858880612,0.004954125950728876,0.0049512701739384945,42.75
0.004953391922713958,0.004953391963707056,0.00495044805168583,42.791666666666664
0.004952353831145409,0.004952353839243623,0.004949344284613128,42.833333333333336
0.0049510943293281425,0.004951094343482233,0.004948047501800314,42.875
0.00494970234876185,0.004949702357048327,0.004946650153142562,42.916666666666664
0.004948271214160667,0.004948271247258387,0.004945246195010931,42.958333333333336
0.004946894442833306,0.004946894465919524,0.004943927284951537,43.0
0.004945660538018356,0.004945660543866758,0.004942776975683677,43.041666666666664
0.004944648145593383,0.0049446480977093895,0.00494186722478122,43.083333333333336
0.004943921229127092,0.0049439215012050544,0.00494125418278946,43.125
0.0049435263987725134,0.004943526690137577,0.00494097547004848,43.166666666666664
0.004943487828487589,0.004943488517559656,0.0049410480741077295,43.208333333333336
0.004943810198847739,0.0049438095266245334,0.0049414672707254895,43.25
0.004944473819002494,0.0049444734406434146,0.004942211278169233,43.291666666666664
0.004945447628219192,0.00494544740933787,0.004943243091060845,43.333333333333336
0.004946666163538092,0.004946666047371835,0.004944494682944463,43.375
0.004948045808513158,0.004948045735669836,0.00494588117165968,43.416666666666664
0.004949493481130459,0.004949493476058613,0.004947309448113474,43.458333333333336
0.004950911333966211,0.0049509113214385595,0.004948682969958922,43.5
0.004952201847654639,0.0049522019232093855,0.004949906261231876,43.541666666666664
0.004953273845537638,0.004953274046087211,0.004950892148029348,43.583333333333336
0.004954049572139695,0.004954049720088846,0.004951567444455182,43.625
0.004954471169940233,0.0049544712567094334,0.004951880634703378,43.666666666666664
0.004954505299533632,0.004954505458218441,0.004951805540495969,43.708333333333336
0.004954144146199571,0.004954144260001223,0.004951342067862332,43.75
0.00495341002818641,0.004953410128946826,0.004950520489818877,43.791666666666664
0.0049523724284616846,0.004952372487885743,0.0049494175498568625,43.833333333333336
0.004951113856998709,0.004951113923321976,0.0049481216600563436,43.875
0.004949723058204394,0.004949723120407282,0.004946724984025246,43.916666666666664
0.0049482931908894695,0.004948293258537693,0.004945321468454656,43.958333333333336
0.004946917592836073,0.004946917873351509,0.004944002127454309,44.0
0.004945684650628777,0.004945684947917363,0.0049428510657297045,44.041666666666664
0.004944672692157271,0.004944673707067405,0.00494193987599611,44.083333333333336
0.004943946087637884,0.004943946778758873,0.004941324726816996,44.125
0.004943552267486709,0.004943551269267392,0.004941043579289416,44.166666666666664
0.004943512089532026,0.004943512112798607,0.0049411128829380145,44.208333333333336
0.004943831320780604,0.004943831460175927,0.0049415283422798535,44.25
0.004944493149223408,0.004944493126551188,0.004942268329043048,44.291666666666664
0.004945464297558476,0.004945464275270669,0.004943295799951401,44.333333333333336
0.004946679626464804,0.0049466793962583385,0.004944542876877676,44.375
0.004948055767200936,0.004948055575143762,0.004945924883935553,44.416666666666664
0.004949499756901327,0.004949499641167834,0.0049473489055118485,44.458333333333336
0.004950913996635564,0.004950914047598001,0.004948718331000005,44.5
0.004952201017076278,0.004952201101733967,0.004949938223401332,44.541666666666664
0.0049532698503320155,0.004953270053128232,0.00495092110905133,44.583333333333336
0.004954042874465965,0.004954043009711088,0.004951593832534614,44.625
0.004954462276614383,0.00495446234400897,0.004951905246224837,44.666666666666664
0.0049544948113959715,0.00495449492943272,0.004951828889600878,44.708333333333336
0.004954132619410607,0.004954132708833106,0.004951364660067333,44.75
0.004953398112331397,0.004953398146468086,0.004950542812701669,44.791666666666664
0.00495236056346513,0.004952360579328545,0.00494943987553664,44.833333333333336
0.004951102313814538,0.004951102340014971,0.0049481439521378645,44.875
0.004949711962228567,0.004949711992668198,0.004946747096854556,44.916666666666664
0.004948282552039375,0.004948282522212211,0.004945343135375974,44.958333333333336
0.0049469072966979956,0.00494690728696738,0.004944023176041557,45.0
0.004945674465739715,0.004945674406881543,0.0049428708371746085,45.041666666666664
0.004944662504783141,0.004944662478574617,0.0049419579926338825,45.083333333333336
0.004943935282960324,0.00494393552506425,0.004941340795161098,45.125
0.004943539237734485,0.004943539348209212,0.0049410572116367815,45.166666666666664
0.004943499123690474,0.004943498807587683,0.004941123713241322,45.208333333333336
0.004943817045614731,0.004943816457489869,0.004941536111562,45.25
0.0049444764374774325,0.004944476108916938,0.004942272756406081,45.291666666666664
0.004945445041517053,0.004945444855646248,0.004943296650020703,45.333333333333336
0.004946657621145596,0.004946657526068817,0.004944540066107718,45.375
0.004948030899364764,0.0049480308358934395,0.004945918447000877,45.416666666666664
0.004949472014760762,0.004949471971937957,0.004947338916727072,45.458333333333336
0.004950883456576362,0.004950883431722493,0.004948705048335612,45.5
0.004952167870192131,0.004952168017374484,0.004949921831343618,45.541666666666664
0.004953234341225076,0.00495323428069481,0.004950901910890478,45.583333333333336
0.004954005329996192,0.004954005377160386,0.0049515724848501995,45.625
0.004954423065343045,0.004954423152442148,0.004951881929918764,45.666666666666664
0.004954454303298008,0.004954454424433645,0.004951803934669705,45.708333333333336
0.004954091184965779,0.004954091279896776,0.0049513383716792295,45.75
0.004953356077605927,0.004953356130786308,0.004950515434355215,45.791666666666664
0.0049523181546228786,0.004952318157495949,0.004949411550371705,45.833333333333336
0.00495105961667581,0.004951059624228606,0.004948114705482753,45.875
0.0049496689845739475,0.004949668998260548,0.00494671686645511,45.916666666666664
0.004948239231852548,0.004948239255983806,0.004945311729015744,45.958333333333336
0.004946863464971032,0.004946863503726938,0.004943990318884687,46.0
0.004945629976180365,0.004945629788468167,0.004942836527885247,46.041666666666664
0.004944617136917399,0.004944617043202227,0.004941921953647988,46.083333333333336
0.004943888727363307,0.004943888780592653,0.004941302790929942,46.125
0.004943490964311863,0.004943491281786036,0.004941016751776819,46.166666666666664
0.00494344931960952,0.004943449257891359,0.004941080880009056,46.208333333333336
0.004943765391595742,0.004943765049653456,0.004941490789288957,46.25
0.004944422914989445,0.00494442268255667,0.004942224750836797,46.291666666666664
0.004945389461380952,0.004945389319640134,0.004943245898298502,46.333333333333336
0.004946599936762072,0.0049465998527667724,0.00494448653232643,46.375
0.004947971094532103,0.004947971041506625,0.004945862130116343,46.416666666666664
0.004949410175473205,0.004949410135488712,0.004947279875922976,46.458333333333336
0.004950819667986274,0.004950819634984293,0.004948643422573178,46.5
0.00495210231948107,0.00495210234377926,0.004949857778919786,46.541666666666664
0.004953167296378221,0.004953167427077385,0.004950835355509591,46.583333333333336
0.004953936918694419,0.004953937021211633,0.004951503674739128,46.625
0.00495435350378475,0.004954353563114881,0.004951810965388453,46.666666666666664
0.004954383762929122,0.004954383900244871,0.0049517309973019655,46.708333333333336
0.004954019828802584,0.004954019919219421,0.004951263551835792,46.75
0.004953283892568965,0.004953283943989998,0.004950438746788906,46.791666666666664
0.004952245122527212,0.004952245148425636,0.0049493329967784366,46.833333333333336
0.004950985690598909,0.004950985718762587,0.004948034283598322,46.875
0.004949594076696078,0.00494959412036896,0.004946634593457619,46.916666666666664
0.004948163167903621,0.0049481632241570265,0.004945227564837419,46.958333333333336
0.004946786119821267,0.004946786154457658,0.0049439044233480865,47.0
0.004945551123933512,0.004945551128896058,0.004942748606788667,47.041666666666664
0.004944536408870952,0.00494453658960629,0.004941832019254012,47.083333333333336
0.004943806302249542,0.004943806576645974,0.004941210964014239,47.125
0.0049434082926416625,0.00494340710587068,0.004940923064684738,47.166666666666664
0.004943363171591522,0.004943363087059201,0.0049409850495152514,47.208333333333336
0.004943677056271428,0.0049436769613882105,0.0049413928051769175,47.25
0.004944332734218439,0.004944332686423777,0.004942124634968226,47.291666666666664
0.004945297603215351,0.004945297571231698,0.004943143723509287,47.333333333333336
0.004946506539991104,0.0049465065252216585,0.004944382358424549,47.375
0.004947876343733396,0.004947876307960456,0.004945755984188457,47.416666666666664
0.0049493141998213684,0.0049493142241384645,0.00494717173389341,47.458333333333336
0.004950722664995322,0.004950722816818036,0.0049485333287099635,47.5
0.0049520044082183795,0.004952004528458904,0.004949745472219479,47.541666666666664
0.004953068565575039,0.004953068798882293,0.004950721144276732,47.583333333333336
0.00495383755528126,0.004953837707225049,0.004951387246841544,47.625
0.004954253548160775,0.004954253634074211,0.004951692214141166,47.666666666666664
0.004954283211932853,0.004954283340547707,0.00495160991969367,47.708333333333336
0.004953918504818684,0.004953918599653528,0.00495113997679971,47.75
0.004953181532867953,0.004953181595743885,0.00495031246078124,47.791666666666664
0.004952141498744957,0.0049521415267679446,0.004949203926526276,47.833333333333336
0.004950880579544888,0.004950880604597194,0.0049479024409357815,47.875
0.004949487256401141,0.004949487268810904,0.004946500040439977,47.916666666666664
0.004948054411661649,0.004948054440432392,0.004945090425996816,47.958333333333336
0.004946675211658645,0.004946675231474343,0.004943764656861944,48.0
0.0049454379565000185,0.004945437904290236,0.004942606604958128,48.041666666666664
0.004944420841704102,0.004944420949625486,0.004941687887339819,48.083333333333336
0.004943688215543181,0.00494368882875263,0.004941064649635001,48.125
0.004943286482031186,0.004943286777329792,0.004940774808455482,48.166666666666664
0.004943240410413661,0.0049432404243481545,0.00494083524942915,48.208333333333336
0.004943552411389453,0.00494355209960465,0.00494124146875026,48.25
0.0049442062160237315,0.004944206043527341,0.004941971906156995,48.291666666666664
0.004945169667469075,0.00494516956852752,0.004942989772459712,48.333333333333336
0.004946377592951762,0.0049463775416400705,0.004944227276177093,48.375
0.004947746692607207,0.004947746668630898,0.004945599765856504,48.416666666666664
0.0049491841547397546,0.0049491841228625835,0.004947014291373429,48.458333333333336
0.004950592385437605,0.004950592362387539,0.0049483745014202276,48.5
0.004951874102541782,0.004951874113980715,0.0049495850623504515,48.541666666666664
0.004952938299105046,0.0049529384534509144,0.004950558709133333,48.583333333333336
0.0049537073043751986,0.004953707413294226,0.004951222766775749,48.625
0.004954123215861239,0.004954123345028999,0.004951525457925924,48.666666666666664
0.004954152607621483,0.004954152735794593,0.004951440422526393,48.708333333333336
0.004953787232271429,0.00495378732869051,0.004950967375114014,48.75
0.004953049042194021,0.0049530490862466385,0.004950136341054207,48.791666666666664
0.004952007279681738,0.004952007305523259,0.004949024053351521,48.833333333333336
0.004950744275110434,0.00495074429403911,0.00494771882632446,48.875
0.004949348499283645,0.004949348522665179,0.004946312822150653,48.916666666666664
0.004947912947088033,0.004947912972504707,0.004944899861584787,48.958333333333336
0.004946530778971649,0.004946530799879954,0.00494357102268303,49.0
0.004945290320655025,0.004945290347714159,0.004942410249300811,49.041666666666664
0.0049442702302233445,0.004944270228174113,0.004941489188950738,49.083333333333336
0.00494353472858356,0.004943534706031638,0.004940864009467305,49.125
0.004943129972667374,0.0049431302141940475,0.00494057247574645,49.166666666666664
0.0049430807237691035,0.004943081240056502,0.004940631486114471,49.208333333333336
0.004943391228683556,0.00494339069806965,0.004941036700497817,49.25
0.004944043256754095,0.0049440429338782664,0.0049417663634537265,49.291666666666664
0.00494500560457906,0.004945005411309091,0.004942783750719232,49.333333333333336
0.004946213064398979,0.004946212962814301,0.004944020941934123,49.375
0.004947582196082454,0.004947582122690177,0.004945393091177425,49.416666666666664
0.004949020042040695,0.0049490199943337644,0.004946807136202949,49.458333333333336
0.004950428942432471,0.004950429047598962,0.004948166256356061,49.5
0.00495171142103481,0.004951711539898244,0.004949375917893745,49.541666666666664
0.004952776438943148,0.00495277663423435,0.004950347279215252,49.583333333333336
0.004953546187340545,0.004953546232537041,0.00495100963149918,49.625
0.004953962552073834,0.00495396268188104,0.004951309834815908,49.666666666666664
0.004953991995359962,0.004953992134782857,0.00495122173055237,49.708333333333336
0.004953626035825763,0.004953626134318576,0.004950744971090656,49.75
0.004952886401362767,0.0049528864401481194,0.004949909540129964,49.791666666666664
0.004951842491346248,0.004951842510152206,0.004948792531723367,49.833333333333336
0.004950576796887593,0.004950576807282252,0.004947482594275665,49.875
0.004949177881147469,0.004949177905788408,0.00494607210867221,49.916666666666664
0.004947738811374333,0.004947738835867507,0.004944655025371235,49.958333333333336
0.004946352862258872,0.0049463531113407375,0.004943322558793204,50.0
0.00494510848946993,0.004945108788370756,0.0049421586909594,50.041666666666664
0.004944084482397484,0.004944084651539155,0.0049412350959686735,50.083333333333336
0.004943345255696923,0.004943345310423852,0.004940607979179627,50.125
0.004942937119382031,0.0049429371280183595,0.0049403149973396825,50.166666666666664
0.004942884978596716,0.004942885199622645,0.004940373150032017,50.208333333333336
0.00494319331304285,0.0049431925324900546,0.004940777835020187,50.25
0.004943843674066133,0.004943843237867714,0.004941507315196033,50.291666666666664
0.004944805338555777,0.004944805091868787,0.004942524977211948,50.333333333333336
0.004946012930911654,0.004946012793158928,0.00494376266562596,50.375
0.004947382815593802,0.00494738273782274,0.004945135284849381,50.416666666666664
0.00494882189561721,0.004948821836497362,0.004946549561872643,50.458333333333336
0.004950232298482885,0.004950232255899641,0.004947908837878097,50.5
0.004951516453954275,0.004951516408128827,0.0049491174739655745,50.541666666666664
0.004952583076748802,0.004952582215388483,0.004950088037969119,50.583333333333336
0.004953354178040038,0.004953353795664461,0.004950747834904729,50.625
0.004953771556734355,0.004953771395537302,0.00495104510781716,50.666666666666664
0.004953801412465181,0.0049538013817846,0.004950953357654046,50.708333333333336
0.0049534349603909695,0.004953434975748494,0.004950472093968579,50.75
0.0049526936654392005,0.004952693686890052,0.004949631250062433,50.791666666666664
0.004951647203769718,0.004951647202367133,0.004948508451164943,50.833333333333336
0.004950378227362453,0.004950378230429474,0.0049471928024480945,50.875
0.004948975475897848,0.004948975495047747,0.004945776912669354,50.916666666666664
0.004947532087171446,0.00494753212440741,0.004944354985948725,50.958333333333336
0.004946141542581695,0.004946141801820323,0.004943018422864315,51.0
0.00494489246997368,0.004944892771992427,0.0049418510161682375,51.041666666666664
0.004943863801363194,0.004943864000605607,0.0049409252209699816,51.083333333333336
0.004943119972163321,0.00494312031701471,0.004940296015598395,51.125
0.004942708017985066,0.00494270826101348,0.004940001699179833,51.166666666666664
0.004942653188507379,0.004942653265479716,0.004940059239179011,51.208333333333336
0.004942958626993004,0.004942958166495496,0.004940463900365956,51.25
0.004943607573431723,0.004943607322174127,0.004941193876152885,51.291666666666664
0.004944568961628561,0.004944568821828561,0.004942212581104575,51.333333333333336
0.004945777289358406,0.0049457772169139505,0.004943451598066249,51.375
0.0049471486716849925,0.004947148634804326,0.004944825472914345,51.416666666666664
0.0049485898044226845,0.004948589652903256,0.004946240730971809,51.458333333333336
0.004950002592282688,0.004950002501981339,0.004947600227541671,51.5
0.004951289256320554,0.004951289182014437,0.004948808726027939,51.541666666666664
0.004952358289472044,0.004952358211333737,0.0049497780196173765,51.583333333333336
0.004953131484135585,0.004953131400166131,0.004950435588629852,51.625
0.004953550393681492,0.00495355042089719,0.004950729686565447,51.666666666666664
0.004953580979869693,0.004953581048028303,0.004950633692363315,51.708333333333336
0.004953214175336321,0.00495321421888387,0.004950147177561771,51.75
0.004952471071430461,0.004952471041622673,0.004949300023764005,51.791666666666664
0.004951421585866097,0.004951421526693107,0.004948170383375296,51.833333333333336
0.004950148720400154,0.004950148673309079,0.004946847900762436,51.875
0.004948741381346027,0.004948741350167271,0.004945425624309613,51.916666666666664
0.00494729292017996,0.004947292916634851,0.004943998018220127,51.958333333333336
0.004945896956897351,0.004945896954086932,0.004942656644068021,52.0
0.004944642334327081,0.0049446423206483,0.0049414853997287785,52.041666666666664
0.004943608321163314,0.004943608297085812,0.004940556291706971,52.083333333333336
0.004942859770418763,0.004942859785667317,0.004939925608841571,52.125
0.004942443425806558,0.004942443416791614,0.004939630586214056,52.166666666666664
0.004942384570366364,0.004942384915698135,0.00493968815251638,52.208333333333336
0.004942687016768789,0.004942687160164758,0.004940093408009898,52.25
0.0049433348967246205,0.004943334978312739,0.00494082462258117,52.291666666666664
0.004944296501946504,0.004944296550192146,0.004941845211077611,52.333333333333336
0.004945506198279453,0.00494550623132351,0.004943086409975013,52.375
0.00494687987321834,0.004946879866940416,0.004944462387375494,52.416666666666664
0.004948323868811232,0.004948323921220233,0.004945879209506071,52.458333333333336
0.004949739935793355,0.004949740085217149,0.0049472396395813375,52.5
0.004951029947079638,0.004951030101039842,0.004948448118361973,52.541666666666664
0.0049521021816519364,0.004952101484621037,0.004949416484809944,52.583333333333336
0.004952878164334666,0.0049528778655445055,0.004950071836886108,52.625
0.004953299144274618,0.004953299089495519,0.004950362196104708,52.666666666666664
0.004953330818239276,0.004953330843477856,0.0049502613862598376,52.708333333333336
0.004952963714907833,0.0049529637492498856,0.004949768753143699,52.75
0.004952218508186716,0.004952218523589952,0.004948914154793395,52.791666666666664
0.004951165551002761,0.004951165567384047,0.004947776487330848,52.833333333333336
0.004949888230882562,0.004949888252250997,0.004946446087540463,52.875
0.004948475643310616,0.004948475688015835,0.004945016453780234,52.916666666666664
0.004947021352209233,0.004947021356579382,0.0049435823647107115,52.958333333333336
0.0049456191881512,0.0049456191996140614,0.0049422356212772516,53.0
0.004944358282429339,0.004944358302876,0.004941060190549756,53.041666666666664
0.004943318160519609,0.004943318159059125,0.004940128203683667,53.083333333333336
0.0049425640025145745,0.00494256398431213,0.004939495880493824,53.125
0.004942142821656365,0.004942142789131547,0.004939200355617319,53.166666666666664
0.004942080084930082,0.004942080451890897,0.004939258411363034,53.208333333333336
0.004942380669649527,0.004942380003730061,0.004939664902167983,53.25
0.004943026967841656,0.00494302656170246,0.004940398113874247,53.291666666666664
0.0049439887816075875,0.004943988541848437,0.004941421447310121,53.333333333333336
0.004945200223280917,0.0049452000874744126,0.004942665708802607,53.375
0.004946576757585136,0.0049465766562345635,0.004944044560391942,53.416666666666664
0.004948024401026539,0.004948024331080772,0.004945463774283496,53.458333333333336
0.004949444539873843,0.004949444480320983,0.004946825760921667,53.5
0.004950738745870872,0.004950738708557144,0.004948034409014013,53.541666666666664
0.004951814994746388,0.004951814886392829,0.004949000952452366,53.583333333333336
0.004952594462689565,0.0049525943891328686,0.00494965413229563,53.625
0.004953018035893879,0.0049530181093247186,0.004949940642898187,53.666666666666664
0.004953051153015779,0.004953051254702676,0.004949834387116267,53.708333333333336
0.004952683847747662,0.004952683935604113,0.004949334785706882,53.75
0.004951936343844308,0.004951936409540262,0.004948471695432811,53.791666666666664
0.004950879524097197,0.004950879558808939,0.00494732481289958,53.833333333333336
0.004949597144961103,0.004949597176633132,0.004945985365898456,53.875
0.004948178611175937,0.004948178631334834,0.004944547372984528,53.916666666666664
0.004946717685544171,0.004946717718878644,0.004943105998326294,53.958333333333336
0.00494530850999332,0.004945308542429881,0.004941753510828721,54.0
0.004944040542367017,0.004944040533891466,0.004940573719128991,54.041666666666664
0.004942993545039086,0.004942993571407556,0.004939638666099967,54.083333333333336
0.00494223294346985,0.004942233348467119,0.004939004658533528,54.125
0.00494180650220546,0.004941806815725004,0.004938709032518758,54.166666666666664
0.0049417401786184525,0.004941740275123988,0.004938768085557579,54.208333333333336
0.004942037264058005,0.004942036995095005,0.004939176641433449,54.25
0.004942682487069453,0.004942682334369652,0.004939912638563657,54.291666666666664
0.004943645138814135,0.004943645052272635,0.0049409395843285735,54.333333333333336
0.004944859053302325,0.004944859005190174,0.00494218779784182,54.375
0.0049462392669563544,0.004946239226091987,0.004943570372696055,54.416666666666664
0.004947691424779606,0.004947691460735137,0.004944992522638522,54.458333333333336
0.004949116539565709,0.004949116668344843,0.00494635643005253,54.5
0.004950415843436681,0.004950415886040276,0.004947565615950668,54.541666666666664
0.004951496861278444,0.004951496855530665,0.004948531940514139,54.583333333333336
0.004952280452119624,0.004952280408956966,0.004949181827162591,54.625
0.004952707211014471,0.00495270725895139,0.004949463547183326,54.666666666666664
0.004952742141455798,0.004952742222796136,0.004949350906590592,54.708333333333336
0.004952374771324464,0.004952374844156508,0.004948843171315097,54.75
0.00495162483037051,0.004951624885722152,0.004947970130588366,54.791666666666664
0.004950563674820168,0.004950563712437503,0.004946812669888443,54.833333333333336
0.0049492756392898185,0.004949275679262867,0.004945462866994737,54.875
0.004947850436373206,0.0049478504670522295,0.004944015427776066,54.916666666666664
0.004946382131183582,0.004946382175359437,0.004942565959409596,54.958333333333336
0.004944965176192878,0.004944965423860456,0.004941206653923261,55.0
0.004943689318632192,0.0049436894857225,0.004940022159925261,55.041666666666664
0.004942634836248988,0.004942634798181178,0.004939084383381743,55.083333333333336
0.004941867633381282,0.004941867644367641,0.004938449338949722,55.125
0.00494143537987946,0.004941435243639695,0.004938154179934469,55.166666666666664
0.004941364148112504,0.0049413642092231485,0.004938215066702399,55.208333333333336
0.00494165892106854,0.004941658158792675,0.0049386263545336834,55.25
0.004942302912559405,0.004942302442734841,0.004939365975055086,55.291666666666664
0.00494326655116864,0.004943266280673106,0.004940397479565836,55.333333333333336
0.0049444833661627845,0.00494448321725018,0.004941650564494773,55.375
0.004945867939032169,0.004945867828778166,0.004943037681851239,55.416666666666664
0.004947325385491237,0.004947325314827568,0.004944463497294244,55.458333333333336
0.004948756300204866,0.004948756315372856,0.004945829592453849,55.5
0.004950061483405677,0.004950061604622621,0.004947039426972123,55.541666666666664
0.004951148112698206,0.004951148297141956,0.0049480037617814976,55.583333333333336
0.004951936608125009,0.0049519366395942635,0.004948650914503436,55.625
0.0049523670753719275,0.004952367208908985,0.004948927637982558,55.666666666666664
0.004952404135329364,0.004952404267622275,0.0049488078287219855,55.708333333333336
0.0049520367983491905,0.004952036915418549,0.004948290925895853,55.75
0.004951284176340193,0.004951284243988941,0.004947406716994085,55.791666666666664
0.004950218274562802,0.004950218321098174,0.004946237270425893,55.833333333333336
0.004948924003881277,0.00494892404230219,0.004944875808049305,55.875
0.004947491446404618,0.004947491497887019,0.0049434177982658435,55.916666666666664
0.004946015020693174,0.004946015066878154,0.004941959385521854,55.958333333333336
0.004944589470764327,0.004944589724974193,0.0049405931607610035,56.0
0.0049433050105168455,0.004943305173402121,0.0049394038737727965,56.041666666666664
0.004942242290239052,0.004942242369495824,0.004938463140242095,56.083333333333336
0.004941467615416299,0.004941467618299287,0.0049378271688355286,56.125
0.004941029071972946,0.004941029047806382,0.0049375332426310845,56.166666666666664
0.004940952943810255,0.004940953359871206,0.0049375965467269994,56.208333333333336
0.004941244139585757,0.0049412442063670415,0.004938011413126852,56.25
0.00494188734834479,0.004941887400195912,0.004938755621568862,56.291666666666664
0.004942852624099909,0.0049428526549481575,0.004939792639908874,56.333333333333336
0.0049440731204545355,0.004944073139717561,0.004941051553289607,56.375
0.0049454628388235986,0.004945462839026626,0.0049424440234858555,56.416666666666664
0.004946926458891748,0.004946926453916392,0.004943874106985088,56.458333333333336
0.004948364101954162,0.004948363929653965,0.004945242919321499,56.5
0.004949676089455612,0.004949676009496315,0.00494645358524881,56.541666666666664
0.004950769096570855,0.004950768298314198,0.004947417186502558,56.583333333333336
0.004951563111181788,0.004951562751846782,0.004948060166264595,56.625
0.004951997860258953,0.00495199777261991,0.004948330665316067,56.666666666666664
0.00495203748326439,0.004952037474661934,0.004948202468121768,56.708333333333336
0.004951670321594681,0.0049516703431175604,0.004947674982995978,56.75
0.004950914826666542,0.004950914845922791,0.004946777997115769,56.791666666666664
0.004949843737557077,0.0049498437439796945,0.004945594991448375,56.833333333333336
0.004948542627042454,0.0049485426454497616,0.0049442204478289805,56.875
0.004947102044766499,0.004947102061681797,0.004942750692036173,56.916666666666664
0.0049456167067182125,0.004945616743776554,0.004941282417494076,56.958333333333336
0.004944181822971197,0.00494418184493126,0.0049399086559307375,57.0
0.004942887984480715,0.0049428880032333904,0.004938714096776072,57.041666666666664
0.004941816291012727,0.004941816226488447,0.004937770846535538,57.083333333333336
0.004941033596129927,0.004941033542233235,0.0049371346468152335,57.125
0.004940588331662881,0.004940588281226557,0.004936842213703277,57.166666666666664
0.004940507581591335,0.00494050750952086,0.0049369089395324035,57.208333333333336
0.004940795225135108,0.0049407950885363705,0.004937328508444421,57.25
0.004941437487595361,0.004941437372535379,0.004938078325731785,57.291666666666664
0.004942404543862807,0.004942404468234237,0.0049391220058118655,57.333333333333336
0.004943629149400603,0.004943629096993477,0.004940387803286636,57.375
0.004945024681696537,0.00494502463752359,0.0049417865433216595,57.416666666666664
0.0049464952545282825,0.004946495221996872,0.0049432215785213075,57.458333333333336
0.004947940422186109,0.004947940354867421,0.004944593462227062,57.5
0.004949260022259752,0.004949259979081222,0.004945804877251916,57.541666666666664
0.004950360270733225,0.004950360349099275,0.004946766902915917,57.583333333333336
0.004951160594281297,0.004951160617441899,0.004947405410540752,57.625
0.00495160015092628,0.0049516002841777824,0.004947668867271492,57.666666666666664
0.0049516426577805635,0.004951642792659328,0.004947531110116735,57.708333333333336
0.004951275777288364,0.004951275880928412,0.004946991610705334,57.75
0.004950517215443426,0.004950517265890652,0.004946080201368708,57.791666666666664
0.0049494404758802174,0.004949440509473521,0.004944881928899658,57.833333333333336
0.004948131951491931,0.004948131977396788,0.004943492749438596,57.875
0.004946682629793341,0.004946682659135397,0.004942009962575062,57.916666666666664
0.004945187674675083,0.004945187709158845,0.004940530924323987,57.958333333333336
0.0049437426802166244,0.004943742706486328,0.004939149100453702,58.0
0.004942438695498244,0.0049424386805760325,0.00493794917074131,58.041666666666664
0.004941357409383125,0.004941357389296722,0.004937003638186262,58.083333333333336
0.004940566075446942,0.004940566223285445,0.004936367756788115,58.125
0.004940113628295493,0.004940113711148419,0.00493607788681013,58.166666666666664
0.004940027137427316,0.004940027434012833,0.004936149045493743,58.208333333333336
0.004940312499281681,0.004940311751131033,0.004936574343865589,58.25
0.004940953580537537,0.004940953145930517,0.004937330896883837,58.291666666666664
0.0049419226253262895,0.004941922372189799,0.004938382349745277,58.333333333333336
0.0049431518315693765,0.004943151692094161,0.004939656078899414,58.375
0.0049445538899078115,0.004944553795754794,0.004941061936693839,58.416666666666664
0.004946032222740876,0.004946032156275161,0.004942502547910378,58.458333333333336
0.00494748580004827,0.004947485748719162,0.00494387776959105,58.5
0.0049488138876671705,0.004948813849678286,0.004945089904345005,58.541666666666664
0.004949922120812492,0.00494992207373128,0.004946049750164804,58.583333333333336
0.004950729400394282,0.00495072932801697,0.004946683125086538,58.625
0.0049511743537678414,0.004951174409312302,0.004946938348614155,58.666666666666664
0.004951220167315206,0.004951220242458866,0.0049467896001712565,58.708333333333336
0.004950853710064284,0.004950853804378465,0.00494623642030417,58.75
0.004950091845218173,0.004950092004101164,0.004945308729946825,58.791666666666664
0.004949009058241931,0.00494900918851243,0.004944093325904006,58.833333333333336
0.004947692523446005,0.004947692619864606,0.004942687813639903,58.875
0.004946233810523293,0.004946233894009195,0.00494119068859257,58.916666666666664
0.004944728486553698,0.004944728448917406,0.004939699875364888,58.958333333333336
0.004943272619449238,0.004943272619319795,0.004938309553992332,59.0
0.004941957813546857,0.004941957872204739,0.004937104586220312,59.041666666666664
0.004940866190462849,0.004940866285557347,0.004936157041011448,59.083333333333336
0.004940065618671319,0.004940065675659202,0.004935522150741543,59.125
0.004939605526594713,0.004939605538204858,0.004935235822970075,59.166666666666664
0.00493951390734587,0.0049395136830899765,0.004935312510768426,59.208333333333336
0.004939795251671977,0.004939794478950816,0.0049357447807142725,59.25
0.004940435619414079,0.0049404351119856586,0.004936509347326196,59.291666666666664
0.00494140715900227,0.004941406862395738,0.004937569845291134,59.333333333333336
0.00494264164837748,0.004942641477958247,0.0049388526695434915,59.375
0.004944050993405839,0.004944050879109667,0.004940266579477877,59.416666666666664
0.004945537938315797,0.00494553785983343,0.00494171329367446,59.458333333333336
0.004947000802556682,0.004947000891167756,0.004943092119900133,59.5
0.0049483382468977054,0.0049483383333937935,0.004944304871488294,59.541666666666664
0.004949455306594687,0.004949455441475149,0.004945261898952664,59.583333333333336
0.004950270253019881,0.004950270328243935,0.004945889092551831,59.625
0.004950721180247158,0.004950721314143377,0.0049461348087345355,59.666666666666664
0.004950770675805435,0.004950770808524016,0.004945973469743719,59.708333333333336
0.004950404774140591,0.004950404879752711,0.004945404729478779,59.75
0.0049496394523818885,0.00494963950722948,0.004944458607025975,59.791666666666664
0.00494855010848865,0.004948550136581154,0.0049432240019271845,59.833333333333336
0.004947224971854667,0.004947224958969116,0.004941800381874685,59.875
0.004945756166263675,0.004945756187283896,0.004940287428697525,59.916666666666664
0.00494423979967007,0.004944239797487531,0.004938784087073764,59.958333333333336
0.004942772331845368,0.004942772332414275,0.004937384696514514,60.0
0.0049414459624605,0.00494144619354516,0.004936174472075906,60.041666666666664
0.004940343349118059,0.004940343475912324,0.0049352258518886374,60.083333333333336
0.00493953297349929,0.0049395330152792885,0.0049345926064948,60.125
0.004939065106800162,0.0049390646929597356,0.004934310879415672,60.166666666666664
0.004938966947324843,0.004938966741679008,0.004934394503060576,60.208333333333336
0.004939243967189572,0.004939244153129604,0.004934835148115912,60.25
0.004939884035576121,0.0049398841050906205,0.00493560919048516,60.291666666666664
0.004940858679481639,0.004940858710997067,0.004936680106421835,60.333333333333336
0.004942099199004325,0.004942099206834292,0.004937973252935596,60.375
0.004943516665337526,0.0049435166629567175,0.004939396180737143,60.416666666666664
0.004945013090362479,0.004945013081876236,0.004940849610265397,60.458333333333336
0.004946486140845473,0.004946486130325889,0.004942232175457405,60.5
0.00494783381632808,0.004947833804491177,0.0049434452781127606,60.541666666666664
0.004948960519128008,0.004948960455818744,0.00494439861223832,60.583333333333336
0.004949783861080469,0.004949783826156845,0.004945018478258736,60.625
0.004950241347240646,0.004950241375052744,0.004945253101145585,60.666666666666664
0.004950294935332697,0.004950294999952892,0.0049450773504417225,60.708333333333336
0.004949929734790517,0.004949929799594407,0.004944490993388561,60.75
0.004949160708653389,0.004949160733017424,0.004943524186899141,60.791666666666664
0.004948064394293893,0.004948064406083271,0.00494226812496176,60.833333333333336
0.004946730070259413,0.004946730080564162,0.004940824382576146,60.875
0.00494525050364614,0.004945250517081912,0.0049392940510151,60.916666666666664
0.00494372234688476,0.004943722331190069,0.004937777017322412,60.958333333333336
0.004942242551895473,0.004942242551617387,0.0049363681584450765,61.0
0.004940903925415112,0.004940903885133268,0.00493515287262023,61.041666666666664
0.004939789677986386,0.004939789722672653,0.0049342028829628135,61.083333333333336
0.0049389689617035295,0.004938969025976226,0.0049335728470966175,61.125
0.004938492591568757,0.004938492261538809,0.004933297337153957,61.166666666666664
0.004938388144708394,0.004938388181229247,0.004933389448463896,61.208333333333336
0.004938661437517523,0.004938661765147238,0.004933840118041318,61.25
0.0049393008974503725,0.0049393010363546945,0.004934625157797258,61.291666666666664
0.004940278775606535,0.004940278834796328,0.004935708046190915,61.333333333333336
0.004941525741848119,0.00494152575506134,0.004937012857957383,61.375
0.004942951997853954,0.004942951989098194,0.004938445826438191,61.416666666666664
0.004944458717280366,0.00494445870071607,0.004939906615323035,61.458333333333336
0.004945942798039128,0.0049459428909278845,0.004941292909450635,61.5
0.004947301550178672,0.004947301705538495,0.004942505651033662,61.541666666666664
0.00494843869585091,0.004948438854275906,0.004943454838453124,61.583333333333336
0.004949271154767071,0.00494927105529732,0.004944065964236712,61.625
0.004949735780015557,0.0049497358417198685,0.0049442878635722965,61.666666666666664
0.004949793849173576,0.0049497939272779455,0.004944095562134356,61.708333333333336
0.00494942951333772,0.004949429580719456,0.004943489208013613,61.75
0.004948656580880796,0.004948656612679926,0.004942499137917769,61.791666666666664
0.004947552805657503,0.004947552825472268,0.0049412190957016655,61.833333333333336
0.0049462086858380865,0.004946208703663891,0.004939753042167028,61.875
0.0049447176946299,0.0049447177161898665,0.004938203669956021,61.916666666666664
0.004943177026102503,0.004943177017925828,0.00493667186567856,61.958333333333336
0.004941684221603818,0.004941684211902935,0.0049352531112591734,62.0
0.004940332622833632,0.004940332581251466,0.004934032787531457,62.041666666666664
0.004939206177523577,0.004939206217393608,0.004933082789606271,62.083333333333336
0.004938374580174173,0.004938374635827297,0.0049324570248487475,62.125
0.00493788892232312,0.004937888927487079,0.004932189189938229,62.166666666666664
0.004937778313826225,0.00493777813754098,0.004932291565913121,62.208333333333336
0.004938047612613346,0.0049380479144371416,0.004932754016243756,62.25
0.00493868646600055,0.004938686668253542,0.004933551786869333,62.291666666666664
0.004939667937174115,0.004939668065821476,0.004934648289287579,62.333333333333336
0.004940921983737747,0.004940922067898257,0.00493596620221903,62.375
0.0049423577894744265,0.0049423578352301295,0.004937410238184364,62.416666666666664
0.00494387565237814,0.004943875672901529,0.0049388789446537015,62.458333333333336
0.004945371678167863,0.004945371686350118,0.004940269043850734,62.5
0.004946742403109507,0.004946742551957164,0.004941481353713312,62.541666666666664
0.0049478907895989304,0.004947890839734806,0.004942425041398347,62.583333333333336
0.0049487331250992654,0.004948733130214128,0.004943025709295206,62.625
0.004949205495811569,0.004949205499891238,0.004943232737958547,62.666666666666664
0.004949268461524601,0.004949268504827146,0.004943021484644521,62.708333333333336
0.004948905125123968,0.004948905172499815,0.0049423924198719,62.75
0.004948128036734869,0.004948128090410616,0.004941376193867819,62.791666666666664
0.004947016363846985,0.004947016388374299,0.0049400693839300154,62.833333333333336
0.004945661840522315,0.004945661867000221,0.004938578614210034,62.875
0.004944158761890098,0.004944158786696614,0.004937008358191224,62.916666666666664
0.004942604853725294,0.004942604894235569,0.004935460678540934,62.958333333333336
0.004941098322931216,0.004941098360035699,0.004934031596119308,63.0
0.004939733124805394,0.004939732965668839,0.0049328066863076215,63.041666666666664
0.004938593830416143,0.004938593800376867,0.004931857924856422,63.083333333333336
0.004937750864447622,0.004937751040310826,0.004931237433275958,63.125
0.004937255848248046,0.004937255958182336,0.004930978994566739,63.166666666666664
0.004937138427433815,0.00493713833914777,0.004931093653439091,63.208333333333336
0.004937404714580915,0.004937404113180711,0.004931569980052484,63.25
0.004938042747958845,0.00493804233888952,0.004932382556622494,63.291666666666664
0.004939027896726398,0.0049390276503662785,0.0049334945491071305,63.333333333333336
0.004940289435777249,0.004940289289513006,0.004934827120400646,63.375
0.0049417354648436974,0.004941735369719353,0.00493628339369979,63.416666666666664
0.004943265256639258,0.004943265191850789,0.004937760616381665,63.458333333333336
0.004944774047773525,0.004944774003034645,0.004939154831689264,63.5
0.004946157574894343,0.004946157655313841,0.0049403657973048,63.541666666666664
0.004947318029289596,0.004947318176522588,0.00494130258996823,63.583333333333336
0.004948170937685533,0.004948170984207438,0.004941891144986105,63.625
0.004948651636417709,0.004948651744734147,0.00494208079135699,63.666666666666664
0.004948719916645082,0.004948720015773897,0.0049418477720598415,63.708333333333336
0.004948357752784727,0.004948357834312339,0.004941192993903269,63.75
0.004947576303613356,0.004947576354469048,0.0049401473827896305,63.791666666666664
0.0049464562158556945,0.0049464562378487694,0.004938810737746142,63.833333333333336
0.004945090687258708,0.004945090711140916,0.0049372926255956,63.875
0.004943574851732004,0.004943574874306744,0.004935699517462665,63.916666666666664
0.004942007079192851,0.004942007092954146,0.0049341347064527285,63.958333333333336
0.0049404861785948126,0.00494048616944095,0.004932694933103239,64.0
0.004939106704843497,0.0049391067048356295,0.00493146595095993,64.04166666666667
0.004937954032075531,0.004937954023845514,0.004930518570978796,64.08333333333333
0.0049370990936229535,0.004937099135208055,0.004929905738395781,64.125
0.00493659430794229,0.004936594335887945,0.004929658952542783,64.16666666666667
0.004936470073837047,0.00493646975958486,0.004929788247006951,64.20833333333333
0.004936731476044498,0.004936731324180496,0.004930280790640782,64.25
0.004937369205777847,0.004937369121403588,0.00493111028914419,64.29166666666667
0.004938358810782225,0.004938358764566909,0.004932239785676456,64.33333333333333
0.0049396287266259735,0.004939628703147435,0.004933588755657677,64.375
0.0049410858779895,0.0049410858547752025,0.004935058450641089,64.41666666666667
0.004942628542443375,0.004942628524245716,0.004936544751501053,64.45833333333333
0.00494415107063316,0.004944151051531279,0.004937942893492045,64.5
0.004945548337013765,0.004945548318323054,0.004939151736714,64.54166666666667
0.0049467217476597365,0.004946721807118024,0.004940080021820499,64.58333333333333
0.0049475858581675665,0.004947585831681746,0.004940654346710801,64.625
0.0049480755142033775,0.004948075613259401,0.004940824133546523,64.66666666666667
0.004948149566396252,0.004948149666696305,0.004940566435323255,64.70833333333333
0.004947788731185342,0.004947788831578884,0.00493988270516849,64.75
0.004947002706126515,0.0049470027673297005,0.004938804282398609,64.79166666666667
0.004945873707236782,0.004945873746571253,0.004937434470388599,64.83333333333333
0.004944496559072709,0.004944496592751245,0.004935886131258342,64.875
0.004942967275285738,0.004942967315510419,0.004934268001404593,64.91666666666667
0.004941384982494784,0.00494138502104558,0.004932684808303242,64.95833333333333
0.004939848992395216,0.0049398490275538815,0.004931233945722915,65.0
0.004938454676217151,0.004938454672076908,0.004930001260526188,65.04166666666667
0.004937287944867104,0.004937287770675852,0.0049290570282822434,65.08333333333333
0.004936420666742521,0.004936420618912788,0.00492845329497172,65.125
0.0049359057893470755,0.004935905825940002,0.004928220524100342,65.16666666666667
0.004935773882056891,0.004935773982604722,0.004928367024866068,65.20833333333333
0.004936031775624168,0.004936031248033671,0.0049288783491498065,65.25
0.004936669027020432,0.004936668677270958,0.004929727326061751,65.29166666666667
0.004937663207557403,0.004937662999160014,0.0049308766854596455,65.33333333333333
0.004938941942247492,0.004938941814142117,0.004932243947888303,65.375
0.004940410915592116,0.004940410831633429,0.004933728436494467,65.41666666666667
0.004941967274707711,0.004941967216580329,0.0049352244904445255,65.45833333333333
0.004943504375235283,0.004943504452375244,0.004936626181425233,65.5
0.004944916213992313,0.004944916392755248,0.004937831650712926,65.54166666666667
0.0049461033174324435,0.004946103301275409,0.004938750331114687,65.58333333333333
0.004946979536248498,0.004946979572799488,0.0049393080264782535,65.625
0.004947478733678215,0.004947478820800139,0.004939455045749902,65.66666666666667
0.004947558966845523,0.004947559066670681,0.004939169306434399,65.70833333333333
0.004947199638772498,0.00494719972658379,0.004938452941427437,65.75
0.004946408729837329,0.0049464087946512756,0.004937337768047693,65.79166666666667
0.004945270317322762,0.004945270355577656,0.004935931012364235,65.83333333333333
0.004943880905922318,0.004943880950705369,0.004934349296067825,65.875
0.004942337552787846,0.004942337595571981,0.004932703832028709,65.91666666666667
0.004940739991210241,0.004940740031794832,0.004931100870662475,65.95833333333333
0.004939188348952558,0.0049391883564276476,0.0049296385702597865,66.0
0.004937778530981102,0.004937778547990897,0.004928402823123366,66.04166666666667
0.004936597366219284,0.004936597414748329,0.004927463548046112,66.08333333333333
0.004935717223493713,0.004935717287026949,0.004926871338767129,66.125
0.004935191802621494,0.004935191857366082,0.0049266550042896635,66.16666666666667
0.0049350523463605285,0.004935052299158371,0.004926821476889072,66.20833333333333
0.004935308189346509,0.004935305385444412,0.004927354469388337,66.25
0.004935944192808096,0.0049359425124444484,0.00492822557102138,66.29166666666667
0.004936942884330545,0.004936941884907033,0.004929397207531567,66.33333333333333
0.004938230849973972,0.004938230252490455,0.004930784823500881,66.375
0.004939712280386435,0.004939711920441321,0.004932285483648001,66.41666666666667
0.004941283097420655,0.004941282876901046,0.004933791874277991,66.45833333333333
0.004942835635047307,0.0049428354996789246,0.004935196993152046,66.5
0.004944262922513632,0.004944262835871685,0.004936398680903778,66.54166666666667
0.004945464570544945,0.004945464577836804,0.00493730537985251,66.58333333333333
0.00494635352651825,0.004946353333118162,0.004937843576875376,66.625
0.004946862899565324,0.004946862867201266,0.004937964430687543,66.66666666666667
0.004946949774022395,0.004946949798541451,0.004937646830838178,66.70833333333333
0.00494659212684511,0.004946592167262528,0.004936893705644423,66.75
0.0049457961038944336,0.004945796152120042,0.0049357374359287045,66.79166666666667
0.004944647727810611,0.004944647756127881,0.0049342896635203954,66.83333333333333
0.004943245415776481,0.00494324541235618,0.004932671150448218,66.875
0.004941687283088197,0.004941687306744383,0.004930995803173062,66.91666666666667
0.004940073848790983,0.004940073873608425,0.004929371591476901,66.95833333333333
0.004938505885952325,0.00493850589291083,0.004927897502938817,67.0
0.0049370800435880775,0.004937080033748413,0.004926659436865501,67.04166666666667
0.004935883820988509,0.00493588433923619,0.004925726382320054,67.08333333333333
0.004934990453376089,0.004934990772630386,0.004925147940055441,67.125
0.004934454207822929,0.004934454272816156,0.004924951485754877,67.16666666666667
0.004934306915376242,0.004934306802674621,0.004925141336973411,67.20833333333333
0.004934555525978382,0.004934555371215108,0.00492569919456524,67.25
0.0049351924304852045,0.004935192381360892,0.004926595531122104,67.29166666666667
0.004936197261735451,0.004936197261160168,0.004927792314003573,67.33333333333333
0.004937495796444758,0.004937495807822663,0.0049292025965454395,67.375
0.004938990930599174,0.004938990941198334,0.0049307210578273895,67.41666666666667
0.004940577387241983,0.004940577399070201,0.0049322385786579135,67.45833333333333
0.0049421464218418,0.004942146437218783,0.004933646935633367,67.5
0.004943590130045926,0.004943590258383116,0.004934843364326459,67.54166666666667
0.0049448071834457645,0.004944807201502725,0.004935735877251717,67.58333333333333
0.004945709715208901,0.004945709787360818,0.004936251864685044,67.625
0.0049462299146307235,0.0049462299934705765,0.004936343108559989,67.66666666666667
0.00494632387720894,0.004946323973016917,0.004935989667306089,67.70833333333333
0.004945968078402145,0.004945968154755722,0.004935195439779612,67.75
0.004945166675057249,0.0049451666931696414,0.004933993568344978,67.79166666666667
0.0049440077530495926,0.0049440077697067075,0.004932500476495297,67.83333333333333
0.004942591868216433,0.0049425918757107865,0.004930841432630389,67.875
0.004941018280223177,0.004941018300196766,0.004929133493388973,67.91666666666667
0.004939388340940958,0.004939388338406286,0.004927486477951044,67.95833333333333
0.004937803453049929,0.00493780344000048,0.004926000248439843,68.0
0.004936361021966343,0.004936361015707518,0.004924760676077152,68.04166666666667
0.004935149306258363,0.00493514978515905,0.004923835926839532,68.08333333333333
0.0049342422546051964,0.004934242802546208,0.004923274025503989,68.125
0.004933694924485362,0.004933695248713,0.004923100446877283,68.16666666666667
0.004933539587644658,0.0049335397672726974,0.004923317166627485,68.20833333333333
0.004933784678501579,0.004933783739689485,0.004923903562057432,68.25
0.0049344210073325795,0.0049344204382249165,0.0049248284804528876,68.29166666666667
0.004935431442847566,0.004935431093258976,0.0049260533975664265,68.33333333333333
0.004936740696654469,0.004936740485258424,0.004927488830009518,68.375
0.004938250031959017,0.004938249896628004,0.004929026746389023,68.41666666666667
0.0049398528024235935,0.004939852692601695,0.004930556068900877,68.45833333333333
0.0049414391560975495,0.00494143917613488,0.004931967402342873,68.5
0.004942900126152319,0.004942900172556733,0.004933157099918409,68.54166666666667
0.004944133433846167,0.004944133270989943,0.004934033494717074,68.58333333333333
0.004945050253242402,0.004945050010349955,0.004934523948746857,68.625
0.004945581775991034,0.0049455817558059206,0.0049345814984774,68.66666666666667
0.004945683316943401,0.004945683347931897,0.00493418768475368,68.70833333333333
0.004945329549180996,0.004945329586428202,0.004933347490268725,68.75
0.004944522454879097,0.004944522437700172,0.004932094876613014,68.79166666666667
0.004943352453696487,0.004943352395626386,0.004930551681706111,68.83333333333333
0.00494192231535037,0.00494192227013216,0.00492884818900896,68.875
0.0049403325927913485,0.004940332571204847,0.004927104717168143,68.91666666666667
0.004938685460922661,0.004938685485326592,0.004925433239708078,68.95833333333333
0.0049370830878236426,0.004937083077782659,0.004923934509457806,69.0
0.004935623551982305,0.004935623537779409,0.004922694365913254,69.04166666666667
0.00493439587721632,0.004934396360805277,0.004921779979022464,69.08333333333333
0.004933474789320953,0.00493347518950393,0.004921237645466897,69.125
0.004932916017018906,0.00493291643649748,0.004921090376417333,69.16666666666667
0.004932752468226854,0.004932752740187339,0.004921337971680318,69.20833333333333
0.0049329918569321705,0.004932991909809419,0.004921956924810866,69.25
0.0049336285414270055,0.004933628555254972,0.004922914171487573,69.29166666666667
0.0049346454973340495,0.004934645517170502,0.0049241706435434384,69.33333333333333
0.004935966427531517,0.00493596643554472,0.004925633939164553,69.375
0.004937490996463911,0.004937490993914901,0.004927193215618648,69.41666666666667
0.00493911112966489,0.004939111131905064,0.004928735244084973,69.45833333333333
0.004940715777851484,0.00494071577852435,0.004930148869300201,69.5
0.004942194938106615,0.004942194952035065,0.004931330327836754,69.54166666666667
0.004943445312063503,0.004943445433487934,0.004932187998553003,69.58333333333333
0.004944377163381493,0.004944377155483435,0.00493264982261207,69.625
0.004944920832425816,0.004944920878226199,0.004932669728080708,69.66666666666667
0.00494503038514223,0.004945030445101109,0.004932230961147889,69.70833333333333
0.004944678812514168,0.004944678869657631,0.004931339836438005,69.75
0.0049438656570570255,0.004943865682209848,0.004930031242116173,69.79166666666667
0.00494268387033457,0.004942683869501966,0.004928432825379579,69.83333333333333
0.0049412387782096,0.004941238777653296,0.0049266805351034235,69.875
0.004939632239112551,0.004939632266988959,0.00492489841913134,69.91666666666667
0.004937967342593106,0.004937967333087637,0.004923200680020319,69.95833333333333
0.004936346893875046,0.004936346862446422,0.0049216890753037805,70.0
0.004934869758228107,0.004934869697679182,0.004920449387186929,70.04166666666667
0.004933625716382696,0.004933625530290419,0.004919548033407672,70.08333333333333
0.004932690300006142,0.00493269028005526,0.004919028383225779,70.125
0.004932120215556127,0.004932119715428233,0.0049189115164390155,70.16666666666667
0.0049319478630628745,0.004931947791936309,0.00491919419663324,70.20833333333333
0.004932182654381566,0.004932182348819554,0.004919849836704523,70.25
0.004932819305341448,0.004932819096372316,0.0049208433390940855,70.29166666666667
0.004933842949406406,0.004933842826295289,0.004922134992172754,70.33333333333333
0.00493517610871787,0.004935176032243635,0.004923629189434037,70.375
0.00493671664070045,0.004936716589581453,0.004925211861118005,70.41666666666667
0.004938355005136004,0.004938354973995281,0.004926767484816408,70.45833333333333
0.004939978873595582,0.004939978868576174,0.004928183837130077,70.5
0.004941477131503609,0.004941477243526149,0.004929356063366345,70.54166666666667
0.00494274544672242,0.0049427453377440525,0.004930192140630018,70.58333333333333
0.004943693080563901,0.004943692915104063,0.004930621306210366,70.625
0.004944249422722602,0.004944249378305611,0.004930598940324243,70.66666666666667
0.00494436747893175,0.004944367488894209,0.004930110099037123,70.70833333333333
0.004944018256386212,0.0049440182849832485,0.004929162517626942,70.75
0.0049431987005887764,0.004943198725286391,0.0049277922152279165,70.79166666666667
0.0049420045070247155,0.004942004525668047,0.004926133338581094,70.83333333333333
0.0049405437081211255,0.004940543705627707,0.004924327730608934,70.875
0.0049389196685881865,0.0049389196973408335,0.004922503677441933,70.91666666666667
0.004937236325983044,0.004937236333465499,0.004920777855310412,70.95833333333333
0.004935597268478787,0.004935597271114158,0.004919253141331167,71.0
0.004934102072512148,0.004934102086350623,0.004918014983980924,71.04166666666667
0.0049328413086730475,0.004932841815968569,0.004917128657019481,71.08333333333333
0.004931891219304728,0.004931891513687991,0.004916635289699088,71.125
0.004931308898111378,0.004931309081366908,0.004916553041874683,71.16666666666667
0.004931128362676167,0.004931128475769894,0.004916875392092853,71.20833333333333
0.004931358294189009,0.004931358121471655,0.004917572365966178,71.25
0.0049319950056363766,0.004931994900272432,0.0049186064705999885,71.29166666666667
0.004933025786810392,0.004933025720038934,0.004919937206570015,71.33333333333333
0.004934371914611027,0.004934371873639168,0.004921465539074099,71.375
0.004935929314889247,0.004935929287098159,0.004923073882931019,71.41666666666667
0.004937586854878729,0.004937586791221709,0.004924644200124577,71.45833333333333
0.004939230894459258,0.0049392308616110795,0.004926062758433155,71.5
0.004940749169588605,0.0049407492553379855,0.004927223965899576,71.54166666666667
0.0049420363188028,0.004942036104373555,0.004928035949097439,71.58333333333333
0.004943000459012908,0.004943000257512717,0.00492842884840754,71.625
0.004943570106731921,0.004943570046021029,0.0049283596673754355,71.66666666666667
0.004943697136344619,0.004943697139792012,0.00492781563163846,71.70833333333333
0.004943350454227705,0.004943350483904817,0.0049268061077895895,71.75
0.004942524094983543,0.004942524136133734,0.004925368232645876,71.79166666666667
0.004941316831019373,0.0049413168277868905,0.004923643132718058,71.83333333333333
0.004939839573305805,0.0049398395917725725,0.004921779517354616,71.875
0.004938197288644235,0.004938197325207008,0.004919910031723279,71.91666666666667
0.0049364948576554836,0.004936494903132496,0.004918154130416122,71.95833333333333
0.004934836702101882,0.004934836693883266,0.004916615862107947,72.0
0.0049333230171407175,0.004933323227771566,0.004915380582148758,72.04166666666667
0.0049320451887080894,0.004932045262755308,0.004914511821872192,72.08333333333333
0.004931080092222073,0.004931080460119588,0.004914048815603411,72.125
0.004930485659863272,0.004930485902563398,0.004914005614517615,72.16666666666667
0.004930296858494303,0.004930296568825126,0.0049143725478537174,72.20833333333333
0.00493052153428622,0.004930521416373283,0.004915115693348267,72.25
0.004931158426016644,0.00493115834581288,0.004916195056989895,72.29166666666667
0.004932196767131686,0.004932196723057051,0.004917569138159729,72.33333333333333
0.004933556584656974,0.004933556552072004,0.004919135101827689,72.375
0.004935131746724678,0.0049351317189386705,0.004920771581642589,72.41666666666667
0.00493680940434819,0.004936809377212804,0.0049223578479513,72.45833333333333
0.004938474558582513,0.004938474536021852,0.004923778226474028,72.5
0.004940013791630555,0.004940013711693043,0.0049249270085453935,72.54166666666667
0.0049413205830721495,0.004941320321899624,0.004925712461883863,72.58333333333333
0.004942301982424969,0.004942301738588993,0.0049260652342631075,72.625
0.004942885581238238,0.004942885508429367,0.004925944513820642,72.66666666666667
0.0049430220889146205,0.004943022080238616,0.00492533982500053,72.70833333333333
0.004942678111872651,0.004942678140759787,0.0049242624168922885,72.75
0.00494184456583445,0.00494184463021221,0.0049227508161355646,72.79166666666667
0.004940623495748527,0.004940623517892592,0.0049209537755139565,72.83333333333333
0.004939128977562871,0.0049391290083385725,0.004919027148076598,72.875
0.004937467723028708,0.004937467747500117,0.004917108671859926,72.91666666666667
0.004935745578801754,0.004935745628795994,0.004915320691336515,72.95833333333333
0.004934067774144172,0.004934067687791542,0.004913768589621343,73.0
0.004932535181654903,0.004932535153632325,0.004912537466445202,73.04166666666667
0.004931239948797439,0.004931239766991526,0.004911689044050523,73.08333333333333
0.004930259690983001,0.004930259912991537,0.004911259616357464,73.125
0.0049296529679452705,0.00492965323948055,0.004911260400530744,73.16666666666667
0.004929454979378479,0.004929455222928986,0.004911677103383268,73.20833333333333
0.004929677640888711,0.0049296750459521714,0.004912471615010263,73.25
0.004930313826710954,0.004930312196955023,0.004913601133601964,73.29166666666667
0.004931359613162161,0.0049313586089762464,0.004915023066546462,73.33333333333333
0.0049327334945229485,0.00493273286968475,0.004916630424682527,73.375
0.004934327079856937,0.004934326688868551,0.004918297728412343,73.41666666666667
0.0049360256859821375,0.004936025418223182,0.0049199014614499,73.45833333333333
0.004937712823920115,0.004937712729745407,0.004921324150874433,73.5
0.004939273831388944,0.004939273818821808,0.004922458944676978,73.54166666666667
0.004940601052882327,0.004940600371477622,0.004923214864257342,73.58333333333333
0.004941600509696333,0.004941600224705625,0.004923523736378315,73.625
0.004942198750284644,0.0049421986159304,0.004923346751490444,73.66666666666667
0.004942345168263298,0.004942345134269617,0.004922676093033723,73.70833333333333
0.004942004067764846,0.004942004082687277,0.004921525064435947,73.75
0.004941162966017418,0.004941162969004605,0.0049199335021637884,73.79166666666667
0.004939927264799427,0.004939927260584644,0.004918058645817494,73.83333333333333
0.004938414663509211,0.004938414639502299,0.0049160641940819315,73.875
0.004936733658636812,0.004936733669365123,0.004914093107821136,73.91666666666667
0.0049349912157889315,0.004934991218673736,0.004912271014469703,73.95833333333333
0.004933293213164181,0.0049332932115065935,0.0049107046214462895,74.0
0.0049317413367689494,0.004931741623902293,0.004909478726231175,74.04166666666667
0.004930428395963171,0.004930428522776651,0.004908653500156652,74.08333333333333
0.004929432789403994,0.0049294331589727425,0.004908262269754435,74.125
0.004928813680913192,0.004928813904963651,0.0049083118017654356,74.16666666666667
0.004928606768492623,0.004928606865150476,0.0049087834794138965,74.20833333333333
0.0049288216558405875,0.004928821707277534,0.004909634665143296,74.25
0.004929459209120943,0.0049294592373585865,0.004910819390292479,74.29166666666667
0.004930514171395403,0.004930514194662172,0.004912293880638688,74.33333333333333
0.004931903639174965,0.004931903650617168,0.00491394655878666,74.375
0.004933517051451302,0.004933517054391098,0.004915647552509209,74.41666666666667
0.004935237858401648,0.00493523785912713,0.004917270018334506,74.45833333333333
0.0049369481026802515,0.0049369480955401505,0.004918694850368315,74.5
0.0049385318624647,0.004938531856580316,0.004919814460531097,74.54166666666667
0.004939880383264375,0.004939880133000656,0.0049205380650970435,74.58333333333333
0.004940898790917885,0.004940898521229735,0.004920799361625395,74.625
0.0049415122785747044,0.004941512194042408,0.0049205615251690146,74.66666666666667
0.004941669126749331,0.004941669112863582,0.00491981958510569,74.70833333333333
0.004941331085247329,0.004941331097703979,0.004918589206215946,74.75
0.004940481909478471,0.004940481898992471,0.004916911714410138,74.79166666666667
0.004939230813506696,0.004939230809200555,0.004914953243723733,74.83333333333333
0.004937699293682309,0.004937699275910053,0.004912886057190459,74.875
0.004935997789154401,0.004935997811383002,0.004910858705467289,74.91666666666667
0.004934234412208221,0.004934234414328302,0.004909000438756123,74.95833333333333
0.004932515784089606,0.004932515785594092,0.004907419533214685,75.0
0.0049309442809960585,0.0049309444888559605,0.0049062002686162155,75.04166666666667
0.004929613359596239,0.004929613447378528,0.004905400918025258,75.08333333333333
0.004928602204847755,0.004928602552003828,0.004905051512204516,75.125
0.0049279705640677424,0.004927970789462131,0.004905154793422339,75.16666666666667
0.004927754686398712,0.004927754831520204,0.004905686902113548,75.20833333333333
0.004927964514443847,0.004927964597776245,0.0049066002628984666,75.25
0.004928602562869033,0.004928602597095773,0.004907845499041146,75.29166666666667
0.004929666495628974,0.004929666518030054,0.004909377435273205,75.33333333333333
0.004931071912536276,0.004931071920093785,0.004911079612576496,75.375
0.004932705806936304,0.004932705800993245,0.004912817376878635,75.41666666666667
0.004934449564721665,0.004934449549876749,0.004914460445764322,75.45833333333333
0.00493618369873199,0.004936183681687962,0.0049158875043984205,75.5
0.004937791050770166,0.0049377910841181686,0.004916990859538782,75.54166666666667
0.004939161663327675,0.004939160913853298,0.00491767978251989,75.58333333333333
0.0049401995566234706,0.004940198933095867,0.004917890072749771,75.625
0.004940828973081344,0.00494082865583482,0.0049175870874590185,75.66666666666667
0.004940996767210739,0.004940996606578972,0.004916769047442138,75.70833333333333
0.004940661971784667,0.004940661903918835,0.004915453909630261,75.75
0.004939804277509786,0.004939804250962182,0.004913684525172631,75.79166666666667
0.0049385370232743805,0.004938537013501278,0.0049116366155659815,75.83333333333333
0.004936985715132618,0.004936985728691966,0.004909491632416787,75.875
0.004935262961643252,0.004935262993353211,0.004907404428671037,75.91666666666667
0.004933478049098524,0.004933478057107159,0.004905508020250459,75.95833333333333
0.004931738305429682,0.0049317383166484225,0.0049039120869665415,76.0
0.004930146873479199,0.004930146881580774,0.00490270086359291,76.04166666666667
0.004928797810750774,0.004928797691542187,0.004901930236689745,76.08333333333333
0.0049277709447482,0.004927771188663335,0.004901626655883023,76.125
0.004927126693438543,0.004927126964364314,0.0049017885091942786,76.16666666666667
0.004926901814116856,0.00492690207014279,0.004902386698347855,76.20833333333333
0.004927106722597094,0.004927106723866705,0.004903367912350375,76.25
0.004927745225038741,0.0049277452173137545,0.0049046789542483964,76.29166666666667
0.004928818571377977,0.004928818573875568,0.004906273363786717,76.33333333333333
0.004930240673213659,0.004930240673538705,0.004908029345591369,76.375
0.004931895846684444,0.00493189584611115,0.0049098070013145565,76.41666666666667
0.00493366345897379,0.004933663456190094,0.00491147258704584,76.45833333333333
0.004935422377619503,0.004935422168438721,0.004912903033986631,76.5
0.004937054075969565,0.004937053921529623,0.004913989294264963,76.54166666666667
0.004938447514714661,0.004938447198630251,0.004914641645218383,76.58333333333333
0.004939505622337652,0.004939505432491172,0.004914797444574723,76.625
0.004940151533820233,0.004940151458308764,0.00491442487230007,76.66666666666667
0.004940330743052104,0.004940330740859541,0.0049135256307191975,76.70833333333333
0.004939999409893904,0.004939999452804193,0.004912120404174846,76.75
0.004939132794086277,0.004939132860995401,0.004910253483229211,76.79166666666667
0.004937848557023028,0.00493784861067576,0.0049081107465022466,76.83333333333333
0.0049362766527116944,0.004936276710190059,0.004905883545639064,76.875
0.0049345319145089024,0.0049345319763984125,0.004903733214159122,76.91666666666667
0.004932724845685541,0.004932724880316004,0.0049017967868167055,76.95833333333333
0.0049309636221333405,0.004930963647854776,0.004900185750491937,77.0
0.0049293519358321325,0.004929351880095555,0.004898983728626881,77.04166666666667
0.004927984503156404,0.004927984472116604,0.004898244474960261,77.08333333333333
0.004926941858141384,0.004926941635188126,0.004897990970226814,77.125
0.004926284949287617,0.004926284913638748,0.004898216194164735,77.16666666666667
0.004926051017119189,0.004926050954493143,0.004898885550085056,77.20833333333333
0.004926250690178115,0.004926250630639005,0.004899939895534199,77.25
0.004926889907069355,0.004926889875265914,0.004901322003870538,77.29166666666667
0.0049279731741151975,0.004927973165558415,0.0049029837316860395,77.33333333333333
0.004929412703064046,0.0049294126990891765,0.004904797755616249,77.375
0.0049310900384742,0.004931090035986244,0.004906618617049973,77.41666666666667
0.004932882265961563,0.004932882264202015,0.0049083086093287594,77.45833333333333
0.004934666681322407,0.0049346667427010125,0.004909742576077862,77.5
0.004936323409576059,0.0049363234666810075,0.004910810935857482,77.54166666666667
0.004937740280267097,0.0049377395102906405,0.004911424950383577,77.58333333333333
0.00493881918379789,0.004938818751376858,0.004911523216908047,77.625
0.004939482164617481,0.00493948192174472,0.004911077468488671,77.66666666666667
0.004939673356706159,0.00493967322636196,0.004910093163602593,77.70833333333333
0.004939345755430579,0.0049393456882703855,0.004908593390023981,77.75
0.004938469905596176,0.004938469820980963,0.004906624021936833,77.79166666666667
0.004937168004690412,0.0049371679862872,0.004904381664139293,77.83333333333333
0.00493557469418316,0.00493557468566265,0.004902067969318639,77.875
0.004933807283582908,0.0049338073068970825,0.004899851505895056,77.91666666666667
0.004931977544011266,0.0049319775462421415,0.004897873318992205,77.95833333333333
0.004930194444799854,0.004930194444001844,0.004896246793801823,78.0
0.0049285622643039165,0.004928562367041638,0.004895055176691886,78.04166666666667
0.004927176405029549,0.004927176455975142,0.00489434991885659,78.08333333333333
0.004926117924858638,0.004926117775463239,0.004894149993269869,78.125
0.0049254483585618415,0.004925448367164176,0.004894443170360694,78.16666666666667
0.004925205403381882,0.004925205355595718,0.004895188981723051,78.20833333333333
0.00492539996175828,0.004925399888794246,0.004896321741754403,78.25
0.004926039885620437,0.0049260398451782825,0.004897780049323217,78.29166666666667
0.004927133481901883,0.004927133460847416,0.004899514112765885,78.33333333333333
0.004928591027357929,0.004928591013084053,0.004901390468536544,78.375
0.004930291183550344,0.004930291173665862,0.004903257821732608,78.41666666666667
0.00493210869651842,0.0049321086823258965,0.004904974319529889,78.45833333333333
0.004933919161955748,0.004933919149491517,0.004906412685206241,78.5
0.004935601448530927,0.0049356014819055515,0.004907462727481874,78.54166666666667
0.004937042221895856,0.004937041483810021,0.0049080365733522435,78.58333333333333
0.004938142350624315,0.004938141899794948,0.00490807501540793,78.625
0.004938822914110804,0.004938822667897789,0.004907553010365564,78.66666666666667
0.004939026574632914,0.004939026458862683,0.0049064798246986506,78.70833333333333
0.004938703044375261,0.004938703004797017,0.0049048815436977585,78.75
0.0049378176635518686,0.004937817612091088,0.00490280538457946,78.79166666666667
0.00493649746971933,0.0049364974385861194,0.004900459189664028,78.83333333333333
0.0049348820922580595,0.004934882096279324,0.0048980555100191624,78.875
0.004933091438294521,0.004933091468640958,0.004895770157090464,78.91666666666667
0.00493123858659149,0.0049312386066574275,0.0048937487542634285,78.95833333333333
0.00492943332599056,0.00492943332070845,0.004892106652655668,79.0
0.0049277805124548985,0.004927780525224319,0.004890926694571546,79.04166666666667
0.0049263761543054865,0.0049263761746607074,0.004890257893371805,79.08333333333333
0.004925301832681494,0.004925301897783431,0.004890114997449344,79.125
0.004924619639397789,0.0049246196655747905,0.004890480491444858,79.16666666666667
0.004924367686107038,0.004924367663014662,0.004891307473534837,79.20833333333333
0.004924557129024329,0.004924557071575146,0.004892523548409843,79.25
0.004925197873974525,0.004925197847019354,0.004894062841679683,79.29166666666667
0.0049263021795910725,0.00492630217447802,0.0048958737624934055,79.33333333333333
0.004927778312825284,0.004927778310010927,0.004897816470176638,79.375
0.004929501824246208,0.00492950181849241,0.0048997334216387915,79.41666666666667
0.004931345060848455,0.004931345049812381,0.0049014785362116965,79.45833333333333
0.004933181927682661,0.004933181971537563,0.004902922180776574,79.5
0.00493488998314874,0.004934889835312866,0.0049039537296904955,79.54166666666667
0.004936354910863538,0.0049363540530368896,0.004904485763502098,79.58333333333333
0.004937476611335639,0.004937476075665886,0.0049044625064847734,79.625
0.004938175148394176,0.004938174849617452,0.004903861927051254,79.66666666666667
0.004938391811555879,0.0049383916632021385,0.004902697429338413,79.70833333333333
0.004938072801682788,0.004938072757296657,0.004900997817444977,79.75
0.004937177791112949,0.004937177825341119,0.004898811451268879,79.79166666666667
0.004935838910809109,0.004935838937918571,0.0048963579236575615,79.83333333333333
0.004934200971999346,0.004934201007401965,0.0048938612013899015,79.875
0.004932386571820789,0.004932386664122894,0.004891504837457348,79.91666666666667
0.00493051030485442,0.0049305103610131325,0.0048894391335670495,79.95833333333333
0.004928682699911026,0.004928682738811503,0.004887781465683606,80.0
0.004927009230230231,0.004927009248523285,0.004886614402220148,80.04166666666667
0.004925586328652164,0.00492558631427279,0.004885984299617259,80.08333333333333
0.004924496229835198,0.004924496209817814,0.004885901720108894,80.125
0.004923801449053752,0.004923801644240875,0.00488634339516553,80.16666666666667
0.004923540540788317,0.004923540715150877,0.004887255880979567,80.20833333333333
0.004923725020228985,0.004923725023404013,0.004888559827140214,80.25
0.004924366674894134,0.004924366682891442,0.004890184679018676,80.29166666666667
0.004925482001226826,0.004925482012125359,0.00489207695058342,80.33333333333333
0.0049269771401540124,0.004926977146827559,0.004894089982223123,80.375
0.004928724311855834,0.00492872430620677,0.004896059548089442,80.41666666666667
0.004930593448422369,0.00493059343577329,0.004897835224563321,80.45833333333333
0.004932456720430392,0.004932456703537844,0.004899285057274154,80.5
0.004934190472601309,0.004934190451336049,0.004900297755007643,80.54166666666667
0.004935679469123235,0.004935679296249986,0.004900787889119527,80.58333333333333
0.004936822813248064,0.0049368225654745435,0.00490070128068627,80.625
0.0049375396465839855,0.0049375395362645765,0.004900020153074759,80.66666666666667
0.0049377698208278925,0.0049377697834740285,0.00489876220178178,80.70833333333333
0.0049374559318745796,0.004937455950024814,0.004896959257637867,80.75
0.004936551542990181,0.0049365515120721225,0.004894660454494354,80.79166666666667
0.004935193759144467,0.004935193752509348,0.0048920972739892,80.83333333333333
0.004933532956064244,0.004933533002220119,0.004889505437304491,80.875
0.004931694678647363,0.004931694703297634,0.004887076668584097,80.91666666666667
0.004929794824677547,0.004929794838443669,0.004884966088027916,80.95833333333333
0.004927944766467241,0.004927944794617397,0.004883293018932348,81.0
0.004926250682183485,0.004926250618664037,0.0048821397687292345,81.04166666666667
0.004924809400524252,0.004924809285899272,0.004881550328253878,81.08333333333333
0.00492370363535315,0.004923703836168052,0.004881530792634514,81.125
0.004922996460607505,0.004922996597788459,0.0048820520449542526,81.16666666666667
0.004922726738327564,0.004922726799120212,0.004883053770613633,81.20833333333333
0.004922906208291354,0.004922906127946039,0.004884449593454448,81.25
0.004923548784794415,0.004923548719523761,0.004886163807625281,81.29166666666667
0.004924675403672045,0.0049246753620497625,0.0048881412189876496,81.33333333333333
0.004926189747170799,0.004926189711137013,0.004890227809170852,81.375
0.004927960647160646,0.004927960612063102,0.004892252570179031,81.41666666666667
0.004929855518210847,0.004929855486316359,0.004894060451244403,81.45833333333333
0.004931744792097428,0.004931744596573595,0.004895517112864011,81.5
0.0049335037433664115,0.004933503630789727,0.004896511178997006,81.54166666666667
0.0049350163695695915,0.004935015650439308,0.004896957998899935,81.58333333333333
0.00493618112511641,0.004936180679579397,0.004896807283425289,81.625
0.00493691639654437,0.004936916155351084,0.00489604488352593,81.66666666666667
0.0049371606279964226,0.004937160519584999,0.004894692832264749,81.70833333333333
0.00493685259156525,0.004936852556952549,0.004892785794607934,81.75
0.004935939198220988,0.004935939206524773,0.0048903735824835926,81.79166666666667
0.004934562777691648,0.004934562774443214,0.004887699828794637,81.83333333333333
0.004932879221120471,0.004932879236040236,0.004885012141634622,81.875
0.004931016955986129,0.004931017045601766,0.0048825102912784845,81.91666666666667
0.004929093651455634,0.004929093683741833,0.004880354513119209,81.95833333333333
0.004927221409639372,0.004927221397625539,0.004878666484646818,82.0
0.004925506793623546,0.004925506837724006,0.004877528208761004,82.04166666666667
0.004924047389959197,0.004924047544206988,0.004876981244047101,82.08333333333333
0.00492292624106583,0.004922926665542457,0.00487702716856796,82.125
0.004922206870459073,0.004922207141595795,0.004877631067202808,82.16666666666667
0.004921928430921279,0.004921928600100022,0.004878725193421585,82.20833333333333
0.0049221028009084076,0.004922102782256859,0.004880216086057681,82.25
0.004922746519915591,0.004922746503752024,0.004882023229149788,82.29166666666667
0.004923884570996801,0.004923884558244153,0.004884089074569147,82.33333333333333
0.004925418184473181,0.0049254181715941365,0.0048862522198978,82.375
0.0049272125797906454,0.004927212564989931,0.004888334421389538,82.41666666666667
0.004929132531525161,0.0049291325181300295,0.004890175832312618,82.45833333333333
0.00493104699353416,0.004931046975212594,0.004891640003492814,82.5
0.004932830253653261,0.00493283023784744,0.004892615356630624,82.54166666666667
0.004934365697634149,0.004934365663397009,0.004893019293207386,82.58333333333333
0.004935551299960821,0.0049355510757038016,0.004892803897495988,82.625
0.004936304867177295,0.004936304761840353,0.0048919597158169955,82.66666666666667
0.004936563630196177,0.004936563595619333,0.004890513710208337,82.70833333333333
0.0049362623576022745,0.004936262381886915,0.004888503145202352,82.75
0.004935340844598169,0.004935340853391385,0.004885977862842703,82.79166666666667
0.004933946298991537,0.004933946293267661,0.004883193372189619,82.83333333333333
0.004932240418649841,0.004932240418870033,0.004880409790737513,82.875
0.004930354642181186,0.0049303546898864774,0.004877835128929906,82.91666666666667
0.004928408197654155,0.0049284082094527846,0.0048756345952864445,82.95833333333333
0.004926513990926858,0.004926514015870721,0.004873931984098528,83.0
0.004924779373487394,0.00492477935784571,0.004872809514634578,83.04166666666667
0.004923302130405218,0.004923302019914718,0.004872306100278242,83.08333333333333
0.004922165929297192,0.004922166082399075,0.00487241884542657,83.125
0.004921434626010476,0.0049214348217492595,0.004873106738705768,83.16666666666667
0.004921147774553385,0.004921147970918093,0.00487429580090769,83.20833333333333
0.0049213173172945775,0.004921317443772641,0.00487588450931395,83.25
0.004921962108360258,0.004921962175674629,0.004877787130432161,83.29166666666667
0.004923111637964966,0.004923111681245506,0.004879944182975866,83.33333333333333
0.00492466423928052,0.004924664267101483,0.004882186143099444,83.375
0.004926481474881378,0.004926481482097686,0.004884327449307189,83.41666666666667
0.004928425510586851,0.004928425508102058,0.004886203450541755,83.45833333333333
0.004930363737336414,0.004930363646405341,0.004887675404647655,83.5
0.004932169784308826,0.004932169717884045,0.004888632040554176,83.54166666666667
0.0049337266744355944,0.0049337264550881705,0.004888992695307045,83.58333333333333
0.004934932167834328,0.004934932044060116,0.004888712679699131,83.625
0.004935703750050718,0.004935703710998302,0.004887787317910396,83.66666666666667
0.004935977524353026,0.0049359775449030075,0.004886248414523068,83.70833333333333
0.004935684102294043,0.004935684129217719,0.0048841357681543,83.75
0.0049347555132006875,0.0049347555834988715,0.004881499069693661,83.79166666666667
0.004933343951397833,0.0049333439631373014,0.0048786054501736625,83.83333333333333
0.004931616644502776,0.004931616656588347,0.004875727194767746,83.875
0.00492970814159052,0.004929708208215025,0.004873080745156376,83.91666666666667
0.004927739206247894,0.004927739272380132,0.0048708363992742395,83.95833333333333
0.004925823806503692,0.00492582385361391,0.004869120736741556,84.0
0.004924069690012979,0.00492406971597425,0.00486801545139437,84.04166666666667
0.004922575163661198,0.0049225751797108775,0.004867556896923754,84.08333333333333
0.00492142432497388,0.004921424217017655,0.004867738197218231,84.125
0.004920681455387309,0.00492068121837039,0.004868512264104371,84.16666666666667
0.004920386421382061,0.0049203862160560425,0.004869798120527777,84.20833333333333
0.004920551322671853,0.004920551188674552,0.004871486201641416,84.25
0.00492119727490465,0.004921197192251508,0.0048734861130047226,84.29166666666667
0.00492235818266763,0.004922358131514512,0.004875736084957145,84.33333333333333
0.004923929346424186,0.004923929305026197,0.004878058324304263,84.375
0.004925768386527811,0.0049257683490549625,0.004880259595336628,84.41666666666667
0.004927734982696292,0.004927734946883829,0.004882170574323847,84.45833333333333
0.00492969514890204,0.004929695119965192,0.004883650348445619,84.5
0.004931521999396674,0.004931522006729158,0.004884587893077851,84.54166666666667
0.004933098523422515,0.004933098549895763,0.004884904899679455,84.58333333333333
0.004934322569556652,0.0049343225935440625,0.004884560590859556,84.625
0.0049351115859207475,0.004935111641161811,0.004883555245814575,84.66666666666667
0.0049354006926360435,0.0049354007573996946,0.004881925473144079,84.70833333333333
0.00493511631375277,0.004935116386345094,0.004879713675863023,84.75
0.004934182445110967,0.004934182432241761,0.004876968576543929,84.79166666666667
0.004932755234498308,0.004932755256338267,0.0048739688886154575,84.83333333333333
0.004931007821275116,0.0049310078339431995,0.004870998492231323,84.875
0.004929077796052893,0.004929077822063741,0.004868282273337209,84.91666666666667
0.00492708742142977,0.004927087444642649,0.00486599582420821,84.95833333333333
0.004925151668114261,0.004925151672669919,0.004864268005985753,85.0
0.004923378818490335,0.00492337894603547,0.00486318045516551,85.04166666666667
0.004921867717829746,0.00492186773607852,0.004862767552208651,85.08333333333333
0.004920702838257321,0.004920702821949632,0.004863017907457821,85.125
0.004919948892575988,0.004919948885236861,0.004863878867493868,85.16666666666667
0.004919646003515244,0.004919646015779845,0.004865261980400304,85.20833333333333
0.004919808253249456,0.004919806436744489,0.004867050853534755,85.25
0.004920454803542231,0.004920453626102095,0.004869149179842013,85.29166666666667
0.004921626438090405,0.004921625679377053,0.0048714930644724545,85.33333333333333
0.004923215116947261,0.0049232146217411945,0.004873896223163934,85.375
0.004925074419762877,0.004925074087599153,0.004876157740716795,85.41666666666667
0.004927061490144556,0.004927061266853021,0.004878103500128641,85.45833333333333
0.004929041177258023,0.004929041022022763,0.004879590831509243,85.5
0.004930886333905125,0.004930886228302545,0.004880509249143163,85.54166666666667
0.004932480216962311,0.004932479995803726,0.004880782886106296,85.58333333333333
0.004933721120966864,0.00493372086689792,0.004880375250957242,85.625
0.0049345267092262245,0.004934526593265061,0.004879291472951774,85.66666666666667
0.004934831366007253,0.004934831322732772,0.004877573434162204,85.70833333333333
0.004934557328243671,0.004934557337223284,0.00487526612751415,85.75
0.004933619921310304,0.004933619939552615,0.00487241688083755,85.79166666666667
0.004932179144531242,0.004932179155789501,0.0048693148131000764,85.83333333333333
0.00493041341120688,0.004930413434257773,0.004866255814536565,85.875
0.004928463306145436,0.004928463375571892,0.0048634727399416424,85.91666666666667
0.004926452942267003,0.004926452958936437,0.004861146225076402,85.95833333333333
0.004924497977846887,0.004924498002954106,0.004859407760910906,86.0
0.004922707459337619,0.004922707422783508,0.00485833919019945,86.04166666666667
0.0049211806552414104,0.004921180537056937,0.004857972538467485,86.08333333333333
0.004920002502296609,0.004920002369315911,0.004858292441221111,86.125
0.0049192380313760106,0.004919237948248393,0.004859240095406105,86.16666666666667
0.004918927700916914,0.0049189276361673775,0.004860720682634601,86.20833333333333
0.0049190838833602256,0.004919083824600152,0.004862610029138386,86.25
0.004919732366852656,0.004919732334669588,0.004864807320402026,86.29166666666667
0.004920915221758951,0.00492091521058575,0.004867245684373277,86.33333333333333
0.004922520940998057,0.004922520935985571,0.004869730040053075,86.375
0.004924399158874796,0.004924399149960725,0.004872051712963585,86.41666666666667
0.004926404589783862,0.004926404585072407,0.004874031897634386,86.45833333333333
0.004928401240302821,0.004928401226902246,0.0048755262940618285,86.5
0.004930262023051904,0.004930262009639532,0.004876425322598605,86.54166666666667
0.004931870774198767,0.004931870737074515,0.004876656036880569,86.58333333333333
0.004933126567882725,0.0049331264416080205,0.004876186167664405,86.625
0.0049339476246257384,0.004933947584983526,0.004875026314675966,86.66666666666667
0.0049342678921255444,0.00493426789370654,0.00487322380980019,86.70833333333333
0.004934005518620124,0.004934005555103504,0.004870825864200911,86.75
0.004933066679892089,0.004933066732002005,0.004867877740442841,86.79166666666667
0.004931614586268284,0.004931614619453105,0.004864678828267559,86.83333333333333
0.004929832684603796,0.004929832747037411,0.004861535939344169,86.875
0.004927864571183701,0.004927864615683914,0.0048586896908670825,86.91666666666667
0.004925835796623649,0.004925835823918287,0.004856326045438775,86.95833333333333
0.004923863042129236,0.0049238632998912565,0.004854578704349523,87.0
0.004922056065415768,0.004922056174661335,0.0048535298259363095,87.04166666666667
0.004920514594447917,0.004920514566976376,0.004853209614977609,87.08333333333333
0.0049193239884914,0.004919323824739553,0.004853598614552554,87.125
0.004918549668348617,0.004918549660934689,0.00485463235380746,87.16666666666667
0.004918232323687534,0.004918232313647187,0.00485620924180832,87.20833333333333
0.004918384510404772,0.0049183844921578705,0.004858198448972304,87.25
0.004919034394855292,0.004919034382887428,0.00486049407133422,87.29166666666667
0.004920227574811037,0.004920227565204101,0.004863025968098091,87.33333333333333
0.004921848910675542,0.004921848892625282,0.004865590454056819,87.375
0.004923743869245583,0.004923743846617303,0.004867971036243338,87.41666666666667
0.004925764969433479,0.004925764946380204,0.004869984460745194,87.45833333333333
0.004927775590122769,0.004927775570165004,0.0048714852089774266,87.5
0.004929648910721855,0.004929648886549401,0.004872364573325538,87.54166666666667
0.004931269679299063,0.004931269661626472,0.004872552756613307,87.58333333333333
0.0049325381544924555,0.004932538150814135,0.0048720222138648175,87.625
0.004933373407928399,0.0049333734393058075,0.004870789223647534,87.66666666666667
0.004933709124612003,0.004933709165178575,0.004868906225215674,87.70833333333333
0.004933459616518524,0.0049334596691804926,0.004866423308426429,87.75
0.004932521528686452,0.004932521581791983,0.004863382822253419,87.79166666666667
0.004931060734569257,0.004931060708175041,0.004860093199316177,87.83333333333333
0.004929265150262357,0.004929265123018354,0.004856871623602512,87.875
0.0049272811415066895,0.004927281133153971,0.004853966536780662,87.91666666666667
0.00492523578066034,0.004925235858315835,0.004851568636721062,87.95833333333333
0.004923246994325884,0.004923246984077721,0.004849814469410751,88.0
0.004921424853285011,0.004921424787457326,0.00484878616817945,88.04166666666667
0.004919869798305762,0.004919869668772501,0.004848512203207111,88.08333333333333
0.004918667645452892,0.004918667420214902,0.004848969355371779,88.125
0.0049178841525030215,0.004917884112029369,0.004850088373329685,88.16666666666667
0.0049175603349099015,0.004917560301694702,0.004851760867539872,88.20833333333333
0.004917708983855072,0.004917708943481329,0.004853849100151893,88.25
0.004918360272928768,0.004918360226908961,0.004856241459445297,88.29166666666667
0.004919563239923313,0.004919563201042467,0.004858865528401416,88.33333333333333
0.0049211987939405686,0.004921198762356541,0.004861508587530252,88.375
0.004923108353232094,0.004923108318766499,0.004863946468218837,88.41666666666667
0.004925142468082055,0.004925142435636943,0.004865991791915787,88.45833333333333
0.004927163962610577,0.004927163939753673,0.004867497707919661,88.5
0.004929046684773397,0.004929046658217292,0.004868356829099999,88.54166666666667
0.004930676674462503,0.004930676631766981,0.004868502957092713,88.58333333333333
0.004931955431783917,0.004931955228318354,0.00486791336952633,88.625
0.004932803374410563,0.004932803166988535,0.004866610112426403,88.66666666666667
0.0049331543084671645,0.004933154154748123,0.004864651195798273,88.70833333333333
0.004932918650436971,0.004932918567492648,0.004862088809383508,88.75
0.004931983642226129,0.004931983621477866,0.004858962804158354,88.79166666666667
0.004930516666160104,0.004930516648007786,0.004855588979261281,88.83333333333333
0.004928710041277359,0.004928710036167383,0.004852294792785106,88.875
0.004926712405099846,0.004926712523198842,0.004849335684727417,88.91666666666667
0.004924652834430565,0.004924652845654418,0.004846907191545973,88.95833333333333
0.00492264959963043,0.004922649637753168,0.004845148206332588,89.0
0.004920813923766198,0.004920813908341706,0.004844141440639239,89.04166666666667
0.00491924655598806,0.004919246477067681,0.004843913514990742,89.08333333333333
0.004918033858916563,0.004918033705603329,0.004844437898180015,89.125
0.0049172420162077275,0.004917241909014014,0.004845640118340085,89.16666666666667
0.00491691232069129,0.004916912248477242,0.004847405428416291,89.20833333333333
0.004917057639519168,0.004917057573542311,0.00484958984249951,89.25
0.004917710364556682,0.004917710338925564,0.004852077192959257,89.29166666666667
0.004918922456691817,0.004918922452005911,0.004854791430550551,89.33333333333333
0.00492057073840934,0.004920570744448366,0.00485751098231143,89.375
0.004922492726386099,0.004922492734075015,0.004860004298613732,89.41666666666667
0.004924537061743766,0.004924537069678151,0.0048620799505929594,89.45833333333333
0.00492656653471357,0.004926566536623896,0.004863590389830869,89.5
0.004928455777122678,0.004928455775093839,0.004864429848528758,89.54166666666667
0.0049300922005718,0.004930092202529208,0.004864535389178437,89.58333333333333
0.004931379068194294,0.0049313787786540155,0.0048638894996029134,89.625
0.00493223816750581,0.004932237870058761,0.004862519501319463,89.66666666666667
0.004932603677577126,0.004932603432684282,0.004860489289473133,89.70833333333333
0.004932382686762509,0.004932382542681704,0.004857853858285724,89.75
0.004931452728454197,0.004931452721061522,0.004854649145368337,89.79166666666667
0.004929982274551053,0.0049299823082386285,0.004851198224680525,89.83333333333333
0.004928167170855582,0.004928167229300738,0.004847837328405419,89.875
0.0049261585669328365,0.004926158664607555,0.004844829011994946,89.91666666666667
0.004924086593193862,0.004924086657853996,0.004842373132441042,89.95833333333333
0.004922070901018068,0.0049220709484199005,0.004840611262500619,90.0
0.004920223071683551,0.004920223130138858,0.004839626264204473,90.04166666666667
0.004918644631582777,0.0049186446741907,0.004839443409646754,90.08333333333333
0.004917422369753278,0.004917422293072671,0.0048400328265840896,90.125
0.00491662294319731,0.004916622908390596,0.004841315086575403,90.16666666666667
0.004916287969780295,0.004916288133367539,0.0048431709048819245,90.20833333333333
0.004916430443054115,0.00491643056173604,0.004845448695677774,90.25
0.004917084628282854,0.004917084723985367,0.004848028243220941,90.29166666666667
0.00491830520126153,0.004918305278383336,0.004850829995896972,90.33333333333333
0.004919964673001593,0.004919964728049844,0.004853623244397678,90.375
0.004921896909268186,0.004921896938078434,0.004856169511472394,90.41666666666667
0.00492394892361582,0.00492394893277275,0.004858273712586989,90.45833333333333
0.004925983534908403,0.004925983531739227,0.004859787610663812,90.5
0.004927876536050165,0.0049278765277910586,0.004860607407647882,90.54166666666667
0.004929516881957555,0.004929516903779059,0.004860673687157056,90.58333333333333
0.004930809629222217,0.004930809241386993,0.004859973687727007,90.625
0.004931678245383681,0.0049316779871184865,0.004858540759820892,90.66666666666667
0.004932057630904427,0.004932057474912537,0.0048564443938412735,90.70833333333333
0.004931851805979743,0.004931851734659839,0.004853741835192563,90.75
0.004930928774436272,0.004930928783886935,0.004850465541363063,90.79166666666667
0.004929457290424457,0.0049294572821283154,0.004846944776566996,90.83333333333333
0.004927636314874159,0.004927636305947868,0.0048435239154671185,90.875
0.004925618933224046,0.004925619035234581,0.00484047152602019,90.91666666666667
0.004923536863282949,0.0049235368957019085,0.00483799203997961,90.95833333333333
0.004921510473176737,0.004921510481361583,0.004836229194123455,91.0
0.004919652111121011,0.004919652107359744,0.004835266435112513,91.04166666666667
0.004918063961616583,0.0049180639236984704,0.00483512795510862,91.08333333333333
0.0049168386922551575,0.0049168383258606264,0.0048357879236326515,91.125
0.004916043678420158,0.004916036627472897,0.004837152015887091,91.16666666666667
0.004915692352327295,0.004915693586701715,0.004839091175496305,91.20833333333333
0.004915832257582867,0.00491583138010115,0.004841456045097464,91.25
0.004916486279284336,0.004916485718280284,0.004844122945938417,91.29166666666667
0.004917713415032488,0.004917713058553231,0.004847007560849328,91.33333333333333
0.004919381862861521,0.004919381630854884,0.004849870637628617,91.375
0.004921321734266346,0.004921321572389361,0.00485246664653231,91.41666666666667
0.004923378743157505,0.0049233786262323056,0.004854597294061011,91.45833333333333
0.004925415844568633,0.004925415761229127,0.004856113776097371,91.5
0.004927310078381257,0.0049273099911849635,0.0048569141566401465,91.54166666666667
0.004928952098410311,0.004928951979982079,0.00485694261311892,91.58333333333333
0.004930248710135152,0.004930248300124078,0.00485619130739852,91.625
0.004931125221831139,0.004931124849880833,0.004854699107488571,91.66666666666667
0.004931517591986272,0.0049315172978162776,0.004852541358015029,91.70833333333333
0.0049313270474014795,0.004931326842798244,0.004849777592766013,91.75
0.004930412429780908,0.004930412279507387,0.004846437093463495,91.79166666666667
0.004928942093114884,0.004928941938869534,0.004842853674867418,91.83333333333333
0.004927117578581374,0.00492711746793927,0.0048393792427694066,91.875
0.004925093755370622,0.004925093734709788,0.004836288151076869,91.91666666666667
0.004923003435467216,0.004923003494061732,0.004833788809365245,91.95833333333333
0.004920968083506837,0.004920968137747333,0.0048320269901380095,92.0
0.004919100759863346,0.004919100772370127,0.004831086979493984,92.04166666666667
0.004917506482850189,0.0049175043658446615,0.0048309918805627145,92.08333333333333
0.004916324073038102,0.0049163243511673145,0.0048317604614066725,92.125
0.004915553257780354,0.004915548230318819,0.004833229364879375,92.16666666666667
0.004915172578967559,0.00491517292135991,0.004835224518956941,92.20833333333333
0.004915294199005336,0.004915289380608984,0.004837658780618105,92.25
0.004915935760808058,0.004915932558175918,0.00484039893576764,92.29166666666667
0.004917160544006435,0.004917158428911584,0.004843355984986413,92.33333333333333
0.004918831086370705,0.004918829686276156,0.0048462808075222345,92.375
0.004920773120213969,0.004920772185840212,0.0048489206866830295,92.41666666666667
0.004922830654556933,0.004922830026511905,0.004851073864095885,92.45833333333333
0.0049248666368607,0.004924866212754629,0.004852591062618146,92.5
0.004926759054798405,0.004926758772556341,0.004853372006600026,92.54166666666667
0.004928400088812441,0.004928399927341024,0.0048533642541586305,92.58333333333333
0.004929698464392665,0.004929697751184048,0.004852564331183888,92.625
0.004930581176376269,0.004930580680454385,0.0048510168688336115,92.66666666666667
0.004930985269285106,0.004930984933058685,0.004848802462722743,92.70833333333333
0.004930809713087024,0.004930809477730282,0.004845983336763295,92.75
0.004929904598581119,0.004929904383733934,0.0048425852277079635,92.79166666666667
0.004928437204799802,0.004928437033606344,0.004838946169097982,92.83333333333333
0.004926611215208312,0.0049266110953628695,0.00483542445442378,92.875
0.004924582944811522,0.004924582917689065,0.004832299439223314,92.91666666666667
0.004922486427891173,0.004922486385084659,0.004829783413017987,92.95833333333333
0.0049204437428056495,0.004920443719462313,0.004828024298055792,93.0
0.00491856877069136,0.0049185687503558355,0.004827106845463731,93.04166666666667
0.004916972484894011,0.004916982289169892,0.0048270723135470555,93.08333333333333
0.004915839213519646,0.004915852983568154,0.0048279522948977,93.125
0.004915100546555244,0.004915109697688733,0.004829526731547904,93.16666666666667
0.004914691920075433,0.004914711348820929,0.004831578668736471,93.20833333333333
0.004914782937764563,0.004914794744035977,0.004834065269512505,93.25
0.004915410844241393,0.0049154186810171354,0.004836866746643691,93.29166666666667
0.004916631759222281,0.004916636963786667,0.004839886757478648,93.33333333333333
0.004918302466838075,0.004918305919632045,0.004842866008596092,93.375
0.004920244610648853,0.004920246902924246,0.004845544523346921,93.41666666666667
0.004922300646282036,0.00492230216543238,0.004847717055658714,93.45833333333333
0.004924333642410464,0.004924334649890587,0.004849233569659681,93.5
0.004926222625560251,0.004926223283595144,0.004849995342747891,93.54166666666667
0.0049278611993643995,0.004927861651232603,0.0048499529266478325,93.58333333333333
0.004929159851034002,0.004929159705844786,0.004849107270849402,93.625
0.00493004735499625,0.004930047262130288,0.0048475082528084265,93.66666666666667
0.004930462036249564,0.004930461986892056,0.004845241693157509,93.70833333333333
0.0049303010295175245,0.004930301039168325,0.0048423724997359845,93.75
0.004929406144285221,0.004929406176355905,0.004838923105596789,93.79166666666667
0.004927943214787697,0.004927943248537712,0.004835234544450275,93.83333333333333
0.0049261174849315695,0.004926117536118665,0.0048316709369538476,93.875
0.004924086599532474,0.004924086668836113,0.004828516517197074,93.91666666666667
0.0049219854099313365,0.004921985468248723,0.004825986790535338,93.95833333333333
0.004919936935505844,0.004919936989177671,0.004824231797483546,94.0
0.0049180556195037245,0.00491805561866711,0.0048233368468587985,94.04166666666667
0.004916487915881602,0.004916501107090534,0.00482337556263978,94.08333333333333
0.004915408318444896,0.004915417066070531,0.004824359180076477,94.125
0.004914697474144466,0.004914703268452978,0.004826033899087364,94.16666666666667
0.004914291636864676,0.004914299744919332,0.0048281573313302545,94.20833333333333
0.004914322517080514,0.004914341129052259,0.004830683644412483,94.25
0.004914927267239629,0.004914939642717601,0.004833536418187323,94.29166666666667
0.0049161372798251935,0.004916145513418891,0.004836611248373337,94.33333333333333
0.0049178026599067835,0.00491780814481701,0.004839638445053136,94.375
0.004919740656845815,0.0049197443167863465,0.004842350926837255,94.41666666666667
0.004921791880662334,0.004921794325749263,0.004844539883964957,94.45833333333333
0.004923819360339386,0.004923821003174775,0.004846054857888924,94.5
0.004925702924357835,0.004925704034579974,0.0048467983047423635,94.54166666666667
0.004927337421716849,0.0049273381883354166,0.004846723538861033,94.58333333333333
0.004928634853549145,0.004928635242161501,0.004845835507209465,94.625
0.004929525726763308,0.004929526017945185,0.004844188864455532,94.66666666666667
0.00492994964714068,0.004929949895132585,0.0048418744924072585,94.70833333333333
0.004929802404583459,0.004929802631297675,0.004838960277216681,94.75
0.004928918054129129,0.0049289182574037,0.004835465448225146,94.79166666666667
0.004927460763681539,0.004927460911010579,0.004831733615311132,94.83333333333333
0.004925636750708013,0.004925636875671908,0.004828133407228769,94.875
0.00492360464610077,0.004923604843900713,0.004824953632166224,94.91666666666667
0.004921500287290201,0.004921500419527293,0.004822412726578352,94.95833333333333
0.004919447340429266,0.004919447416540281,0.0048206628839548476,95.0
0.004917563165294611,0.004917560979377202,0.004819789858625207,95.04166666666667
0.004916057571579267,0.004916056381442453,0.00481991926831911,95.08333333333333
0.004915017267130007,0.004915013551450542,0.004820997911064487,95.125
0.004914328055049603,0.004914326605544028,0.004822763523210237,95.16666666666667
0.004913928576798628,0.004913923503490715,0.004824964301834876,95.20833333333333
0.004913924093029063,0.004913918780973527,0.004827519317553606,95.25
0.004914492217254691,0.004914488736849361,0.004830413841733385,95.29166666666667
0.0049156816438511095,0.004915679374681084,0.004833535615643332,95.33333333333333
0.004917334579794905,0.004917333098313396,0.0048366044691885044,95.375
0.0049192632000153785,0.0049192622305934165,0.004839346463930756,95.41666666666667
0.004921305807526826,0.004921305201090714,0.004841549290571818,95.45833333333333
0.004923325111480467,0.004923324720650232,0.004843061954356484,95.5
0.0049252012952481165,0.004925201039613156,0.0048437878931320575,95.54166666666667
0.004926830155203246,0.004926830006780981,0.004843682947132428,95.58333333333333
0.004928124968402739,0.004928124748980765,0.0048427556810759316,95.625
0.004929017824616936,0.004929017657507427,0.004841065327718593,95.66666666666667
0.004929449621044106,0.0049294495347723495,0.004838707476067242,95.70833333333333
0.004929315086486391,0.004929315023049869,0.004835752882108263,95.75
0.004928441341152563,0.004928441284248373,0.004832218100809265,95.79166666666667
0.00492699032968208,0.004926990335737823,0.004828448628756339,95.83333333333333
0.004925169144840239,0.004925169155231251,0.0048248173353148864,95.875
0.004923137227138587,0.004923137251412362,0.004821616352431012,95.91666666666667
0.004921030791032558,0.004921030835006788,0.004819067113880031,95.95833333333333
0.004918974489152635,0.004918974527755538,0.004817323554641201,96.0
0.0049170968563924606,0.004917090061454109,0.004816482625195969,96.04166666666667
0.004915646613704976,0.004915644051055967,0.00481670499482164,96.08333333333333
0.004914642306107051,0.004914639238754723,0.0048178703776342,96.125
0.004913979064068221,0.004913977455913404,0.00481972041011435,96.16666666666667
0.004913591895124109,0.004913591002792725,0.004822003044041279,96.20833333333333
0.0049135290177905475,0.0049135386641772395,0.0048245795782495965,96.25
0.004914066483223742,0.004914072928583472,0.004827505940971473,96.29166666666667
0.00491523851576317,0.004915242821672073,0.004830666278086484,96.33333333333333
0.004916880604565978,0.0049168834884148445,0.0048337705787614765,96.375
0.004918800450524946,0.00491880238638434,0.004836537540754366,96.41666666666667
0.004920834751626024,0.004920836052538282,0.004838751780409247,96.45833333333333
0.004922845942928393,0.004922846815764029,0.004840261451107143,96.5
0.004924714711124283,0.0049247152656738,0.004840970806403951,96.54166666666667
0.004926337749935372,0.004926338124841697,0.004840837926525152,96.58333333333333
0.004927629545375796,0.004927629827463927,0.004839874766917434,96.625
0.004928523627461593,0.004928523789989088,0.0048381447460503916,96.66666666666667
0.004928962326515223,0.004928962470044277,0.004835747828652389,96.70833333333333
0.004928839504603804,0.004928839646682913,0.004832757082945993,96.75
0.004927976186349844,0.0049279762808365326,0.004829187075276271,96.79166666666667
0.004926532129092628,0.004926532180927855,0.004825384498005014,96.83333333333333
0.004924714673256378,0.004924714740452146,0.004821726233351343,96.875
0.004922683746159827,0.004922683839904035,0.004818507460693606,96.91666666666667
0.004920576284286631,0.004920576495423242,0.004815952202167559,96.95833333333333
0.00491851759307703,0.00491851772923633,0.004814215522775052,97.0
0.004916638470661588,0.004916651351204931,0.004813408114615699,97.04166666666667
0.004915248174658996,0.004915260547549263,0.004813720618361333,97.08333333333333
0.004914283234545695,0.004914291514280046,0.004814968283813124,97.125
0.004913647487323649,0.004913653136665422,0.00481689842629213,97.16666666666667
0.004913278407488251,0.004913282240661541,0.004819258303041843,97.20833333333333
0.004913192024429419,0.004913194066196696,0.004821865226809642,97.25
0.004913686006380952,0.004913687327644778,0.004824813460572395,97.29166666666667
0.00491483151317642,0.004914832383369921,0.004828004433574437,97.33333333333333
0.004916456127138829,0.004916456705533344,0.004831137561257918,97.375
0.004918362580533157,0.004918362971938919,0.0048339248991083736,97.41666666666667
0.004920385421193758,0.004920385693528258,0.004836147878369918,97.45833333333333
0.004922386331682581,0.0049223865283675545,0.004837653476834095,97.5
0.00492424627462847,0.0049242464202714975,0.004838347007418222,97.54166666666667
0.004925862521584641,0.004925862647403626,0.0048381884221539205,97.58333333333333
0.0049271504056267726,0.0049271503545866395,0.0048371923618451785,97.625
0.004928044657980964,0.004928044652151654,0.004835425949861826,97.66666666666667
0.004928488936964364,0.0049284889481676555,0.00483299317124631,97.70833333333333
0.004928376700135781,0.004928376736268787,0.004829970307966727,97.75
0.004927523324131518,0.004927523422244252,0.004826369514368793,97.79166666666667
0.0049260864039910365,0.0049260864536450994,0.004822538459528352,97.83333333333333
0.004924273182507778,0.004924273238219407,0.0048188569551574426,97.875
0.004922244113304745,0.004922244168636632,0.004815623330660565,97.91666666666667
0.0049201364487404115,0.004920136637718544,0.004813063525853672,97.95833333333333
0.004918076309467129,0.0049180762838258885,0.00481133433600562,98.0
0.00491623420009824,0.004916241833825122,0.004810582896900882,98.04166666666667
0.0049148961348328135,0.004914902757716929,0.004810976899204825,98.08333333333333
0.004913963298128827,0.004913967730525142,0.004812300198527577,98.125
0.004913348763699484,0.004913351992375634,0.00481430202079175,98.16666666666667
0.004912993937098899,0.004912996196034815,0.004816733405747963,98.20833333333333
0.004912881319709062,0.004912884622166465,0.004819376036847016,98.25
0.004913329034781313,0.004913331293991798,0.004822335834915846,98.29166666666667
0.004914445730627387,0.004914447284519905,0.004825549132744338,98.33333333333333
0.004916050904482668,0.00491605198091489,0.004828704590607992,98.375
0.0049179425923053036,0.004917943347465213,0.004831508014890087,98.41666666666667
0.004919952982287648,0.004919953515472616,0.0048337371912046505,98.45833333333333
0.0049219432280434225,0.004921943614880692,0.004835238466874953,98.5
0.004923794131855834,0.004923794413529896,0.004835917360830209,98.54166666666667
0.004925403331620311,0.00492540359996094,0.00483573519478569,98.58333333333333
0.004926686930217314,0.004926687168131587,0.004834709052449241,98.625
0.004927580711912063,0.004927580901818203,0.004832909478671565,98.66666666666667
0.004928029470046314,0.00492802962217474,0.004830444448407823,98.70833333333333
0.004927926515518681,0.004927926643748236,0.0048273926983736825,98.75
0.00492708267356651,0.004927082794195972,0.0048237650828122074,98.79166666666667
0.004925652797065654,0.004925652950500549,0.0048199097655847655,98.83333333333333
0.004923844274275296,0.00492384442206575,0.004816208993065638,98.875
0.004921817579550376,0.004921817731285467,0.004812963171679503,98.91666666666667
0.004919710553815767,0.00491971070137968,0.004810400422287362,98.95833333333333
0.004917649922169767,0.004917649427287684,0.00480867882920128,99.0
0.004915865107522126,0.004915863088042498,0.004807990811921721,99.04166666666667
0.004914581075600957,0.004914572027180196,0.004808461533693748,99.08333333333333
0.00491366989471074,0.004913668744174186,0.004809855092692233,99.125
0.004913076082198675,0.004913073783202288,0.004811924710670741,99.16666666666667
0.004912732934597922,0.0049127319192519905,0.004814420266292664,99.20833333333333
0.004912609587785139,0.0049126099587094105,0.004817106185424092,99.25
0.004913003972707065,0.004913004253254325,0.004820067799215781,99.29166666666667
0.0049140864546049655,0.004914086676276896,0.004823295201966896,99.33333333333333
0.004915668384322111,0.004915668564730771,0.004826466992654937,99.375
0.004917542550150782,0.004917542696574126,0.004829282094216202,99.41666666666667
0.004919538892742113,0.0049195390109635145,0.0048315154492785065,99.45833333333333
0.004921517359971964,0.004921517458578764,0.004833011581523271,99.5
0.004923358578228925,0.004923358666410134,0.004833676284942978,99.54166666666667
0.004924960369397588,0.004924960458297731,0.0048334724460112645,99.58333333333333
0.004926239214797348,0.004926239337667744,0.004832419099604742,99.625
0.004927131742197382,0.004927131878985971,0.004830589590014518,99.66666666666667
0.0049275840133100905,0.0049275841330280725,0.004828095736392633,99.70833333333333
0.004927489255141203,0.004927489369476805,0.004825018666510778,99.75
0.00492665407377883,0.00492665426204823,0.0048213678733265005,99.79166666666667
0.004925231360744222,0.00492523147381322,0.004817491842839391,99.83333333333333
0.004923427709149275,0.004923427817856178,0.004813774764547401,99.875
0.004921403820191127,0.004921403913782298,0.004810519382224467,99.91666666666667
0.004919297647832667,0.00491929788484481,0.004807955280094569,99.95833333333333
0.004917236126975852,0.004917236274007875,0.004806241662910388,100.0
0.004915487517944885,0.004915507952583996,0.004805626930995476,100.04166666666667
0.0049142488769749245,0.004914262704990977,0.0048061683810345975,100.08333333333333
0.004913380327760457,0.0049133897608127615,0.004807626503492209,100.125
0.004912808695593125,0.0049128149592760776,0.004809757098106768,100.16666666666667
0.004912482517940302,0.004912486691189231,0.0048123123094109144,100.20833333333333
0.004912362734687732,0.004912365582076271,0.004815047521230143,100.25
0.004912700738553674,0.004912702680731539,0.004818001471854135,100.29166666666667
0.004913746665750831,0.004913748011438201,0.004821235507843534,100.33333333333333
0.00491530339619284,0.004915304332876664,0.004824417824259985,100.375
0.004917158867630503,0.004917159534243096,0.0048272409214436835,100.41666666666667
0.004919140330947285,0.004919140813165242,0.0048294759643595,100.45833333333333
0.004921106793933269,0.004921107152899989,0.004830966608207579,100.5
0.0049229383223201965,0.004922938592132475,0.004831618381462046,100.54166666666667
0.004924532625585663,0.004924532853943744,0.004831394790989084,100.58333333333333
0.004925806548617944,0.004925806771885177,0.0048303168577202744,100.625
0.0049266974836757495,0.0049266976802349784,0.004828460753381576,100.66666666666667
0.0049271523336827635,0.004927152487705974,0.0048259406544164905,100.70833333333333
0.0049270645304787,0.004927064635785048,0.004822840435646869,100.75
0.004926237527580211,0.004926237619134108,0.0048191692911340395,100.79166666666667
0.004924821534347046,0.00492482160385005,0.004815275438251211,100.83333333333333
0.004923022850236725,0.004923022927586178,0.0048115448791302175,100.875
0.0049210019000410984,0.004921002089190058,0.0048082816787938685,100.91666666666667
0.0049188973378759245,0.00491889746475533,0.004805717155922581,100.95833333333333
0.004916839499249409,0.004916839915270984,0.004804015754994456,101.0
0.004915167044357474,0.004915176919753931,0.004803479413979588,101.04166666666667
0.004913968294467584,0.004913974955355467,0.004804086705967969,101.08333333333333
0.004913126222339654,0.004913130731939723,0.004805605000683282,101.125
0.004912572224779526,0.004912575328556139,0.004807792715295065,101.16666666666667
0.004912257783702102,0.004912259948552339,0.0048104022922518955,101.20833333333333
0.004912146067958326,0.004912147581384505,0.0048131893603470845,101.25
0.00491242757750751,0.004912428681891748,0.00481613265854032,101.29166666666667
0.004913431371266242,0.004913432173431919,0.004819365363434926,101.33333333333333
0.004914959092568072,0.004914959686360452,0.004822552040551807,101.375
0.004916793260327211,0.0049167937075080366,0.004825378651157462,101.41666666666667
0.004918758387092133,0.0049187587337043035,0.004827613121310847,101.45833333333333
0.004920711875228722,0.004920712156929641,0.004829097227886289,101.5
0.004922533250424882,0.004922533471386546,0.004829736466731947,101.54166666666667
0.004924119862677073,0.004924120113524906,0.004829494765287524,101.58333333333333
0.004925388604457352,0.004925388843023898,0.004828394459506618,101.625
0.00492627733832159,0.004926277545331868,0.00482651408868269,101.66666666666667
0.004926733866682232,0.00492673406515468,0.004823970541113273,101.70833333333333
0.004926651976762958,0.00492665217032937,0.004820850158370263,101.75
0.004925832254113326,0.004925832464264407,0.004817161203862351,101.79166666666667
0.00492442277700083,0.004924422987015538,0.004813252406301734,101.83333333333333
0.004922628977618368,0.004922629196290714,0.004809510540197198,101.875
0.004920611384332033,0.0049206116162222365,0.004806241388246935,101.91666666666667
0.004918508347693941,0.0049185085850885725,0.004803677066589845,101.95833333333333
0.004916459858166493,0.0049164685710856365,0.004801996732880241,102.0
0.004914850350052001,0.004914867684616586,0.004801535087491612,102.04166666666667
0.004913695131209704,0.004913706624616611,0.004802203276711103,102.08333333333333
0.004912882048185669,0.00491288992110716,0.0048037761922316725,102.125
0.004912347475245188,0.004912352741730246,0.004806015841954239,102.16666666666667
0.004912046164427297,0.004912049757151094,0.004808675517332112,102.20833333333333
0.004911943249744052,0.004911945725123218,0.004811509821678903,102.25
0.004912177793411978,0.004912179109601099,0.004814446806712553,102.29166666666667
0.004913135800901318,0.004913136754502822,0.004817670546129866,102.33333333333333
0.004914631924319993,0.004914632642459837,0.004820855892209692,102.375
0.0049164431148674085,0.0049164436637813645,0.004823682191686156,102.41666666666667
0.004918390922808528,0.0049183913482046425,0.004825913858051274,102.45833333333333
0.004920331094039812,0.004920331445350032,0.004827391001497071,102.5
0.004922142069963048,0.004922142353991584,0.004828018491618405,102.54166666666667
0.004923720891897691,0.004923721100948634,0.004827760395603586,102.58333333333333
0.004924984252231322,0.00492498447487138,0.004826640147662748,102.625
0.0049258704244373825,0.004925870652304115,0.00482473794773509,102.66666666666667
0.004926327971998049,0.004926328201711693,0.004822173660470342,102.70833333333333
0.0049262508699442755,0.004926251105221367,0.004819035360990715,102.75
0.004925437735493621,0.004925437944246765,0.0048153316411041255,102.79166666666667
0.0049240343642371525,0.004924034568609043,0.004811410443557059,102.83333333333333
0.004922245469710281,0.004922245678821893,0.0048076595997706105,102.875
0.004920231140316102,0.004920231390706938,0.004804385860113733,102.91666666666667
0.00491813004345803,0.004918130276012598,0.004801822889059359,102.95833333333333
0.004916124317862914,0.004916119478813609,0.004800177260380893,103.0
0.004914585371710428,0.004914577432010249,0.004799783459500344,103.04166666666667
0.004913456983146852,0.004913455907241082,0.004800509763159816,103.08333333333333
0.004912667030410224,0.004912665361853863,0.0048021336165247905,103.125
0.004912145424247971,0.004912145829187769,0.004804421059594775,103.16666666666667
0.004911855029505392,0.004911854777195639,0.004807126150369392,103.20833333333333
0.004911759065057756,0.004911758880680288,0.004810003013227276,103.25
0.0049119549667803325,0.004911955162293313,0.004812938284797266,103.29166666666667
0.00491286206196867,0.004912862275921372,0.004816145454220796,103.33333333333333
0.004914322943284217,0.004914323160680021,0.00481932357025354,103.375
0.004916108912309993,0.004916109126671823,0.0048221458148844255,103.41666666666667
0.004918037964116469,0.00491803816823526,0.004824372145947974,103.45833333333333
0.004919964145518866,0.004919964239522279,0.004825841083333937,103.5
0.004921764461612758,0.004921764557883341,0.00482645675818473,103.54166666666667
0.004923335286761073,0.00492333538755971,0.004826183615836758,103.58333333333333
0.0049245931359084205,0.004924593269780209,0.004825045459521024,103.625
0.004925476353891804,0.004925476527451307,0.004823123894539153,103.66666666666667
0.00492593407504299,0.0049259342711191825,0.004820540871090953,103.70833333333333
0.004925860745914102,0.004925860959573941,0.004817386729925086,103.75
0.004925053401468853,0.004925053534394153,0.0048136701677641775,103.79166666666667
0.00492365576123236,0.004923655907215877,0.004809738630349779,103.83333333333333
0.0049218715907565,0.004921871755142134,0.004805980525660546,103.875
0.004919860505279989,0.004919860810099159,0.004802703513253173,103.91666666666667
0.004917761510922899,0.004917761717278799,0.004800142113293236,103.95833333333333
0.0049157547732451845,0.004915786730833929,0.004798540078175443,104.0
0.0049142796096635554,0.004914302391472479,0.004798211330569682,104.04166666666667
0.00491320411220264,0.004913219566738229,0.004798990884337247,104.08333333333333
0.004912444403692203,0.004912454900461591,0.004800662256726198,104.125
0.004911945498249742,0.004911952571089404,0.004802992891116724,104.16666666666667
0.004911668195529153,0.004911673030103424,0.0048057380250490665,104.20833333333333
0.004911581668428022,0.00491158499147157,0.004808652816623284,104.25
0.00491175185060345,0.004911754091956663,0.004811592780523894,104.29166666666667
0.0049126046849390995,0.004912606435562065,0.004814776128572675,104.33333333333333
0.004914028247546053,0.004914029490370224,0.004817941825793105,104.375
0.0049157876039150235,0.004915788498705698,0.004820756227050359,104.41666666666667
0.004917697251223835,0.004917697909419854,0.0048229755245498065,104.45833333333333
0.004919608847259573,0.004919609357295188,0.0048244356117906895,104.5
0.004921398412574743,0.004921398802469723,0.004825039494443415,104.54166666666667
0.004922961302403581,0.0049229616086090885,0.004824751555172524,104.58333333333333
0.0049242135798024346,0.004924213860848388,0.004823596375425801,104.625
0.004925093597955564,0.004925093845105711,0.004821656811707575,104.66666666666667
0.00492555094144396,0.0049255511837023955,0.0048190565499734404,104.70833333333333
0.004925480612183023,0.004925480860484862,0.004815888169308818,104.75
0.004924678391143577,0.0049246787204352185,0.004812160117755455,104.79166666666667
0.00492328610435952,0.004923286454084931,0.004808219780914099,104.83333333333333
0.004921506393065014,0.004921506767194805,0.004804455722096883,104.875
0.0049194988061017015,0.004919499187043751,0.0048011766799939525,104.91666666666667
0.004917401748574064,0.004917402110778983,0.004798617485655203,104.95833333333333
0.004915479965907615,0.004915482845023566,0.004797070039285426,105.0
0.004914048243766235,0.004914050374141988,0.004796801767934172,105.04166666666667
0.004913000587000879,0.004913002197664672,0.00479763046784061,105.08333333333333
0.0049122596177807575,0.004912260710395517,0.004799344787362213,105.125
0.004911773285174107,0.00491177419373638,0.0048017154684496174,105.16666666666667
0.004911504560360453,0.004911505262798796,0.0048044985246712656,105.20833333333333
0.004911423719205413,0.004911424328810659,0.0048074494950220694,105.25
0.004911575894246107,0.004911575643478495,0.004810400883710106,105.29166666666667
0.004912368911372757,0.00491236913607249,0.0048135531974473605,105.33333333333333
0.004913751034908939,0.00491375126317648,0.004816701135331796,105.375
0.004915481076226814,0.004915481307460101,0.004819503885103503,105.41666666666667
0.004917369693105983,0.004917369918597406,0.0048217138170399245,105.45833333333333
0.004919265923826955,0.004919266155657693,0.004823163900243639,105.5
0.004921044147248695,0.004921044364708612,0.00482375606181105,105.54166666666667
0.004922598723822947,0.004922599000962659,0.004823454351214305,105.58333333333333
0.004923845138981313,0.0049238454554309365,0.004822283808346927,105.625
0.004924721627002454,0.004924721908506797,0.004820328134832193,105.66666666666667
0.004925178104634819,0.004925178350565505,0.004817712726106583,105.70833333333333
0.004925109932257573,0.004925110165983148,0.004814531562713948,105.75
0.004924312126636471,0.004924312347640963,0.004810793919724146,105.79166666666667
0.0049229247545129196,0.004922925002075324,0.004806846678972692,105.83333333333333
0.004921149407482009,0.004921149647875439,0.0048030784044823535,105.875
0.004919145097857284,0.004919145340842844,0.004799798227234982,105.91666666666667
0.0049170558548615965,0.004917050410887736,0.0047972417404988634,105.95833333333333
0.004915176061302823,0.0049151927717543415,0.0047957593275864685,106.0
0.004913799577583924,0.0049138107948086054,0.004795546872100378,106.04166666666667
0.004912788883528531,0.004912796502715629,0.0047964200643150524,106.08333333333333
0.004912072628744571,0.004912077936238921,0.0047981737297677525,106.125
0.00491160307874224,0.004911606810750995,0.00480058010375544,106.16666666666667
0.004911345670444574,0.0049113483169253395,0.004803395938620016,106.20833333333333
0.00491127250377128,0.0049112743864866,0.004806376485431906,106.25
0.004911420353262685,0.004911422278159648,0.004809348048618108,106.29166666666667
0.004912148898337904,0.0049121502030265414,0.004812461694233903,106.33333333333333
0.004913486996057217,0.004913487965741266,0.004815586672832322,106.375
0.004915186180986932,0.004915186913739181,0.0048183744259146415,106.41666666666667
0.004917052818777092,0.0049170533883682414,0.004820572835925653,106.45833333333333
0.004918933265881545,0.004918933726098726,0.004822012484746225,106.5
0.004920699963368733,0.004920700351497894,0.0048225934376257594,106.54166666666667
0.004922246137907744,0.004922246518802806,0.004822279163800073,106.58333333333333
0.004923486606735647,0.004923486988921193,0.004821094772082786,106.625
0.004924359348995648,0.0049243596798282845,0.004819125009358383,106.66666666666667
0.00492481442271741,0.0049248147347912994,0.004816496036423585,106.70833333333333
0.004924747571461311,0.004924747882029667,0.0048133035248700716,106.75
0.004923953671470724,0.004923953909583883,0.004809557815327537,106.79166666666667
0.0049225708762326206,0.004922571087471223,0.004805604867948818,106.83333333333333
0.0049207996692076945,0.004920799883238235,0.004801833393380581,106.875
0.004918798488212994,0.004918798765298784,0.0047985526101318714,106.91666666666667
0.004916710721889035,0.004916713782868763,0.004796005999386683,106.95833333333333
0.004914919152677951,0.004914923603889262,0.004794589524190853,107.0
0.0049135852054577045,0.004913588351823798,0.004794429241172363,107.04166666666667
0.004912603250402327,0.004912605549806369,0.004795345030150328,107.08333333333333
0.004911906470498893,0.004911908127131617,0.004797134778799213,107.125
0.0049114499128185335,0.004911451155722182,0.004799573144824195,107.16666666666667
0.004911201365654526,0.004911202334759784,0.0048024203297982685,107.20833333333333
0.004911134138319078,0.004911134910244949,0.004805429467292822,107.25
0.004911285243045997,0.004911285875214426,0.004808425438977604,107.29166666666667
0.004911948242220187,0.00491194902157489,0.004811496912228468,107.33333333333333
0.004913238336970378,0.004913238950842378,0.004814593549175179,107.375
0.004914904121369225,0.004914904627097519,0.004817362772491447,107.41666666666667
0.0049167471708556915,0.004916747596906238,0.004819547286629954,107.45833333333333
0.0049186108836478,0.004918611252532137,0.004820975080134965,107.5
0.004920365595005394,0.004920365920398154,0.004821544432677302,107.54166666666667
0.00492190310837336,0.004921903419753064,0.004821217860651311,107.58333333333333
0.004923137420016045,0.0049231377489177275,0.004820020542669808,107.625
0.004924006123809646,0.004924006425643457,0.004818037714242335,107.66666666666667
0.004924459296094755,0.004924459575202864,0.004815396265387505,107.70833333333333
0.004924393116951559,0.00492439338603846,0.004812193188474167,107.75
0.004923602439407709,0.004923602685324242,0.004808440171380504,107.79166666666667
0.004922223716935728,0.004922224007101053,0.0048044824089059895,107.83333333333333
0.0049204564485199,0.004920456725723535,0.004800708488647922,107.875
0.004918458390057893,0.004918458680764383,0.004797427697477582,107.91666666666667
0.004916380296038925,0.004916381090123125,0.004794889939483673,107.95833333333333
0.004914653314584414,0.004914660694248019,0.0047935416013224885,108.0
0.004913367676711137,0.004913372812550927,0.004793433043840201,108.04166666666667
0.004912418246916451,0.004912421860138042,0.004794389642390418,108.08333333333333
0.004911743369916671,0.004911746015538661,0.004796213811564295,108.125
0.004911301655938248,0.004911303553675953,0.004798682854849598,108.16666666666667
0.004911063027428476,0.004911064420097186,0.004801557415909158,108.20833333333333
0.004911002525569257,0.004911003554992658,0.004804592380748967,108.25
0.004911157785127556,0.0049111585931767895,0.004807610400021704,108.29166666666667
0.0049117612166698545,0.004911762799155039,0.004810644380848871,108.33333333333333
0.004913000952576344,0.004913001823870086,0.004813707378292981,108.375
0.004914631833646571,0.004914632512538565,0.004816454629019566,108.41666666666667
0.004916450446090651,0.004916450988968301,0.004818623367230309,108.45833333333333
0.004918296938827111,0.0049182973882643186,0.004820038141922561,108.5
0.004920039427541403,0.004920039810362014,0.004820595638216742,108.54166666666667
0.004921568198959667,0.004921568547130088,0.004820257602091397,108.58333333333333
0.004922796265019118,0.00492279661213909,0.004819048526834745,108.625
0.004923660717796355,0.004923661050061387,0.004817053866526977,108.66666666666667
0.004924111583141404,0.0049241119054893945,0.004814401542608426,108.70833333333333
0.004924045486000088,0.004924045811512272,0.004811189760418392,108.75
0.00492325753509751,0.00492325785197244,0.004807431303171028,108.79166666666667
0.004921882682277217,0.004921882992432136,0.004803470849041224,108.83333333333333
0.004920119091426642,0.004920119405616561,0.0047996961359681855,108.875
0.004918124017260516,0.004918124364786665,0.004796416146514181,108.91666666666667
0.0049160567987313955,0.004916067325065578,0.004793896430656612,108.95833333333333
0.004914401956388806,0.004914413092157299,0.004792614860292855,109.0
0.0049131622797694,0.0049131698192135375,0.004792554366814409,109.04166666666667
0.0049122439736735335,0.004912249172779699,0.004793548384495561,109.08333333333333
0.004911590091395561,0.004911593718492256,0.004795403299183716,109.125
0.004911162484115328,0.004911165051786732,0.004797899278652959,109.16666666666667
0.00491093333844323,0.004910935149357373,0.0048007977176496245,109.20833333333333
0.004910879211766148,0.004910880476871956,0.004803854593881312,109.25
0.004911038285571221,0.004911039265308236,0.0048068926915085415,109.29166666666667
0.004911593445600455,0.0049115939839141426,0.004809895097646384,109.33333333333333
0.004912778304544259,0.004912778784740437,0.004812920298628295,109.375
0.004914371375098684,0.004914371795516128,0.00481564229778556,109.41666666666667
0.004916163760352616,0.004916164136459571,0.004817793220286379,109.45833333333333
0.004917991900633893,0.0049179922480562235,0.004819193994729884,109.5
0.00491972148143311,0.00491972181243071,0.004819739287693453,109.54166666666667
0.004921241099404024,0.0049212414255047545,0.004819389453143932,109.58333333333333
0.004922462616758709,0.0049224629883436585,0.004818168776574087,109.625
0.004923322533218124,0.004923322880179971,0.00481616272038263,109.66666666666667
0.004923770670041098,0.004923770993809587,0.004813499549995221,109.70833333333333
0.004923704112865463,0.004923704407372607,0.0048102789411063425,109.75
0.0049229183250276455,0.004922918687262146,0.004806514858988624,109.79166666666667
0.0049215470326761145,0.004921547326641827,0.004802551073615952,109.83333333333333
0.004919786934396012,0.004919787231231392,0.004798775025471316,109.875
0.004917795000579228,0.004917795111040169,0.004795496094648429,109.91666666666667
0.00491578913852807,0.004915775229745663,0.004793011800710286,109.95833333333333
0.0049141970524096,0.004914182428793426,0.004791792479954136,110.0
0.004912986950187178,0.004912980550363225,0.004791775552725986,110.04166666666667
0.00491209179534634,0.0049120877768697516,0.004792803644942187,110.08333333333333
0.004911453924528184,0.004911451185191962,0.004794686869004181,110.125
0.004911036656954469,0.004911035289888421,0.00479720719351834,110.16666666666667
0.0049108149681857125,0.004910813963111387,0.00480012768162,110.20833333333333
0.0049107656059516405,0.0049107649929401136,0.004803204363481386,110.25
0.0049109274662753315,0.004910927165235948,0.004806259875467146,110.29166666666667
0.00491144133938743,0.004911441175760005,0.0048092371180486065,110.33333333333333
0.004912567694700618,0.004912567895493129,0.004812219630341307,110.375
0.004914120748288028,0.004914120968083242,0.0048149130368990035,110.41666666666667
0.00491588555334918,0.004915885785550731,0.0048170439790021675,110.45833333333333
0.00491769451896241,0.004917694757664803,0.004818429886654604,110.5
0.004919410716779048,0.00491941095565691,0.004818962987229403,110.54166666666667
0.004920920871553667,0.004920921123830198,0.004818602232790659,110.58333333333333
0.0049221356619968395,0.004922135944384033,0.004817371067129173,110.625
0.004922990768215289,0.004922991003198182,0.004815354735691841,110.66666666666667
0.004923435816836141,0.004923436067434067,0.0048126822821817515,110.70833333333333
0.0049233682885952675,0.004923368580033003,0.004809454286917656,110.75
0.00492258440678502,0.004922584574259027,0.004805685830150369,110.79166666666667
0.004921216294806988,0.004921216479009596,0.004801720389729664,110.83333333333333
0.0049194594877664125,0.0049194596998680725,0.004797944283401792,110.875
0.004917470123635302,0.004917470402313656,0.004794666950312658,110.91666666666667
0.004915490990673727,0.004915493649649402,0.004792227677065564,110.95833333333333
0.00491395851882981,0.004913960419366318,0.004791062731408709,111.0
0.00491279742396362,0.004912798823450056,0.004791087743400096,111.04166666666667
0.004911932290048697,0.004911933288439307,0.004792147747877775,111.08333333333333
0.004911314399318804,0.004911315097660038,0.004794057273334789,111.125
0.0049109112189162155,0.004910911779514298,0.004796599980847991,111.16666666666667
0.0049106984703163456,0.004910698945693275,0.004799539980034481,111.20833333333333
0.004910655152819317,0.004910655578366519,0.004802634858675971,111.25
0.004910820608869773,0.004910820996041597,0.004805705788926412,111.29166666666667
0.004911302684390794,0.004911302240708016,0.004808666139858849,111.33333333333333
0.004912368410865279,0.004912367994861517,0.004811600575978095,111.375
0.0049138792164659375,0.004913879031016725,0.004814261777806527,111.41666666666667
0.0049156150535038315,0.004915615014457733,0.004816370640125959,111.45833333333333
0.004917404019674003,0.004917404074823848,0.004817740192559168,111.5
0.004919106317436914,0.0049191064339556565,0.004818260260160776,111.54166666666667
0.004920606709442268,0.004920606855875847,0.004817888259737906,111.58333333333333
0.004921814544709944,0.004921814768578833,0.004816646767276669,111.625
0.00492266467354647,0.004922664867535603,0.004814620668133338,111.66666666666667
0.004923106374470783,0.004923106589987476,0.0048119395338365924,111.70833333333333
0.004923037453083252,0.004923037713355395,0.0048087049277252365,111.75
0.004922254921895956,0.004922255220873769,0.00480493309666136,111.79166666666667
0.004920889735879251,0.004920890027802808,0.004800966866930226,111.83333333333333
0.004919136027483286,0.0049191363355749265,0.004797191464885685,111.875
0.004917149340712539,0.004917149731725351,0.004793915905421485,111.91666666666667
0.004915230264738732,0.004915222831379493,0.004791529813777821,111.95833333333333
0.004913752235207581,0.004913747394066186,0.004790418655391212,112.0
0.004912627974963454,0.00491262484390093,0.0047904825881506545,112.04166666666667
0.004911787818574537,0.004911785708950478,0.00479157208935736,112.08333333333333
0.004911186878350464,0.004911185606106373,0.004793505418223564,112.125
0.0049107951870274195,0.0049107944271530165,0.004796068833597938,112.16666666666667
0.004910590181624976,0.004910589793912875,0.004799027041686636,112.20833333333333
0.004910552022374045,0.004910551807001081,0.004802136860606595,112.25
0.004910720317648123,0.0049107202814024,0.004805221068165243,112.29166666666667
0.004911180613001639,0.004911181397627555,0.00480816898181202,112.33333333333333
0.004912181217904276,0.00491218119055622,0.004811052438506474,112.375
0.004913647161442818,0.004913647227790515,0.004813678685834056,112.41666666666667
0.004915352337313955,0.0049153524730654935,0.00481576349785699,112.45833333333333
0.004917120252969013,0.004917120435744499,0.0048171158002412945,112.5
0.004918808000670197,0.004918808197604846,0.004817622448980903,112.54166666666667
0.004920298206541167,0.004920298436165463,0.004817239165767723,112.58333333333333
0.0049214987926543205,0.004921499076835965,0.004815987755828271,112.625
0.004922343720329672,0.004922343929031135,0.0048139527171041675,112.66666666666667
0.004922781800222744,0.0049227819862483245,0.00481126361018467,112.70833333333333
0.004922711101211267,0.004922711281680224,0.004808022655359399,112.75
0.0049219296448799075,0.004921929846363339,0.004804247620152635,112.79166666666667
0.004920567087977471,0.0049205673095226365,0.004800280633476147,112.83333333333333
0.004918816311350473,0.004918816567858194,0.004796506077215079,112.875
0.004916832230454151,0.004916835092996658,0.004793232669151852,112.91666666666667
0.004914952683214607,0.004914979571266143,0.0047909024932127715,112.95833333333333
0.004913536097646187,0.00491355430753333,0.004789843899805631,113.0
0.004912453412550177,0.004912465700650427,0.004789945616850594,113.04166666666667
0.004911641408578521,0.00491164976332457,0.004791063896497613,113.08333333333333
0.0049110595637706835,0.004911065269589158,0.00479301980396374,113.125
0.004910680798797157,0.004910684728361121,0.004795601749584463,113.16666666666667
0.004910484495587055,0.004910487238086522,0.004798576062572278,113.20833333333333
0.004910452022169308,0.004910453964134933,0.004801700209489774,113.25
0.004910623574864031,0.004910624994432134,0.004804796347376189,113.29166666666667
0.0049110759196193034,0.004911077375577755,0.004807746546706002,113.33333333333333
0.0049120054393325605,0.004912006796761582,0.004810570864351777,113.375
0.004913423923567573,0.004913424934696892,0.004813158274136819,113.41666666666667
0.004915096772937663,0.004915097547997462,0.0048152166838209215,113.45833333333333
0.004916842613179537,0.004916843231997268,0.004816550475421569,113.5
0.00491851514305733,0.0049185156437692,0.004817043244576212,113.54166666666667
0.004919994758211678,0.004919995284047837,0.004816648816798482,113.58333333333333
0.00492118783236308,0.0049211883094686885,0.004815387807081041,113.625
0.004922027282043997,0.004922027698485906,0.004813344175680104,113.66666666666667
0.004922461434952913,0.004922461803610874,0.0048106474586010065,113.70833333333333
0.004922388548385814,0.004922388903443779,0.004807400526787003,113.75
0.00492160781427465,0.004921608152175251,0.004803622624722039,113.79166666666667
0.0049202476226156274,0.004920247999050226,0.004799654979975291,113.83333333333333
0.004918499640396156,0.004918500005418129,0.004795881146445664,113.875
0.004916519574920306,0.004916522306493637,0.0047926129987894625,113.91666666666667
0.004914725927159825,0.004914735601215127,0.004790346262697184,113.95833333333333
0.004913355313926307,0.004913361920522179,0.00478933681459071,114.0
0.004912303885810419,0.004912308419847565,0.004789473318925717,114.04166666666667
0.004911513120772877,0.004911516193100552,0.004790617598364488,114.08333333333333
0.0049109457496750025,0.00491094793291774,0.004792593900824688,114.125
0.004910576810753437,0.004910578416743945,0.004795192561288681,114.16666666666667
0.004910387123522055,0.004910388310227591,0.004798181297001255,114.20833333333333
0.004910359026471482,0.004910359896432514,0.004801317849510225,114.25
0.004910532820417332,0.004910533531433936,0.004804424199488361,114.29166666666667
0.004910983770076127,0.004910984384257244,0.0048073802294882955,114.33333333333333
0.00491184164812506,0.004911842531325741,0.004810144481542311,114.375
0.004913209775315527,0.004913210459779596,0.004812690243205988,114.41666666666667
0.004914848391227519,0.0049148489548468096,0.0048147203279155,114.45833333333333
0.004916570946254349,0.004916571432032347,0.004816034196503647,114.5
0.00491822749717521,0.004918227926570683,0.004816512246486791,114.54166666666667
0.0049196960350058015,0.0049196965139893965,0.004816106468367387,114.58333333333333
0.004920881219783316,0.004920881733805794,0.00481483598284174,114.625
0.004921714919273355,0.004921715314613229,0.004812784119637263,114.66666666666667
0.004922144862939702,0.004922145220224118,0.0048100802701235654,114.70833333333333
0.004922069463336722,0.004922069820592502,0.004806827789153814,114.75
0.004921289157342576,0.004921289520466026,0.004803047426249858,114.79166666666667
0.00491993122848836,0.004919931564044554,0.004799079770150194,114.83333333333333
0.004918185861004807,0.004918186205653181,0.0047953072082837995,114.875
0.004916211990189818,0.004916218383983435,0.004792049520468558,114.91666666666667
0.004914487226756008,0.004914504590800277,0.004789851509632797,114.95833333333333
0.00491316766712273,0.0049131796134357355,0.004788887400688947,115.0
0.0049121508988102065,0.004912159023775255,0.004789056322960341,115.04166666666667
0.004911383694492628,0.004911389305219279,0.004790224003064654,115.08333333333333
0.004910832351255993,0.004910836280286537,0.004792218548139193,115.125
0.0049104742757069,0.004910477028940634,0.004794832301727073,115.16666666666667
0.00491029188862868,0.004910293840421213,0.004797834419638441,115.20833333333333
0.004910268561309557,0.004910269986345398,0.00480098219694477,115.25
0.004910444898071362,0.004910446004742197,0.004804097753912587,115.29166666666667
0.00491089579027165,0.0049108966798980655,0.004807060110101975,115.33333333333333
0.004911688964815842,0.004911690260277237,0.004809769055422038,115.375
0.004913003612784961,0.004913004934102786,0.004812270132093781,115.41666666666667
0.004914606311618721,0.004914607328892914,0.004814269924887673,115.45833333333333
0.00491630451126728,0.004916305315139888,0.004815562651882017,115.5
0.004917944411174103,0.004917945064530932,0.0048160253334361925,115.54166666666667
0.004919401442602003,0.004919402135117123,0.004815607778964889,115.58333333333333
0.004920578509989569,0.004920579137705202,0.004814327796999581,115.625
0.004921406246846135,0.004921406732401369,0.004812267945219147,115.66666666666667
0.004921831722065894,0.0049218321602553725,0.0048095573107612595,115.70833333333333
0.00492175350408793,0.004921753923283873,0.004806299632918647,115.75
0.004920973409256907,0.004920973789691507,0.004802517510809349,115.79166666666667
0.00491961744956929,0.004919617800590775,0.004798550097040214,115.83333333333333
0.004917874544822317,0.004917874916834604,0.004794779285122726,115.875
0.004915937144896769,0.0049159245583250055,0.0047915271002758044,115.91666666666667
0.004914288381688751,0.00491427953585729,0.004789398016555078,115.95833333333333
0.004913006413189021,0.004913001988045475,0.004788480864679892,116.0
0.00491201730856033,0.004912013843790532,0.0047886829850070705,116.04166666666667
0.004911268404622315,0.004911266120854632,0.004789875581054001,116.08333333333333
0.00491072911918738,0.004910728073169407,0.004791888870573905,116.125
0.004910379748688524,0.004910379054121221,0.004794518117329519,116.16666666666667
0.004910203034233048,0.004910202720657808,0.004797532479328733,116.20833333333333
0.0049101834335001674,0.004910183312287243,0.0048006907712917985,116.25
0.00491036156818452,0.004910361621516022,0.004803813821543209,116.29166666666667
0.004910811872573953,0.004910812047510549,0.004806781037555557,116.33333333333333
0.004911548654184562,0.004911548864224642,0.004809442644712222,116.375
0.004912806889560764,0.004912807296978625,0.004811894993087524,116.41666666666667
0.004914371396202715,0.00491437180783145,0.004813861941619248,116.45833333333333
0.004916043771550623,0.004916044175975954,0.004815132086847297,116.5
0.004917666097957028,0.004917666471257539,0.004815578837810268,116.54166666666667
0.004919110989162625,0.004919111347729541,0.004815149278931767,116.58333333333333
0.004920279498389096,0.004920279900714878,0.004813860103631888,116.625
0.004921100894350058,0.004921101324301722,0.004811792725997881,116.66666666666667
0.004921521654328451,0.00492152206867403,0.004809075372239188,116.70833333333333
0.004921440368564487,0.004921440767764051,0.004805812506138362,116.75
0.004920660160314554,0.004920660535432143,0.004802028570232546,116.79166666666667
0.0049193059900736365,0.0049193063578614775,0.004798062108993795,116.83333333333333
0.004917565405175058,0.0049175657953629565,0.004794293353299292,116.875
0.0049156537168113966,0.004915649251351078,0.004791080077099926,116.91666666666667
0.0049140771421083375,0.004914068967262802,0.004789008880262488,116.95833333333333
0.004912837870268799,0.004912835116441045,0.004788130748790001,117.0
0.004911878222765818,0.004911876686183021,0.004788360293703691,117.04166666666667
0.004911150058638078,0.004911149320983567,0.004789572842025277,117.08333333333333
0.004910625418243637,0.004910625112140516,0.004791601704360154,117.125
0.004910285591955571,0.004910285480331355,0.00479424285051639,117.16666666666667
0.0049101153712605115,0.004910115446442085,0.004797266972993185,117.20833333333333
0.004910100022235047,0.00491010019868642,0.0048004334776068375,117.25
0.004910280267871113,0.004910280526759397,0.0048035636146672505,117.29166666666667
0.004910730181534471,0.004910730493983836,0.00480653522407355,117.33333333333333
0.004911419255268711,0.004911420082014166,0.004809157857234557,117.375
0.004912617802465829,0.004912618972401513,0.00481155855164205,117.41666666666667
0.004914142361711903,0.004914143276098935,0.004813490435311481,117.45833333333333
0.004915787747585624,0.004915788479999607,0.00481473657064596,117.5
0.004917391777650816,0.004917392344019801,0.004815166398030374,117.54166666666667
0.00491882402133497,0.004918824552571389,0.004814724411802392,117.58333333333333
0.004919983638002106,0.0049199841598984535,0.004813425439801141,117.625
0.004920798675329256,0.004920799069579885,0.004811349827076851,117.66666666666667
0.004921214488285635,0.004921214835901444,0.00480862581631179,117.70833333333333
0.004921129857353502,0.004921130179751612,0.0048053578585737396,117.75
0.004920349327598701,0.004920349669346027,0.004801572042416669,117.79166666666667
0.004918996795501097,0.004918997076999753,0.00479760574024738,117.83333333333333
0.004917258408465601,0.004917258708650788,0.004793838492240323,117.875
0.004915376581931412,0.004915382887288399,0.004790668620059686,117.91666666666667
0.004913864477514218,0.004913864817455394,0.0047886550359703085,117.95833333333333
0.004912673443222251,0.004912673323298206,0.004787815071581253,118.0
0.004911743730422094,0.004911743814800433,0.004788071660339298,118.04166666666667
0.004911035817381779,0.004911036152581364,0.004789304092383206,118.08333333333333
0.004910525132061984,0.004910525428012782,0.004791347945554366,118.125
0.004910194547742564,0.004910194891586581,0.004794000572489735,118.16666666666667
0.0049100306322995505,0.004910030978803724,0.004797033522833578,118.20833333333333
0.004910019354829285,0.0049100197106307685,0.004800208814621689,118.25
0.004910201584023329,0.004910201960736269,0.0048033447292315234,118.29166666666667
0.004910651002129337,0.004910651393903847,0.004806319600971814,118.33333333333333
0.004911303331490932,0.004911302467137419,0.004808910064810154,118.375
0.004912439792606866,0.004912438896852273,0.0048112556884554345,118.41666666666667
0.004913921428363869,0.0049139209283465,0.00481315042377212,118.45833333333333
0.0049155378316082295,0.004915537616468845,0.00481437120746842,118.5
0.004917122209233256,0.00491712223185822,0.004814783192999427,118.54166666666667
0.004918541031239364,0.004918541284419505,0.00481432829185338,118.58333333333333
0.004919691236548899,0.00491969152196334,0.004813019776201079,118.625
0.004920499360722477,0.004920499557587673,0.004810936899154574,118.66666666666667
0.00492090987297808,0.004920910104735963,0.0048082069641982245,118.70833333333333
0.0049208215940849415,0.004920821849625464,0.004804934815002829,118.75
0.004920040592414081,0.00492004075667085,0.0048011478450821566,118.79166666666667
0.004918689436399726,0.004918689605008274,0.004797182736664002,118.83333333333333
0.004916953101079282,0.004916953316725927,0.004793417749740182,118.875
0.004915133299293637,0.004915129153374357,0.0047902907148005556,118.91666666666667
0.004913673313500061,0.004913670046131534,0.0047883316573825154,118.95833333333333
0.004912520703408637,0.0049125185901891764,0.004787530428116173,119.0
0.004911617422613431,0.0049116163478432765,0.004787813867834889,119.04166666666667
0.0049109281216543725,0.004910927336948029,0.004789065663855297,119.08333333333333
0.004910429725357379,0.004910429347889262,0.004791123655306846,119.125
0.004910107571455733,0.0049101074537382,0.004793787951416383,119.16666666666667
0.004909949307241541,0.004909949386790551,0.004796830807835836,119.20833333333333
0.004909941676748734,0.004909941855068978,0.004800012664307632,119.25
0.004910125612235241,0.004910125855520027,0.004803153542610705,119.29166666666667
0.004910574335943672,0.004910574627216738,0.004806131023886005,119.33333333333333
0.00491119062521267,0.004911196968030708,0.004808697696932425,119.375
0.004912265112852232,0.004912266554534021,0.004810983886732871,119.41666666666667
0.00491370281050747,0.004913704324300575,0.004812839444546795,119.45833333333333
0.004915290135983247,0.004915291235439852,0.004814033623709354,119.5
0.0049168548149382246,0.004916855641036193,0.004814427051461275,119.54166666666667
0.004918260263390585,0.004918260804564321,0.004813958826178349,119.58333333333333
0.004919400969513702,0.004919401478213843,0.004812640176167363,119.625
0.004920202145718715,0.0049202025279605575,0.004810549576746107,119.66666666666667
0.004920607298622218,0.004920607641265597,0.004807813028409523,119.70833333333333
0.004920515237810756,0.004920515593630038,0.004804535950012106,119.75
0.004919733528016612,0.004919733888612723,0.004800747487942753,119.79166666666667
0.004918383642358769,0.004918383983370957,0.0047967830899968734,119.83333333333333
0.004916649960854955,0.0049166496123285545,0.00479302096010144,119.875
0.004914886308601712,0.004914881729296557,0.004789944143915791,119.91666666666667
0.004913490030486425,0.004913479906871756,0.004788038234760769,119.95833333333333
0.004912373669064532,0.004912367501964524,0.0047872734559716345,120.0
0.004911495902145988,0.0049114919696383345,0.004787582414468298,120.04166666666667
0.004910823706874646,0.004910821201049012,0.004788852182855909,120.08333333333333
0.0049103372183025885,0.00491033570000478,0.0047909235640943544,120.125
0.0049100231618463925,0.004910022276824184,0.004793597680682777,120.16666666666667
0.004909870282031819,0.004909869811958258,0.004796647953205059,120.20833333333333
0.004909866163681004,0.004909865985582549,0.0047998357728991385,120.25
0.004910051693197858,0.004910051692363873,0.004802981686438565,120.29166666666667
0.004910499646254617,0.00491049977249359,0.004805961652620083,120.33333333333333
0.0049111054550672415,0.004911103946555458,0.004808515313634295,120.375
0.004912105717569618,0.004912104627618188,0.004810740015314383,120.41666666666667
0.004913495382826068,0.004913495178202246,0.004812553256053139,120.45833333333333
0.004915050393025102,0.004915050365446012,0.004813718932594463,120.5
0.004916593151583251,0.004916593375379697,0.004814092905304725,120.54166666666667
0.004917983763541758,0.004917983931894243,0.004813610970121202,120.58333333333333
0.004919114119480077,0.004919114405355945,0.004812282371192638,120.625
0.004919907796343912,0.004919908030663468,0.004810183745988521,120.66666666666667
0.0049203071968770854,0.004920307423550573,0.0048074409545714155,120.70833333333333
0.004920211104805985,0.004920211342688319,0.004804159002221211,120.75
0.0049194284389697815,0.004919428803440467,0.004800368934669095,120.79166666666667
0.0049180796146841965,0.004918080059828326,0.004796405337046544,120.83333333333333
0.004916348766262297,0.004916348127354237,0.004792644580431995,120.875
0.004914651911920824,0.004914651445424703,0.004789637022722575,120.91666666666667
0.004913301947677254,0.004913301729749499,0.00478777811551731,120.95833333333333
0.00491222505312438,0.004912225061718677,0.004787045514650944,121.0
0.004911373805260027,0.004911373917944498,0.004787376811269603,121.04166666666667
0.004910719718331116,0.004910719911195355,0.004788662918421458,121.08333333333333
0.004910245622512596,0.004910245869570286,0.004790746425874206,121.125
0.004909939938213463,0.00490994022179629,0.004793429421464808,121.16666666666667
0.0049097926699793,0.004909793034058632,0.004796486794851946,121.20833333333333
0.004909792193292318,0.004909792490766956,0.004799680243780476,121.25
0.004909979367275033,0.004909979676066175,0.0048028300713393035,121.29166666666667
0.004910426576225471,0.004910426899064093,0.004805811682238608,121.33333333333333
0.0049110269741819475,0.004911026013834805,0.004808363097161823,121.375
0.0049119535021149565,0.0049119519292228665,0.004810521898945431,121.41666666666667
0.004913293392348888,0.004913292737936212,0.00481229016334256,121.45833333333333
0.004914814895624314,0.004914814508006077,0.004813425501791349,121.5
0.00491633513018736,0.004916334951632054,0.004813778918854695,121.54166666666667
0.004917710196360901,0.00491771028713976,0.004813282621009186,121.58333333333333
0.00491882983543175,0.004918830033736618,0.004811943621909537,121.625
0.0049196157218238746,0.004919615874165549,0.0048098375123364475,121.66666666666667
0.0049200091196711605,0.004920009288797281,0.004807088763998476,121.70833333333333
0.0049199087464036236,0.004919908935893851,0.004803802914831976,121.75
0.004919124991362441,0.0049191252020727525,0.004800012048439705,121.79166666666667
0.004917777157819766,0.004917777392973762,0.004796049835355421,121.83333333333333
0.0049160494739699506,0.00491605330023143,0.004792294520962376,121.875
0.00491439906308842,0.00491442880681969,0.004789350523220267,121.91666666666667
0.004913109303568314,0.004913129501241465,0.004787539160762168,121.95833333333333
0.004912073377889184,0.0049120870361552904,0.00478683918490186,122.0
0.004911250092897508,0.0049112593712641005,0.004787193095766692,122.04166666666667
0.0049106151231042335,0.004910621475691498,0.004788494965352205,122.08333333333333
0.0049101540720606004,0.004910158461560917,0.0047905894133963844,122.125
0.004909857222767066,0.0049098602991678305,0.0047932807461649185,122.16666666666667
0.0049097158609706735,0.004909718109729461,0.0047963446329098245,122.20833333333333
0.00490971921499032,0.004909720790372389,0.004799543637134748,122.25
0.0049099082916953495,0.004909909361258223,0.004802696738004799,122.29166666666667
0.004910354895905471,0.004910355668766041,0.0048056794840898795,122.33333333333333
0.004910952025250042,0.004910952636136477,0.004808229595200205,122.375
0.0049118084283757526,0.004911809197348711,0.004810325145595156,122.41666666666667
0.004913097138231987,0.004913097288886573,0.004812046649973072,122.45833333333333
0.0049145834729525375,0.004914583809977916,0.004813150466017201,122.5
0.004916080225478138,0.004916080552249286,0.004813482281561411,122.54166666666667
0.004917439315856946,0.004917439736213887,0.0048129709845782616,122.58333333333333
0.00491854780706628,0.004918548248198093,0.004811621458591337,122.625
0.004919325603672469,0.004919325940568907,0.004809507360949412,122.66666666666667
0.004919712796137585,0.004919713125531396,0.004806752513395801,122.70833333333333
0.004919607973628253,0.0049196083069793384,0.004803461944082139,122.75
0.0049188229554453485,0.004918823284033107,0.004799669753609451,122.79166666666667
0.00491747592205688,0.0049174762927646914,0.004795708293817459,122.83333333333333
0.0049157724848734406,0.004915761839430587,0.004791962414367534,122.875
0.004914217521015842,0.004914209864550685,0.004789087733292728,122.91666666666667
0.004912963569369145,0.00491295989425086,0.004787320651910327,122.95833333333333
0.0049119536794945936,0.0049119512865217554,0.0047866506364116585,123.0
0.004911148421006844,0.004911146821460207,0.004787025551528829,123.04166666666667
0.0049105256673058345,0.0049105248536697906,0.004788342278092351,123.08333333333333
0.00491007323987673,0.004910072732154672,0.004790448073980506,123.125
0.00490978215436971,0.004909781963491335,0.004793147409664039,123.16666666666667
0.004909644651264676,0.004909644621147065,0.004796216814370508,123.20833333333333
0.004909650443165518,0.004909650547903213,0.0047994200435437185,123.25
0.004909840302420279,0.00490984048038629,0.004802576351077539,123.29166666666667
0.004910285619900575,0.004910285856672582,0.004805560131838767,123.33333333333333
0.004910880405973681,0.004910880688349688,0.004808109829249742,123.375
0.004911676419100218,0.004911673072086615,0.0048101477681200665,123.41666666666667
0.004912909128727042,0.004912906567660344,0.004811820306315618,123.45833333333333
0.004914358109095659,0.004914356675020972,0.004812891162709633,123.5
0.0049158298097969335,0.004915828952133334,0.004813200520255576,123.54166666666667
0.00491717187790704,0.0049171714087975415,0.00481267387154724,123.58333333333333
0.004918268609394958,0.004918268412219572,0.0048113132013253845,123.625
0.004919037904046861,0.004919037750773987,0.004809190898322362,123.66666666666667
0.004919418603934099,0.0049194185892985276,0.004806429618587659,123.70833333333333
0.004919309078202431,0.004919309207732248,0.004803134865736082,123.75
0.004918522538773473,0.004918522842756741,0.004799341761796023,123.79166666666667
0.004917176242254375,0.004917176571089668,0.0047953815937888155,123.83333333333333
0.00491547472003383,0.004915484948917121,0.004791658008759492,123.875
0.004913996265637458,0.00491400131550637,0.004788847309248205,123.91666666666667
0.004912794315746677,0.0049127978812800255,0.004787121781082626,123.95833333333333
0.0049118184995779225,0.004911821064085918,0.004786480242185657,124.0
0.004911036500469795,0.004911038374202376,0.004786874593699066,124.04166666666667
0.004910429972009492,0.004910431382478159,0.004788204977223567,124.08333333333333
0.004909988463064773,0.004909989515222222,0.004790320074768058,124.125
0.004909704909071225,0.004909705771090891,0.004793027147184976,124.16666666666667
0.004909572364062509,0.004909573079120425,0.004796102224589158,124.20833333333333
0.004909581378538799,0.004909581975257437,0.004799309219877347,124.25
0.004909772587406653,0.004909773132311314,0.004802467883402157,124.29166666666667
0.004910216983519973,0.0049102174921432816,0.004805451818760407,124.33333333333333
0.00491080967196068,0.004910810155663523,0.004808000815659033,124.375
0.00491155034716584,0.004911551664708929,0.004809992579504537,124.41666666666667
0.004912725337131547,0.004912727046453581,0.0048116126959215555,124.45833333333333
0.0049141364686591344,0.004914137465561341,0.004812647868549731,124.5
0.004915582270650869,0.00491558315102134,0.0048129331339604575,124.54166666666667
0.004916906810119322,0.004916907640758369,0.004812389794793449,124.58333333333333
0.004917991416055594,0.004917992111078471,0.004811017456677528,124.625
0.004918751853831889,0.004918752459776241,0.004808886722025308,124.66666666666667
0.0049191258867029965,0.0049191264214323354,0.004806118960001332,124.70833333333333
0.00491901159516584,0.004919012081663087,0.0048028196720704295,124.75
0.004918223558600494,0.0049182239999679776,0.00479902552153437,124.79166666666667
0.004916877812649185,0.004916878219938315,0.004795066766993522,124.83333333333333
0.004915195613956944,0.0049152253442634524,0.004791379815267234,124.875
0.004913782218922031,0.00491380451800992,0.004788626875329891,124.91666666666667
0.004912628917917389,0.0049126440221501965,0.0047869406008178555,124.95833333333333
0.004911686369757123,0.004911696655776943,0.004786325971737439,125.0
0.004910927203967838,0.00491093421636909,0.004786738881993316,125.04166666666667
0.004910336316213216,0.0049103411504092,0.0047880823280189175,125.08333333333333
0.004909905493671789,0.0049099088622995436,0.0047902069826427935,125.125
0.004909629173221186,0.004909631574208539,0.004792920541609935,125.16666666666667
0.00490950149600678,0.0049095033058322085,0.004796000782388942,125.20833333333333
0.004909513613536542,0.0049095149477390515,0.004799212578369956,125.25
0.004909706149707691,0.004909707181019439,0.004802373268827917,125.29166666666667
0.004910149609071921,0.004910150442057178,0.004805357298651746,125.33333333333333
0.004910740196720468,0.0049107409042524214,0.004807905129206407,125.375
0.0049114329120580336,0.004911434073894912,0.004809855831031166,125.41666666666667
0.004912550614585288,0.004912550058109055,0.0048114225050919605,125.45833333333333
0.004913921056916554,0.004913920356728664,0.004812420192926162,125.5
0.004915339198759471,0.004915339033737361,0.004812680198852256,125.54166666666667
0.0049166451469809845,0.004916645188607216,0.004812119724787207,125.58333333333333
0.004917716933536347,0.004917717147698256,0.004810735418084597,125.625
0.004918468254478144,0.004918468474384901,0.004808595864488557,125.66666666666667
0.004918835298571012,0.004918835571461449,0.004805821638710395,125.70833333333333
0.004918715940375399,0.004918716271966782,0.004802517744609703,125.75
0.004917926124861793,0.004917926522725836,0.00479872237774374,125.79166666666667
0.0049165807609087625,0.004916581188659975,0.004794765012131593,125.83333333333333
0.004914955136299817,0.0049149696154601585,0.00479112292620842,125.875
0.00491360086232601,0.004913610770775186,0.00478842450571758,125.91666666666667
0.004912485846206096,0.004912492638701979,0.004786775144527152,125.95833333333333
0.004911569580092169,0.0049115743137200605,0.004786185606353446,126.0
0.004910828503185919,0.00491083181685516,0.00478661594597588,126.04166666666667
0.004910250115264289,0.004910252490856068,0.004787971822674777,126.08333333333333
0.00490982789707119,0.0049098296267961125,0.004790105435564616,126.125
0.004909557444728374,0.004909558732545132,0.0047928250706046355,126.16666666666667
0.004909433647257095,0.004909434673976007,0.0047959097982467145,126.20833333333333
0.004909448240397874,0.004909449087759829,0.004799123951236913,126.25
0.004909641653116768,0.004909642373450216,0.0048022866913553005,126.29166666666667
0.004910083888811637,0.004910084529635582,0.004805270619318527,126.33333333333333
0.004910672203752747,0.004910672791740188,0.004807817441751602,126.375
0.004911329164901529,0.004911335487818373,0.0048097403971581135,126.41666666666667
0.004912382672877798,0.0049123860382109166,0.004811246052973909,126.45833333333333
0.004913710688301741,0.004913712261284453,0.004812204692064035,126.5
0.00491509985903564,0.0049151015073725145,0.004812438264148005,126.54166666666667
0.0049163864942698395,0.004916387691033706,0.004811859682375024,126.58333333333333
0.004917444887986912,0.004917445867463626,0.0048104627811637254,126.625
0.0049181866450983,0.004918187367773649,0.004808314264087503,126.66666666666667
0.004918546449919267,0.004918547085616007,0.0048055331259684,126.70833333333333
0.004918421853442054,0.004918422472819371,0.004802224492908746,126.75
0.00491763011668539,0.004917630698504649,0.004798427676046625,126.79166666666667
0.004916285167603718,0.00491628558574099,0.004794470669208901,126.83333333333333
0.00491471665464631,0.004914729934914329,0.004790875601971496,126.875
0.004913420899757915,0.004913428204154838,0.004788230407115129,126.91666666666667
0.004912344094492502,0.004912349110194107,0.004786617166871136,126.95833333333333
0.0049114539859868795,0.0049114575448688915,0.004786052196011648,127.0
0.004910730927783161,0.004910733507582611,0.004786499337255143,127.04166666666667
0.0049101649902723084,0.004910166885963113,0.004787866777432601,127.08333333333333
0.004909751346619705,0.00490975276759788,0.004790008730383015,127.125
0.004909486758529843,0.0049094878382250915,0.004792734213602854,127.16666666666667
0.004909366830444696,0.004909367696988223,0.00479582308229908,127.20833333333333
0.004909383891983327,0.004909384618971831,0.00479904027649385,127.25
0.004909578197956666,0.004909578877906792,0.004802204742336412,127.29166666666667
0.00491001923081845,0.004910019876677591,0.004805188516838411,127.33333333333333
0.004910605293071074,0.004910605913152292,0.004807733946363997,127.375
0.0049112454238517496,0.004911245479871493,0.004809631762750471,127.41666666666667
0.004912225063463339,0.0049122264769985505,0.004811078379324474,127.45833333333333
0.004913506946289495,0.004913507694101562,0.0048119961985040646,127.5
0.004914865685592322,0.004914866621210339,0.004812202433593764,127.54166666666667
0.004916131701865774,0.00491613236859779,0.004811605303738594,127.58333333333333
0.0049171758452266285,0.0049171765760881,0.004810195700797836,127.625
0.0049179075217593805,0.0049179080590717895,0.004808038147880895,127.66666666666667
0.004918259752079856,0.004918260235491842,0.0048052502563360085,127.70833333333333
0.004918129723477335,0.004918130184847587,0.004801936910499833,127.75
0.0049173358649569525,0.004917336300851056,0.004798138677562661,127.79166666666667
0.004915991823230819,0.004915991329675075,0.004794182616202843,127.83333333333333
0.0049144943534624504,0.004914497665605372,0.004790644517752289,127.875
0.004913248233623321,0.004913250894521981,0.004788049474296517,127.91666666666667
0.004912207543480658,0.0049122094077353054,0.004786470093275764,127.95833333333333
0.0049113422278010506,0.004911343680445833,0.0047859281602461315,128.0
0.0049106362898106255,0.0049106374351865776,0.004786391689173077,128.04166666666666
0.0049100821959145455,0.004910083113873167,0.004787770471495837,128.08333333333334
0.004909676691729593,0.004909677451939644,0.004789919584112815,128.125
0.004909417623299211,0.004909418279462541,0.004792651198004897,128.16666666666666
0.0049093013887824746,0.004909302054301138,0.004795744067407319,128.20833333333334
0.0049093207747018305,0.0049093213553670825,0.004798964945254227,128.25
0.004909515895671466,0.004909516440978337,0.004802130581771398,128.29166666666666
0.004909955689106665,0.004909956216470056,0.004805113647943617,128.33333333333334
0.004910539494721989,0.004910540013045864,0.0048076575274038184,128.375
0.004911169287457468,0.0049111692888315,0.004809549962668304,128.41666666666666
0.004912079734053179,0.0049120748443837875,0.0048109256989239116,128.45833333333334
0.004913310882011543,0.004913308724625873,0.004811800286272647,128.5
0.004914637201435486,0.004914635965634629,0.0048119775341339144,128.54166666666666
0.004915880936257757,0.004915880313116642,0.004811360790906301,128.58333333333334
0.0049169100201160686,0.004916909853448707,0.004809937571590873,128.625
0.00491763093853815,0.004917630905034742,0.004807770340097292,128.66666666666666
0.004917975151451816,0.004917975276262223,0.00480497532541034,128.70833333333334
0.00491783934917445,0.0049178395896626636,0.004801657091594254,128.75
0.004917043178961244,0.004917043495983818,0.004797857456501597,128.79166666666666
0.004915702977535311,0.0049157020791898735,0.004793906928900814,128.83333333333334
0.004914281159767664,0.004914277834460788,0.004790429003680072,128.875
0.004913083604704924,0.00491308220044689,0.004787880943822305,128.91666666666666
0.004912076844044968,0.004912075773527204,0.004786333618353727,128.95833333333334
0.004911234369965758,0.004911234187149476,0.0047858135810881965,129.0
0.004910545074438124,0.004910544613892403,0.004786291680628699,129.04166666666666
0.00491000187325898,0.004910001815706118,0.004787680464619604,129.08333333333334
0.004909604066832362,0.004909604093693039,0.004789837211412659,129.125
0.004909350141884515,0.00490935033255261,0.004792573547867539,129.16666666666666
0.004909237354376937,0.004909237624485546,0.0047956702743073044,129.20833333333334
0.004909258944320012,0.004909259238169145,0.004798893055515237,129.25
0.004909454769638493,0.004909455116422753,0.004802060383024893,129.29166666666666
0.004909893266652098,0.004909893655096382,0.004805043137438548,129.33333333333334
0.0049104747907939205,0.004910475209651546,0.0048075858578104785,129.375
0.00491109887588341,0.004911098340447385,0.004809473797670489,129.41666666666666
0.004911935857942322,0.004911937328373714,0.00481078664281414,129.45833333333334
0.0049131168837126486,0.004913119639369528,0.004811615493589602,129.5
0.004914410371498801,0.004914412348124297,0.004811762184099237,129.54166666666666
0.004915631953255331,0.004915633477810657,0.0048111247859266675,129.58333333333334
0.004916645768540378,0.0049166470355578844,0.004809687605091715,129.625
0.004917355927537277,0.004917356936152779,0.004807510334903136,129.66666666666666
0.004917692114962572,0.004917692946133733,0.004804707980334149,129.70833333333334
0.0049175505437087826,0.004917551249554596,0.004801384576277091,129.75
0.0049167519786211195,0.004916752609786623,0.004797583223534339,129.79166666666666
0.004915410216233147,0.004915413703741949,0.004793641801413031,129.83333333333334
0.004914044148296164,0.004914062644879448,0.0047902320397311985,129.875
0.004912904423960902,0.004912917004490893,0.004787727155286347,129.91666666666666
0.004911936240654985,0.0049119448458270504,0.004786208937522858,129.95833333333334
0.004911120894331382,0.004911126842800449,0.00478570838708527,130.0
0.004910449393536097,0.00491045354490669,0.004786199936522953,130.04166666666666
0.0049099190574611404,0.004909921993819266,0.004787598181765098,130.08333333333334
0.004909529903075628,0.004909532025334708,0.004789761741786761,130.125
0.004909281956402034,0.004909283543762096,0.00479250301503577,130.16666666666666
0.004909173134247169,0.004909174340435435,0.004795603417161296,130.20833333333334
0.004909197207854151,0.004909198168185651,0.004798828692710002,130.25
0.004909393977268157,0.004909394785664171,0.00480199658277628,130.29166666666666
0.004909831360090595,0.004909832071719744,0.004804978346171421,130.33333333333334
0.0049104107418965984,0.004910411393312178,0.004807519111894153,130.375
0.004911031247115356,0.004911031875813145,0.004809404316971228,130.41666666666666
0.004911804223606852,0.004911804964225541,0.004810659557875583,130.45833333333334
0.004912932855623188,0.004912934418387262,0.004811439498732907,130.5
0.004914191452784071,0.004914191762188964,0.004811553751134786,130.54166666666666
0.004915388802354902,0.004915389069008998,0.004810894488604323,130.58333333333334
0.0049163859406398825,0.0049163863790495,0.004809442346622179,130.625
0.0049170842947381665,0.00491708464256841,0.004807254882469697,130.66666666666666
0.004917411756534356,0.004917412140602414,0.00480444509506278,130.70833333333334
0.004917263932293003,0.004917264351210839,0.004801116751738561,130.75
0.004916462672194383,0.004916463042948855,0.004797314068680097,130.79166666666666
0.004915127976647175,0.004915143099080429,0.004793382046124811,130.83333333333334
0.004913837286032598,0.004913859293210754,0.004790037316158731,130.875
0.004912745089301351,0.004912760045227799,0.004787576164959869,130.91666666666666
0.004911809516968555,0.004911819740683788,0.004786087681845508,130.95833333333334
0.004911016641018986,0.004911023676992438,0.004785607816689425,131.0
0.004910360674957103,0.004910365562657717,0.004786113583032339,131.04166666666666
0.004909841087922471,0.004909844530612177,0.004787521613492517,131.08333333333334
0.004909459347694236,0.004909461823442105,0.004789691699696159,131.125
0.00490921646666041,0.004909218288805334,0.004792438057326859,131.16666666666666
0.004909110993574539,0.004909112378206259,0.0047955411106900825,131.20833333333334
0.004909137179899972,0.004909138274300478,0.004798768650402345,131.25
0.004909334633443838,0.004909335535283961,0.004801937739090489,131.29166666666666
0.004909770743147195,0.004909771526731991,0.004804918739724692,131.33333333333334
0.0049103478899604775,0.004910348601761647,0.004807457842530512,131.375
0.004910966051904724,0.0049109667236134445,0.0048093413152834625,131.41666666666666
0.004911682626939751,0.004911683329540768,0.00481054485195776,131.45833333333334
0.00491275709326528,0.004912756849064254,0.0048112745125644535,131.5
0.00491397700015093,0.004913976755366712,0.004811354705136896,131.54166666666666
0.004915148847444018,0.00491514887379984,0.00481067259325574,131.58333333333334
0.004916128699223779,0.004916128839115857,0.00480920490478442,131.625
0.004916814872194148,0.004916815084631457,0.004807006609167697,131.66666666666666
0.0049171333742015514,0.004917133702467084,0.004804188938058983,131.70833333333334
0.004916979145264144,0.004916979577090758,0.0048008551883943675,131.75
0.004916175050168924,0.004916175537786035,0.004797050454193714,131.79166666666666
0.004914872338404557,0.004914881283673496,0.004793144211718215,131.83333333333334
0.004913658749170888,0.004913662723793393,0.004789857850867715,131.875
0.004912605036323485,0.004912607891492384,0.004787436360361736,131.91666666666666
0.004911696014113276,0.004911698115621644,0.004785974793190126,131.95833333333334
0.004910921536061755,0.004910923145068846,0.00478551342872577,132.0
0.004910278360490425,0.004910279643435722,0.004786031882440447,132.04166666666666
0.004909767715627308,0.004909768733493538,0.004787448894925671,132.08333333333334
0.004909392166269515,0.004909393011296756,0.00478962535721463,132.125
0.004909153514487509,0.004909154251453718,0.004792374620496983,132.16666666666666
0.004909050843389573,0.004909051500831199,0.004795480923494299,132.20833333333334
0.004909078779173746,0.004909079382052684,0.004798710244620146,132.25
0.004909276667460663,0.004909277261280028,0.004801880386124323,132.29166666666666
0.004909711363699367,0.0049097119544759754,0.004804860700450486,132.33333333333334
0.004910286201316587,0.0049102867907317065,0.0048073982741378245,132.375
0.004910901983277585,0.0049109025803471375,0.004809280045011706,132.41666666666666
0.004911565850230251,0.004911570573763525,0.004810440009208198,132.45833333333334
0.0049125836222578215,0.004912585687983368,0.0048111167808770295,132.5
0.004913764640466438,0.004913766515837973,0.00481116172825518,132.54166666666666
0.0049149109266765825,0.0049149124964199655,0.004810455880594813,132.58333333333334
0.004915873328150089,0.004915874602054072,0.0048089719282557826,132.625
0.004916547232662955,0.004916548194758126,0.0048067620967467434,132.66666666666666
0.004916856723216754,0.004916857552389179,0.004803936382752351,132.70833333333334
0.0049166960639051155,0.0049166968265416215,0.004800597150462254,132.75
0.004915889067742686,0.004915889797529427,0.0047967905680344515,132.79166666666666
0.004914626842891585,0.004914635244185339,0.004792921269463263,132.83333333333334
0.0049134735689083525,0.004913476816990973,0.004789689909599445,132.875
0.004912460894580278,0.0049124632201862665,0.0047873056355408625,132.91666666666666
0.004911580063703734,0.004911581841975027,0.004785869354133054,132.95833333333334
0.004910825102518716,0.004910826492925545,0.0047854252154611,133.0
0.004910195480745207,0.0049101966006831095,0.0047859556837117,133.04166666666666
0.0049096942232208785,0.004909695149629334,0.0047873809672968675,133.08333333333334
0.004909325189714834,0.004909325967466764,0.0047895631418901595,133.125
0.004909090990634883,0.004909091676618579,0.004792316011842823,133.16666666666666
0.004908991256839717,0.004908991890077249,0.004795424684006752,133.20833333333334
0.004909021073232015,0.004909021624185654,0.0047986554304025476,133.25
0.0049092194693813596,0.004909220037926285,0.004801826075432426,133.29166666666666
0.0049096528181159504,0.004909653405406686,0.0048048052408821654,133.33333333333334
0.004910225404651724,0.0049102260061299466,0.004807340934781383,133.375
0.004910838854243041,0.004910839469763696,0.004809220851948797,133.41666666666666
0.004911468331917819,0.004911470435991336,0.004810348268848979,133.45833333333334
0.00491242369598004,0.004912423404911793,0.004810968470809051,133.5
0.004913561952636108,0.004913562710852485,0.004810975628886406,133.54166666666666
0.004914680144974615,0.004914680610998004,0.004810244462136288,133.58333333333334
0.004915623311632726,0.004915623842835583,0.004808743286098114,133.625
0.004916283692774396,0.004916284173305719,0.004806521560340003,133.66666666666666
0.004916583368055228,0.0049165838733457486,0.004803687211222962,133.70833333333334
0.004916415729175921,0.00491641628041789,0.004800342153708642,133.75
0.004915605464977496,0.004915606062696203,0.004796533451360119,133.79166666666666
0.0049143972754096005,0.004914403302179342,0.004792707822189942,133.83333333333334
0.004913297899122119,0.0049133006937830456,0.00478952866592085,133.875
0.004912323401836803,0.0049123254223415805,0.004787179845227731,133.91666666666666
0.00491146890658398,0.004911470464334694,0.004785767757493615,133.95833333333334
0.004910732178784834,0.00491073341955843,0.004785340137409226,134.0
0.004910115234718848,0.0049101162529238225,0.004785881754105936,134.04166666666666
0.0049096227986816015,0.004909623657523743,0.004787314764169466,134.08333333333334
0.004909259876506203,0.004909260617137375,0.004789501755571849,134.125
0.004909029855258626,0.004909030516056063,0.004792259816138121,134.16666666666666
0.004908932888808271,0.004908933486621406,0.0047953710593762085,134.20833333333334
0.004908964389605911,0.004908964958095747,0.004798604642155881,134.25
0.004909163254433406,0.004909163816203891,0.004801775689296966,134.29166666666666
0.0049095952487005655,0.004909595813567336,0.004804753721848205,134.33333333333334
0.004910165596886731,0.004910166170744494,0.004807287524256128,134.375
0.004910776733501058,0.004910777314302013,0.004809165523605723,134.41666666666666
0.004911383347390667,0.004911380951387846,0.004810269697905164,134.45833333333334
0.004912269129709224,0.0049122685751741115,0.0048108305566149775,134.5
0.0049133645758398636,0.004913364417188116,0.004810798471227501,134.54166666666666
0.004914452902611558,0.004914453102267546,0.004810041385385936,134.58333333333334
0.004915376137123562,0.004915376510434193,0.004808522777468786,134.625
0.004916022664717306,0.004916023010511474,0.004806288910561859,134.66666666666666
0.0049163122558882125,0.004916312673836361,0.004803445979128444,134.70833333333334
0.004916137487509154,0.004916137965573209,0.004800095082996346,134.75
0.004915323793848714,0.00491532434655547,0.004796284009337501,134.79166666666666
0.004914166885845295,0.004914173817784401,0.004792510125414589,134.83333333333334
0.0049131213759381455,0.0049131265364173735,0.00478937933653006,134.875
0.004912185559777162,0.004912189253181129,0.004787063317638229,134.91666666666666
0.0049113578275761394,0.004911360490083034,0.0047856734296671385,134.95833333333334
0.004910639604126308,0.00491064158411346,0.004785260946386835,135.0
0.004910035509793508,0.004910037024599691,0.004785813078138467,135.04166666666666
0.004909552010671045,0.004909553191023487,0.0047872530958258,135.08333333333334
0.004909195265387569,0.004909196223473665,0.004789445525594451,135.125
0.004908969459464962,0.0049089702739348465,0.004792207105885539,135.16666666666666
0.004908875296467717,0.004908875995165378,0.004795321378733168,135.20833333333334
0.004908908538954734,0.0049089091830580205,0.004798556000463674,135.25
0.004909107882232819,0.00490910850630922,0.004801727457863361,135.29166666666666
0.00490953855378206,0.0049095391713995535,0.0048047042008009175,135.33333333333334
0.004910106701022849,0.004910107314281896,0.004807236053224232,135.375
0.004910715562773522,0.004910716182028524,0.004809112226553101,135.41666666666666
0.0049113078935678345,0.0049113109108193595,0.004810207057032422,135.45833333333334
0.004912125849699312,0.004912126283864341,0.004810703768198474,135.5
0.004913172876285978,0.004913175057362366,0.004810629069119786,135.54166666666666
0.004914230703168811,0.00491423226443278,0.00480984306162627,135.58333333333334
0.004915132879475219,0.004915134219110246,0.00480830484255673,135.625
0.0049157647974062465,0.004915765800626636,0.004806057819768293,135.66666666666666
0.004916043839543181,0.004916044710662248,0.004803205658447975,135.70833333333334
0.004915861600831647,0.004915862413310079,0.004799848498199673,135.75
0.004915044289521169,0.0049150464980073135,0.004796036263393295,135.79166666666666
0.00491395386553507,0.00491396119992082,0.004792322496232285,135.83333333333334
0.004912958717436485,0.0049129640099804354,0.00478923682713921,135.875
0.004912057413812013,0.004912061194393172,0.004786951176299967,135.91666666666666
0.004911253526852911,0.004911256261475912,0.0047855823441749785,135.95833333333334
0.00491055186746718,0.0049105538989219835,0.00478518444242162,136.0
0.004909959309297663,0.004909960868016629,0.004785746552715315,136.04166666666666
0.004909483867538457,0.004909485083167469,0.004787193346126353,136.08333333333334
0.004909132708844422,0.004909133699696815,0.004789390283171282,136.125
0.00490891071948124,0.004908911572391343,0.004792154668185625,136.16666666666666
0.004908819092608662,0.004908819897424298,0.004795270621761074,136.20833333333334
0.004908853909992508,0.004908854629531763,0.0047985062855726195,136.25
0.004909053627286737,0.004909054314072765,0.004801678650746361,136.29166666666666
0.004909482929178299,0.0049094835964636156,0.004804654626386838,136.33333333333334
0.004910048863551219,0.004910049521906515,0.004807184853848003,136.375
0.0049106554515858545,0.00491065610886906,0.004809059244140303,136.41666666666666
0.004911244868730438,0.004911245188949946,0.004810148166993923,136.45833333333334
0.004911994384028622,0.00491199091850765,0.004810582450253837,136.5
0.004912992049905152,0.004912990924645548,0.004810463929925443,136.54166666666666
0.004914015853190881,0.004914015489065198,0.00480964857800741,136.58333333333334
0.0049148952764073665,0.004914895192672537,0.004808090515836858,136.625
0.00491551136717449,0.004915511521561033,0.004805829598318593,136.66666666666666
0.004915779057598601,0.004915779361617059,0.004802967474934592,136.70833333333334
0.004915588852071717,0.004915589246326315,0.004799603712688149,136.75
0.004914778589421373,0.004914776624186026,0.004795792349578329,136.79166666666666
0.004913758000412501,0.004913759074991467,0.004792141090230912,136.83333333333334
0.004912807731280986,0.004912808849766696,0.00478909847951144,136.875
0.00491193740203852,0.004911938400532576,0.004786842477457095,136.91666666666666
0.004911154970795734,0.004911155876862448,0.004785493774759734,136.95833333333334
0.004910468327278744,0.004910469100280726,0.004785109728982469,137.0
0.004909886247435588,0.004909886947219584,0.0047856813776641655,137.04166666666666
0.004909418124541076,0.004909418761475273,0.00478713521166013,137.08333333333334
0.00490907206031695,0.004909072656413402,0.0047893371517308036,137.125
0.004908853562581434,0.004908854146394093,0.00479210412745709,137.16666666666666
0.004908764253510643,0.004908764814588717,0.004795221718736967,137.20833333333334
0.004908800526204474,0.004908801043234007,0.004798458500543116,137.25
0.004909000515532236,0.0049090010498629814,0.004801631066519181,137.29166666666666
0.004909428403748483,0.004909428956670546,0.004804605868291803,137.33333333333334
0.004909992114418087,0.004909992686775008,0.0048071341775531365,137.375
0.004910596433436136,0.004910597026433515,0.004809006699671425,137.41666666666666
0.004911183310167276,0.00491118372581614,0.004810094035005462,137.45833333333334
0.004911865100553531,0.004911865135736431,0.004810470383539502,137.5
0.004912812273721665,0.004912813798763962,0.004810305756247738,137.54166666666666
0.004913802478540935,0.004913803838859149,0.0048094596989407745,137.58333333333334
0.004914658995660058,0.0049146602570235955,0.004807881000907075,137.625
0.004915259420627983,0.00491526049815316,0.004805606055235266,137.66666666666666
0.004915515867936684,0.0049155168250961416,0.004802734001211301,137.70833333333334
0.004915317746187553,0.004915318635922371,0.004799363426503192,137.75
0.004914508031049198,0.004914514986820599,0.004795558255075397,137.79166666666666
0.004913560210186793,0.00491356325021505,0.004791967970092033,137.83333333333334
0.004912655881901566,0.004912658249206632,0.004788966801821135,137.875
0.0049118171752379316,0.004911818988439868,0.004786738859030228,137.91666666666666
0.004911056655562866,0.004911058074686693,0.004785409331151047,137.95833333333334
0.004910385180375088,0.004910386340948848,0.004785038492061092,138.0
0.004909813720642999,0.0049098146948326,0.004785619402702558,138.04166666666666
0.004909353032681248,0.00490935384421552,0.004787079645904037,138.08333333333334
0.004909012126921257,0.004909012851440396,0.004789286101358214,138.125
0.004908797175859378,0.004908797839506452,0.004792056715104544,138.16666666666666
0.0049087101959280465,0.004908710824871501,0.0047951770089166585,138.20833333333334
0.004908747895718806,0.004908748489088295,0.004798415580911303,138.25
0.004908948215293664,0.004908948805695963,0.00480158871202861,138.29166666666666
0.004909374750998091,0.004909375345200889,0.004804562347640494,138.33333333333334
0.0049099362966268725,0.0049099369003296105,0.004807088821525849,138.375
0.004910538396555943,0.004910539010639571,0.004808959482376744,138.41666666666666
0.004911123143759898,0.004911123770881703,0.0048100453189599155,138.45833333333334
0.0049117489561321444,0.0049117524158717105,0.004810371823482883,138.5
0.004912643578922321,0.0049126460387104096,0.00481015833264074,138.54166666666666
0.004913597469373515,0.004913599364164035,0.00480927966736877,138.58333333333334
0.004914429016270621,0.004914430839308894,0.004807679005095431,138.625
0.004915012397429733,0.004915013829347774,0.004805388990135234,138.66666666666666
0.004915256684731824,0.004915257879328655,0.0048025064328676296,138.70833333333334
0.004915050042269884,0.0049150511018563655,0.004799128904981096,138.75
0.00491427083143498,0.00491426823357805,0.004795351883534854,138.79166666666666
0.004913379907984482,0.004913377866246265,0.004791814478905229,138.83333333333334
0.004912516154020299,0.004912514994184117,0.004788848692480714,138.875
0.004911705420913876,0.004911704847020179,0.004786644907886999,138.91666666666666
0.00491096430084986,0.0049109641261505105,0.00478533201574042,138.95833333333334
0.004910306408122082,0.004910306472495444,0.004784972539653437,139.0
0.004909744449043832,0.004909744681891106,0.004785561359694049,139.04166666666666
0.004909290417451977,0.004909290760188948,0.004787027076768719,139.08333333333334
0.004908954165484006,0.004908954570504998,0.004789237082307862,139.125
0.0049087424043943026,0.004908742830547517,0.004792010834271382,139.16666666666666
0.004908657537266165,0.004908657999633289,0.0047951334456743525,139.20833333333334
0.004908696541920138,0.0049086969882056386,0.004798373597370527,139.25
0.004908897079874318,0.004908897560529515,0.0048015466233805185,139.29166666666666
0.004909322215725349,0.004909322728197338,0.00480451892248866,139.33333333333334
0.004909881585709393,0.0049098821266189046,0.004807043364368471,139.375
0.004910481471547031,0.0049104820406349866,0.0048089120855153615,139.41666666666666
0.004911064296824926,0.004911064892175581,0.004809996364589971,139.45833333333334
0.004911651315907764,0.0049116487389689835,0.004810285395168658,139.5
0.004912486981773629,0.004912484999999418,0.0048100192976619415,139.54166666666666
0.004913401457488017,0.0049133997028757695,0.0048091055070155425,139.58333333333334
0.004914206058263206,0.004914205323290386,0.004807481178715358,139.625
0.0049147707327588,0.0049147703393354215,0.004805174913405831,139.66666666666666
0.004915001808822765,0.004915001755699508,0.004802281319577019,139.70833333333334
0.0049147859663184355,0.0049147861602033835,0.004798896427178568,139.75
0.004914041735287939,0.004914041575420645,0.0047951519943904754,139.79166666666666
0.004913207330760295,0.004913206125072392,0.004791664909400316,139.83333333333334
0.004912381838503918,0.004912381222867727,0.004788733937164776,139.875
0.004911597581926851,0.004911597383572543,0.004786554100219078,139.91666666666666
0.00491087491967944,0.004910874985285878,0.004785257650910166,139.95833333333334
0.0049102298998552054,0.004910230149586734,0.0047849094284691624,140.0
0.004909677020290909,0.004909677374099389,0.004785506112121497,140.04166666666666
0.004909229345215577,0.004909229742844004,0.004786977242728969,140.08333333333334
0.00490889753742658,0.004908897957153501,0.004789191322295553,140.125
0.004908688833655571,0.004908689281436692,0.004791967085084955,140.16666666666666
0.004908605978946609,0.004908606458577051,0.0047950913960575605,140.20833333333334
0.004908646209572799,0.004908646706370428,0.004798332858627695,140.25
0.004908846954608592,0.0049088474562070305,0.004801505964504287,140.29166666666666
0.004909270708316402,0.004909271224844444,0.004804476826209628,140.33333333333334
0.004909827932677356,0.004909828459607469,0.004806999318331378,140.375
0.0049104256377676255,0.004910426177040599,0.004808866173678794,140.41666666666666
0.004911006574041791,0.004911007130914242,0.004809948773266074,140.45833333333334
0.004911563382652184,0.004911560808020481,0.004810207467119059,140.5
0.004912337821353948,0.0049123355723916335,0.004809886759440558,140.54166666666666
0.004913209645325944,0.004913208769669451,0.004808936606416855,140.58333333333334
0.004913986654123656,0.004913986261469861,0.0048072880589970024,140.625
0.0049145322132588,0.0049145321941213215,0.004804965512508369,140.66666666666666
0.004914749793970863,0.00491475001814245,0.004802060439121035,140.70833333333334
0.0049145245560928506,0.0049145249643356885,0.004798667675158122,140.75
0.00491382523120196,0.0049138251657154615,0.004794964890687849,140.79166666666666
0.004913041549592443,0.004913041699628352,0.004791524491144706,140.83333333333334
0.004912252424746808,0.004912252728346714,0.004788625305669233,140.875
0.0049114934123330655,0.00491149381326816,0.004786467235887687,140.91666666666666
0.004910788328220475,0.004910788793940681,0.0047851857022933285,140.95833333333334
0.0049101556288755266,0.004910156135342204,0.004784847952141098,141.0
0.004909611400817353,0.0049096119073125275,0.004785451868948943,141.04166666666666
0.004909169802722986,0.00490917031221935,0.004786927725310561,141.08333333333334
0.004908842246135035,0.004908842743660119,0.004789144409708203,141.125
0.0049086364559434055,0.004908636952077952,0.004791922323183645,141.16666666666666
0.004908555541271019,0.004908556038583047,0.004795047433210398,141.20833333333334
0.004908596970715254,0.0049085974415944995,0.004798289123313426,141.25
0.004908797876121896,0.00490879837035642,0.0048014628902697245,141.29166666666666
0.004909220243258013,0.004909220762178946,0.00480443303102144,141.33333333333334
0.004909775341439643,0.004909775880446696,0.004806953957798896,141.375
0.0049103708931648084,0.00491037145413052,0.004808819184137563,141.41666666666666
0.00491094996665932,0.004910950549268107,0.00480990032738459,141.45833333333334
0.004911484867430041,0.004911486051904784,0.0048101443143872555,141.5
0.004912194763930365,0.004912194914845965,0.0048097641716946405,141.54166666666666
0.0049130227739908015,0.004913024408494972,0.0048087743332110335,141.58333333333334
0.004913771218213377,0.004913772433038329,0.004807099102123823,141.625
0.00491429710562243,0.004914298172219161,0.004804758502679091,141.66666666666666
0.004914500836720008,0.004914501801670261,0.004801841044340085,141.70833333333334
0.004914265982781963,0.004914266901850305,0.004798440034090922,141.75
0.004913621183025955,0.004913621663239078,0.0047947862916081175,141.79166666666666
0.004912885794947668,0.004912886327148791,0.00479138950401723,141.83333333333334
0.004912130098578895,0.0049121306730439155,0.004788520390049751,141.875
0.004911394328860256,0.004911394923311764,0.004786383036310653,141.91666666666666
0.004910705442624801,0.004910706085687642,0.004785115846599598,141.95833333333334
0.004910084188190734,0.004910084787160495,0.004784787959106836,142.0
0.004909547983153738,0.004909548566477879,0.004785398541462697,142.04166666666666
0.0049091120545897505,0.004909112616777451,0.004786879296715337,142.08333333333334
0.004908788465996511,0.004908788997263166,0.004789099933563127,142.125
0.004908585407786308,0.004908585931165298,0.004791880498784352,142.16666666666666
0.004908506309443795,0.004908506792442963,0.004795007495539126,142.20833333333334
0.004908548826565701,0.004908549317360334,0.004798250444251213,142.25
0.004908749863616038,0.00490875038065182,0.004801424566780249,142.29166666666666
0.004909170852305269,0.00490917139042328,0.0048043937602471765,142.33333333333334
0.00490972385005537,0.004909724406564877,0.0048069130837727105,142.375
0.004910317278015968,0.004910317854544382,0.004808776666473717,142.41666666666666
0.004910894519227005,0.00491089511271521,0.00480985665115315,142.45833333333334
0.004911426305607321,0.004911425721665123,0.004810096184970825,142.5
0.004912064859255682,0.004912065220956262,0.004809654318374544,142.54166666666666
0.004912846183663956,0.0049128483409284765,0.004808623064033017,142.58333333333334
0.004913563849922392,0.004913564963028031,0.004806920228244976,142.625
0.004914068180711657,0.004914069203848463,0.004804560846269614,142.66666666666666
0.00491425684262597,0.0049142577642986894,0.004801630406480809,142.70833333333334
0.004914013457277548,0.0049140149896876985,0.004798222981868129,142.75
0.004913430393837117,0.004913431675809551,0.00479462551803786,142.79166666666666
0.004912739319096571,0.004912740391523277,0.004791268570656123,142.83333333333334
0.0049120143959537664,0.004912015329432974,0.004788426722109229,142.875
0.004911300032835807,0.004911300892424024,0.004786307914203225,142.91666666666666
0.004910626239481737,0.004910626987794247,0.004785053348358493,142.95833333333334
0.004910015508577087,0.0049100162039429456,0.004784734092932732,143.0
0.004909486765277574,0.0049094873984303344,0.004785350701106712,143.04166666666666
0.004909056114508389,0.004909056695529845,0.004786835500490729,143.08333333333334
0.0049087362311288135,0.004908736786642922,0.004789058402577166,143.125
0.004908535711070393,0.004908536262654473,0.004791840453969266,143.16666666666666
0.004908458300029456,0.004908458833015415,0.004794968890863828,143.20833333333334
0.004908501850097662,0.004908502368838181,0.004798212671786723,143.25
0.004908702977295208,0.004908703515154898,0.004801386844469381,143.29166666666666
0.004909122584474296,0.004909123138298838,0.004804354532461383,143.33333333333334
0.004909673498509921,0.004909674068600451,0.004806871828677339,143.375
0.004910264829203308,0.004910265413069957,0.0048087334911338184,143.41666666666666
0.004910840265001021,0.004910840860714916,0.004809811815047901,143.45833333333334
0.004911368948913686,0.004911369563650195,0.004810050166484098,143.5
0.004911946471480098,0.004911947172846779,0.004809552681118925,143.54166666666666
0.004912677988980515,0.004912680493155633,0.00480847701892656,143.58333333333334
0.004913361665091837,0.004913363806315768,0.0048067444269559376,143.625
0.004913843657619438,0.0049138452973494125,0.004804364931270722,143.66666666666666
0.004914016643603786,0.004914017969694993,0.004801420922287534,143.70833333333334
0.004913775919404939,0.004913778327177794,0.00479801590576744,143.75
0.004913251626763357,0.00491325345299139,0.00479447150374074,143.79166666666666
0.004912601308737195,0.004912602719743155,0.004791150723257514,143.83333333333334
0.00491190470191365,0.004911905885541877,0.004788333673760746,143.875
0.004911210211970218,0.00491121118100402,0.004786232083921511,143.91666666666666
0.004910550306556132,0.0049105511388365915,0.004784989556405432,143.95833333333334
0.004909949399075326,0.0049099501440934955,0.004784678757629459,144.0
0.004909427603903256,0.004909428288650758,0.004785301068501734,144.04166666666666
0.004909001885476581,0.00490900249136715,0.004786789633987422,144.08333333333334
0.004908685460018906,0.004908686037151609,0.004789015944530402,144.125
0.004908487328044415,0.004908487897308919,0.004791800295777058,144.16666666666666
0.004908411495785569,0.004908412045836124,0.00479493044564959,144.20833333333334
0.004908456004256598,0.004908456540280933,0.004798175726610692,144.25
0.00490865720766559,0.004908657748800907,0.0048013495219486725,144.29166666666666
0.004909075447832053,0.0049090760017491235,0.00480431573122542,144.33333333333334
0.004909624308765815,0.00490962486805471,0.004806831087771469,144.375
0.004910213573220087,0.004910214138433222,0.004808690939611108,144.41666666666666
0.0049107872289143725,0.004910787802467256,0.004809767835654711,144.45833333333334
0.0049113144823914896,0.004911315079288124,0.004810005106495056,144.5
0.004911826300113055,0.004911841444812002,0.004809462009209708,144.54166666666666
0.004912510435069387,0.004912521915140169,0.004808339143816383,144.58333333333334
0.004913161773383766,0.004913169680218238,0.0048065750452236915,144.625
0.004913621454807277,0.0049136267972469784,0.004804174341798178,144.66666666666666
0.004913778895394989,0.004913782679335955,0.004801215791677647,144.70833333333334
0.004913556725703851,0.004913559467246105,0.0047978275554201475,144.75
0.00491308556978961,0.004913087612031016,0.004794330890303167,144.79166666666666
0.004912472204296844,0.004912473780451906,0.0047910433093422515,144.83333333333334
0.004911801427490872,0.004911802705011992,0.004788249144511159,144.875
0.004911124993642896,0.0049111260622315585,0.004786163556662333,144.91666666666666
0.004910477845638244,0.0049104787496843305,0.004784932128557194,144.95833333333334
0.004909885970548076,0.004909886765022684,0.004784629154320215,145.0
0.004909370588590291,0.004909371313028099,0.004785257343610683,145.04166666666666
0.004908949429557722,0.004908950104998655,0.004786750398365234,145.08333333333334
0.00490863621987434,0.004908636826827309,0.004788979439850635,145.125
0.004908440318517629,0.004908440879475254,0.004791766311446083,145.16666666666666
0.004908365951000071,0.004908366504943726,0.004794896944113973,145.20833333333334
0.004908411342752016,0.004908411898321557,0.004798142128883533,145.25
0.004908612571665159,0.004908613123719374,0.004801316192383192,145.29166666666666
0.004909029442529137,0.004909030005296586,0.004804281407108841,145.33333333333334
0.004909576272460951,0.004909576844425882,0.0048067950536887505,145.375
0.004910163501920805,0.004910164091462349,0.004808653200878358,145.41666666666666
0.004910735412603888,0.004910736023647867,0.004809728778457075,145.45833333333334
0.004911261266887432,0.004911261899592853,0.004809965063484452,145.5
0.004911756523402053,0.00491175144240364,0.004809387177923488,145.54166666666666
0.0049123810864812175,0.0049123749480138494,0.004808213805939979,145.58333333333334
0.004912989111735761,0.004912984297549163,0.0048064160082163495,145.625
0.004913418384788617,0.004913415402046437,0.004803992609193843,145.66666666666666
0.004913554862385575,0.004913553104550577,0.004801018591244346,145.70833333333334
0.0049133588859052646,0.004913358730884288,0.004797657097625823,145.75
0.004912934206224912,0.0049129343274613695,0.0047942032024466666,145.79166666666666
0.004912353423682101,0.004912353692329288,0.004790945032020599,145.83333333333334
0.004911705473117365,0.004911705867160561,0.0047881713717067105,145.875
0.004911045141728512,0.004911045599594871,0.0047861000465061745,145.91666666666666
0.004910409226550024,0.004910409862618571,0.004784878594171688,145.95833333333334
0.004909825563030861,0.004909826106717288,0.004784582580643347,146.0
0.004909315965543916,0.004909316505728194,0.004785215601930657,146.04166666666666
0.004908898937298799,0.004908899463001251,0.004786712086929923,146.08333333333334
0.004908588653189046,0.004908589203399533,0.004788943694178035,146.125
0.0049083947790252444,0.004908395324590728,0.004791731169492426,146.16666666666666
0.004908321746432305,0.004908322285671031,0.0047948625199843555,146.20833333333334
0.00490836794991914,0.004908368478143412,0.0047981080872386145,146.25
0.004908569169574223,0.004908569692570013,0.0048012819961395555,146.29166666666666
0.004908984674057783,0.004908985204026371,0.004804245829758269,146.33333333333334
0.004909529496233803,0.004909530040509009,0.004806757593287889,146.375
0.004910114721263557,0.004910115281184597,0.0048086139265451616,146.41666666666666
0.00491068491815284,0.00491068550252848,0.004809688057728743,146.45833333333334
0.004911209402111167,0.004911210005511346,0.0048099232909332755,146.5
0.004911688625956542,0.004911676640541182,0.004809330890371187,146.54166666666666
0.004912234870067452,0.004912238947022941,0.004808101125040673,146.58333333333334
0.004912808894636342,0.004912807077379655,0.004806265840677384,146.625
0.004913209132093747,0.004913210236144407,0.004803817440402503,146.66666666666666
0.004913327699064116,0.004913328631571542,0.004800826250528568,146.70833333333334
0.004913172634394021,0.004913174854498662,0.004797501382357467,146.75
0.00491279111657901,0.00491279285915987,0.004794085206693908,146.79166666666666
0.004912240587097707,0.004912241932121765,0.004790853361687185,146.83333333333334
0.0049116139325502866,0.004911615033015919,0.004788097914681343,146.875
0.004910968641968231,0.004910969544166785,0.004786038956996549,146.91666666666666
0.004910343389543685,0.004910344313576185,0.004784826278697598,146.95833333333334
0.004909767342072241,0.004909768057168945,0.004784536433971129,147.0
0.004909263150786018,0.004909263845716782,0.00478517373235885,147.04166666666666
0.004908850036010555,0.004908850626239747,0.004786673076409873,147.08333333333334
0.004908542495765443,0.004908543067113579,0.004788906960901607,147.125
0.004908350552315536,0.0049083510860111,0.004791695927441034,147.16666666666666
0.004908278775966326,0.004908279310794889,0.004794828854011093,147.20833333333334
0.004908325740180289,0.00490832626539571,0.004798075422351264,147.25
0.00490852693184645,0.004908527451502955,0.0048012495398373385,147.29166666666666
0.004908941087255878,0.004908941612659703,0.004804212211566011,147.33333333333334
0.004909483936815086,0.00490948447414097,0.004806722302683213,147.375
0.00491006719413693,0.00491006774870258,0.004808577011304491,147.41666666666666
0.004910635714041112,0.004910636284707263,0.00480964968684532,147.45833333333334
0.0049111588580874116,0.004911159453222092,0.004809883763575431,147.5
0.00491162098241812,0.0049116200727581105,0.004809281563192995,147.54166666666666
0.004912117612494714,0.004912116512295638,0.004807994305556288,147.58333333333334
0.004912641565493684,0.004912639844504349,0.004806120142949699,147.625
0.004913013363347461,0.004913012623201275,0.004803645545786199,147.66666666666666
0.004913112914352471,0.004913112139071739,0.00480063784946757,147.70833333333334
0.004913009086920837,0.0049130086831051705,0.004797358844783266,147.75
0.004912663753519942,0.004912663671467116,0.004793976016962296,147.79166666666666
0.004912138723789752,0.004912138853341933,0.004790767252599311,147.83333333333334
0.0049115301567636445,0.004911530441676646,0.004788027950853598,147.875
0.004910897684162846,0.004910898095748869,0.004785980640452496,147.91666666666666
0.004910281814392629,0.004910282254837703,0.0047847761427127645,147.95833333333334
0.004909712262189162,0.004909712721568825,0.004784492091953851,148.0
0.004909212891513447,0.004909213352533352,0.0047851332872800014,148.04166666666666
0.0049088031750701725,0.0049088036335605085,0.004786635667905414,148.08333333333334
0.004908498098756642,0.004908498565381619,0.004788871573526797,148.125
0.004908307839167139,0.004908308316396383,0.00479166205014933,148.16666666666666
0.004908237204237053,0.004908237687751197,0.004794795435622308,148.20833333333334
0.004908284845992505,0.004908285328473667,0.004798042313426164,148.25
0.0049084859520287585,0.004908486457889117,0.004801216200356187,148.29166666666666
0.0049088987487017925,0.00490889927791786,0.004804177591256796,148.33333333333334
0.004909439643491976,0.004909440183299105,0.004806685942289974,148.375
0.004910020964901884,0.004910021520736221,0.004808539026180871,148.41666666666666
0.004910587841629164,0.004910588418990131,0.004809610487586114,148.45833333333334
0.004911109681459379,0.004911110269218757,0.004809843671438667,148.5
0.004911569827062241,0.004911569848170628,0.004809240677697079,148.54166666666666
0.004911998899583525,0.004912009473764394,0.004807900631847597,148.58333333333334
0.004912481810497066,0.004912483997951417,0.004805983895155917,148.625
0.004912821301846873,0.004912823876663391,0.004803480769577587,148.66666666666666
0.004912917259501415,0.004912918061736828,0.00480047069346571,148.70833333333334
0.0049128596733626516,0.004912860216817794,0.0047972326390989745,148.75
0.004912546280794953,0.004912546833977662,0.004793878071965806,148.79166666666666
0.004912043961008855,0.0049120445285972605,0.004790689469610411,148.83333333333334
0.004911451587435313,0.004911452139646205,0.004787964572947526,148.875
0.004910830695641898,0.00491083129041752,0.004785927151227732,148.91666666666666
0.004910223160342589,0.004910223718088461,0.004784729582471985,148.95833333333334
0.00490965962253854,0.0049096601851407835,0.004784450357691498,149.0
0.004909164609845796,0.004909165145485658,0.004785095319928916,149.04166666666666
0.004908758042471321,0.004908758568771046,0.004786600298903098,149.08333333333334
0.004908455219770576,0.004908455738482795,0.004788837875515792,149.125
0.004908266530572691,0.004908267022434023,0.004791629430559022,149.16666666666666
0.00490819693828221,0.004908197397795488,0.004794763626794927,149.20833333333334
0.0049082451992000144,0.004908245669238064,0.004798011053349214,149.25
0.004908446205079938,0.004908446706402388,0.004801184852138655,149.29166666666666
0.004908857663812023,0.004908858189406681,0.004804145030350452,149.33333333333334
0.004909396639576163,0.004909397186586219,0.004806651691845895,149.375
0.004909976064951632,0.004909976631694581,0.004808503161768744,149.41666666666666
0.004910541333826903,0.004910541916466116,0.004809573228070981,149.45833333333334
0.0049110619024391716,0.004911062508193274,0.00480980536580274,149.5
0.004911520469214522,0.00491152108899498,0.004809201969836636,149.54166666666666
0.004911917872979981,0.004911921773641771,0.004807830239797709,149.58333333333334
0.004912345076652714,0.004912342228570882,0.004805864809993672,149.625
0.004912647154024238,0.004912645250802336,0.004803329164896341,149.66666666666666
0.0049127534305005525,0.004912752479691198,0.004800330275872239,149.70833333333334
0.0049127314376157015,0.0049127311379938855,0.004797124980988214,149.75
0.004912443513883376,0.00491244347058694,0.004793793335599604,149.79166666666666
0.004911959553861742,0.004911959684574082,0.004790621083656767,149.83333333333334
0.00491138043619195,0.0049113807018570255,0.004787907710544928,149.875
0.0049107691467562735,0.004910769533876242,0.004785878501015965,149.91666666666666
0.004910168585566398,0.00491016899261037,0.00478468691584352,149.95833333333334
0.004909610139369299,0.004909610579357581,0.004784412067092305,150.0
0.004909118843979148,0.004909119314558106,0.0047850600520655436,150.04166666666666
0.004908714999671645,0.004908715454760286,0.0047865669197029535,150.08333333333334
0.004908414135083743,0.004908414599031394,0.004788806075560938,150.125
0.00490822680594438,0.004908227266656351,0.004791598785940744,150.16666666666666
0.0049081581319824034,0.0049081585996989825,0.004794733855104125,150.20833333333334
0.004908206962376139,0.004908207382460604,0.00479798189986994,150.25
0.0049084078269098315,0.004908408297218086,0.004801155745362691,150.29166666666666
0.00490881794535857,0.004908818459824699,0.004804114828032613,150.33333333333334
0.004909355023945779,0.004909355568872497,0.004806619869397855,150.375
0.004909932582908338,0.004909933151375956,0.004808469756766459,150.41666666666666
0.004910496275937792,0.004910496863396086,0.004809538616094967,150.45833333333334
0.0049110156028142225,0.004911016209014443,0.004809769902570763,150.5
0.004911473195042931,0.004911473818272307,0.004809165952703562,150.54166666666666
0.004911862395124839,0.004911860272179362,0.004807781656005468,150.58333333333334
0.004912220562535556,0.00491221887350203,0.004805761546061336,150.625
0.004912482155894188,0.004912480933224831,0.0048031899854326255,150.66666666666666
0.004912616382032193,0.004912616672759061,0.004800217064732164,150.70833333333334
0.004912622151788476,0.004912622565913405,0.00479703607630986,150.75
0.004912353869450208,0.004912354350400129,0.004793721676064855,150.79166666666666
0.004911884382840997,0.004911884885498935,0.004790562140771595,150.83333333333334
0.004911315908932507,0.004911316443867546,0.004787857905920924,150.875
0.00491071246395649,0.004910713046390314,0.004785835593089036,150.91666666666666
0.00491011770673354,0.00491011825785699,0.0047846488570990435,150.95833333333334
0.004909563559209116,0.004909564090659673,0.004784377440260303,151.0
0.0049090754567595605,0.0049090759604193636,0.004785027930869355,151.04166666666666
0.004908673947748211,0.004908674436828046,0.004786536741023723,151.08333333333334
0.004908374790959731,0.004908375274151946,0.004788777053777048,151.125
0.004908188680999332,0.004908189164309762,0.004791571258067252,151.16666666666666
0.004908120791944919,0.004908121280481222,0.004794707357567818,151.20833333333334
0.004908170059581626,0.004908170545770842,0.004797955965958714,151.25
0.004908370765032428,0.004908371275815905,0.0048011296392782826,151.29166666666666
0.004908779565374348,0.0049087800967316944,0.0048040876428647,151.33333333333334
0.00490931478755659,0.00490931532818597,0.004806591055631488,151.375
0.004909890526058083,0.00490989108311141,0.004808439364646533,151.41666666666666
0.004910452686628803,0.004910453264797715,0.004809506986013963,151.45833333333334
0.0049109708126079,0.004910971397268149,0.0048097373653260755,151.5
0.004911427485594999,0.004911428063328604,0.004809132277062236,151.54166666666666
0.0049118131028106264,0.004911813728830415,0.00480774669520797,151.58333333333334
0.004912124143431022,0.004912125534169633,0.004805684255819434,151.625
0.004912361431381651,0.0049123628350131515,0.004803090452988582,151.66666666666666
0.004912519528412972,0.004912520681477556,0.004800137419563732,151.70833333333334
0.00491254017798343,0.004912541174086808,0.0047969693828775065,151.75
0.004912283106424905,0.004912283913268397,0.004793664555790138,151.79166666666666
0.004911822374360363,0.004911823115707317,0.004790512193779211,151.83333333333334
0.004911260723019646,0.004911261394747271,0.004787813661128718,151.875
0.004910662573860323,0.004910663210961171,0.004785795659618637,151.91666666666666
0.004910071839982252,0.004910072441435406,0.004784612261177608,151.95833333333334
0.0049095208074996085,0.0049095213865923875,0.004784343415068641,152.0
0.004909035060809224,0.004909035613257584,0.004784995874921838,152.04166666666666
0.004908635359973823,0.004908635871760039,0.0047865060721643425,152.08333333333334
0.0049083375218266735,0.004908338024940646,0.004788747489476839,152.125
0.004908152349130975,0.00490815285598937,0.00479154231600525,152.16666666666666
0.004908085102748546,0.00490808556597256,0.0047946786719388354,152.20833333333334
0.0049081347329754015,0.004908135203720553,0.004797928315584009,152.25
0.004908335226419159,0.004908335720280873,0.004801101584090781,152.29166666666666
0.004908742697277501,0.004908743212216467,0.0048040583509458045,152.33333333333334
0.004909276079338993,0.004909276611598945,0.0048065601732141545,152.375
0.00490985002535153,0.004909850574879571,0.004808407007269909,152.41666666666666
0.004910410687131139,0.004910411254097605,0.004809473457418699,152.45833333333334
0.00491092764482898,0.004910928231479769,0.004809703010396059,152.5
0.00491138341102047,0.0049113839978156115,0.004809097342747125,152.54166666666666
0.0049117682597053505,0.004911768894366964,0.004807711086999774,152.58333333333334
0.004912078589052051,0.00491207926803246,0.004805647824143023,152.625
0.004912314971867271,0.0049123156656822285,0.0048030534080245385,152.66666666666666
0.004912471975012912,0.00491247265633879,0.0048000995205040335,152.70833333333334
0.004912491786994663,0.0049124924522506806,0.004796930673386523,152.75
0.004912235398580375,0.004912236021250132,0.004793626446977197,152.79166666666666
0.004911776418031998,0.004911777016302989,0.004790475965734501,152.83333333333334
0.00491121684302768,0.004911217441111393,0.00478777950957402,152.875
0.0049106207379693585,0.004910621351579824,0.004785763396397406,152.91666666666666
0.004910031910757876,0.004910032477426114,0.004784581605724696,152.95833333333334
0.004909482513770104,0.0049094830692521,0.0047843141630871935,153.0
0.004908998157399366,0.004908998696373748,0.0047849677680706,153.04166666666666
0.004908599568001044,0.004908600071349021,0.004786478820957311,153.08333333333334
0.0049083026095369945,0.004908303104018142,0.004788720729626819,153.125
0.004908118087528671,0.004908118577545465,0.0047915159946312486,153.16666666666666
0.004908051258098952,0.0049080517469682295,0.004794652839031488,153.20833333333334
0.004908101132123461,0.0049081016038875465,0.004797901977725079,153.25
0.004908301328884713,0.00490830182006424,0.0048010753395774704,153.29166666666666
0.004908707449093434,0.004908707960404339,0.004804030875589045,153.33333333333334
0.004909239005202734,0.0049092395321368295,0.004806531023788396,153.375
0.004909811189590116,0.004909811734096638,0.004808376281018287,153.41666666666666
0.004910370389830799,0.004910370953941893,0.004809441485476657,153.45833333333334
0.0049108862176240435,0.004910886800757947,0.004809670177858067,153.5
0.004911341113271647,0.004911341697931519,0.004809063898888949,153.54166666666666
0.004911725235939842,0.004911725878207503,0.004807677312715792,153.58333333333334
0.004912034841712713,0.004912035522358433,0.004805613365911237,153.625
0.004912270361799895,0.004912271054220539,0.004803018041212793,153.66666666666666
0.004912426303603559,0.004912426982117975,0.004800063216558978,153.70833333333334
0.004912445283887637,0.004912445952914078,0.004796893670079011,153.75
0.004912189558883434,0.00491219012502014,0.00479359021502902,153.79166666666666
0.004911732265842915,0.004911732820851113,0.004790441497148741,153.83333333333334
0.0049111747129703745,0.004911175258241485,0.004787747105841927,153.875
0.004910580628791057,0.004910581190464428,0.004785732743067701,153.91666666666666
0.004909993624209937,0.004909994166287134,0.004784552561709836,153.95833333333334
0.00490944581659407,0.004909446358451718,0.004784286491622128,154.0
0.004908962783110294,0.0049089633062540244,0.004784941050023337,154.04166666666666
0.0049085652741138654,0.004908565758713207,0.004786453156162838,154.08333333333334
0.004908269151696832,0.004908269634880337,0.004788695783644942,154.125
0.0049080852474556414,0.004908085730664341,0.004791492092896729,154.16666666666666
0.004908018828941474,0.004908019316828389,0.004794629741810549,154.20833333333334
0.004908068918377662,0.00490806940486269,0.00479787948865203,154.25
0.004908268839403534,0.004908269337393291,0.004801052116213164,154.29166666666666
0.0049086736562226506,0.004908674168532031,0.004804006196210735,154.33333333333334
0.004909203446244242,0.004909203975311487,0.004806504655970994,154.375
0.004909773929584394,0.004909774474659698,0.004808348427336445,154.41666666666666
0.004910331725427892,0.004910332285349749,0.004809412488388762,154.45833333333334
0.004910846474192624,0.004910847053883777,0.004809640142878248,154.5
0.004911300527888506,0.004911301126087538,0.004809033011128886,154.54166666666666
0.004911683985581278,0.004911684611564817,0.0048076455504303395,154.58333333333334
0.004911992880342444,0.004911993571524934,0.004805580951269046,154.625
0.004912227576461211,0.0049122282813282864,0.0048029850746893355,154.66666666666666
0.004912382486682123,0.004912383186527145,0.004800029080166698,154.70833333333334
0.004912400642514899,0.004912401352772248,0.0047968586125472805,154.75
0.004912145572062288,0.004912146226436543,0.004793555584564973,154.79166666666666
0.004911689940013843,0.004911690546224728,0.0047904079570841775,154.83333333333334
0.004911134369439303,0.0049111349579611255,0.0047877150485836255,154.875
0.004910542218728113,0.0049105428180694875,0.004785702402584878,154.91666666666666
0.004909956986011032,0.00490995753906127,0.004784523787220502,154.95833333333334
0.004909410695122558,0.0049094112417138935,0.004784259020636326,155.0
0.004908928931468384,0.004908929452905154,0.004784914731367269,155.04166666666666
0.004908532454194527,0.004908532958677902,0.004786427627373452,155.08333333333334
0.004908237137821485,0.004908237662458663,0.004788671125908908,155.125
0.004908053811482986,0.004908054341718849,0.0047914669567639704,155.16666666666666
0.00490798780312344,0.00490798834425067,0.004794604026475206,155.20833333333334
0.00490803811550072,0.004908038638326052,0.004797853244536083,155.25
0.00490823777358583,0.004908238300081389,0.004801025998898346,155.29166666666666
0.0049086413261439895,0.004908641859677826,0.004803979411219711,155.33333333333334
0.004909169402222378,0.004909169946567158,0.004806476655182244,155.375
0.004909738238846129,0.00490973879474624,0.004808319232557532,155.41666666666666
0.004910294680803286,0.004910295247934116,0.0048093823386483395,155.45833333333334
0.004910808396921914,0.004910808981160197,0.004809609357905111,155.5
0.004911261666976338,0.004911262267731322,0.004809001959469126,155.54166666666666
0.0049116444728435505,0.004911645099862389,0.004807614381433495,155.58333333333334
0.0049119527094436625,0.0049119533999263856,0.0048055497038477476,155.625
0.004912186601074184,0.004912187304211126,0.004802953301228115,155.66666666666666
0.004912340503695274,0.004912341201985169,0.004799996361915879,155.70833333333334
0.004912357851386253,0.0049123585717100035,0.004796825107726002,155.75
0.004912103346043209,0.004912104103394285,0.004793522712005101,155.79166666666666
0.004911649320448106,0.004911650005701239,0.004790376490599603,155.83333333333334
0.004911095651818519,0.004911096309753159,0.004787685174410707,155.875
0.004910505378476218,0.004910506055602051,0.004785674216096518,155.91666666666666
0.004909921816124894,0.004909922484315878,0.004784497054475196,155.95833333333334
0.004909377029623894,0.004909377658943939,0.004784233438926905,156.0
0.00490889652119349,0.004908897095664395,0.0047848901538053434,156.04166666666666
0.004908501035816411,0.004908501572441964,0.004786403989084975,156.08333333333334
0.004908206496504475,0.004908207019677747,0.004788648082954782,156.125
0.00490802376382697,0.004908024246050558,0.004791444296508075,156.16666666666666
0.004907958142036886,0.004907958625845742,0.004794581698912352,156.20833333333334
0.004908008682533197,0.004908009167339394,0.00479783116639034,156.25
0.00490820811474956,0.00490820859548797,0.004801003755942066,156.29166666666666
0.0049086104569992075,0.0049086109404949145,0.004803955913570254,156.33333333333334
0.004909136874350105,0.004909137372683147,0.004806451585945928,156.375
0.004909704117746683,0.004909704631046377,0.004808292719039638,156.41666666666666
0.00491025925406984,0.00491025978427529,0.0048093545507938255,156.45833333333334
0.004910771973716669,0.0049107725325281855,0.004809580696307262,156.5
0.0049112245036344515,0.004911225077670747,0.004808972672213426,156.54166666666666
0.0049116066889868725,0.004911607294552038,0.004807584643172711,156.58333333333334
0.004911914327656966,0.004911914969051787,0.004805519247076899,156.625
0.004912147427216028,0.004912148097893318,0.004802922209817904,156.66666666666666
0.004912300329918239,0.004912301013848724,0.004799964455763895,156.70833333333334
0.00491231690612073,0.004912317604843929,0.0047967925246475895,156.75
0.004912063013577075,0.004912063725436974,0.004793490733724081,156.79166666666666
0.004911610532902615,0.0049116111981929444,0.0047903462522289305,156.83333333333334
0.004911058710169041,0.00491105936469396,0.00478765695817529,156.875
0.004910470246316214,0.004910470927554265,0.004785647540777656,156.91666666666666
0.004909888379655551,0.00490988899861147,0.0047844716878011695,156.95833333333334
0.0049093450031995976,0.004909345561783415,0.004784209231448505,157.0
0.004908865647216937,0.004908866174290673,0.004784866683893756,157.04166666666666
0.004908471111420007,0.004908471619360848,0.004786380614987548,157.08333333333334
0.0049081772953960875,0.0049081778024076764,0.004788625165475613,157.125
0.004907995090850285,0.0049079955960395485,0.004791422177822136,157.16666666666666
0.004907929843739802,0.004907930336599613,0.004794560296445306,157.20833333333334
0.00490798060201684,0.004907981091855408,0.004797810259979965,157.25
0.004908179779747478,0.004908180279173039,0.0048009828041006355,157.29166666666666
0.004908580927062682,0.004908581437522331,0.004803934066705895,157.33333333333334
0.004909105736017116,0.0049091062595723505,0.004806428449008844,157.375
0.004909671443268726,0.00490967198204506,0.004808268356076683,157.41666666666666
0.004910225330124743,0.0049102258845285015,0.004809329191089072,157.45833333333334
0.004910737118841991,0.0049107376920412464,0.00480955463328389,157.5
0.004911188962423701,0.0049111895345352015,0.004808946135033819,157.54166666666666
0.004911570554710299,0.004911571169939158,0.004807557742744221,157.58333333333334
0.004911877548828306,0.004911878246935642,0.0048054919498705904,157.625
0.004912109920545935,0.004912110627141766,0.004802894335447891,157.66666666666666
0.004912261890591247,0.004912262588157529,0.0047999357425327705,157.70833333333334
0.004912277710879471,0.004912278418933812,0.0047967631037485504,157.75
0.004912024417278677,0.004912025116039911,0.004793461903480449,157.79166666666666
0.00491157344170632,0.004911574093537006,0.004790318845449466,157.83333333333334
0.004911023414931074,0.004911024022023681,0.004787631160170424,157.875
0.00491043671899933,0.004910437350583065,0.0047856232031003474,157.91666666666666
0.004909856437402575,0.004909857010110309,0.004784448588483652,157.95833333333334
0.004909314400917343,0.004909314962090311,0.00478418688163233,158.0
0.004908836185325827,0.004908836704721151,0.004784845000775727,158.04166666666666
0.004908442541171963,0.0049084430534056134,0.004786360021577904,158.08333333333334
0.004908149438768647,0.004908149920373246,0.004788604930979798,158.125
0.004907967765582345,0.004907968256659511,0.0047914024332221606,158.16666666666666
0.004907902871521984,0.0049079033602941555,0.0047945408935993515,158.20833333333334
0.004907953852905299,0.0049079543323019776,0.004797791119398335,158.25
0.004908152808094643,0.004908153305242649,0.004800963533058364,158.29166666666666
0.00490855280831988,0.0049085533241210386,0.004803913720496344,158.33333333333334
0.004909076059071417,0.004909076583327857,0.004806406683084026,158.375
0.0049096402815163205,0.004909640812389147,0.004808245298163564,158.41666666666666
0.004910192967838941,0.004910193509672792,0.0048093052837917885,158.45833333333334
0.004910703860512351,0.004910704421531312,0.004809530208002478,158.5
0.004911155027747699,0.0049111556021407855,0.004808921451312936,158.54166666666666
0.004911536085694242,0.004911536689159102,0.004807532817749426,158.58333333333334
0.004911842571092393,0.004911843200560466,0.0048054667292617296,158.625
0.004912074230818045,0.004912074871017094,0.004802868071438031,158.66666666666666
0.004912225258245171,0.00491222591729462,0.004799908747788568,158.70833333333334
0.004912240326066786,0.004912241001941039,0.004796735309756168,158.75
0.004911987542692779,0.004911988266068612,0.004793434635339876,158.79166666666666
0.004911538037214804,0.0049115387032941035,0.004790293080250552,158.83333333333334
0.00491098975342013,0.004910990380294639,0.004787606962134916,158.875
0.004910404825525108,0.004910405398303752,0.004785600605448496,158.91666666666666
0.004909825901195733,0.004909826592336866,0.004784427288108852,158.95833333333334
0.004909285278838087,0.004909285831266158,0.004784166847633467,159.0
0.00490880808994538,0.004908808646182858,0.004784825890530048,159.04166666666666
0.004908415351027614,0.004908415857855343,0.0047863415192937395,159.08333333333334
0.004908122905051154,0.0049081234175546865,0.004788587088930124,159.125
0.004907941747816554,0.004907942208791858,0.004791384552105054,159.16666666666666
0.004907877195277346,0.004907877670938851,0.0047945227893979305,159.20833333333334
0.0049079283896060885,0.004907928865414172,0.004797772798289881,159.25
0.004908127163145096,0.00490812762895535,0.004800944817379166,159.29166666666666
0.00490852607301117,0.004908526540778167,0.004803893926315436,159.33333333333334
0.004909047821433604,0.004909048301852341,0.004806385548905598,159.375
0.004909610611281765,0.0049096111088324425,0.004808222978279203,159.41666666666666
0.004910162141595777,0.004910162658815539,0.0048092822003492665,159.45833333333334
0.004910672172724916,0.004910672718875998,0.004809506705707735,159.5
0.004911122712693932,0.004911123274651611,0.004808897588003988,159.54166666666666
0.004911503257053772,0.004911503847584286,0.004807508676093468,159.58333333333334
0.004911809195447093,0.004911809825456603,0.0048054420646124136,159.625
0.004912040131735091,0.004912040788542192,0.004802842902649524,159.66666666666666
0.004912190246969668,0.0049121909104760724,0.004799882791473887,159.70833333333334
0.004912204591796153,0.004912205267168349,0.0047967087174887535,159.75
0.0049119524224112,0.004911953086288274,0.0047934084048134795,159.79166666666666
0.0049115043192654246,0.004911504919490719,0.004790267780602748,159.83333333333334
0.004910957711529142,0.004910958292264558,0.004787582946198857,159.875
0.004910374367151089,0.0049103749734174355,0.004785577732941082,159.91666666666666
0.004909797061269951,0.004909797628522272,0.004784405486139657,159.95833333333334
0.004909257569058943,0.004909258125537966,0.0047841458759112524,160.0
0.004908781441580187,0.004908781985140149,0.004784805809309495,160.04166666666666
0.004908389495820091,0.004908389996463177,0.004786321763983725,160.08333333333334
0.00490809770940881,0.004908098196410789,0.004788567064093684,160.125
0.004907917013484559,0.0049079174678641185,0.004791364955517064,160.16666666666666
0.004907852804076897,0.0049078532632724995,0.004794503599152388,160.20833333333334
0.004907904206612659,0.004907904673220401,0.004797753990081161,160.25
0.004908102760458161,0.004908103244905456,0.004800926053286789,160.29166666666666
0.004908500590071597,0.004908501091349412,0.004803874322499726,160.33333333333334
0.004909020884145015,0.004909021400883145,0.004806364759044276,160.375
0.004909582297278802,0.004909582831115078,0.004808201201399068,160.41666666666666
0.004910132729569906,0.004910133280106749,0.004809259599610815,160.45833333333334
0.004910641964107428,0.004910642532095961,0.004809483455456885,160.5
0.004911091917365146,0.0049110925020935964,0.004808873938796905,160.54166666666666
0.004911471983987236,0.004911472594838825,0.004807484754942623,160.58333333333334
0.004911777399364539,0.004911778060457619,0.004805417817767091,160.625
0.004912007703330353,0.00491200834892601,0.0048028181430158105,160.66666666666666
0.004912156965406364,0.004912157575311554,0.004799857268505563,160.70833333333334
0.004912170613362505,0.004912171198095499,0.004796682568274451,160.75
0.004911918913656123,0.00491191955026735,0.00479338287468571,160.79166666666666
0.00491147222829274,0.004911472792408611,0.004790243178019798,160.83333333333334
0.004910927240226006,0.004910927797804984,0.004787559331899132,160.875
0.004910345529869408,0.004910346052278783,0.004785555511572623,160.91666666666666
0.004909769449123198,0.004909770116503244,0.00478438446455599,160.95833333333334
0.00490923129176672,0.004909231812756543,0.0047841259205516715,161.0
0.004908756107873806,0.0049087566852031176,0.004784786670761068,161.04166666666666
0.004908364979659158,0.004908365475549429,0.004786303646988586,161.08333333333334
0.0049080737865991346,0.004908074281822891,0.004788550077701909,161.125
0.004907893567409873,0.004907894036377938,0.004791348697098271,161.16666666666666
0.004907829667404457,0.004907830146815502,0.004794488679571783,161.20833333333334
0.004907881285450752,0.004907881758636612,0.004797739247611525,161.25
0.004908079684739381,0.004908080153938456,0.004800911059336965,161.29166666666666
0.004908476498954243,0.004908476973120803,0.004803858344855786,161.33333333333334
0.004908995390550265,0.004908995873275102,0.0048063474951424824,161.375
0.004909555472969341,0.004909555966719032,0.00480818266245062,161.41666666666666
0.0049101048432631305,0.004910105354221525,0.004809240179007019,161.45833333333334
0.004910613301002072,0.004910613841466922,0.004809463526252334,161.5
0.004911062704839862,0.004911063260146623,0.004808854083612834,161.54166666666666
0.004911442321734888,0.00491144290460355,0.0048074653030956765,161.58333333333334
0.0049117472719286005,0.004911747890718927,0.004805398774660632,161.625
0.004911976905634553,0.004911977557101204,0.004802799193916934,161.66666666666666
0.004912125297681306,0.00491212596987905,0.004799837453577054,161.70833333333334
0.004912138251134988,0.004912138938172281,0.0047966621112968625,161.75
0.004911887158599725,0.004911887814853433,0.0047933627791913085,161.79166666666666
0.004911441742965493,0.004911442384218587,0.004790224410583437,161.83333333333334
0.004910898327388884,0.0049108989326698705,0.004787542033148495,161.875
0.0049103181076495086,0.004910318690488089,0.0047855393687857945,161.91666666666666
0.004909743539514002,0.004909744095225135,0.004784369334559055,161.95833333333334
0.004909206392275526,0.00490920692951302,0.004784111519242523,162.0
0.004908732178072316,0.004908732705591258,0.004784772695888875,162.04166666666666
0.004908341765389199,0.004908342267496171,0.004786289528521094,162.08333333333334
0.004908051156723034,0.004908051631203927,0.004788536288837813,162.125
0.004907871345948224,0.004907871795109936,0.004791335437235058,162.16666666666666
0.004907807774710474,0.0049078082298408855,0.0047944743147786345,162.20833333333334
0.004907859594597509,0.004907860055717468,0.0047977244861061395,162.25
0.0049080578000942204,0.00490805828208094,0.004800896226619745,162.29166666666666
0.004908453611311688,0.004908454111601142,0.004803842758443629,162.33333333333334
0.004908971147318205,0.004908971657134135,0.004806330784000206,162.375
0.004909529954673337,0.0049095304724753154,0.00480816492665153,162.41666666666666
0.004910078320808387,0.004910078848549055,0.004809221665196605,162.45833333333334
0.004910586064753892,0.004910586611096457,0.00480944445076131,162.5
0.004911034957446671,0.004911035520685609,0.0048088342861596104,162.54166666666666
0.004911414156090085,0.004911414751525732,0.0048074445659228296,162.58333333333334
0.004911718637369908,0.004911719288057417,0.004805377121168946,162.625
0.0049119476848989655,0.004911948324013039,0.0048027765305799835,162.66666666666666
0.004912095266239695,0.004912095882203795,0.004799813835317414,162.70833333333334
0.00491210756008414,0.004912108156041752,0.004796637705981032,162.75
0.004911856954541323,0.004911857528336479,0.0047933389307575555,162.79166666666666
0.00491141283973446,0.004911413402576693,0.004790202134243671,162.83333333333334
0.004910870899708643,0.00491087148434442,0.0047875213933315855,162.875
0.004910292159310172,0.004910292728508528,0.004785520244104487,162.91666666666666
0.004909718889939302,0.004909719436729857,0.004784351355661347,162.95833333333334
0.0049091828203537136,0.0049091833628400645,0.0047840944720184304,163.0
0.004908709505564335,0.004908710034705914,0.004784756294651499,163.04166666666666
0.004908319810528339,0.004908320306174743,0.004786273848469714,163.08333333333334
0.004908029755185985,0.004908030244511657,0.004788520504584769,163.125
0.004907850360484627,0.004907850834643359,0.004791320055544356,163.16666666666666
0.004907787091117332,0.004907787560520579,0.0047944593128341475,163.20833333333334
0.0049078391178413614,0.004907839582566462,0.004797710177409118,163.25
0.004908037177945928,0.004908037656143095,0.004800881688442119,163.29166666666666
0.00490843203558016,0.004908432530311222,0.00480382730175766,163.33333333333334
0.004908948263532677,0.00490894877069798,0.004806314110548074,163.375
0.004909505842254692,0.00490950635885687,0.004808147170799744,163.41666666666666
0.00491005324224385,0.004910053773063838,0.00480920314528683,163.45833333333334
0.004910560301071292,0.004910560851911626,0.004809425439776916,163.5
0.004911008721468408,0.004911009280257305,0.004808814997311123,163.54166666666666
0.004911387532068283,0.0049113881232773935,0.004807425087558062,163.58333333333334
0.004911691572796371,0.004911692233551982,0.0048053572238078235,163.625
0.004911920011134893,0.004911920695429996,0.004802756010876403,163.66666666666666
0.004912066786030146,0.004912067477634357,0.004799792861490958,163.70833333333334
0.004912078401005614,0.004912079101060158,0.004796616057903926,163.75
0.004911828302466274,0.004911828962318517,0.004793317564797672,163.79166666666666
0.004911385434855069,0.004911386079427444,0.004790181512526879,163.83333333333334
0.004910845005964919,0.004910845634162419,0.0047875018811957,163.875
0.004910267667469198,0.0049102682700771245,0.004785501820277023,163.91666666666666
0.004909695637308344,0.004909696206214059,0.004784334010212137,163.95833333333334
0.004909160623770665,0.004909161166863362,0.0047840780000493344,164.0
0.004908688149587489,0.0049086886614884764,0.004784740552162849,164.04166666666666
0.0049082991175321096,0.004908299609063378,0.0047862589631927945,164.08333333333334
0.004908009582255565,0.004908010042706625,0.004788506431433424,164.125
0.00490783058258398,0.004907831045334609,0.004791305881467422,164.16666666666666
0.004907767597312355,0.004907768023480903,0.004794445817031863,164.20833333333334
0.004907819829736353,0.004907820261903522,0.004797697189825144,164.25
0.00490801774408234,0.004908018204021074,0.004800868883444129,164.29166666666666
0.0049084116826540675,0.004908412166535563,0.004803813757196782,164.33333333333334
0.004908926652994231,0.004908927157296467,0.0048062995730761135,164.375
0.004909483053328194,0.004909483573148232,0.004808131711372383,164.41666666666666
0.004910029530790036,0.004910030069093921,0.004809187051799022,164.45833333333334
0.004910535947174342,0.0049105365031810394,0.004809409026036959,164.5
0.004910983916569421,0.00491098449183201,0.004808798400961653,164.54166666666666
0.004911362383143068,0.004911362988880517,0.004807408230940414,164.58333333333334
0.004911666063110797,0.0049116666943275706,0.004805340426141189,164.625
0.004911893950954974,0.0049118945798680294,0.0048027392271113,164.66666666666666
0.004912039950294292,0.00491204057682813,0.004799775195605912,164.70833333333334
0.004912050932336195,0.004912051563466481,0.004796597873408969,164.75
0.004911801284856759,0.004911801922557705,0.004793299756060584,164.79166666666666
0.004911359620829609,0.004911360248408589,0.004790164552431065,164.83333333333334
0.004910820577592435,0.00491082120163997,0.004787485910911894,164.875
0.004910244592779992,0.00491024519419523,0.00478548688330454,164.91666666666666
0.00490967375692606,0.004909674322302308,0.004784319961176541,164.95833333333334
0.004909139716607442,0.004909140272282245,0.0047840647128308145,165.0
0.004908668055621867,0.00490866858238136,0.00478472787233496,165.04166666666666
0.004908279655561307,0.004908280189882864,0.004786246682190574,165.08333333333334
0.004907990615350375,0.004907991142981714,0.0047884944480444174,165.125
0.004907811995191219,0.004907812496762585,0.004791294203771831,165.16666666666666
0.004907749283525565,0.004907749762407324,0.004794434253982991,165.20833333333334
0.004907801713202684,0.004907802174386372,0.0047976856918308984,165.25
0.004907999497039476,0.004907999977375725,0.004800857086569337,165.29166666666666
0.0049083925536152805,0.004908393056801088,0.004803801072155665,165.33333333333334
0.004908906313058876,0.0049089068339602205,0.004806285683051405,165.375
0.004909461582776127,0.00490946211244002,0.004808116771576314,165.41666666666666
0.004910007185072927,0.004910007731065153,0.004809171182735599,165.45833333333334
0.0049105129973114475,0.0049105135579855285,0.004809392530887279,165.5
0.004910960558039294,0.004910961133617527,0.0048087815272692255,165.54166666666666
0.004911338699384694,0.004911339298982256,0.0048073911672841365,165.58333333333334
0.004911642008215969,0.004911642637403837,0.004805322850806041,165.625
0.004911869355816735,0.0049118699816743635,0.004802720724003348,165.66666666666666
0.0049120146011964235,0.004912015220056935,0.004799756064159064,165.70833333333334
0.004912024959933457,0.00491202557979098,0.004796578042791923,165.75
0.004911775826269906,0.004911776378437717,0.004793280393304245,165.79166666666666
0.004911335344177104,0.0049113358843971165,0.004790146584021675,165.83333333333334
0.004910797679993283,0.004910798196507199,0.004787469298928059,165.875
0.004910222984219987,0.004910223494774922,0.004785471255747214,165.91666666666666
0.004909653256983871,0.004909653757237757,0.004784305049859444,165.95833333333334
0.004909120161536506,0.004909120649488436,0.004784050168178691,166.0
0.004908649240258763,0.004908649718094282,0.004784713796570636,166.04166666666666
0.004908261431242904,0.004908261868807912,0.004786232692836765,166.08333333333334
0.004907972847082096,0.004907973287064745,0.004788481189209555,166.125
0.004907794572526205,0.0049077950188916135,0.004791281485194777,166.16666666666666
0.004907732121725714,0.00490773256031882,0.004794421931353549,166.20833333333334
0.0049077847440997515,0.004907785168498438,0.00479767356249319,166.25
0.004907982408747462,0.004907982858752246,0.004800844956008664,166.29166666666666
0.0049083746188647885,0.004908375093135323,0.004803788280833164,166.33333333333334
0.004908887214974772,0.004908887706289704,0.004806272041976582,166.375
0.004909441401858596,0.00490944190341831,0.004808102372257075,166.41666666666666
0.004909986173814999,0.004909986696933403,0.00480915645990104,166.45833333333334
0.0049104914199357445,0.0049104919604130905,0.004809377841192224,166.5
0.004910938605602908,0.004910939165283077,0.004808766896004456,166.54166666666666
0.0049113164505999495,0.00491131703322398,0.004807376769094761,166.58333333333334
0.00491161941417077,0.004911620033710258,0.004805308489723612,166.625
0.004911846246070985,0.004911846862356549,0.004802706457684065,166.66666666666666
0.004911990761960742,0.0049119913648861795,0.004799741129164536,166.70833333333334
0.0049120004885940885,0.004912001122437899,0.004796562626609634,166.75
0.0049117517256191635,0.004911752307471743,0.004793265216392488,166.79166666666666
0.0049113123906576826,0.004911312956062378,0.004790131945743061,166.83333333333334
0.004910776034329439,0.004910776600460814,0.004787455517436422,166.875
0.004910202548375004,0.004910203157990888,0.004785458488785229,166.91666666666666
0.004909633948768891,0.0049096345092636915,0.004784293213880569,166.95833333333334
0.004909101757876436,0.004909102300215811,0.004784039105415584,167.0
0.004908631575896412,0.004908632090345962,0.00478470313328296,167.04166666666666
0.0049082443334721535,0.004908244836238715,0.0047862227626290724,167.08333333333334
0.004907956200010186,0.004907956659770331,0.00478847102849225,167.125
0.004907778266776026,0.004907778722672835,0.004791271365773434,167.16666666666666
0.004907716076064507,0.00490771649360793,0.004794412780956421,167.20833333333334
0.004907768897951382,0.004907769316042842,0.004797664413729779,167.25
0.004907966446762989,0.004907966901193692,0.004800835676427727,167.29166666666666
0.004908357843254704,0.004908358324169234,0.0048037782244640115,167.33333333333334
0.0049088693236132835,0.004908869826496118,0.004806260941528077,167.375
0.004909422476230198,0.00490942299712597,0.004808090370146799,167.41666666666666
0.0049099664655742154,0.0049099670044222875,0.004809143859508233,167.45833333333334
0.004910471184231113,0.004910471737724647,0.004809364853775051,167.5
0.004910918029262849,0.004910918599696793,0.004808753650466656,167.54166666666666
0.004911295607352114,0.004911296198817491,0.00480736323209986,167.58333333333334
0.0049115982518627985,0.004911598876260079,0.004805294668756425,167.625
0.004911824593210007,0.004911825218804157,0.004802691868710812,167.66666666666666
0.004911968404738632,0.004911969022687557,0.004799725998156768,167.70833333333334
0.004911977566217501,0.004911978187905881,0.004796546880660857,167.75
0.004911729245611525,0.00491172986454309,0.004793250033622086,167.79166666666666
0.004911290995170032,0.004911291585605466,0.004790118210798046,167.83333333333334
0.004910755861299995,0.0049107564747055904,0.004787443178654244,167.875
0.004910183634283335,0.004910184201254402,0.004785447132333973,167.91666666666666
0.004909616026894808,0.004909616573919154,0.00478428248949912,167.95833333333334
0.004909084673541503,0.004909085207473809,0.004784028994324945,168.0
0.00490861515062461,0.004908615670839698,0.00478469340152519,168.04166666666666
0.004908228449039617,0.004908228970753222,0.004786212674629359,168.08333333333334
0.004907940719646288,0.004907941253863353,0.004788461041621044,168.125
0.004907763097383162,0.004907763593956105,0.004791261873172787,168.16666666666666
0.004907701146813244,0.004907701632638475,0.004794402356538316,168.20833333333334
0.004907754146392311,0.004907754602983329,0.004797655095638432,168.25
0.0049079516063087305,0.004907952082020146,0.004800826093656637,168.29166666666666
0.004908342231867322,0.00490834272412256,0.004803767962916385,168.33333333333334
0.004908852645122107,0.004908853149147027,0.004806249737029706,168.375
0.0049094048098275115,0.004909405328159728,0.004808078334130919,168.41666666666666
0.004909948058819502,0.004909948591998491,0.0048091311548806226,168.45833333333334
0.004910452285935586,0.004910452835382638,0.004809351749407308,168.5
0.004910898821107541,0.004910899386813963,0.004808740539241229,168.54166666666666
0.004911276157331527,0.004911276745611052,0.004807350010507765,168.58333333333334
0.004911578473462533,0.004911579126865513,0.004805281437291788,168.625
0.004911804333603045,0.004911805004042139,0.004802678521856683,168.66666666666666
0.004911947459963009,0.004911948136664474,0.004799712222744266,168.70833333333334
0.004911956052833083,0.004911956721919138,0.004796532657993812,168.75
0.00491170815590823,0.004911708800290738,0.004793235962792761,168.79166666666666
0.0049112709612523535,0.004911271571238698,0.0047901048314445815,168.83333333333334
0.0049107370873087385,0.004910737679329661,0.004787430777725155,168.875
0.004910165946418869,0.004910166547968798,0.004785435712269482,168.91666666666666
0.004909599345237762,0.004909599901520519,0.0047842718897659125,168.95833333333334
0.004909068790778554,0.004909069333946865,0.004784018997588336,169.0
0.004908599904838134,0.004908600426224843,0.004784684119102827,169.04166666666666
0.004908213698574916,0.004908214175448694,0.004786204143023814,169.08333333333334
0.0049079263614629776,0.004907926826226825,0.004788452825239725,169.125
0.0049077490305393465,0.004907749502372051,0.004791253247896467,169.16666666666666
0.004907687320304847,0.004907687781940981,0.004794394329394254,169.20833333333334
0.004907740500131758,0.004907740963757941,0.004797645997468904,169.25
0.004907937907098098,0.004907938362494616,0.0048008169215430834,169.29166666666666
0.004908327801786276,0.004908328262600764,0.004803757951108387,169.33333333333334
0.004908837189361346,0.0049088376624699965,0.004806238745859269,169.375
0.004909388407937727,0.004909388896662165,0.004808066553975477,169.41666666666666
0.004909930948366477,0.004909931454895536,0.004809118887216983,169.45833333333334
0.004910434716223498,0.004910435242474727,0.004809339256958447,169.5
0.004910880976128653,0.0049108815135606495,0.004808727813664907,169.54166666666666
0.004911258087015888,0.0049112586588497395,0.004807337383951857,169.58333333333334
0.004911560127191355,0.0049115607682259305,0.0048052686299294226,169.625
0.004911785538963695,0.004911786191384068,0.004802665198319328,169.66666666666666
0.004911928005540757,0.004911928629982014,0.004799698176225917,169.70833333333334
0.0049119360263762115,0.0049119366485850255,0.004796518107751268,169.75
0.0049116885171969675,0.004911689142922027,0.0047932219494912125,169.79166666666666
0.004911252347762675,0.004911252927639815,0.004790091930168232,169.83333333333334
0.004910719631342142,0.004910720191335862,0.004787418915842897,169.875
0.00491014957059298,0.00491015016413552,0.004785424704750393,169.91666666666666
0.004909583910279611,0.004909584453246683,0.004784261575849278,169.95833333333334
0.004909054119748132,0.004909054647002563,0.004784009258773586,170.0
0.004908585844210741,0.004908586329330156,0.004784674568697212,170.04166666666666
0.004908200088689098,0.0049082005386079635,0.004786194492497495,170.08333333333334
0.004907913107470765,0.0049079135644535905,0.004788442828645697,170.125
0.004907736066122297,0.004907736520728087,0.004791243720801226,170.16666666666666
0.004907674570710964,0.004907675026924342,0.0047943843843432235,170.20833333333334
0.004907727934712192,0.00490772841901478,0.004797636591762827,170.25
0.004907925255758416,0.004907925727996922,0.004800807777821551,170.29166666666666
0.0049083144355574265,0.004908314912761611,0.004803748444297001,170.33333333333334
0.004908822839729045,0.004908823323838546,0.004806228569641734,170.375
0.004909373160535999,0.004909373652567851,0.004808055804622578,170.41666666666666
0.00490991504166992,0.004909915545404929,0.004809107569727994,170.45833333333334
0.004910418393156351,0.004910418918878965,0.004809327534762881,170.5
0.0049108644042635975,0.004910864941208325,0.004808716016673436,170.54166666666666
0.004911241328239606,0.004911241900500737,0.004807325381186363,170.58333333333334
0.004911543137667646,0.004911543764055744,0.004805256726980649,170.625
0.004911768147481962,0.00491176877192154,0.004802653256305897,170.66666666666666
0.0049119099771488565,0.0049119106072297814,0.004799685904001461,170.70833333333334
0.00491191746077479,0.004911918103098012,0.004796505520969178,170.75
0.004911670359438185,0.004911670974627168,0.0047932098039909785,170.79166666666666
0.004911235181006291,0.004911235733775836,0.004790080519270236,170.83333333333334
0.004910703573459567,0.004910704120698031,0.0047874084781874765,170.875
0.004910134537535777,0.004910135114176451,0.004785415316158762,170.91666666666666
0.004909569716764454,0.004909570267270812,0.0047842531418207206,170.95833333333334
0.0049090406332189885,0.004909041168451995,0.004784001480543678,171.0
0.004908572911411004,0.004908573422177595,0.004784667503626641,171.04166666666666
0.004908187586251752,0.00490818807779455,0.004786188382180292,171.08333333333334
0.004907900934950734,0.004907901392545321,0.004788437722923261,171.125
0.0049077241622180415,0.0049077245820678805,0.004791238668340548,171.16666666666666
0.004907662877254225,0.0049076633018050745,0.004794379895910541,171.20833333333334
0.004907716431493039,0.004907716841734338,0.004797632491204055,171.25
0.00490791367110006,0.004907914112940899,0.004800803711759104,171.29166666666666
0.004908302169172761,0.004908302636947664,0.004803743859602115,171.33333333333334
0.004908809633852462,0.004908810122180691,0.004806223297174668,171.375
0.0049093591013768265,0.004909359607442357,0.004808049860161339,171.41666666666666
0.004909900362882999,0.004909900882472947,0.004809101469861518,171.45833333333334
0.004910403331087163,0.00491040386967606,0.004809321594480537,171.5
0.004910849125274519,0.004910849675064369,0.004808710369071648,171.54166666666666
0.004911225897515833,0.004911226478800365,0.004807319876044086,171.58333333333334
0.004911527503838774,0.004911528119130722,0.004805250933948582,171.625
0.004911752111460207,0.004911752729555785,0.004802647183297364,171.66666666666666
0.004911893319465686,0.004911893952636356,0.004799678846000896,171.70833333333334
0.004911900273031817,0.004911900910644023,0.004796497530065729,171.75
0.004911653497905942,0.004911654086896895,0.004793201898467715,171.79166666666666
0.004911219242390977,0.00491121980862665,0.00479007360102812,171.83333333333334
0.004910688701256717,0.004910689258528247,0.004787402658739699,171.875
0.004910120658852507,0.004910121258248824,0.004785410134267182,171.91666666666666
0.004909556698028346,0.004909557260664325,0.004784248404790403,171.95833333333334
0.004909028318777943,0.004909028811264437,0.004783996971670127,172.0
0.004908561090529448,0.004908561570849562,0.004784662973943126,172.04166666666666
0.004908176185131166,0.004908176619800237,0.0047861836828282395,172.08333333333334
0.004907889829801322,0.0049078902813169305,0.00478843269446327,172.125
0.004907713299658681,0.004907713714539396,0.00479123354613631,172.16666666666666
0.004907652211556879,0.004907652643103314,0.0047943741581364325,172.20833333333334
0.0049077059638391865,0.004907706374858128,0.004797627033857306,172.25
0.004907903151262077,0.004907903592264309,0.004800798352645162,172.29166666666666
0.004908291006391339,0.004908291471667796,0.004803737966914317,172.33333333333334
0.004908797575281543,0.004908798061984844,0.004806216597278978,172.375
0.004909346231061495,0.0049093467330935964,0.004808042510088969,172.41666666666666
0.004909886908286583,0.004909887423442776,0.0048090936398781,172.45833333333334
0.004910389527124809,0.004910390059952926,0.004809313407542109,172.5
0.00491083513440301,0.0049108356782389265,0.004808701946425508,172.54166666666666
0.004911211762604896,0.004911212351445128,0.004807311347102177,172.58333333333334
0.0049115131607792425,0.004911513783766946,0.004805242276632341,172.625
0.004911737367354496,0.004911737997134388,0.004802638235633523,172.66666666666666
0.004911877996150694,0.004911878613834459,0.004799669774875259,172.70833333333334
0.0049118844526350085,0.004911885063911757,0.004796488298387353,172.75
0.004911638048859696,0.00491163863617502,0.0047931932256511395,172.79166666666666
0.004911204692325931,0.004911205248506075,0.004790065650622739,172.83333333333334
0.0049106751766176135,0.004910675715938782,0.0047873954264103505,172.875
0.004910108085356095,0.004910108654829731,0.004785403882339374,172.91666666666666
0.0049095449209247705,0.004909545444529218,0.004784242852953393,172.95833333333334
0.004909017126171115,0.004909017638885447,0.004783991986096276,173.0
0.004908550404964009,0.004908550892595576,0.004784658531737119,173.04166666666666
0.00490816584241969,0.004908166323512566,0.004786179780739523,173.08333333333334
0.0049078797859558425,0.0049078802538218775,0.004788429330451422,173.125
0.0049077034758709705,0.0049077039060536395,0.004791230420021525,173.16666666666666
0.0049076425814304605,0.004907643019876083,0.004794371833917057,173.20833333333334
0.004907696480978705,0.004907696920177525,0.004797624674106006,173.25
0.004907893627529129,0.004907894083347783,0.004800795805332857,173.29166666666666
0.004908280875431039,0.0049082813471767175,0.004803734830384718,173.33333333333334
0.004908786596774641,0.004908787084636023,0.004806212756206558,173.375
0.004909334488730813,0.004909334991625159,0.004808038032638896,173.41666666666666
0.00490987461979494,0.004909875145773874,0.004809088838370123,173.45833333333334
0.0049103769266853415,0.004910377468202997,0.004809308588539933,173.5
0.004910822368406098,0.004910822925327204,0.004808697192955386,173.54166666666666
0.004911198903533994,0.004911199481012717,0.004807307246418433,173.58333333333334
0.004911500133828578,0.0049115007454783935,0.004805238660579139,173.625
0.004911724009828002,0.004911724621506593,0.00480263458413653,173.66666666666666
0.004911864077966944,0.004911864682720246,0.004799665294426842,173.70833333333334
0.004911870048530196,0.004911870654361145,0.004796483127329339,173.75
0.004911623983697363,0.00491162458280419,0.0047931880884038635,173.79166666666666
0.0049111914748189755,0.004911192046449494,0.004790061066597188,173.83333333333334
0.004910662933227979,0.004910663479906004,0.004787391483860421,173.875
0.004910096737611304,0.004910097303536158,0.004785400394438257,173.91666666666666
0.0049095342989061205,0.004909534826395352,0.004784239775130404,173.95833333333334
0.004909007076636915,0.004909007576921146,0.004783989223427751,174.0
0.004908540778545905,0.0049085412611055475,0.004784655962755519,174.04166666666666
0.004908156565026587,0.004908157036797107,0.004786177236682549,174.08333333333334
0.00490787076722595,0.004907871200242218,0.004788426853837762,174.125
0.004907694658380951,0.004907695097973671,0.004791228090028534,174.16666666666666
0.004907633948909061,0.004907634352443471,0.004794369507022656,174.20833333333334
0.00490768801722338,0.004907688436837035,0.004797622392761687,174.25
0.004907885146381912,0.004907885577033801,0.0048007935562372145,174.29166666666666
0.004908271822098162,0.004908272272108376,0.00480373212030388,174.33333333333334
0.004908776735754344,0.004908777199288652,0.004806209365213902,174.375
0.00490932390200886,0.004909324380576319,0.004808034074061588,174.41666666666666
0.004909863532760283,0.004909864032470721,0.0048090845700832175,174.45833333333334
0.004910365553646276,0.0049103660648768515,0.00480930418058273,174.5
0.004910810867965287,0.004910811392609608,0.004808692837206194,174.54166666666666
0.004911187303246182,0.004911187869503209,0.00480730248180022,174.58333333333334
0.004911488355953188,0.004911488970851558,0.004805233543532959,174.625
0.004911711902482981,0.0049117125145198125,0.0048026289685677995,174.66666666666666
0.004911851420946803,0.004911852033422632,0.004799659053083251,174.70833333333334
0.004911856905320876,0.004911857531897198,0.0047964763951892034,174.75
0.004911611150361445,0.004911611764002933,0.004793181682246077,174.79166666666666
0.004911179490896032,0.004911180052769538,0.004790055338680779,174.83333333333334
0.004910651873708884,0.004910652435099573,0.004787386477888918,174.875
0.004910086506792842,0.004910087118317683,0.004785396026946379,174.91666666666666
0.004909524757748977,0.004909525335904316,0.004784235906543364,174.95833333333334
0.004908998129748938,0.004908998624371768,0.004783985666865265,175.0
0.004908532232624326,0.004908532715691016,0.004784652614741565,175.04166666666666
0.004908148334875975,0.004908148797419186,0.004786174093782498,175.08333333333334
0.004907862755589781,0.00490786319636839,0.004788423812571119,175.125
0.004907686856111199,0.004907687285935866,0.004791225670536949,175.16666666666666
0.004907626308998632,0.004907626709415325,0.004794367188191348,175.20833333333334
0.0049076805452291945,0.004907680963082423,0.004797620175681352,175.25
0.004907877662456899,0.004907878087383889,0.00480079123248834,175.29166666666666
0.004908263801408129,0.004908264235648997,0.004803729265542584,175.33333333333334
0.004908767952076349,0.004908768401323952,0.004806205832365476,175.375
0.00490931443480795,0.0049093149030187905,0.004808029973400661,175.41666666666666
0.004909853596082347,0.004909854086062494,0.004809080126661589,175.45833333333334
0.004910355359311374,0.004910355875466591,0.004809299693444395,175.5
0.004910800566247095,0.004910801097168037,0.004808688307078927,175.54166666666666
0.004911176948379271,0.004911177508570782,0.004807298053209298,175.58333333333334
0.004911477885208994,0.00491147847844995,0.004805228941616592,175.625
0.004911701090735748,0.004911701706000296,0.004802623926596536,175.66666666666666
0.004911840081057299,0.004911840699800084,0.00479965384037486,175.70833333333334
0.004911845114019093,0.004911845736761586,0.004796470912145828,175.75
0.004911599700577933,0.004911600265675791,0.004793176526804495,175.79166666666666
0.004911168814094518,0.004911169350791411,0.0047900508544141684,175.83333333333334
0.004910642080350954,0.004910642620168957,0.0047873826631170645,175.875
0.004910077529164528,0.00491007810218747,0.004785392543993232,175.91666666666666
0.00490951643463417,0.004909516969506767,0.0047842328617460905,175.95833333333334
0.004908990256167061,0.0049089907768501305,0.004783983002567617,176.0
0.004908524748130887,0.004908525251898561,0.0047846501337637974,176.04166666666666
0.0049081411109394655,0.004908141592567541,0.004786171767258874,176.08333333333334
0.004907855760476353,0.004907856227972259,0.004788421596318317,176.125
0.00490768002524645,0.004907680448595822,0.0047912235424257855,176.16666666666666
0.004907619647305915,0.004907620075723887,0.004794365073575387,176.20833333333334
0.004907674054828179,0.004907674453995469,0.004797618282141301,176.25
0.004907871139099786,0.004907871569851769,0.004800789433766828,176.29166666666666
0.004908256750026384,0.004908257205869947,0.004803727005281331,176.33333333333334
0.004908760169699158,0.004908760647789485,0.00480620291400155,176.375
0.004909306013039028,0.004909306506754036,0.004808026571169373,176.41666666666666
0.004909844742173722,0.00490984525547147,0.004809076362902711,176.45833333333334
0.004910346297732285,0.004910346827098243,0.004809295760598184,176.5
0.004910791427016392,0.004910791972637371,0.004808684474218765,176.54166666666666
0.004911167777466115,0.004911168343897425,0.004807294229002922,176.58333333333334
0.004911468604513619,0.00491146920620077,0.004805225097649999,176.625
0.004911691544552716,0.00491169214709029,0.004802620053748313,176.66666666666666
0.004911830046591768,0.0049118306432411225,0.004799649495325155,176.70833333333334
0.004911834639785674,0.004911835238287637,0.004796465959245985,176.75
0.004911589528672415,0.004911590108367573,0.0047931715946302675,176.79166666666666
0.004911159397440902,0.004911159950125726,0.0047900462460288415,176.83333333333334
0.004910633498732372,0.004910634043467222,0.0047873785801790195,176.875
0.004910069694454163,0.004910070248811682,0.0047853891452380275,176.91666666666666
0.004909509199157527,0.0049095097162395775,0.004784229728799496,176.95833333333334
0.004908983474908224,0.004908983980195824,0.004783980028557923,177.0
0.004908518299722087,0.004908518787015111,0.004784647329396022,177.04166666666666
0.004908134907554963,0.00490813535761467,0.004786169082425078,177.08333333333334
0.004907849744943897,0.004907850187160257,0.004788418913634814,177.125
0.004907674168576124,0.004907674576280621,0.00479122038123805,177.16666666666666
0.004907613941589912,0.004907614359157057,0.004794362310662765,177.20833333333334
0.004907668514056063,0.004907668931948013,0.004797615619735091,177.25
0.004907865597366233,0.004907866036212588,0.004800786814968766,177.29166666666666
0.004908250724663005,0.004908251182326804,0.004803724085852525,177.33333333333334
0.0049087534589847106,0.00490875393483056,0.0048061995834673184,177.375
0.004909298701342633,0.004909299193388796,0.0048080229534372115,177.41666666666666
0.004909837036749583,0.004909837552337027,0.004809072537690869,177.45833333333334
0.004910338405093626,0.004910338935935071,0.004809291908388139,177.5
0.0049107834837022555,0.004910784030587266,0.004808680835551819,177.54166666666666
0.00491115981897586,0.0049111603872009565,0.0048072910877716025,177.58333333333334
0.004911460553529788,0.004911461154656589,0.004805222217528154,177.625
0.004911683222815067,0.004911683822860886,0.004802616976170288,177.66666666666666
0.004911821246772968,0.004911821827129196,0.004799646150209769,177.70833333333334
0.004911825413416002,0.004911825990996275,0.004796462464221575,177.75
0.00491158058021483,0.004911581164904706,0.004793168585205996,177.79166666666666
0.0049111511716546045,0.004911151719049787,0.004790044149765931,177.83333333333334
0.004910626070446484,0.004910626613739964,0.004787377276868066,177.875
0.004910062968868134,0.004910063545405895,0.004785388252003135,177.91666666666666
0.004909503036704459,0.00490950357446424,0.004784229227295514,177.95833333333334
0.00490897773024091,0.004908978253905198,0.004783979824315863,178.0
0.004908512858797654,0.004908513361430276,0.004784647110338322,178.04166666666666
0.004908129685340516,0.004908130184063249,0.004786168738186387,178.08333333333334
0.004907844691473502,0.004907845165508364,0.004788419006670009,178.125
0.00490766926003168,0.004907669686854709,0.004791220536335721,178.16666666666666
0.004907609176128507,0.00490760960533264,0.004794362569361554,178.20833333333334
0.004907663907043272,0.004907664333337518,0.004797616173201799,178.25
0.004907861001494357,0.00490786144211101,0.004800787456258617,178.29166666666666
0.0049082456773377765,0.004908246133294345,0.0048037245337546495,178.33333333333334
0.004908747767606139,0.004908748240023175,0.004806199556275308,178.375
0.004909292449437135,0.004909292937801648,0.004808022522730252,178.41666666666666
0.004909830433141821,0.0049098309390758045,0.004809072106158272,178.45833333333334
0.004910331643016611,0.004910332166207919,0.004809291738299433,178.5
0.004910776703040214,0.004910777236783908,0.00480868098897424,178.54166666666666
0.004911153033066116,0.0049111536141697295,0.004807291233096122,178.58333333333334
0.004911453676026879,0.004911454298818945,0.00480522248016015,178.625
0.004911676101102195,0.0049116767158190406,0.0048026175609025236,178.66666666666666
0.004911813664651979,0.004911814266474183,0.004799646207441575,178.70833333333334
0.004911817410484513,0.0049118179892155105,0.004796462046742449,178.75
0.004911572829707838,0.004911573409234373,0.0047931684673915625,178.79166666666666
0.004911144133359977,0.004911144665863017,0.004790045031144923,178.83333333333334
0.004910619788112663,0.004910620315216235,0.004787379000253047,178.875
0.004910057334533581,0.004910057893562033,0.004785390742901132,178.91666666666666
0.004909497904645058,0.004909498445977597,0.004784232063443647,178.95833333333334
0.004908973034198547,0.004908973513128824,0.004783982764479045,179.0
0.004908508413915917,0.004908508894570175,0.004784650285891593,179.04166666666666
0.004908125447402412,0.004908125877951531,0.004786172099162732,179.08333333333334
0.004907840581984064,0.004907841024258276,0.0047884220375325965,179.125
0.004907665291984794,0.004907665686764136,0.004791223560731434,179.16666666666666
0.004907605335509673,0.004907605749023742,0.004794365558215933,179.20833333333334
0.004907660216679738,0.004907660640402196,0.0047976192565854356,179.25
0.004907857338348132,0.004907857769655445,0.004800790475698158,179.29166666666666
0.0049082415968926055,0.0049082420410122805,0.004803726950128239,179.33333333333334
0.004908743087840896,0.0049087435445339545,0.004806201375616499,179.375
0.004909287248913686,0.004909287722638829,0.0048080238983363765,179.41666666666666
0.004909824907131711,0.0049098254005477075,0.004809073322502526,179.45833333333334
0.004910325988717354,0.004910326501613391,0.004809293054841171,179.5
0.004910771048667515,0.00491077157536758,0.0048086824014349685,179.54166666666666
0.004911147415146338,0.004911147968004733,0.004807292950280417,179.58333333333334
0.00491144802011155,0.0049114486156909085,0.00480522411548601,179.625
0.00491167021158232,0.0049116708099360175,0.004802618578938722,179.66666666666666
0.0049118073471767654,0.00491180793504644,0.004799646981607455,179.70833333333334
0.004911810714299457,0.004911811296663914,0.0047964623843740305,179.75
0.004911566401304034,0.004911566983498015,0.004793168909251702,179.79166666666666
0.004911138352004951,0.0049111388923251615,0.004790045872666906,179.83333333333334
0.004910614711933491,0.004910615244978226,0.004787380220721445,179.875
0.004910052872245716,0.004910053430876789,0.004785392229216297,179.91666666666666
0.00490949393908954,0.0049094944504322335,0.0047842337383862945,179.95833333333334
0.0049089693561179815,0.004908969851496588,0.004783984326614807,180.0
0.004908504987557641,0.0049085054620848605,0.0047846516870799,180.04166666666666
0.004908122163343216,0.004908122604485363,0.004786173343250463,180.08333333333334
0.0049078374344818446,0.004907837871129897,0.004788423235226911,180.125
0.0049076622398677855,0.0049076626451603,0.004791224915593036,180.16666666666666
0.004907602418691598,0.004907602830380483,0.004794367067472132,180.20833333333334
0.0049076574630104695,0.0049076578747838245,0.004797620987905519,180.25
0.004907854595158057,0.004907855031997378,0.00480079235710868,180.29166666666666
0.0049082384537510425,0.004908238910501281,0.004803728609978323,180.33333333333334
0.004908739373338987,0.004908739848977951,0.0048062026110103325,180.375
0.004909283054468036,0.00490928354490648,0.004808024815718327,180.41666666666666
0.004909820430041904,0.004909820933237482,0.004809074092304723,180.45833333333334
0.0049103214186172325,0.004910321937818755,0.004809293855930571,180.5
0.004910766509046598,0.004910767036446144,0.004808683276017467,180.54166666666666
0.004911142919259098,0.004911143493465865,0.004807293799984971,180.58333333333334
0.00491144348051596,0.0049114441004963144,0.00480522489823026,180.625
0.004911665467336414,0.004911666084683055,0.004802619040571005,180.66666666666666
0.00491180218032001,0.004911802806007887,0.004799647022605906,180.70833333333334
0.004911805148341952,0.00491180577356139,0.0047964621250330556,180.75
0.0049115610986871176,0.004911561701641253,0.004793168861843248,180.79166666666666
0.004911133661971117,0.0049111342377928585,0.0047900462014086225,180.83333333333334
0.004910610698835423,0.004910611237062793,0.004787381115817103,180.875
0.004910049448055913,0.00491005000575283,0.004785393436765226,180.91666666666666
0.004909490945639831,0.004909491468128006,0.004784235395199283,180.95833333333334
0.004908966663046229,0.004908967174519187,0.004783986483940168,181.0
0.004908502497886077,0.004908502988528276,0.0047846540554513425,181.04166666666666
0.004908119814710886,0.004908120287842212,0.004786175848004787,181.08333333333334
0.004907835194705389,0.004907835669824806,0.004788425749851312,181.125
0.0049076601026922925,0.0049076606061132615,0.0047912278570586145,181.16666666666666
0.004907600395659564,0.004907600882312282,0.004794369731537587,181.20833333333334
0.004907655604478108,0.004907656051383596,0.004797623560038405,181.25
0.004907852773094134,0.004907853227481285,0.004800794841571699,181.29166666666666
0.004908236267040148,0.0049082367331450254,0.0048037306591554646,181.33333333333334
0.004908736660209135,0.0049087371323861045,0.00480620413261371,181.375
0.0049092798969188715,0.004909280376205435,0.004808025982181607,181.41666666666666
0.004909817017139122,0.0049098175082188346,0.004809075052399128,181.45833333333334
0.004910317936600884,0.004910318441754057,0.004809294820305887,181.5
0.004910763081488122,0.004910763599548632,0.0048086846318598775,181.54166666666666
0.0049111395589218725,0.004911140125156884,0.004807295618116021,181.58333333333334
0.004911440118463181,0.0049114407201773964,0.0048052270034198066,181.625
0.004911661888215588,0.004911662508118181,0.004802621271739752,181.66666666666666
0.00491179820989379,0.004911798819405088,0.004799648993775453,181.70833333333334
0.00491180082201655,0.004911801406664194,0.00479646370089769,181.75
0.004911557008627434,0.004911557565615615,0.004793170696439363,181.79166666666666
0.004911130166707496,0.00491113069159883,0.004790048839427008,181.83333333333334
0.004910607838905727,0.0049106083477909335,0.004787384371969681,181.875
0.004910047120999337,0.004910047642937224,0.004785397238139706,181.91666666666666
0.004909489006248974,0.004909489488278067,0.004784239251696148,181.95833333333334
0.004908964984399468,0.004908965467072496,0.004783990089348051,182.0
0.004908500974675105,0.004908501442334591,0.004784657501569347,182.04166666666666
0.004908118407103136,0.004908118830555563,0.004786179089588028,182.08333333333334
0.0049078338689744665,0.00490783433333038,0.004788428797609024,182.125
0.004907658856958109,0.004907659336771706,0.004791230428835625,182.16666666666666
0.004907599256965395,0.004907599743519206,0.004794372491242966,182.20833333333334
0.004907654637674608,0.004907655063533416,0.004797627012367869,182.25
0.004907851840715353,0.004907852283496178,0.0048007982489133945,182.29166666666666
0.004908234994685842,0.004908235454777148,0.004803733717010929,182.33333333333334
0.0049087348953858,0.0049087353677378385,0.0048062068340475605,182.375
0.004909277727125482,0.004909278205957126,0.0048080284581223905,182.41666666666666
0.004909814623931713,0.004909815120398624,0.004809077663638662,182.45833333333334
0.004910315507763118,0.004910316017588662,0.0048092976798802525,182.5
0.004910760716501846,0.004910761243426906,0.004808687635839056,182.54166666666666
0.004911137305858992,0.004911137857506513,0.004807298702731206,182.58333333333334
0.0049114378810492815,0.004911438464032865,0.0048052301502581355,182.625
0.004911659502332391,0.004911660083865754,0.004802624556987465,182.66666666666666
0.004911795457175429,0.004911796031128461,0.0047996521259106,182.70833333333334
0.0049117977275682,0.004911798302553772,0.004796466697049398,182.75
0.004911554136695837,0.004911554702574182,0.004793173948147667,182.79166666666666
0.004911127847579962,0.004911128384428772,0.004790052233647433,182.83333333333334
0.004910606060581982,0.004910606619816,0.004787388069840433,182.875
0.004910045876656879,0.004910046391917754,0.004785401313819051,182.91666666666666
0.004909488086338958,0.004909488586507556,0.0047842436492314165,182.95833333333334
0.0049089642920675325,0.004908964782665495,0.004783994771412078,183.0
0.004908500425451287,0.004908500900396654,0.004784662176374167,183.04166666666666
0.0049081179341847235,0.004908118368548326,0.004786183399344076,183.08333333333334
0.004907833448638371,0.004907833881559733,0.0047884334507090585,183.125
0.004907658510073029,0.004907658903526744,0.004791235329315665,183.16666666666666
0.004907598999491334,0.0049075994112635635,0.004794376871283815,183.20833333333334
0.00490765448462708,0.0049076549012190525,0.004797631180772347,183.25
0.004907851745267097,0.004907852191986172,0.004800802354480748,183.29166666666666
0.00490823460143697,0.004908235068029241,0.004803737613306333,183.33333333333334
0.0049087340618360975,0.004908734537359849,0.004806210430939839,183.375
0.0049092765306748025,0.004909277013362026,0.0048080318526552875,183.41666666666666
0.00490981325026467,0.0049098137456028475,0.004809081047968462,183.45833333333334
0.004910314122864094,0.00491031463464003,0.004809301325702451,183.5
0.004910759436185795,0.004910759959590498,0.004808691640870282,183.54166666666666
0.004911136136838609,0.004911136686122932,0.004807303058923619,183.58333333333334
0.0049114367386895634,0.004911437320142639,0.004805234811014116,183.625
0.004911658212755982,0.00491165879045399,0.0048026294199185375,183.66666666666666
0.004911793819254972,0.004911794388352341,0.004799656634477083,183.70833333333334
0.004911795762455395,0.004911796327776239,0.004796470988533851,183.75
0.004911552371400284,0.004911552941225816,0.004793178509701996,183.79166666666666
0.004911126610983763,0.00491112714450419,0.004790057511192004,183.83333333333334
0.004910605398803317,0.00491060592479122,0.00478739378746532,183.875
0.004910045593851647,0.004910046140999659,0.0047854071625431415,183.91666666666666
0.004909488144464777,0.004909488640261573,0.0047842494285114095,183.95833333333334
0.004908964544049997,0.00490896503253931,0.004784000287812144,184.0
0.004908500792004682,0.004908501245334875,0.004784667588112524,184.04166666666666
0.00490811834676653,0.004908118768097309,0.004786189015491935,184.08333333333334
0.004907833908060998,0.004907834337734034,0.004788438621119358,184.125
0.004907659021211213,0.004907659449665174,0.004791240303436562,184.16666666666666
0.0049075996077247415,0.0049075999945612375,0.00479438265366406,184.20833333333334
0.004907655230413895,0.004907655633357733,0.004797637387184385,184.25
0.004907852574250356,0.004907852984651237,0.004800808858643696,184.29166666666666
0.004908235157426934,0.004908235586515677,0.004803743921850216,184.33333333333334
0.004908734201818433,0.004908734643349499,0.004806216396913669,184.375
0.004909276339200532,0.004909276794695226,0.00480803760774733,184.41666666666666
0.004909812904526757,0.004909813381875632,0.004809086660534453,184.45833333333334
0.004910313792489107,0.004910314281414941,0.004809306921140694,184.5
0.004910759224411532,0.004910759726912589,0.004808697458430022,184.54166666666666
0.0049111360502505,0.0049111365829750285,0.004807309042964693,184.58333333333334
0.00491143667426842,0.004911437265747877,0.004805240891205512,184.625
0.004911658016749186,0.004911658609295608,0.004802635203807912,184.66666666666666
0.004911793291889491,0.004911793880699879,0.004799662005820007,184.70833333333334
0.004911794922172294,0.0049117955028772945,0.0047964756938208,184.75
0.0049115517546239945,0.004911552304119974,0.00479318309990039,184.79166666666666
0.004911126474196412,0.004911127000144517,0.004790062490208356,184.83333333333334
0.004910605744377084,0.004910606287846354,0.004787399354256317,184.875
0.004910046398478992,0.0049100469070455675,0.00478541320481138,184.91666666666666
0.004909489196429644,0.004909489685869252,0.004784255772660803,184.95833333333334
0.0049089657465135154,0.0049089662318576605,0.004784006980390218,185.0
0.004908502068660411,0.004908502531736091,0.004784674240719113,185.04166666666666
0.004908119662913456,0.00490812010693616,0.004786195640423561,185.08333333333334
0.004907835240470877,0.004907835684505186,0.004788445203854793,185.125
0.004907660397368202,0.00490766082281429,0.004791246584739819,185.16666666666666
0.004907601059115488,0.0049076014897016,0.004794388837069349,185.20833333333334
0.004907656825205037,0.004907657250347394,0.004797643302855889,185.25
0.004907854216569103,0.004907854664826875,0.00480081499161878,185.29166666666666
0.004908236545780887,0.004908237011161695,0.004803750026711522,185.33333333333334
0.004908735217380758,0.004908735690325529,0.004806222306653923,185.375
0.004909277064040985,0.004909277543431118,0.004808043390078003,185.41666666666666
0.004909813510611489,0.004909814002152441,0.004809092538549199,185.45833333333334
0.004910314445109477,0.004910314952453034,0.004809313024615512,185.5
0.0049107600252453485,0.00491076054468369,0.004808703938509981,185.54166666666666
0.0049111370121267825,0.004911137553979522,0.004807316125211342,185.58333333333334
0.004911437719098007,0.0049114382986794125,0.0048052483495308685,185.625
0.004911658947617548,0.0049116595278173745,0.004802642656748287,185.66666666666666
0.0049117939143474825,0.0049117944927382605,0.004799669521843856,185.70833333333334
0.00491179523944143,0.004911795809709093,0.004796483326609611,185.75
0.00491155223721433,0.004911552799706254,0.004793191098427145,185.79166666666666
0.004911127432416523,0.00491112795935262,0.004790070852805756,185.83333333333334
0.0049106071914711506,0.004910607717941725,0.004787407893331335,185.875
0.004910048147009815,0.004910048697139211,0.004785421806917307,185.91666666666666
0.004909491202915069,0.004909491702535529,0.004784264254617205,185.95833333333334
0.004908967884411331,0.004908968368280756,0.004784015235507519,186.0
0.0049085042494523,0.00490850469203479,0.004784682486712966,186.04166666666666
0.004908121845188895,0.004908122259488411,0.0047862038042254165,186.08333333333334
0.004907837426887613,0.004907837845560629,0.004788453285159948,186.125
0.004907662603494209,0.004907662994734361,0.004791254646254482,186.16666666666666
0.0049076033497537615,0.004907603749232888,0.004794396944495806,186.20833333333334
0.0049076592598918355,0.004907659660489189,0.004797651538749019,186.25
0.004907856732064835,0.00490785716810134,0.004800823329012921,186.29166666666666
0.00490823883888607,0.004908239298998646,0.004803758192969324,186.33333333333334
0.004908737167111572,0.0049087376453413115,0.004806230253919602,186.375
0.004909278757111738,0.0049092792475122875,0.004808051217193789,186.41666666666666
0.004909815115134013,0.004909815615637339,0.004809100502770217,186.45833333333334
0.004910316121404498,0.004910316636411913,0.004809321251458933,186.5
0.004910761872748948,0.0049107623964649285,0.004808712452855863,186.54166666666666
0.004911139019669474,0.004911139586131481,0.0048073248073714995,186.58333333333334
0.004911439799759781,0.0049114403987077955,0.004805257123460799,186.625
0.004911660907916272,0.004911661511735266,0.0048026515971084935,186.66666666666666
0.004911795577956592,0.004911796169079826,0.004799677853951277,186.70833333333334
0.0049117966060704945,0.004911797194135677,0.004796491186435426,186.75
0.004911553808597142,0.004911554363141953,0.004793198964025072,186.79166666666666
0.004911129445925607,0.004911129951323931,0.004790078934066928,186.83333333333334
0.00491060964057106,0.004910610135439524,0.004787416163302505,186.875
0.004910050925513226,0.004910051442022835,0.0047854301455751615,186.91666666666666
0.0049094941755557205,0.004909494651277366,0.004784272545501527,186.95833333333334
0.004908970940600829,0.00490897140938306,0.004784023405905365,187.0
0.0049085073239407825,0.004908507772440711,0.004784690475667408,187.04166666666666
0.004908124897587467,0.004908125320355192,0.0047862116149737285,187.08333333333334
0.00490784046508727,0.004907840882175506,0.004788460942565466,187.125
0.004907665657848831,0.004907666075356674,0.0047912622255278725,187.16666666666666
0.004907606465082678,0.0049076068707999305,0.004794404535532683,187.20833333333334
0.004907662500650852,0.004907662899945682,0.004797659246488951,187.25
0.0049078600894101425,0.004907860486731349,0.004800831145484653,187.29166666666666
0.004908242012198851,0.004908242423428561,0.004803765885504704,187.33333333333334
0.004908740039648537,0.004908740462840893,0.004806237740017224,187.375
0.004909281406239813,0.004909281843056263,0.004808058630840106,187.41666666666666
0.004909817704307116,0.0049098181574394354,0.004809107952165755,187.45833333333334
0.004910318803468696,0.00491031927590596,0.004809328933735184,187.5
0.0049107647334099905,0.004910765231874417,0.004808720519337585,187.54166666666666
0.004911142074435141,0.004911142613781233,0.004807333371976448,187.58333333333334
0.004911442937561111,0.0049114435254520375,0.004805266000286019,187.625
0.004911663993277926,0.004911664562902605,0.004802660303865304,187.66666666666666
0.004911798398316513,0.00491179895315779,0.0047996866326751875,187.70833333333334
0.004911799169683615,0.004911799715570216,0.0047964996737445585,187.75
0.004911556535418834,0.004911557054406106,0.004793207520419195,187.79166666666666
0.004911132539342992,0.004911133048704464,0.004790087718433323,187.83333333333334
0.0049106130894931935,0.00491061361216932,0.004787425261319778,187.875
0.004910054700464262,0.00491005521231896,0.004785439249291089,187.91666666666666
0.0049094980881924585,0.004909498575375148,0.004784281663858957,187.95833333333334
0.004908974897464986,0.004908975363576955,0.0047840322935062025,188.0
0.004908511267689483,0.004908511698491021,0.004784698955695339,188.04166666666666
0.004908128811026005,0.004908129212218504,0.004786219549586405,188.08333333333334
0.004907844337719767,0.004907844753750489,0.004788468719060541,188.125
0.0049076695305436905,0.004907669956967428,0.004791270507831584,188.16666666666666
0.004907610394312878,0.004907610820672175,0.004794412648851674,188.20833333333334
0.004907666563654499,0.004907666984409269,0.004797667640794277,188.25
0.004907864215133318,0.0049078646535458325,0.004800839395843669,188.29166666666666
0.004908245961642632,0.00490824641500065,0.004803773849788761,188.33333333333334
0.00490874372123071,0.004908744188603845,0.004806245540821627,188.375
0.004909284906956096,0.004909285387821201,0.00480806641204391,188.41666666666666
0.004909821184657424,0.004909821680365873,0.004809115972050915,188.45833333333334
0.004910322411798461,0.004910322923602431,0.004809337427385432,188.5
0.004910768559780554,0.004910769092844008,0.004808729720192073,188.54166666666666
0.004911146116555932,0.0049111466773957375,0.004807343041302575,188.58333333333334
0.00491144711454336,0.004911447700753941,0.004805276001952952,188.625
0.004911668110700084,0.004911668692185327,0.0048026706465356195,188.66666666666666
0.004911802255211819,0.004911802831197403,0.004799696590172794,188.70833333333334
0.0049118027414254825,0.004911803305735679,0.004796509395728331,188.75
0.004911560236527906,0.004911560802106313,0.004793217183418603,188.79166666666666
0.004911136609807689,0.004911137156676619,0.0047900972796192775,188.83333333333334
0.004910617521020216,0.004910618085486761,0.004787434618962977,188.875
0.004910059381167637,0.0049100599154980685,0.004785448793055435,188.91666666666666
0.004909502890507654,0.0049095033971497245,0.004784291220977421,188.95833333333334
0.0049089797347972065,0.004908980228418453,0.004784041962293481,189.0
0.004908516044266826,0.004908516542801664,0.004784708647056642,189.04166666666666
0.004908133540699936,0.004908134018671254,0.004786229005998771,189.08333333333334
0.004907849015418009,0.004907849499567383,0.00478847788756001,189.125
0.00490767419454428,0.0049076746616490505,0.004791278944887051,189.16666666666666
0.004907615109749351,0.004907615556842937,0.004794421207419183,189.20833333333334
0.004907671408362884,0.004907671847247728,0.004797676073255024,189.25
0.004907869181542791,0.004907869615781554,0.004800848190140274,189.29166666666666
0.0049082507964156715,0.004908251238562876,0.004803782761593683,189.33333333333334
0.004908748327551221,0.00490874877511134,0.004806254384869166,189.375
0.004909289363034761,0.004909289817720518,0.004808075311226117,189.41666666666666
0.004909825644176465,0.004909826109221279,0.004809124969025577,189.45833333333334
0.004910327019798216,0.004910327502208195,0.004809346623711346,189.5
0.0049107733959190695,0.004910773894083146,0.004808739068906843,189.54166666666666
0.0049111511752884885,0.004911151705788522,0.0048073526495854444,189.58333333333334
0.004911452286593998,0.004911452870260828,0.004805285864330469,189.625
0.004911673244155479,0.0049116738326376395,0.004802680335485496,189.66666666666666
0.00491180717041744,0.004911807754027162,0.0047997063326641245,189.70833333333334
0.004911807450415915,0.004911808022822632,0.004796518704646556,189.75
0.00491156510267062,0.0049115656561947016,0.004793226406580527,189.79166666666666
0.004911141822097175,0.0049111423493389305,0.004790106665633053,189.83333333333334
0.004910623064944008,0.004910623556968133,0.004787444306464015,189.875
0.004910065071765584,0.004910065595116062,0.004785458498047864,189.91666666666666
0.004909508676539974,0.004909509167355281,0.004784300865022386,189.95833333333334
0.0049089854960639445,0.004908985964101911,0.004784051332423749,190.0
0.004908521747236832,0.004908522205308576,0.0047847177511134075,190.04166666666666
0.00490813913302376,0.0049081395562215165,0.004786238036066564,190.08333333333334
0.004907854540691883,0.0049078549657831224,0.004788486828288827,190.125
0.004907679684221652,0.004907680125687809,0.004791288441109024,190.16666666666666
0.004907620650520776,0.004907621064674647,0.004794430344297508,190.20833333333334
0.004907676975329743,0.004907677476669959,0.004797684729307356,190.25
0.004907874884257468,0.004907875367322246,0.00480085704111509,190.29166666666666
0.004908256404750749,0.004908256883410099,0.004803791597559072,190.33333333333334
0.004908753752297314,0.004908754227468554,0.004806263194411049,190.375
0.004909294681249293,0.0049092951598511516,0.00480808422475831,190.41666666666666
0.004909831003309172,0.004909831488927472,0.004809134079550616,190.45833333333334
0.004910332557074528,0.004910333054841053,0.004809356100084651,190.5
0.004910779188649648,0.004910779696573069,0.004808748973625611,190.54166666666666
0.004911157214591791,0.004911157752282118,0.004807362925696369,190.58333333333334
0.004911458475601531,0.004911459063619898,0.004805296669489762,190.625
0.004911679410509408,0.0049116800022211,0.004802691761801888,190.66666666666666
0.004911813124132839,0.004911813724887535,0.004799717525814164,190.70833333333334
0.004911813154124299,0.004911813776053603,0.004796530108163282,190.75
0.0049115709209245914,0.004911571513984831,0.004793238459596826,190.79166666666666
0.004911147967466419,0.00491114851098052,0.00479011925325881,190.83333333333334
0.004910629485249414,0.004910630026990885,0.004787457185479807,190.875
0.0049100716539710295,0.004910072239964471,0.004785471459778848,190.91666666666666
0.004909515289292373,0.0049095158487041345,0.004784313723384786,190.95833333333334
0.004908992121838274,0.004908992593908724,0.00478406399078078,191.0
0.00490852825704315,0.0049085287311215154,0.0047847302280292275,191.04166666666666
0.004908145544274176,0.004908145962995245,0.004786250485917576,191.08333333333334
0.0049078608431470825,0.004907861248320743,0.004788499121969996,191.125
0.004907685970512084,0.004907686370622482,0.004791300006578126,191.16666666666666
0.004907626955754196,0.004907627354425646,0.004794442315198547,191.20833333333334
0.004907683504476816,0.004907683896364307,0.004797697492574986,191.25
0.004907881489763415,0.004907881908741718,0.004800869941200205,191.29166666666666
0.004908262899644076,0.0049082633408840245,0.004803804493496176,191.33333333333334
0.004908760072855222,0.004908760525246721,0.004806275959058728,191.375
0.004909300911860478,0.004909301377339544,0.004808096924200132,191.41666666666666
0.004909837291770649,0.0049098377712543505,0.004809147103479137,191.45833333333334
0.004910339040593975,0.004910339535883593,0.004809369544552972,191.5
0.004910785950299129,0.004910786450893653,0.004808762918446692,191.54166666666666
0.004911164236405285,0.0049111647790194045,0.004807377268892011,191.58333333333334
0.004911465636915649,0.004911466249943017,0.004805311157088548,191.625
0.004911686552608783,0.004911687169601617,0.004802705916984182,191.66666666666666
0.004911820077647747,0.00491182067952364,0.004799731762546651,191.70833333333334
0.004911819891563937,0.004911820481851028,0.004796544128922403,191.75
0.004911577743086578,0.004911578361590176,0.004793252368277381,191.79166666666666
0.004911155088257121,0.004911155645766288,0.0047901330289846535,191.83333333333334
0.004910636859963692,0.00491063740532888,0.004787470748933897,191.875
0.004910079228376001,0.004910079733556584,0.004785484843357543,191.91666666666666
0.004909522756972369,0.004909523359546264,0.0047843268401307065,191.95833333333334
0.004908999576926797,0.004909000054472807,0.0047840768843663214,192.0
0.004908535565546767,0.004908536041026935,0.004784742759303002,192.04166666666666
0.004908152739002219,0.004908153149750486,0.00478626233956266,192.08333333333334
0.004907867934280227,0.004907868359663398,0.004788510390225142,192.125
0.004907693015896202,0.004907693389804487,0.004791311036117209,192.16666666666666
0.004907634028776488,0.004907634423105789,0.004794453672694795,192.20833333333334
0.004907690708256185,0.00490769110075937,0.004797708539587691,192.25
0.004907888817896056,0.0049078892363661475,0.004800881288831394,192.29166666666666
0.004908270166834902,0.004908270605103059,0.0048038158951770145,192.33333333333334
0.004908767213130565,0.004908767666874529,0.004806287400702529,192.375
0.004909308004269189,0.0049093084736546696,0.004808108529579502,192.41666666666666
0.004909844477609344,0.004909844965125535,0.004809159064035624,192.45833333333334
0.004910346448764909,0.0049103469522867845,0.004809382093777125,192.5
0.004910793651686397,0.004910794169247137,0.00480877589787048,192.54166666666666
0.004911172216634024,0.004911172770913997,0.00480739071774831,192.58333333333334
0.004911473798683291,0.004911474414018857,0.004805324917288924,192.625
0.004911694724619983,0.004911695351260768,0.004802720069919532,192.66666666666666
0.004911828078195853,0.004911828709943528,0.004799746030954386,192.70833333333334
0.004911827694805804,0.004911828352741311,0.004796558382004336,192.75
0.004911585716652583,0.0049115863485287925,0.004793266873752298,192.79166666666666
0.004911163278314789,0.0049111638707084624,0.00479014786124792,192.83333333333334
0.004910645245846013,0.004910645814750563,0.004787485759535065,192.875
0.0049100876398944105,0.004910088223838586,0.004785499771124553,192.91666666666666
0.00490953128962797,0.00490953181681865,0.004784341569403801,192.95833333333334
0.004909007883599748,0.004909008396788275,0.004784091187894743,193.0
0.004908543761712586,0.0049085442481930745,0.004784756742523156,193.04166666666666
0.004908160747232553,0.0049081612066737374,0.0047862763983895495,193.08333333333334
0.0049078758347880546,0.004907876280639843,0.004788524631943462,193.125
0.004907700826228635,0.0049077012694228855,0.004791325266121649,193.16666666666666
0.004907641874798567,0.004907642303167699,0.004794468244067759,193.20833333333334
0.004907698563216567,0.004907699084530937,0.004797723614625056,193.25
0.004907896847767018,0.00490789734204685,0.004800895951053907,193.29166666666666
0.004908278188070974,0.004908278671285957,0.004803830281303255,193.33333333333334
0.004908775155572925,0.004908775637846465,0.00480630161689976,193.375
0.004909315942555304,0.004909316425167089,0.004808122744025343,193.41666666666666
0.0049098525466183636,0.004909853036503066,0.004809173488585572,193.45833333333334
0.004910354768560476,0.004910355268098235,0.004809396951763106,193.5
0.0049108022770543115,0.004910802784119312,0.004808791347200323,193.54166666666666
0.004911181141872006,0.0049111816769706615,0.004807406750361017,193.58333333333334
0.004911482944669142,0.004911483532732149,0.0048053416317780364,193.625
0.00491170391178522,0.004911704494501997,0.004802737216111372,193.66666666666666
0.004911837110610504,0.0049118376820256,0.004799763027819228,193.70833333333334
0.00491183655415104,0.004911837109882779,0.004796575157146264,193.75
0.0049115946766544625,0.004911595202544644,0.004793283637326018,193.79166666666666
0.004911172450958452,0.0049111729513385514,0.0047901650959940026,193.83333333333334
0.004910654577086379,0.004910655060467449,0.004787503260371033,193.875
0.004910097029510222,0.0049100975489093975,0.004785517167578904,193.91666666666666
0.004909540608964664,0.004909541091451838,0.004784358548949414,193.95833333333334
0.004909017062192813,0.004909017516683032,0.004784107759380318,194.0
0.004908552756542401,0.004908553183112235,0.004784772888604857,194.04166666666666
0.0049081695576555255,0.0049081699496026,0.004786292150963807,194.08333333333334
0.004907884499868906,0.0049078849030534805,0.004788539941631768,194.125
0.004907709421908823,0.004907709840031783,0.004791340275466012,194.16666666666666
0.004907650474241773,0.004907650842681735,0.004794482395823489,194.20833333333334
0.004907707383609375,0.0049077077575438235,0.004797737781329065,194.25
0.004907905762415457,0.004907906169268363,0.004800910554393782,194.29166666666666
0.004908287067753086,0.0049082874972522965,0.004803845051018999,194.33333333333334
0.004908783961379641,0.004908784409004894,0.00480631647267726,194.375
0.004909324757158316,0.004909325221777901,0.004808137769933403,194.41666666666666
0.004909861506947569,0.0049098619881943325,0.004809188656862367,194.45833333333334
0.004910363994943352,0.004910364492225611,0.004809412338168697,194.5
0.004910811829753352,0.004910812352324708,0.004808807548830915,194.54166666666666
0.004911191010354615,0.004911191563769609,0.004807423904219015,194.58333333333334
0.004911493026197026,0.004911493615034911,0.004805359170413641,194.625
0.004911714037031659,0.004911714624144218,0.004802754557384124,194.66666666666666
0.004911847106849087,0.004911847680547924,0.004799780296799714,194.70833333333334
0.004911846407541073,0.004911846941751484,0.004796592366372115,194.75
0.004911604564579799,0.004911605177186956,0.004793300861799945,194.79166666666666
0.004911182571214998,0.004911183122375947,0.004790182005299086,194.83333333333334
0.00491066482251359,0.004910665376161777,0.004787519928231955,194.875
0.004910107336196398,0.004910107867312947,0.004785533354671145,194.91666666666666
0.004909550657226018,0.004909551307775969,0.00478437438594602,194.95833333333334
0.004909027067390118,0.0049090276310504504,0.004784123224456152,195.0
0.004908562509252928,0.0049085630441209034,0.004784787830062487,195.04166666666666
0.00490817914145378,0.004908179586973248,0.004786306219430243,195.08333333333334
0.00490789390906359,0.004907894326863481,0.004788553487574569,195.125
0.0049077187638141995,0.004907719163233024,0.004791353465351493,195.16666666666666
0.004907659804670739,0.004907660218767937,0.004794495510194547,195.20833333333334
0.004907716830051619,0.0049077172334601495,0.004797750887183172,195.25
0.00490791535898082,0.004907915784684141,0.004800923794896533,195.29166666666666
0.004908296680943327,0.00490829712434914,0.004803858337586045,195.33333333333334
0.004908793547620789,0.0049087940074249575,0.004806329831016073,195.375
0.004909334395872392,0.00490933486871712,0.004808151353303073,195.41666666666666
0.004909871326034572,0.004909871809506155,0.0048092025618554374,195.45833333333334
0.004910374106548198,0.004910374604846202,0.004809426668865378,195.5
0.004910822295071102,0.004910822801560689,0.00480882203903249,195.54166666666666
0.0049112018037427594,0.004911202335955142,0.004807438397153084,195.58333333333334
0.0049115040503057115,0.004911504626152496,0.004805373690138277,195.625
0.004911725121465183,0.004911725683719105,0.004802769152973602,195.66666666666666
0.004911858070039917,0.004911858617454458,0.004799794588750724,195.70833333333334
0.004911857201595244,0.004911857759199022,0.004796606162376368,195.75
0.00491161549950779,0.004911616032031348,0.004793314605928864,195.79166666666666
0.004911193628874481,0.004911194138912502,0.0047901962783325645,195.83333333333334
0.004910675979400512,0.004910676489592249,0.004787534527133973,195.875
0.004910118425703474,0.0049101189482867146,0.00478554839236728,195.91666666666666
0.004909561781596853,0.004909562261156687,0.004784389495476432,195.95833333333334
0.004909037860487451,0.004909038332038375,0.0047841382698061855,196.0
0.004908573114131256,0.004908573554889461,0.004784802676601698,196.04166666666666
0.004908189490950896,0.004908189891043284,0.004786320698317737,196.08333333333334
0.004907904097572111,0.004907904540812865,0.004788567379668483,196.125
0.004907728830723921,0.004907729272235163,0.004791367556259627,196.16666666666666
0.004907669884975959,0.004907670346911674,0.004794509157656675,196.20833333333334
0.004907727015641131,0.004907727451199395,0.004797764987902445,196.25
0.0049079257004278325,0.0049079261368961975,0.0048009378802504315,196.29166666666666
0.004908307066060696,0.004908307509367951,0.0048038724657225775,196.33333333333334
0.004908803942204609,0.004908804392071951,0.004806344105297671,196.375
0.004909344873207036,0.004909345334613357,0.004808165856758461,196.41666666666666
0.00490988200922986,0.00490988248435961,0.004809217575857199,196.45833333333334
0.004910385105197475,0.004910385594368057,0.004809442206295882,196.5
0.004910833657455381,0.004910834160580179,0.004808838214144317,196.54166666666666
0.004911213511459399,0.0049112140385963125,0.0048074551176707095,196.58333333333334
0.00491151599633271,0.004911516576023436,0.004805390921542484,196.625
0.004911737144844673,0.004911737722871624,0.004802786886582143,196.66666666666666
0.004911870004754233,0.004911870575079538,0.004799812745502881,196.70833333333334
0.004911869022604721,0.004911869586103684,0.004796624630821094,196.75
0.004911627388225932,0.004911627880644398,0.004793333265529274,196.79166666666666
0.004911205646334171,0.004911206136760449,0.004790214701843303,196.83333333333334
0.004910688051088702,0.004910688543461273,0.004787552461560135,196.875
0.004910130445826459,0.004910130963348009,0.004785565570172225,196.91666666666666
0.004909573633159456,0.004909574120724785,0.004784405926136653,196.95833333333334
0.004909049480888044,0.0049090499394105515,0.004784153746247321,197.0
0.004908584472022096,0.004908584921039299,0.0047848175282518375,197.04166666666666
0.004908200605383767,0.004908201018230468,0.004786335488965878,197.08333333333334
0.004907915017568994,0.004907915427609386,0.004788582308325366,197.125
0.004907739639941732,0.004907740014491173,0.00479138266910078,197.16666666666666
0.004907680682444724,0.004907681067641272,0.004794525156966385,197.20833333333334
0.004907737915399818,0.004907738304760274,0.004797781160352705,197.25
0.004907936768363424,0.004907937172381338,0.004800954041752803,197.29166666666666
0.004908318202070501,0.0049083186221756964,0.004803888750846683,197.33333333333334
0.004908815118056502,0.0049088155553083665,0.004806360456562574,197.375
0.00490935616514063,0.004909356618070687,0.004808182438714294,197.41666666666666
0.0049098935354464366,0.004909894003405398,0.004809234558785736,197.45833333333334
0.004910396969486023,0.004910397453313301,0.00480945988394162,197.5
0.0049108459101928,0.004910846404295307,0.004808856602126431,197.54166666666666
0.0049112261208473776,0.004911226659783077,0.004807474138793885,197.58333333333334
0.00491152886056019,0.004911529445244282,0.00480541062319263,197.625
0.004911750102547861,0.004911750663459717,0.004802806528870656,197.66666666666666
0.0049118828821922145,0.004911883424529352,0.004799832131207897,197.70833333333334
0.004911881758211463,0.004911882306713583,0.004796643734307363,197.75
0.004911640189113974,0.004911640740450928,0.004793352378869394,197.79166666666666
0.004911218561687646,0.004911219125101965,0.0047902340505566535,197.83333333333334
0.004910700998381547,0.004910701547068675,0.004787571898104252,197.875
0.00491014329672112,0.0049101438585496,0.004785584871661613,197.91666666666666
0.004909586296145748,0.004909586809641463,0.004784424914103486,197.95833333333334
0.004909061882042192,0.004909062380246423,0.004784172314564058,198.0
0.004908596593524051,0.004908597052271808,0.0047848356499771046,198.04166666666666
0.004908212462739679,0.004908212905842748,0.004786353197197989,198.08333333333334
0.0049079266690667195,0.004907927135908498,0.004788600168618602,198.125
0.004907751167050847,0.0049077516133930925,0.00479140000426915,198.16666666666666
0.004907692195313516,0.0049076925973222515,0.004794541803563407,198.20833333333334
0.004907749536492764,0.004907749900552903,0.004797797441156109,198.25
0.004907948551473894,0.004907948945153602,0.004800970917977162,198.29166666666666
0.004908330076504844,0.0049083304909556145,0.004803905955769698,198.33333333333334
0.004908827065740154,0.004908827499421868,0.004806378011222574,198.375
0.004909368261354668,0.004909368712083607,0.004808200387685882,198.41666666666666
0.00490990588766568,0.0049099063628518175,0.004809253066520494,198.45833333333334
0.004910409684094725,0.0049104101740379946,0.004809478976418811,198.5
0.0049108590258007045,0.004910859531866027,0.0048088762576901254,198.54166666666666
0.004911239622840306,0.004911240147883445,0.004807494427005375,198.58333333333334
0.004911542654905865,0.004911543209213163,0.004805431013435423,198.625
0.0049117640016863974,0.004911764544632232,0.004802827269326733,198.66666666666666
0.004911896726148684,0.0049118972512373835,0.004799853034420996,198.70833333333334
0.004911895510187609,0.004911896026764659,0.00479666467388687,198.75
0.004911653987177227,0.004911654473357977,0.0047933733819823625,198.79166666666666
0.00491123243991976,0.004911232912208333,0.0047902549990893216,198.83333333333334
0.004910714866977964,0.0049107153115005835,0.0047875928619556555,198.875
0.0049101570292702035,0.004910157507448406,0.004785605582736463,198.91666666666666
0.004909599797471258,0.004909600242233141,0.004784445289048046,198.95833333333334
0.004909075085770897,0.004909075522095242,0.004784192451368073,199.0
0.0049086094839883975,0.004908609919382674,0.0047848554025192985,199.04166666666666
0.004908225070036623,0.004908225472194367,0.004786372625418676,199.08333333333334
0.004907939051630795,0.0049079394906646505,0.0047886188147037035,199.125
0.004907763403979831,0.004907763851238582,0.004791418712710298,199.16666666666666
0.004907704415280972,0.004907704840137323,0.00479456024816454,199.20833333333334
0.004907761869901872,0.0049077622676384595,0.004797815942208149,199.25
0.004907961066515104,0.004907961469640559,0.004800989559479721,199.29166666666666
0.0049083427065131574,0.004908343121484446,0.004803924651125889,199.33333333333334
0.004908839799148413,0.004908840232132459,0.004806396782518822,199.375
0.004909381170747079,0.00490938161540901,0.00480821940562837,199.41666666666666
0.004909919089870235,0.004909919547269814,0.004809272315158205,199.45833333333334
0.00491042326425612,0.004910423736750618,0.004809498612669695,199.5
0.004910873029795266,0.004910873516832283,0.004808896383796521,199.54166666666666
0.004911254006322123,0.0049112545209722995,0.004807515199251861,199.58333333333334
0.004911557302796536,0.004911557874011562,0.004805452322346083,199.625
0.004911778778627492,0.004911779358322284,0.004802848977335772,199.66666666666666
0.004911911460666672,0.00491191205209596,0.004799874414517193,199.70833333333334
0.004911910142652349,0.004911910753926167,0.00479668580945718,199.75
0.004911668661726252,0.004911669250781512,0.0047933942692396465,199.79166666666666
0.004911247170113212,0.004911247721048006,0.004790275378231286,199.83333333333334
0.004910729561268581,0.004910730089085443,0.004787612704202116,199.875
0.004910171572786525,0.004910172106378486,0.004785625010813345,199.91666666666666
0.004909614081686364,0.004909614566262907,0.004784464220986594,199.95833333333334
0.004909089053533618,0.004909089532699945,0.004784210881489712,200.0
0.004908623113331262,0.004908623567512828,0.004784873195844046,200.04166666666666
0.004908238400122044,0.004908238834648922,0.004786389918816414,200.08333333333334
0.0049079521427270135,0.004907952603528223,0.004788635486505157,200.125
0.004907776354516548,0.0049077768023670955,0.004791434396486063,200.16666666666666
0.004907717330227457,0.004907717763295815,0.004794575852379787,200.20833333333334
0.0049077748657801595,0.004907775289110466,0.004797831573309368,200.25
0.004907974247731821,0.004907974677357626,0.004801005431327393,200.29166666666666
0.004908356032340934,0.0049083564722242285,0.004803940820860157,200.33333333333334
0.004908853265393064,0.004908853711724651,0.004806413292400024,200.375
0.004909394849971347,0.004909395301422087,0.004808236357969053,200.41666666666666
0.004909933086412474,0.004909933546438288,0.004809290087316279,200.45833333333334
0.004910437665888669,0.004910438139184669,0.004809516982613521,200.5
0.004910887872932261,0.004910888355134744,0.004808915328689992,200.54166666666666
0.00491126925490516,0.0049112697736569825,0.004807534487960884,200.58333333333334
0.004911572852297257,0.00491157342283721,0.004805472313203021,200.625
0.004911794469658076,0.0049117950288139825,0.00480286950944399,200.66666666666666
0.004911927129606958,0.004911927673793618,0.004799895411578596,200.70833333333334
0.004911925737942301,0.004911926292075621,0.004796706918528797,200.75
0.0049116842821976614,0.004911684820594222,0.004793415512997266,200.79166666666666
0.004911262813647759,0.00491126332531747,0.004790296734547723,200.83333333333334
0.004910745127918041,0.0049107456273224746,0.00478763398435521,200.875
0.004910186941747744,0.004910187456395891,0.004785645898669755,200.91666666666666
0.004909629162363386,0.0049096296379432395,0.004784484642511785,200.95833333333334
0.0049091037879479315,0.004909104258715577,0.004784230740686189,201.0
0.004908637494265187,0.0049086379528026115,0.004784892675463328,201.04166666666666
0.004908252456893975,0.004908252889948704,0.0047864090958643765,201.08333333333334
0.0049079659454761915,0.004907966370982782,0.004788654637944569,201.125
0.004907789997527113,0.004907790425456193,0.004791453477405075,201.16666666666666
0.004907730939676071,0.004907731357571155,0.004794595128842401,201.20833333333334
0.004907788572006646,0.004907788983741638,0.004797851181192243,201.25
0.00490798813692907,0.0049079885619398,0.0048010254073780475,201.29166666666666
0.004908370084346511,0.004908370524545944,0.0048039611121040654,201.33333333333334
0.004908867486447301,0.004908867934226859,0.0048064338622653534,201.375
0.004909409312947747,0.004909409764557532,0.0048082572645428145,201.41666666666666
0.0049099478857731,0.004909948349157512,0.004809311446122158,201.45833333333334
0.004910452892904671,0.004910453369146498,0.004809539229229561,201.5
0.004910903552632201,0.00491090404556855,0.004808938390928055,201.54166666666666
0.004911285366467214,0.004911285878634158,0.004807558312165079,201.58333333333334
0.004911589298370062,0.004911589843917941,0.004805496397677471,201.625
0.004911811067404832,0.0049118116169216165,0.004802893396676124,201.66666666666666
0.004911943728268725,0.004911944273368185,0.004799919328466551,201.70833333333334
0.004911942286721785,0.004911942836127799,0.004796730830996753,201.75
0.004911700802728624,0.004911701397756266,0.004793439399404714,201.79166666666666
0.0049112793694886265,0.004911279899345945,0.004790320668777701,201.83333333333334
0.004910761563979342,0.004910762086008153,0.004787657521506884,201.875
0.004910203194942011,0.004910203680186693,0.004785669205420608,201.91666666666666
0.0049096449301988575,0.004909645532132477,0.004784507532022387,201.95833333333334
0.004909119310360702,0.0049091197728015155,0.004784253225473372,202.0
0.004908652595515649,0.004908653081945005,0.004784914613529083,202.04166666666666
0.0049082672396950034,0.004908267654735146,0.004786430553232047,202.08333333333334
0.004907980441473588,0.004907980907472439,0.004788675679529877,202.125
0.004907804356519216,0.004907804821328291,0.004791474834848236,202.16666666666666
0.00490774523433727,0.004907745703074198,0.004794616201264173,202.20833333333334
0.0049078029611790384,0.004907803405867815,0.004797872060691536,202.25
0.004908002717736292,0.004908003170270547,0.004801046245280894,202.29166666666666
0.004908384854291574,0.004908385313642764,0.004803982010464949,202.33333333333334
0.004908882460825026,0.00490888292083701,0.004806454927321878,202.375
0.004909424557186175,0.0049094250189632895,0.004808278723781491,202.41666666666666
0.004909963501307928,0.004909963970462525,0.004809333430630193,202.45833333333334
0.004910468949372272,0.00491046943257914,0.004809561839069468,202.5
0.00491092008575223,0.004910920585388199,0.004808961799869106,202.54166666666666
0.004911302328894248,0.004911302859018708,0.0048075824512783865,202.58333333333334
0.004911606584339955,0.004911607140586115,0.004805521055377947,202.625
0.00491182852768504,0.0049118290785555045,0.004802918607825,202.66666666666666
0.0049119612064122175,0.004911961747960723,0.004799944768087441,202.70833333333334
0.004911959726387149,0.004911960269266922,0.004796756258867126,202.75
0.00491171830479259,0.004911718777637391,0.004793464849605073,202.79166666666666
0.004911296801564762,0.004911297259495541,0.004790345778930916,202.83333333333334
0.004910778861199187,0.00491077932404362,0.004787682273405222,202.875
0.004910220185798199,0.004910220683583505,0.004785693309871859,202.91666666666666
0.004909661716688724,0.004909662186885297,0.004784530838001347,202.95833333333334
0.004909135560369402,0.004909136025986408,0.004784275717561476,203.0
0.0049086684683130235,0.00490866896244674,0.004784936458999614,203.04166666666666
0.00490828272070451,0.0049082831572323455,0.0047864517477180105,203.08333333333334
0.0049079956522240144,0.004907996080699504,0.004788696369536021,203.125
0.004907819369029539,0.00490781979843059,0.0047914946358691285,203.16666666666666
0.0049077602076643976,0.004907760580537683,0.0047946360284207646,203.20833333333334
0.004907818020734321,0.004907818405501185,0.0047978921672661495,203.25
0.004908018006684854,0.0049080183844574955,0.004801066769823504,203.29166666666666
0.004908400364317533,0.004908400749365559,0.004804002941436522,203.33333333333334
0.0049088981988587846,0.0049088986015179215,0.004806476314147711,203.375
0.004909440594117533,0.004909441012977632,0.00480830063704232,203.41666666666666
0.004909979927456562,0.004909980362160812,0.00480935599754439,203.45833333333334
0.004910485837635712,0.004910486292964522,0.00480958489957213,203.5
0.004910937460483412,0.004910937932847455,0.004808985427797532,203.54166666666666
0.004911320139960964,0.004911320659903319,0.00480760675838761,203.58333333333334
0.004911624717575879,0.0049116252820175016,0.00480554575657503,203.625
0.0049118468474817,0.004911847410078982,0.00480294323807225,203.66666666666666
0.004911979549722419,0.0049119801236025586,0.004799969343876574,203.70833333333334
0.004911978018902139,0.004911978615043001,0.004796780720833915,203.75
0.0049117366106403975,0.004911737180629031,0.004793489142896586,203.79166666666666
0.004911315056790505,0.004911315594540845,0.004790369800697815,203.83333333333334
0.004910796913984676,0.0049107974620024005,0.004787705899840812,203.875
0.00491023799270162,0.0049102384976341855,0.004785716617197486,203.91666666666666
0.004909679126210795,0.004909679602032788,0.004784553716144564,203.95833333333334
0.004909152543118272,0.004909153012349502,0.004784297967301993,204.0
0.004908685042090328,0.00490868550322238,0.004784958098421331,204.04166666666666
0.004908298909517268,0.004908299367929042,0.004786472788957704,204.08333333333334
0.004908011535422309,0.004908011996814589,0.0047887169469020266,204.125
0.004907835067744263,0.004907835504249918,0.004791515491477642,204.16666666666666
0.004907775844572748,0.00490777626523064,0.004794656526137942,204.20833333333334
0.0049078337563394974,0.004907834158183778,0.004797912874416487,204.25
0.004908033929211922,0.004908034339064154,0.004801087480238536,204.29166666666666
0.004908416513794379,0.00490841693671316,0.004804023935951616,204.33333333333334
0.004908914609734843,0.004908915039954141,0.004806497763143362,204.375
0.004909457336806697,0.004909457774888167,0.004808322564232941,204.41666666666666
0.004909997084322399,0.004909997540222815,0.004809378510420292,204.45833333333334
0.004910503485104138,0.004910503953938952,0.004809608352844035,204.5
0.004910955609957255,0.004910956106549592,0.004809009839316244,204.54166666666666
0.00491133876587247,0.004911339275976333,0.004807632025336634,204.58333333333334
0.0049116437188439005,0.00491164425936344,0.004805571872360503,204.625
0.004911866046673695,0.0049118665716748975,0.0048029702689392564,204.66666666666666
0.0049119988061225054,0.004911999314269866,0.004799996655863843,204.70833333333334
0.004911997278544544,0.004911997774484169,0.004796808037062053,204.75
0.004911755824352349,0.004911756333091678,0.004793516386508521,204.79166666666666
0.004911334229022952,0.004911334687164615,0.004790396988497904,204.83333333333334
0.004910815895614563,0.004910816334895672,0.0047877327026046934,204.875
0.00491025663384735,0.004910257056864499,0.004785742823274946,204.91666666666666
0.004909697207813703,0.004909697757957878,0.004784579301167062,204.95833333333334
0.004909170292587156,0.004909170702978647,0.0047843230053310724,205.0
0.004908702289962661,0.004908702743379189,0.004784982535879063,205.04166666666666
0.004908315784790215,0.004908316194452432,0.00478649628782804,205.08333333333334
0.004908028084816038,0.004908028476071153,0.004788740312265158,205.125
0.004907851432092819,0.004907851810788377,0.004791537891104933,205.16666666666666
0.004907792138303681,0.004907792536516303,0.004794679598546264,205.20833333333334
0.004907850128419986,0.0049078505231997735,0.004797935458861091,205.25
0.004908050521317696,0.004908050925548005,0.004801110244875922,205.29166666666666
0.004908433368752426,0.004908433784886532,0.004804046931526734,205.33333333333334
0.0049089317617731715,0.004908932190932289,0.00480652104485958,205.375
0.004909474848856296,0.004909475291306264,0.004808346299806012,205.41666666666666
0.004910015042483092,0.004910015498218707,0.004809402856927601,205.45833333333334
0.004910521943718073,0.004910522417475161,0.004809633501908976,205.5
0.0049109745947568915,0.0049109750817572205,0.004809035669143781,205.54166666666666
0.004911358218682459,0.0049113587442649225,0.004807658454559211,205.58333333333334
0.004911663544832566,0.004911664086559517,0.004805598853910779,205.625
0.004911886088843021,0.004911886631802292,0.0048029972290692955,205.66666666666666
0.004912018907410301,0.004912019465413087,0.0048000237000244295,205.70833333333334
0.004912017361155088,0.004912017940286075,0.004796834982194071,205.75
0.004911775912296884,0.004911776491171316,0.004793543128863365,205.79166666666666
0.004911354186960578,0.004911354722432865,0.004790423246176297,205.83333333333334
0.004910835618673487,0.004910836143309474,0.004787758493529121,205.875
0.0049102759389879945,0.0049102764871454775,0.004785767649795861,205.91666666666666
0.004909716221488798,0.004909716734975723,0.004784603204992176,205.95833333333334
0.004909188732271746,0.004909189195449263,0.004784345941308238,206.0
0.004908720283621571,0.004908720803029372,0.004785004674528605,206.04166666666666
0.004908333342271002,0.004908333803832134,0.004786518135846889,206.08333333333334
0.004908045314042926,0.004908045764011478,0.00478876138959103,206.125
0.004907868441724784,0.004907868833731324,0.0047915587330771,206.16666666666666
0.004907809086242891,0.004907809483730645,0.0047946997551256785,206.20833333333334
0.004907867155087788,0.0049078675537965796,0.004797956097092602,206.25
0.004908067777966604,0.004908068178584776,0.004801131388081163,206.29166666666666
0.0049084509122753,0.00490845132105685,0.004804068526330033,206.33333333333334
0.0049089496304756935,0.004908950048945356,0.004806543119444183,206.375
0.004909493106140446,0.0049094935400198336,0.004808368977941741,206.41666666666666
0.004910033763959993,0.004910034218199117,0.004809426223381622,206.45833333333334
0.004910541188458394,0.004910541660745819,0.004809657479688418,206.5
0.004910994374162779,0.00491099485769654,0.004809060387247737,206.54166666666666
0.0049113784853759964,0.004911378997598417,0.004807683730188619,206.58333333333334
0.004911684176328965,0.004911684728563411,0.004805624744334136,206.625
0.004911906949847215,0.0049119075008031456,0.004803024012559484,206.66666666666666
0.004912039870263566,0.004912040401658668,0.004800050492711406,206.70833333333334
0.004912038357700822,0.0049120388517053006,0.004796861918736934,206.75
0.004911796896383098,0.004911797387896309,0.0047935701552977,206.79166666666666
0.004911375034250607,0.004911375489131413,0.004790450302499191,206.83333333333334
0.004910856192168035,0.004910856652206792,0.004787785281133943,206.875
0.0049102961199099324,0.004910296609189187,0.004785794101721618,206.91666666666666
0.004909735934012399,0.004909736382227557,0.004784629065772347,206.95833333333334
0.004909207901250454,0.004909208320217724,0.004784370987392887,207.0
0.0049087389731307185,0.0049087393934111375,0.004785029132158981,207.04166666666666
0.00490835157462344,0.004908352007018738,0.004786541714276699,207.08333333333334
0.0049080632127482884,0.004908063656528787,0.004788784804357458,207.125
0.004907886105137182,0.0049078865390905675,0.004791581837160635,207.16666666666666
0.004907826684096287,0.004907827092904799,0.004794723349634396,207.20833333333334
0.0049078848396061124,0.00490788522105561,0.004797979373844934,207.25
0.004908085676314607,0.004908086076452939,0.004801154673565594,207.29166666666666
0.004908469109954497,0.004908469528114504,0.004804092021627732,207.33333333333334
0.004908968176558105,0.004908968607422434,0.004806566972796233,207.375
0.0049095120711196896,0.004909512509468597,0.004808393357391274,207.41666666666666
0.004910053224698532,0.004910053673047448,0.004809451186809886,207.45833333333334
0.004910561194248076,0.004910561659705938,0.004809683172311228,207.5
0.004911014933331854,0.004911015415585196,0.0048090868656983365,207.54166666666666
0.004911399542584882,0.004911400063980083,0.004807711040965664,207.58333333333334
0.004911705626237796,0.004911706180349591,0.004805652590888214,207.625
0.004911928627346024,0.0049119292023255805,0.004803051667984123,207.66666666666666
0.004912061642947203,0.004912062215969736,0.004800078381666887,207.70833333333334
0.004912060147515822,0.004912060727719833,0.004796889679925088,207.75
0.004911818681438235,0.004911819237252003,0.004793597711775079,207.79166666666666
0.0049113966418831215,0.004911397180803677,0.004790477575420549,207.83333333333334
0.004910877509614035,0.004910878029002403,0.004787812145077468,207.875
0.004910317057443151,0.004910317552137364,0.004785820440860403,207.91666666666666
0.004909756341975008,0.004909756814491523,0.004784654739259211,207.95833333333334
0.004909227775781169,0.004909228228698237,0.004784396195304204,208.0
0.004908758326002178,0.004908758762716265,0.004785053659968564,208.04166666666666
0.004908370474713561,0.004908370870420143,0.004786565840237471,208.08333333333334
0.004908081752960407,0.004908082189979864,0.004788807716478734,208.125
0.004907904423819073,0.004907904851754206,0.004791604580377187,208.16666666666666
0.00490784491031256,0.004907845316244219,0.004794745285860901,208.20833333333334
0.0049079031430315275,0.004907903525339249,0.004798001740451109,208.25
0.004908104208570116,0.004908104614443838,0.0048011776301479705,208.29166666666666
0.0049084879696042385,0.004908488395266713,0.0048041156651365945,208.33333333333334
0.004908987420841773,0.004908987858508311,0.004806591368869613,208.375
0.0049095317633595726,0.00490953220743818,0.004808418507033249,208.41666666666666
0.0049100734265232005,0.004910073885739458,0.004809477236975581,208.45833333333334
0.004910581961443338,0.004910582437669651,0.0048097102420347915,208.5
0.004911036262200455,0.004911036757221632,0.004809114912849295,208.54166666666666
0.0049114213951884644,0.00491142190426944,0.004807739976865202,208.58333333333334
0.004911727894794237,0.004911728432420152,0.00480568215252639,208.625
0.004911951176982296,0.004911951714298803,0.004803082150833395,208.66666666666666
0.004912084321881239,0.004912084853248577,0.004800109511262214,208.70833333333334
0.004912082871169044,0.004912083410933969,0.004796921325020214,208.75
0.00491184134427451,0.0049118418580278225,0.004793629614389631,208.79166666666666
0.0049114191226109,0.004911419624047187,0.004790509334538071,208.83333333333334
0.0049108996255546895,0.004910900128733572,0.004787843566956888,208.875
0.004910338721428311,0.004910339201259956,0.004785851108415684,208.91666666666666
0.004909777471484478,0.004909777935660699,0.004784684677733602,208.95833333333334
0.004909248334695912,0.004909248796013837,0.004784425270424913,209.0
0.004908778331089254,0.004908778806772441,0.0047850817619438085,209.04166666666666
0.004908390023405662,0.004908390482449943,0.0047865931583794185,209.08333333333334
0.004908100931266533,0.004908101395576622,0.0047888350139192355,209.125
0.004907923358450437,0.004907923803755546,0.0047916313649501606,209.16666666666666
0.004907863758757239,0.004907864183489323,0.004794771549637429,209.20833333333334
0.004907922099597714,0.004907922474709526,0.004798027385540053,209.25
0.004908123397938737,0.004908123793872978,0.0048012030495039795,209.29166666666666
0.004908507505756508,0.004908507921401589,0.0048041412171153045,209.33333333333334
0.004909007366125087,0.004909007795189248,0.004806617262150108,209.375
0.004909552181665166,0.004909552617861607,0.0048084449130956905,209.41666666666666
0.00491009438081131,0.00491009483311943,0.004809504329168417,209.45833333333334
0.004910603496753532,0.004910603962442427,0.00480973797468827,209.5
0.004911058376999336,0.0049110588652261245,0.00480914335914726,209.54166666666666
0.004911444035331904,0.0049114445395217355,0.004807768988596521,209.58333333333334
0.004911750950358009,0.004911751484370709,0.004805711769056105,209.625
0.004911974505494371,0.00491197504196615,0.0048031118228758826,209.66666666666666
0.004912107789892545,0.004912108321445767,0.004800139181974778,209.70833333333334
0.004912106403285573,0.004912106938100944,0.004796950788094893,209.75
0.004911864839615248,0.004911865363818006,0.00479365869763219,209.79166666666666
0.004911442419393956,0.0049114429181388855,0.004790537899228941,209.83333333333334
0.004910922549570388,0.004910923074155713,0.004787871181966827,209.875
0.004910361166584944,0.004910361649654182,0.004785877859903288,209.91666666666666
0.004909799342930268,0.004909799803419815,0.004784710487967377,209.95833333333334
0.0049092696121628325,0.004909270065392059,0.004784450050486984,210.0
0.004908799060206789,0.004908799482295669,0.0047851060167716794,210.04166666666666
0.0049084102425852255,0.004908410620430654,0.004786617165515954,210.08333333333334
0.004908120765262512,0.004908121157562792,0.004788858527963197,210.125
0.00490794294752401,0.004907943347909765,0.004791654652714708,210.16666666666666
0.004907883246990392,0.004907883605264606,0.004794795189381269,210.20833333333334
0.00490794162879533,0.004907941989028128,0.004798051844547453,210.25
0.004908143186480855,0.004908143570911046,0.00480122827009558,210.29166666666666
0.004908527675942498,0.004908528082514411,0.004804167136918907,210.33333333333334
0.0049090279831986335,0.004909028405289414,0.004806643856011124,210.375
0.004909573303361262,0.004909573736159808,0.004808472233954512,210.41666666666666
0.00491011606438851,0.004910116514797004,0.004809532433591945,210.45833333333334
0.0049106257791401604,0.004910626243535192,0.004809767078029662,210.5
0.004911081253734637,0.004911081748475306,0.004809173455120663,210.54166666666666
0.004911467449196175,0.004911467969896526,0.004807800091400685,210.58333333333334
0.004911774792271974,0.00491177533516161,0.004805743655002384,210.625
0.004911998634863896,0.004911999175512356,0.004803144241937526,210.66666666666666
0.004912132076065374,0.004912132609556455,0.00480017192265615,210.70833333333334
0.004912130763480837,0.004912131298173609,0.004796983645725685,210.75
0.0049118891004536975,0.004911889666022797,0.004793691431937204,210.79166666666666
0.004911466486128025,0.00491146698317107,0.004790570116853541,210.83333333333334
0.004910946244090258,0.004910946736118305,0.004787902899371527,210.875
0.004910384332590207,0.004910384791905058,0.004785908792087715,210.91666666666666
0.0049098217805279756,0.004909822358737234,0.004784740618481388,210.95833333333334
0.004909291564385771,0.004909292006324562,0.004784479501323381,211.0
0.004908820384461612,0.004908820853107754,0.004785134572065138,211.04166666666666
0.004908431088884886,0.004908431485166908,0.004786644833977148,211.08333333333334
0.004908141204440063,0.00490814165062998,0.00478888556194537,211.125
0.004907963142852569,0.004907963563052112,0.004791681232844542,211.16666666666666
0.004907903336174673,0.00490790374325289,0.004794821545421405,211.20833333333334
0.004907961780481403,0.004907962166960023,0.004798078214494182,211.25
0.0049081636011103075,0.004908163994651303,0.004801254918941393,211.29166666666666
0.004908548493392692,0.0049085488993796,0.004804194260613787,211.33333333333334
0.004909049278309019,0.004909049692021691,0.004806671581302767,211.375
0.004909595128597567,0.004909595550538364,0.004808500677032265,211.41666666666666
0.004910138476157106,0.0049101389142636705,0.004809561683318089,211.45833333333334
0.0049106488028367,0.004910649261010126,0.004809797171871655,211.5
0.0049111048905741365,0.0049111053602364325,0.004809204411251516,211.54166666666666
0.0049114916282008885,0.004911492123737873,0.004807831717575663,211.58333333333334
0.004911799401837204,0.004911799934412555,0.004805776155323492,211.625
0.004912023543959557,0.004912024070080151,0.004803177440479905,211.66666666666666
0.004912157163778783,0.004912157670602093,0.0048002055395126,211.70833333333334
0.004912155945521816,0.004912156440958144,0.0047970176251583155,211.75
0.004911914278590045,0.004911914760110011,0.004793725425182099,211.79166666666666
0.004911491378023445,0.004911491849427919,0.004790603807643748,211.83333333333334
0.00491097071780347,0.004910971176188711,0.004787935816930849,211.875
0.004910408212022932,0.004910408699126869,0.004785941233175669,211.91666666666666
0.004909845185165177,0.004909845640130609,0.004784772422895423,211.95833333333334
0.0049093141952636305,0.004909314622541498,0.004784510532429446,212.0
0.004908842445738754,0.004908842845810352,0.004785164805183434,212.04166666666666
0.004908452584302714,0.004908452960985263,0.004786674360507696,212.08333333333334
0.004908162301918955,0.004908162681471842,0.00478891444848219,212.125
0.0049079839519221135,0.004907984297021173,0.004791710268355009,212.16666666666666
0.004907924045961839,0.0049079244101221005,0.004794850084342197,212.20833333333334
0.004907982599887602,0.004907982925958174,0.0047981068901441215,212.25
0.004908184652627591,0.004908185016533685,0.004801283460294568,212.29166666666666
0.004908569949081554,0.0049085703432177165,0.004804222946449706,212.33333333333334
0.004909071223844659,0.004909071636931406,0.004806700643130624,212.375
0.00490961762984529,0.004909618056272673,0.0048085302943414,212.41666666666666
0.00491016157979512,0.004910162032566222,0.004809591978651416,212.45833333333334
0.004910672543805707,0.004910673009099408,0.004809828209492286,212.5
0.004911129249131326,0.004911129730866845,0.004809236331905269,212.54166666666666
0.004911516554331397,0.004911517068482428,0.004807864572324277,212.58333333333334
0.004911824790213716,0.00491182532433948,0.004805809398126363,212.625
0.004912049250748178,0.004912049773720048,0.004803211138074317,212.66666666666666
0.004912183058805703,0.004912183545368131,0.004800239295803159,212.70833333333334
0.004912181936998399,0.004912182396213509,0.004797051236632185,212.75
0.0049119401906580476,0.004911940607088128,0.004793758618072716,212.79166666666666
0.00491151699667621,0.004911517402321915,0.004790636360979665,212.83333333333334
0.004910995874593664,0.004910996278490541,0.004787967721269099,212.875
0.004910432782818657,0.004910433222831926,0.004785972124998697,212.91666666666666
0.004909869113309453,0.00490986952966099,0.004784802204958065,212.95833333333334
0.00490933746414423,0.004909337862794214,0.004784539234565995,213.0
0.004908865096702475,0.004908865505184319,0.004785192275708018,213.04166666666666
0.004908474696402557,0.004908475118108521,0.00478670096462648,213.08333333333334
0.004908183989591782,0.004908184420207694,0.004788940769500518,213.125
0.004908005357552977,0.0049080057763928155,0.00479173549011072,213.16666666666666
0.0049079453460541,0.004907945744882564,0.0047948753116807685,213.20833333333334
0.004908003922430424,0.004908004308783497,0.004798131958217383,213.25
0.0049082062494709535,0.004908206652790606,0.004801309083710959,213.29166666666666
0.004908591995688805,0.004908592414238622,0.0048042493402756835,213.33333333333334
0.004909093807527457,0.00490909424365731,0.004806727948067985,213.375
0.004909640803676571,0.004909641248775756,0.0048085585701026,213.41666666666666
0.004910185386026302,0.0049101858476421146,0.004809621274720271,213.45833333333334
0.004910697003563564,0.004910697475887287,0.004809858463201454,213.5
0.0049111543469526776,0.004911154839727903,0.004809267376148442,213.54166666666666
0.004911542225616579,0.004911542733646264,0.004807896260596568,213.58333333333334
0.00491185092643455,0.00491185146212974,0.004805841932272513,213.625
0.004912075717029781,0.004912076252526935,0.004803244522192105,213.66666666666666
0.004912209735137145,0.004912210264487727,0.004800272956556914,213.70833333333334
0.004912208717195818,0.0049122092662025165,0.004797085155427357,213.75
0.004911966866044357,0.004911967435271893,0.004793792724190182,213.79166666666666
0.004911543369771454,0.004911543894527873,0.004790670396413318,213.83333333333334
0.0049110217729932265,0.004911022279953818,0.004788001342281338,213.875
0.004910458081244129,0.004910458606988996,0.004786005280422976,213.91666666666666
0.004909893732344009,0.004909894221691677,0.0047848347213356335,213.95833333333334
0.004909361396080198,0.004909361873096434,0.004784571049490415,214.0
0.004908888370465012,0.004908888839317176,0.004785223508625847,214.04166666666666
0.00490849741977155,0.004908497855293449,0.004786731427739781,214.08333333333334
0.004908206277915107,0.0049082066712199356,0.004788970058419827,214.125
0.004908027361913532,0.004908027756054136,0.0047917639655295635,214.16666666666666
0.004907967228837286,0.004907967611641906,0.004794903074593381,214.20833333333334
0.0049080258629664135,0.004908026234604559,0.004798159362642183,214.25
0.004908228462980944,0.004908228858764499,0.004801336651072325,214.29166666666666
0.004908614676877193,0.0049086150918199985,0.004804277542312212,214.33333333333334
0.0049091170491921314,0.004909117477863128,0.004806756858747589,214.375
0.004909664659686288,0.0049096650971987765,0.004808588293459175,214.41666666666666
0.004910209901045362,0.00491021034896604,0.0048096518628051275,214.45833333333334
0.004910722186588069,0.004910722649497292,0.0048098900465658265,214.5
0.004911180185217339,0.0049111806640469175,0.0048093000092388274,214.54166666666666
0.004911568634361782,0.0049115691608974865,0.0048079298456631505,214.58333333333334
0.0049118777885757085,0.004911878354329097,0.004805876393382775,214.625
0.004912102926075001,0.004912103469687669,0.0048032789507142055,214.66666666666666
0.00491223716103063,0.004912237673008403,0.004800307643187493,214.70833333333334
0.004912236282160746,0.004912236774211698,0.004797119835131495,214.75
0.004911994344808623,0.004911994832053647,0.004793827161784355,214.79166666666666
0.004911570537209566,0.004911570986955466,0.004790704151830248,214.83333333333334
0.004911048416464517,0.0049110488673400135,0.004788034179906718,214.875
0.004910484063757093,0.004910484550176733,0.00478603698900381,214.91666666666666
0.004909919008736774,0.004909919462805538,0.004784865340406381,214.95833333333334
0.004909385996833214,0.004909386418093769,0.004784600647366155,215.0
0.004908912299938957,0.004908912742147665,0.00478525208170082,215.04166666666666
0.004908520780879242,0.0049085212134700445,0.004786759358723364,215.08333333333334
0.004908229172286755,0.004908229622617734,0.004788998016112304,215.125
0.0049080499672692615,0.0049080503916233,0.004791792578329839,215.16666666666666
0.004907989705105217,0.004907990113833921,0.0047949318100727265,215.20833333333334
0.004908048396720148,0.004908048795377586,0.004798188422826377,215.25
0.004908251282672809,0.004908251689388534,0.004801366179754458,215.29166666666666
0.004908637984604961,0.004908638402856517,0.004804307628216349,215.33333333333334
0.004909140944411848,0.004909141373957866,0.004806787724986847,215.375
0.0049096891933546,0.0049096896335219685,0.004808620024792264,215.41666666666666
0.004910235106746769,0.004910235557458331,0.004809684566595856,215.45833333333334
0.004910748076108637,0.004910748541133283,0.0048099235267086825,215.5
0.0049112067347291235,0.00491120721086799,0.0048093342515784865,215.54166666666666
0.004911595777179599,0.00491159629900753,0.0048079648000622505,215.58333333333334
0.0049119054154467285,0.004911905973591147,0.004805911950097021,215.625
0.004912130908015649,0.004912131444783773,0.004803315296150443,215.66666666666666
0.004912265387275661,0.004912265912956568,0.004800344621672511,215.70833333333334
0.0049122646569099565,0.004912265189905937,0.004797157119877302,215.75
0.004912022630876907,0.004912023158168204,0.00479386423990757,215.79166666666666
0.004911598459555228,0.004911598956042347,0.004790740764368072,215.83333333333334
0.004911075796210409,0.004911076283510561,0.004788070091902825,215.875
0.00491051078609996,0.004910511286601656,0.004786072007001692,215.91666666666666
0.004909945003467142,0.004909945458403818,0.004784899314495673,215.95833333333334
0.004909411220791336,0.004909411670930289,0.004784633668672014,216.0
0.004908936859417683,0.0049089373030235675,0.004785284482655865,216.04166666666666
0.004908544724926775,0.004908545177420922,0.004786790870268752,216.08333333333334
0.004908252669453693,0.004908253120410186,0.004789028538363144,216.125
0.00490807315177453,0.004908073580952114,0.0047918221288702455,216.16666666666666
0.004908012762303649,0.004908013170871293,0.0047949616910868,216.20833333333334
0.004908071510277343,0.004908071906429227,0.004798217908619405,216.25
0.004908274666386247,0.004908275086098961,0.004801395689931694,216.29166666666666
0.004908661871917665,0.0049086623083935185,0.004804337546907649,216.33333333333334
0.004909165447605373,0.004909165897085687,0.00480681826892428,216.375
0.004909714363560595,0.004909714821280393,0.004808651357181083,216.41666666666666
0.004910260966912214,0.004910261437407734,0.004809716750653656,216.45833333333334
0.0049107746409720685,0.004910775122206219,0.004809956908105027,216.5
0.004911233970099937,0.004911234466169575,0.00480936854130775,216.54166666666666
0.004911623630986377,0.004911624158708157,0.004808000035740932,216.58333333333334
0.00491193378750033,0.004911934332197531,0.0048059476584003105,216.625
0.004912159645786023,0.004912160184962827,0.004803351571757905,216.66666666666666
0.004912294394777147,0.00491229492498945,0.004800381383587917,216.70833333333334
0.00491229383247141,0.004912294369451708,0.004797194148831593,216.75
0.004912051709987396,0.004912052261411862,0.004793901354405584,216.79166666666666
0.004911627111981952,0.004911627688959075,0.004790777511034514,216.83333333333334
0.004911103883137666,0.004911104429324601,0.00478810608588637,216.875
0.0049105381947182275,0.004910538729318765,0.004786107218560644,216.91666666666666
0.004909971632649541,0.00490997213748234,0.004784933682948969,216.95833333333334
0.0049094371033623916,0.004909437554438206,0.004784667177159506,217.0
0.004908962014133982,0.004908962440073963,0.004785317142792288,217.04166666666666
0.004908569287199917,0.00490856967250161,0.004786823024130435,217.08333333333334
0.00490827674315413,0.004908277137837453,0.004789060224488757,217.125
0.0049080968982268165,0.004908097264363981,0.004791853542101999,217.16666666666666
0.004908036383029607,0.00490803675345661,0.004794992761558338,217.20833333333334
0.004908095177290267,0.004908095557758952,0.004798249689020047,217.25
0.0049082986427872195,0.00490829901990291,0.004801428197723062,217.29166666666666
0.004908686390556885,0.004908686773699862,0.004804370860538128,217.33333333333334
0.004909190615661386,0.00490919100820535,0.0048068524815478315,217.375
0.004909740221921886,0.004909740630716207,0.004808686486691762,217.41666666666666
0.0049102875441711874,0.004910287970798202,0.0048097528871333915,217.45833333333334
0.004910801926915582,0.004910802377928909,0.00480999388041129,217.5
0.0049112619423083564,0.004911262407422336,0.004809406484437618,217.54166666666666
0.004911652210523085,0.004911652699790934,0.0048080390013830535,217.58333333333334
0.00491196287219831,0.004911963391474129,0.0048059876690423504,217.625
0.004912189110457059,0.0049121896218055116,0.0048033924965294305,217.66666666666666
0.004912324127482154,0.004912324635166115,0.004800422395735741,217.70833333333334
0.0049123237384640075,0.004912324256577361,0.00479723526642407,217.75
0.004912081507090341,0.004912082012561894,0.004793941973081835,217.79166666666666
0.0049116565472289535,0.0049116570301441335,0.004790817350465883,217.83333333333334
0.004911132702135791,0.004911133175904194,0.0047881451355048085,217.875
0.004910566250620119,0.004910566745080774,0.004786144896346699,217.91666666666666
0.004909998916469125,0.004909999366129695,0.004784970019607209,217.95833333333334
0.0049094635826081165,0.004909464032864473,0.004784702172567205,218.0
0.004908987776899056,0.004908988230049603,0.004785350740328724,218.04166666666666
0.004908594418810755,0.004908594869013289,0.00478685511874711,218.08333333333334
0.004908301397622409,0.00490830181991859,0.004789091459343918,218.125
0.004908121224434756,0.0049081216469513125,0.004791884098947765,218.16666666666666
0.0049080605660928025,0.004908060975058272,0.004795023003883602,218.20833333333334
0.004908119418580871,0.004908119800322612,0.004798279819732686,218.25
0.004908323154452628,0.004908323544663206,0.004801458476815809,218.29166666666666
0.004908711441108952,0.004908711842788554,0.004804401757778481,218.33333333333334
0.00490921633225559,0.00490921675049913,0.004806884095049911,218.375
0.004909766659415245,0.004909767090016146,0.004808718964467011,218.41666666666666
0.004910314723674853,0.0049103151653057875,0.004809786305482659,218.45833333333334
0.004910829846840541,0.004910830306096792,0.004810028323251827,218.5
0.004911290567022395,0.004911291036872541,0.0048094420508822495,218.54166666666666
0.0049116814579174065,0.0049116819564037646,0.0048080754653201255,218.58333333333334
0.004911992627451398,0.004911993166497002,0.004806024898878123,218.625
0.004912219241151245,0.004912219783683173,0.004803430050380155,218.66666666666666
0.00491235455575546,0.004912355084145026,0.004800460189776182,218.70833333333334
0.004912354375597026,0.004912354899678285,0.004797273190465235,218.75
0.004912112002162619,0.00491211254199481,0.004793979740578907,218.79166666666666
0.004911686665687024,0.004911687139516377,0.004790854701802441,218.83333333333334
0.004911162183873661,0.004911162655209322,0.004788181698885553,218.875
0.004910595024312605,0.004910595465982126,0.004786180903647647,218.91666666666666
0.004910026717455552,0.004910027280511929,0.004785005266745392,218.95833333333334
0.004909490708228618,0.004909491137696884,0.00478473654837202,219.0
0.004909014116079023,0.004909014574315026,0.004785384316481826,219.04166666666666
0.0049086201441089815,0.004908620531235704,0.004786888371810221,219.08333333333334
0.004908326606349818,0.004908327045520584,0.004789124322694753,219.125
0.004908146132741394,0.004908146546895695,0.004791916630149926,219.16666666666666
0.004908085304990444,0.004908085706445778,0.0047950552718814465,219.20833333333334
0.004908144200283349,0.004908144581366473,0.004798311253851407,219.25
0.004908348247533378,0.004908348631585974,0.004801490547381839,219.29166666666666
0.00490873711333077,0.004908737507000894,0.004804434608287714,219.33333333333334
0.00490924270957048,0.0049092431135740675,0.004806917918813131,219.375
0.004909793778818261,0.00490979419835505,0.004808753804952891,219.41666666666666
0.004910342596942659,0.004910343031755987,0.004809821967512755,219.45833333333334
0.004910858466279118,0.00491085891969767,0.004810064890125418,219.5
0.004911319891929756,0.004911320359823392,0.004809479534023802,219.54166666666666
0.004911711419666658,0.004911711926146854,0.004808114007745396,219.58333333333334
0.004912023116879821,0.004912023653624033,0.004806064066920113,219.625
0.004912250159916863,0.00491225068178617,0.004803470033106613,219.66666666666666
0.004912385793060881,0.004912386284800683,0.004800501035118978,219.70833333333334
0.004912385822654579,0.0049123862918737165,0.0047973144364484585,219.75
0.0049121433778042825,0.004912143826954988,0.0047940209280378804,219.79166666666666
0.004911717553041127,0.004911717988516024,0.004790895106884295,219.83333333333334
0.004911192413884574,0.004911192837371005,0.004788221061407492,219.875
0.0049106244202466055,0.004910624864494363,0.004786219029749657,219.91666666666666
0.004910055415426244,0.004910055836673667,0.004785042214193453,219.95833333333334
0.00490951843911316,0.004909518842575229,0.004784772378400094,220.0
0.004909041108085371,0.004909041527916817,0.004785419038654229,220.04166666666666
0.004908646445244135,0.004908646873513579,0.004786921982271969,220.08333333333334
0.00490835240787649,0.004908352843391846,0.004789157194386173,220.125
0.0049081715714091815,0.004908171990351576,0.004791949609681611,220.16666666666666
0.0049081105986346334,0.004908111001532453,0.004795087840669337,220.20833333333334
0.004908169532967056,0.004908169928689428,0.0047983454378911555,220.25
0.0049083738698183915,0.004908374274010532,0.004801524369137587,220.29166666666666
0.0049087633229667514,0.0049087637376916925,0.004804468583515446,220.33333333333334
0.0049092696419098,0.004909270068763423,0.00480695236183845,220.375
0.004909821483061808,0.004909821921654778,0.004808788942904116,220.41666666666666
0.004910371082229949,0.004910371534696248,0.004809858195702473,220.45833333333334
0.0049108877202645165,0.004910888189513049,0.004810102302442602,220.5
0.0049113498753704425,0.0049113503536980544,0.004809518082373715,220.54166666666666
0.004911742038493653,0.0049117425454193,0.004808153597703574,220.58333333333334
0.004912054260587889,0.004912054815091328,0.004806104510999116,220.625
0.004912281727663219,0.0049122822658476195,0.004803510875380657,220.66666666666666
0.0049124176755626,0.004912418197784056,0.004800542138208498,220.70833333333334
0.004912417912481435,0.004912418423346507,0.0047973557965246445,220.75
0.004912175301310105,0.004912175827383094,0.004794061950660555,220.79166666666666
0.004911749021850696,0.004911749502266873,0.004790935529113203,220.83333333333334
0.004911223191019271,0.004911223666032607,0.0047882605243004354,220.875
0.004910654369386492,0.004910654872489482,0.004786257445799239,220.91666666666666
0.004910084503525167,0.004910084981386494,0.004785079458088319,220.95833333333334
0.004909546728005226,0.004909547157756527,0.004784808461832615,221.0
0.0049090686148064696,0.004909069046214522,0.004785454076806981,221.04166666666666
0.00490867329696428,0.004908673696935751,0.00478695628871447,221.08333333333334
0.004908378722165803,0.0049083791226184155,0.004789190611248528,221.125
0.00490819754833369,0.004908197934424971,0.004791981934698635,221.16666666666666
0.004908136414903764,0.0049081367854657216,0.0047951201469037495,221.20833333333334
0.004908195397993422,0.0049081957415759245,0.004798377074434622,221.25
0.004908400039222059,0.0049084004076618976,0.004801556785628501,221.29166666666666
0.00490879010556576,0.0049087904973478145,0.004804501973180368,221.33333333333334
0.004909297178139395,0.004909297588680394,0.00480698686420482,221.375
0.004909849815046067,0.004909850242655016,0.0048088246075693244,221.41666666666666
0.0049104002079562465,0.004910400656278215,0.004809894985144948,221.45833333333334
0.004910917627963188,0.004910918092173742,0.00481014023500587,221.5
0.004911380507896441,0.004911380997663483,0.004809557296234232,221.54166666666666
0.0049117733410066824,0.004911773842131454,0.004808193681799195,221.58333333333334
0.0049120861299862435,0.004912086659910549,0.00480614550651346,221.625
0.004912314025990711,0.00491231454065917,0.004803552733453209,221.66666666666666
0.004912450332578697,0.004912450817669425,0.004800584629832179,221.70833333333334
0.004912450817014064,0.00491245128362205,0.004797398499062835,221.75
0.0049122080821815345,0.00491220855030091,0.0047941045241336345,221.79166666666666
0.004911781248474593,0.00491178173264623,0.0047909774446035485,221.83333333333334
0.004911254709989295,0.004911255178503402,0.0047883013988987335,221.875
0.00491068507746503,0.00491068554047723,0.004786297135867622,221.91666666666666
0.004910114314696736,0.004910114757244659,0.0047851178058011005,221.95833333333334
0.004909575634498891,0.004909576059051938,0.0047848456672764696,222.0
0.004909096718658973,0.004909097144804046,0.004785490434368887,222.04166666666666
0.004908700709703921,0.0049087011088863024,0.004786991576684095,222.08333333333334
0.004908405604474162,0.00490840600001605,0.004789224731488144,222.125
0.0049082240497503905,0.0049082244177613065,0.004792015662615545,222.16666666666666
0.004908162766599099,0.004908163135818865,0.004795153536987541,222.20833333333334
0.004908221788560332,0.004908222157571728,0.004798411056629359,222.25
0.00490842674274926,0.004908427130970022,0.004801590897976285,222.29166666666666
0.004908817446607585,0.0049088178530445736,0.004804536715150612,222.33333333333334
0.0049093253011328,0.004909325718941149,0.004807022458163709,222.375
0.004909878758268026,0.00490987918300819,0.00480886116355466,222.41666666666666
0.0049104299755359255,0.0049104304073359995,0.004809932597216739,222.45833333333334
0.004910948187923216,0.004910948643504128,0.004810178898700349,222.5
0.004911411818467452,0.004911412280433858,0.004809596729648887,222.54166666666666
0.004911805299020288,0.004911805809932499,0.004808233826399843,222.58333333333334
0.004912118622300297,0.004912119176420018,0.0048061863331611875,222.625
0.0049123469672701535,0.0049123474950065645,0.004803594055167112,222.66666666666666
0.004912483622620335,0.004912484140436881,0.004800626311547813,222.70833333333334
0.004912484357480823,0.004912484885198785,0.004797440567518805,222.75
0.004912241498792279,0.004912241996074502,0.004794146466813524,222.79166666666666
0.004911814221797078,0.004911814674388855,0.004791018815750764,222.83333333333334
0.004911286926646298,0.004911287364733881,0.004788342086982958,222.875
0.004910716385629046,0.004910716864359963,0.004786336603077039,222.91666666666666
0.00491014466536425,0.004910145158764461,0.004785156022505476,222.95833333333334
0.004909605150487054,0.0049096055373549895,0.004784882574815481,223.0
0.004909125398214076,0.0049091257838130885,0.004785525756135943,223.04166666666666
0.004908728692100675,0.004908729030682577,0.004787025719375755,223.08333333333334
0.004908433028027847,0.00490843336636546,0.004789258548956922,223.125
0.004908251123816204,0.00490825147047478,0.004792049531161781,223.16666666666666
0.004908189649528335,0.004908190019874571,0.004795187069665229,223.20833333333334
0.004908248696802068,0.004908249072802505,0.004798444785702259,223.25
0.004908453969385341,0.00490845435953696,0.004801624753784571,223.29166666666666
0.004908845328975442,0.0049088457338129715,0.004804571072802354,223.33333333333334
0.0049093539926989655,0.004909354413777249,0.0048070577596757156,223.375
0.00490990829487814,0.004909908729984144,0.00480889755455762,223.41666666666666
0.004910460346231845,0.004910460797898726,0.004809970125658695,223.45833333333334
0.004910979367668548,0.004910979834648906,0.004810217597252933,223.5
0.004911443745279732,0.00491144422748176,0.004809636658390684,223.54166666666666
0.004911837911253084,0.004911838412747631,0.004808274870326703,223.58333333333334
0.004912151820753733,0.004912152351303208,0.0048062284997241935,223.625
0.004912380618809582,0.00491238113754138,0.0048036368676867775,223.66666666666666
0.004912517666103939,0.004912518155352413,0.004800669763692635,223.70833333333334
0.0049125186779970026,0.00491251914710958,0.004797484321361449,223.75
0.004912275642102482,0.0049122761202345456,0.004794189968852587,223.79166666666666
0.004911847809362625,0.004911848248634699,0.004791061817653072,223.83333333333334
0.004911319733038863,0.004911320172990122,0.004788384115703934,223.875
0.004910748287512476,0.004910748760143841,0.004786377490815465,223.91666666666666
0.004910175677745767,0.0049101761142886875,0.004785195740996835,223.95833333333334
0.004909635178268237,0.004909635599387253,0.00478492097242441,224.0
0.004909154608113476,0.004909155023367067,0.004785563620941841,224.04166666666666
0.004908757173229709,0.004908757609133782,0.004787063246484248,224.08333333333334
0.004908460962222917,0.004908461384817682,0.004789295514092033,224.125
0.004908278664555972,0.004908279099915724,0.004792085386919952,224.16666666666666
0.004908217031914632,0.0049082174657030814,0.0047952228794954895,224.20833333333334
0.004908276146097032,0.004908276531387302,0.004798479866532679,224.25
0.0049084817305392455,0.004908482126516659,0.004801660661979457,224.29166666666666
0.004908873760868816,0.004908874170232199,0.004804608135271679,224.33333333333334
0.004909383255708245,0.004909383678664644,0.004807096071339534,224.375
0.004909938424667782,0.004909938860824004,0.004808937083906542,224.41666666666666
0.004910491332374579,0.004910491783863991,0.004810010861063173,224.45833333333334
0.0049110111748133095,0.0049110116375277145,0.004810259454986375,224.5
0.0049114763159570675,0.004911476794877897,0.00480967940754752,224.54166666666666
0.004911871160680362,0.004911871686426504,0.0048083185539361094,224.58333333333334
0.0049121856437407355,0.0049121861827021406,0.0048062727965772975,224.625
0.00491241490512251,0.004912415426453334,0.004803681832964229,224.66666666666666
0.004912552335190156,0.00491255284611119,0.004800715083385641,224.70833333333334
0.004912553627443193,0.004912554138981867,0.004797529877816123,224.75
0.00491231044786396,0.004912310931338213,0.0047942352423607296,224.79166666666666
0.004911882044558811,0.004911882511035284,0.004791106267607604,224.83333333333334
0.004911353176396054,0.004911353628371689,0.0047884276645913295,224.875
0.004910780816839635,0.004910781281366925,0.0047864199279237,224.91666666666666
0.004910207234728308,0.0049102076667845084,0.0047852371729023725,224.95833333333334
0.0049096657793531,0.004909666215809084,0.004784961501066934,225.0
0.00490918435227311,0.004909184785270031,0.004785603029893027,225.04166666666666
0.004908786189137001,0.00490878657911128,0.004787101573940975,225.08333333333334
0.00490848941836196,0.004908489857263021,0.004789332779903194,225.125
0.004908306738392374,0.004908307194556464,0.004792121941914255,225.16666666666666
0.004908244923984673,0.004908245356822505,0.004795259777120531,225.20833333333334
0.004908304038514048,0.004908304438925931,0.004798516346428595,225.25
0.004908509958530133,0.004908510371494621,0.00480169720075515,225.29166666666666
0.00490890269315213,0.0049089031172802906,0.004804645345786286,225.33333333333334
0.004909413054719671,0.00490941349065613,0.004807134055594001,225.375
0.004909969120442389,0.004909969568105621,0.0048089760265003605,225.41666666666666
0.004910522908729922,0.004910523367981,0.00481005079924739,225.45833333333334
0.004911043587943089,0.0049110440642092705,0.004810300487137132,225.5
0.00491150950410441,0.004911509992499924,0.004809721766368329,225.54166666666666
0.004911905036460926,0.00491190554122344,0.004808362438648709,225.58333333333334
0.004912220081018929,0.004912220631670399,0.004806317698718597,225.625
0.004912449810570164,0.00491245037164809,0.004803727579806102,225.66666666666666
0.004912587659761579,0.004912588198331903,0.004800761460560237,225.70833333333334
0.004912589271319651,0.004912589778833997,0.004797576468035835,225.75
0.004912345862665747,0.004912346422480935,0.004794281522303348,225.79166666666666
0.004911916907157741,0.004911917408433947,0.004791151532989924,225.83333333333334
0.004911387224396245,0.004911387701674889,0.004788471674829421,225.875
0.00491081395503999,0.004910814407217831,0.004786462778171743,225.91666666666666
0.004910239279639799,0.004910239802119731,0.004785278725474799,225.95833333333334
0.0049096969491779045,0.004909697383755283,0.00478500175454059,226.0
0.004909214636636511,0.004909215136278668,0.004785642047032753,226.04166666666666
0.004908815741803858,0.004908816183725243,0.00478713960083803,226.08333333333334
0.004908518375941685,0.004908518808401035,0.004789370236136274,226.125
0.0049083353156824374,0.004908335694282152,0.004792159680451351,226.16666666666666
0.00490827331393173,0.004908273692193428,0.004795296619258303,226.20833333333334
0.004908332485644482,0.004908332832156922,0.004798554106388175,226.25
0.004908538731396846,0.00490853910692241,0.004801734999655383,226.29166666666666
0.004908932179159684,0.00490893257836242,0.004804683558895691,226.33333333333334
0.004909443424012956,0.004909443842276162,0.004807173016909794,226.375
0.004910000404097385,0.004910000836968164,0.004809015909538353,226.41666666666666
0.004910555083228609,0.004910555530369351,0.004810091743449953,226.45833333333334
0.004911076610121212,0.004911077074194315,0.004810342539689486,226.5
0.004911543308335849,0.004911543791246274,0.0048097647975999,226.54166666666666
0.0049119395348940515,0.004911940054437866,0.0048084062395820325,226.58333333333334
0.004912255168339191,0.004912255729573634,0.004806362233366476,226.625
0.004912485410445446,0.004912485951673385,0.004803772809476321,226.66666666666666
0.004912623690207731,0.004912624195067749,0.00480080708221012,226.70833333333334
0.004912625603769667,0.004912626086758169,0.004797622521867904,226.75
0.004912382081603932,0.004912382576578993,0.00479432737062213,226.79166666666666
0.004911952497068215,0.004911952969094218,0.004791196751114278,226.83333333333334
0.004911421940330634,0.004911422409123242,0.0047885158668262914,226.875
0.004910847644387026,0.004910848131883,0.004786505455903186,226.91666666666666
0.004910272054119869,0.004910272507601728,0.004785319838482142,226.95833333333334
0.004909728658951674,0.004909729104487691,0.004785041422906367,227.0
0.004909245475724984,0.004909245962382141,0.00478568051325132,227.04166666666666
0.004908845795324761,0.004908846249095533,0.004787176860019804,227.08333333333334
0.00490854785311053,0.0049085482805362,0.004789406108403683,227.125
0.00490836439291121,0.004908364770644552,0.004792193978887051,227.16666666666666
0.004908302193563364,0.004908302573762134,0.004795331160806373,227.20833333333334
0.004908361359218491,0.004908361710949212,0.004798588353857135,227.25
0.004908567950103205,0.004908568328861875,0.004801770225257738,227.29166666666666
0.004908962142655551,0.004908962543230219,0.004804720058763479,227.33333333333334
0.0049094743056961815,0.004909474726141964,0.0048072109164729185,227.375
0.004910032229948234,0.004910032665034707,0.004809055224423256,227.41666666666666
0.0049105878241235,0.0049105882739955324,0.0048101324273218575,227.45833333333334
0.004911110214465533,0.004911110680835174,0.004810384503157368,227.5
0.004911577706195559,0.00491157818959838,0.004809807933525956,227.54166666666666
0.004911974635825681,0.004911975156993087,0.004808450251647558,227.58333333333334
0.004912290870172299,0.004912291429164639,0.004806407185146742,227.625
0.004912521595490981,0.004912522158301257,0.0048038184747018434,227.66666666666666
0.004912660317583379,0.004912660867016406,0.004800853456728121,227.70833333333334
0.004912662570093052,0.0049126631199075295,0.0047976692786554954,227.75
0.004912418871022896,0.004912419412721558,0.004794373992229936,227.79166666666666
0.0049119886736014645,0.0049119891694321014,0.004791242840715843,227.83333333333334
0.004911457232480906,0.004911457719964447,0.0047885609763972685,227.875
0.004910881913641426,0.004910882429235041,0.004786549365780058,227.91666666666666
0.0049103052739909005,0.004910305760351547,0.00478536246672102,227.95833333333334
0.0049097609135035115,0.004909761351897964,0.004785082811149428,228.0
0.004909276798294157,0.00490927729878134,0.004785720747266066,228.04166666666666
0.004908876366864307,0.004908876811730282,0.004787216243651039,228.08333333333334
0.004908577805001177,0.004908578240399399,0.0047894453669018395,228.125
0.004908393944821888,0.004908394317388605,0.004792233083442227,228.16666666666666
0.004908331544599317,0.004908331925587831,0.004795369502606883,228.20833333333334
0.004908390731328503,0.00490839110838646,0.004798626503513671,228.25
0.004908597667526513,0.00490859806628479,0.0048018087336277595,228.29166666666666
0.004908992621169587,0.00490899304297556,0.004804759365519991,228.33333333333334
0.004909505724695678,0.0049095061630664615,0.0048072512835133935,228.375
0.004910064613941312,0.004910065065801483,0.004809096754185325,228.41666666666666
0.004910621137869304,0.004910621604599413,0.004810174964666753,228.45833333333334
0.00491114440304584,0.004911144882394487,0.004810428025191012,228.5
0.004911612695900178,0.004911613188760126,0.004809852483702929,228.54166666666666
0.004912010334986129,0.004912010844367401,0.0048084956308075055,228.58333333333334
0.004912327174231921,0.0049123277324558,0.0048064533734377135,228.625
0.004912558435236936,0.004912558980693673,0.0048038653271810245,228.66666666666666
0.004912697621249939,0.004912698154645695,0.004800900848323705,228.70833333333334
0.004912700217786348,0.004912700760319978,0.004797716942391652,228.75
0.004912456333690336,0.004912456887359909,0.004794421249130034,228.79166666666666
0.0049120254788608,0.004912025996807308,0.004791289077903795,228.83333333333334
0.004911493125452192,0.00491149363559163,0.004788605877282879,228.875
0.004910916774672878,0.00491091730375972,0.004786593006451487,228.91666666666666
0.004910339082792099,0.004910339562879073,0.004785404709235398,228.95833333333334
0.004909793668249109,0.004909794128693108,0.004785123795633556,229.0
0.004909308646023519,0.004909309084672274,0.00478576059186925,229.04166666666666
0.0049089074124456285,0.004908907810048862,0.004787254965790811,229.08333333333334
0.0049086082496163225,0.00490860864534003,0.0047894828160092015,229.125
0.004908423959699143,0.00490842432177993,0.004792270130413332,229.16666666666666
0.004908361369385705,0.004908361736461116,0.004795406209068402,229.20833333333334
0.0049084205703289925,0.004908420941222751,0.004798662880337148,229.25
0.004908627850678556,0.004908628242260811,0.004801845288332975,229.29166666666666
0.004909023583438665,0.004909023992485171,0.004804796771713771,229.33333333333334
0.004909537653510417,0.004909538079150536,0.004807289854951006,229.375
0.004910097531064726,0.004910097971126155,0.004809136586381696,229.41666666666666
0.004910655005779234,0.0049106554593025455,0.0048102162938419854,229.45833333333334
0.004911179157706706,0.004911179627214798,0.0048104708084826565,229.5
0.004911648260632174,0.004911648745716951,0.004809896537687367,229.54166666666666
0.004912046616068571,0.0049120471189398295,0.004808541167883429,229.58333333333334
0.004912364071171784,0.004912364624838089,0.004806499932485382,229.625
0.00491259583804993,0.004912596415083933,0.004803912756167209,229.66666666666666
0.004912735499132389,0.004912736086965944,0.004800948979527809,229.70833333333334
0.004912738470214477,0.004912739066527405,0.004797765430553026,229.75
0.0049124944132528684,0.004912494989856401,0.0047944694365643775,229.79166666666666
0.004912062887572476,0.004912063423328691,0.004791336343605004,229.83333333333334
0.004911529605478723,0.004911530120137385,0.004788651850397407,229.875
0.004910952205915308,0.004910952724111808,0.004786637506927208,229.91666666666666
0.004910373415960166,0.004910373893791684,0.004785447768046753,229.95833333333334
0.004909826948361665,0.004909827411961336,0.004785165275092023,230.0
0.0049093409813359004,0.004909341484567859,0.0047858007114365934,230.04166666666666
0.004908938943426083,0.0049089394081700734,0.004787294074117971,230.08333333333334
0.004908639163114306,0.004908639598502921,0.00478952195513093,230.125
0.004908454458326139,0.004908454835445664,0.004792308919834264,230.16666666666666
0.0049083916509311196,0.004908392032849789,0.004795444746598887,230.20833333333334
0.004908450861027545,0.004908451245510606,0.0047987025762877425,230.25
0.004908658490049183,0.004908658893241643,0.004801885291415881,230.29166666666666
0.004909055022654099,0.004909055440956552,0.004804837543030362,230.33333333333334
0.004909570085229372,0.00490957051793226,0.004807331644323941,230.375
0.004910130974881107,0.004910131420271922,0.004809179497589488,230.41666666666666
0.0049106894177436975,0.00491068987391188,0.00481026034835549,230.45833333333334
0.004911214468734421,0.004911214940591708,0.0048105160712304685,230.5
0.0049116843968661315,0.0049116848831283555,0.0048099429537980356,230.54166666666666
0.004912083467451924,0.004912084002900434,0.004808588327450742,230.58333333333334
0.004912401558385436,0.0049124021147137495,0.004806547968122321,230.625
0.004912633865602065,0.004912634418143857,0.004803961555680964,230.66666666666666
0.0049127740008413695,0.004912774543762514,0.004800998391512439,230.70833333333334
0.004912777350578036,0.004912777868690764,0.004797815231376506,230.75
0.004912533102156273,0.004912533608122049,0.00479451888750795,230.79166666666666
0.004912100861570411,0.004912101357582464,0.0047913846536464305,230.83333333333334
0.004911566618599933,0.004911567102799243,0.0047886987672899,230.875
0.004910988158874535,0.004910988630457196,0.004786683220143703,230.91666666666666
0.004910408243315897,0.004910408698093843,0.004785492223558318,230.95833333333334
0.004909860725059268,0.004909861161336178,0.004785208618589523,231.0
0.004909373794999531,0.004909374281494972,0.004785842872739412,231.04166666666666
0.004908970953881073,0.0049089713980221775,0.0047873349740453555,231.08333333333334
0.004908670532166983,0.004908670959455633,0.0047895614255351205,231.125
0.004908485396640397,0.004908485772348924,0.004792347492543719,231.16666666666666
0.004908422377715166,0.004908422753184338,0.004795482449057269,231.20833333333334
0.004908481610168485,0.004908481965806784,0.004798739684011366,231.25
0.0049086895997768705,0.004908689978935813,0.0048019233174728905,231.29166666666666
0.004909086953023495,0.004909087353816513,0.004804876907161928,231.33333333333334
0.004909603031231543,0.0049096034485052505,0.004807372514568395,231.375
0.004910164952813273,0.004910165386491685,0.004809221913003262,231.41666666666666
0.0049107243746567535,0.004910724827230594,0.004810304306275561,231.45833333333334
0.004911250335204288,0.004911250804297076,0.004810561362746633,231.5
0.00491172108083749,0.004911721571303672,0.004809989575209168,231.54166666666666
0.004912120887658212,0.0049121214144836195,0.004808636330073103,231.58333333333334
0.004912439593384555,0.00491244015530361,0.004806596909684462,231.625
0.004912672445219862,0.0049126730100781295,0.004804011256335384,231.66666666666666
0.004912813110388883,0.00491281365822068,0.004801048720754546,231.70833333333334
0.004912816860215505,0.004912817397638875,0.004797865963958805,231.75
0.004912572411866018,0.004912572882732242,0.004794569423992539,231.79166666666666
0.004912139487835011,0.004912139926343441,0.004791434698988719,231.83333333333334
0.004911604251689583,0.004911604698036438,0.004788747765451934,231.875
0.00491102464396363,0.004911025133504073,0.004786730608979642,231.91666666666666
0.004910443610055333,0.004910444064510504,0.004785537978880889,231.95833333333334
0.004909894995796219,0.0049098954437758555,0.004785252689055489,232.0
0.00490940709754406,0.0049094075561027135,0.004785885595790745,232.04166666666666
0.004909003418948604,0.004909003834311275,0.004787376804126157,232.08333333333334
0.004908702360854245,0.004908702809642107,0.00478960302387703,232.125
0.00490851678627318,0.0049085172119182775,0.004792388532291554,232.16666666666666
0.004908453550864414,0.00490845400596926,0.0047955239030904795,232.20833333333334
0.004908512785286861,0.004908513213000764,0.004798780885505632,232.25
0.004908721127506538,0.004908721556289596,0.0048019647178598555,232.29166666666666
0.004909119318178139,0.004909119751986261,0.004804919028409921,232.33333333333334
0.004909636439278158,0.004909636881082273,0.004807415678058106,232.375
0.004910199417464309,0.004910199868393138,0.0048092662327872075,232.41666666666666
0.004910759842730513,0.0049107603017542545,0.00481034978081617,232.45833333333334
0.004911286725481463,0.0049112871984675534,0.004810608120482173,232.5
0.00491175830528734,0.004911758792204491,0.004810037702890368,232.54166666666666
0.004912158846763883,0.004912159351580655,0.004808685602863019,232.58333333333334
0.004912478186547089,0.004912478743492229,0.004806647313375921,232.625
0.004912711598331498,0.004912712178057014,0.004804062332359266,232.66666666666666
0.004912852791003639,0.004912853381083197,0.004801100513688284,232.70833333333334
0.004912856950662797,0.004912857549448154,0.00479791837462463,232.75
0.0049126122981049845,0.00491261290959793,0.004794621605686098,232.79166666666666
0.004912178643635427,0.00491217921376851,0.004791485902422872,232.83333333333334
0.004911642392110055,0.0049116429352048605,0.004788797867013766,232.875
0.004911061641980448,0.004911062203879841,0.004786779267313662,232.91666666666666
0.004910479453408868,0.004910479960718487,0.0047855852282385515,232.95833333333334
0.004909929739784374,0.004909930205282323,0.0047852987323867315,233.0
0.004909440850216776,0.004909441292298723,0.004785930429218086,233.04166666666666
0.004909036335656492,0.004909036757889432,0.004787420405879179,233.08333333333334
0.00490873462316752,0.004908735040106021,0.004789645663478778,233.125
0.004908548601511821,0.004908549062714378,0.004792430457711277,233.16666666666666
0.004908485146636055,0.004908485589950027,0.004795565985780415,233.20833333333334
0.004908544383755563,0.004908544805266106,0.0047988232833748815,233.25
0.0049087530955969376,0.0049087535207073705,0.004802007130848395,233.29166666666666
0.004909152149290479,0.004909152581424328,0.004804962406295026,233.33333333333334
0.004909670337268528,0.004909670772196795,0.004807460301655436,233.375
0.004910234393874511,0.00491023483108874,0.004809312179218633,233.41666666666666
0.004910795833151082,0.004910796278392649,0.00481039702396511,233.45833333333334
0.004911323648095649,0.004911324107588369,0.004810656627397517,233.5
0.004911796077141403,0.0049117965480401414,0.004810087279552376,233.54166666666666
0.004912197341965211,0.004912197863976803,0.00480873602454756,233.58333333333334
0.004912517325422868,0.004912517885318139,0.004806698578210151,233.625
0.004912751326506898,0.004912751866532975,0.004804114548888472,233.66666666666666
0.004912893056748474,0.004912893584139081,0.004801153275241573,233.70833333333334
0.004912897636570747,0.004912898176559951,0.004797971544032335,233.75
0.00491265278584548,0.004912653303377413,0.004794674405701541,233.79166666666666
0.0049122183661813815,0.004912218835258445,0.004791537670506415,233.83333333333334
0.004911681076154001,0.004911681537099939,0.004788848020063864,233.875
0.004911099161834478,0.004911099657762906,0.0047868280949729435,233.91666666666666
0.004910515789105588,0.004910516248884504,0.004785632613497657,233.95833333333334
0.0049099649483648235,0.004909965455807742,0.0047853448167677415,234.0
0.004909475048333111,0.004909475517110229,0.004785975233416078,234.04166666666666
0.004909069689188373,0.004909070100849601,0.004787464468666955,234.08333333333334
0.004908767317007903,0.004908767716572538,0.004789688574983742,234.125
0.004908580839698957,0.004908581284218596,0.0047924734361132655,234.16666666666666
0.004908517161497934,0.00490851759526559,0.004795607978674068,234.20833333333334
0.004908576410420474,0.004908576815368097,0.004798865695030609,234.25
0.004908785488333904,0.004908785898674477,0.00480204978467548,234.29166666666666
0.00490918541765294,0.004909185836597144,0.004805005714173945,234.33333333333334
0.004909704696378174,0.004909705127075433,0.004807504620690735,234.375
0.004910269850901222,0.004910270291803449,0.004809357657169876,234.41666666666666
0.004910832320503842,0.0049108327725938565,0.004810443806680531,234.45833333333334
0.004911361076313107,0.0049113615473878715,0.004810704735484727,234.5
0.004911834340602304,0.004911834827439017,0.0048101364554358084,234.54166666666666
0.004912236367116707,0.004912236881743612,0.004808786290137602,234.58333333333334
0.0049125569985677305,0.0049125575580025276,0.004806750080145867,234.625
0.004912791557975045,0.004912792119733197,0.004804166836875896,234.66666666666666
0.0049129338517694306,0.0049129343867758985,0.00480120645912023,234.70833333333334
0.004912938903576514,0.004912939401199999,0.004798025228174375,234.75
0.004912693971367973,0.004912694307519891,0.004794727774782274,234.79166666666666
0.004912258827019925,0.0049122590944044205,0.004791589765145294,234.83333333333334
0.00491172047087392,0.004911720734299004,0.004788898642184367,234.875
0.004911137342762882,0.004911137656790366,0.0047868770368133225,234.91666666666666
0.004910552737807265,0.004910553046669368,0.004785679913063176,234.95833333333334
0.004910000725474389,0.004910001060729668,0.004785390554095525,235.0
0.004909509773962663,0.004909510183475066,0.004786019520638186,235.04166666666666
0.004909103535474591,0.004909103922467094,0.004787507481226782,235.08333333333334
0.004908800475183976,0.004908800853644392,0.004789730864190552,235.125
0.004908613519015229,0.004908613905493139,0.004792514968770025,235.16666666666666
0.004908549602593117,0.004908549979146838,0.0047956489704821135,235.20833333333334
0.004908608823934875,0.004908609208013985,0.004798905974537503,235.25
0.00490881828602549,0.004908818678948174,0.004802090787456103,235.29166666666666
0.00490921911845039,0.004909219529567194,0.0048050479313882484,235.33333333333334
0.004909739514814022,0.0049097399401777705,0.004807548264225837,235.375
0.004910305789790893,0.004910306231035644,0.004809402754645642,235.41666666666666
0.004910869303925268,0.004910869763440787,0.004810490313921661,235.45833333333334
0.004911399010420356,0.0049113994854092765,0.004810752549743129,235.5
0.004911873139889379,0.004911873615180481,0.004810185605025737,235.54166666666666
0.004912275900850244,0.00491227640782802,0.004808836745389632,235.58333333333334
0.0049125971571716155,0.004912597742916967,0.0048068012175244475,235.625
0.004912832329072616,0.0049128329141922555,0.004804219139139157,235.66666666666666
0.004912975214158159,0.0049129757930342945,0.004801259496328641,235.70833333333334
0.004912980733048692,0.00491298130135174,0.004798078597876718,235.75
0.004912735448263627,0.004912735965985119,0.004794780713868048,235.79166666666666
0.004912299459212949,0.004912299946288644,0.004791641947766898,235.83333333333334
0.004911760009866037,0.004911760494198827,0.004788949797407358,235.875
0.004911175686461722,0.004911176210809734,0.004786926836601485,235.91666666666666
0.004910589881617011,0.004910590363645284,0.004785728221682122,235.95833333333334
0.004910036735568061,0.004910037188780518,0.0047854372770171835,236.0
0.004909544768395661,0.004909545211179392,0.004786065089224968,236.04166666666666
0.0049091376745250435,0.004909138071907186,0.00478755202622343,236.08333333333334
0.004908833948151784,0.0049088343154002475,0.004789774342194962,236.125
0.004908646537204558,0.004908646894121381,0.004792557361531353,236.16666666666666
0.004908582391949363,0.004908582750555555,0.0047956913544309745,236.20833333333334
0.004908641624331851,0.004908641977549313,0.0047989482745910755,236.25
0.004908851455111745,0.004908851836353758,0.004802133806980824,236.29166666666666
0.004909253203772186,0.004909253609027855,0.004805092228919022,236.33333333333334
0.00490977474229043,0.004909775159601643,0.004807594094553259,236.375
0.004910342161653174,0.004910342594917973,0.004809450156411008,236.41666666666666
0.004910906740753435,0.0049109071912525355,0.004810539210775235,236.45833333333334
0.0049114374108397635,0.004911437872968198,0.004810802848640916,236.5
0.004911912392643119,0.004911912860313934,0.004810237285101519,236.54166666666666
0.004912315915166939,0.004912316409705955,0.0048088896708395395,236.58333333333334
0.004912637878260375,0.004912638408158259,0.004806855261137928,236.625
0.004912873645812407,0.004912874182323774,0.004804273586250209,236.66666666666666
0.004913017098007985,0.004913017655619543,0.004801314662565416,236.70833333333334
0.004913023060203867,0.004913023650054056,0.004798134294790691,236.75
0.00491277754282149,0.004912778119310967,0.004794836124899596,236.79166666666666
0.004912340745541573,0.0049123412879405574,0.0047916963442631196,236.83333333333334
0.0049118001497828745,0.004911800714728479,0.004789002779388339,236.875
0.004911214656864999,0.004911215170428146,0.0047869779693650374,236.91666666666666
0.004910627583391369,0.004910628071003551,0.004785777534622753,236.95833333333334
0.004910073269272094,0.004910073740934785,0.004785484913911298,237.0
0.004909580251849993,0.004909580685314483,0.004786111117840284,237.04166666666666
0.004909172274511944,0.0049091726694959715,0.004787596707456634,237.08333333333334
0.004908867853042532,0.004908868297223426,0.004789818067727342,237.125
0.004908679987907941,0.004908680411025246,0.004792600436433681,237.16666666666666
0.004908615584940656,0.004908616002178814,0.004795734761585009,237.20833333333334
0.004908674811792616,0.004908675214320087,0.004798990774584545,237.25
0.004908885028865332,0.004908885435000103,0.004802176662547631,237.29166666666666
0.004909287716449735,0.004909288133142619,0.004805136248107244,237.33333333333334
0.004909810419969374,0.004909810841352842,0.004807639566663386,237.375
0.004910379001752993,0.0049103794359089325,0.004809497137361366,237.41666666666666
0.004910944655896543,0.0049109451038718615,0.004810587652991677,237.45833333333334
0.004911476296061897,0.004911476755748695,0.004810852750801507,237.5
0.004911952149215237,0.0049119526059204985,0.0048102884732810275,237.54166666666666
0.004912356422247541,0.004912356912965857,0.004808942157147407,237.58333333333334
0.004912679005442567,0.004912679576873151,0.004806908790335892,237.625
0.004912915386764741,0.004912915960162096,0.004804328004815253,237.66666666666666
0.004913059470844315,0.004913060040393491,0.004801369732607394,237.70833333333334
0.004913065966549449,0.004913066530405205,0.004798189914164547,237.75
0.0049128202382966585,0.004912820738531704,0.004794891351431764,237.79166666666666
0.004912382596691392,0.004912383068551322,0.0047917504716603115,237.83333333333334
0.004911840887163422,0.004911841362347249,0.004789055307223644,237.875
0.004911254077916894,0.004911254580818335,0.00478702915467347,237.91666666666666
0.004910665751220143,0.004910666221916154,0.004785827272187854,237.95833333333334
0.004910110239755714,0.004910110678159314,0.004785533329787862,238.0
0.0049096161547399824,0.004909616583347375,0.004786158272091184,238.04166666666666
0.004909207273407983,0.00490920766178334,0.004787642734193873,238.08333333333334
0.004908902156075555,0.004908902518885363,0.004789863086880518,238.125
0.0049087138079011395,0.004908714180951855,0.004792644764886951,238.16666666666666
0.004908649163117406,0.004908649529766971,0.004795777991425089,238.20833333333334
0.004908708375794245,0.004908708732520524,0.0047990347773691185,238.25
0.0049089189679069655,0.0049089193524047454,0.004802221139844652,238.29166666666666
0.004909322607523872,0.004909323015866982,0.0048051817876596055,238.33333333333334
0.004909846498142368,0.0049098469185375705,0.004807686421758503,238.375
0.004910416263178025,0.004910416693248122,0.004809545373368265,238.41666666666666
0.004910983011076926,0.004910983452666296,0.0048106372675444315,238.45833333333334
0.004911515631302912,0.004911516090128187,0.0048109037326786825,238.5
0.004911992337480072,0.004911992822354255,0.004810341027604539,238.54166666666666
0.004912397387340707,0.004912397887693477,0.004808995838723861,238.58333333333334
0.004912720668423604,0.004912721219607723,0.0048069640171157346,238.625
0.004912957644723515,0.004912958200769748,0.004804384665224693,238.66666666666666
0.004913102335798922,0.004913102867151295,0.004801427289253632,238.70833333333334
0.004913109325591558,0.0049131098365307775,0.004798248102588222,238.75
0.004912863351502384,0.004912863848067959,0.0047949493587819214,238.79166666666666
0.004912424875889149,0.004912425338747549,0.004791807284348782,238.83333333333334
0.004911882009772904,0.004911882474933059,0.004789110582700451,238.875
0.004911293906323631,0.004911294396253266,0.004787082668093822,238.91666666666666
0.004910704305919619,0.0049107047527650275,0.004785879038420127,238.95833333333334
0.0049101475858076326,0.004910148025951193,0.004785583474549583,239.0
0.004909652430963283,0.004909652830005698,0.004786206950028322,239.04166666666666
0.004909242636046841,0.004909243014603027,0.0047876901422047565,239.08333333333334
0.004908936814252503,0.00490893724215245,0.004789909489681627,239.125
0.004908747981252102,0.004908748426063601,0.004792691048154463,239.16666666666666
0.004908683086028186,0.004908683534626183,0.004795823776386358,239.20833333333334
0.004908742293564457,0.004908742707586779,0.004799080320973655,239.25
0.004908953265171115,0.004908953691658016,0.004802266908908071,239.29166666666666
0.004909357876159942,0.004909358315084578,0.0048052282962989116,239.33333333333334
0.004909882977872131,0.004909883420369568,0.0048077340799413835,239.375
0.004910453946366394,0.004910454391579091,0.004809594360240724,239.41666666666666
0.004911021799995242,0.0049110222476728095,0.0048106873624269245,239.45833333333334
0.004911555408732633,0.0049115558717634684,0.0048109548664991226,239.5
0.004912032988421666,0.004912033473739479,0.00481039340269294,239.54166666666666
0.0049124388028947575,0.004912439339192529,0.004809049274582182,239.58333333333334
0.004912762758303715,0.004912763331597862,0.004807018300847134,239.625
0.004913000363248983,0.0049130009363726555,0.004804439725852452,239.66666666666666
0.004913145694241428,0.004913146253396994,0.004801483081565988,239.70833333333334
0.004913153225148839,0.0049131537761969175,0.004798304206183804,239.75
0.004912907040887185,0.004912907574770523,0.0047950048172551475,239.79166666666666
0.00491246768320315,0.0049124681689347235,0.004791861635038938,239.83333333333334
0.004911923629496461,0.004911924102678689,0.004789163482556811,239.875
0.00491133420846114,0.004911334728197448,0.004787134028320423,239.91666666666666
0.004910743295721587,0.004910743772585544,0.004785928807218689,239.95833333333334
0.0049101853379153945,0.00491018580833566,0.004785631539315146,240.0
0.004909689082231784,0.004909689564386885,0.004786253365151316,240.04166666666666
0.004909278374564304,0.004909278800710757,0.0047877348564129025,240.08333333333334
0.004908971838129727,0.004908972255963604,0.00478995308886861,240.125
0.004908782504280171,0.0049087829311571735,0.004792733562510555,240.16666666666666
0.004908717359806908,0.004908717767003147,0.004795866096860144,240.20833333333334
0.004908776541573802,0.004908776933633208,0.004799122775553424,240.25
0.004908987918728475,0.004908988318770833,0.004802309898592205,240.29166666666666
0.004909393527982224,0.0049093939417675925,0.004805272549565763,240.33333333333334
0.004909919866502919,0.004909920286712951,0.00480777993360653,240.375
0.004910492057366425,0.004910492484813835,0.0048096418459874874,240.41666666666666
0.004911061024435088,0.004911061465086016,0.004810736738047233,240.45833333333334
0.004911595625592569,0.004911596083892531,0.004811006024334699,240.5
0.0049120740964173,0.00491207455579393,0.004810445545911013,240.54166666666666
0.004912480661188641,0.004912481159049014,0.004809102423557005,240.58333333333334
0.004912805269817005,0.004912805843684101,0.004807072334979962,240.625
0.0049130435347860555,0.004913044098640907,0.00480449464980736,240.66666666666666
0.004913189536349467,0.004913190077323614,0.004801538749089948,240.70833333333334
0.004913197623558386,0.0049131981510110185,0.004798360514121385,240.75
0.0049129511234374795,0.004912951687975981,0.004795060833296185,240.79166666666666
0.00491251089354414,0.00491251140839757,0.00479191622705963,240.83333333333334
0.004911965637173362,0.004911966137687866,0.004789216253539184,240.875
0.004911374938094549,0.0049113754133909915,0.00478718485816263,240.91666666666666
0.00491078257981806,0.004910783126522747,0.004785977827283551,240.95833333333334
0.004910223466597955,0.004910223910779603,0.004785679057373803,241.0
0.004909726080496861,0.004909726508175961,0.004786299573149675,241.04166666666666
0.0049093144637098645,0.004909314840075419,0.004787780392305012,241.08333333333334
0.004909007188317606,0.004909007581935161,0.00478999819161476,241.125
0.004908817370876001,0.004908817724478194,0.004792777885802294,241.16666666666666
0.004908751958952783,0.0049087523262444895,0.004795910119628291,241.20833333333334
0.0049088111093581995,0.004908811487419594,0.004799166811553688,241.25
0.004909022887581105,0.004909023286550582,0.00480235454294036,241.29166666666666
0.004909429512111589,0.004909429930067474,0.0048053184325300684,241.33333333333334
0.004909957111142936,0.004909957543321913,0.004807827430565929,241.375
0.004910530545726339,0.00491053099290168,0.004809691004430285,241.41666666666666
0.004911100644536977,0.004911101106248832,0.004810787375469593,241.45833333333334
0.004911636248098388,0.004911636726307798,0.004811058011355955,241.5
0.004912115598705722,0.0049121160745200084,0.004810499237926695,241.54166666666666
0.004912522932758944,0.004912523444095179,0.0048091575976242145,241.58333333333334
0.00491284822465592,0.004912848812725754,0.004807128431312929,241.625
0.004913087135432244,0.004913087708844465,0.004804551631040625,241.66666666666666
0.004913233807882185,0.004913234355108985,0.004801596498853287,241.70833333333334
0.004913242470877698,0.0049132429929091455,0.004798418816596657,241.75
0.004912995877154745,0.004912996284452243,0.004795118885471516,241.79166666666666
0.0049125547473868785,0.0049125550936967004,0.004791973644947912,241.83333333333334
0.0049120082449213035,0.004912008586061367,0.004789272481455031,241.875
0.004911416129740269,0.004911416502346484,0.004787239638438526,241.91666666666666
0.004910822510722012,0.004910822864763247,0.004786031004194241,241.95833333333334
0.004910262023666262,0.004910262395028353,0.004785730668225421,242.0
0.00490976351351666,0.00490976387809973,0.0047863497686949415,242.04166666666666
0.004909350926845564,0.004909351259519551,0.004787828955004667,242.08333333333334
0.0049090429239249484,0.004909043279392615,0.004790045375435043,242.125
0.004908852579366179,0.004908852954358783,0.004792824395044996,242.16666666666666
0.00490878689795986,0.0049087872292749805,0.004795956099309397,242.20833333333334
0.00490884601520345,0.004908846370401315,0.004799212454993149,242.25
0.004909058204032058,0.004909058562449809,0.004802400651208855,242.29166666666666
0.004909465863883691,0.004909466235202584,0.004805365697699208,242.33333333333334
0.004909994744474857,0.004909995133504508,0.004807876116504995,242.375
0.004910569437453501,0.004910569845221655,0.004809741182266381,242.41666666666666
0.004911140675856555,0.004911141104912398,0.004810839073919202,242.45833333333334
0.004911677283917943,0.004911677736343185,0.004811111182625,242.5
0.004912157515616885,0.004912157969202358,0.004810553513634886,242.54166666666666
0.004912565615282453,0.00491256614664761,0.004809212830082502,242.58333333333334
0.004912891594275674,0.004912892189365351,0.004807184789578192,242.625
0.004913131157436445,0.00491313173016942,0.004804608841615325,242.66666666666666
0.004913278514662364,0.004913279058207071,0.0048016546889638,242.70833333333334
0.004913287742596637,0.004913288281606078,0.0047984775799385735,242.75
0.0049130408078830266,0.004913041261642588,0.004795177347502412,242.79166666666666
0.004912598711106831,0.004912599162698892,0.004792031116060897,242.83333333333334
0.004912050948742538,0.004912051401572804,0.004789328516842076,242.875
0.00491145746289516,0.004911457962509765,0.004787293817190716,242.91666666666666
0.004910862504444547,0.00491086296698724,0.0047860832627665256,242.95833333333334
0.004910300762113952,0.004910301217184113,0.004785781090464841,243.0
0.004909801147257061,0.00490980156441367,0.004786398718084474,243.04166666666666
0.004909387622009541,0.0049093880225242045,0.004787877043193291,243.08333333333334
0.004909078893651641,0.0049090793298251076,0.004790092616273082,243.125
0.004908888050432154,0.004908888480480149,0.004792871024679882,243.16666666666666
0.0049088221090034575,0.004908822513252767,0.004796002564753144,243.20833333333334
0.004908881216673711,0.0049088816034255495,0.004799259249069086,243.25
0.004909093774682897,0.004909094193211627,0.0048024479184462475,243.29166666666666
0.004909502471786288,0.004909502910350649,0.004805414254897266,243.33333333333334
0.004910032655040113,0.004910033105389012,0.004807926258977479,243.375
0.004910608631361629,0.0049106090946014315,0.004809792969724616,243.41666666666666
0.004911181031670929,0.004911181507463007,0.00481089243482553,243.45833333333334
0.004911718659828717,0.004911719149511935,0.004811166060501617,243.5
0.0049121997816737525,0.004912200272969867,0.004810610182820933,243.54166666666666
0.004912608657082487,0.004912609180179037,0.004809270949464441,243.58333333333334
0.00491293533145253,0.004912935923881507,0.004807244079421957,243.625
0.004913175560131688,0.004913176131849092,0.004804669416171347,243.66666666666666
0.004913323621750585,0.00491332416481425,0.004801716161489194,243.70833333333334
0.004913333450203841,0.0049133339806153795,0.004798539803268454,243.75
0.004913086265329799,0.004913086775864281,0.0047952390157011615,243.79166666666666
0.004912643220095607,0.004912643702847839,0.0047920911568493565,243.83333333333334
0.004912094176684344,0.004912094649813114,0.004789386553897606,243.875
0.004911499292701731,0.004911499792671625,0.004787349988147543,243.91666666666666
0.004910902947942723,0.004910903399839756,0.004786137661633366,243.95833333333334
0.0049103399132734305,0.0049103403659162825,0.004785833887162778,244.0
0.004909839154221159,0.004909839576722253,0.004786449915715481,244.04166666666666
0.004909424670650854,0.004909425083929503,0.004787926506229848,244.08333333333334
0.004909115196952955,0.00490911564194916,0.004790140886597231,244.125
0.004908923839507781,0.004908924273378083,0.004792918422718042,244.16666666666666
0.004908857623388579,0.004908858039614168,0.0047960496670399096,244.20833333333334
0.004908916697658322,0.0049089170936021925,0.004799306100896287,244.25
0.004909129657039921,0.004909130075272867,0.004802495138673695,244.29166666666666
0.004909539418419188,0.004909539854593859,0.004805462552644928,244.33333333333334
0.0049100709259022645,0.0049100713691974,0.004807976023309191,244.375
0.004910648201430365,0.0049106486496302785,0.004809844272088322,244.41666666666666
0.004911221772090131,0.004911222224787717,0.004810945259245654,244.45833333333334
0.004911760423495081,0.0049117608915177574,0.004811220295880198,244.5
0.004912242414162715,0.004912242896739966,0.004810665388781596,244.54166666666666
0.004912652081389974,0.004912652615528764,0.004809327434012888,244.58333333333334
0.004912979468308136,0.004912980044670263,0.004807301450283615,244.625
0.0049132203441659885,0.004913220922552885,0.00480472715570478,244.66666666666666
0.004913369108808941,0.004913369651452259,0.004801774666039123,244.70833333333334
0.004913379552722718,0.004913380059406766,0.004798598873097135,244.75
0.004913132131857389,0.004913132613058626,0.004795297746245755,244.79166666666666
0.00491268810534034,0.004912688583330376,0.004792148782339404,244.83333333333334
0.004912137762716417,0.004912138239339181,0.004789442611554919,244.875
0.004911541488844339,0.004911541966193596,0.004787404265967551,244.91666666666666
0.0049109437219741385,0.004910944174363435,0.004786190152456212,244.95833333333334
0.004910379393659441,0.004910379810282718,0.004785884701160505,245.0
0.004909877465345432,0.004909877894961314,0.004786499133763499,245.04166666666666
0.004909462020051369,0.0049094624528844945,0.004787974471468776,245.08333333333334
0.004909151783290754,0.004909152232673333,0.0047901882958622044,245.125
0.004908959909546231,0.004908960346527872,0.00479296562821691,245.16666666666666
0.0049088934084480906,0.004908893822633472,0.004796095677364253,245.20833333333334
0.004908952434381664,0.0049089528405466855,0.00479935229357793,245.25
0.004909165823111337,0.004909166222142491,0.004802541524493385,245.29166666666666
0.004909576679859364,0.004909577082711947,0.0048055100281875285,245.33333333333334
0.004910109539992929,0.0049101099525895855,0.004808025005114554,245.375
0.004910688131836184,0.004910688560180724,0.004809894848975326,245.41666666666666
0.004911262878031316,0.004911263323284219,0.004810997451519319,245.45833333333334
0.004911802547181847,0.004911803015186378,0.00481127403037714,245.5
0.004912285426617887,0.00491228590754075,0.0048107203235335004,245.54166666666666
0.00491269586413846,0.004912696370479602,0.004809383439661935,245.58333333333334
0.0049130239698947755,0.00491302450341655,0.004807358739744195,245.625
0.0049132655302000115,0.0049132660711094095,0.004804785582201213,245.66666666666666
0.004913415003226415,0.00491341555618056,0.004801834191109296,245.70833333333334
0.004913426073526903,0.004913426620907494,0.004798659111143443,245.75
0.004913178297433493,0.004913178852393863,0.0047953577168527465,245.79166666666666
0.004912733330553289,0.00491273384929077,0.0047922077123453595,245.83333333333334
0.004912181675057582,0.004912182175568976,0.004789500102079876,245.875
0.004911583990291674,0.004911584474934421,0.004787460092205877,245.91666666666666
0.0049109847017803155,0.004910985264655746,0.004786244247298117,245.95833333333334
0.004910419133633224,0.004910419592507686,0.004785937140328381,246.0
0.004909916028232433,0.004909916506068352,0.004786550234114504,246.04166666666666
0.004909499624981831,0.004909500080961171,0.004788024654016569,246.08333333333334
0.0049091886251270535,0.004909189067906506,0.004790236988812939,246.125
0.004908996237591252,0.004908996660633766,0.004793013103603233,246.16666666666666
0.004908929453703367,0.0049089298701201125,0.0047961432174981325,246.20833333333334
0.0049089884439985345,0.004908988851144035,0.004799399674265852,246.25
0.004909202227510669,0.004909202641813952,0.0048025898520731945,246.29166666666666
0.004909614180203872,0.004909614603644005,0.004805559991593628,246.33333333333334
0.004910148409878136,0.004910148842837113,0.004808076850176757,246.375
0.004910728336104878,0.00491072878357063,0.004809948521278846,246.41666666666666
0.004911304273306362,0.0049113047356534505,0.004811052823099737,246.45833333333334
0.004911844978289428,0.004911845459566082,0.004811330964102225,246.5
0.004912328763639121,0.004912329238517004,0.004810778721754789,246.54166666666666
0.004912739957663963,0.004912740473509721,0.004809442931132952,246.58333333333334
0.004913068721447414,0.0049130693031592355,0.004807419177676831,246.625
0.00491331098582869,0.004913311557828034,0.004804846932656578,246.66666666666666
0.004913461247746104,0.004913461790955839,0.0048018964276413546,246.70833333333334
0.004913472979802307,0.004913473506456214,0.0047987219609706274,246.75
0.004913225023039758,0.004913225546398788,0.004795419902790735,246.79166666666666
0.004912779021323114,0.004912779520826184,0.0047922682133556115,246.83333333333334
0.004912225998570384,0.004912226488910976,0.004789558581199378,246.875
0.004911626790091054,0.0049116273050530965,0.004787516314570419,246.91666666666666
0.004911026175298592,0.004911026640050691,0.004786298280961932,246.95833333333334
0.004910459174009413,0.004910459637005628,0.004785989061604872,247.0
0.004909954912440647,0.004909955343309551,0.004786600413472806,247.04166666666666
0.004909537500297173,0.004909537889327948,0.004788073478287621,247.08333333333334
0.004909225749320168,0.004909226147676043,0.004790284877870712,247.125
0.0049090328168033765,0.004909033221899246,0.004793060334493176,247.16666666666666
0.004908965750480387,0.0049089661294711645,0.004796190769571467,247.20833333333334
0.004909024699640948,0.00490902505093682,0.004799447457211783,247.25
0.004909238887972426,0.004909239278111677,0.00480263784875294,247.29166666666666
0.0049096519549597,0.004909652372052848,0.0048056088951779815,247.33333333333334
0.004910187572124824,0.004910188010346403,0.004808127106598061,247.375
0.004910768849014495,0.004910769302719024,0.004810000332249729,247.41666666666666
0.004911345986800702,0.004911346454392632,0.004811106179645509,247.45833333333334
0.004911887728234719,0.00491188821175965,0.0048113853325644235,247.5
0.004912372383508308,0.004912372881223744,0.004810834199145258,247.54166666666666
0.00491278437177652,0.004912784891330499,0.0048094996228274225,247.58333333333334
0.004913113853401951,0.004913114427298485,0.004807476818934997,247.625
0.0049133567871671655,0.004913357369971835,0.00480490566048511,247.66666666666666
0.004913507798753778,0.004913508363508221,0.004801955893671549,247.70833333333334
0.004913520198880279,0.004913520758645601,0.004798781857596139,247.75
0.004913271982632127,0.0049132724886211,0.004795479409675062,247.79166666666666
0.00491282495289821,0.0049128254409411334,0.004792326399536893,247.83333333333334
0.004912270553228115,0.004912271053306028,0.004789614925579239,247.875
0.004911669902175217,0.0049116704115632365,0.004787570755890454,247.91666666666666
0.0049110678124740965,0.004911068298898479,0.004786350924593708,247.95833333333334
0.004910499470768389,0.004910499920140358,0.004786039986408919,248.0
0.004909994009998608,0.0049099944409413815,0.004786649685310918,248.04166666666666
0.004909575615163691,0.0049095760358623935,0.0047881214403208494,248.08333333333334
0.004909263087208439,0.004909263470947146,0.004790332241485199,248.125
0.004909069628690185,0.00490907001423144,0.004793107623587595,248.16666666666666
0.004909002260284142,0.004909002616780866,0.004796237038918177,248.20833333333334
0.004909061160523348,0.004909061498286927,0.004799493419078834,248.25
0.00490927577139436,0.0049092761469475025,0.004802684559025855,248.29166666666666
0.0049096899787130594,0.004909690381301232,0.004805657118940969,248.33333333333334
0.004910227011183342,0.004910227436331644,0.004808177203720162,248.375
0.004910809654895598,0.004910810127446738,0.004810052300215188,248.41666666666666
0.004911388000469137,0.004911388476079119,0.004811159896240534,248.45833333333334
0.004911930777063799,0.0049119312600813606,0.004811441063581135,248.5
0.00491241633890007,0.004912416813816234,0.004810891686832782,248.54166666666666
0.004912829074523395,0.004912829595933976,0.004809558684845842,248.58333333333334
0.004913159242467708,0.0049131598284618844,0.004807537352284906,248.625
0.0049134029009918105,0.004913403471144795,0.004804967411580966,248.66666666666666
0.004913554706462014,0.004913555244606105,0.004802018534050918,248.70833333333334
0.004913567798883376,0.004913568329913679,0.004798845158930071,248.75
0.004913319314840668,0.004913319797732537,0.004795542339979406,248.79166666666666
0.004912871255033705,0.004912871713638539,0.004792388081887782,248.83333333333334
0.004912315471024065,0.004912315935806972,0.004789674934082385,248.875
0.0049117132759179255,0.004911713791348296,0.004787628917148918,248.91666666666666
0.0049111097269120265,0.004911110203496167,0.004786407216551755,248.95833333333334
0.004910540011281787,0.0049105404611086995,0.004786094597461706,249.0
0.004910033360864263,0.004910033782305754,0.004786702836949024,249.04166666666666
0.00490961395551911,0.004909614376936918,0.0047881733087451386,249.08333333333334
0.004909300654941573,0.004909301035618854,0.004790382796502061,249.125
0.004909106647097275,0.0049091070371230046,0.004793157602166024,249.16666666666666
0.004909038993128219,0.004909039332785894,0.004796286882090486,249.20833333333334
0.004909097843261143,0.004909098194971717,0.00479954322384443,249.25
0.0049093128684425,0.004909313254954998,0.004802734945615444,249.29166666666666
0.004909728226751361,0.004909728641178691,0.004805708878852025,249.33333333333334
0.004910266688648157,0.004910267117275028,0.004808230689974354,249.375
0.004910850715263363,0.004910851154106922,0.004810107518787829,249.41666666666666
0.0049114302779707615,0.0049114307251185135,0.004811216610167727,249.45833333333334
0.0049119740959452825,0.004911974568634555,0.004811499140890006,249.5
0.004912460526124117,0.004912461012075109,0.004810951137196896,249.54166666666666
0.0049128740540925345,0.0049128745665617205,0.004809619215789772,249.58333333333334
0.004913204936136149,0.0049132055021763,0.004807599171816691,249.625
0.004913449277387804,0.004913449853849348,0.004805030437239213,249.66666666666666
0.00491360186368918,0.004913602409327297,0.004802082709772578,249.70833333333334
0.004913615660576743,0.004913616175878718,0.004798910235572181,249.75
0.0049133669184425275,0.00491336738434695,0.00479560714087687,249.79166666666666
0.004912917813496569,0.004912918257816218,0.00479245188202423,249.83333333333334
0.00491236058706356,0.004912361062898882,0.004789737180257057,249.875
0.004911756937819973,0.00491175738451705,0.0047876894082113115,249.91666666666666
0.004911151868632508,0.004911152312498781,0.004786465820366161,249.95833333333334
0.004910580779843385,0.004910581221322748,0.004786151314045165,250.0
0.0049100729166433625,0.0049100734100406855,0.004786757955381883,250.04166666666666
0.004909652506456908,0.004909652959518911,0.0047882270293541215,250.08333333333334
0.004909338415327925,0.004909338851775014,0.004790435400687647,250.125
0.004909143871983392,0.004909144292018621,0.004793208818879486,250.16666666666666
0.004909075904557309,0.004909076321801761,0.0047963376970924535,250.20833333333334
0.004909134691209524,0.004909135100813908,0.004799594077016141,250.25
0.00490935015002439,0.004909350562287587,0.004802786256610547,250.29166666666666
0.004909766686670672,0.004909767107695816,0.004805761549339719,250.33333333333334
0.004910306604990305,0.00491030703035071,0.004808285033803048,250.375
0.004910892031474864,0.004910892462194435,0.004810163588219152,250.41666666666666
0.004911472818299066,0.0049114732568753955,0.004811274122131684,250.45833333333334
0.004912017670093004,0.004912018141401767,0.004811557998569659,250.5
0.004912504989546584,0.004912505469689574,0.004811011148508426,250.54166666666666
0.004912919282560614,0.004912919791367836,0.004809680370003901,250.58333333333334
0.004913250882049106,0.004913251428647907,0.004807661398347737,250.625
0.004913495945368568,0.004913496494478841,0.0048050936422665055,250.66666666666666
0.004913649352163518,0.004913649860477493,0.004802146703108722,250.70833333333334
0.004913663880713321,0.004913664352893611,0.004798974942146135,250.75
0.004913414880519477,0.00491341531638981,0.004795671444161658,250.79166666666666
0.00491296469350294,0.004912965103854424,0.004792514630262067,250.83333333333334
0.004912406057385312,0.004912406478979245,0.004789797951037827,250.875
0.004911800809249653,0.004911801251194826,0.004787748019113562,250.91666666666666
0.004911194244403697,0.004911194668695053,0.004786522388174605,250.95833333333334
0.004910621763406671,0.004910622165882194,0.004786206051255756,251.0
0.0049101126768695625,0.00491011305924029,0.004786810984902603,251.04166666666666
0.004909691246613141,0.004909691608247582,0.004788278651995973,251.08333333333334
0.004909376368375579,0.004909376742460428,0.004790485940358404,251.125
0.00490918127255953,0.0049091816163103884,0.004793259186379457,251.16666666666666
0.0049091130054825915,0.004909113370524706,0.00479638740848795,251.20833333333334
0.004909171733228847,0.004909172107015444,0.004799643579642621,251.25
0.004909387599246214,0.0049093879939499175,0.00480283620020022,251.29166666666666
0.004909805314432173,0.004909805728889456,0.004805812715988479,251.33333333333334
0.0049103467026546214,0.004910347135742398,0.004808338035087363,251.375
0.004910933542342941,0.004910933993923185,0.004810218536477138,251.41666666666666
0.004911515564693555,0.004911516030540865,0.004811331010393814,251.45833333333334
0.004912061468743951,0.004912061952683104,0.004811616697111823,251.5
0.004912549668011434,0.004912550167499332,0.004811071504930341,251.54166666666666
0.00491296472744118,0.004912965283103892,0.0048097424987088855,251.58333333333334
0.004913297012438208,0.004913297606191594,0.004807724724189205,251.625
0.004913542801892001,0.004913543383140163,0.004805158271472295,251.66666666666666
0.004913697037972496,0.004913697567675788,0.0048022123788646585,251.70833333333334
0.004913712312702422,0.004913712797748422,0.004799041171447421,251.75
0.004913463011048038,0.004913463434860929,0.004795737129109284,251.79166666666666
0.004913011745696081,0.004913012138246209,0.004792579128728243,251.83333333333334
0.004912451661701537,0.004912452071006113,0.004789860901958032,251.875
0.004911844843683794,0.0049118453110554156,0.004787808902886807,251.91666666666666
0.004911236771274367,0.004911237209943161,0.004786581225369778,251.95833333333334
0.004910662891864023,0.00491066333169435,0.0047862628575166925,252.0
0.004910152590696503,0.004910153019866794,0.004786866088068077,252.04166666666666
0.004909730133823835,0.004909730557409653,0.004788332010388043,252.08333333333334
0.004909414467364866,0.004909414849029572,0.004790538461091697,252.125
0.0049092188207749705,0.004909219224724656,0.004793310456471364,252.16666666666666
0.004909150246826996,0.004909150727351509,0.004796438957793346,252.20833333333334
0.00490920891169235,0.004909209348840712,0.004799695566105455,252.25
0.004909425198526595,0.00490942564398287,0.004802888326108615,252.29166666666666
0.0049098441160272946,0.004909844571448995,0.004805865981888329,252.33333333333334
0.004910386999425265,0.0049103874547940735,0.0048083928885739495,252.375
0.0049109752683369175,0.004910975725861198,0.0048102750492984726,252.41666666666666
0.004911558531223225,0.0049115589935540375,0.004811389114196212,252.45833333333334
0.004912105478578883,0.004912105965875413,0.0048116762942895875,252.5
0.00491259456044296,0.004912595057898983,0.0048111324729962195,252.54166666666666
0.004913010378762133,0.0049130109386757775,0.004809804723664824,252.58333333333334
0.004913343378144047,0.004913343958627951,0.004807788074452248,252.625
0.0049135899024224505,0.004913590457880004,0.004805222655837326,252.66666666666666
0.0049137449655604695,0.004913745497824841,0.004802277741853446,252.70833333333334
0.004913760981677509,0.004913761513485639,0.004799107237378597,252.75
0.0049135113934581105,0.004913511919103084,0.0047958026349718295,252.79166666666666
0.004913059028026881,0.00491305951930216,0.004792643105119901,252.83333333333334
0.0049124974700138204,0.004912497967872305,0.004789922920149358,252.875
0.004911889066285398,0.004911889598298604,0.004787868815102524,252.91666666666666
0.004911279461020499,0.004911279947224288,0.0047866390602534625,252.95833333333334
0.00491070419234156,0.004910704651454964,0.004786318838639615,253.0
0.004910192644556793,0.004910193096539836,0.0047869204027334135,253.04166666666666
0.0049097691795338474,0.004909769592928476,0.004788385154557847,253.08333333333334
0.004909452706818231,0.0049094531204172285,0.004790590330833551,253.125
0.004909256495050247,0.004909256915683956,0.004793361436261392,253.16666666666666
0.00490918761830537,0.004909188032231955,0.004796489667316993,253.20833333333334
0.004909246207325705,0.004909246623577402,0.004799746209806198,253.25
0.0049094629232852805,0.004909463355450967,0.004802939477525226,253.29166666666666
0.0049098830633257946,0.004909883508341431,0.004805918527688542,253.33333333333334
0.004910427460802647,0.004910427918476927,0.004808447231287584,253.375
0.004911017174450148,0.004911017674048308,0.004810331221734141,253.41666666666666
0.004911601686326303,0.004911602182281022,0.004811447009543981,253.45833333333334
0.00491214967689029,0.004912150178616451,0.004811735781163196,253.5
0.004912639636841183,0.004912640143111426,0.004811193402150601,253.54166666666666
0.004913056213691331,0.004913056743713706,0.004809866868195125,253.58333333333334
0.0049133899210442086,0.0049133904817878615,0.004807851214977713,253.625
0.004913637165407553,0.004913637718702321,0.00480528653970265,253.66666666666666
0.004913793059382878,0.004913793606822946,0.004802342721581496,253.70833333333334
0.00491380986171961,0.004913810387246474,0.004799173040215728,253.75
0.004913559955180334,0.004913560517483077,0.004795868047660035,253.79166666666666
0.004913106485123173,0.004913106999328105,0.00479270682366544,253.83333333333334
0.00491254345784124,0.004912543961418207,0.0047899845516157,253.875
0.004911933525913935,0.0049119340004725506,0.0047879284882251134,253.91666666666666
0.004911322243699555,0.00491132280796526,0.004786696729017491,253.95833333333334
0.004910745632869584,0.004910746094011694,0.004786374589372184,254.0
0.004910232825676933,0.004910233300837405,0.004786974496420244,254.04166666666666
0.00490980834762273,0.0049098087802267746,0.004788437930596846,254.08333333333334
0.0049094910685546665,0.004909491471519883,0.004790641779847441,254.125
0.0049092943145986135,0.004909294711479331,0.004793412071978978,254.16666666666666
0.004909225117789047,0.004909225522035241,0.004796539123153884,254.20833333333334
0.0049092836423880164,0.0049092840417336026,0.004799795083832661,254.25
0.004909500789437944,0.0049095011984593385,0.0048029893236224514,254.29166666666666
0.004909922164199242,0.0049099225868955145,0.004805970139503446,254.33333333333334
0.004910468090875917,0.004910468526869897,0.004808500758638862,254.375
0.004911059257762878,0.004911059711755232,0.004810386600884186,254.41666666666666
0.004911645020860539,0.004911645491175325,0.004811504329756835,254.45833333333334
0.00491219405551951,0.004912194544414762,0.0048117949680043836,254.5
0.0049126849021550205,0.004912685384724844,0.004811254636871893,254.54166666666666
0.00491310220783811,0.004913102778516158,0.004809929526149902,254.58333333333334
0.004913436575254767,0.0049134372010659535,0.004807915082416408,254.625
0.004913684569984532,0.004913685165392492,0.004805351639789341,254.66666666666666
0.00491384137296804,0.0049138419173068585,0.004802409004869166,254.70833333333334
0.004913858986115396,0.004913859494563218,0.0047992401790644505,254.75
0.00491360879826136,0.0049136093524634735,0.004795934818408067,254.79166666666666
0.004913154210496426,0.004913154701120542,0.0047927726516338864,254.83333333333334
0.00491258965818415,0.004912590134750786,0.0047900487333692844,254.875
0.004911978114094317,0.004911978572634878,0.004787990650553379,254.91666666666666
0.004911365225966898,0.004911365811653048,0.004786756822022026,254.95833333333334
0.004910787212500175,0.004910787643097193,0.00478643262342108,255.0
0.00491027313577067,0.0049102735877017386,0.0047870307040070795,255.04166666666666
0.004909847629327571,0.004909848011455428,0.004788492487947893,255.08333333333334
0.004909529543352907,0.004909529956756529,0.004790695169113491,255.125
0.0049093322354870905,0.004909332632549362,0.004793465267155905,255.16666666666666
0.0049092627088956585,0.004909263122336857,0.00479659176640479,255.20833333333334
0.004909321156623253,0.004909321565973209,0.0047998475353550375,255.25
0.004909538730818593,0.004909539160362744,0.004803042183673655,255.29166666666666
0.00490996135528942,0.004909961807260333,0.004806024367158572,255.33333333333334
0.00491050883107303,0.0049105092996671405,0.004808556762340168,255.375
0.004911101467154366,0.004911101950363914,0.004810444440763136,255.41666666666666
0.004911688489165772,0.004911688984200911,0.004811563917483944,255.45833333333334
0.004912238566755938,0.004912239076587664,0.00481185593408033,255.5
0.004912730280301043,0.004912730788513347,0.004811316376712136,255.54166666666666
0.004913148331587212,0.00491314891424992,0.0048099919800120095,255.58333333333334
0.004913483396948544,0.004913484028407552,0.004807978436436832,255.625
0.004913732133371897,0.004913732738848997,0.004805415739948864,255.66666666666666
0.004913889820969357,0.004913890381480653,0.004802473961623975,255.70833333333334
0.004913908255168371,0.004913908807684326,0.004799305834623961,255.75
0.004913657863633134,0.004913658329613222,0.004795999842160091,255.79166666666666
0.004913202077089866,0.004913202542318223,0.004792835695293365,255.83333333333334
0.004912635991667186,0.004912636461075387,0.004790109539896615,255.875
0.004912022754739135,0.004912023268032814,0.004788049417744914,255.91666666666666
0.004911408451598269,0.004911408930272867,0.004786813586750096,255.95833333333334
0.004910828865041641,0.004910829339536278,0.004786487696562758,256.0
0.00491031357886645,0.0049103140340910545,0.004787084125101597,256.0416666666667
0.004909886994659355,0.004909887402267123,0.0047885444107578735,256.0833333333333
0.004909568115613387,0.004909568529653355,0.00479074595946634,256.125
0.004909370216477899,0.004909370633072309,0.004793514923728991,256.1666666666667
0.00490930038396776,0.00490930075265087,0.0047966411733992124,256.2083333333333
0.004909358758082136,0.00490935912814975,0.004799897102375097,256.25
0.0049095767491461354,0.004909577149945325,0.004803092510101065,256.2916666666667
0.004910000633563212,0.004910001059716171,0.004806076339879231,256.3333333333333
0.004910549673858648,0.004910550116114962,0.00480861096489232,256.375
0.004911143790575974,0.004911144252245425,0.004810500866910109,256.4166666666667
0.004911732075877572,0.004911732555141093,0.004811622120276936,256.4583333333333
0.004912283194644009,0.004912283692503082,0.004811915867019007,256.5
0.004912775768663691,0.004912776276707127,0.004811377937955482,256.5416666666667
0.004913194559472145,0.004913195129415517,0.004810055392514637,256.5833333333333
0.004913530323025198,0.0049135309431116644,0.004808043336759233,256.625
0.0049137798058369675,0.004913780403811468,0.004805482191584427,256.6666666666667
0.004913938392266283,0.00491393894373758,0.004802541421989894,256.7083333333333
0.0049139576701558735,0.004913958181144387,0.004799374026635633,256.75
0.004913707002287511,0.004913707485892926,0.004796067505820288,256.7916666666667
0.004913250052606667,0.004913250486383452,0.004792902144508994,256.8333333333333
0.004912682420639042,0.004912682851852362,0.004790174109827907,256.875
0.00491206753602518,0.004912068022951689,0.004788111821791817,256.9166666666667
0.0049114516411128285,0.004911452096891616,0.00478687384910893,256.9583333333333
0.004910870602841193,0.0049108710590234665,0.004786545882833706,257.0
0.004910354053768492,0.004910354484638876,0.004787140163971879,257.0416666666667
0.004909926423448407,0.0049099268165158074,0.0047885989900902075,257.0833333333333
0.004909606731817596,0.004909607124232272,0.004790799668044419,257.125
0.00490940826219875,0.004909408666263885,0.004793567780501534,257.1666666666667
0.00490933810444456,0.004909338495227293,0.004796693526757032,257.2083333333333
0.004909396391161296,0.004909396764616868,0.004799950097032507,257.25
0.004909614812010413,0.004909615212175882,0.004803145627296871,257.2916666666667
0.004910039975847186,0.004910040399266753,0.0048061306718718624,257.3333333333333
0.004910590600797583,0.004910591041670796,0.004808666986001107,257.375
0.0049111862113751705,0.00491118667258287,0.004810558664299643,257.4166666666667
0.0049117757625101125,0.004911776242077274,0.0048116816153468776,257.4583333333333
0.004912327918205328,0.004912328417357837,0.004811976860480387,257.5
0.004912821331248351,0.004912821842725732,0.00481144027865534,257.5416666666667
0.00491324087846246,0.0049132414157695686,0.004810118948894452,257.5833333333333
0.004913577355820441,0.004913577935926626,0.004808108089682349,257.625
0.004913827586558312,0.004913828151377778,0.004805548044299244,257.6666666666667
0.00491398706833687,0.004913987622841101,0.0048026083381209886,257.7083333333333
0.004914007181138351,0.004914007747294095,0.004799441969275576,257.75
0.004913756214248726,0.004913756779867998,0.004796135106820865,257.7916666666667
0.0049132980986319645,0.0049132986297062324,0.004792968105605565,257.8333333333333
0.0049127289010349046,0.004912729421943082,0.004790238094242878,257.875
0.0049121123499884815,0.004912112890551324,0.0047881734499782185,257.9166666666667
0.004911494860601553,0.004911495352552499,0.004786933171242096,257.9583333333333
0.0049109123818872075,0.004910912858829006,0.004786603217694624,258.0
0.004910394563717133,0.004910395059265726,0.0047871958429390234,258.0416666666667
0.004909965888724319,0.004909966331421993,0.004788653012882263,258.0833333333333
0.004909645375795615,0.0049096458575697225,0.004790851874694546,258.125
0.004909446333411043,0.0049094467971995065,0.004793618808963838,258.1666666666667
0.004909375849000343,0.004909376287453702,0.004796744554844913,258.2083333333333
0.004909434035103929,0.004909434434885266,0.00480000029537946,258.25
0.004909652886634276,0.004909653307386457,0.0048031968399311386,258.2916666666667
0.004910079346553312,0.0049100797849607304,0.004806183719863899,258.3333333333333
0.004910631572117589,0.004910632025726209,0.004808721962964614,258.375
0.004911228689389684,0.004911229159838085,0.004810615541606993,258.4166666666667
0.004911819512816912,0.004911819999069253,0.0048117403607698325,258.4583333333333
0.00491237270686586,0.0049123732110727125,0.004812037322444154,258.5
0.004912866969850775,0.004912867485171217,0.00481150222709312,258.5416666666667
0.004913287243364683,0.0049132878245787175,0.004810181902565813,258.5833333333333
0.004913624391342448,0.004913625009838012,0.004808172443131043,258.625
0.004913875370326495,0.004913875973494568,0.004805613355009165,258.6666666666667
0.004914035800153557,0.004914036354104861,0.00480267503230641,258.7083333333333
0.004914056817690276,0.0049140573355319446,0.0047995095279386845,258.75
0.004913805588027865,0.00491380601310749,0.004796202301836899,258.7916666666667
0.004913346263264555,0.004913346688397612,0.004793033726924289,258.8333333333333
0.004912775489920234,0.004912775917729229,0.004790301549855891,258.875
0.004912157277732398,0.004912157756785703,0.004788234930774046,258.9166666666667
0.004911538158491164,0.004911538616430972,0.004786992914815534,258.9583333333333
0.004910954194493278,0.004910954634238021,0.004786661427639098,259.0
0.004910435091602767,0.004910435525138426,0.004787253013201889,259.0416666666667
0.004910005365212707,0.004910005760646323,0.004788709319606372,259.0833333333333
0.00490968404248918,0.004909684489334311,0.004790907795483171,259.125
0.004909484430189882,0.004909484934657574,0.004793674934896821,259.1666666666667
0.004909413606888963,0.0049094140818050054,0.004796799846711082,259.2083333333333
0.004909471695159842,0.004909472153609737,0.004800056244327661,259.25
0.00490969097793255,0.004909691440829109,0.004803252922154591,259.2916666666667
0.0049101187467697986,0.004910119216078497,0.004806241014519709,259.3333333333333
0.004910672593584073,0.004910673071387539,0.004808780960177461,259.375
0.004911271225868107,0.004911271742914435,0.0048106762381452456,259.4166666666667
0.004911863321219871,0.004911863834375657,0.004811802690297485,259.4583333333333
0.004912417542632688,0.004912418057940262,0.0048121011057879245,259.5
0.004912912643504892,0.004912913163426798,0.004811567611184198,259.5416666666667
0.004913333635462201,0.004913334181233116,0.004810248807266713,259.5833333333333
0.004913671480760547,0.0049136720652769245,0.004808240375667824,259.625
0.00491392322299108,0.004913923791474515,0.004805682295865905,259.6666666666667
0.004914084577453178,0.004914085134005451,0.004802744957282998,259.7083333333333
0.004914106471110605,0.004914107037200497,0.004799580340452108,259.75
0.004913854971087616,0.0049138554836329965,0.0047962726264512935,259.7916666666667
0.004913394427713535,0.004913394924671969,0.004793102787213481,259.8333333333333
0.00491282204169796,0.004912822556029816,0.00479036872586871,259.875
0.004912202168624183,0.004912202693426766,0.0047882999638388735,259.9166666666667
0.004911581415337844,0.004911581919019468,0.004787055653346468,259.9583333333333
0.004910995988365858,0.00491099645484542,0.004786721706573705,260.0
0.004910475611558112,0.004910476062297181,0.0047873110410396,260.0416666666667
0.004910044839453328,0.004910045272116563,0.004788765437624897,260.0833333333333
0.004909722692189945,0.004909723163099923,0.004790962511951657,260.125
0.00490952250451237,0.0049095229567976744,0.0047937285956715266,260.1666666666667
0.0049094513442242685,0.004909451769608898,0.004796852895159503,260.2083333333333
0.004909509354411678,0.004909509733186038,0.004800108262273331,260.25
0.004909729068499294,0.004909729466771838,0.004803305676558831,260.2916666666667
0.004910158158700168,0.00491015857680122,0.004806295465147306,260.3333333333333
0.004910713636895209,0.004910714069781073,0.004808837489085014,260.375
0.004911313790949717,0.004911314245923681,0.004810734826154951,260.4166666666667
0.004911907158878856,0.004911907631468196,0.004811863136316057,260.4583333333333
0.0049124624034507765,0.004912462897485711,0.004812163212730653,260.5
0.004912958348347509,0.0049129588410421554,0.004811630953050673,260.5416666666667
0.004913380023552164,0.004913380578535543,0.004810313524741903,260.5833333333333
0.004913718523469737,0.004913719135636475,0.004808306184095158,260.625
0.004913971029148039,0.004913971635247138,0.004805749384403914,260.6666666666667
0.0049141333564789395,0.004914133939253322,0.004802813043505446,260.7083333333333
0.004914156191381392,0.004914156748560748,0.004799649102600965,260.75
0.004913904405352464,0.004913904900386349,0.004796340622006721,260.7916666666667
0.004913442658539633,0.004913443121241666,0.004793168915199377,260.8333333333333
0.004912868670657004,0.004912869138568945,0.0047904326994991035,260.875
0.004912247058760232,0.0049122475725597095,0.004788361467387627,260.9166666666667
0.004911624684623543,0.004911625165457518,0.004787114731151135,260.9583333333333
0.004911037769575887,0.004911038223521349,0.004786778776657085,261.0
0.004910516123160881,0.004910516553343719,0.004787366456574829,261.0416666666667
0.004910084276720087,0.00491008470815032,0.0047888196340903294,261.0833333333333
0.004909761315670962,0.004909761742292154,0.004791015664975213,261.125
0.004909560551407192,0.004909560969955041,0.004793781059514177,261.1666666666667
0.004909489052555361,0.004909489473404454,0.004796905095512185,261.2083333333333
0.00490954694050733,0.0049095473615356116,0.004800160493078188,261.25
0.004909767096999618,0.004909767521113056,0.004803358591423579,261.2916666666667
0.004910197527058198,0.0049101979630317635,0.0048063500286740545,261.3333333333333
0.00491075465635785,0.004910755103939908,0.004808894367741052,261.375
0.00491135634446794,0.0049113568110999576,0.0048107940001231595,261.4166666666667
0.004911950986310258,0.004911951470090591,0.0048119243063981,261.4583333333333
0.004912507248251057,0.0049125077518209085,0.004812226150721592,261.5
0.004913004013595182,0.0049130045181437695,0.004811695485337982,261.5416666666667
0.00491342638786434,0.004913426944193678,0.00481037941870506,261.5833333333333
0.004913765554623014,0.004913766175998914,0.0048083733187653,261.625
0.004914018823276192,0.004914019427154174,0.004805817777483138,261.6666666666667
0.004914182121706717,0.0049141826796435546,0.004802882551912136,261.7083333333333
0.004914205885219278,0.0049142064062735295,0.004799719597417193,261.75
0.004913953833736281,0.004913954322221326,0.004796410788688597,261.7916666666667
0.004913490846702639,0.004913491309820305,0.004793237613746642,261.8333333333333
0.004912915227579298,0.004912915690375035,0.004790499178622793,261.875
0.004912291893090402,0.004912292387586143,0.004788425807256992,261.9166666666667
0.00491166787943933,0.004911668341936269,0.00478717706422781,261.9583333333333
0.004911079480576675,0.004911079943688149,0.004786839134128676,262.0
0.0049105565543244726,0.004910557004548801,0.004787425051705509,262.0416666666667
0.0049101236554658315,0.004910124093099099,0.004788876757618954,262.0833333333333
0.0049097998728776385,0.004909800308446647,0.004791071616037996,262.125
0.004909598523626798,0.004909598948659137,0.004793835609837237,262.1666666666667
0.004909526691629981,0.004909527114339274,0.004796959281567914,262.2083333333333
0.004909584477103377,0.004909584890140876,0.004800214695436744,262.25
0.004909805046736165,0.004909805476354774,0.004803413341903397,262.2916666666667
0.004910236820900992,0.004910237265225986,0.004806406283914607,262.3333333333333
0.004910795613734804,0.004910796074265147,0.00480895238018148,262.375
0.004911398845320208,0.0049113993504013445,0.004810853790632482,262.4166666666667
0.004911994763445862,0.004911995270093515,0.004811985816970042,262.4583333333333
0.004912552038683028,0.004912552550364927,0.004812289225543898,262.5
0.004913049615989247,0.004913050118159086,0.004811759936266695,262.5416666666667
0.004913472680535726,0.0049134732350829486,0.004810445031361653,262.5833333333333
0.004913812512462011,0.004913813133685897,0.004808440018392909,262.625
0.004914066547837356,0.004914067152797896,0.004805885575658622,262.6666666666667
0.004914230831766595,0.004914231390536254,0.004802951572136579,262.7083333333333
0.004914255551708708,0.004914256075109734,0.004799789485970503,262.75
0.0049140032258888685,0.004914003717378527,0.004796480243568267,262.7916666666667
0.004913538992344984,0.0049135394604921685,0.0047933053791566075,262.8333333333333
0.00491296172932375,0.004912962197063478,0.0047905648329282565,262.875
0.004912336665817772,0.004912337164919313,0.004788489109671742,262.9166666666667
0.004911711000647612,0.004911711459403624,0.004787238018454083,262.9583333333333
0.0049111211130191176,0.004911121576155246,0.0047868981071859055,263.0
0.004910596902603508,0.004910597340151001,0.004787482216024311,263.0416666666667
0.004910162945936165,0.004910163348387509,0.004788932128190767,263.0833333333333
0.004909838342226391,0.004909838794848831,0.004791126104054409,263.125
0.004909636412661104,0.0049096368563183584,0.004793889215654918,263.1666666666667
0.00490956423725304,0.004909564670449725,0.004797013011222944,263.2083333333333
0.004909621910900903,0.0049096223327159145,0.004800268707009291,263.25
0.004909842914981176,0.004909843342176106,0.004803467442345589,263.2916666666667
0.0049102760523904825,0.004910276490322635,0.004806461634796654,263.3333333333333
0.004910836524127513,0.004910836974056718,0.004809009567221301,263.375
0.004911441305260629,0.004911441774388726,0.004810912886385468,263.4166666666667
0.004912038496117509,0.0049120389832686805,0.004812046592501157,263.4583333333333
0.004912596773842385,0.004912597280401025,0.0048123515027743615,263.5
0.004913095148171847,0.0049130956519517835,0.004811823572934747,263.5416666666667
0.004913518888709989,0.004913519458024239,0.004810509605523909,263.5833333333333
0.0049138593787364125,0.004913860014946069,0.004808505601831957,263.625
0.0049141141808278915,0.0049141147986009855,0.0048059520489275274,263.6666666666667
0.00491427946211322,0.004914280045467763,0.0048030193408714495,263.7083333333333
0.004914305160162647,0.004914305733523933,0.004799858356186523,263.75
0.0049140525601225424,0.004914053108921816,0.004796548579360536,263.7916666666667
0.004913587068718117,0.0049135875966247675,0.00479337208825557,263.8333333333333
0.004913008147357984,0.0049130086650806485,0.004790629346315476,263.875
0.004912381341981835,0.004912381883651319,0.0047885513739439976,263.9166666666667
0.004911754017024276,0.004911754518077711,0.004787298007710572,263.9583333333333
0.004911162635746674,0.004911163122000443,0.004786956024955571,264.0
0.004910637139236572,0.004910637587417093,0.0047875383759643,264.0416666666667
0.004910202124266624,0.004910202567789187,0.004788987138755627,264.0833333333333
0.004909876699200931,0.004909877137005292,0.004791179688409651,264.125
0.00490967418788381,0.004909674626543401,0.004793942043562683,264.1666666666667
0.004909601666595427,0.0049096020831246095,0.004797064846582163,264.2083333333333
0.004909659223018743,0.004909659603807203,0.004800320144894793,264.25
0.004909880656716696,0.004909881064028279,0.004803520077435003,264.2916666666667
0.004910315168096533,0.004910315597361578,0.0048065164127045115,264.3333333333333
0.0049108773323970414,0.004910877783519106,0.004809066739159167,264.375
0.004911483670622378,0.004911484169504205,0.0048109723138716675,264.4166666666667
0.004912082133214088,0.004912082637752296,0.004812108125657245,264.4583333333333
0.004912641405432244,0.004912641916970693,0.004812414829730022,264.5
0.004913140565269289,0.004913141082664694,0.004811888463651962,264.5416666666667
0.004913564970490155,0.004913565532842455,0.00481057624634753,264.5833333333333
0.0049139061110104855,0.0049139067315135945,0.004808573655017869,264.625
0.0049141616816360785,0.004914162294710559,0.004806021535241564,264.6666666666667
0.00491432797421595,0.004914328563721372,0.004803089871160231,264.7083333333333
0.004914354669778323,0.004914355252570861,0.004799929866820753,264.75
0.004914101798299232,0.004914102356373387,0.004796619804008836,264.7916666666667
0.0049136350374534505,0.004913635574893154,0.004793441815280923,264.8333333333333
0.004913054444153657,0.004913054969156456,0.004790697306620046,264.875
0.004912425886248628,0.00491242643955141,0.00478861727610442,264.9166666666667
0.0049117968946931065,0.00491179740488892,0.00478736168822015,264.9583333333333
0.004911204016740969,0.004911204495361094,0.004787017425831791,265.0
0.004910677233557302,0.004910677679740444,0.004787597561854451,265.0416666666667
0.004910241160935748,0.00491024158183497,0.00478904459135823,265.0833333333333
0.004909914915108948,0.004909915382613743,0.004791235595929769,265.125
0.0049097118216691014,0.0049097123297610805,0.004793996968100687,265.1666666666667
0.004909638952014089,0.0049096394402298816,0.004797119213113158,265.2083333333333
0.004909696387819046,0.004909696844254146,0.004800374129154347,265.25
0.004909918251583262,0.004909918705534103,0.004803574460381546,265.2916666666667
0.0049103541491862844,0.004910354607100826,0.004806572283484427,265.3333333333333
0.0049109180191272885,0.004910918487964783,0.004809124732503668,265.375
0.004911525920378104,0.004911526430047034,0.004811032453588626,265.4166666666667
0.004912125651531923,0.004912126163300713,0.004812170261131755,265.4583333333333
0.004912685907985049,0.004912686424409432,0.004812478722572634,265.5
0.004913185840143538,0.004913186360401549,0.004811953865414569,265.5416666666667
0.00491361089733753,0.004913611461750684,0.004810642893035386,265.5833333333333
0.004913952677769165,0.004913953307825172,0.004808641456225871,265.625
0.004914209017741012,0.004914209631017025,0.00480609047537919,265.6666666666667
0.0049143763352511634,0.004914376917692724,0.004803160002656674,265.7083333333333
0.0049144040456649205,0.004914404624521384,0.004800000933187052,265.75
0.004914150829315143,0.004914151422852558,0.004796690207604973,265.7916666666667
0.0049136828377855,0.004913683369016015,0.004793510507266118,265.8333333333333
0.004913100563541685,0.004913101071024066,0.0047907635158759895,265.875
0.004912470306919633,0.0049124707922930545,0.004788680953823771,265.9166666666667
0.00491183946541579,0.00491184010216064,0.004787423166750405,265.9583333333333
0.004911245230248279,0.004911245700964965,0.004787076961422773,266.0
0.00491071711548678,0.00491071760069941,0.004787655609268655,266.0416666666667
0.004910280023726961,0.004910280443461643,0.0047891012349657106,266.0833333333333
0.0049099529443178015,0.004909953383108964,0.004791291335672575,266.125
0.004909749291324449,0.0049097496784353606,0.00479405205714901,266.1666666666667
0.004909676055722484,0.004909676471184955,0.004797173729418414,266.2083333333333
0.004909733365620568,0.004909733777732698,0.004800428511506535,266.25
0.00490995565331776,0.00490995607784432,0.004803629370543869,266.2916666666667
0.004910392946141664,0.004910393387796546,0.004806628909472057,266.3333333333333
0.004910958531943874,0.0049109589884673895,0.0048091833381714065,266.375
0.004911568004692148,0.004911568478995746,0.004811092977640662,266.4166666666667
0.004912169002859276,0.004912169495662675,0.00481223250854264,266.4583333333333
0.004912730237124601,0.004912730748723039,0.004812542541696799,266.5
0.00491323091500243,0.004913231437347232,0.004812019166636245,266.5416666666667
0.0049136566328619544,0.004913657190636523,0.004810709566835488,266.5833333333333
0.004913999060061296,0.00491399967801146,0.004808709509964033,266.625
0.004914256161765811,0.0049142567758188906,0.004806159647558651,266.6666666666667
0.004914424517234431,0.004914425084752741,0.004803230417320258,266.7083333333333
0.004914453275148955,0.004914453799007653,0.004800072402656404,266.75
0.004914199874624798,0.004914200339495133,0.0047967613679686175,266.7916666666667
0.004913730521326356,0.004913730977149783,0.004793579992541272,266.8333333333333
0.00491314654851669,0.004913147012240615,0.004790830966669071,266.875
0.004912514480846274,0.0049125149736585156,0.004788746034406501,266.9166666666667
0.00491188212000641,0.004911882599042392,0.004787485935700931,266.9583333333333
0.00491128625191494,0.00491128669663935,0.004787137716270029,267.0
0.0049107568788703,0.004910757313942829,0.004787714511928595,267.0416666666667
0.00491031870399127,0.004910319109054442,0.004789158640821212,267.0833333333333
0.004909990809333946,0.0049099912385739,0.004791347573596166,267.125
0.004909786543416347,0.004909786983771048,0.004794107408392148,267.1666666666667
0.00490971297559641,0.004909713365898179,0.004797228745510782,267.2083333333333
0.004909770143015957,0.004909770545860171,0.004800483653572472,267.25
0.0049099928472816174,0.004909993288099786,0.004803685184076317,267.2916666666667
0.00491043154552513,0.004910432019147672,0.004806686340690924,267.3333333333333
0.004910998861943917,0.0049109993580405565,0.004809242967399717,267.375
0.004911609910329153,0.004911610420316104,0.004811154788837298,267.4166666666667
0.004912212170975871,0.00491221269424656,0.004812296307273577,267.4583333333333
0.004912774369130405,0.004912774908550386,0.0048126080415125646,267.5
0.00491327579723044,0.004913276339087663,0.004812086062410573,267.5416666666667
0.004913702134256628,0.004913702718633213,0.004810777634466212,267.5833333333333
0.004914045182038175,0.004914045819818369,0.004808778546419121,267.625
0.004914303057516108,0.004914303693322393,0.00480622983310656,267.6666666666667
0.004914472465011573,0.004914473070832559,0.004803301930084817,267.7083333333333
0.00491450228214658,0.004914502873463965,0.004800144818397524,267.75
0.0049142485979732,0.004914249205624795,0.004796832973706789,267.7916666666667
0.004913777951800667,0.004913778546844201,0.00479364983134688,267.8333333333333
0.004913192248942574,0.004913192857746525,0.004790898376835854,267.875
0.004912558417544094,0.004912558998675916,0.004788811027003961,267.9166666666667
0.004911924383476225,0.0049119249214444076,0.004787548485298497,267.9583333333333
0.004911327000508884,0.004911327528680897,0.004787198019828051,268.0
0.004910796364920499,0.004910796849681362,0.004787772920744356,268.0416666666667
0.004910357133965646,0.0049103575704037795,0.004789215241283287,268.0833333333333
0.004910028429239016,0.00491002886754682,0.004791402955892742,268.125
0.004909823592593128,0.0049098240309069655,0.004794162495233612,268.1666666666667
0.004909749664082467,0.004909750101508148,0.00479728322161391,268.2083333333333
0.00490980668860962,0.004909807127079345,0.004800537839416959,268.25
0.004910029816282045,0.004910030270700649,0.004803739777544746,268.2916666666667
0.004910469935013452,0.004910470403278149,0.0048067425381790345,268.3333333333333
0.004911038997125314,0.004911039481328174,0.004809301179796961,268.375
0.004911651622062118,0.004911652148165104,0.004811214974885334,268.4166666666667
0.0049122551404567425,0.004912255669324662,0.004812358304606172,268.4583333333333
0.0049128182876919954,0.004912818819825697,0.004812671721132192,268.5
0.004913320448774867,0.004913320984715304,0.0048121513701438285,268.5416666666667
0.004913747376012538,0.004913747958447513,0.004810844537077506,268.5833333333333
0.004914091035690221,0.004914091677240405,0.004808846814785711,268.625
0.004914349686210245,0.004914350315904498,0.00480629931514643,268.6666666666667
0.00491452015496729,0.004914520751247438,0.004803372826603459,268.7083333333333
0.0049145510542876955,0.00491455163195089,0.004800216729545754,268.75
0.004914297068498342,0.004914297636835065,0.004796904281310239,268.7916666666667
0.0049138251715030975,0.00491382568094997,0.004793719355991723,268.8333333333333
0.004913237763695024,0.0049132382571262425,0.004790965595694602,268.875
0.0049126021594884705,0.0049126026320238545,0.0047888758049296045,268.9166666666667
0.004911966259229533,0.004911966885525097,0.004787610906287323,268.9583333333333
0.004911367524078368,0.004911368009825304,0.004787258286445702,269.0
0.004910835557714366,0.004910836060453548,0.00478783131304244,269.0416666666667
0.004910395308028787,0.004910395739302899,0.004789272075421362,269.0833333333333
0.004910065781574069,0.004910066227190997,0.00479145857874241,269.125
0.004909860382112801,0.004909860812123047,0.004794217264696771,269.1666666666667
0.0049097860812107996,0.004909786527918636,0.004797337517768271,269.2083333333333
0.004909842975935365,0.004909843411428901,0.004800592019210188,269.25
0.004910066532130081,0.004910066975050296,0.004803794542146035,269.2916666666667
0.004910508080047163,0.00491050853634697,0.00480679898415872,269.3333333333333
0.004911078890032714,0.004911079367730284,0.004809359864491149,269.375
0.004911693095305451,0.004911693615800324,0.004811275903308941,269.4166666666667
0.0049122978604786306,0.004912298386805832,0.004812421202840124,269.4583333333333
0.004912861943493578,0.004912862472322404,0.004812736242505586,269.5
0.004913364802019593,0.004913365330847386,0.0048122171557943285,269.5416666666667
0.004913792340701318,0.00491379296070375,0.004810911240336215,269.5833333333333
0.004914136607158814,0.004914137257957447,0.0048089143876773235,269.625
0.004914396017455221,0.004914396651919681,0.00480636790795553,269.6666666666667
0.004914567562902814,0.004914568157996031,0.004803442408031473,269.7083333333333
0.004914599559321468,0.0049146001246067154,0.004800287450109153,269.75
0.004914345374378046,0.004914345909843278,0.0047969747407570415,269.7916666666667
0.004913872089599306,0.004913872589890692,0.004793788330397148,269.8333333333333
0.00491328295837344,0.004913283446027746,0.004791032466452465,269.875
0.004912645525970834,0.004912646038020594,0.004788940355245383,269.9166666666667
0.004912008108752797,0.004912008604636182,0.004787673182240705,269.9583333333333
0.004911407737855841,0.00491140822136636,0.004787318452101724,270.0
0.004910874520539689,0.0049108750672879845,0.004787889622698328,270.0416666666667
0.004910433201326144,0.004910433687191554,0.004789328828210057,270.0833333333333
0.00491010286740677,0.004910103329503691,0.004791514138079172,270.125
0.004909896857460612,0.004909897333616809,0.004794271978627681,270.1666666666667
0.0049098222223565,0.0049098226796172525,0.00479739178420249,270.2083333333333
0.004909878952261564,0.004909879405578527,0.004800646185629585,270.25
0.004910102915635332,0.0049101033851059375,0.0048038492792528325,270.2916666666667
0.004910545902993903,0.004910546382414203,0.004806855432107374,270.3333333333333
0.004911118481199136,0.0049111189745403355,0.00480941845977208,270.375
0.0049117342718287904,0.004911734803878814,0.004811336606212391,270.4166666666667
0.004912340281011896,0.0049123408175080485,0.004812483814347945,270.4583333333333
0.00491290528833373,0.004912905824907962,0.004812800510375919,270.5
0.004913408830559989,0.0049134093749584285,0.004812282870285321,270.5416666666667
0.0049138369568240085,0.004913837579010674,0.0048109782393512485,270.5833333333333
0.00491418184687222,0.004914182467677911,0.004808982572024834,270.625
0.004914442024869214,0.004914442629012882,0.0048064372654584575,270.6666666666667
0.004914614636119251,0.004914615223342078,0.004803513069508475,270.7083333333333
0.0049146477266904165,0.004914648310361733,0.004800359231153075,270.75
0.004914393232549242,0.004914393840196561,0.00479704611842863,270.7916666666667
0.004913918653076181,0.004913919191529501,0.004793857998040732,270.8333333333333
0.004913327789096583,0.004913328308860818,0.0047910998403555925,270.875
0.0049126885844323984,0.004912689097586322,0.004789005279036761,270.9166666666667
0.004912049359350836,0.004912049974440685,0.004787735739746142,270.9583333333333
0.004911447586543089,0.0049114480906838846,0.004787378845037065,271.0
0.004910913084410408,0.004910913587607695,0.00478794812897547,271.0416666666667
0.0049104707468143665,0.004910471180871309,0.004789385760583402,271.0833333333333
0.004910139603477552,0.0049101400510175005,0.004791569937349519,271.125
0.0049099330388357116,0.004909933479317032,0.004794326341461066,271.1666666666667
0.0049098580339857235,0.004909858478766547,0.004797445494010972,271.2083333333333
0.004909914612614721,0.004909915059891326,0.004800699502126409,271.25
0.004910139026413531,0.0049101394581123215,0.00480390333681489,271.2916666666667
0.0049105834737229685,0.004910583905411758,0.004806911392082584,271.3333333333333
0.004911157825291981,0.004911158268364782,0.004809476595858288,271.375
0.004911775195750864,0.0049117756583505106,0.004811396803949236,271.4166666666667
0.004912382433117851,0.0049123829169015224,0.004812545746645226,271.4583333333333
0.004912948342412709,0.004912948847375217,0.00481286401368105,271.5
0.004913452546506154,0.004913453077480276,0.00481234763391623,271.5416666666667
0.004913881223994865,0.004913881849265949,0.004811044178180258,271.5833333333333
0.004914226690333009,0.00491422731245293,0.004809049655737967,271.625
0.004914487630568236,0.004914488235348305,0.004806505523997868,271.6666666666667
0.004914661352614309,0.004914661938462174,0.0048035826638258864,271.7083333333333
0.004914695589413156,0.004914696171809578,0.004800429886584051,271.75
0.004914440891669094,0.004914441419341261,0.0047971161799224725,271.7916666666667
0.00491396494287289,0.0049139654550384975,0.004793926251069829,271.8333333333333
0.004913372320547096,0.004913372834928875,0.00479116598056887,271.875
0.004912731298345836,0.004912731814076243,0.004789068880470355,271.9166666666667
0.004912090489472638,0.004912090995150175,0.00478779715794245,271.9583333333333
0.004911487114877355,0.004911487590892889,0.004787438230183323,272.0
0.004910951373602787,0.004910951818041459,0.004788005561366493,272.0416666666667
0.004910507966171955,0.004910508391388732,0.004789441892613357,272.0833333333333
0.004910176027591439,0.004910176459953653,0.004791624914931132,272.125
0.004909968875790606,0.0049099693106524,0.004794380957339358,272.1666666666667
0.004909893505530642,0.004909893947754202,0.004797499261638192,272.2083333333333
0.004909949942542437,0.004909950366669106,0.004800752718386904,272.25
0.004910174738557562,0.004910175185442667,0.004803957058497723,272.2916666666667
0.004910620624081233,0.004910621091632341,0.004806966770173958,272.3333333333333
0.004911196748730663,0.004911197229125271,0.004809534251741639,272.375
0.004911815703167686,0.0049118162010760216,0.004811456760616754,272.4166666666667
0.004912424169302365,0.004912424682412346,0.004812607891874131,272.4583333333333
0.004912990966816773,0.00491299150173622,0.004812928028381632,272.5
0.004913495842112682,0.004913496379891886,0.00481241343968862,272.5416666666667
0.004913925026988657,0.004913925621614846,0.00481111117448388,272.5833333333333
0.0049142710401453155,0.004914271674701904,0.004809118189853386,272.625
0.004914532748110413,0.004914533382907952,0.004806575447291983,272.6666666666667
0.004914707573410254,0.004914708200832939,0.004803654079318351,272.7083333333333
0.004914742969146332,0.00491474360739169,0.004800502451242519,272.75
0.004914487947593196,0.004914488581308721,0.0047971882945084835,272.7916666666667
0.004914010709122997,0.004914011305520905,0.004793996401261012,272.8333333333333
0.004913416350865339,0.004913416909854893,0.004791233643548735,272.875
0.004912773541680355,0.004912774069676239,0.004789134261070329,272.9166666666667
0.004912130924159395,0.00491213156465827,0.004787859981663847,272.9583333333333
0.004911526182999651,0.00491152670376774,0.0047874986582078696,273.0
0.004910989142069433,0.0049109896698319375,0.0047880639268357075,273.0416666666667
0.004910544750073443,0.004910545232640495,0.004789498654577148,273.0833333333333
0.0049102120095450156,0.004910212499992566,0.004791680346284472,273.125
0.0049100043016513375,0.004910004737156464,0.004794435132425429,273.1666666666667
0.00490992856937526,0.004909929021212907,0.00479755361583955,273.2083333333333
0.004909984833448026,0.004909985278985954,0.004800807808618811,273.25
0.0049102100458791225,0.004910210495406603,0.004804012924612141,273.2916666666667
0.00491065739910782,0.004910657860697865,0.0048070245595461195,273.3333333333333
0.004911235312127194,0.004911235786380573,0.004809594308367271,273.375
0.00491185585296572,0.004911856345399342,0.004811518903562205,273.4166666666667
0.004912465532611614,0.004912466045286567,0.004812671857634228,273.4583333333333
0.004913033201857191,0.004913033735317268,0.004812993654098399,273.5
0.0049135387057126665,0.004913539245421495,0.004812480556720539,273.5416666666667
0.004913968427083515,0.004913969053193364,0.004811180293004672,273.5833333333333
0.004914319056570042,0.004914321389137627,0.004809193543721356,273.625
0.004914584851475121,0.0049145872479804354,0.00480665496858979,273.6666666666667
0.004914758353955648,0.004914760155787663,0.004803732052521156,273.7083333333333
0.004914793320533477,0.004914794717327635,0.004800579530393437,273.75
0.004914537062940328,0.004914538161812654,0.004797263441844572,273.7916666666667
0.004914057726788208,0.004914058610194844,0.0047940686910023355,273.8333333333333
0.004913461100880418,0.004913461854231891,0.004791302789975574,273.875
0.004912816075275144,0.004912816777262845,0.004789200295383642,273.9166666666667
0.004912171691884413,0.004912172303926443,0.00478792338744753,273.9583333333333
0.004911565184477079,0.004911565760203263,0.004787559809497056,274.0
0.004911026815217158,0.004911027343887556,0.0047881232727575345,274.0416666666667
0.004910581299324206,0.004910581770122251,0.004789556386820892,274.0833333333333
0.0049102477347734794,0.00491024819367616,0.004791736972593269,274.125
0.004910039392924343,0.004910039863341883,0.004794490594073495,274.1666666666667
0.004909963291605746,0.004909963750833839,0.0047976082358712905,274.2083333333333
0.004910019399894178,0.0049100198169095745,0.004800862020387939,274.25
0.00491024498931295,0.004910245437160967,0.004804067598992107,274.2916666666667
0.004910693796607657,0.004910694270455869,0.004807080980106274,274.3333333333333
0.00491127349559619,0.004911273986408356,0.004809653002131205,274.375
0.004911895612661946,0.004911896122013832,0.004811579815912133,274.4166666666667
0.004912506490677461,0.004912507018690454,0.0048127346406138995,274.4583333333333
0.004913075009414698,0.004913075560029475,0.004813057792716647,274.5
0.004913581122966022,0.004913581673538628,0.0048125458388618685,274.5416666666667
0.004914011420614969,0.004914012973344199,0.004811246118483491,274.5833333333333
0.004914409890781434,0.004914413519543598,0.0048092985424348705,274.625
0.004914709701014945,0.004914709899056831,0.004806784591043315,274.6666666666667
0.004914857820406325,0.004914858401430028,0.004803842477958001,274.7083333333333
0.004914876027595034,0.0049148766284360735,0.004800677218365882,274.75
0.004914607550199872,0.00491460809548533,0.004797351509464942,274.7916666666667
0.004914118869592788,0.0049141194031253905,0.004794149175751795,274.8333333333333
0.004913515145887168,0.004913515677817806,0.004791377327636128,274.875
0.004912864759384223,0.004912865336504542,0.004789270078188774,274.9166666666667
0.004912216312984779,0.0049122168570398675,0.004787989085493429,274.9583333333333
0.004911606744575197,0.004911607257188305,0.004787622109479805,275.0
0.004911066068791521,0.0049110665525307325,0.004788182723551947,275.0416666666667
0.004910618823652448,0.0049106192825841945,0.004789613662584487,275.0833333333333
0.00491028399502998,0.004910284450748979,0.004791792483727733,275.125
0.0049100747783444795,0.0049100752375177276,0.004794545305977886,275.1666666666667
0.004909998088431392,0.004909998549634879,0.004797662466358756,275.2083333333333
0.004910053842382501,0.004910054299069814,0.004800916037406492,275.25
0.004910279748228165,0.004910280220730498,0.004804122141092909,275.2916666666667
0.004910729979860843,0.004910730468385183,0.004807137397276581,275.3333333333333
0.004911311446642882,0.004911311948450068,0.004809711775383917,275.375
0.00491193512387112,0.004911935643089308,0.004811640885831412,275.4166666666667
0.004912547181155918,0.004912547716676803,0.004812797763030243,275.4583333333333
0.004913116516908515,0.00491311708226672,0.004813122760808039,275.5
0.004913623205062097,0.00491362378496036,0.004812612335426794,275.5416666666667
0.004914072897009836,0.004914075874654484,0.00481132643376351,275.5833333333333
0.00491452825017004,0.004914528523242355,0.004809422948341931,275.625
0.004914860337424499,0.004914860069343634,0.004806938583512607,275.6666666666667
0.004914988100232033,0.00491498810115585,0.0048039804684978675,275.7083333333333
0.004914978996890194,0.004914979493155091,0.0048007939969310805,275.75
0.0049146915477762945,0.004914692049305516,0.004797453046691179,275.7916666666667
0.004914188976585415,0.004914189506430954,0.004794239177495379,275.8333333333333
0.004913575129710024,0.004913575655826326,0.004791458416745894,275.875
0.004912917361195023,0.004912917905764941,0.004789344170129544,275.9166666666667
0.004912263477175659,0.004912264006280945,0.004788058145032188,275.9583333333333
0.00491164993586053,0.004911650429769183,0.004787687355110789,276.0
0.004911106323145788,0.004911106809596533,0.0047882451807205835,276.0416666666667
0.004910656950902096,0.004910657394045193,0.00478967376047285,276.0833333333333
0.004910320574508345,0.004910321029890646,0.004791850950978113,276.125
0.004910110273751318,0.004910110744604618,0.004794601962526479,276.1666666666667
0.0049100328881822855,0.004910033352042097,0.004797718154080596,276.2083333333333
0.004910088221831634,0.004910088692039406,0.004800971328528988,276.25
0.004910314391848519,0.004910314872514725,0.004804177862768428,276.2916666666667
0.004910766022169568,0.004910766513439027,0.004807194735774032,276.3333333333333
0.004911349240933039,0.004911349740012755,0.00480977119410089,276.375
0.004911974459331624,0.004911974974193597,0.004811702334700292,276.4166666666667
0.004912587673301594,0.004912588206083203,0.004812861005172781,276.4583333333333
0.004913157820225574,0.004913158374890856,0.0048131873589997735,276.5
0.0049136651262980165,0.004913665626177562,0.004812678116515499,276.5416666666667
0.004914147438075723,0.004914149271895437,0.004811414361704671,276.5833333333333
0.00491465230945891,0.004914650921617224,0.004809552235988973,276.625
0.004915015741821342,0.004915015660426545,0.0048070956848323436,276.6666666666667
0.004915140384033661,0.004915140084848798,0.004804134863085752,276.7083333333333
0.004915097303068433,0.0049150971677971705,0.004800920963719992,276.75
0.004914785707955981,0.0049147857896591485,0.004797560610357191,276.7916666666667
0.004914265809002171,0.004914266022231996,0.004794332486187087,276.8333333333333
0.004913639524428949,0.004913639834401143,0.004791541023320321,276.875
0.004912972811016678,0.004912973213002847,0.004789418991303457,276.9166666666667
0.004912312474191557,0.004912312906586092,0.004788126714048568,276.9583333333333
0.004911694266801165,0.004911694713737302,0.00478775122096124,277.0
0.00491114727519486,0.00491114777270016,0.004788305520872935,277.0416666666667
0.004910695462359286,0.004910695917147925,0.0047897315960391505,277.0833333333333
0.004910357343823687,0.0049103578039391485,0.004791906832221617,277.125
0.004910145832505574,0.0049101463020020065,0.00479465718338297,277.1666666666667
0.004910067646018187,0.004910068106153333,0.004797772926430937,277.2083333333333
0.004910122512149884,0.0049101229683922555,0.004801025975055459,277.25
0.004910348870785683,0.0049103493533442,0.004804233007392798,277.2916666666667
0.004910801862802446,0.00491080236600872,0.004807251600948611,277.3333333333333
0.004911386817999747,0.004911387333700908,0.004809830251277921,277.375
0.004912013571442213,0.004912014102366162,0.004811763491937539,277.4166666666667
0.004912627933009928,0.004912628480322887,0.00481292406267794,277.4583333333333
0.004913198868811988,0.004913199434295105,0.004813252364535195,277.5
0.0049137102293542925,0.0049137072933966115,0.004812744825643713,277.5416666666667
0.0049142302426176425,0.004914241624775568,0.004811532011213245,277.5833333333333
0.0049147818183660095,0.004914786446440726,0.004809702443523768,277.625
0.0049151789968321395,0.004915181020063476,0.004807267883023613,277.6666666666667
0.0049153149063886304,0.004915316994559668,0.004804315200413573,277.7083333333333
0.004915229716989511,0.0049152312981033865,0.004801065970931787,277.75
0.00491488923651605,0.004914890483654179,0.004797681007456112,277.7916666666667
0.00491434886802642,0.0049143498740112194,0.004794435086913312,277.8333333333333
0.00491370798098684,0.004913708878306741,0.00479163071791923,277.875
0.004913030933301378,0.004913031692844562,0.00478949917366802,277.9166666666667
0.004912363182171651,0.004912363860126151,0.004788199885755229,277.9583333333333
0.004911739659775499,0.004911740285735461,0.004787819034145003,278.0
0.0049111888746267846,0.004911189456754998,0.004788368960890139,278.0416666666667
0.004910734332373767,0.004910734851713102,0.004789791636101111,278.0833333333333
0.004910394285690838,0.004910394770324253,0.004791964601578069,278.125
0.004910181439171687,0.004910181890748757,0.004794713322844424,278.1666666666667
0.004910102348448067,0.004910102815635419,0.004797828076948537,278.2083333333333
0.004910156670973536,0.004910157143397103,0.004801080690988799,278.25
0.004910383227769007,0.004910383690078588,0.004804288212614327,278.2916666666667
0.00491083759345003,0.004910838059602123,0.004807308586434489,278.3333333333333
0.0049114242894271595,0.004911424764278785,0.004809889496460602,278.375
0.00491205256718269,0.004912053062279919,0.004811824918993034,278.4166666666667
0.004912668057969449,0.004912668576875983,0.004812987230502804,278.4583333333333
0.0049132397602572936,0.004913240299467001,0.004813316918725811,278.5
0.004913753036231544,0.004913755525514948,0.004812814818151094,278.5416666666667
0.0049143485523420695,0.004914348459412363,0.0048116500963000354,278.5833333333333
0.004914930062778637,0.004914932420352102,0.004809852914928416,278.625
0.004915352109505451,0.004915353107625849,0.004807440223026327,278.6666666666667
0.0049155061865096,0.004915507009817284,0.00480450254768262,278.7083333333333
0.00491537794422542,0.004915380055497111,0.00480122016790216,278.75
0.004915003435314661,0.0049150048922781695,0.004797807395586702,278.7916666666667
0.004914439080759639,0.0049144401313098475,0.004794541556281469,278.8333333333333
0.004913781293148083,0.0049137821057512856,0.004791722708856036,278.875
0.004913092198180538,0.0049130929133649704,0.004789580491252064,278.9166666666667
0.0049124159831007,0.004912416588172028,0.0047882735827543274,278.9583333333333
0.0049117864177752775,0.00491178698532607,0.00478788711548852,279.0
0.004911231333538489,0.004911231866226676,0.004788433081197261,279.0416666666667
0.004910773726115312,0.004910774232178862,0.004789852866175363,279.0833333333333
0.004910431524807316,0.004910432008738088,0.004792023886473741,279.125
0.004910217179647694,0.004910217662673314,0.004794771121868895,279.1666666666667
0.004910137098285596,0.004910137579043745,0.004797885754405868,279.2083333333333
0.004910190808059127,0.004910191279171225,0.004801137596078871,279.25
0.004910417451949133,0.004910417941052504,0.00480434531336282,279.2916666666667
0.004910873139783171,0.004910873647922973,0.0048073672754752415,279.3333333333333
0.004911461557302649,0.00491146207860602,0.0048099503299373824,279.375
0.004912091354729948,0.004912091893591701,0.004811887850379057,279.4166666666667
0.004912707970990812,0.004912708526700079,0.0048130520019535284,279.4583333333333
0.004913280517722308,0.004913281001914656,0.004813383242301524,279.5
0.004913810270717663,0.004913814379093274,0.004812897714136346,279.5416666666667
0.0049144542385711155,0.004914462187102908,0.004811777620146862,279.5833333333333
0.004915075596835307,0.004915083162284486,0.004810010265644068,279.625
0.004915524580348986,0.004915529499764887,0.0048076177663452305,279.6666666666667
0.004915697600521353,0.004915700976292782,0.004804694040711896,279.7083333333333
0.00491554088020655,0.004915543109318247,0.004801386196911348,279.75
0.004915127106825503,0.004915128754839562,0.004797941480595974,279.7916666666667
0.00491453536070393,0.004914536646283458,0.004794652792833139,279.8333333333333
0.004913858390268134,0.004913859465839733,0.004791817734088325,279.875
0.004913155945751392,0.004913156850067353,0.004789663897572099,279.9166666666667
0.004912470287497594,0.004912471073482503,0.0047883485393347995,279.9583333333333
0.004911834083848014,0.004911834802257146,0.004787955981871232,280.0
0.004911274294665942,0.004911274949892286,0.004788497439271385,280.0416666666667
0.004910813389782906,0.0049108139890872236,0.004789914063771265,280.0833333333333
0.004910468857011592,0.004910469434473271,0.004792082600752784,280.125
0.004910252905505503,0.00491025344115452,0.004794827516696861,280.1666666666667
0.004910171758456969,0.004910172243368825,0.004797939792727769,280.2083333333333
0.004910224790364338,0.004910225289829828,0.004801191103431481,280.25
0.004910451510027969,0.004910452034750778,0.004804399172496468,280.2916666666667
0.004910908527369024,0.004910909069305807,0.004807422835554265,280.3333333333333
0.004911498675919528,0.004911499228309854,0.0048100081649824706,280.375
0.004912129992993024,0.004912130562556335,0.004811947929184162,280.4166666666667
0.004912747723310187,0.0049127483114255535,0.0048131141796105455,280.4583333333333
0.004913320922721547,0.00491332152553051,0.004813447257791931,280.5
0.004913890618482508,0.0049138895707799635,0.00481299012757867,280.5416666666667
0.004914590329969001,0.0049145877025968555,0.004811911389034929,280.5833333333333
0.004915242709849211,0.004915242649543863,0.004810171741414806,280.625
0.004915711930443589,0.004915712038085526,0.004807798042357744,280.6666666666667
0.004915899277863966,0.0049158995442691545,0.004804887347558281,280.7083333333333
0.0049157214745924604,0.004915721587775598,0.004801563351456345,280.75
0.0049152626976350245,0.004915263021716662,0.004798082613678811,280.7916666666667
0.004914639650989999,0.004914640091444584,0.004794768836200004,280.8333333333333
0.004913940936016287,0.004913941440354994,0.0047919160103847246,280.875
0.00491322324396234,0.004913223826891388,0.004789749549137333,280.9166666666667
0.004912526977597445,0.004912527543091526,0.0047884248642892585,280.9583333333333
0.004911883318547387,0.004911883870048108,0.004788025508388039,281.0
0.004911318301162043,0.004911318830651721,0.0047885619294905585,281.0416666666667
0.004910853696077375,0.004910854194541962,0.0047899746389213965,281.0833333333333
0.004910506593108407,0.004910507090175443,0.0047921398103097776,281.125
0.004910288871038406,0.004910289371932404,0.00479488315231405,281.1666666666667
0.0049102065281718425,0.004910207030311764,0.004797994997400232,281.2083333333333
0.00491025881458324,0.004910259316708221,0.004801246172319102,281.25
0.004910485566099726,0.004910486094113871,0.004804454898696888,281.2916666666667
0.004910943883910789,0.004910944432447241,0.0048074805460452535,281.3333333333333
0.004911535745479188,0.004911536305513419,0.004810068323776497,281.375
0.004912168567364919,0.0049121691455563145,0.004812010386460079,281.4166666666667
0.004912787396770084,0.004912787992170343,0.004813178485449056,281.4583333333333
0.004913361311276128,0.004913361926034163,0.004813513030123291,281.5
0.0049139425943211775,0.004913975167385501,0.004813094011771834,281.5416666666667
0.004914697887708411,0.004914720455489706,0.004812053440717021,281.5833333333333
0.004915391838219567,0.0049154072749240905,0.004810339205439719,281.625
0.0049158879344981315,0.004915898229830509,0.00480798288946788,281.6666666666667
0.004916093945739023,0.004916101020880538,0.004805084075180945,281.7083333333333
0.0049159095233766124,0.004915912997524108,0.004801752920876454,281.75
0.004915403195534985,0.004915405734429115,0.004798232225373161,281.7916666666667
0.004914747174453616,0.004914749085533052,0.00479489069317835,281.8333333333333
0.004914025539193785,0.004914027022228476,0.004792018284068053,281.875
0.004913291885085877,0.0049132931305711555,0.00478983763090922,281.9166666666667
0.004912584487069434,0.004912585501984025,0.004788502863429046,281.9583333333333
0.004911933032860175,0.00491193391811981,0.0047880962241375995,282.0
0.00491136255145069,0.004911363314272571,0.004788627632980126,282.0416666666667
0.00491089410271892,0.004910894802946203,0.0047900368900571305,282.0833333333333
0.0049105443212499565,0.0049105449732391865,0.004792200137578413,282.125
0.00491032475585217,0.004910325346439297,0.004794942155758174,282.1666666666667
0.004910241171718159,0.004910241714258759,0.004798053310720898,282.2083333333333
0.004910292667277106,0.004910293216403115,0.004801304318637777,282.25
0.004910519427831088,0.0049105200096459,0.004804512805700869,282.2916666666667
0.0049109790507205165,0.0049109796542466016,0.004807539896025288,282.3333333333333
0.00491157263144092,0.004911573254983568,0.004810129744476534,282.375
0.0049122069612562306,0.004912207601210886,0.004812073893015094,282.4166666666667
0.004912826882423202,0.004912827537150537,0.004813243834046413,282.4583333333333
0.004913403591070641,0.004913402467290895,0.004813579995863116,282.5
0.0049140739480688905,0.004914070729674931,0.004813206484370857,282.5416666666667
0.004914861474077854,0.004914860526835468,0.004812201913331209,282.5833333333333
0.004915577563903363,0.004915577277983395,0.004810511992004149,282.625
0.004916088833551715,0.0049160887671664405,0.00480817218053633,282.6666666666667
0.004916305773670637,0.004916305968193221,0.004805284900629287,282.7083333333333
0.0049161220552132266,0.004916122412850838,0.004801956102590674,282.75
0.004915560099975415,0.004915560566331865,0.00479839150548571,282.7916666666667
0.0049148656525346565,0.0049148661762359385,0.004795019204343681,282.8333333333333
0.004914117461360757,0.004914118013071702,0.004792125242853426,282.875
0.0049133654183599555,0.00491336602691363,0.004789929496900953,282.9166666666667
0.004912645236320708,0.004912645824816471,0.004788583987599311,282.9583333333333
0.004911984883205509,0.004911985462544729,0.0047881694350977635,283.0
0.004911408184460901,0.004911408752213343,0.004788695028725084,283.0416666666667
0.0049109354178583755,0.004910935951018737,0.004790100025641259,283.0833333333333
0.004910582626087494,0.004910583157672319,0.004792260264138382,283.125
0.004910360976272395,0.004910361524662632,0.004795000386464073,283.1666666666667
0.004910276015724459,0.004910276556608212,0.004798109411318303,283.2083333333333
0.004910326655887702,0.004910327164123106,0.004801359119070148,283.25
0.004910553353768607,0.004910553890459147,0.004804568336751352,283.2916666666667
0.004911014241248126,0.004911014802875206,0.004807597387428974,283.3333333333333
0.0049116095209167975,0.004911610102018615,0.00481018969374555,283.375
0.004912245340859015,0.004912245944315408,0.0048121361656004395,283.4166666666667
0.004912866336187994,0.0049128669626514,0.004813308165234417,283.4583333333333
0.004913445028402525,0.004913445964686739,0.004813649568185849,283.5
0.0049141715273768646,0.004914175713927163,0.004813326290589073,283.5416666666667
0.004915001228268126,0.004915007036094037,0.004812355714892564,283.5833333333333
0.004915747827164752,0.004915752131105292,0.004810688766857199,283.625
0.004916280226590894,0.004916283055180167,0.00480836459384778,283.6666666666667
0.0049165118405527074,0.004916513924326558,0.004805488402265595,283.7083333333333
0.004916338287567102,0.004916339910098589,0.004802167104656093,283.75
0.004915724023575841,0.0049157251171016055,0.00479855907859949,283.7916666666667
0.004914988789702555,0.004914989705599047,0.004795153051880407,283.8333333333333
0.004914212417902987,0.00491421323955951,0.004792235560566067,283.875
0.004913440921943251,0.004913441700885209,0.0047900231874380295,283.9166666666667
0.0049127072064380625,0.0049127079585387975,0.004788665856460598,283.9583333333333
0.0049120375129961934,0.004912038211142109,0.004788243018483852,284.0
0.00491145429819494,0.00491145494749201,0.0047887626620820205,284.0416666666667
0.004910976990246264,0.004910977596164015,0.004790163325426938,284.0833333333333
0.0049106210395238594,0.0049106216350167904,0.004792320385607517,284.125
0.004910397242884117,0.004910397825183798,0.004795058820973598,284.1666666666667
0.004910310821278036,0.004910311393187629,0.004798166691613211,284.2083333333333
0.0049103604923708315,0.004910361055289535,0.004801416745410149,284.25
0.004910587105193501,0.004910587686747539,0.004804625833486394,284.2916666666667
0.004911049260902705,0.0049110498618687515,0.004807656234951182,284.3333333333333
0.004911646251437335,0.004911646869171454,0.004810250580829221,284.375
0.00491228356746622,0.004912284196933821,0.00481219914424405,284.4166666666667
0.004912905635250706,0.004912906276456683,0.004813372950314086,284.4583333333333
0.004913488665968126,0.004913501024910505,0.004813731143844161,284.5
0.004914262464726042,0.0049142889909041115,0.0048134545796743086,284.5416666666667
0.004915141315442931,0.0049151596885466916,0.00481251500620406,284.5833333333333
0.004915919387754956,0.00491593153220128,0.004810868793938551,284.625
0.004916472691492909,0.004916480864702446,0.004808558793578977,284.6666666666667
0.004916719037483214,0.004916724737616877,0.004805692658130437,284.7083333333333
0.004916555743930962,0.004916559828808346,0.004802378451206615,284.75
0.004915898430253275,0.004915900140589627,0.004798734072669154,284.7916666666667
0.004915119736541942,0.0049151201777988505,0.004795291696064482,284.8333333333333
0.0049143126045228065,0.004914313085917316,0.0047923487715465654,284.875
0.004913519858147899,0.00491352043031504,0.004790118677542384,284.9166666666667
0.004912771483005168,0.004912772082721238,0.004788748734836743,284.9583333333333
0.0049120915885685675,0.0049120922206984845,0.004788316877555656,285.0
0.004911501338251216,0.004911501979078706,0.004788829840570038,285.0416666666667
0.004911019124661108,0.00491101973778231,0.004790225831280019,285.0833333333333
0.004910659788917438,0.004910660395352663,0.004792379977218143,285.125
0.00491043366132604,0.004910434264329308,0.004795115488065933,285.1666666666667
0.004910345662980225,0.00491034627059131,0.00479822184114891,285.2083333333333
0.0049103943245628985,0.0049103949195655,0.004801470097375066,285.25
0.0049106207984005515,0.004910621413728234,0.00480467975413919,285.2916666666667
0.004911084197405941,0.004911084835022537,0.004807712256163215,285.3333333333333
0.004911682885519058,0.004911683548239587,0.004810309217285613,285.375
0.004912321686857219,0.004912322387025837,0.004812260221207988,285.4166666666667
0.004912944813966278,0.004912945525919359,0.0048134360324233304,285.4583333333333
0.00491356531943854,0.004913564080776023,0.00481381389955278,285.5
0.004914410889382941,0.004914408791946852,0.004813583484819519,285.5416666666667
0.004915318025771017,0.004915316965558508,0.00481267517101574,285.5833333333333
0.004916113585981022,0.00491611448108894,0.004811050187244199,285.625
0.004916680881954867,0.004916681551567678,0.004808754701336032,285.6666666666667
0.004916937297462023,0.004916937981836971,0.004805898779460219,285.7083333333333
0.004916781150890175,0.004916781863957453,0.004802591626273464,285.75
0.0049160878136171845,0.004916084080981886,0.004798919350341376,285.7916666666667
0.004915259728074863,0.004915256619141827,0.004795437574984963,285.8333333333333
0.004914418730334576,0.004914416880258638,0.004792467535539145,285.875
0.004913602747963643,0.00491360174789003,0.004790218474033962,285.9166666666667
0.004912838358162463,0.004912837909100444,0.00478883542059035,285.9583333333333
0.004912147407646451,0.004912147333514447,0.004788394351666968,286.0
0.004911549479833594,0.004911549643567691,0.004788900748031186,286.0416666666667
0.00491106198964111,0.004911062283661361,0.0047902922506924865,286.0833333333333
0.004910698988584055,0.004910699389737276,0.004792443141979584,286.125
0.00491047035896019,0.004910470817932128,0.004795176163674015,286.1666666666667
0.004910380672253805,0.004910381225434509,0.0047982808191251,286.2083333333333
0.004910428218931121,0.004910428785745338,0.004801528069797155,286.25
0.004910654504219337,0.004910655098824126,0.004804737837297924,286.2916666666667
0.004911119129092553,0.004911119745157475,0.004807771922702291,286.3333333333333
0.0049117195104940664,0.004911720143429477,0.0048103711704906025,286.375
0.004912359790592705,0.004912360443424213,0.0048123244300690695,286.4166666666667
0.004912983967857427,0.004912984643090792,0.00481350233726317,286.4583333333333
0.004913646516713561,0.004913645889462285,0.004813911539414219,286.5
0.004914545221259596,0.004914540980235682,0.0048137237603949655,286.5416666666667
0.004915483332335162,0.004915482970806161,0.004812843813732362,286.5833333333333
0.004916304075458704,0.00491630362847451,0.004811237775340387,286.625
0.004916887040814259,0.004916886844466713,0.004808955478750243,286.6666666666667
0.004917154685636656,0.004917154780175008,0.004806108815527679,286.7083333333333
0.0049170064711256,0.00491700676417678,0.004802808040121577,286.75
0.004916287700035891,0.004916286512213315,0.004799114340736899,286.7916666666667
0.0049154063716267595,0.0049154053878613805,0.004795589536779756,286.8333333333333
0.004914529272526103,0.0049145288868439035,0.004792589623217307,286.875
0.004913688544171954,0.004913688531929111,0.0047903197358818966,286.9166666666667
0.0049129071458988895,0.004912907354232012,0.004788922020327731,286.9583333333333
0.00491220446999764,0.004912204832979973,0.0047884705992457055,287.0
0.004911598445654082,0.004911598897545499,0.00478896999855164,287.0416666666667
0.004911105356032785,0.004911105840352176,0.004790356426647109,287.0833333333333
0.004910738491184221,0.00491073900656158,0.004792503482750987,287.125
0.004910507203804464,0.004910507746593659,0.004795235044335485,287.1666666666667
0.0049104157396240985,0.004910416363708668,0.004798339214757298,287.2083333333333
0.0049104621208361275,0.004910462727913151,0.004801586384854595,287.25
0.0049106881701145196,0.004910688791328339,0.004804796180674254,287.2916666666667
0.004911153997103791,0.004911154632899369,0.004807831955596503,287.3333333333333
0.004911756060815107,0.004911756708006222,0.004810433416644874,287.375
0.0049123978159684965,0.004912398480890155,0.004812388772287433,287.4166666666667
0.004913023071787352,0.004913023720716598,0.004813568343236379,287.4583333333333
0.004913728145451692,0.004913730751349088,0.004814017167503648,287.5
0.004914674252609018,0.004914675586378343,0.004813869070020399,287.5416666666667
0.004915650277651502,0.004915651870208626,0.0048130157437732204,287.5833333333333
0.004916494464076809,0.004916495442581102,0.004811427737187902,287.625
0.004917093668026474,0.0049170943387018985,0.004809157874147894,287.6666666666667
0.004917372818629688,0.004917373469850902,0.004806320049873985,287.7083333333333
0.0049172326878755635,0.004917233361062119,0.00480302542991431,287.75
0.004916496669395519,0.004916500600612927,0.004799317942955183,287.7916666666667
0.004915558840301245,0.004915561887785712,0.004795747375681737,287.8333333333333
0.0049146437352715336,0.004914646023525587,0.004792716373845336,287.875
0.004913776880550338,0.004913778700256257,0.004790425042343623,287.9166666666667
0.004912977604985863,0.004912979020852784,0.004789012344403796,287.9583333333333
0.00491226261362778,0.004912263771395317,0.004788550375806737,288.0
0.004911648098786067,0.004911649076765103,0.004789042298053133,288.0416666666667
0.0049111491223944445,0.004911149979291299,0.004790423467571799,288.0833333333333
0.004910778227914359,0.0049107789951813394,0.004792567036235701,288.125
0.004910544174898932,0.0049105448648194255,0.004795295157690833,288.1666666666667
0.004910450842949942,0.004910451501515228,0.004798396573100648,288.2083333333333
0.004910495999136513,0.004910496629465916,0.004801642272346766,288.25
0.00491072177557829,0.0049107224087693285,0.004804852649262007,288.2916666666667
0.004911188795477551,0.004911189437641013,0.004807890389652635,288.3333333333333
0.004911792541075858,0.004911793193520294,0.004810494329297875,288.375
0.004912435766844523,0.004912436433494612,0.004812452055572094,288.4166666666667
0.004913062429290325,0.0049130627033768205,0.004813633712304079,288.4583333333333
0.004913827984223693,0.004913824993776375,0.004814127600800974,288.5
0.004914817424892853,0.004914817182974031,0.004814018064181456,288.5416666666667
0.004915824623692748,0.004915825273478593,0.00481319067048388,288.5833333333333
0.004916689869419496,0.004916690593715461,0.004811620278815639,288.625
0.004917303969681098,0.00491730456324829,0.004809362581008466,288.6666666666667
0.00491759388353173,0.004917594498390091,0.004806533450930426,288.7083333333333
0.004917461394407388,0.00491746204085018,0.004803244883646123,288.75
0.004916720123345521,0.004916719975506413,0.004799534170540392,288.7916666666667
0.0049157214623100605,0.004915722325054441,0.004795913864197104,288.8333333333333
0.0049147648860477,0.00491476576630446,0.004792848588074424,288.875
0.004913869765963045,0.004913870589592285,0.004790533436130097,288.9166666666667
0.004913051042296291,0.004913051809468544,0.004789104189064738,288.9583333333333
0.004912322702728593,0.004912323441867151,0.004788630702888268,289.0
0.004911699014004081,0.004911699703081728,0.004789114551930838,289.0416666666667
0.004911193713050858,0.004911194367696622,0.004790489776138659,289.0833333333333
0.004910818465710228,0.004910819100198219,0.004792628712431554,289.125
0.004910581443345154,0.0049105820655045915,0.004795354320943625,289.1666666666667
0.004910486096004744,0.004910486714043883,0.004798454455554495,289.2083333333333
0.0049105299178095795,0.004910530530947396,0.00480169938170876,289.25
0.004910755381033997,0.004910755987598083,0.00480490987887524,289.2916666666667
0.004911223577294438,0.0049112241918244206,0.0048079493531566425,289.3333333333333
0.004911828997944628,0.004911829631206658,0.004810555649491879,289.375
0.004912473683837282,0.0049124743556074185,0.00481251566633587,289.4166666666667
0.004913104653420952,0.004913104639344957,0.004813700322220181,289.4583333333333
0.004913930340358341,0.004913931065133912,0.0048142441099785025,289.5
0.004914964464701284,0.0049149670050085,0.004814171377008847,289.5416666666667
0.004916002077595343,0.004916004603691863,0.004813368810573806,289.5833333333333
0.004916887830058091,0.004916890085501971,0.00481181530236699,289.625
0.004917516603488985,0.004917518160476177,0.0048095693197743134,289.6666666666667
0.004917817010141693,0.0049178182494652185,0.0048067486013888445,289.7083333333333
0.004917691919210149,0.00491769298679955,0.004803465857682451,289.75
0.004916953043920289,0.00491695390882318,0.004799755462745919,289.7916666666667
0.004915894212392034,0.004915893689378843,0.004796084127075321,289.8333333333333
0.004914893604440238,0.004914892788949808,0.004792983114197538,289.875
0.004913967562036954,0.004913967315265901,0.004790643291896458,289.9166666666667
0.00491312773907742,0.004913127799254964,0.00478919690753794,289.9583333333333
0.004912384959941359,0.004912385212931409,0.004788711483426977,290.0
0.004911751342412805,0.004911751708775556,0.004789186936654402,290.0416666666667
0.004911239222740584,0.004911239671671371,0.004790556233507436,290.0833333333333
0.004910859286525086,0.004910859798369861,0.0047926909010127935,290.125
0.004910619065011375,0.004910619598510918,0.004795413603481105,290.1666666666667
0.004910521548023917,0.00491052210553659,0.00479851181985366,290.2083333333333
0.004910563944292348,0.0049105644972311365,0.004801755576384177,290.25
0.004910788978259038,0.004910789564856076,0.004804966135125078,290.2916666666667
0.0049112582924608055,0.004911258910904574,0.00480800735984639,290.3333333333333
0.004911865364386012,0.004911866010105621,0.0048106160625040915,290.375
0.004912511501266925,0.00491251217491422,0.004812578386026652,290.4166666666667
0.004913149844409962,0.004913151173126352,0.004813772430075979,290.4583333333333
0.004914039001774652,0.0049140411465715544,0.004814369733590161,290.5
0.004915118026241383,0.0049151197332781334,0.004814330998275942,290.5416666666667
0.004916184322103249,0.0049161859163927854,0.0048135512938328184,290.5833333333333
0.004917089958178031,0.004917091238431733,0.004812013413608639,290.625
0.0049177323504427045,0.004917733336708906,0.004809778387417628,290.6666666666667
0.004918042618462491,0.004918043502098721,0.0048069655414202115,290.7083333333333
0.004917924542390279,0.004917925365339701,0.004803688285604917,290.75
0.00491718874808343,0.004917189470385057,0.004799979998445409,290.7916666666667
0.004916073449830021,0.004916075749539221,0.004796264925463928,290.8333333333333
0.0049150260303579395,0.00491502693719096,0.004793124752212396,290.875
0.004914067986448788,0.004914068792668475,0.004790758142651005,290.9166666666667
0.004913206162222192,0.00491320695452865,0.004789293264277491,290.9583333333333
0.004912448308391012,0.004912449079794704,0.00478879486555949,291.0
0.004911804346055838,0.004911805085045007,0.004789261052703217,291.0416666666667
0.004911285134329808,0.004911285829540263,0.004790624041282227,291.0833333333333
0.0049109003466948605,0.004910901010228957,0.0047927548782870566,291.125
0.004910656805641651,0.004910657449441241,0.0047954747537842,291.1666666666667
0.00491055704664376,0.004910557687726195,0.00479857151947733,291.2083333333333
0.004910597946621277,0.004910598580024318,0.0048018145206637506,291.25
0.0049108225456299896,0.004910823196267289,0.004805025226746228,291.2916666666667
0.004911292982732538,0.004911293653800592,0.004808068149329763,291.3333333333333
0.004911901709502866,0.004911902400631229,0.0048106792045132405,291.375
0.004912549296634408,0.004912550022804164,0.004812643815769107,291.4166666666667
0.004913205402576736,0.004913209809591098,0.0048138568189201245,291.4583333333333
0.004914158393336661,0.004914159640939214,0.004814503163065228,291.5
0.004915278324615091,0.004915278722277787,0.004814496477574353,291.5416666666667
0.004916371258580133,0.00491637260223343,0.004813738427890326,291.5833333333333
0.0049172954499812314,0.004917296675880172,0.004812215288835767,291.625
0.004917950807036167,0.004917951647031198,0.004809990427108778,291.6666666666667
0.0049182704849749515,0.004918271240808962,0.004807184980482186,291.7083333333333
0.004918159094231207,0.004918159829131622,0.004803912908705792,291.75
0.004917426175647163,0.004917426843087727,0.0048002062923064,291.7916666666667
0.004916263260798916,0.004916264729903117,0.0047964533978931915,291.8333333333333
0.004915166431316878,0.004915165680842005,0.004793272019302969,291.875
0.004914173609450932,0.00491417330376024,0.004790876988318957,291.9166666666667
0.004913288146046119,0.004913288091781635,0.004789392461381921,291.9583333333333
0.004912514002127993,0.004912514232311772,0.0047888804146790755,292.0
0.004911858920865159,0.0049118592837632345,0.004789337342197473,292.0416666666667
0.004911332075076113,0.004911332521421639,0.004790694012980201,292.0833333333333
0.004910942065917677,0.004910942555080262,0.004792820587853735,292.125
0.004910694953010877,0.0049106954812154005,0.004795537229044166,292.1666666666667
0.004910592780534677,0.00491059331676117,0.004798631239498868,292.2083333333333
0.004910632073899125,0.004910632639271351,0.004801872944927767,292.25
0.004910856178640692,0.004910856782279811,0.004805083599393203,292.2916666666667
0.004911327711462362,0.004911328349578378,0.004808128220285362,292.3333333333333
0.004911938075109032,0.004911938738973261,0.004810741667804665,292.375
0.004912587095305073,0.004912587781110171,0.004812708559316535,292.4166666666667
0.0049132795182746805,0.004913279752114253,0.004813946784853771,292.4583333333333
0.004914287738153235,0.004914286061708652,0.004814639269282695,292.5
0.004915444035152268,0.0049154432716139885,0.004814664345581026,292.5416666666667
0.004916562806531657,0.004916562990678942,0.004813927728091385,292.5833333333333
0.004917504342880776,0.004917504869568417,0.004812419200648448,292.625
0.004918171928915907,0.004918172387073463,0.004810204606089477,292.6666666666667
0.004918500561239654,0.004918501050675511,0.004807406619059363,292.7083333333333
0.004918395579104003,0.004918396104476699,0.004804139762217057,292.75
0.004917665343726156,0.004917665860070508,0.004800435049772883,292.7916666666667
0.004916443087266637,0.004916464346096247,0.004796649800953527,292.8333333333333
0.004915295673369531,0.004915311531207594,0.004793425009746136,292.875
0.00491427167576931,0.004914282543026883,0.004791000273773412,292.9166666666667
0.004913364838133087,0.004913372371516156,0.00478949534923846,292.9583333333333
0.004912576180078429,0.004912581461433473,0.004788969148092583,293.0
0.004911911089871044,0.004911914853543049,0.004789416116937943,293.0416666666667
0.00491137737571215,0.004911380103750652,0.004790765706775411,293.0833333333333
0.004910982627387147,0.004910984673664941,0.004792887540484277,293.125
0.0049107322884202964,0.004910733866868123,0.004795601171597438,293.1666666666667
0.004910627929408796,0.00491062917736328,0.004798693609270944,293.2083333333333
0.004910665769364937,0.004910666794711751,0.004801934032094392,293.25
0.004910889454141093,0.0049108903635044256,0.004805144591536393,293.2916666666667
0.004911362144707764,0.004911362986683316,0.004808190779623819,293.3333333333333
0.004911974200045521,0.0049119750030034515,0.004810806638727098,293.375
0.004912624694568711,0.004912625479100867,0.0048127760145143675,293.4166666666667
0.004913358662435965,0.004913359435641606,0.004814049774891999,293.4583333333333
0.004914419229306579,0.004914419353314747,0.00481478585152881,293.5
0.004915612198302264,0.0049156126802418175,0.004814839896598047,293.5416666666667
0.00491675617750258,0.004916757040746525,0.004814122862676067,293.5833333333333
0.004917714919089067,0.004917715937383653,0.00481262774679322,293.625
0.004918394569396668,0.00491839528204435,0.004810422565647846,293.6666666666667
0.0049187320119828916,0.004918732693768634,0.004807631473311797,293.7083333333333
0.004918633313253497,0.004918634007069125,0.004804369364217192,293.75
0.004917905641558682,0.004917906321239776,0.004800665858664909,293.7916666666667
0.00491666768193081,0.004916675995203478,0.004796857104478931,293.8333333333333
0.004915458584934536,0.004915465408886002,0.004793585035278198,293.875
0.004914392142813441,0.00491439711265453,0.004791128172368124,293.9166666666667
0.004913456543015936,0.004913460172011194,0.004789601020349639,293.9583333333333
0.004912648345578186,0.004912651014824522,0.004789059492282663,294.0
0.004911969906588723,0.004911971946897674,0.004789495802927071,294.0416666666667
0.00491142708771298,0.004911428675063217,0.004790838019556058,294.0833333333333
0.004911026140811015,0.0049110274135522325,0.004792954655220089,294.125
0.004910771559610655,0.004910772621763105,0.004795664732487166,294.1666666666667
0.004910664346754302,0.004910665281217916,0.004798755383046539,294.2083333333333
0.004910700804110984,0.004910701096665892,0.004801994960802055,294.25
0.004910923594945655,0.004910924028734769,0.004805204871009601,294.2916666666667
0.004911397143253985,0.0049113976830313455,0.004808252293916201,294.3333333333333
0.004912010698338406,0.004912011317416532,0.004810870010854736,294.375
0.004912662535333914,0.004912663235099866,0.004812841218220182,294.4166666666667
0.004913447228326439,0.004913445376255366,0.004814153757285654,294.4583333333333
0.004914558137545511,0.0049145572035804,0.004814931992086453,294.5
0.004915786116929334,0.00491578559664245,0.004815014447805666,294.5416666666667
0.004916953595346926,0.004916953797487713,0.004814316657555277,294.5833333333333
0.00491792850283007,0.00491792905808887,0.004812834718684637,294.625
0.004918619615719451,0.004918620052837446,0.004810638747667603,294.6666666666667
0.004918965494526733,0.004918966009202686,0.004807854351690854,294.7083333333333
0.004918872842180401,0.004918873446102061,0.004804597005989111,294.75
0.0049181475258495665,0.004918148225987666,0.004800895059602786,294.7916666666667
0.004916896379773979,0.004916897258434744,0.004797070009984728,294.8333333333333
0.0049156231531565,0.004915626018328286,0.004793748190202506,294.875
0.004914513755268044,0.004914516198505674,0.0047912574249102,294.9166666666667
0.004913549054911257,0.004913551005248014,0.00478970701585216,294.9583333333333
0.004912721033276952,0.0049127225848835865,0.004789149388623968,295.0
0.004912029078181354,0.004912030364739178,0.0047895743379951115,295.0416666666667
0.004911477020256423,0.004911478114194621,0.004790908547153894,295.0833333333333
0.004911069774406354,0.004911070755383401,0.00479301915626366,295.125
0.0049108109062567,0.004910811795032192,0.004795725708819968,295.1666666666667
0.004910700779660126,0.004910701603363845,0.004798813513275104,295.2083333333333
0.004910734758041783,0.004910735534995696,0.0048020511489310636,295.25
0.004910957007248978,0.004910957751702791,0.004805261377191738,295.2916666666667
0.004911431655579086,0.004911432391570818,0.004808310775366442,295.3333333333333
0.004912046872112647,0.004912047611018317,0.004810931082534848,295.375
0.004912700943138491,0.004912700912877526,0.0048129055271314385,295.4166666666667
0.004913542251967093,0.004913540594877915,0.004814264819929552,295.4583333333333
0.004914701276363357,0.0049147015315859875,0.0048150828821621906,295.5
0.004915962724527044,0.0049159632019081115,0.004815192257346788,295.5416666666667
0.004917153225557772,0.004917153820366688,0.004814512766970051,295.5833333333333
0.004918144267962688,0.004918144681055786,0.00481304341843862,295.625
0.004918846481758043,0.004918846831440279,0.00481085638411554,295.6666666666667
0.0049192005478496835,0.004919201020630415,0.004808078586390867,295.7083333333333
0.0049191137939431084,0.004919114361841356,0.004804825871516168,295.75
0.004918390872824714,0.004918391426485894,0.004801125072768596,295.7916666666667
0.004917132595540971,0.004917131615721165,0.0047972914712869075,295.8333333333333
0.004915795159607092,0.004915793623456164,0.004793916713851194,295.875
0.004914639545793667,0.004914639933634418,0.0047913901350248546,295.9166666666667
0.004913642989151559,0.004913644923465976,0.0047898152450013025,295.9583333333333
0.0049127953101756805,0.004912796195579291,0.004789240801026654,296.0
0.004912089277583513,0.004912090131965488,0.0047896543639572575,296.0416666666667
0.004911527775677973,0.004911528424459516,0.0047909809090122026,296.0833333333333
0.004911113727034369,0.004911114571805088,0.00479308672251471,296.125
0.0049108504738581875,0.004910851216847401,0.004795789406642,296.1666666666667
0.00491073733317115,0.004910738065739592,0.0047988742466547,296.2083333333333
0.004910769287175648,0.004910770014391765,0.0048021115120278025,296.25
0.00491099076262895,0.004910991480533587,0.004805321391974129,296.2916666666667
0.0049114663729943765,0.0049114670958494405,0.0048083723047302514,296.3333333333333
0.004912083169110616,0.004912083907027409,0.004810994892404843,296.375
0.004912740301141714,0.004912741509103313,0.004812973775829204,296.4166666666667
0.004913646956423393,0.004913648034882952,0.004814386390426154,296.4583333333333
0.004914853039068942,0.004914854376602755,0.004815241592485539,296.5
0.004916145620464555,0.004916146831852747,0.0048153759787582335,296.5416666666667
0.004917357389371108,0.004917358477388914,0.004814713578183145,296.5833333333333
0.004918363148615234,0.004918364156269737,0.004813256344993831,296.625
0.004919075799402325,0.004919076601779539,0.004811077473216929,296.6666666666667
0.004919437629956418,0.00491943841052752,0.004808305955815824,296.7083333333333
0.00491935647100446,0.004919357271109283,0.004805057132281199,296.75
0.004918635534622573,0.004918636179395487,0.0048013570636990755,296.7916666666667
0.00491737452137839,0.004917375049053032,0.004797520546536976,296.8333333333333
0.004915945042748616,0.00491597124041415,0.004794092057421044,296.875
0.0049147525201640035,0.004914770352605122,0.004791527404307918,296.9166666666667
0.0049137310717010324,0.004913743290835173,0.004789926517863488,296.9583333333333
0.004912864292146343,0.004912872763016927,0.0047893342718370755,297.0
0.004912145893936653,0.004912151847144576,0.004789735370080192,297.0416666666667
0.004911575792509423,0.004911580021654449,0.004791053399928037,297.0833333333333
0.004911156205392141,0.004911159266581114,0.004793153386803087,297.125
0.004910888924501338,0.004910891208293432,0.004795852262675288,297.1666666666667
0.0049107731134813174,0.0049107748841919876,0.004798935681683283,297.2083333333333
0.004910803274343731,0.0049108046825250785,0.004802171053873192,297.25
0.004911024110005151,0.004911025310340682,0.004805380601682349,297.2916666666667
0.004911500787554137,0.004911501855019689,0.00480843315616233,297.3333333333333
0.004912119239860368,0.004912120225561769,0.0048110581796834305,297.375
0.004912778471840056,0.004912785008862764,0.004813045432608603,297.4166666666667
0.004913750805350226,0.004913756607862348,0.004814509269542717,297.4583333333333
0.004915004630738006,0.004915008311480367,0.00481540106409056,297.5
0.004916328516055302,0.004916331510424237,0.004815560188271065,297.5416666666667
0.004917561877077165,0.004917564093278298,0.004814914567736925,297.5833333333333
0.004918582253733444,0.004918584139701253,0.004813468569043292,297.625
0.004919305572295934,0.0049193070301721,0.0048112980882987055,297.6666666666667
0.004919675363214588,0.0049196765747515575,0.004808532545523336,297.7083333333333
0.004919599914191907,0.00491960101045157,0.004805288477387482,297.75
0.004918880969714886,0.00491888205036925,0.004801589943971631,297.7916666666667
0.004917619295768393,0.004917620247777339,0.004797752176271161,297.8333333333333
0.004916156572585928,0.004916156064242215,0.0047942749011847694,297.875
0.0049149064876447155,0.004914905600534547,0.004791669970902973,297.9166666666667
0.004913845334953443,0.004913844853837086,0.004790041501551366,297.9583333333333
0.004912951588304721,0.0049129514548381294,0.004789430286706649,298.0
0.004912214747480695,0.004912214975251783,0.004789818516828014,298.0416666666667
0.004911632154537493,0.004911632544757641,0.004791127650932812,298.0833333333333
0.004911204050141435,0.004911204567029733,0.004793221487389188,298.125
0.004910931031368664,0.0049109315960041405,0.0047959162774992275,298.1666666666667
0.004910811319929367,0.004910811937873388,0.004798996450001344,298.2083333333333
0.004910838864096469,0.004910839505415978,0.004802229975116615,298.25
0.004911058535138527,0.00491105921611495,0.004805439562555796,298.2916666666667
0.0049115359326939835,0.004911536652629944,0.004808493820758157,298.3333333333333
0.0049121558149445455,0.004912156567644132,0.004811121213134622,298.375
0.004912838703484273,0.004912839891995062,0.004813123837111035,298.4166666666667
0.0049138736531938905,0.004913874525019633,0.004814641491633874,298.4583333333333
0.004915168641716437,0.004915168768433397,0.004815567352657146,298.5
0.004916520068688183,0.004916520860616538,0.00481574954042369,298.5416666666667
0.004917772494665205,0.00491777325453963,0.0048151197014240435,298.5833333333333
0.004918806002612004,0.004918806920184667,0.004813684742018942,298.625
0.0049195387583223235,0.004919539620247653,0.00481152198743606,298.6666666666667
0.004919915684714066,0.004919916535850969,0.004808762366107747,298.7083333333333
0.00491984545763176,0.004919846264545076,0.00480552236935498,298.75
0.004919128284805797,0.004919129073284113,0.004801824612974563,298.7916666666667
0.004917865731769122,0.004917866514221164,0.004797985186277221,298.8333333333333
0.0049163474131882845,0.004916355607063223,0.00479446457428432,298.875
0.004915047645605386,0.004915050614938019,0.004791817267206202,298.9166666666667
0.004913950616248385,0.004913952954650116,0.004790159821684785,298.9583333333333
0.004913032808694807,0.00491303450553255,0.004789528683695556,299.0
0.004912279596076858,0.004912281002299802,0.004789903204909918,299.0416666666667
0.0049116857689774545,0.004911686990931145,0.0047912028865572985,299.0833333333333
0.00491125006902535,0.00491125113448381,0.004793290346541446,299.125
0.00491097186000266,0.004910972815115329,0.004795980632297939,299.1666666666667
0.004910848650175891,0.004910849531739711,0.004799057426327214,299.2083333333333
0.004910873846493996,0.0049108746787600395,0.004802289834090768,299.25
0.004911092520603041,0.004911093331098261,0.004805498994402824,299.2916666666667
0.004911570769333486,0.004911571577215416,0.00480855482854886,299.3333333333333
0.0049121921779356394,0.00491219299355948,0.0048111847637804656,299.375
0.004912905405634829,0.004912905062467467,0.004813210681791989,299.4166666666667
0.004913999784960123,0.0049139990534301315,0.004814777897667183,299.4583333333333
0.004915334081927396,0.004915333925958089,0.0048157366488720465,299.5
0.004916713532297273,0.0049167136390597796,0.00481594121611301,299.5416666666667
0.004917984580074813,0.004917985147779807,0.004815326639230827,299.5833333333333
0.004919031237197136,0.004919031976579591,0.004813902175372486,299.625
0.004919773410467749,0.004919774157766535,0.004811747159185159,299.6666666666667
0.004920157405726708,0.004920158154444054,0.00480899320275603,299.7083333333333
0.004920092288886682,0.004920093047317523,0.004805757317055444,299.75
0.00491937674021053,0.0049193775118486155,0.004802060410483844,299.7916666666667
0.004918113240160188,0.004918114027588728,0.004798219396648665,299.8333333333333
0.0049165238909759925,0.004916552783722468,0.004794662913537955,299.875
0.0049151737736162346,0.00491519412635275,0.004791970446334103,299.9166666666667
0.004914046127176893,0.004914060038331327,0.004790282602583061,299.9583333333333
0.004913107272531999,0.004913116860618011,0.004789630764405333,300.0
0.0049123398535675464,0.004912346555866029,0.004789991086658819,300.0416666666667
0.004911736356085096,0.004911741117136076,0.004791280765955688,300.0833333333333
0.004911294016107883,0.004911297471541313,0.004793361159299513,300.125
0.0049110112906948665,0.004911013857453534,0.004796047686055028,300.1666666666667
0.0049108850048689865,0.004910886984634891,0.004799122038948065,300.2083333333333
0.004910908137460018,0.004910909720496324,0.004802351515149515,300.25
0.0049111260163027005,0.004911127346921372,0.004805560462005322,300.2916666666667
0.004911605261011933,0.004911606438141166,0.004808617964982248,300.3333333333333
0.004912228297614785,0.004912229384672076,0.004811250166563699,300.375
0.004912973544610604,0.004912974630702997,0.004813305886250131,300.4166666666667
0.004914126802155108,0.004914127657058787,0.004814919900612154,300.4583333333333
0.004915500954517044,0.004915502098115378,0.004815910088555001,300.5
0.004916907838744274,0.004916908750320792,0.004816135853857374,300.5416666666667
0.0049181976034805945,0.004918198658420643,0.004815535799211601,300.5833333333333
0.004919257258621709,0.004919258422349346,0.004814121414801891,300.625
0.004920008775104589,0.004920009684738284,0.004811973701064384,300.6666666666667
0.004920399829194022,0.004920400672185124,0.004809225393058472,300.7083333333333
0.004920339813199915,0.004920340657231698,0.004805993466317274,300.75
0.004919625868446134,0.004919626752558149,0.004802297287829358,300.7916666666667
0.0049183614191226676,0.0049183623079105095,0.004798454900646491,300.8333333333333
0.00491676576110759,0.004916764330688614,0.004794869078941568,300.875
0.004915351575511023,0.004915347479081579,0.004792129081105034,300.9166666666667
0.004914175270345679,0.00491417375828964,0.004790408866050915,300.9583333333333
0.004913204272668541,0.0049132036735650185,0.004789734952332586,301.0
0.004912415356056735,0.004912415095026064,0.004790079941693782,301.0416666666667
0.004911797096970392,0.00491179722291023,0.004791358981898697,301.0833333333333
0.004911344777732707,0.004911345120522822,0.004793432219813863,301.125
0.004911055272876177,0.0049110557583243826,0.00479611340648841,301.1666666666667
0.004910924401960125,0.004910924990652785,0.004799184718996187,301.2083333333333
0.004910944467365623,0.004910945109584571,0.004802412755351476,301.25
0.004911160871616031,0.004911161564361093,0.004805621097303809,301.2916666666667
0.004911640670139123,0.004911641410816127,0.0048086799190495974,301.3333333333333
0.00491226504667764,0.00491226582720135,0.00481131442962659,301.375
0.004913064290545024,0.004913062818094826,0.004813408310020796,301.4166666666667
0.0049142692119097135,0.004914268369297691,0.004815066406549909,301.4583333333333
0.00491567881896753,0.004915678604619891,0.004816086321103784,301.5
0.0049171094773301964,0.004917109658638804,0.004816332427413049,301.5416666666667
0.00491841580260504,0.0049184161852340825,0.00481574648449109,301.5833333333333
0.0049194870728419896,0.004919487593582265,0.004814342093027889,301.625
0.004920246996445981,0.0049202476091684665,0.004812201592951519,301.6666666666667
0.004920644476425376,0.004920645157331646,0.004809458662411475,301.7083333333333
0.004920589175754027,0.004920589925098235,0.0048062306072212384,301.75
0.004919876469369607,0.004919877378110278,0.004802535063705145,301.7916666666667
0.004918610861630657,0.0049186117592750385,0.004798690747002713,301.8333333333333
0.0049169924320672485,0.004916981023224583,0.004795080967750442,301.875
0.00491551114802545,0.004915502650738316,0.004792292275861036,301.9166666666667
0.004914293719977229,0.004914288461205152,0.0047905381498178695,301.9583333333333
0.004913294399017387,0.004913291133077402,0.00478984104185626,302.0
0.004912485897109503,0.004912484043489925,0.0047901702589998076,302.0416666666667
0.0049118545465096945,0.004911853583906464,0.004791438910567809,302.0833333333333
0.004911393289688917,0.004911392925012924,0.004793505018442554,302.125
0.004911097745837021,0.004911097747127043,0.0047961811149698046,302.1666666666667
0.004910962815972188,0.004910963041220612,0.004799249119072221,302.2083333333333
0.004910980090474903,0.0049109805066968855,0.004802473887091266,302.25
0.0049111952244651185,0.004911195794035746,0.004805682138400883,302.2916666666667
0.004911675736203408,0.004911676406436215,0.00480874272168134,302.3333333333333
0.004912301619834167,0.004912302305195692,0.004811379530265322,302.375
0.004913155503154738,0.004913154733862304,0.004813519567030082,302.4166666666667
0.004914411439351989,0.00491441144946802,0.004815218554707274,302.4583333333333
0.004915856598210851,0.004915856912608143,0.004816266494132197,302.5
0.0049173115313816,0.004917311982057472,0.00481653187514073,302.5416666666667
0.004918634531258466,0.004918635103531453,0.004815959308314339,302.5833333333333
0.004919717469028576,0.004919718229567913,0.00481456420889614,302.625
0.004920485793184525,0.004920486617985927,0.004812430170600665,302.6666666666667
0.00492088972288198,0.004920890587460829,0.004809692346825364,302.7083333333333
0.004920839169473106,0.004920840053942008,0.004806467862875119,302.75
0.004920127832114007,0.004920128762038818,0.00480277278473378,302.7916666666667
0.0049188610119682424,0.004918861894902575,0.004798926585177085,302.8333333333333
0.00491722669897219,0.004917220341126302,0.004795305095856973,302.875
0.0049156771349080685,0.004915675833899877,0.004792462075267288,302.9166666666667
0.004914415684100978,0.004914415514410569,0.004790671553749006,302.9583333333333
0.004913386813304384,0.004913386821598618,0.004789949902936619,303.0
0.0049125581077096095,0.004912558478921644,0.004790262283704685,303.0416666666667
0.0049119130940987535,0.0049119136141793866,0.0047915188067186735,303.0833333333333
0.004911442551492322,0.00491144316983938,0.0047935765221313225,303.125
0.004911140714135295,0.004911141360318906,0.004796247217806452,303.1666666666667
0.004911001498518294,0.004911002173704945,0.004799311725938589,303.2083333333333
0.00491101591521071,0.004911016618730035,0.0048025351358318424,303.25
0.0049112297245073105,0.0049112304602980696,0.004805742537488718,303.2916666666667
0.004911710909704927,0.004911711677851201,0.004808804405809862,303.3333333333333
0.004912338540381697,0.004912340940779875,0.00481144404308793,303.375
0.0049132524601770275,0.004913255658087099,0.004813635224266358,303.4166666666667
0.004914559248183762,0.004914561847239447,0.004815374543244386,303.4583333333333
0.004916038475271176,0.004916040335714173,0.00481644946607203,303.5
0.0049175164628009055,0.004917517992386953,0.004816733067806884,303.5416666666667
0.004918855421195057,0.004918856872593624,0.004816173133944956,303.5833333333333
0.004919949574509163,0.004919950818788074,0.004814786901464848,303.625
0.004920726111083801,0.004920727076932757,0.004812659366000245,303.6666666666667
0.004921136349374656,0.0049211371997139736,0.0048099263862909185,303.7083333333333
0.004921090400993313,0.0049210911567533246,0.004806705390846072,303.75
0.0049203803022964815,0.004920381005959043,0.0048030104380017,303.7916666666667
0.0049191120960413864,0.004919112803336705,0.004799162331738981,303.8333333333333
0.004917470809922653,0.004917465583015448,0.004795534037069945,303.875
0.004915851026815056,0.004915850965952192,0.004792635525748324,303.9166666666667
0.0049145462588830145,0.004914543781365713,0.004790807439391042,303.9583333333333
0.004913485990680055,0.004913483342083802,0.0047900600663388125,304.0
0.004912634903767494,0.004912633497462222,0.004790355074304426,304.0416666666667
0.004911974455557728,0.0049119740216093275,0.0047916001755871785,304.0833333333333
0.004911493884072797,0.004911493729604073,0.004793650039853564,304.125
0.004911184996525963,0.004911185183280681,0.00479631589977333,304.1666666666667
0.004911041090161755,0.004911041436613675,0.004799377415081429,304.2083333333333
0.004911052321018851,0.004911052805201263,0.004802598368185315,304.25
0.004911264601760173,0.004911265194088328,0.004805804960200001,304.2916666666667
0.004911746342187902,0.004911747017072899,0.004808868243723935,304.3333333333333
0.004912376587858622,0.004912376478422386,0.0048115115367292315,304.375
0.0049133601775076755,0.004913359265956121,0.0048137558952389215,304.4166666666667
0.004914714385428096,0.004914713659359546,0.0048155340720261505,304.4583333333333
0.004916225132324223,0.00491622494530813,0.0048166353952672145,304.5
0.004917724902048029,0.004917724975837377,0.004816937395911387,304.5416666666667
0.004919078913484003,0.00491907936363322,0.004816390081398317,304.5833333333333
0.004920183633648553,0.0049201842645909205,0.004815012675237925,304.625
0.004920967880411743,0.004920968578130876,0.004812891137744103,304.6666666666667
0.0049213841098970776,0.004921384855497099,0.004810163117885213,304.7083333333333
0.004921342568876604,0.004921343360762223,0.004806945600101152,304.75
0.0049206335197254595,0.004920634333867386,0.004803251112215402,304.7916666666667
0.004919363889091212,0.004919364692995835,0.004799400854950179,304.8333333333333
0.004917714049627953,0.004917714871540846,0.004795769139976059,304.875
0.004916015576429058,0.004916034157028047,0.004792813375160636,304.9166666666667
0.004914664705633841,0.004914677516053194,0.004790946612598918,304.9583333333333
0.004913574665864596,0.00491358357941956,0.004790172887064488,305.0
0.004912704748344647,0.00491271099354119,0.00479044993560133,305.0416666666667
0.004912031657018198,0.0049120361283947565,0.00479168284489581,305.0833333333333
0.004911542048496727,0.004911545328507562,0.0047937246907783825,305.125
0.0049112272362271964,0.004911229706674523,0.004796384371444341,305.1666666666667
0.0049110792475752915,0.004911081150615189,0.004799442149393694,305.2083333333333
0.004911087755457704,0.004911089292872293,0.004802661780403674,305.25
0.004911298816101301,0.004911300117961269,0.004805867431951684,305.2916666666667
0.004911781326095639,0.004911782484693209,0.004808931982466088,305.3333333333333
0.004912425835379612,0.004912426159445201,0.004811586524599732,305.375
0.004913475509210849,0.004913475673658664,0.004813886434940542,305.4166666666667
0.004914873859686512,0.004914874219765829,0.004815700158999536,305.4583333333333
0.00491641509402824,0.004916415566050062,0.004816825683724371,305.5
0.004917935679942672,0.004917936248071847,0.004817144067149005,305.5416666666667
0.004919304100600654,0.004919304872148647,0.004816608110270635,305.5833333333333
0.004920419037674225,0.0049204198976795024,0.004815238813402402,305.625
0.004921210796602917,0.004921211639498726,0.004813123695643691,305.6666666666667
0.0049216328933243065,0.004921633705079597,0.00481040056807212,305.7083333333333
0.0049215956848917605,0.004921596472854266,0.004807186594531259,305.75
0.004920887602196208,0.00492088837113388,0.004803492174204247,305.7916666666667
0.004919616433427404,0.004919617197818397,0.0047996397550120334,305.8333333333333
0.0049179638886022265,0.004917964724130588,0.004796004806115418,305.875
0.0049162277916051066,0.004916225346568721,0.0047930047402367755,305.9166666666667
0.004914822120199882,0.004914816494431997,0.004791094948771553,305.9583333333333
0.004913688900870627,0.004913687260337607,0.0047902920371307245,306.0
0.004912791537741295,0.004912790804688541,0.004790549006762985,306.0416666666667
0.0049120998522522615,0.004912099735802957,0.004791768046226698,306.0833333333333
0.004911597995450444,0.004911597972621342,0.004793799854293322,306.125
0.004911274519417376,0.004911274917611531,0.004796453097783173,306.1666666666667
0.004911120901744293,0.004911121333239591,0.004799506223443562,306.2083333333333
0.004911125548239846,0.0049111260839441485,0.0048027227074299485,306.25
0.004911334613545429,0.004911335242097335,0.004805928069334169,306.2916666666667
0.004911817390672444,0.004911818092032486,0.004808994286524105,306.3333333333333
0.004912482781037552,0.004912485870478772,0.004811666392186234,306.375
0.004913595345606963,0.004913597947365219,0.004814018387302795,306.4166666666667
0.004915036829705663,0.0049150388718573945,0.004815866761816775,306.4583333333333
0.004916607490495263,0.004916609110961781,0.004817015847096069,306.5
0.004918148315659218,0.004918149636703501,0.004817350286125333,306.5416666666667
0.00491953078933952,0.004919532053488821,0.004816825543483164,306.5833333333333
0.004920655656581665,0.00492065693813115,0.004815464184621412,306.625
0.004921454719296118,0.004921455744707836,0.004813355058800534,306.6666666666667
0.004921882525054694,0.004921883444534339,0.004810636410395628,306.7083333333333
0.004921849533652191,0.004921850394802157,0.004807425679165064,306.75
0.004921142377075282,0.004921143149630558,0.004803731509120243,306.7916666666667
0.004919869612871983,0.004919870353375396,0.004799876884400798,306.8333333333333
0.0049182143793964055,0.004918215141534418,0.0047962388646000135,306.875
0.00491642183929586,0.0049164239181886055,0.004793198370754818,306.9166666666667
0.004914967546048236,0.0049149604668493625,0.004791244002562505,306.9583333333333
0.00491379736015737,0.004913794324757687,0.004790410793063081,307.0
0.004912874404296203,0.004912872890320044,0.004790647442710534,307.0416666666667
0.004912165433912583,0.004912164897578371,0.004791852621906033,307.0833333333333
0.004911651731080059,0.004911651663161863,0.004793875533699303,307.125
0.004911320655370888,0.00491132082478256,0.00479652320633266,307.1666666666667
0.004911161596814673,0.004911162084503733,0.004799572108960465,307.2083333333333
0.004911162664861155,0.004911163238401197,0.004802785826532548,307.25
0.004911369962893014,0.004911370619488177,0.0048059901994457165,307.2916666666667
0.0049118531680125595,0.004911853890705385,0.004809057641068418,307.3333333333333
0.004912553683305506,0.004912553200448744,0.004811758170239339,307.375
0.0049137246195928705,0.004913725426649097,0.004814158235219107,307.4166666666667
0.004915206314471998,0.004915207139859576,0.004816039034855524,307.4583333333333
0.00491680442577161,0.00491680522010822,0.004817210198281101,307.5
0.004918364128724901,0.004918364883287724,0.004817559777461618,307.5416666666667
0.004919759744770815,0.004919760467423667,0.004817045269606237,307.5833333333333
0.004920893958583788,0.004920894743466845,0.004815691229715766,307.625
0.004921699949098963,0.004921700730171685,0.004813587026752378,307.6666666666667
0.004922133234592618,0.004922134024270013,0.0048108727050486634,307.7083333333333
0.004922104310964019,0.004922105101906871,0.004807664775279762,307.75
0.004921397885320604,0.004921398643123418,0.004803970602631935,307.7916666666667
0.00492012340134406,0.004920124145077328,0.004800114141622053,307.8333333333333
0.0049184653442179965,0.004918466114813758,0.00479647311977489,307.875
0.004916635588869115,0.00491663403424453,0.004793397553306157,307.9166666666667
0.004915104954277497,0.0049151121785576185,0.004791397997283435,307.9583333333333
0.004913901458377942,0.0049139066256151595,0.004790533427298054,308.0
0.004912954755848921,0.004912958498070392,0.004790748653700784,308.0416666666667
0.004912229681694363,0.004912232431520624,0.004791939429532528,308.0833333333333
0.004911704821091065,0.004911706927423235,0.004793952511211873,308.125
0.004911366132007498,0.0049113677991795245,0.00479659282090757,308.1666666666667
0.004911201981944074,0.004911203362175131,0.004799636993699742,308.2083333333333
0.004911199594935897,0.004911200785707602,0.004802847604258345,308.25
0.00491140520752762,0.004911406298131491,0.004806051032542185,308.2916666666667
0.004911888905124483,0.004911889928882716,0.004809119731833863,308.3333333333333
0.004912631863037033,0.004912630388324119,0.004811854549724431,308.375
0.004913859928457983,0.004913858795293284,0.004814300478908185,308.4166666666667
0.004915379986906084,0.004915379482298922,0.00481621248140112,308.4583333333333
0.004917004302702318,0.004917004225881704,0.004817405019545852,308.5
0.00491858203965184,0.004918582249246099,0.0048177693704704455,308.5416666666667
0.004919990232140309,0.004919990770212195,0.004817265186464868,308.5833333333333
0.004921133424055331,0.004921134096402943,0.004815918585447933,308.625
0.004921946059726193,0.004921946829454451,0.004813820479180404,308.6666666666667
0.004922384658974062,0.004922385484111312,0.004811110621753187,308.7083333333333
0.004922359712750883,0.004922360560215704,0.004807906230882592,308.75
0.004921653892275245,0.004921654697559972,0.004804212216105391,308.7916666666667
0.004920377651947719,0.004920378434520085,0.00480035333210597,308.8333333333333
0.004918716701609584,0.004918717519922567,0.004796708924781783,308.875
0.0049168699987806475,0.0049168501444163785,0.004793602916566112,308.9166666666667
0.004915260440133646,0.0049152690059202,0.0047915543681389386,308.9583333333333
0.004914019267440757,0.004914022338475008,0.004790657606218311,309.0
0.004913045510001059,0.004913046406223406,0.004790850980520431,309.0416666666667
0.004912300682733918,0.004912301517248209,0.004792026832980533,309.0833333333333
0.004911761902214923,0.004911763299531139,0.004794029445346877,309.125
0.00491141456008887,0.004911415528386485,0.004796663110474018,309.1666666666667
0.004911244297312452,0.004911245251073043,0.004799703410162539,309.2083333333333
0.004911237830796528,0.004911238730343957,0.004802912305607504,309.25
0.004911441296501078,0.004911442171562923,0.004806114782084387,309.2916666666667
0.004911925196929511,0.004911926065552683,0.0048091847672207845,309.3333333333333
0.004912718251858642,0.004912717613852935,0.004811961614988511,309.375
0.00491400018022208,0.004914000346445422,0.004814450837683223,309.4166666666667
0.004915557038320924,0.004915557408632344,0.0048163923898911715,309.4583333333333
0.00491720655617678,0.004917207049584773,0.004817605192971157,309.5
0.0049188016877543955,0.0049188022491475905,0.004817983525920015,309.5416666666667
0.004920222024921495,0.004920222743179977,0.004817489129497423,309.5833333333333
0.0049213739282023255,0.0049213747101055265,0.004816149463296051,309.625
0.004922193138439907,0.004922193817844451,0.0048140566276580294,309.6666666666667
0.0049226369758864465,0.004922637648513114,0.004811351086376701,309.7083333333333
0.004922615905819626,0.004922616602295425,0.004808149787534262,309.75
0.004921910688959129,0.004921911416327323,0.004804455695207492,309.7916666666667
0.004920632534049171,0.004920633225179755,0.004800594388689299,309.8333333333333
0.004918968603298418,0.004918969326447266,0.004796946554995936,309.875
0.004917091043792301,0.004917081286856315,0.004793827744355897,309.9166666666667
0.004915441471265442,0.004915431289197285,0.0047917249482020445,309.9583333333333
0.004914146568756803,0.004914141676694207,0.004790791988562179,310.0
0.004913140685552818,0.004913136807415934,0.004790960822986477,310.0416666666667
0.004912374261434671,0.0049123723362347535,0.004792120135841639,310.0833333333333
0.004911822208509359,0.004911820821221786,0.004794112042464122,310.125
0.004911464671488083,0.004911464036848908,0.004796738539070066,310.1666666666667
0.004911287818964475,0.0049112876417594055,0.0047997744930554625,310.2083333333333
0.004911276938152779,0.00491127701816188,0.004802980294653234,310.25
0.004911478025216058,0.004911478333786509,0.004806181207282753,310.2916666666667
0.004911961973686305,0.004911962454222455,0.004809252119525711,310.3333333333333
0.004912809496681902,0.004912811792983774,0.004812076982463235,310.375
0.004914144157427661,0.00491414587572548,0.0048146071555331404,310.4166666666667
0.004915736706887694,0.0049157381002053815,0.004816576480266386,310.4583333333333
0.004917410674757455,0.004917411847608605,0.004817808254975814,310.5
0.004919022696674286,0.004919023715382587,0.004818199724324492,310.5416666666667
0.004920454861836003,0.00492045588296497,0.004817714934278742,310.5833333333333
0.0049216152377713355,0.004921616227698306,0.004816382101512177,310.625
0.00492244080869236,0.0049224416354427996,0.004814293992533911,310.6666666666667
0.004922889743471153,0.0049228905314129085,0.004811592188269563,310.7083333333333
0.004922872479945879,0.0049228732737740645,0.004808393579462045,310.75
0.004922167817255175,0.004922168560535371,0.004804699111736194,310.7916666666667
0.004920887705545908,0.0049208884628409505,0.004800835076876442,310.8333333333333
0.004919220717209306,0.0049192215410263085,0.004797183532384583,310.875
0.004917324628085731,0.0049173230567179345,0.004794054827210607,310.9166666666667
0.0049156067782281185,0.004915605998789327,0.004791894572666772,310.9583333333333
0.0049142696555787395,0.00491426927661567,0.004790925099626111,311.0
0.004913232665027571,0.004913232668696216,0.00479106917932238,311.0416666666667
0.004912446513143127,0.0049124467907342055,0.004792211523042641,311.0833333333333
0.0049118803033757485,0.004911880788533303,0.004794192010873729,311.125
0.004911513623780722,0.004911514209740076,0.0047968112114195344,311.1666666666667
0.00491133057060981,0.004911331305876699,0.004799841361989478,311.2083333333333
0.004911315429551064,0.004911316159647289,0.004803044297911378,311.25
0.004911514336649061,0.004911515088098255,0.00480624392294414,311.2916666666667
0.004911999555069158,0.004911999294556011,0.004809315926279346,311.3333333333333
0.0049129154456446535,0.0049129112706393,0.004812191983196174,311.375
0.004914297705358895,0.004914295159701361,0.004814761896252149,311.4166666666667
0.004915922842491543,0.004915921384830392,0.0048167585458726405,311.4583333333333
0.004917619190785027,0.0049176184586594675,0.004818009166644475,311.5
0.004919246734070744,0.004919246545937906,0.00481841381652845,311.5416666666667
0.004920689816531271,0.0049206899686884105,0.004817937894599016,311.5833333333333
0.004921858072420024,0.004921858445478919,0.004816611366049901,311.625
0.00492268960785574,0.004922690017420369,0.004814528472933136,311.6666666666667
0.004923143398513098,0.004923143898447865,0.0048118309661433975,311.7083333333333
0.0049231297822239,0.00492313037481051,0.004808635464218096,311.75
0.0049224255171356115,0.0049224261145512415,0.004804940865157704,311.7916666666667
0.0049211433587637386,0.004921144009238527,0.004801074231529886,311.8333333333333
0.004919473286245485,0.00491947397250204,0.0047974192989651086,311.875
0.004917568915925124,0.004917569162363597,0.004794285058752303,311.9166666666667
0.004915757723172014,0.00491578409087726,0.004792070880968545,311.9583333333333
0.004914381472524764,0.0049143994613583325,0.004791063522593041,312.0
0.0049133179943351615,0.004913330352961235,0.004791181371514336,312.0416666666667
0.004912513918056354,0.0049125224535816895,0.00479230605781616,312.0833333333333
0.004911935556892538,0.004911941591914656,0.004794274406867199,312.125
0.004911560642632534,0.004911564959138644,0.004796885538848578,312.1666666666667
0.004911372002739133,0.004911375260790212,0.004799911110941714,312.2083333333333
0.004911353139572146,0.004911355531471953,0.004803109480662967,312.25
0.004911550148493334,0.004911552034998887,0.004806307933900292,312.2916666666667
0.004912039054351076,0.004912041924564472,0.004809385244378242,312.3333333333333
0.004913023984885835,0.004913025735184121,0.0048123174478592375,312.375
0.004914453030093081,0.004914454559149014,0.004814924387844193,312.4166666666667
0.004916110214913783,0.004916111499838389,0.004816946330899068,312.4583333333333
0.004917828588339049,0.004917829703455098,0.004818214335474412,312.5
0.004919471422164787,0.00491947241363073,0.004818631059389421,312.5416666666667
0.004920925270607048,0.004920926276761345,0.004818164090330089,312.5833333333333
0.004922101299116751,0.004922102290540539,0.0048168441243118315,312.625
0.004922938723978434,0.004922939570214651,0.004814765417752941,312.6666666666667
0.004923397345260866,0.004923398135589745,0.004812071544088385,312.7083333333333
0.004923387378906933,0.004923388146378024,0.0048088785809264735,312.75
0.0049226834690565425,0.004922684236646497,0.004805183358032281,312.7916666666667
0.004921399209001945,0.004921399991175899,0.004801313720784457,312.8333333333333
0.004919725958004494,0.004919726776126592,0.004797654778849756,312.875
0.004917817662177138,0.004917818516968734,0.004794514094308023,312.9166666666667
0.0049159695742541755,0.0049159696346800785,0.004792254365731948,312.9583333333333
0.004914534175980983,0.004914534406560261,0.004791204520977689,313.0
0.004913430806444453,0.004913431301931084,0.0047912944879526095,313.0416666666667
0.0049125998016146845,0.0049126004240189385,0.004792400536371966,313.0833333333333
0.004912003243353832,0.004912003974043475,0.004794356431494381,313.125
0.004911616037404222,0.004911616794763125,0.004796958561072446,313.1666666666667
0.004911419096651634,0.004911419971360851,0.004799978012292958,313.2083333333333
0.004911394601942387,0.004911395436018473,0.004803173201523,313.25
0.004911588482170106,0.004911589327923156,0.004806370394490339,313.2916666666667
0.004912094503984484,0.004912095929478685,0.004809462571361703,313.3333333333333
0.0049131424635817855,0.004913144280649074,0.004812447026481271,313.375
0.00491461509857585,0.004914616582430565,0.004815089023240612,313.4166666666667
0.004916302150385257,0.004916303396994783,0.004817134886395127,313.4583333333333
0.004918041103629088,0.004918042192684509,0.004818419346363688,313.5
0.004919698254445926,0.004919699211836149,0.004818847428274881,313.5416666666667
0.004921162227784522,0.004921163100167724,0.004818388323560722,313.5833333333333
0.004922345613198157,0.004922346597990061,0.004817074134110039,313.625
0.004923188618997358,0.004923189567369011,0.004815000294790321,313.6666666666667
0.004923651839123431,0.004923652767094918,0.004812310186375318,313.7083333333333
0.004923645355449164,0.004923646251500617,0.004809120064623968,313.75
0.004922941652137963,0.004922942576724263,0.0048054248356440765,313.7916666666667
0.004921655291879975,0.004921656149609409,0.0048015531089915285,313.8333333333333
0.004919978838876011,0.004919979692245046,0.0047978908974504126,313.875
0.004918067487545072,0.0049180679310711775,0.0047947465308113705,313.9166666666667
0.00491617689123552,0.004916166949167702,0.004792440447922243,313.9583333333333
0.00491469044036405,0.004914677535540149,0.004791348952652303,314.0
0.004913544589532844,0.004913537672533864,0.004791410686229927,314.0416666666667
0.00491268648129101,0.004912681999243011,0.004792497133899068,314.0833333333333
0.004912071476156334,0.004912068753767403,0.0047944400934041495,314.125
0.00491167178469532,0.004911670263144746,0.004797033532622008,314.1666666666667
0.004911466443950195,0.00491146570826547,0.004800047325632101,314.2083333333333
0.004911436483418944,0.004911436076961685,0.004803238924929999,314.25
0.004911627199594841,0.0049116271719630315,0.004806434697260422,314.2916666666667
0.004912160874735114,0.004912159454618508,0.004809549190300244,314.3333333333333
0.004913268245717213,0.004913267641713928,0.004812581436335827,314.375
0.004914782096391925,0.004914781936036876,0.004815257126790481,314.4166666666667
0.0049164974355683545,0.004916497568713427,0.00481732633515513,314.4583333333333
0.004918255923332444,0.0049182562415007215,0.004818627049071039,314.5
0.00491992666793415,0.004919927115702329,0.004819066531246954,314.5416666666667
0.004921400302191279,0.004921400908435257,0.004818615948774064,314.5833333333333
0.004922590736468468,0.004922591427771996,0.00481730797349569,314.625
0.00492343915028501,0.004923439898585615,0.0048152384149812875,314.6666666666667
0.0049239068659829,0.004923907640395558,0.004812552146326121,314.7083333333333
0.004923903794170248,0.004923904568079124,0.004809364534096217,314.75
0.0049232003414565115,0.004923201134212679,0.004805668751093986,314.7916666666667
0.00492191168533056,0.004921912487777925,0.004801794227597694,314.8333333333333
0.004920231910448839,0.004920232762197082,0.00479812835182238,314.875
0.004918316582028313,0.004918317437845383,0.004794980153371545,314.9166666666667
0.004916366286742937,0.004916371388019238,0.004792638718995991,314.9583333333333
0.004914815118008283,0.004914825331586498,0.0047915015609560395,315.0
0.004913640140805906,0.004913647314599569,0.004791532449767185,315.0416666666667
0.0049127606314830295,0.004912765785312767,0.0047925983571329685,315.0833333333333
0.004912131377418147,0.004912135167837112,0.004794527039035297,315.125
0.004911722051972896,0.004911724882589914,0.004797111227840825,315.1666666666667
0.004911510128310412,0.004911512380442848,0.004800118735731699,315.2083333333333
0.004911475586657894,0.004911477366468393,0.004803305929150752,315.25
0.0049116640007121825,0.004911665488350177,0.004806500169925088,315.2916666666667
0.004912234052630569,0.004912233609900772,0.004809643800283338,315.3333333333333
0.004913398817550235,0.004913399020825051,0.004812722227892019,315.375
0.0049149522401849555,0.0049149526957223445,0.00481542992211497,315.4166666666667
0.00491669479526867,0.004916695345854473,0.004817520925747704,315.4583333333333
0.004918472099595613,0.004918472691847465,0.004818836645240054,315.5
0.004920155995249991,0.004920156635840864,0.004819286490102898,315.5416666666667
0.004921638979424053,0.004921639721807634,0.004818842922919879,315.5833333333333
0.004922836261333246,0.004922837036942079,0.004817540300032628,315.625
0.004923690015183525,0.004923690763890483,0.004815475433276106,315.6666666666667
0.004924162158894134,0.004924162901897627,0.004812792679163898,315.7083333333333
0.004924162415007247,0.004924163167715258,0.004809607829868912,315.75
0.004923458982075832,0.00492345982649378,0.004805911518990901,315.7916666666667
0.004922168080752953,0.0049221688744216854,0.0048020338990678825,315.8333333333333
0.004920484994976908,0.004920485787396524,0.0047983638349313705,315.875
0.004918566090166681,0.004918566891844394,0.004795211613349358,315.9166666666667
0.004916602467850291,0.004916575351792784,0.004792843494969772,315.9583333333333
0.004914989348036406,0.004914972844144182,0.004791657803826943,316.0
0.004913769895119196,0.004913756661580111,0.004791655976748737,316.0416666666667
0.004912858149254741,0.004912849516314913,0.004792700158492918,316.0833333333333
0.004912206887015857,0.00491220151181564,0.004794614413770508,316.125
0.0049117828081116964,0.004911779473391163,0.004797188683628584,316.1666666666667
0.004911560957354452,0.004911558993548495,0.004800189827200471,316.2083333333333
0.004911519714897153,0.004911518628649343,0.0048033733426953,316.25
0.004911704271701862,0.004911703815881372,0.004806565490879448,316.2916666666667
0.004912317003291077,0.00491231772373924,0.00480974547484759,316.3333333333333
0.004913536267289052,0.004913536985774948,0.004812867481565333,316.375
0.0049151269919902206,0.004915127708967712,0.0048156049794694684,316.4166666666667
0.004916895250386888,0.004916895956185574,0.004817716833282174,316.4583333333333
0.004918690352452513,0.004918691045510731,0.004819046972961867,316.5
0.0049203867324425265,0.004920387404576708,0.004819507035311234,316.5416666666667
0.004921878602168188,0.00492187928272283,0.004819070571555474,316.5833333333333
0.004923082404487541,0.0049230831281558245,0.004817773068471222,316.625
0.004923941249348267,0.004923941964684257,0.004815711860632731,316.6666666666667
0.004924417680816376,0.00492441840345534,0.004813032511380872,316.7083333333333
0.00492442120767687,0.004924421926174069,0.004809850260048095,316.75
0.004923717934705614,0.004923718651777367,0.004806153539904451,316.7916666666667
0.0049224246344631096,0.004922425338669919,0.004802273190354091,316.8333333333333
0.004920738144234762,0.004920738853199238,0.004798599640416503,316.875
0.00491881552238979,0.00491881629887671,0.004795443747483723,316.9166666666667
0.004916818567585437,0.004916806431452354,0.004793051096791124,316.9583333333333
0.004915143641662892,0.0049151388680068265,0.0047918161626148295,317.0
0.004913881079440537,0.0049138784372947455,0.004791781805152001,317.0416666666667
0.004912943651657071,0.004912941541460584,0.004792803983458377,317.0833333333333
0.004912274692523076,0.004912273495469511,0.004794703088758174,317.125
0.004911837984255098,0.004911837899148105,0.0047972679026202225,317.1666666666667
0.004911608300644746,0.004911608320604247,0.004800262941655416,317.2083333333333
0.004911561574576297,0.0049115618132267004,0.004803442570257032,317.25
0.00491174307007697,0.0049117434926226325,0.004806632456139314,317.2916666666667
0.004912409369224592,0.004912410234300221,0.004809855276181677,317.3333333333333
0.004913679729834081,0.00491368055215283,0.004813018258419809,317.375
0.004915305729098155,0.004915306518759873,0.004815784183080313,317.4166666666667
0.00491709833000525,0.004917099086651974,0.0048179155640603755,317.4583333333333
0.004918910335619494,0.004918911058266043,0.004819259357772351,317.5
0.004920618579866228,0.004920619280068931,0.004819729130237551,317.5416666666667
0.0049221189619378285,0.004922119714730127,0.004819299640130045,317.5833333333333
0.004923329060191103,0.0049233298108786235,0.004818007279011068,317.625
0.004924192811364393,0.004924193542322249,0.004815950078164833,317.6666666666667
0.00492467343565789,0.004924674138754399,0.004813274149904149,317.7083333333333
0.004924680177743295,0.0049246808454569985,0.0048100944143610515,317.75
0.004923976914258362,0.004923977554204282,0.0048063971115566186,317.7916666666667
0.004922681180292274,0.0049226818233717995,0.004802513969513241,317.8333333333333
0.004920991175651145,0.004920991881816588,0.004798836769582913,317.875
0.004919064925898534,0.004919065646817584,0.004795677053435001,317.9166666666667
0.004917044278699229,0.004917043421060818,0.004793277554121802,317.9583333333333
0.004915304035420665,0.004915308206372941,0.004791988253616345,318.0
0.004913999768115683,0.00491400282997927,0.004791916250100502,318.0416666666667
0.004913033006515348,0.004913035447313612,0.0047929130480452355,318.0833333333333
0.0049123447684166505,0.0049123467862598235,0.004794795376657845,318.125
0.004911895645853077,0.004911897250227315,0.004797348230245792,318.1666666666667
0.00491165686911832,0.004911658221957887,0.00480033522480663,318.2083333333333
0.004911604201422623,0.00491160538384399,0.004803509717045411,318.25
0.004911782453793208,0.004911783494580772,0.004806697689066471,318.2916666666667
0.004912510859910827,0.004912512183381405,0.004809970180753909,318.3333333333333
0.004913829264999263,0.0049138303815094275,0.004813171882552517,318.375
0.004915488474485661,0.004915489434349461,0.004815964598565705,318.4166666666667
0.004917304041805912,0.0049173048956162296,0.004818114571473328,318.4583333333333
0.004919132016386496,0.004919132806012788,0.00481947136863782,318.5
0.0049208515335074175,0.004920852259072074,0.004819950258167451,318.5416666666667
0.004922359997702835,0.0049223607841154616,0.004819527552639983,318.5833333333333
0.004923576096458141,0.004923577067923447,0.004818240155900522,318.625
0.004924444547645582,0.004924445368869545,0.004816186888219333,318.6666666666667
0.004924929188464032,0.004924929963979413,0.00481351434643178,318.7083333333333
0.004924939026912291,0.004924939788734959,0.00481033697678682,318.75
0.004924235643317137,0.0049242363094459405,0.004806639116515168,318.7916666666667
0.004922937500113963,0.004922938140620498,0.004802753289591908,318.8333333333333
0.004921244056471922,0.004921244733934501,0.004799072309818795,318.875
0.0049193140590770915,0.004919314781696213,0.004795908652899415,318.9166666666667
0.004917290466875007,0.004917288513063037,0.004793499730033398,318.9583333333333
0.004915481310180741,0.004915478742663071,0.004792153342822492,319.0
0.004914134400113783,0.004914127890329226,0.0047920471451398305,319.0416666666667
0.004913135090830429,0.004913129755918278,0.004793020834901837,319.0833333333333
0.004912423333200466,0.004912420335814099,0.004794887572347102,319.125
0.004911958370380306,0.004911956842895208,0.004797429977946673,319.1666666666667
0.004911709053583488,0.004911708411876208,0.004800410059719081,319.2083333333333
0.004911649490084831,0.0049116492191876695,0.004803580104196116,319.25
0.004911827507438085,0.004911827981271494,0.00480676992634517,319.2916666666667
0.00491262153916584,0.004912621921700011,0.004810094457010112,319.3333333333333
0.00491398485235803,0.004913985340185632,0.0048133322237666155,319.375
0.004915675185415972,0.00491567573394842,0.004816149964869604,319.4166666666667
0.004917512330722138,0.004917512910864802,0.004818317455433041,319.4583333333333
0.004919355362525633,0.004919355966566865,0.004819686593161918,319.5
0.004921085525757271,0.004921086123120278,0.004820174378583088,319.5416666666667
0.004922601673615442,0.0049226022889311705,0.004819757973249985,319.5833333333333
0.004923823510466731,0.004923824165672526,0.004818475619272145,319.625
0.004924696519139701,0.004924697214099893,0.004816426254948766,319.6666666666667
0.0049251850985615325,0.004925185820645465,0.0048137570228690765,319.7083333333333
0.0049251979666760145,0.004925198671888124,0.00481058215284086,319.75
0.004924494508780234,0.00492449518483485,0.0048068834956344255,319.7916666666667
0.004923193793652343,0.004923194448762491,0.004802994162204175,319.8333333333333
0.004921496762823521,0.004921497463490501,0.004799308819517069,319.875
0.004919563014991564,0.00491956373678352,0.004796140739384796,319.9166666666667
0.0049175340778372535,0.004917532679244972,0.004793727513585702,319.9583333333333
0.004915661678202954,0.004915668449948266,0.004792330447360872,320.0
0.00491426734516265,0.0049142659850271945,0.0047921850240011,320.0416666666667
0.0049132315959964125,0.00491323299652523,0.004793132369101492,320.0833333333333
0.004912499212173945,0.004912500076548859,0.004794981476532083,320.125
0.0049120195160859016,0.004912020659846691,0.004797511814969609,320.1666666666667
0.004911760614407229,0.004911761530070147,0.004800483891222425,320.2083333333333
0.0049116942411204,0.004911695116264262,0.00480364881096524,320.25
0.004911884787932776,0.004911884980840464,0.004806848181429929,320.2916666666667
0.0049127389224737795,0.004912739698829904,0.004810221669102664,320.3333333333333
0.004914144811028778,0.004914145563287409,0.0048134938601783,320.375
0.0049158647171595625,0.004915865433699759,0.004816335613461393,320.4166666666667
0.004917722407540573,0.0049177230979245735,0.004818519817909989,320.4583333333333
0.004919579813452052,0.004919580485784329,0.0048199007154850855,320.5
0.0049213201637646415,0.004921320847794336,0.0048203969543277134,320.5416666666667
0.004922843694774012,0.0049228444517740765,0.004819986674134446,320.5833333333333
0.004924071069191781,0.004924071803853457,0.00481870869004057,320.625
0.004924948543985904,0.004924949185296636,0.004816662842940394,320.6666666666667
0.0049254409949219405,0.004925441615015683,0.004813996709866953,320.7083333333333
0.004925456816862949,0.004925457442309515,0.004810824075806919,320.75
0.004924753162101747,0.004924753776860799,0.004807124740948425,320.7916666666667
0.004923449848432959,0.004923450471549496,0.004803232908966378,320.8333333333333
0.004921749250742606,0.004921749901763563,0.004799543900277228,320.875
0.004919811661904554,0.004919812369493747,0.004796371844839624,320.9166666666667
0.004917777018640186,0.004917777737290948,0.00479395485600193,320.9583333333333
0.0049158574494996814,0.004915861213320695,0.004792521426065415,321.0
0.00491440321345595,0.004914405993897687,0.004792332264097021,321.0416666666667
0.004913335336442153,0.00491333754137325,0.0047932499801714434,321.0833333333333
0.004912578942656169,0.004912580692095127,0.004795079019803673,321.125
0.004912083706326827,0.004912085129070216,0.004797596435368799,321.1666666666667
0.004911813827922601,0.0049118151145795185,0.004800560063068194,321.2083333333333
0.0049117402364124004,0.004911741341161201,0.004803719534514976,321.25
0.004911953271632645,0.004911954296209978,0.004806936911914555,321.2916666666667
0.004912864693774713,0.004912865582805602,0.004810356132595555,321.3333333333333
0.0049143102871873024,0.00491431110346009,0.004813660300110715,321.375
0.004916057839979417,0.004916058592389819,0.004816524440262642,321.4166666666667
0.004917934788393263,0.004917935495871026,0.004818724282359228,321.4583333333333
0.004919805698696844,0.004919806380786576,0.004820116192170191,321.5
0.00492155566116027,0.004921556346956802,0.004820620309475594,321.5416666666667
0.004923086182223013,0.004923086939265067,0.0048202160312880785,321.5833333333333
0.004924318830344251,0.00492431957924147,0.004818942464709218,321.625
0.004925200518530137,0.0049252012666423425,0.004816900280748304,321.6666666666667
0.004925696686853675,0.004925697437256177,0.004814237304992826,321.7083333333333
0.004925715413040458,0.004925716151026547,0.004811067055013033,321.75
0.004925011515179345,0.004925012135325758,0.00480736691946756,321.7916666666667
0.004923705582187825,0.00492370622540682,0.004803471921212835,321.8333333333333
0.004922001357134114,0.004922002044513709,0.00479977893541157,321.875
0.004920059945633231,0.004920060683685404,0.004796602734401149,321.9166666666667
0.00491802169287948,0.004918022442258661,0.004794181802775444,321.9583333333333
0.004916065850008582,0.004916062897700517,0.004792715658031823,322.0
0.004914560659028698,0.004914552252458446,0.004792481807989321,322.0416666666667
0.0049134484197348,0.004913446329437214,0.0047933694879318586,322.0833333333333
0.004912665232765523,0.004912664121065621,0.004795178545803982,322.125
0.004912152255490846,0.004912151607325845,0.0047976831142074634,322.1666666666667
0.004911869699726079,0.004911870068985355,0.004800637817052404,322.2083333333333
0.004911788345931864,0.004911788643775075,0.0048037915210776974,322.25
0.004912032986537523,0.004912033811457787,0.004807035104273292,322.2916666666667
0.004912997456766658,0.004912998271002227,0.004810496832598033,322.3333333333333
0.004914480280420785,0.004914481068090016,0.004813831111315313,322.375
0.004916253836452925,0.004916254595888208,0.004816716432203156,322.4166666666667
0.004918148949805869,0.00491814967800616,0.004818931208335765,322.4583333333333
0.004920032651388179,0.004920033346789202,0.0048203337967624785,322.5
0.0049217917572101115,0.004921792403119871,0.004820845532921116,322.5416666666667
0.0049233288908960785,0.0049233296523688115,0.004820446602173787,322.5833333333333
0.004924566629014127,0.004924567518402985,0.004819177186231971,322.625
0.004925452477655276,0.004925453226046328,0.004817138404758766,322.6666666666667
0.004925952333109613,0.004925952985536821,0.004814478421724044,322.7083333333333
0.004925973899513666,0.004925974489904335,0.0048113103450456865,322.75
0.0049252696917900405,0.00492527043181415,0.004807609187374837,322.7916666666667
0.004923961054177331,0.004923961866607798,0.004803710776952253,322.8333333333333
0.004922253171358327,0.004922253990235314,0.00480001347423164,322.875
0.004920307896079868,0.00492030873466157,0.004796832919319061,322.9166666666667
0.004918265988797755,0.004918266820123457,0.004794408064528503,322.9583333333333
0.004916271721174495,0.004916277571945048,0.004792916433256903,323.0
0.004914684330806881,0.004914707314597392,0.004792635976154568,323.0416666666667
0.004913545426413744,0.004913561248178069,0.0047934920871529115,323.0833333333333
0.004912740972540703,0.004912751918090056,0.004795280181718195,323.125
0.004912213478223569,0.004912221001241928,0.004797770445117272,323.1666666666667
0.004911921784098676,0.004911927114775754,0.004800715779647182,323.2083333333333
0.004911833476184415,0.004911837331022264,0.004803863542102334,323.25
0.004912121360370217,0.004912124209614102,0.004807141108867274,323.2916666666667
0.004913135905255213,0.004913138075295647,0.004810642276362626,323.3333333333333
0.004914653938034492,0.004914655638625639,0.004814004301960189,323.375
0.004916452139860324,0.0049164535127702545,0.0048169091730341975,323.4166666666667
0.004918364502455575,0.004918365646177011,0.00481913785479243,323.4583333333333
0.004920260360794418,0.004920261352155999,0.004820550291782183,323.5
0.004922028169608005,0.004922029041487312,0.004821068942726932,323.5416666666667
0.004923571759850656,0.004923572654505652,0.004820675153936262,323.5833333333333
0.004924814350461221,0.004924815193902448,0.004819409637963528,323.625
0.004925704140330021,0.004925704967050232,0.004817373927977235,323.6666666666667
0.004926207521703556,0.0049262083371732395,0.004814716735332185,323.7083333333333
0.00492623185037987,0.004926232648102544,0.004811550707987596,323.75
0.004925527311627036,0.004925528061924785,0.00480784885757714,323.7916666666667
0.0049242159954220755,0.004924216731286552,0.0048039477363812574,323.8333333333333
0.004922504399282088,0.004922505146199673,0.0048002467913877194,323.875
0.0049205552194727,0.004920555999001864,0.004797062411250223,323.9166666666667
0.004918509671693287,0.004918510454968053,0.004794633911428821,323.9583333333333
0.004916501710788469,0.004916501966743237,0.004793127181904573,324.0
0.004914857146491385,0.0049148686472240515,0.004792796842010784,324.0416666666667
0.004913672239459922,0.004913680232521429,0.004793619884678302,324.0833333333333
0.004912836776729009,0.004912842549409023,0.004795385494766763,324.125
0.00491228838668304,0.004912292453044796,0.004797860648572985,324.1666666666667
0.00491198261872394,0.004911985630963023,0.004800796161009422,324.2083333333333
0.004911884833245702,0.004911887149093838,0.004803937933406164,324.25
0.004912223398417275,0.00491222524308634,0.004807255944477113,324.2916666666667
0.004913283307568037,0.004913284815610359,0.004810793735175326,324.3333333333333
0.00491483340234724,0.004914834669120881,0.00481418192292079,324.375
0.004916654150549632,0.004916655240589251,0.004817105333373543,324.4166666666667
0.004918582363652128,0.0049185833255619175,0.004819347070389359,324.4583333333333
0.00492048945750192,0.004920490331698621,0.004820768877284622,324.5
0.004922265358208804,0.004922266156813531,0.004821294598599776,324.5416666666667
0.004923814930067283,0.004923815784066457,0.004820906172465757,324.5833333333333
0.004925062127865463,0.004925062957755482,0.004819644564225002,324.625
0.004925955719731892,0.004925956542691699,0.004817612445835014,324.6666666666667
0.004926462545942802,0.0049264633610951285,0.004814958142708719,324.7083333333333
0.004926489577664655,0.004926490367930474,0.004811794307348067,324.75
0.0049257846405750365,0.004925785380618556,0.00480809163912197,324.7916666666667
0.004924470576470971,0.004924471293721303,0.004804187167170891,324.8333333333333
0.004922755221612273,0.004922755970516752,0.004800481958662087,324.875
0.004920802130536978,0.0049208028953239965,0.004797293189390165,324.9166666666667
0.0049187528983855805,0.004918753668895491,0.004794860687008625,324.9583333333333
0.004916740808528539,0.00491673785220283,0.004793347294316815,325.0
0.004915015780116086,0.004915038705876702,0.0047929638359635205,325.0416666666667
0.004913789558993334,0.004913805404066598,0.0047937517230133,325.0833333333333
0.0049129263290439654,0.004912937235957776,0.004795493228556047,325.125
0.004912359122060049,0.004912366816246575,0.004797952430481103,325.1666666666667
0.004912040795926166,0.004912046208456733,0.004800877598184244,325.2083333333333
0.004911936229102735,0.004911944782232289,0.0048040135808704,325.25
0.0049123334353261515,0.0049123394751273445,0.004807377920816399,325.2916666666667
0.004913435867032826,0.004913440202954731,0.004810949564337198,325.3333333333333
0.004915016121971437,0.004915019305003393,0.004814362015269322,325.375
0.004916858144144003,0.004916860555843543,0.004817302726039827,325.4166666666667
0.004918801357736219,0.004918803216791103,0.004819556804228782,325.4583333333333
0.0049207191265782275,0.004920720584249604,0.004820987371244829,325.5
0.004922502746271868,0.004922503919138357,0.004821519426763005,325.5416666666667
0.004924058067499367,0.004924059053064086,0.004821135592903937,325.5833333333333
0.00492530968757326,0.004925310607068636,0.004819878044263875,325.625
0.004926207012235305,0.004926207855240932,0.004817848782477753,325.6666666666667
0.004926717219481847,0.004926718025822803,0.004815197361908853,325.7083333333333
0.004926746862482972,0.004926747650381149,0.004812035478152032,325.75
0.004926041349285585,0.0049260422180305505,0.004808331698891614,325.7916666666667
0.0049247245360087505,0.004924725339990508,0.004804424008444941,325.8333333333333
0.004923005452055663,0.004923006248606802,0.004800714699177384,325.875
0.004921048427638033,0.0049210492208733875,0.004797521466288559,325.9166666666667
0.004918995269353746,0.004918996291746015,0.00479508481150648,325.9583333333333
0.004916977084320411,0.004916977238968988,0.004793567460129496,326.0
0.004915197362928002,0.004915219173567449,0.004793137133813928,326.0416666666667
0.004913922466221567,0.004913937638267708,0.004793887134127718,326.0833333333333
0.004913026431829828,0.004913037044318102,0.0047956036597001095,326.125
0.004912437135386778,0.004912444529970739,0.0047980453051328625,326.1666666666667
0.004912103911145287,0.004912109121346146,0.0048009583946729785,326.2083333333333
0.004912003778456439,0.004912009175141066,0.004804097836743667,326.25
0.004912455143671607,0.004912459062519481,0.004807505563566155,326.2916666666667
0.004913596043137868,0.004913598955630354,0.004811108277703631,326.3333333333333
0.004915203740314033,0.00491520598049135,0.004814542982719015,326.375
0.004917065214009364,0.00491706701442118,0.00481749957071451,326.4166666666667
0.0049190222074525225,0.004919023640613261,0.0048197650283989665,326.4583333333333
0.004920949821104364,0.0049209510124822355,0.004821203926839524,326.5
0.004922740580077417,0.0049227416111797505,0.004821742074195203,326.5416666666667
0.00492430124109896,0.004924302186992377,0.004821362865382495,326.5833333333333
0.004925557059959463,0.00492555796486815,0.004820109006735303,326.625
0.004926457874487024,0.004926458761163475,0.004818082981965922,326.6666666666667
0.0049269713224746915,0.004926972200329718,0.004815434458274491,326.7083333333333
0.00492700355674397,0.004927004422715176,0.004812274845244677,326.75
0.0049262976214432775,0.004926298497147795,0.004808570093065477,326.7916666666667
0.004924977960293163,0.0049249787519425724,0.004804659109851617,326.8333333333333
0.004923255069733158,0.00492325586355743,0.004800945563135848,326.875
0.004921294015134512,0.004921294860188108,0.004797748296025573,326.9166666666667
0.004919237200808373,0.004919238246970855,0.004795308012774501,326.9583333333333
0.00491721499173216,0.004917215939529893,0.004793787493871085,327.0
0.004915405453881725,0.004915405395104442,0.004793318235654902,327.0416666666667
0.004914080192572716,0.004914073653910426,0.004794027881792334,327.0833333333333
0.0049131410856041715,0.0049131393795401115,0.004795717516900632,327.125
0.004912524844479293,0.004912524128547203,0.004798141818816787,327.1666666666667
0.00491217384314146,0.004912173422692605,0.004801044675820291,327.2083333333333
0.004912105238548934,0.004912086038759238,0.004804196885088598,327.25
0.004912599325621605,0.004912586759333938,0.004807643627380833,327.2916666666667
0.004913771031362619,0.0049137629020258415,0.004811274404969845,327.3333333333333
0.00491540104532031,0.004915395875122248,0.004814729489126882,327.375
0.00491727854361183,0.004917275341548043,0.0048177007675730445,327.4166666666667
0.0049192470247492945,0.004919245127328889,0.004819976837957217,327.4583333333333
0.00492118295224545,0.004921181911173714,0.004821423441732658,327.5
0.004922979845743271,0.004922979378090512,0.004821967333001875,327.5416666666667
0.004924545174385443,0.00492454509077035,0.004821592593532012,327.5833333333333
0.004925804721127062,0.004925804913819962,0.004820341726425248,327.625
0.00492670875290662,0.004926709157338268,0.004818318535932143,327.6666666666667
0.004927225256735926,0.004927225814544311,0.004815672420244444,327.7083333333333
0.004927259920037197,0.004927260573840612,0.0048125147264408315,327.75
0.004926553422397878,0.0049265540803040435,0.004808809210095118,327.7916666666667
0.004925230820967134,0.004925231525967084,0.0048048950130161056,327.8333333333333
0.004923504038913456,0.004923504839971206,0.0048011774796531325,327.875
0.0049215390295057745,0.00492153984659416,0.004797976149107452,327.9166666666667
0.004919478635562317,0.004919479467850719,0.004795532006949883,327.9583333333333
0.004917453037709669,0.004917453848307525,0.004794008151372084,328.0
0.004915614507581357,0.004915609353051331,0.004793508922820816,328.0416666666667
0.004914223124909615,0.004914222019569998,0.004794175558613194,328.0833333333333
0.004913250138238394,0.004913250131604245,0.004795836506082019,328.125
0.004912611417492849,0.004912609557051017,0.004798241923217495,328.1666666666667
0.004912242124420306,0.004912241906593389,0.00480113109308062,328.2083333333333
0.004912180585039305,0.0049121818827626285,0.004804300128537115,328.25
0.004912725791212928,0.0049127269496560075,0.004807783926879599,328.2916666666667
0.004913933934938571,0.004913934981318016,0.004811441667565083,328.3333333333333
0.004915590031349305,0.0049155909894845915,0.0048149165456524146,328.375
0.004917486068774597,0.004917486955181105,0.004817902163062322,328.4166666666667
0.004919467709072599,0.004919468540926196,0.004820188543122806,328.4583333333333
0.004921413064054797,0.004921413847012964,0.004821642606926882,328.5
0.004923216878987719,0.004923217592314309,0.004822191950574694,328.5416666666667
0.004924787347605672,0.004924788112702428,0.004821821329573424,328.5833333333333
0.004926050957548309,0.004926051806972186,0.004820573812696704,328.625
0.004926958461749446,0.004926959246970712,0.004818553643863548,328.6666666666667
0.004927478197608208,0.004927478933291621,0.004815910462794015,328.7083333333333
0.004927515383738969,0.00492751609866453,0.004812754763246672,328.75
0.004926808410488787,0.004926809022976404,0.004809048208392349,328.7916666666667
0.004925482917823221,0.004925483531174957,0.004805131171449386,328.8333333333333
0.004923752362024528,0.0049237529760737826,0.004801409841014648,328.875
0.004921783318661723,0.004921783973481325,0.004798204331694304,328.9166666666667
0.004919719159402811,0.004919719858816868,0.004795756221476768,328.9583333333333
0.004917690299208475,0.004917690982345249,0.004794229043983075,329.0
0.004915821833845771,0.0049158246489908325,0.004793712144033415,329.0416666666667
0.004914358791137275,0.00491437797254768,0.004794331964562352,329.0833333333333
0.004913352792833293,0.004913366110965418,0.004795961616263704,329.125
0.004912689284270738,0.0049126986117882,0.004798345921822044,329.1666666666667
0.0049123105418644505,0.004912312848519209,0.0048012213571983035,329.2083333333333
0.0049122919333722025,0.004912292062388235,0.004804425311672303,329.25
0.004912876063842486,0.004912876448265064,0.004807939283753303,329.2916666666667
0.004914112465674906,0.004914113009722871,0.004811619238220263,329.3333333333333
0.004915789171667523,0.004915789810355401,0.004815110498474098,329.375
0.004917700092695147,0.004917700779322431,0.004818108151392626,329.4166666666667
0.004919692460680224,0.004919693165486386,0.0048204033109669215,329.4583333333333
0.004921645611061051,0.004921646314797127,0.004821863870360361,329.5
0.004923455184191932,0.004923455872468757,0.0048224184334222054,329.5416666666667
0.004925030078564608,0.0049250307951582695,0.004822051640370678,329.5833333333333
0.004926297220473167,0.004926297991178545,0.004820807073962299,329.625
0.00492720781633807,0.004927208606273279,0.004818789269328223,329.6666666666667
0.004927730529022651,0.0049277313107469415,0.004816148160804855,329.7083333333333
0.004927770095224828,0.004927770879853507,0.00481299406160522,329.75
0.004927062416923721,0.004927063232372111,0.004809286338543228,329.7916666666667
0.004925733995076489,0.004925734821362674,0.004805365860038804,329.8333333333333
0.004923999581619895,0.004924000420508884,0.004801640228207134,329.875
0.004922026544392993,0.004922027380782657,0.004798430153385339,329.9166666666667
0.004919958654123778,0.004919959500701789,0.00479597789910768,329.9583333333333
0.004917926538122507,0.004917927398605462,0.0047944470288329806,330.0
0.004916054431415812,0.004916051707675851,0.004793922985018448,330.0416666666667
0.0049145330060640004,0.004914542443852411,0.0047944924711375006,330.0833333333333
0.0049134885381182415,0.004913487858531759,0.004796088418163175,330.125
0.004912791829288764,0.0049127916466972996,0.0047984500623143925,330.1666666666667
0.004912386991625057,0.00491238894424006,0.0048013126504015975,330.2083333333333
0.004912414456817231,0.0049124156927286495,0.004804554788724041,330.25
0.004913033597120402,0.004913034705536918,0.00480809575437431,330.2916666666667
0.0049142956173517435,0.004914296637617566,0.004811795955819439,330.3333333333333
0.00491599115592085,0.0049159921160330895,0.004815302543322431,330.375
0.004917915758352083,0.004917916695058448,0.004818311549938483,330.4166666666667
0.004919918031746108,0.004919918886920461,0.004820615051934598,330.4583333333333
0.00492187841917668,0.004921879213685138,0.00482208185437858,330.5
0.004923693404898285,0.004923694203991977,0.004822640954640598,330.5416666666667
0.004925272497961257,0.004925273311101295,0.004822278090621291,330.5833333333333
0.004926543049386906,0.004926543964433489,0.004821037067746981,330.625
0.0049274566706665815,0.004927457454484267,0.004819021900816302,330.6666666666667
0.004927982276860529,0.0049279830216163705,0.004816383634992198,330.7083333333333
0.004928024134678444,0.004928024873696592,0.004813231596022192,330.75
0.004927315779720126,0.004927316507001742,0.0048095226530460765,330.7916666666667
0.004925984414200546,0.0049259851457563635,0.004805598352236733,330.8333333333333
0.004924246091018306,0.004924246865461672,0.004801868180433394,330.875
0.004922269023253607,0.004922269809329177,0.004798653865078219,330.9166666666667
0.004920197383884277,0.004920198189816371,0.004796197730091576,330.9583333333333
0.004918161979085214,0.004918162819406789,0.004794663435234828,331.0
0.004916284154441374,0.004916284475649366,0.004794136812795772,331.0416666666667
0.004914710715412235,0.004914720714119625,0.004794663539353235,331.0833333333333
0.004913622040872976,0.004913619037994539,0.004796222091009683,331.125
0.004912890126633342,0.004912891400311468,0.004798559831228708,331.1666666666667
0.004912477776847895,0.004912485115835028,0.004801418297309848,331.2083333333333
0.004912552761136859,0.004912554326236928,0.004804694920975456,331.25
0.004913201358897949,0.004913202718386451,0.004808259811635075,331.2916666666667
0.00491448529887289,0.004914486500715008,0.004811978106568831,331.3333333333333
0.0049161971933907285,0.004916198285552523,0.004815498462104677,331.375
0.0049181338208822015,0.00491813485129974,0.004818517770255715,331.4166666666667
0.00492014488106264,0.004920145825648417,0.004820828928550358,331.4583333333333
0.004922111795508581,0.004922112631637759,0.00482230135694195,331.5
0.004923931720473455,0.004923932519104901,0.004822864621575914,331.5416666666667
0.004925514684886172,0.004925515456746882,0.00482250496800863,331.5833333333333
0.004926788383296666,0.004926789262587979,0.004821266184080705,331.625
0.004927704842283987,0.004927705589953793,0.004819253540773849,331.6666666666667
0.004928233242568885,0.004928233950431704,0.004816617319890568,331.7083333333333
0.004928277348656252,0.004928278070091411,0.004813466892320291,331.75
0.004927568248311842,0.004927569007560041,0.00480975680012668,331.7916666666667
0.00492623391575999,0.004926234658451009,0.004805829108253193,331.8333333333333
0.004924491716991711,0.004924492482882379,0.0048020945060386466,331.875
0.004922510544465033,0.00492251138276983,0.004798875711669651,331.9166666666667
0.004920435174201159,0.004920435997299123,0.004796415444711061,331.9583333333333
0.004918396491472217,0.004918397348157735,0.004794877612083373,332.0
0.004916515395911837,0.004916516257457594,0.004794348141887505,332.0416666666667
0.004914919105451214,0.004914917710745556,0.004794845593414228,332.0833333333333
0.004913762592984634,0.004913763268579354,0.0047963645165151675,332.125
0.004912999758597286,0.004912999752988164,0.004798674858125212,332.1666666666667
0.0049125901056672186,0.004912603804292227,0.004801543145571125,332.2083333333333
0.004912705751732092,0.004912707712243994,0.004804846948095865,332.25
0.004913378719378656,0.004913380315386854,0.004808430913656169,332.2916666666667
0.004914681127591215,0.004914682477564687,0.004812164153832529,332.3333333333333
0.0049164070538382666,0.004916408226914862,0.004815696172816165,332.375
0.004918354141951034,0.004918355183513688,0.0048187243559637966,332.4166666666667
0.004920372960931503,0.004920373905021108,0.004821042295056732,332.4583333333333
0.0049223456432585634,0.0049223465142137525,0.004822519960936855,332.5
0.004924169973002795,0.004924170783126417,0.00482308730597824,332.5416666666667
0.0049257564256275,0.004925757257325962,0.004822730846253943,332.5833333333333
0.004927033092936583,0.004927033986575166,0.004821494842138036,332.625
0.004927952255521334,0.0049279530821980605,0.004819484137524622,332.6666666666667
0.004928483377374126,0.004928484164705107,0.004816850273776621,332.7083333333333
0.004928529689263018,0.004928530473694587,0.00481370139340592,332.75
0.00492781982597797,0.004927820575206403,0.004809989652084277,332.7916666666667
0.004926482500609737,0.004926483239610783,0.004806058432616349,332.8333333333333
0.004924736385363352,0.004924737145897726,0.004802319650058701,332.875
0.004922751127129755,0.004922752007274714,0.004799096498902382,332.9166666666667
0.0049206720172270905,0.004920672856835017,0.004796632211091154,332.9583333333333
0.004918630073643687,0.004918630878180177,0.004795091018225489,333.0
0.0049167462720987095,0.004916747112856898,0.004794558776468428,333.0416666666667
0.004915130983926996,0.004915130534649276,0.004795044273534525,333.0833333333333
0.004913919361622549,0.004913918206082016,0.004796516783606551,333.125
0.00491312191733839,0.004913115993777552,0.0047987964224314675,333.1666666666667
0.004912735489529774,0.004912746344094479,0.004801686493106756,333.2083333333333
0.0049128699669776016,0.0049128767827802955,0.004805011535300418,333.25
0.004913563245605775,0.004913568110542575,0.004808609968851798,333.2916666666667
0.004914881420186511,0.004914884965572457,0.004812355007369067,333.3333333333333
0.004916619565250917,0.004916622213460516,0.0048158965578273955,333.375
0.004918575897683639,0.004918577930328418,0.004818932262554768,333.4166666666667
0.004920601648035433,0.0049206032546272585,0.004821255947213083,333.4583333333333
0.004922579576356813,0.004922580885729602,0.004822738087364847,333.5
0.0049244079670582456,0.00492440906674561,0.004823309039108222,333.5416666666667
0.0049259976650474074,0.004925998734667045,0.0048229553830953205,333.5833333333333
0.004927277091351336,0.0049272781595784895,0.004821721803558801,333.625
0.004928198796830912,0.004928199777172104,0.004819713288048133,333.6666666666667
0.004928732525284734,0.004928733446023421,0.0048170816348626876,333.7083333333333
0.0049287809659802045,0.004928781859178899,0.004813934673900803,333.75
0.004928070332388983,0.004928071208412264,0.004810222197199401,333.7916666666667
0.004926729973879133,0.004926730818529491,0.0048062883212165435,333.8333333333333
0.004924979949215908,0.004924980780233616,0.00480254595518825,333.875
0.00492299069770767,0.004922991580900442,0.004799318991661214,333.9166666666667
0.0049209078107074825,0.004920908667167947,0.004796851031584024,333.9583333333333
0.004918862594650266,0.004918863474556527,0.004795306539050199,334.0
0.004916976080732721,0.0049169769581644,0.004794771537327409,334.0416666666667
0.004915357368591483,0.004915358270981001,0.004795254715573279,334.0833333333333
0.004914099692871619,0.004914100831759416,0.004796691551205695,334.125
0.004913274977774227,0.004913274848711633,0.004798952402784027,334.1666666666667
0.004912925346252289,0.004912926033418146,0.004801858870860225,334.2083333333333
0.004913070020239663,0.004913070610346282,0.004805195031665378,334.25
0.004913771502641836,0.004913772188640361,0.004808801839503564,334.2916666666667
0.0049150973058514165,0.004915098043701516,0.004812554624823624,334.3333333333333
0.004916842205905536,0.0049168429689554006,0.004816102992889454,334.375
0.004918804112144527,0.004918804881176265,0.0048191442663433155,334.4166666666667
0.004920834314532263,0.004920835082176328,0.004821472306146994,334.4583333333333
0.004922815831870113,0.004922816573826715,0.0048229579208010085,334.5
0.004924647184671735,0.004924647887362389,0.004823532097854138,334.5416666666667
0.004926239438770615,0.0049262401635743955,0.004823181230133805,334.5833333333333
0.004927521134097203,0.004927521974048354,0.0048219499838497385,334.625
0.004928445106885057,0.004928445889443739,0.00481994379532191,334.6666666666667
0.0049289812128405315,0.004928981972556449,0.004817314360431817,334.7083333333333
0.00492903158717886,0.0049290323578212066,0.004814168990432592,334.75
0.00492831998634115,0.004928320755812013,0.004810455403594102,334.7916666666667
0.004926976557003595,0.0049269773212242745,0.004806518415675304,334.8333333333333
0.004925222582577777,0.0049252233678059735,0.004802771832424797,334.875
0.004923229352812017,0.004923230131923427,0.0047995407623867906,334.9166666666667
0.0049211424484464335,0.004921143477825258,0.0047970689299646025,334.9583333333333
0.004919094159899747,0.004919095032534137,0.0047955208132994115,335.0
0.004917204911404381,0.004917205842723409,0.0047949828496039884,335.0416666666667
0.004915584072574415,0.004915584890481922,0.00479546355993582,335.0833333333333
0.004914324293171638,0.004914325142648351,0.00479689867322389,335.125
0.004913497058081723,0.0049134978070646115,0.004799159168703227,335.1666666666667
0.004913147724980336,0.004913148365308084,0.004802064988840978,335.2083333333333
0.004913291921749045,0.004913292634058929,0.004805400236335058,335.25
0.004913994124173948,0.00491399488827178,0.004809008041730908,335.2916666666667
0.004915322509583862,0.004915323301949406,0.00481276367802931,335.3333333333333
0.00491707077130888,0.0049170715659572145,0.00481631566437656,335.375
0.004919035970693033,0.0049190367522793715,0.004819360477278006,335.4166666666667
0.004921069107498262,0.004921069870827946,0.004821691687166209,335.4583333333333
0.0049230531616647425,0.004923053905900342,0.004823179976470647,335.5
0.004924886738030374,0.004924887477001354,0.0048237559953282026,335.5416666666667
0.004926481009826592,0.004926481816774665,0.004823406747526627,335.5833333333333
0.004927764671197215,0.00492776545942431,0.004822177029195807,335.625
0.004928690663148661,0.004928691430028913,0.004820172423800359,335.6666666666667
0.004929229042654539,0.004929229788031979,0.004817544785340399,335.7083333333333
0.00492928132907808,0.004929282061979511,0.004814400966081847,335.75
0.004928568811430417,0.004928569554871951,0.004810686009669529,335.7916666666667
0.0049272222618161,0.004927222982997552,0.004806744983423113,335.8333333333333
0.004925464327723813,0.004925465058748942,0.004802993811890565,335.875
0.004923466918898561,0.004923467778265463,0.0047997582175479,335.9166666666667
0.004921376555656046,0.004921377370896193,0.0047972824118600954,335.9583333333333
0.004919324835189775,0.00491932567115415,0.004795731179484297,336.0
0.004917432935648776,0.0049174337837176885,0.004795190761705659,336.0416666666667
0.004915809907919638,0.004915810772329392,0.004795669828514617,336.0833333333333
0.004914548467159387,0.004914549261101611,0.004797103615308768,336.125
0.004913719989043077,0.004913720805161682,0.004799363224343683,336.1666666666667
0.004913369789634568,0.004913370589705087,0.004802268295803675,336.2083333333333
0.004913513462891114,0.0049135142429563485,0.004805603392357235,336.25
0.004914216185748914,0.004914216969427189,0.004809212151345026,336.2916666666667
0.004915547008774539,0.0049155478031223465,0.004812970691138737,336.3333333333333
0.004917298524395933,0.004917299315623922,0.0048165263880712164,336.375
0.004919266933911624,0.004919267707698129,0.0048195747877345626,336.4166666666667
0.004921302932448183,0.0049213036874324965,0.004821909285509669,336.4583333333333
0.004923289478004409,0.004923290217533388,0.004823400548804004,336.5
0.0049251252622818055,0.0049251259777502,0.004823979142308736,336.5416666666667
0.004926721536273335,0.004926722253177207,0.0048236319603188645,336.5833333333333
0.004928007117065329,0.004928007974883476,0.004822404133876564,336.625
0.0049289351213560794,0.004928935861304276,0.0048204013528322315,336.6666666666667
0.004929475724186646,0.004929476416422481,0.004817775719087422,336.7083333333333
0.004929529862896277,0.004929530530820563,0.004814633161014013,336.75
0.004928816396130006,0.00492881707118817,0.004810916599636431,336.7916666666667
0.004927466727780196,0.004927467398171763,0.004806971916155069,336.8333333333333
0.004925704857406165,0.0049257055424195015,0.0048032164321384786,336.875
0.004923703453152926,0.0049237042191533275,0.0047999765061029305,336.9166666666667
0.004921609341177446,0.004921610100310298,0.004797496792960435,336.9583333333333
0.004919554382693818,0.004919555184397505,0.004795942222813591,337.0
0.00491765980631012,0.004917660619917907,0.004795398948632252,337.0416666666667
0.0049160346602242005,0.0049160355095263075,0.004795875538274547,337.0833333333333
0.0049147715795797645,0.004914772344101949,0.004797307690639217,337.125
0.004913941873578782,0.00491394257057279,0.004799566113737836,337.1666666666667
0.004913590823237514,0.004913591426283409,0.004802470748128293,337.2083333333333
0.004913734020135219,0.004913734539103155,0.004805805985141423,337.25
0.0049144371908099085,0.004914437851016485,0.004809415450971842,337.2916666666667
0.004915770416016785,0.004915771153316013,0.004813176541931687,337.3333333333333
0.004917525155165486,0.004917525940398669,0.004816735506085525,337.375
0.00491949674910597,0.00491949757160612,0.004819787157607231,337.4166666666667
0.004921535587955694,0.004921536357443473,0.00482212437046254,337.4583333333333
0.00492352461535491,0.004923525352211417,0.004823617843070622,337.5
0.004925362568113345,0.004925363289421417,0.004824198448536395,337.5416666666667
0.004926960834690642,0.0049269615919193726,0.00482385327531466,337.5833333333333
0.00492824832371683,0.004928249160862506,0.004822627218427305,337.625
0.004929178308278539,0.004929179093524288,0.004820626440899515,337.6666666666667
0.004929721104764565,0.0049297218489207486,0.004818002784148634,337.7083333333333
0.004929777059785532,0.004929777774154232,0.004814861807633411,337.75
0.0049290625529394925,0.004929063347904479,0.004811144069895772,337.7916666666667
0.004927709842620135,0.004927710560068812,0.004807196165993338,337.8333333333333
0.004925944060105469,0.004925944792032961,0.0048034366114773405,337.875
0.0049239386896341875,0.004923939471484394,0.004800192552354886,337.9166666666667
0.004921840802545256,0.004921841664728203,0.004797709087542496,337.9583333333333
0.004919782691182847,0.004919783553357429,0.004796151329900647,338.0
0.004917885498868984,0.004917886364715884,0.004795605423981036,338.0416666666667
0.0049162582439432854,0.00491625912669996,0.00479607988709774,338.0833333333333
0.004914993541041535,0.004914994338906404,0.004797510367568027,338.125
0.004914162629930897,0.004914163444698015,0.0047997678321548805,338.1666666666667
0.004913810725248691,0.004913811410340516,0.004802671257309162,338.2083333333333
0.004913953373172775,0.004913953987529413,0.00480600564537321,338.25
0.004914657062101656,0.004914657741816439,0.004809615882181669,338.2916666666667
0.004915992690059161,0.004915993420268779,0.004813379745532051,338.3333333333333
0.004917750633127363,0.004917751376743864,0.004816942266811527,338.375
0.004919725383075693,0.004919726114675752,0.004819997378913155,338.4166666666667
0.0049217670267367175,0.004921767744905316,0.004822337761038505,338.4583333333333
0.004923758486913742,0.004923759192191092,0.004823833957099048,338.5
0.004925598595860105,0.0049255992852957715,0.004824416914912512,338.5416666666667
0.004927198814035111,0.004927199523731678,0.004824073589259647,338.5833333333333
0.004928488180784555,0.004928488956474849,0.004822849377459668,338.625
0.004929420106974993,0.004929420879280313,0.004820850425001187,338.6666666666667
0.004929965078710196,0.004929965854830034,0.004818228712176759,338.7083333333333
0.004930022878973989,0.004930023658394303,0.004815089226367458,338.75
0.004929307406268035,0.004929308283162429,0.004811370203252855,338.7916666666667
0.004927951629211459,0.004927952423681858,0.004807418845379672,338.8333333333333
0.004926181956179748,0.00492618274831545,0.004803655097840309,338.875
0.004924172633634882,0.004924173444997153,0.0048004067593449525,338.9166666666667
0.004922071020686929,0.004922071955823185,0.004797919445051887,338.9583333333333
0.004920009776227566,0.004920010613965649,0.004796358323696608,339.0
0.004918109959004481,0.004918110818356417,0.004795809828436815,339.0416666666667
0.004916480615691231,0.004916481539915822,0.004796282472437252,339.0833333333333
0.004915214295840016,0.00491521530838262,0.004797711624983928,339.125
0.004914382170279419,0.004914383268782747,0.00479996784435469,339.1666666666667
0.004914029414670828,0.0049140304331166925,0.004802871237113776,339.2083333333333
0.004914171551561388,0.004914172346055272,0.004806206056472294,339.25
0.004914875692897544,0.004914876526546192,0.004809817205075296,339.2916666666667
0.004916213681460397,0.004916214530483047,0.0048135837925221475,339.3333333333333
0.004917974791804609,0.0049179756313105305,0.004817149889731328,339.375
0.004919952666206355,0.004919953479986335,0.004820208529271857,339.4166666666667
0.004921997087986289,0.004921997874236216,0.0048225521611329186,339.4583333333333
0.004923990962864753,0.004923991717652944,0.00482405095797967,339.5
0.004925833192874415,0.004925833925192668,0.0048246360839878715,339.5416666666667
0.004927435346633387,0.004927436112824709,0.00482429470023268,339.5833333333333
0.00492872657229814,0.004928727416450896,0.004823072460273062,339.625
0.004929660461597266,0.004929661261743485,0.004821075139201682,339.6666666666667
0.004930207659425574,0.00493020839316949,0.004818455256097409,339.7083333333333
0.004930267305669178,0.004930267969285693,0.0048153172095220615,339.75
0.004929550976781269,0.004929551633144104,0.004811596661707759,339.7916666666667
0.004928192061555114,0.004928192724182982,0.004807641841577006,339.8333333333333
0.004926418474895768,0.004926419159780478,0.004803873934049462,339.875
0.004924405171442644,0.004924405902050976,0.0048006214373565404,339.9166666666667
0.004922300017934197,0.004922300777319454,0.004798130157329113,339.9583333333333
0.004920235545029036,0.004920236342508061,0.004796565460689646,340.0
0.004918333082099061,0.0049183339329794615,0.004796014030331561,340.0416666666667
0.004916701677702722,0.004916702427348363,0.004796484469550118,340.0833333333333
0.004915433734519621,0.004915434416779133,0.00479791207420574,340.125
0.004914600392461549,0.004914601138443601,0.004800167442082815,340.1666666666667
0.004914246790466769,0.004914247418150502,0.004803069636235215,340.2083333333333
0.004914388395693899,0.004914388954374184,0.004806403596786276,340.25
0.0049150929812714775,0.004915093635712417,0.0048100154607940634,340.2916666666667
0.004916433304117691,0.004916434018845804,0.004813784626849791,340.3333333333333
0.004918197550621272,0.00491819829146654,0.004817354106999642,340.375
0.0049201785174914775,0.004920179261873345,0.004820416054106832,340.4166666666667
0.004922225685957273,0.004922226423305792,0.004822762631311217,340.4583333333333
0.004924221944023982,0.004924222662287242,0.004824264208877688,340.5
0.004926066268941723,0.004926067022967362,0.004824851757143551,340.5416666666667
0.004927670331034355,0.004927671129051155,0.004824512506081634,340.5833333333333
0.004928963394166732,0.004928964171209593,0.004823291896412478,340.625
0.004929899190654123,0.004929899969916202,0.004821296307818693,340.6666666666667
0.0049304485040963155,0.004930449296490117,0.004818678291205481,340.7083333333333
0.004930509946095043,0.004930510737566052,0.004815541726670251,340.75
0.004929792674158919,0.004929793486494335,0.004811820097532164,340.7916666666667
0.004928430675244617,0.004928431526800116,0.004807862268393284,340.8333333333333
0.004926653279335263,0.0049266541176454905,0.004804090613288607,340.875
0.004924636080105704,0.004924636919725139,0.004800834224309565,340.9166666666667
0.00492252730290916,0.004922528160658811,0.004798339262712911,340.9583333333333
0.004920459724121729,0.004920460583841103,0.004796771274499834,341.0
0.004918554710047303,0.00491855558991665,0.004796217130525897,341.0416666666667
0.0049169212354103035,0.004916922120690172,0.004796685328475305,341.0833333333333
0.004915651702301437,0.0049156524886482585,0.004798111307705163,341.125
0.004914817184348479,0.004914818204290968,0.0048003655137826865,341.1666666666667
0.0049144627174741735,0.004914463753424538,0.004803267694599289,341.2083333333333
0.0049146039254922376,0.004914604588836241,0.004806602065128547,341.25
0.004915308894943262,0.004915309625488965,0.004810214762328054,341.2916666666667
0.004916651498681858,0.004916652267220054,0.004813986575259169,341.3333333333333
0.004918418832430684,0.004918419610249257,0.004817559448410068,341.375
0.004920402848093302,0.004920403617321284,0.00482062470401545,341.4166666666667
0.004922452724750681,0.004922453475950881,0.00482297419423974,341.4583333333333
0.004924451331982575,0.00492445205654545,0.004824478143576801,341.5
0.0049262977194980155,0.004926298430720585,0.004825067721739089,341.5416666666667
0.004927903662379716,0.004927904409118646,0.004824730233693104,341.5833333333333
0.004929198540656687,0.0049291993601835995,0.004823511661143723,341.625
0.004930136280230333,0.004930137051480286,0.004821518011012783,341.6666666666667
0.004930687783217178,0.004930688520305515,0.004818901962096138,341.7083333333333
0.004930751016556582,0.004930751730947299,0.00481576693292205,341.75
0.0049300327447665436,0.004930033480038355,0.004812044091938757,341.7916666666667
0.00492866777423722,0.0049286684692034215,0.004808082805671739,341.8333333333333
0.00492688652347221,0.004926887228970714,0.004804306682650083,341.875
0.004924865305478863,0.0049248661343802205,0.004801045900245305,341.9166666666667
0.004922753008474474,0.004922753792711684,0.004798547087785542,341.9583333333333
0.004920682328709741,0.004920683127785951,0.004796976095708755,342.0
0.004918774763056059,0.00491877556493167,0.0047964195802037415,342.0416666666667
0.0049171392486402265,0.004917140079916847,0.0047968861129833035,342.0833333333333
0.004915868140970049,0.004915868891807883,0.00479831070104678,342.125
0.0049150324255603775,0.004915033087460842,0.004800563893476317,342.1666666666667
0.004914677106530103,0.004914677690243127,0.004803465744588918,342.2083333333333
0.004914817808752266,0.004914818177263348,0.0048067987310421575,342.25
0.004915523191579077,0.004915523731084505,0.004810411710797838,342.2916666666667
0.0049168680711674335,0.00491686871572538,0.004814185768782747,342.3333333333333
0.004918638474924873,0.004918639172373225,0.004817761691098388,342.375
0.004920625514996494,0.004920626233063221,0.004820830007022809,342.4166666666667
0.00492267807344364,0.004922678792080234,0.004823182038131683,342.4583333333333
0.004924679002955721,0.0049246797047299,0.004824688323207764,342.5
0.004926527428419066,0.004926528121884368,0.004825280159874245,342.5416666666667
0.0049281352274602366,0.004928135928340919,0.004824944634292845,342.5833333333333
0.004929431898105285,0.004929432656424446,0.004823727485640134,342.625
0.0049303714871462186,0.004930372256221963,0.00482173535620046,342.6666666666667
0.0049309250980060495,0.0049309258467369645,0.004819121114766293,342.7083333333333
0.004930990127025957,0.0049309908310852055,0.004815987311270796,342.75
0.004930270949428928,0.0049302716293952754,0.004812262914690224,342.7916666666667
0.0049289029408306345,0.004928903609229354,0.00480829825253817,342.8333333333333
0.004927117874361037,0.004927118572385599,0.004804518188278359,342.875
0.00492509286751964,0.004925093612061566,0.004801253410291455,342.9166666666667
0.004922976958127484,0.004922977720132485,0.004798750934322239,342.9583333333333
0.004920903202464326,0.00492090399378103,0.004797177051577175,343.0
0.004918993083799716,0.004918993922074335,0.0047966181065829845,343.0416666666667
0.004917355578287208,0.004917356398235057,0.004797082740296389,343.0833333333333
0.004916082908981584,0.004916083742205339,0.004798505921654059,343.125
0.004915246010158825,0.004915246743727671,0.004800758165643174,343.1666666666667
0.004914889867541465,0.004914890472543518,0.004803659237792063,343.2083333333333
0.004915029873915963,0.004915030535998156,0.004806993307821841,343.25
0.00491573571704575,0.004915736449880397,0.004810607229261521,343.2916666666667
0.0049170828838780885,0.004917083651183421,0.00481438396776552,343.3333333333333
0.004918856347724998,0.004918857124155615,0.00481796327323928,343.375
0.004920846397510316,0.004920847159776245,0.004821034873718425,343.4166666666667
0.0049229016171978964,0.004922902359134814,0.0048233899953252215,343.4583333333333
0.004924904842791004,0.00492490555908462,0.0048248988990899026,343.5
0.004926755283250116,0.00492675598554616,0.004825492722822135,343.5416666666667
0.004928364913125953,0.004928365651663749,0.004825158944989384,343.5833333333333
0.004929663350849113,0.004929664172491494,0.00482394342952582,343.625
0.0049306048480389515,0.0049306056151936836,0.004821952937040165,343.6666666666667
0.004931160583210287,0.0049311613223294685,0.00481934043030389,343.7083333333333
0.004931227364035774,0.004931228087086487,0.004816207988970025,343.75
0.004930507082429997,0.004930508030899002,0.00481248229024668,343.7916666666667
0.004929136145515207,0.004929137009572417,0.004808514465861919,343.8333333333333
0.004927347335736914,0.004927348182028431,0.004804730499960993,343.875
0.004925318444133431,0.00492531936168239,0.004801461655840069,343.9166666666667
0.004923198924682612,0.004923199945061596,0.0047989555108051375,343.9583333333333
0.004921122179917899,0.0049211231068270545,0.00479737828397703,344.0
0.004919209627856048,0.004919210480833316,0.0047968164924597975,344.0416666666667
0.004917570111735399,0.004917570907740793,0.004797278906296871,344.0833333333333
0.004916295922859717,0.004916296663871773,0.004798700496553929,344.125
0.004915457868379115,0.004915458637706518,0.004800951782078036,344.1666666666667
0.00491510087552026,0.004915101516978807,0.004803852034258228,344.2083333333333
0.004915240320750925,0.004915241032085991,0.004807185887299756,344.25
0.004915946569466802,0.004915947339976747,0.004810800592631267,344.2916666666667
0.004917295966203896,0.004917296763829819,0.004814579971775493,344.3333333333333
0.004919072438266402,0.0049190732375320925,0.004818162667814135,344.375
0.004921065449199922,0.0049210662331009535,0.004821237565741059,344.4166666666667
0.0049231232876424435,0.004923124048531018,0.004823595633081102,344.4583333333333
0.004925128771009006,0.004925129503100227,0.004825106710889105,344.5
0.0049269811961820805,0.004926981954271293,0.004825702313721576,344.5416666666667
0.004928592626498153,0.004928593399549563,0.004825370150334358,344.5833333333333
0.0049298928048813135,0.004929893641735178,0.004824156301070568,344.625
0.00493083613456133,0.00493083692468922,0.004822167489218151,344.6666666666667
0.004931393957040942,0.00493139467646623,0.004819556760408251,344.7083333333333
0.00493146244554895,0.00493146309707052,0.004816425762977739,344.75
0.004930741342182315,0.004930741961232018,0.00481269883056403,344.7916666666667
0.004929367356311766,0.004929367973542691,0.004808727646895239,344.8333333333333
0.0049275747668402516,0.00492757542307467,0.00480493958076848,344.875
0.004925542127243517,0.004925542840055822,0.004801666781689581,344.9166666666667
0.004923419202356785,0.00492341993967514,0.004799157086198423,344.9583333333333
0.0049213394071059265,0.004921340175802273,0.004797576877539669,345.0
0.004919424319014612,0.004919425130957641,0.004797012827482623,345.0416666666667
0.004917782854749771,0.004917783661764875,0.004797473347801191,345.0833333333333
0.004916507113933378,0.004916508013161674,0.004798893367456535,345.125
0.004915667898179597,0.004915668916359332,0.00480114349569581,345.1666666666667
0.004915310075067734,0.004915311022595804,0.004804043702791216,345.2083333333333
0.004915448993539379,0.004915449734048858,0.0048073773086427666,345.25
0.004916155627171237,0.0049161563842121244,0.004810992568476032,345.2916666666667
0.004917507210849346,0.004917507981270486,0.004814774260538936,345.3333333333333
0.004919286643042614,0.004919287409313847,0.004818360051074644,345.375
0.004921282570918348,0.004921283321615488,0.004821438011269835,345.4166666666667
0.004923342988402163,0.004923343718920296,0.0048237985364587375,345.4583333333333
0.004925350697684842,0.004925351400334215,0.0048253120610009005,345.5
0.004927205066027151,0.004927205751255739,0.0048259100803639005,345.5416666666667
0.004928818270147361,0.004928819013937833,0.00482558022978844,345.5833333333333
0.004930120167881251,0.0049301209772393524,0.004824368232509076,345.625
0.004931065334150375,0.004931066051296091,0.004822381209103375,345.6666666666667
0.00493162521260568,0.00493162588585697,0.004819772318074817,345.7083333333333
0.004931695441819914,0.004931696059593057,0.00481664257971787,345.75
0.004930973246655424,0.00493097400205468,0.004812914301057171,345.7916666666667
0.004929596377651973,0.004929597049326502,0.004808939883528136,345.8333333333333
0.004927800110568236,0.004927800786864439,0.004805147847624789,345.875
0.004925763643048391,0.004925764412001894,0.004801870935223448,345.9166666666667
0.004923637182296552,0.004923638057209826,0.004799357453664504,345.9583333333333
0.004921554459261362,0.004921555318797972,0.004797773952413563,346.0
0.00491963699189853,0.004919637828534335,0.004797207073415645,346.0416666666667
0.004917993560280377,0.0049179944019928845,0.004797665564292727,346.0833333333333
0.004916716333281871,0.004916717169321831,0.004799084252555233,346.125
0.004915875978380984,0.004915876701392195,0.0048013335478200875,346.1666666666667
0.004915517317054617,0.0049155179260918,0.004804232601553605,346.2083333333333
0.004915655756098949,0.004915656224550596,0.0048075659591837044,346.25
0.004916362742960595,0.004916363330831261,0.004811181973269131,346.2916666666667
0.004917716475543861,0.004917717137876878,0.004814966166710094,346.3333333333333
0.004919498827330716,0.004919499529101769,0.004818555291660394,346.375
0.004921497633038453,0.004921498347674333,0.004821636495023689,346.4166666666667
0.004923560593188264,0.004923561305935567,0.0048240001027407406,346.4583333333333
0.004925570492591984,0.0049255711863246355,0.004825516270833412,346.5
0.004927426777326244,0.004927427462936602,0.004826116297335321,346.5416666666667
0.0049290417254868,0.004929042475214184,0.004825788106133185,346.5833333333333
0.004930345314765393,0.0049303461306928415,0.004824578117331795,346.625
0.004931292280414477,0.004931292998099433,0.004822592928463913,346.6666666666667
0.004931854195184021,0.004931854861445191,0.004819986095958885,346.7083333333333
0.0049319260844242156,0.004931926721413059,0.004816858095066006,346.75
0.004931202963220068,0.004931203603297584,0.004813128717555576,346.7916666666667
0.00492982316102735,0.00492982374869281,0.004809151199521943,346.8333333333333
0.004928023207691293,0.004928023824969033,0.004805355333376761,346.875
0.00492598310722216,0.004925983758763532,0.0048020744951045025,346.9166666666667
0.0049238530581817135,0.004923853995686757,0.004799557389821757,346.9583333333333
0.004921767534966856,0.004921768325172632,0.004797970769467198,347.0
0.004919847589292433,0.004919848428833493,0.00479740132042033,347.0416666666667
0.0049182022598080535,0.004918203239590754,0.004797857778301479,347.0833333333333
0.004916923525536061,0.004916924368817536,0.004799274951151457,347.125
0.004916082029081908,0.004916082870223662,0.00480152290898216,347.1666666666667
0.004915722545254019,0.004915723233588613,0.004804421277745561,347.2083333333333
0.004915860383818094,0.004915860944280197,0.004807753555580038,347.25
0.0049165677275329455,0.004916568385049287,0.004811370563339076,347.2916666666667
0.004917923599559987,0.004917924307332987,0.004815157391902794,347.3333333333333
0.004919708848052028,0.00491970957945194,0.004818749708257514,347.375
0.0049217105044508805,0.004921711238440157,0.00482183398091995,347.4166666666667
0.004923775983204963,0.004923776704337549,0.004824200222142187,347.4583333333333
0.004925788041315867,0.00492578874258002,0.00482571865334555,347.5
0.004927646215617253,0.004927646904797809,0.004826320788610876,347.5416666666667
0.004929262888303204,0.004929263606730484,0.004825994400049954,347.5833333333333
0.004930568133292831,0.004930568936729849,0.00482478555376568,347.625
0.004931516877214902,0.0049315176283091225,0.004822801679931118,347.6666666666667
0.004932080779567729,0.004932081495996933,0.004820196278963535,347.7083333333333
0.004932154308438003,0.004932154989427015,0.00481706934396745,347.75
0.004931430346878854,0.0049314310292995584,0.004813338558876596,347.7916666666667
0.004930047574818032,0.004930048255944267,0.004809357639221857,347.8333333333333
0.004928243966869644,0.004928244659593358,0.00480555761476601,347.875
0.004926200107947085,0.004926200860369752,0.004802272667753123,347.9166666666667
0.00492406695346937,0.0049240677057662075,0.004799751817220903,347.9583333333333
0.004921978350095012,0.004921979124301928,0.004798162069787647,348.0
0.0049200560299506235,0.004920056817230879,0.004797590383804026,348.0416666666667
0.004918408791240909,0.0049184095143786554,0.004798045150768561,348.0833333333333
0.004917128576540423,0.0049171292610241755,0.004799461000837717,348.125
0.004916285960949087,0.004916286693056102,0.004801708272621706,348.1666666666667
0.0049159256546579605,0.004915926423023891,0.004804605678473042,348.2083333333333
0.004916062943144358,0.00491606369682495,0.004807937930921153,348.25
0.004916770632584758,0.004916771408588833,0.004811555331918029,348.2916666666667
0.004918128598686762,0.004918129376620071,0.004815344480758522,348.3333333333333
0.0049199166926224905,0.004919917461283777,0.004818939919910894,348.375
0.004921921151885338,0.0049219218991034385,0.0048220272929730265,348.4166666666667
0.004923989102035828,0.004923989820603113,0.004824396160542827,348.4583333333333
0.00492600328287183,0.004926003976351675,0.004825916684949889,348.5
0.004927863310493416,0.004927863990878128,0.004826520451460636,348.5416666666667
0.004929481668127849,0.004929482379456492,0.004826195385157442,348.5833333333333
0.004930788549485136,0.004930789346508866,0.004824987873116088,348.625
0.004931739038654068,0.004931739791537562,0.004823005437144055,348.6666666666667
0.0049323049293765785,0.004932305670609249,0.0048204016558907326,348.7083333333333
0.00493238010671804,0.004932380857259129,0.004817275825464345,348.75
0.004931655199345481,0.0049316559604737535,0.004813543775990103,348.7916666666667
0.004930269488929324,0.004930270296088912,0.004809559498372168,348.8333333333333
0.004928462290897934,0.00492846307718226,0.004805755377738324,348.875
0.004926414829767282,0.004926415608686128,0.00480246656827457,348.9166666666667
0.004924278303872538,0.004924279096930802,0.00479994230240475,348.9583333333333
0.004922186846494881,0.0049221876578258265,0.004798349588335872,349.0
0.0049202621798911635,0.004920263063456911,0.004797775467818257,349.0416666666667
0.004918613062569254,0.004918613856376831,0.0047982283843077496,349.0833333333333
0.0049173313879332025,0.004917332224215811,0.004799642893756347,349.125
0.004916487677049795,0.00491648856102708,0.004801889307404067,349.1666666666667
0.0049161265448223555,0.004916127378663779,0.004804786617396103,349.2083333333333
0.004916263286446924,0.0049162639208320405,0.004808119255129455,349.25
0.004916971293914561,0.004916971979194746,0.004811737342285584,349.2916666666667
0.004918331314043267,0.0049183320293727665,0.0048155288725765825,349.3333333333333
0.00492012221136927,0.004920122932479088,0.004819127453209669,349.375
0.004922129433183592,0.004922130145229146,0.004822217903390833,349.4166666666667
0.0049241998177557075,0.004924200509979448,0.004824589675467476,349.4583333333333
0.00492621608750004,0.004926216760088152,0.00482611257091847,349.5
0.004928077937643349,0.004928078597046709,0.00482671829905836,349.5416666666667
0.004929697953249762,0.004929698667767531,0.004826394938237085,349.5833333333333
0.004931006447786201,0.004931007239199532,0.004825189151120557,349.625
0.0049319586629913365,0.004931959409438294,0.004823208249460046,349.6666666666667
0.004932526513582085,0.004932527232339959,0.004820606194196485,349.7083333333333
0.004932603308107375,0.004932604013070677,0.004817481744486845,349.75
0.004931877387428471,0.004931878145807109,0.004813748190604663,349.7916666666667
0.004930488930364602,0.004930489615207783,0.004809760835863038,349.8333333333333
0.004928678147781409,0.004928678838078664,0.004805953178258327,349.875
0.004926627044480932,0.004926627767333544,0.004802660606982501,349.9166666666667
0.004924487146148988,0.004924487968079351,0.0048001330048141645,349.9583333333333
0.004922392889767231,0.004922393700872408,0.004798537550445049,350.0
0.004920465922220646,0.0049204667378674296,0.004797960998023169,350.0416666666667
0.004918814956432806,0.004918815777638245,0.0047984115333472195,350.0833333333333
0.0049175318602208895,0.0049175327194894425,0.004799824437736149,350.125
0.004916687051593813,0.004916687763876082,0.004802069416713367,350.1666666666667
0.004916325110150838,0.004916325852497415,0.0048049659552321855,350.2083333333333
0.004916461286562037,0.004916462038456074,0.004808298286839469,350.25
0.004917169592416313,0.004917170367508612,0.004811916984056569,350.2916666666667
0.004918531628044752,0.004918532408611056,0.004815710814456688,350.3333333333333
0.004920325289706701,0.0049203260631954515,0.004819312413583413,350.375
0.004922335235713277,0.004922335993553528,0.004822405892431552,350.4166666666667
0.004924408017777896,0.004924408753550447,0.004824780323147516,350.4583333333333
0.004926426340684595,0.004926427052828407,0.00482630549178239,350.5
0.004928289996382639,0.004928290698446112,0.004826913156913215,350.5416666666667
0.004929911624885443,0.004929912363290169,0.004826591502593771,350.5833333333333
0.004931221719859662,0.004931222465738238,0.0048253871303257645,350.625
0.004932175644507211,0.00493217636203781,0.004823407957826057,350.6666666666667
0.0049327454543999965,0.004932746146035198,0.0048208077580064795,350.7083333333333
0.004932823857208603,0.0049328245411765885,0.004817684741185559,350.75
0.004932097000129411,0.004932097729866328,0.004813950463954445,350.7916666666667
0.004930705709205828,0.00493070637273669,0.0048099604813267305,350.8333333333333
0.004928891387370264,0.0049288920577702745,0.004806149295018362,350.875
0.004926836708571511,0.004926837426442933,0.004802853101071629,350.9166666666667
0.004924693546202042,0.0049246943696332765,0.004800322029233372,350.9583333333333
0.004922596494643625,0.004922597302006759,0.004798723567533108,351.0
0.004920667235063149,0.0049206680445334095,0.004798144831287323,351.0416666666667
0.004919014446764487,0.004919015273765848,0.004798594152567573,351.0833333333333
0.004917729931979922,0.004917730790049741,0.004800006023352086,351.125
0.004916884038032277,0.0049168847418231834,0.004802250437168063,351.1666666666667
0.004916521290433205,0.004916522028599426,0.004805146670814552,351.2083333333333
0.004916656913363476,0.004916657489200575,0.004808478794333995,351.25
0.004917365511628356,0.00491736618683124,0.004812098113712636,351.2916666666667
0.004918729530251507,0.004918730255868198,0.004815894166847403,351.3333333333333
0.004920525907141146,0.004920526645347463,0.004819498690666973,351.375
0.004922538530059719,0.004922539259050793,0.0048225949396548395,351.4166666666667
0.004924613664394319,0.004924614377401055,0.0048249717800683345,351.4583333333333
0.004926634006873466,0.004926634697508205,0.004826499221763984,351.5
0.004928499410713804,0.004928500133591525,0.004827109014014086,351.5416666666667
0.004930122644266352,0.004930123404331819,0.004826789167111818,351.5833333333333
0.004931434301855678,0.004931435060024721,0.00482558669104014,351.625
0.0049323898940018445,0.004932390605167206,0.0048236091537338975,351.6666666666667
0.004932961586399012,0.004932962260204578,0.004821010660068649,351.7083333333333
0.004933041532896018,0.0049330421699843455,0.0048178888637319985,351.75
0.004932313805481042,0.004932314439305529,0.004814153272896767,351.7916666666667
0.004930919643418687,0.004930920289876661,0.004810160186714443,351.8333333333333
0.004929101811628732,0.0049291024874679856,0.004806345270557084,351.875
0.004927043621179586,0.004927044329678547,0.004803045141797163,351.9166666666667
0.004924897342463837,0.0049248980651065205,0.004800510683729889,351.9583333333333
0.004922797505627933,0.004922798270035719,0.004798909367361143,352.0
0.004920865961048287,0.004920866821607397,0.004798328207715784,352.0416666666667
0.004919211406202425,0.004919212168167028,0.004798775613169572,352.0833333333333
0.004917925486566466,0.004917926186675042,0.004800185992369112,352.125
0.004917078515105815,0.004917079282926257,0.004802429571435,352.1666666666667
0.00491671498051041,0.0049167157930632465,0.004805324966786316,352.2083333333333
0.004916850058134965,0.004916850675411205,0.004808656686617647,352.25
0.004917558941222795,0.004917559620901669,0.004812276439014688,352.2916666666667
0.004918924901614267,0.004918925615930414,0.0048160746051503465,352.3333333333333
0.004920723944170719,0.004920724668741663,0.004819681954068827,352.375
0.00492273919553026,0.004922739908422216,0.004822781018392718,352.4166666666667
0.004924816641354083,0.004924817336648452,0.004825160301398571,352.4583333333333
0.004926838963983744,0.004926839634656337,0.004826689814788929,352.5
0.004928706079667077,0.004928706740141296,0.004827301437515102,352.5416666666667
0.004930330879255657,0.004930331576711375,0.004826983325917505,352.5833333333333
0.004931644061270939,0.004931644823987221,0.0048257820416321776,352.625
0.004932601295227907,0.004932602010616529,0.00482380578100009,352.6666666666667
0.004933174863346357,0.004933175568184813,0.004821208639452149,352.7083333333333
0.004933256337460335,0.004933257079607036,0.004818087891786261,352.75
0.004932527643667496,0.004932528431462361,0.004814350849658414,352.7916666666667
0.004931130681848696,0.004931131493577401,0.0048103545101220845,352.8333333333333
0.004929309429260953,0.004929310237439006,0.004806535781562473,352.875
0.0049272477866022036,0.004927248593000448,0.004803232137464318,352.9166666666667
0.004925098337655791,0.004925099150530855,0.00480069430154656,352.9583333333333
0.004922995802065329,0.004922996617959989,0.004799090046394403,353.0
0.004921062052894781,0.004921062883980818,0.0047985063846748026,353.0416666666667
0.004919405727874523,0.004919406554491575,0.004798951838857628,353.0833333333333
0.004918118434067554,0.004918119313724492,0.004800360738489123,353.125
0.004917270415200326,0.004917271322824815,0.0048026025453915,353.1666666666667
0.004916906095658838,0.0049169069143702206,0.004805497189782765,353.2083333333333
0.004917040605187429,0.004917041392653113,0.004808827831637038,353.25
0.0049177497647826035,0.004917750536224674,0.004812448395652358,353.2916666666667
0.004919117631395008,0.004919118395320907,0.004816248998570748,353.3333333333333
0.004920919294157515,0.004920920043402676,0.004819859571219078,353.375
0.004922937129164963,0.004922937851805402,0.004822961757516517,353.4166666666667
0.004925016843796129,0.0049250175410057336,0.0048253437149038125,353.4583333333333
0.00492704110306037,0.004927041785552125,0.004826875373909425,353.5
0.0049289099025216785,0.004928910577210512,0.004827488672796476,353.5416666666667
0.0049305362321638785,0.0049305369546017025,0.004827172057655938,353.5833333333333
0.004931850907212401,0.004931851612094723,0.004825972249537596,353.625
0.004932809753025665,0.004932810431144013,0.00482399759363166,353.6666666666667
0.00493338517599565,0.0049333858402292475,0.004821402154462947,353.7083333333333
0.004933468184426618,0.004933468831377921,0.004818282689842184,353.75
0.004932738578392787,0.0049327391589093494,0.004814544385696649,353.7916666666667
0.004931338923667668,0.004931339499365312,0.0048105448781947165,353.8333333333333
0.00492951425782208,0.0049295148611102945,0.00480672234730716,353.875
0.00492744911038578,0.004927449836913018,0.0048034149754531495,353.9166666666667
0.004925296573184665,0.004925297292973623,0.004800873763416014,353.9583333333333
0.004923191351985084,0.004923192107667589,0.004799266849012094,354.0
0.004921255425097671,0.004921256179348307,0.004798681071981782,354.0416666666667
0.004919597356254744,0.004919598052749924,0.0047991249332979095,354.0833333333333
0.004918308716573431,0.004918309364551265,0.00480053275977882,354.125
0.004917459652732104,0.004917460376928246,0.004802774273565893,354.1666666666667
0.004917094532453251,0.004917095320973898,0.004805669077390846,354.2083333333333
0.00491722851349787,0.004917229116449886,0.004808999555272628,354.25
0.00491793789324804,0.004917938556762067,0.004812620696772994,354.2916666666667
0.004919307620144923,0.004919308313603067,0.0048164234146820615,354.3333333333333
0.004921111852763201,0.004921112556160344,0.0048200366456217815,354.375
0.004923132223901042,0.00492313291714036,0.004823141478114725,354.4166666666667
0.004925214169373183,0.004925214844039957,0.004825525795060806,354.4583333333333
0.004927240324353562,0.004927240981140195,0.004827059521227794,354.5
0.004929110773227156,0.004929111454570757,0.004827674461092816,354.5416666666667
0.0049307386082987625,0.004930739306827124,0.0048273591043154,354.5833333333333
0.004932054738298294,0.004932055546427254,0.004826160776655628,354.625
0.0049330151699531755,0.004933015887339911,0.00482418765933162,354.6666666666667
0.004933592382717362,0.004933593033685246,0.004821593830946144,354.7083333333333
0.00493367683782301,0.004933677459850449,0.004818475507873114,354.75
0.004932946317774586,0.004932946941561249,0.0048147360181778134,354.7916666666667
0.004931543940500586,0.0049315445632227,0.004810733625187532,354.8333333333333
0.00492971590339868,0.0049297165569759955,0.004806907504043302,354.875
0.004927647439621409,0.004927648145391269,0.004803596503072041,354.9166666666667
0.004925491812394873,0.004925492531864351,0.004801052128423188,354.9583333333333
0.004923383988227226,0.004923384678002549,0.004799442352264427,355.0
0.004921445908913025,0.00492144660610284,0.004798854271936945,355.0416666666667
0.004919786161569963,0.00491978680426786,0.004799296134618707,355.0833333333333
0.004918496192796594,0.004918496817973616,0.004800702609953611,355.125
0.004917646104669963,0.004917646770555876,0.0048029431423560216,355.1666666666667
0.0049172802207406024,0.004917280780630732,0.004805837387711496,355.2083333333333
0.004917413652882238,0.004917414150022255,0.004809168378112477,355.25
0.004918123249941005,0.004918123850720562,0.004812789835372848,355.2916666666667
0.00491949479245449,0.004919495450322508,0.004816594572377812,355.3333333333333
0.004921301544499722,0.0049213022283965055,0.004820210555986218,355.375
0.004923324403779378,0.0049233250866170105,0.004823318073587084,355.4166666666667
0.004925408532037284,0.004925409201844366,0.00482570455927843,355.4583333333333
0.004927436547605225,0.004927437216243678,0.004827240106994698,355.5
0.004929308609966026,0.004929309277163792,0.004827856836607302,355.5416666666667
0.00493093791249624,0.004930938623761085,0.0048275431807590224,355.5833333333333
0.004932255482632994,0.004932256189640925,0.0048263460440304135,355.625
0.004933217469256301,0.004933218148515069,0.004824374034476681,355.6666666666667
0.004933796460100209,0.004933797133070644,0.0048217816530554064,355.7083333333333
0.004933882354831736,0.0049338830565018085,0.0048186642845687725,355.75
0.004933150837189013,0.004933151609935983,0.004814923382976227,355.7916666666667
0.0049317458348950285,0.004931746570426782,0.004810917940963561,355.8333333333333
0.004929914510483218,0.004929915251383386,0.004807088287261913,355.875
0.004927842768290746,0.0049278434779385155,0.004803773796827237,355.9166666666667
0.004925683858250895,0.00492568483671593,0.004801226213224249,355.9583333333333
0.0049235736553113665,0.004923574468285371,0.0047996137587763095,356.0
0.00492163347582298,0.004921634369539812,0.004799023763843649,356.0416666666667
0.004919972068487566,0.004919972851456967,0.004799464365919293,356.0833333333333
0.004918680809400138,0.004918681516886889,0.004800869771057529,356.125
0.004917829712017596,0.004917830454541608,0.004803109885493061,356.1666666666667
0.004917463063678812,0.004917463683029801,0.004806003087958774,356.2083333333333
0.004917595909261307,0.00491759643817299,0.004809333133929574,356.25
0.004918305745706275,0.004918306372933604,0.004812955491528552,356.2916666666667
0.004919679079377783,0.004919679755600817,0.00481676255889837,356.3333333333333
0.004921488306836999,0.004921489002122608,0.00482038145869453,356.375
0.004923513605539033,0.004923514295559894,0.004823491790409878,356.4166666666667
0.004925599854270579,0.00492560054457124,0.004825880876499078,356.4583333333333
0.004927629702138171,0.00492763037299974,0.004827418668752364,356.5
0.004929503377883971,0.00492950400320334,0.004828037119904402,356.5416666666667
0.004931134125563347,0.0049311347789766456,0.004827724954332981,356.5833333333333
0.00493245308211632,0.004932453747129854,0.004826529323843019,356.625
0.0049334165844451125,0.004933417227551735,0.0048245587824330294,356.6666666666667
0.004933997310513157,0.004933997953366498,0.004821967813230092,356.7083333333333
0.00493408460908238,0.004934085286220644,0.004818851627122099,356.75
0.004933352191231567,0.004933352910063431,0.004815109646791799,356.7916666666667
0.004931944511821889,0.004931945224257692,0.004811101451598657,356.8333333333333
0.004930109931784967,0.00493011064777953,0.004807268390642538,356.875
0.004928034825088285,0.0049280356358225195,0.0048039505552459946,356.9166666666667
0.004925873256961544,0.0049258740332196755,0.004801399879872785,356.9583333333333
0.004923760331337397,0.0049237610741326085,0.004799784848034569,357.0
0.004921818112748236,0.004921818831026024,0.004799192443386405,357.0416666666667
0.0049201550484838106,0.004920155718839855,0.004799631099416258,357.0833333333333
0.004918862508888353,0.004918863145837303,0.004801034995271368,357.125
0.004918010427816318,0.004918011095865419,0.004803273744554628,357.1666666666667
0.004917643012318493,0.004917643580021846,0.004806166926230689,357.2083333333333
0.004917775322022979,0.004917775836534539,0.004809496652050413,357.25
0.004918485344192782,0.004918485954520367,0.004813119464621845,357.2916666666667
0.00491986039679574,0.004919861061424824,0.004816928512742935,357.3333333333333
0.0049216720310725414,0.004921672718478287,0.004820550072246198,357.375
0.004923699712065917,0.004923700395509214,0.004823662999983718,357.4166666666667
0.004925788062810853,0.004925788733015051,0.004826054432021127,357.4583333333333
0.0049278196753647415,0.0049278203238335054,0.004827594123919158,357.5
0.004929694846121413,0.0049296954865351884,0.004828214173175946,357.5416666666667
0.0049313269676830125,0.004931327646059223,0.004827903171760565,357.5833333333333
0.004932647320377566,0.00493264806631855,0.004826708561736059,357.625
0.004933612317187903,0.004933613021885688,0.004824739160307299,357.6666666666667
0.00493419475675673,0.004934195457885434,0.004822149520932469,357.7083333333333
0.004934283440244712,0.004934284156394094,0.004819034256840048,357.75
0.0049335500331169424,0.004933550804970738,0.004815290854396165,357.7916666666667
0.004932139821521514,0.004932140538838675,0.004811279577323615,357.8333333333333
0.004930302045017236,0.004930302764046448,0.004807443057819708,357.875
0.0049282237981188555,0.004928224545023017,0.004804121793386964,357.9166666666667
0.0049260591524607125,0.00492606003675753,0.004801568041457268,357.9583333333333
0.00492394383543908,0.004923944657629553,0.004799950411724692,358.0
0.004921999617016807,0.0049220004281606495,0.004799356128959101,358.0416666666667
0.0049203349487700315,0.004920335709638353,0.004799793429732246,358.0833333333333
0.004919041164357947,0.004919041825413806,0.004801196411031727,358.125
0.004918188112787507,0.004918188790419482,0.00480343451585825,358.1666666666667
0.004917819952458709,0.004917820675361055,0.004806326729614011,358.2083333333333
0.0049179516991510065,0.00491795236855378,0.0048096557754803435,358.25
0.004918661886282777,0.004918662609097456,0.004813279416844714,358.2916666666667
0.004920038624563939,0.004920039368497572,0.004817090617146987,358.3333333333333
0.0049218526189138126,0.004921853357908679,0.004820714860204056,358.375
0.004923882634077377,0.004923883352475055,0.004823830391861376,358.4166666666667
0.004925973028947161,0.00492597372233171,0.004826223874987023,358.4583333333333
0.004928006376397107,0.004928007039357266,0.004827765292021389,358.5
0.00492988304627178,0.004929883693742291,0.00482838694329814,358.5416666666667
0.0049315165299483685,0.0049315172119723544,0.00482807749974923,358.5833333333333
0.004932838223331208,0.0049328389301463065,0.004826884236151751,358.625
0.0049338046796651444,0.004933805365602406,0.004824916170481993,358.6666666666667
0.0049343887903690615,0.004934389468330522,0.004822328129943664,358.7083333333333
0.004934478815632277,0.004934479504356065,0.004819213999901275,358.75
0.004933744591512312,0.004933745296473582,0.00481546949455406,358.7916666666667
0.004932331762294466,0.004932332434622582,0.004811455512790963,358.8333333333333
0.00493049083098736,0.004930491494098032,0.00480761562196079,358.875
0.004928409362885787,0.0049284101191141745,0.0048042907605214185,358.9166666666667
0.004926242032511967,0.004926242758355811,0.004801734080465047,358.9583333333333
0.004924124205690111,0.004924124958374639,0.004800114125241289,359.0
0.004922177990267781,0.004922178759449482,0.004799517935898034,359.0416666666667
0.004920511757876669,0.00492051255092366,0.004799953555841207,359.0833333333333
0.004919216739702386,0.004919217547302142,0.004801355321704197,359.125
0.004918362728350087,0.004918363414641645,0.004803592820559481,359.1666666666667
0.004917993826221268,0.004917994804275273,0.004806484495804921,359.2083333333333
0.004918125023606159,0.004918125918646324,0.004809813823566131,359.25
0.004918835409362877,0.0049188362356550755,0.004813437651814455,359.2916666666667
0.004920213801799783,0.004920214578854523,0.00481725061077287,359.3333333333333
0.004922030097412791,0.004922030835285024,0.004820877342357902,359.375
0.00492406238199623,0.004924063082145881,0.004823995336437184,359.4166666666667
0.004926154744916639,0.004926155428612888,0.004826391191917633,359.4583333333333
0.00492818978411054,0.004928190422948391,0.004827934686438681,359.5
0.004930067948840878,0.0049300685262367696,0.004828557916816357,359.5416666666667
0.004931702786819655,0.004931703320158878,0.004828249612703141,359.5833333333333
0.0049330257952752464,0.004933026393738708,0.004827057512445334,359.625
0.004933993619518871,0.00493399424177068,0.004825090820032833,359.6666666666667
0.004934579313286355,0.004934579988893469,0.004822504131919092,359.7083333333333
0.004934670624495695,0.004934671338104773,0.004819390947390207,359.75
0.00493393540835842,0.004933936159544167,0.004815644952739502,359.7916666666667
0.0049325200997174705,0.004932520821103911,0.004811627965612206,359.8333333333333
0.0049306760711870685,0.004930676804618225,0.0048077846597992056,359.875
0.004928591555351447,0.004928592322089639,0.004804456728953305,359.9166666666667
0.0049264213325325955,0.004926422169401882,0.004801897092990526,359.9583333333333
0.00492430117967613,0.004924302001091546,0.004800274537451912,360.0
0.0049223530649531,0.004922353877427895,0.004799676272552969,360.0416666666667
0.004920685300641868,0.004920686118907814,0.004800110273364749,360.0833333333333
0.004919389094190108,0.004919389831330287,0.004801510980864098,360.125
0.004918534155859206,0.0049185347856791906,0.0048037475577091615,360.1666666666667
0.004918164529153753,0.004918165219719263,0.004806638786394235,360.2083333333333
0.004918295216059569,0.004918295869581443,0.004809967826841839,360.25
0.004919005701815478,0.004919006386556173,0.0048135920920113606,360.2916666666667
0.0049203856617734704,0.004920386364603899,0.0048174069341742854,360.3333333333333
0.004922204192292375,0.0049222048959918436,0.004821036162671896,360.375
0.004924238697333162,0.004924239392467181,0.004824156595837562,360.4166666666667
0.004926333019319719,0.004926333698418325,0.00482655459026288,360.4583333333333
0.004928369692832538,0.004928370343954551,0.004828099877829944,360.5
0.00493024923268872,0.0049302498716777,0.004828724628148662,360.5416666666667
0.004931885324292153,0.004931886015586663,0.0048284176230384045,360.5833333333333
0.00493320959037974,0.004933210342328325,0.00482722680272232,360.625
0.004934178817972622,0.0049341795620109,0.00482526124590525,360.6666666666667
0.004934766160003029,0.004934766868745274,0.004822675918308673,360.7083333333333
0.004934858814885389,0.004934859458605268,0.004819563617812658,360.75
0.004934122807721124,0.004934123317564444,0.004815816548185542,360.7916666666667
0.004932704937004256,0.004932705511713596,0.004811796805744313,360.8333333333333
0.004930857860079875,0.004930858473010921,0.004807950298163899,360.875
0.004928770340563488,0.004928770979265381,0.004804619392013772,360.9166666666667
0.0049265974345198095,0.004926598112929739,0.0048020569283556795,360.9583333333333
0.004924474929048309,0.004924475635336999,0.004800431908874625,361.0
0.004922524888583373,0.0049225256037188,0.004799831676555682,361.0416666666667
0.004920855635734796,0.00492085630812051,0.004800264310689842,361.0833333333333
0.004919558237437461,0.0049195588474625325,0.004801663924004094,361.125
0.004918702370676058,0.004918703006480954,0.004803899712833677,361.1666666666667
0.004918332039234476,0.004918332715538444,0.004806790429734113,361.2083333333333
0.0049184621742184775,0.0049184628490147745,0.00481011924293127,361.25
0.004919172776656775,0.004919173506354733,0.0048137439627394685,361.2916666666667
0.004920554272406318,0.004920555018854788,0.004817560610191713,361.3333333333333
0.004922374980857663,0.004922375722601334,0.004821192249947014,361.375
0.004924411644868619,0.004924412364096577,0.004824315080895908,361.4166666666667
0.004926507853146477,0.004926508546285762,0.00482671495424528,361.4583333333333
0.004928546120249993,0.00492854678292122,0.004828261732985791,361.5
0.004930427034392759,0.004930427680425011,0.004828887875254527,361.5416666666667
0.004932064375222507,0.00493206505206131,0.004828582281726586,361.5833333333333
0.004933389869009004,0.004933390614375902,0.004827392570779547,361.625
0.004934360455802577,0.0049343611928690115,0.004825428164640345,361.6666666666667
0.004934949352268738,0.004934950080455948,0.004822844154251383,361.7083333333333
0.004935043237335565,0.004935043920736525,0.004819732917409531,361.75
0.004934306322262334,0.004934306992791936,0.004815984904488914,361.7916666666667
0.00493288607132197,0.004932886686841674,0.0048119627715629085,361.8333333333333
0.004931036024488983,0.004931036620841974,0.004808113170332974,361.875
0.004928945430222488,0.0049289461396657755,0.00480477868581637,361.9166666666667
0.004926769924673482,0.004926770617921767,0.004802213138005921,361.9583333333333
0.004924645144254846,0.004924645872866867,0.004800585286479903,362.0
0.004922693289319833,0.004922694012819812,0.004799982034244219,362.0416666666667
0.00492102256224798,0.004921023435441864,0.004800412557828403,362.0833333333333
0.004919724033204951,0.004919724784266008,0.0048018103177635005,362.125
0.004918867266300154,0.0049188680123960615,0.004804045328616588,362.1666666666667
0.004918496210297711,0.0049184968278884545,0.004806936233614307,362.2083333333333
0.004918625782262408,0.004918626292503059,0.004810265362894813,362.25
0.004919336495292625,0.004919337125981653,0.004813890435526389,362.2916666666667
0.004920719483384019,0.004920720182378213,0.004817708967546323,362.3333333333333
0.004922542314219135,0.0049225430345244065,0.004821343152013429,362.375
0.004924581083430682,0.004924581802369129,0.004824468439172619,362.4166666666667
0.004926679131043807,0.004926679832976877,0.0048268706001413616,362.4583333333333
0.004928718939874022,0.004928719621581245,0.004828419285786135,362.5
0.004930601200325447,0.004930601864976235,0.0048290467865669175,362.5416666666667
0.004932239737778854,0.004932240461567035,0.0048287422491823774,362.5833333333333
0.0049335664270263304,0.0049335671446012605,0.004827553696841828,362.625
0.004934538334816919,0.004934539057095615,0.0048255907533710845,362.6666666666667
0.004935128749763884,0.004935129455382117,0.004823007794180933,362.7083333333333
0.004935223798421959,0.004935224499068233,0.004819897145369245,362.75
0.004934485949893509,0.004934486713157377,0.004816147778199671,362.7916666666667
0.004933063343640951,0.004933064013260243,0.0048121228266403355,362.8333333333333
0.00493121038100044,0.00493121106251899,0.004808269883567659,362.875
0.004929116926678134,0.004929117676961344,0.00480493251865826,362.9166666666667
0.0049269387517015244,0.004926939513600696,0.0048023643713914965,362.9583333333333
0.004924811771835778,0.004924812557371076,0.004800734831951649,363.0
0.004922858152284249,0.004922858883228062,0.004800130962173059,363.0416666666667
0.004921186017561904,0.004921186781341223,0.004800560985970027,363.0833333333333
0.00491988638484832,0.004919887064415764,0.00480195862119913,363.125
0.004919028747479897,0.004919029473210201,0.004804193231669538,363.1666666666667
0.004918657005194881,0.004918658002628738,0.004807082579192526,363.2083333333333
0.004918786048309348,0.004918786939112599,0.0048104109931604655,363.25
0.00491949687206446,0.0049194977184018746,0.004814036430159851,363.2916666666667
0.004920881304023565,0.004920882114227351,0.004817856654079453,363.3333333333333
0.004922706190335131,0.004922706962653381,0.004821493181211472,363.375
0.004924746998363602,0.004924747728469706,0.004824620776116507,363.4166666666667
0.004926846822503801,0.004926847515533721,0.004827024981593837,363.4583333333333
0.004928888137581446,0.004928888792622235,0.004828575276917473,363.5
0.004930771667655802,0.004930772301915558,0.004829204106423181,363.5416666666667
0.004932411384357657,0.004932412074686105,0.004828900715825564,363.5833333333333
0.004933739243108251,0.004933739973703203,0.004827713099614133,363.625
0.004934712464075282,0.004934713142010712,0.004825750897257593,363.6666666666667
0.004935304339292962,0.004935305001800502,0.004823169224877607,363.7083333333333
0.004935400505265143,0.004935401156262119,0.00482005959759375,363.75
0.004934661755610042,0.004934662435055486,0.00481630912078283,363.7916666666667
0.004933236793923338,0.004933237419018817,0.004812281707051488,363.8333333333333
0.004931380974971628,0.00493138159737081,0.004808425889840923,363.875
0.004929284687672572,0.004929285425016117,0.004805085734592522,363.9166666666667
0.004927103974738302,0.004927104720406089,0.004802515160656243,363.9583333333333
0.0049249748500065395,0.0049249756222633405,0.004800883351628879,364.0
0.004923019494686179,0.004923020247593517,0.004800277775331584,364.0416666666667
0.00492134598670641,0.004921346778064982,0.004800706468918743,364.0833333333333
0.004920045274900483,0.004920046067753302,0.0048021031564174635,364.125
0.004919186783096245,0.004919187448760612,0.004804336871474063,364.1666666666667
0.004918814359968806,0.004918815042513807,0.004807226764653184,364.2083333333333
0.004918942885959757,0.0049189435615536676,0.004810555474969985,364.25
0.004919653766275318,0.004919654472605236,0.004814181093417306,364.2916666666667
0.004921039577537372,0.004921040295098705,0.004818002784718306,364.3333333333333
0.004922866452390015,0.004922867162840211,0.004821641313461101,364.375
0.00492490923832389,0.00492490992712172,0.004824770922677393,364.4166666666667
0.0049270107875376236,0.00492701145232915,0.004827176696290356,364.4583333333333
0.004929053553856027,0.0049290542036824125,0.004828728387188818,364.5
0.004930938328671591,0.0049309389706068,0.004829358619696901,364.5416666666667
0.004932579176115185,0.004932579863295949,0.004829056528991881,364.5833333333333
0.004933908158273275,0.004933908828581646,0.004827870069507915,364.625
0.004934882579773055,0.0049348832659654816,0.004825909029438165,364.6666666666667
0.004935475892924935,0.004935476580902323,0.004823328742231284,364.7083333333333
0.004935573229784851,0.004935573870463602,0.004820220074611698,364.75
0.004934833680669066,0.00493483430020767,0.004816468532270928,364.7916666666667
0.004933406324014279,0.004933406964894419,0.004812438663951079,364.8333333333333
0.004931547718625486,0.004931548338302717,0.00480857996247533,364.875
0.004929448726659716,0.004929449370582236,0.004805236526216504,364.9166666666667
0.004927265531028806,0.004927266197310083,0.004802662987092142,364.9583333333333
0.0049251807116692465,0.004925172561801329,0.004801059994536045,365.0
